timestamp_us,phase_onnx,raw_phase_onnx,stride_rate_hz_onnx,cos_value_onnx,sin_value_onnx,total_predictions_onnx,phase_keras,raw_phase_keras,stride_rate_hz_keras,cos_value_keras,sin_value_keras,total_predictions_keras,phase_error_cycle,phase_error_percent,phase_abs_error_percent
608784152,0.7013874964166926,0.7013874964166926,1.278629183769226,-0.3217041790485382,-1.0202841758728027,1,0.7013875249115291,0.7013875249115291,1.278628945350647,-0.3217039406299591,-1.0202840566635132,1,2.8494836490366993e-08,2.8494836490366993e-06,2.8494836490366993e-06
608817486,0.7439952012150731,0.6950775457027147,1.278231143951416,-0.3658485114574432,-1.017738938331604,2,0.7439952257362666,0.6950775480226647,1.2782310247421265,-0.36584845185279846,-1.0177388191223145,2,2.4521193520143925e-08,2.4521193520143925e-06,2.4521193520143925e-06
608850820,0.7865890817095087,0.66155194604819,1.2778164148330688,-0.663857638835907,-1.0689715147018433,3,0.7865891062307022,0.6615519875745026,1.2778164148330688,-0.6638574004173279,-1.0689717531204224,3,2.4521193520143925e-08,2.4521193520143925e-06,2.4521193520143925e-06
608884154,0.8277852769940343,0.6318737738778084,1.2358858585357666,-0.8927456736564636,-0.9733928442001344,4,0.8277853015152278,0.6318737791710327,1.2358858585357666,-0.8927456140518188,-0.9733928442001343,4,2.4521193520143925e-08,2.4521193520143925e-06,2.4521193520143925e-06
608917488,0.8678734537213292,0.6202415011672469,1.2026453018188477,-0.9512094259262084,-0.8959651589393616,5,0.8678734782425227,0.6202415117362049,1.2026453018188477,-0.9512094259262085,-0.8959652781486511,5,2.4521193520143925e-08,2.4521193520143925e-06,2.4521193520143925e-06
608950822,0.9080573634554192,0.6176159913368104,1.205517292022705,-0.961180865764618,-0.8758886456489563,6,0.9080573840029699,0.6176159805528314,1.2055171728134155,-0.9611808657646179,-0.8758885264396667,6,2.054755066094316e-08,2.054755066094316e-06,2.054755066094316e-06
608984156,0.9476748899866388,0.6102185066622625,1.1885257959365845,-0.9655374884605408,-0.8009974360466003,7,0.9476749105341894,0.6102185046787454,1.1885257959365845,-0.9655373692512512,-0.8009973168373108,7,2.0547550549920857e-08,2.0547550549920857e-06,2.0547550549920857e-06
609017490,0.9883572217076269,0.6372749308874763,1.220469951629639,-0.7870775461196899,-0.9189148545265198,8,0.9883572422551774,0.637274903676603,1.2204699516296387,-0.7870776653289795,-0.9189146757125854,8,2.0547550549920857e-08,2.0547550549920857e-06,2.0547550549920857e-06
609050824,0.0239473577588047,0.818030859406751,1.0677040815353394,0.546782374382019,-1.2002979516983032,9,0.023947378306355294,0.818030892132407,1.0677040815353394,0.5467826724052429,-1.2002979516983032,9,2.0547550549920857e-08,2.0547550549920857e-06,2.0547550549920857e-06
609084158,0.0549635645001377,0.9092591686717116,0.9304862022399902,1.332245707511902,-0.8541935086250305,10,0.05496358902133129,0.9092591442130296,0.9304863214492798,1.3322453498840332,-0.8541935682296753,10,2.4521193631166227e-08,2.4521193631166227e-06,2.4521193631166227e-06
609117492,0.0826829211164758,0.9244714873766756,0.8315806984901428,1.2230380773544312,-0.628293514251709,11,0.08268294762449088,0.9244714624925476,0.8315807580947876,1.223037838935852,-0.6282936334609985,11,2.650801511627776e-08,2.650801511627776e-06,2.650801511627776e-06
609150826,0.1069222108770654,0.9920691953848612,0.727178692817688,1.1754132509231567,-0.0586202107369899,12,0.10692223937190197,0.9920692378437662,0.7271787524223328,1.175413727760315,-0.058619920164346695,12,2.8494836601389295e-08,2.8494836601389295e-06,2.8494836601389295e-06
609184160,0.1305534414885517,0.1305534414885517,0.748837947845459,0.9816124439239502,1.0526224374771118,13,0.13055343054730123,0.13055343054730123,0.748837947845459,0.9816128015518188,1.052622675895691,13,-1.0941250461193874e-08,-1.0941250461193874e-06,1.0941250461193874e-06
609217494,0.139148855061384,0.139148855061384,0.7876598834991455,1.1975185871124268,1.4318904876708984,14,0.13914883691540764,0.13914883691540758,0.7876601219177246,1.197519063949585,1.4318907260894775,14,-1.8145976388161955e-08,-1.8145976388161955e-06,1.8145976388161955e-06
609250828,0.1661433138957143,0.1404370103157355,0.8098337650299072,1.2473020553588867,1.5161864757537842,15,0.16614329574973788,0.14043699623546604,0.8098337650299072,1.247302770614624,1.516187071800232,15,-1.8145976388161955e-08,-1.8145976388161955e-06,1.8145976388161955e-06
609284162,0.1930650947998484,0.1411125047252819,0.8076534271240234,1.2453796863555908,1.527013659477234,16,0.19306508062751498,0.14111249726363526,0.807653546333313,1.2453798055648804,1.5270136594772339,16,-1.4172333417938887e-08,-1.4172333417938887e-06,1.4172333417938887e-06
609317496,0.2195089775831024,0.1494689303992362,0.7933164834976196,1.1016520261764526,1.5057026147842407,17,0.21950895943712598,0.1494689221920715,0.7933163642883301,1.1016521453857422,1.5057026147842407,17,-1.8145976388161955e-08,-1.8145976388161955e-06,1.8145976388161955e-06
609350830,0.2460602083315969,0.1654014092495987,0.796536922454834,0.837182343006134,1.4237815141677856,18,0.24606019018562045,0.16540136643316836,0.796536922454834,0.8371829986572266,1.4237817525863647,18,-1.8145976443673106e-08,-1.8145976443673106e-06,1.8145976443673106e-06
609384164,0.2728455343356252,0.203320949114195,0.8035597801208496,0.3985158205032348,1.3195769786834717,19,0.2728455102291843,0.20332093593803416,0.8035596013069153,0.3985159397125244,1.3195769786834717,19,-2.410644089900771e-08,-2.410644089900771e-06,2.410644089900771e-06
609417498,0.2968610722333709,0.2313622983591027,0.720466136932373,0.1588916182518005,1.3506324291229248,20,0.29686105607421603,0.23136229713687756,0.7204663753509521,0.15889155864715576,1.350631833076477,20,-1.615915484753927e-08,-1.615915484753927e-06,1.615915484753927e-06
609450832,0.3184538521876454,0.2582042269937976,0.6477833986282349,-0.0797828137874603,1.5463467836380005,21,0.318453838015312,0.2582042078737567,0.6477834582328796,-0.0797826275229454,1.5463467836380005,21,-1.4172333362427736e-08,-1.4172333362427736e-06,1.4172333362427736e-06
609484166,0.3470779536674936,0.1829131834182491,0.8587230443954468,0.7456579208374023,1.6629465818405151,22,0.34707793750833876,0.18291316540021949,0.858722984790802,0.7456580400466919,1.662946343421936,22,-1.615915484753927e-08,-1.615915484753927e-06,1.615915484753927e-06
609517500,0.3782031097521901,0.1679091129870635,0.9337546825408936,0.8600155711174011,1.5168142318725586,23,0.37820310154032116,0.16790915431321551,0.9337549209594727,0.8600149154663086,1.5168139934539795,23,-8.211868962604285e-09,-8.211868962604285e-07,8.211868962604285e-07
609550834,0.4124029356748382,0.1755668017346847,1.0259947776794434,0.6855258941650391,1.357348918914795,24,0.41240292746296925,0.17556680752806558,1.0259947776794434,0.6855260729789734,1.3573493957519531,24,-8.211868962604285e-09,-8.211868962604285e-07,8.211868962604285e-07
609584168,0.4457309403529286,0.1755045967487783,0.9998401403427124,0.619101881980896,1.2246389389038086,25,0.44573092816741666,0.17550459071593108,0.9998400211334229,0.6191020607948303,1.2246391773223877,25,-1.2185511932827353e-08,-1.2185511932827353e-06,1.2185511932827353e-06
609617502,0.4717305281272053,0.1649932065868569,0.779987633228302,0.5028715133666992,0.8502264618873596,26,0.4717305179285149,0.1649932129876968,0.7799876928329468,0.502871572971344,0.850226640701294,26,-1.0198690392204668e-08,-1.0198690392204668e-06,1.0198690392204668e-06
609650836,0.4966672597835977,0.157284042948605,0.7481019496917725,0.4610426723957062,0.6997992396354675,27,0.4966672535585503,0.15728398923402429,0.748102068901062,0.4610430896282196,0.6997993588447571,27,-6.2250474219816e-09,-6.2250474219816e-07,6.2250474219816e-07
609684170,0.5224061467757344,0.1457907500674183,0.7721666097640991,0.5547683238983154,0.7225877642631531,28,0.5224061385638654,0.1457907387163866,0.7721665501594543,0.5547680854797363,0.7225873470306396,28,-8.211868962604285e-09,-8.211868962604285e-07,8.211868962604285e-07
609717504,0.5494901158919453,0.136130437785421,0.8125190734863281,0.6119670271873474,0.704160213470459,29,0.5494901156273623,0.1361304481111575,0.8125193119049072,0.6119672060012817,0.7041605114936829,29,-2.645830221581491e-10,-2.645830221581491e-08,2.645830221581491e-08
609750838,0.5774149436265746,0.1329350770753448,0.8377448320388794,0.6672958731651306,0.7373880743980408,30,0.5774149473356346,0.1329350679856866,0.837744951248169,0.6672961115837097,0.7373882532119751,30,3.709059948064919e-09,3.709059948064919e-07,3.709059948064919e-07
609784172,0.6065332590053996,0.1206214296911459,0.8735494613647461,0.7856816053390503,0.7435984015464783,31,0.6065332567539949,0.12062140956058731,0.8735492825508118,0.785681426525116,0.7435980439186096,31,-2.2514046182919856e-09,-2.2514046182919856e-07,2.2514046182919856e-07
609817506,0.6527374802540262,0.1041784269180614,0.9240844249725342,0.9971320629119872,0.765243411064148,32,0.6527374839630862,0.10417842733584133,0.9240845441818237,0.9971318244934082,0.7652432322502136,32,3.709059948064919e-09,3.709059948064919e-07,3.709059948064919e-07
609850840,0.7007130263756235,0.0868367557415078,0.9595109224319458,1.2398008108139038,0.752662181854248,33,0.700713024124219,0.0868367805002137,0.9595108032226562,1.2398005723953247,0.7526623010635376,33,-2.251404507269683e-09,-2.251404507269683e-07,2.251404507269683e-07
609884174,0.7499018906067331,0.0527882720862824,0.9837772846221924,1.4740216732025146,0.5076550841331482,34,0.7499018943157931,0.05278822605990396,0.9837774038314819,1.4740216732025146,0.50765460729599,34,3.7090600590872214e-09,3.7090600590872214e-07,3.7090600590872214e-07
609917508,0.7942622838924844,0.9273978215154266,0.8872078657150269,0.8312150835990906,-0.4078699946403503,35,0.7942622876015445,0.9273978439966555,0.8872078657150269,0.8312154412269592,-0.40787002444267273,35,3.7090600590872214e-09,3.7090600590872214e-07,3.7090600590872214e-07
609950842,0.8323449669788797,0.8882666863018924,0.7616536617279053,0.5756283402442932,-0.486856997013092,36,0.8323449766484042,0.8882666896239694,0.7616537809371948,0.575628399848938,-0.48685702681541443,36,9.669524514421823e-09,9.669524514421823e-07,9.669524514421823e-07
609984176,0.8739361165474374,0.9015629937216671,0.8318229913711548,0.6556748151779175,-0.4666069447994232,37,0.8739361321774265,0.9015629431088816,0.8318231105804443,0.6556744575500488,-0.466607004404068,37,1.5629989080778728e-08,1.5629989080778728e-06,1.5629989080778728e-06
610017510,0.9017606535067676,0.8375402096702413,0.8347361087799072,0.3362440466880798,-0.5483893752098083,38,0.9017606691367568,0.8375402076517262,0.8347361087799072,0.3362439274787903,-0.548389196395874,38,1.562998919180103e-08,1.562998919180103e-06,1.562998919180103e-06
610050844,0.9267590402077158,0.8139395268352396,0.7499516010284424,0.2568717002868652,-0.6046168804168701,39,0.9267590558377049,0.8139394926091466,0.7499516010284424,0.2568715214729309,-0.6046168208122253,39,1.5629989080778728e-08,1.5629989080778728e-06,1.5629989080778728e-06
610084178,0.9492925324549796,0.7933518579816659,0.6760047674179077,0.209725946187973,-0.7508165240287781,40,0.9492925480849685,0.7933518266184543,0.6760047674179077,0.20972588658332825,-0.7508168816566467,40,1.5629988969756425e-08,1.5629988969756425e-06,1.5629988969756425e-06
610117512,0.9701818206420064,0.7693053518941595,0.6266786456108093,0.1096058785915374,-0.8991640210151672,41,0.970181834285174,0.7693053271720114,0.6266785860061646,0.10960572957992554,-0.8991639614105225,41,1.3643167595667194e-08,1.3643167595667194e-06,1.3643167595667194e-06
610150846,0.9886059560885548,0.7586886830833349,0.5527240633964539,0.0576585866510868,-1.0551116466522217,42,0.988605963771258,0.7586886508700532,0.5527238845825195,0.05765838548541069,-1.0551118850708008,42,7.682703140332592e-09,7.682703140332592e-07,7.682703140332592e-07
610184180,0.0065044441332935,0.7548658317720792,0.5369546413421631,0.0324941612780094,-1.0625100135803225,43,0.006504449829175307,0.7548657910630074,0.5369545817375183,0.03249388560652733,-1.0625098943710327,43,5.69588176624336e-09,5.69588176624336e-07,5.69588176624336e-07
610217514,0.0245532630394418,0.7458626696561613,0.5414645671844482,-0.0275090001523494,-1.057978630065918,44,0.024553268735323583,0.745862665084038,0.5414645671844482,-0.027509024366736412,-1.0579783916473389,44,5.69588176624336e-09,5.69588176624336e-07,5.69588176624336e-07
610250848,0.0434691387922087,0.743264070865825,0.5674762725830078,-0.0420153997838497,-0.9921371340751648,45,0.043469144488090514,0.743264084162247,0.5674762725830078,-0.042015306651592255,-0.9921368956565857,45,5.69588176624336e-09,5.69588176624336e-07,5.69588176624336e-07
610284182,0.06333268270001,0.784165923791844,0.5959063172340393,0.1856216788291931,-0.8513569831848145,46,0.06333269038271332,0.7841659663398318,0.5959063768386841,0.18562191724777222,-0.8513569831848145,46,7.682703362377197e-09,7.682703362377197e-07,7.682703362377197e-07
610317516,0.0900081911196827,0.920520885758354,0.8002652525901794,1.1863689422607422,-0.6471646428108215,47,0.09000819880238596,0.9205208415000294,0.8002652525901794,1.186368703842163,-0.6471649408340454,47,7.682703251354894e-09,7.682703251354894e-07,7.682703251354894e-07
610350850,0.1142445125689624,0.9568391677601192,0.7270896434783936,1.5393259525299072,-0.4279896020889282,48,0.11424452422530873,0.9568391509195032,0.7270897626876831,1.5393260717391968,-0.42798981070518494,48,1.1656346332600265e-08,1.1656346332600265e-06,1.1656346332600265e-06
610384184,0.1379886625717599,0.9483358224416524,0.7123245000839233,1.2742376327514648,-0.4288061559200287,49,0.13798867422810618,0.9483358102239953,0.7123245000839233,1.2742377519607544,-0.4288063049316406,49,1.1656346332600265e-08,1.1656346332600265e-06,1.1656346332600265e-06
610417518,0.1591891923060535,0.9705030665264816,0.6360158920288086,1.1346853971481323,-0.2127379477024078,50,0.1591892039623998,0.9705030675362608,0.6360158920288086,1.1346852779388428,-0.21273791790008545,50,1.1656346332600265e-08,1.1656346332600265e-06,1.1656346332600265e-06
610450852,0.178236281723829,0.0981427427381952,0.5714126825332642,0.5551892518997192,0.3935526907444,51,0.1782362894065323,0.0981427171144133,0.5714125633239746,0.5551896095275879,0.3935528099536896,51,7.682703362377197e-09,7.682703362377197e-07,7.682703362377197e-07
610484186,0.2008979648487811,0.200897964848781,0.6359660029411316,0.2817640602588653,0.884122908115387,52,0.20089792058914385,0.20089792058914385,0.635965883731842,0.2817643880844116,0.8841230869293213,52,-4.4259637288490694e-08,-4.425963728849069e-06,4.425963728849069e-06
610517520,0.2284591726273863,0.2284591726273864,0.6855052709579468,0.1682313084602356,1.2353821992874146,53,0.22845917861877724,0.2284591786187772,0.6855053305625916,0.1682312935590744,1.2353824377059937,53,5.991390938930863e-09,5.991390938930863e-07,5.991390938930863e-07
610550854,0.2516713750174214,0.2292998004065618,0.6963660717010498,0.1846551299095153,1.4117193222045898,54,0.2516713849824552,0.22929984469514503,0.6963661909103394,0.18465466797351837,1.4117188453674316,54,9.965033909153931e-09,9.96503390915393e-07,9.96503390915393e-07
610584188,0.2745988857557941,0.235931984203138,0.6878253221511841,0.1326070129871368,1.4963067770004272,55,0.27459888976036356,0.2359319774550278,0.6878251433372498,0.1326070874929428,1.4963068962097168,55,4.004569453819329e-09,4.004569453819329e-07,4.004569453819329e-07
610617522,0.297712684850948,0.2551988579592843,0.6934139728546143,-0.0444725416600704,1.3609733581542969,56,0.2977126888555174,0.2551987939086203,0.6934139728546143,-0.04447200894355774,1.360973834991455,56,4.004569342797026e-09,4.0045693427970264e-07,4.0045693427970264e-07
610650856,0.3209349405577351,0.2515908807273871,0.6966676712036133,-0.0123058520257473,1.2310614585876465,57,0.3209349445623045,0.25159090640450643,0.6966676712036133,-0.012306049466133118,1.231061339378357,57,4.004569342797026e-09,4.0045693427970264e-07,4.0045693427970264e-07
610684190,0.3421577306400308,0.2516297690369896,0.6366837024688721,-0.0137686394155025,1.3445281982421875,58,0.3421577346446002,0.25162977815192594,0.6366837024688721,-0.013768717646598816,1.344528317451477,58,4.004569342797026e-09,4.0045693427970264e-07,4.0045693427970264e-07
610717524,0.3641690464626321,0.2402261649479886,0.6603394746780396,0.0861776769161224,1.4015334844589231,59,0.3641690464935585,0.24022614723377678,0.66033935546875,0.08617784082889557,1.401533603668213,59,3.092637257395836e-11,3.092637257395836e-09,3.092637257395836e-09
610750858,0.3911407919536599,0.1793098790536592,0.809152364730835,0.650089681148529,1.3661035299301147,60,0.39114079794505086,0.17930986800300172,0.8091525435447693,0.6500897407531738,1.3661034107208252,60,5.991390938930863e-09,5.991390938930863e-07,5.991390938930863e-07
610784192,0.4215486538222003,0.1704828068060359,0.9122358560562134,0.7035039663314819,1.2889153957366943,61,0.4215486558399483,0.17048283463964645,0.9122357368469238,0.7035036087036133,1.2889152765274048,61,2.017747968707795e-09,2.0177479687077948e-07,2.0177479687077948e-07
610817526,0.4539270412733722,0.180405807327365,0.9713516235351562,0.5803093314170837,1.2414264678955078,62,0.45392703931747724,0.18040580651094942,0.9713515043258667,0.5803094506263733,1.241426706314087,62,-1.955894946004122e-09,-1.955894946004122e-07,1.955894946004122e-07
610850860,0.4844469559004474,0.1710797202916139,0.915597438812256,0.6339552402496338,1.1719231605529783,63,0.4844469579181954,0.17107969524282085,0.9155975580215454,0.6339554786682129,1.1719231605529785,63,2.017747968707795e-09,2.0177479687077948e-07,2.0177479687077948e-07
610884194,0.511367681802369,0.183311458767597,0.8076217770576477,0.3983615934848785,0.8944039344787598,64,0.511367679846474,0.18331143954085474,0.8076216578483582,0.39836156368255615,0.8944035768508911,64,-1.955895001515273e-09,-1.9558950015152732e-07,1.9558950015152732e-07
610917528,0.5358644437601734,0.1783313885976398,0.7349028587341309,0.3334458172321319,0.6897442936897278,65,0.5358644437910999,0.17833138785892289,0.7349029183387756,0.3334459364414215,0.6897445321083069,65,3.092648359626082e-11,3.0926483596260823e-09,3.0926483596260823e-09
610950862,0.5611212682535816,0.1708798651887461,0.7577047348022461,0.3597414195537567,0.6630234718322754,66,0.5611212662976865,0.17087985966191527,0.7577046751976013,0.3597414493560791,0.6630234718322754,66,-1.955895001515273e-09,-1.9558950015152732e-07,1.9558950015152732e-07
610984196,0.590062822084682,0.1380333765581151,0.8682466149330139,0.5897273421287537,0.695186197757721,67,0.5900628221156085,0.13803342849443023,0.8682466745376587,0.5897271037101746,0.6951863765716553,67,3.092648359626082e-11,3.0926483596260823e-09,3.0926483596260823e-09
611017530,0.620886644900895,0.1204059382511091,0.9247146844863892,0.7781512141227722,0.7344765663146973,68,0.6208866449318214,0.12040593071838855,0.9247146844863892,0.7781510353088379,0.7344763278961182,68,3.092648359626082e-11,3.0926483596260823e-09,3.0926483596260823e-09
611050864,0.6696386070858009,0.0954743084362074,0.97503924369812,1.001659870147705,0.6851000189781189,69,0.669638601156263,0.09547433016691079,0.9750391244888306,1.0016597509384155,0.6851001381874084,69,-5.929537971738341e-09,-5.929537971738341e-07,5.929537971738341e-07
611084198,0.7237906904827125,0.0733724765683324,1.0830416679382324,1.0542933940887451,0.5236790180206299,70,0.7237906726322456,0.07337247656833246,1.0830414295196533,1.0542933940887451,0.5236790180206299,70,-1.7850466882407545e-08,-1.7850466882407545e-06,1.7850466882407545e-06
611117532,0.7788426430831916,0.0500540722612105,1.1010390520095823,1.1285161972045898,0.3671010732650757,71,0.7788426252327247,0.050054042999257156,1.1010390520095825,1.1285160779953003,0.3671008050441742,71,-1.7850466882407545e-08,-1.7850466882407545e-06,1.7850466882407545e-06
611150866,0.8334929736267097,0.9883358883754696,1.093006610870361,1.100682020187378,-0.0808112695813179,72,0.8334929498157784,0.9883358726765968,1.0930064916610718,1.100682258605957,-0.08081139624118805,72,-2.3810931337742147e-08,-2.3810931337742147e-06,2.3810931337742147e-06
611184200,0.8762412520824288,0.8762412520824288,1.073832631111145,0.6058535575866699,-0.5964763760566711,73,0.8762412917145913,0.8762412917145913,1.0738327503204346,0.6058536171913147,-0.596476137638092,73,3.9632162551761496e-08,3.96321625517615e-06,3.96321625517615e-06
611217534,0.9102233660795704,0.8019275911474008,1.0194634199142456,0.229773074388504,-0.6790720820426941,74,0.9102234096853759,0.8019275826649475,1.0194635391235352,0.22977307438850403,-0.6790722012519836,74,4.360580541096226e-08,4.360580541096226e-06,4.360580541096226e-06
611250868,0.9454865110495104,0.7875747454916078,1.0578943490982056,0.1625339835882187,-0.6756048202514648,75,0.9454865546553161,0.7875747323435969,1.0578943490982056,0.1625339388847351,-0.6756048798561096,75,4.3605805633006867e-08,4.360580563300687e-06,4.360580563300687e-06
611284202,0.982365140575013,0.7386162866773143,1.1063588857650757,-0.0497914664447307,-0.6949436664581299,76,0.9823651881544616,0.7386162991608811,1.1063590049743652,-0.049791403114795685,-0.6949435472488403,76,4.7579448603229935e-08,4.7579448603229935e-06,4.7579448603229935e-06
611317536,0.0204480183699145,0.7025472029221143,1.142486333847046,-0.2283800989389419,-0.7431452870368958,77,0.020448065949363103,0.7025471849429377,1.142486333847046,-0.22838033735752106,-0.743145763874054,77,4.7579448603229935e-08,4.7579448603229935e-06,4.7579448603229935e-06
611350870,0.0576227319815172,0.7087368561852265,1.1152414083480835,-0.1831123381853103,-0.6903814077377319,78,0.057622779560965884,0.7087368084351484,1.1152414083480835,-0.18311259150505066,-0.6903815269470215,78,4.757944871425224e-08,4.757944871425224e-06,4.757944871425224e-06
611384204,0.0904250515081896,0.7763325457265806,0.9840695858001708,0.1070697009563446,-0.6412177085876465,79,0.09042510306128124,0.7763324653566548,0.9840697050094604,0.10706938803195953,-0.641217827796936,79,5.1553091684475305e-08,5.1553091684475305e-06,5.1553091684475305e-06
611417538,0.1237718594648852,0.6181001422658534,1.0004042387008667,-0.7641454935073853,-0.700604259967804,80,0.1237719110179768,0.6181001619391209,1.0004042387008667,-0.7641454339027405,-0.7006043791770935,80,5.1553091573453e-08,5.1553091573453e-06,5.1553091573453e-06
611450872,0.1723986280539049,0.5965549851017815,0.9725353717803956,-0.8688096404075623,-0.602934718132019,81,0.17239867960699656,0.5965549822427079,0.9725353717803955,-0.8688097596168518,-0.6029347777366638,81,5.1553091684475305e-08,5.1553091684475305e-06,5.1553091684475305e-06
611484206,0.2208774638750567,0.5856174849806368,0.9695767164230348,-0.9396343231201172,-0.5606301426887512,82,0.2208775154281483,0.5856174849806368,0.9695767164230347,-0.9396343231201172,-0.5606301426887512,82,5.1553091573453e-08,5.1553091573453e-06,5.1553091573453e-06
611517540,0.255296420313757,0.7921868809725775,1.0325686931610107,0.280927300453186,-1.034892439842224,83,0.25529646789320565,0.792186893778714,1.0325685739517212,0.2809273898601532,-1.0348924398422241,83,4.7579448603229935e-08,4.7579448603229935e-06,4.7579448603229935e-06
611550874,0.2867287747639829,0.8896023122574905,0.9429706335067748,0.8887341022491455,-0.738973081111908,84,0.28672882631707447,0.8896023102004146,0.9429707527160645,0.8887338638305664,-0.7389729022979736,84,5.1553091573453e-08,5.1553091573453e-06,5.1553091573453e-06
611584208,0.3168251348116412,0.9317188412091064,0.9028908014297484,1.2891439199447632,-0.5897050499916077,85,0.3168251863647328,0.9317188472944133,0.9028908014297485,1.2891439199447632,-0.5897049903869629,85,5.1553091573453e-08,5.1553091573453e-06,5.1553091573453e-06
611617542,0.3444113962430173,0.937576375788378,0.8275878429412842,1.2273876667022705,-0.5077106952667236,86,0.34441144779610894,0.937576349389731,0.8275878429412842,1.2273876667022705,-0.5077109336853027,86,5.1553091573453e-08,5.1553091573453e-06,5.1553091573453e-06
611650876,0.3697871280291095,0.9710264469558744,0.7612719535827637,0.9741554260253906,-0.1793266981840133,87,0.36978717759537955,0.9710264882277914,0.7612718939781189,0.9741553068161011,-0.17932641506195068,87,4.9566269977319166e-08,4.956626997731917e-06,4.956626997731917e-06
611684210,0.3928900155006264,0.1435829502446332,0.6930866241455078,0.7288675308227539,0.9225707054138184,88,0.39289006904053947,0.1435829832288004,0.6930867433547974,0.7288671731948853,0.9225706458091736,88,5.3539913058564537e-08,5.353991305856454e-06,5.353991305856454e-06
611717544,0.4201031637766376,0.1522724431713549,0.8163944482803345,0.997734308242798,1.415326476097107,89,0.4201032173165506,0.15227246108133313,0.8163944482803345,0.9977340698242188,1.415326476097107,89,5.3539912947542234e-08,5.353991294754223e-06,5.353991294754223e-06
611750878,0.4472111178019061,0.1515661285530163,0.8132386207580566,1.1379796266555786,1.5991525650024414,90,0.44721116935499766,0.15156610946785154,0.8132385611534119,1.1379797458648682,1.5991523265838623,90,5.1553091573453e-08,5.1553091573453e-06,5.1553091573453e-06
611784212,0.4742161902366494,0.1539944852605616,0.8101521730422974,1.1641862392425537,1.6899818181991575,91,0.4742162378160979,0.15399448813659217,0.8101520538330078,1.1641863584518433,1.6899820566177368,91,4.757944849220763e-08,4.757944849220763e-06,4.757944849220763e-06
611817546,0.5007004611272032,0.1629199255527113,0.7945281267166138,1.0561392307281494,1.7337138652801514,92,0.5007005087066517,0.16291992867206312,0.7945281267166138,1.0561391115188599,1.7337137460708618,92,4.757944849220763e-08,4.757944849220763e-06,4.757944849220763e-06
611850880,0.5288219206113036,0.1720106268085311,0.8436437845230103,0.7540597319602966,1.4136428833007812,93,0.5288219681907521,0.17201065362754406,0.8436437845230103,0.7540595531463623,1.4136431217193604,93,4.757944849220763e-08,4.757944849220763e-06,4.757944849220763e-06
611884214,0.5552984667398945,0.2060109498390771,0.794296383857727,0.390063613653183,1.375151753425598,94,0.5552985103457,0.20601094302465067,0.7942962646484375,0.39006364345550537,1.3751516342163086,94,4.3605805521984564e-08,4.360580552198456e-06,4.360580552198456e-06
611917548,0.580135533469758,0.2576975119771877,0.7451120018959045,-0.0708864033222198,1.464515209197998,95,0.5801355870096709,0.2576975555980086,0.7451122999191284,-0.07088680565357208,1.464515209197998,95,5.3539912947542234e-08,5.353991294754223e-06,5.353991294754223e-06
611950882,0.6053524427193816,0.1878156596951429,0.7565072774887085,0.669391393661499,1.6251630783081057,96,0.6053524962592945,0.18781566321278667,0.7565072774887085,0.6693911552429199,1.6251626014709473,96,5.3539912947542234e-08,5.353991294754223e-06,5.353991294754223e-06
611984216,0.6351594381112273,0.1721882174395723,0.8942098617553711,0.7387845516204834,1.3887357711791992,97,0.6351594817170327,0.17218817382450793,0.8942095637321472,0.7387848496437073,1.3887354135513306,97,4.360580541096226e-08,4.360580541096226e-06,4.360580541096226e-06
612017550,0.6679312082706308,0.1717699638871638,0.9831531047821044,0.7628535032272339,1.4249356985092163,98,0.6679312598237221,0.17176998050808143,0.9831533432006836,0.7628535032272339,1.424936056137085,98,5.15530913514084e-08,5.15530913514084e-06,5.15530913514084e-06
612050884,0.7176751586376047,0.1660166388576823,0.9948790073394777,0.8286337852478027,1.4217934608459473,99,0.717675210190696,0.16601663552694493,0.9948790073394775,0.8286339640617371,1.4217936992645264,99,5.15530913514084e-08,5.15530913514084e-06,5.15530913514084e-06
612084218,0.7628672512946939,0.1695464384171144,0.9038418531417848,0.7263489961624146,1.3123509883880615,100,0.7628673088082497,0.16954643782534812,0.9038419723510742,0.7263489365577698,1.312350869178772,100,5.7513555806743e-08,5.7513555806743e-06,5.7513555806743e-06
612117552,0.8012479218421793,0.1810553750439011,0.767613410949707,0.3952416479587555,0.8545951843261719,101,0.8012479793557351,0.18105535286877247,0.767613410949707,0.39524173736572266,0.8545950651168823,101,5.7513555806743e-08,5.7513555806743e-06,5.7513555806743e-06
612150886,0.8371747764526224,0.1783423664111462,0.7185370922088623,0.3637890517711639,0.752642810344696,102,0.8371748280057137,0.17834235057511777,0.7185369729995728,0.36378923058509827,0.7526429891586304,102,5.15530913514084e-08,5.15530913514084e-06,5.15530913514084e-06
612184220,0.8778332444606638,0.1515558271836047,0.8131693601608276,0.6124728918075562,0.8605632185935974,103,0.8778332930335229,0.151555826062968,0.8131693005561829,0.6124730706214905,0.8605634570121765,103,4.8572859068229945e-08,4.8572859068229945e-06,4.8572859068229945e-06
612217554,0.924659231561265,0.1616180964408241,0.936519742012024,0.452645868062973,0.7295458316802979,104,0.924659280134124,0.16161809870257102,0.9365197420120239,0.4526459276676178,0.7295459508895874,104,4.8572859068229945e-08,4.8572859068229945e-06,4.8572859068229945e-06
612250888,0.9736903520999765,0.1544220591168405,0.980622410774231,0.5004618763923645,0.7306856513023376,105,0.9736904006728355,0.1544220916811275,0.980622410774231,0.5004616975784302,0.7306857109069824,105,4.8572859068229945e-08,4.8572859068229945e-06,4.8572859068229945e-06
612284222,0.0218637498794411,0.1291192210441171,0.9634679555892944,0.8021160960197449,0.8447495102882385,106,0.021863792491835676,0.1291191871017774,0.9634678363800049,0.8021161556243896,0.8447492122650146,106,4.2612394612895343e-08,4.261239461289534e-06,4.261239461289534e-06
612317556,0.0736980947433327,0.103871796935446,1.036686897277832,0.9843734502792358,0.7524428367614746,107,0.07369813735572728,0.1038717697377116,1.036686897277832,0.9843733310699463,0.752442479133606,107,4.2612394612895343e-08,4.261239461289534e-06,4.261239461289534e-06
612350890,0.1095058394052997,0.062393214753257,1.0742323398590088,1.223761796951294,0.5059370398521423,108,0.1095058939386232,0.062393203805259125,1.0742326974868774,1.223762035369873,0.5059370398521423,108,5.453332352356455e-08,5.453332352356455e-06,5.453332352356455e-06
612384224,0.1431488864201719,0.9712819451765692,1.009291410446167,0.8173685073852539,-0.1491084694862365,109,0.14314894095349542,0.971281942899523,1.009291410446167,0.8173686861991882,-0.14910851418972015,109,5.453332352356455e-08,5.453332352356455e-06,5.453332352356455e-06
612417558,0.172620089111568,0.8742855856562688,0.8841360807418823,0.3883397281169891,-0.3918418288230896,110,0.1726201436448915,0.8742855550132946,0.8841360807418823,0.3883395195007324,-0.3918417692184448,110,5.453332352356455e-08,5.453332352356455e-06,5.453332352356455e-06
612450892,0.2006077421286121,0.8551308580589219,0.839629590511322,0.4254578351974487,-0.5475667119026184,111,0.20060780063557856,0.8551308280597797,0.8396297097206116,0.4254577159881592,-0.5475667715072632,111,5.8506966493787615e-08,5.8506966493787615e-06,5.8506966493787615e-06
612484226,0.2296895953594063,0.8062613531608864,0.8724555969238281,0.2576870322227478,-0.6983378529548645,112,0.22968965187955134,0.8062613219909556,0.8724555373191833,0.25768694281578064,-0.6983380317687988,112,5.652014500867608e-08,5.652014500867608e-06,5.652014500867608e-06
612517560,0.2611268890478626,0.8221232270556742,0.9431188106536864,0.2843348979949951,-0.5838944315910339,113,0.26112694159436456,0.8221232918624657,0.943118691444397,0.28433504700660706,-0.5838941335678101,113,5.2546502038453013e-08,5.254650203845301e-06,5.254650203845301e-06
612550894,0.2926932148713285,0.7697116360393506,0.9469897747039796,0.070452868938446,-0.5659363269805908,114,0.2926932713914735,0.769711683486976,0.946989893913269,0.07045303285121918,-0.565936267375946,114,5.652014500867608e-08,5.652014500867608e-06,5.652014500867608e-06
612584228,0.3213706784028227,0.7948912661547207,0.8603239059448242,0.1635977774858474,-0.5645465850830078,115,0.3213707408834321,0.7948912596373532,0.8603240847587585,0.1635977178812027,-0.5645464658737183,115,6.248060935298838e-08,6.248060935298838e-06,6.248060935298838e-06
612617562,0.3671971790570432,0.682623390026786,0.9165300130844116,-0.2991206347942352,-0.6638505458831787,116,0.36719724153765265,0.6826234494183696,0.9165300130844116,-0.29912033677101135,-0.6638505458831787,116,6.248060946401068e-08,6.248060946401068e-06,6.248060946401068e-06
612650896,0.3930567455866351,0.871083547100677,0.7757869958877563,0.4989617168903351,-0.5241431593894958,117,0.39305680608042304,0.8710835850790825,0.7757869362831116,0.4989619553089142,-0.5241431593894958,117,6.049378797889915e-08,6.049378797889915e-06,6.049378797889915e-06
612684230,0.4447648954966082,0.8818093187029217,1.034162998199463,1.3063923120498655,-1.1991300582885742,118,0.4447649619508607,0.8818092969981085,1.0341631174087524,1.306391954421997,-1.1991300582885742,118,6.645425254525605e-08,6.645425254525605e-06,6.645425254525605e-06
612717564,0.4920632494070544,0.9137696285942084,0.9459670782089232,1.3509365320205688,-0.8131029605865479,119,0.4920633218217713,0.9137696399539831,0.9459671974182129,1.3509366512298584,-0.8131029009819031,119,7.241471688956835e-08,7.241471688956835e-06,7.241471688956835e-06
612750898,0.5402555955030932,0.9492640716541852,0.9638469219207764,1.6469942331314087,-0.543573260307312,120,0.5402556559968812,0.9492640906647931,0.9638466835021973,1.6469943523406982,-0.5435730814933777,120,6.049378797889915e-08,6.049378797889915e-06,6.049378797889915e-06
612784232,0.5841793042995944,0.9711912842384652,0.8784741759300232,1.5724674463272097,-0.2877830564975738,121,0.584179373734079,0.9711913288001152,0.8784743547439575,1.57246732711792,-0.28778257966041565,121,6.94344846063899e-08,6.94344846063899e-06,6.94344846063899e-06
612817566,0.6252631050922886,0.0170171573810607,0.8216760158538818,1.4054069519042969,0.1508441269397735,122,0.6252631745267732,0.017017203856528072,0.8216760158538818,1.4054068326950073,0.1508445292711258,122,6.94344846063899e-08,6.94344846063899e-06,6.94344846063899e-06
612850900,0.6487052343863661,0.1701045559910753,0.7032638788223267,0.6507942080497742,1.1856346130371094,123,0.6487053018340292,0.1701045289914339,0.7032638192176819,0.6507942080497742,1.1856341361999512,123,6.744766312127837e-08,6.744766312127837e-06,6.744766312127837e-06
612884234,0.6751328133124525,0.1818206269510872,0.7928273677825928,0.7589954137802124,1.6620357036590576,124,0.6751328827469371,0.1818206230469346,0.7928274273872375,0.7589953541755676,1.6620354652404785,124,6.94344846063899e-08,6.94344846063899e-06,6.94344846063899e-06
612917568,0.7033372186202222,0.180397097267293,0.8461321592330933,0.8508094549179077,1.8198341131210327,125,0.7033372900415283,0.18039711037844458,0.846132218837738,0.8508092164993286,1.8198339939117432,125,7.142130609150144e-08,7.1421306091501435e-06,7.1421306091501435e-06
612950902,0.7439609728831464,0.1901818678535816,0.8124750852584839,0.7342668771743774,1.860755920410156,126,0.7439610323835236,0.1901818766760533,0.8124748468399048,0.7342667579650879,1.8607559204101562,126,5.950037718083223e-08,5.950037718083223e-06,5.950037718083223e-06
612984236,0.7856656752604658,0.2111476805194985,0.8340940475463867,0.426771730184555,1.7133649587631226,127,0.785665734760843,0.2111476388135227,0.8340940475463867,0.42677220702171326,1.7133649587631226,127,5.950037718083223e-08,5.950037718083223e-06,5.950037718083223e-06
613017570,0.8263242624777968,0.2168443217630771,0.8131717443466187,0.3614057004451751,1.709661841392517,128,0.8263243160177095,0.21684428866460886,0.8131716251373291,0.361406147480011,1.7096621990203857,128,5.353991272549763e-08,5.353991272549763e-06,5.353991272549763e-06
613050904,0.8644878350276167,0.2339720848378396,0.7632714509963989,0.1607481837272644,1.59080708026886,129,0.8644878945279939,0.2339721205384502,0.7632715702056885,0.16074781119823456,1.5908069610595703,129,5.950037718083223e-08,5.950037718083223e-06,5.950037718083223e-06
613084238,0.8955679319876845,0.243598777354943,0.621601939201355,0.0857426822185516,2.1306886672973637,130,0.8955680034089906,0.24359875846344312,0.6216021776199341,0.08574293553829193,2.1306886672973633,130,7.142130609150144e-08,7.1421306091501435e-06,7.1421306091501435e-06
613117572,0.936711587764662,0.1470076933278353,0.8228731155395508,1.3467373847961426,1.7821776866912842,131,0.9367116472650392,0.1470077035691295,0.8228728771209717,1.3467373847961426,1.7821779251098633,131,5.950037718083223e-08,5.950037718083223e-06,5.950037718083223e-06
613150906,0.9868972979563888,0.1610731423976338,1.0037142038345337,1.06995952129364,1.7113845348358154,132,0.9868973514963014,0.16107316929700038,1.0037140846252441,1.069959044456482,1.7113844156265259,132,5.353991261447533e-08,5.353991261447533e-06,5.353991261447533e-06
613184240,0.0395247899073774,0.1681545890794415,1.0525498390197754,1.022278904914856,1.809498071670532,133,0.03952484940775469,0.16815461085917663,1.052549958229065,1.0222783088684082,1.809497594833374,133,5.9500377291854534e-08,5.950037729185453e-06,5.950037729185453e-06
613217574,0.0915633581656629,0.162356832801071,1.0407713651657104,1.0631921291351318,1.7314738035202026,134,0.09156341766604022,0.16235683098618503,1.0407713651657104,1.0631920099258423,1.7314735651016235,134,5.9500377291854534e-08,5.950037729185453e-06,5.950037729185453e-06
613250908,0.1389365933913404,0.1692065961775236,0.9474647045135498,0.8665672540664673,1.5578336715698242,135,0.13893665885218218,0.16920659001645139,0.9474648237228394,0.8665677309036255,1.5578343868255615,135,6.546084174718914e-08,6.5460841747189136e-06,6.5460841747189136e-06
613284242,0.1760467074889356,0.1916298118736712,0.7422022819519043,0.3874219954013824,1.008570671081543,136,0.17604677294977739,0.19162983456327495,0.7422022819519043,0.3874218761920929,1.0085707902908325,136,6.546084174718914e-08,6.5460841747189136e-06,6.5460841747189136e-06
613317576,0.2023634178020968,0.1492061559145115,0.7895013093948364,0.7112435102462769,0.9687443971633912,137,0.2023634832629386,0.14920616783522556,0.7895013093948364,0.711243748664856,0.9687448740005493,137,6.546084185821144e-08,6.546084185821144e-06,6.546084185821144e-06
613350910,0.2309796316006197,0.1333360323175263,0.8584864139556885,0.8787288069725037,0.9759604930877686,138,0.2309797089823905,0.13333600708100254,0.8584867715835571,0.8787289261817932,0.9759603142738342,138,7.738177076888064e-08,7.738177076888064e-06,7.738177076888064e-06
613384244,0.2616812847632581,0.1213681502953055,0.9210495948791504,1.0517505407333374,1.004812479019165,139,0.26168136214502885,0.12136816873662684,0.9210495948791504,1.0517504215240479,1.0048125982284546,139,7.738177076888064e-08,7.738177076888064e-06,7.738177076888064e-06
613417578,0.2946296595114881,0.1122180566952706,0.9884512424468994,1.271244764328003,1.0818567276000977,140,0.29462973291961586,0.1122180566952706,0.9884511232376099,1.271244764328003,1.0818567276000977,140,7.340812779865757e-08,7.340812779865757e-06,7.340812779865757e-06
613450912,0.3297364257353956,0.1041745800007929,1.053202986717224,1.3795355558395386,1.058663845062256,141,0.3297364911962374,0.10417460596760908,1.053202748298645,1.3795355558395386,1.0586642026901245,141,6.546084185821144e-08,6.546084185821144e-06,6.546084185821144e-06
613484246,0.3659281872290784,0.0794231063986484,1.0857528448104858,1.506241798400879,0.8209677338600159,142,0.36592825268992024,0.0794230728470018,1.0857528448104858,1.5062416791915894,0.8209672570228577,142,6.546084185821144e-08,6.546084185821144e-06,6.546084185821144e-06
613517580,0.402004339553755,0.0588797532878885,1.0822845697402954,1.5019311904907229,0.5824615359306335,143,0.4020044129618827,0.05887974656554845,1.0822848081588745,1.501931071281433,0.582461416721344,143,7.340812779865757e-08,7.340812779865757e-06,7.340812779865757e-06
613550914,0.4373016300378655,0.9396351856597724,1.0589187145233154,0.6604993343353271,-0.2632631063461303,144,0.43730170344599323,0.9396352029930999,1.0589187145233154,0.6604993939399719,-0.2632630467414856,144,7.340812779865757e-08,7.340812779865757e-06,7.340812779865757e-06
613584248,0.4852010967908715,0.8739867765751783,0.9579893350601196,0.5649473667144775,-0.5721867680549622,145,0.4852011701989992,0.8739868599953231,0.9579893350601196,0.5649476647377014,-0.5721864700317383,145,7.340812779865757e-08,7.340812779865757e-06,7.340812779865757e-06
613617582,0.5328798475442742,0.8428759245404346,0.9535750150680542,0.4828993380069732,-0.7313734889030457,146,0.5328799328733309,0.8428759577763565,0.9535752534866333,0.48289963603019714,-0.7313736081123352,146,8.532905670932678e-08,8.532905670932678e-06,8.532905670932678e-06
613650916,0.5859035077272271,0.7949689501660364,1.0604732036590576,0.2330469787120819,-0.8027374744415283,147,0.5859035930562838,0.7949689932340246,1.0604732036590576,0.23304712772369385,-0.8027371764183044,147,8.532905670932678e-08,8.532905670932678e-06,8.532905670932678e-06
613684250,0.6413569750963067,0.7645232271562848,1.1090693473815918,0.077800840139389,-0.8502242565155029,148,0.6413570663858279,0.7645232631170329,1.1090694665908813,0.07780103385448456,-0.8502242565155029,148,9.128952116466138e-08,9.128952116466138e-06,9.128952116466138e-06
613717584,0.6930212559877252,0.8083670191719831,1.0332856178283691,0.2342743277549743,-0.6099196076393127,149,0.6930213472772464,0.8083670431379721,1.0332856178283691,0.23427438735961914,-0.6099194884300232,149,9.128952116466138e-08,9.128952116466138e-06,9.128952116466138e-06
613750918,0.7268594605305211,0.6296094751964338,1.0151461362838743,-0.719088077545166,-0.7619954943656921,150,0.7268595518200422,0.6296094938391872,1.0151461362838745,-0.719088077545166,-0.7619956731796265,150,9.128952116466138e-08,9.128952116466138e-06,9.128952116466138e-06
613784252,0.760215988017958,0.6066896118028369,1.000695824623108,-0.8439729809761047,-0.6691228747367859,151,0.7602160793074791,0.6066896172747882,1.000695824623108,-0.84397292137146,-0.6691228747367859,151,9.128952116466138e-08,9.128952116466138e-06,9.128952116466138e-06
613817586,0.7988457883301798,0.7988457883301798,1.142255425453186,0.3707384765148163,-1.1698148250579834,152,0.7988457966856245,0.7988457966856245,1.1422553062438965,0.37073850631713867,-1.1698147058486938,152,8.355444669483347e-09,8.355444669483347e-07,8.355444669483347e-07
613850920,0.8512055362168376,0.8796273890782603,1.0471949577331543,0.9560989141464232,-0.902058243751526,153,0.8512055564932112,0.8796273902650643,1.0471951961517334,0.9560986757278442,-0.9020580053329468,153,2.027637358015255e-08,2.027637358015255e-06,2.027637358015255e-06
613884254,0.9009618068638864,0.9375829950187584,0.995125412940979,1.556370973587036,-0.6437193155288696,154,0.9009618271402601,0.9375830296537333,0.995125412940979,1.5563712120056152,-0.6437190175056458,154,2.0276373691174854e-08,2.0276373691174854e-06,2.0276373691174854e-06
613917588,0.9477256710234704,0.9742098614732728,0.9352772831916808,1.6497944593429563,-0.2697044610977173,155,0.9477257002405408,0.9742098409028855,0.9352774620056152,1.649794578552246,-0.2697046995162964,155,2.9217070429687908e-08,2.921707042968791e-06,2.921707042968791e-06
613950922,0.9923575753871028,0.997605153787002,0.892638087272644,1.7149465084075928,-0.0258071981370449,156,0.9923575986437085,0.9976051541326478,0.8926379680633545,1.7149465084075928,-0.025807194411754608,156,2.32566057523087e-08,2.32566057523087e-06,2.32566057523087e-06
613984256,0.0314830596152369,0.0832163922210584,0.7825096845626831,0.9185250401496888,0.5294111967086792,157,0.031483088832307216,0.08321640444178713,0.7825098037719727,0.918524980545044,0.529411256313324,157,2.9217070318665606e-08,2.9217070318665606e-06,2.9217070318665606e-06
614017590,0.0677017028037134,0.1503667662809087,0.7243728637695312,1.0769517421722412,1.4895031452178955,158,0.06770173798124826,0.15036675186815188,0.7243729829788208,1.0769518613815308,1.489503026008606,158,3.517753488502251e-08,3.517753488502251e-06,3.517753488502251e-06
614050924,0.1080850000086847,0.1617787473853625,0.8076659440994263,1.179958462715149,1.906074047088623,159,0.10808504114668405,0.16177873573449275,0.8076660633087158,1.1799585819244385,1.9060739278793335,159,4.113799934035711e-08,4.113799934035711e-06,4.113799934035711e-06
614084258,0.1485520953837458,0.1535185909960397,0.8093419075012207,1.3744922876358032,1.9825555086135864,160,0.14855212460081613,0.15351858203418622,0.8093416690826416,1.3744922876358032,1.9825552701950073,160,2.9217070318665606e-08,2.9217070318665606e-06,2.9217070318665606e-06
614117592,0.1634422999895552,0.1634422999895553,0.8074408769607544,1.211132287979126,2.002910614013672,161,0.16344228756914425,0.16344228756914422,0.8074408769607544,1.2111326456069946,2.002910852432251,161,-1.24204109219761e-08,-1.24204109219761e-06,1.24204109219761e-06
614150926,0.1781301609055872,0.1781301609055872,0.8137582540512085,0.9802802801132202,2.0212182998657227,162,0.17813013787967868,0.1781301378796787,0.8137582540512085,0.9802807569503784,2.0212185382843018,162,-2.302590851321895e-08,-2.302590851321895e-06,2.302590851321895e-06
614184260,0.194381588487127,0.194381588487127,0.7969862222671509,0.6626363396644592,1.8183436393737795,163,0.1943816115143201,0.1943816115143201,0.7969862222671509,0.6626360416412354,1.8183436393737793,163,2.3027193041258442e-08,2.3027193041258442e-06,2.3027193041258442e-06
614217594,0.2215168545039433,0.2215168545039433,0.7361166477203369,0.3131960928440094,1.731318473815918,164,0.22151683136175382,0.22151683136175387,0.7361165285110474,0.3131963312625885,1.7313183546066284,164,-2.3142189498059906e-08,-2.3142189498059906e-06,2.3142189498059906e-06
614250928,0.2508276809644637,0.1853100254234616,0.8793247938156128,0.8376917839050293,1.946183919906616,165,0.25082765384863126,0.18531003182479577,0.8793246746063232,0.8376914858818054,1.946183443069458,165,-2.7115832412771823e-08,-2.7115832412771823e-06,2.7115832412771823e-06
614284262,0.2827531168254155,0.1683797550918622,0.9577630758285522,0.9922785758972168,1.7622123956680298,166,0.28275310560415495,0.1683797305681955,0.9577635526657104,0.9922789335250854,1.7622123956680298,166,-1.1221260531879551e-08,-1.1221260531879551e-06,1.1221260531879551e-06
614317596,0.3150495002063054,0.1579235914295117,0.9688915014266968,1.1493635177612305,1.759928584098816,167,0.31504949295868784,0.15792365127087427,0.9688916206359863,1.1493630409240723,1.7599292993545532,167,-7.247617561656483e-09,-7.247617561656483e-07,7.247617561656483e-07
614350930,0.3500757445287643,0.1692414237984117,1.050787329673767,1.007839322090149,1.812733054161072,168,0.35007574125478974,0.1692414211435315,1.0507874488830566,1.007839560508728,1.8127334117889404,168,-3.273974535922264e-09,-3.273974535922264e-07,3.273974535922264e-07
614384264,0.3825689742358464,0.1657630708304827,0.9747968912124634,1.0275821685791016,1.7567152976989746,169,0.3825689789091578,0.16576311637726654,0.9747971296310425,1.0275812149047852,1.7567148208618164,169,4.673311404523872e-09,4.673311404523872e-07,4.673311404523872e-07
614417598,0.4123295773458419,0.1713501829446733,0.8928180932998657,0.7771761417388916,1.4425321817398071,170,0.4123295899664393,0.17135019353335276,0.8928183317184448,0.7771760821342468,1.4425323009490967,170,1.262059745599231e-08,1.262059745599231e-06,1.262059745599231e-06
614450932,0.4394120444250046,0.1641640090799636,0.8124740123748779,0.679384708404541,1.1351261138916016,171,0.4394120530719589,0.1641640225982561,0.8124738931655884,0.6793846487998962,1.1351262331008911,171,8.646954263724638e-09,8.646954263724638e-07,8.646954263724638e-07
614484266,0.4664076317739425,0.1535137382367138,0.8098676204681396,0.8119198083877563,1.1710296869277954,172,0.4664076364472539,0.1535137260549235,0.8098675012588501,0.8119201064109802,1.1710299253463745,172,4.673311404523872e-09,4.673311404523872e-07,4.673311404523872e-07
614517600,0.4946742802254298,0.1422512713130277,0.8479994535446167,0.9701375961303712,1.2070589065551758,173,0.49467428489874116,0.14225128853766297,0.8479994535446167,0.9701374769210815,1.2070590257644653,173,4.67331129350157e-09,4.6733112935015697e-07,4.6733112935015697e-07
614550934,0.5249339371315578,0.1339150100979466,0.907789707183838,1.1158382892608645,1.2484095096588137,174,0.5249339398180476,0.13391500920080696,0.9077896475791931,1.1158384084701538,1.248409628868103,174,2.6864898083900357e-09,2.6864898083900357e-07,2.6864898083900357e-07
614584268,0.5577759533516505,0.1222852059491978,0.9852604866027832,1.316896915435791,1.2727200984954834,175,0.5577759560381403,0.12228520569930304,0.9852604866027832,1.3168967962265015,1.2727199792861938,175,2.6864898083900357e-09,2.6864898083900357e-07,2.6864898083900357e-07
614617602,0.5923664877208014,0.1082393914036964,1.037716031074524,1.4365938901901243,1.1619274616241455,176,0.5923664904072912,0.10823938647271177,1.037716031074524,1.4365941286087036,1.161927580833435,176,2.6864898083900357e-09,2.6864898083900357e-07,2.6864898083900357e-07
614650936,0.6456539521010657,0.0802262056642013,1.0657492876052856,1.549553632736206,0.854744553565979,177,0.6456539726689489,0.0802261962765694,1.0657496452331543,1.549553632736206,0.8547444343566895,177,2.0567883174393842e-08,2.056788317439384e-06,2.056788317439384e-06
614684270,0.6984385916980048,0.0180466241547376,1.0556927919387815,0.9886510372161864,0.1125863566994667,178,0.6984386063054234,0.018046592947957216,1.0556926727294922,0.9886507987976074,0.1125861331820488,178,1.4607418608036937e-08,1.4607418608036937e-06,1.4607418608036937e-06
614717604,0.7484452912600775,0.8947802964863064,1.000133991241455,0.4374977946281433,-0.3403264284133911,179,0.7484452999070317,0.8947801396276529,1.0001338720321655,0.4374975562095642,-0.3403269350528717,179,8.646954152702335e-09,8.646954152702335e-07,8.646954152702335e-07
614750938,0.7956327447684546,0.8779733933721472,0.9437490701675416,0.5562984347343445,-0.5358913540840149,180,0.7956327593758732,0.8779734195822237,0.943749189376831,0.5562984943389893,-0.5358912348747253,180,1.4607418608036937e-08,1.4607418608036937e-06,1.4607418608036937e-06
614784272,0.8228815434436173,0.8228815434436173,0.9739882946014404,0.3323270976543426,-0.6742677688598633,181,0.8228815604227391,0.8228815604227391,0.9739882946014404,0.3323271870613098,-0.6742677688598633,181,1.697912177522909e-08,1.697912177522909e-06,1.697912177522909e-06
614817606,0.8590275166491838,0.7734761234810579,1.0843791961669922,0.1157488226890564,-0.7790126204490662,182,0.8590275256810195,0.773476162202844,1.084378957748413,0.11574901640415192,-0.7790126204490662,182,9.03183572376065e-09,9.031835723760651e-07,9.031835723760651e-07
614850940,0.8962539035141638,0.7091363574108024,1.116791605949402,-0.2569479346275329,-0.9786679148674012,183,0.8962539125459995,0.709136348342732,1.1167916059494019,-0.25694799423217773,-0.9786679148674011,183,9.03183572376065e-09,9.031835723760651e-07,9.031835723760651e-07
614884274,0.9328587013542822,0.6351904365792231,1.0981439352035522,-0.7624571919441223,-0.8669268488883972,184,0.9328587103861179,0.6351904311527565,1.0981439352035522,-0.7624571919441223,-0.8669267892837524,184,9.03183572376065e-09,9.031835723760651e-07,9.031835723760651e-07
614917608,0.972973966405806,0.833166933432843,1.203457951545715,0.8504583239555359,-1.476600170135498,185,0.9729739754376417,0.833166943081175,1.2034579515457153,0.8504584431648254,-1.476600170135498,185,9.03183572376065e-09,9.031835723760651e-07,9.031835723760651e-07
614950942,0.0092977283458084,0.877690272663163,1.0897128582000732,1.1436097621917725,-1.1055868864059448,186,0.009297729430358226,0.8776902812386571,1.0897126197814941,1.1436097621917725,-1.1055867671966553,186,1.0845497833145146e-09,1.0845497833145146e-07,1.0845497833145146e-07
614984276,0.0443374075551997,0.9271372200755974,1.0511903762817385,1.5576263666152954,-0.7674807906150818,187,0.044337404666106514,0.9271372540941129,1.0511902570724487,1.5576268434524536,-0.7674806118011475,187,-2.8890931869085534e-09,-2.8890931869085534e-07,2.8890931869085534e-07
615017610,0.0780617592791885,0.9510842144620484,1.0117305517196655,1.760669231414795,-0.5588446855545044,188,0.07806175241645238,0.9510841859451522,1.011730432510376,1.7606698274612427,-0.5588452219963074,188,-6.86273610162047e-09,-6.86273610162047e-07,6.86273610162047e-07
615050944,0.1093195555667252,0.015959041920005,0.9377338886260986,1.742590308189392,0.1753238439559936,189,0.10931954671716751,0.015959027066554825,0.9377338290214539,1.7425909042358398,0.1753237396478653,189,-8.849557697754307e-09,-8.849557697754307e-07,8.849557697754307e-07
615084278,0.1470340428809494,0.1566334323449441,0.7542897462844849,0.907239317893982,1.3648865222930908,190,0.14703404595232072,0.15663343404660388,0.754289984703064,0.9072389006614685,1.364885926246643,190,3.071371379448351e-09,3.071371379448351e-07,3.071371379448351e-07
615117612,0.1722112673580816,0.1467661474856892,0.7553167343139648,1.5251667499542236,2.0119431018829346,191,0.17221127837673886,0.1467661565651938,0.755316972732544,1.5251667499542236,2.0119433403015137,191,1.1018657319894487e-08,1.1018657319894487e-06,1.1018657319894487e-06
615150946,0.199400204227385,0.146730631408806,0.8156681060791016,1.6121530532836914,2.125706672668457,192,0.19940021524604223,0.14673062555198355,0.8156681060791016,1.6121528148651123,2.125706195831299,192,1.1018657208872185e-08,1.1018657208872185e-06,1.1018657208872185e-06
615184280,0.227064237799264,0.1543774546377954,0.8299210071563721,1.478517770767212,2.157372236251831,193,0.22706425279156428,0.1543774606216647,0.8299211263656616,1.4785176515579224,2.157372236251831,193,1.4992300290117555e-08,1.4992300290117555e-06,1.4992300290117555e-06
615217614,0.256079846427855,0.1609469051278325,0.870468258857727,1.3502769470214844,2.155941963195801,194,0.25607985943333367,0.1609469224935985,0.8704681992530823,1.3502764701843262,2.1559417247772217,194,1.3005478693983719e-08,1.3005478693983719e-06,1.3005478693983719e-06
615250948,0.283749991462645,0.1643708725490004,0.8301043510437012,1.2999963760375977,2.178473949432373,195,0.2837499965208377,0.16437089823782244,0.8301041126251221,1.2999958992004395,2.178473949432373,195,5.0581927535375826e-09,5.058192753537583e-07,5.058192753537583e-07
615284282,0.3100801763991684,0.1765861365482387,0.7899055480957031,1.1028034687042236,2.218763589859009,196,0.31008017549689665,0.17658612283413516,0.7899053692817688,1.1028037071228027,2.218763589859009,196,-9.022717573081707e-10,-9.022717573081707e-08,9.022717573081707e-08
615317616,0.3354100761870713,0.2009637128645305,0.759896993637085,0.6430952548980713,2.0207977294921875,197,0.3354100713111565,0.20096372022635603,0.7598968744277954,0.643095076084137,2.0207974910736084,197,-4.87591478304239e-09,-4.87591478304239e-07,4.87591478304239e-07
615350950,0.3707417784194321,0.1582681263444437,1.0599510669708252,1.3062268495559692,2.0096099376678467,198,0.37074176162258843,0.15826810842449018,1.0599507093429565,1.3062273263931274,2.009610176086426,198,-1.6796843693711594e-08,-1.6796843693711594e-06,1.6796843693711594e-06
615384284,0.408049680596607,0.1491658008078622,1.1192370653152466,1.5081628561019895,2.053091526031494,199,0.4080496479051914,0.14916575916256775,1.1192365884780884,1.508163332939148,2.053091049194336,199,-3.269141563011502e-08,-3.2691415630115017e-06,3.2691415630115017e-06
615417618,0.4447527148386012,0.14549347075231,1.1010910272598269,1.5622340440750122,2.026966094970703,200,0.4447526821471856,0.14549344995669058,1.1010910272598267,1.5622342824935913,2.026965856552124,200,-3.2691415574603866e-08,-3.2691415574603866e-06,3.2691415574603866e-06
615450952,0.4841867226422003,0.1549557309139147,1.1830202341079712,1.409812569618225,2.073235511779785,201,0.48418668597714165,0.15495572290424303,1.1830201148986816,1.4098130464553833,2.0732359886169434,201,-3.6665058655849236e-08,-3.6665058655849236e-06,3.6665058655849236e-06
615484286,0.5224513588408799,0.1625397052424347,1.1479390859603882,1.334347367286682,2.1786768436431885,202,0.5224513261494642,0.1625397193325715,1.1479392051696777,1.3343472480773926,2.1786770820617676,202,-3.269141568562617e-08,-3.269141568562617e-06,3.269141568562617e-06
615517620,0.5550708470801682,0.1549857039829769,0.97858464717865,1.1788790225982666,1.7343326807022097,203,0.5550708183623956,0.15498567405341412,0.9785847663879395,1.1788794994354248,1.7343326807022095,203,-2.8717772604380798e-08,-2.87177726043808e-06,2.87177726043808e-06
615550954,0.5849941430548996,0.1519496338035061,0.8976988792419434,1.217054843902588,1.719027042388916,204,0.5849941242712345,0.1519496325681233,0.8976991772651672,1.2170552015304565,1.7190275192260742,204,-1.8783665067800825e-08,-1.8783665067800825e-06,1.8783665067800825e-06
615584288,0.6157683748066595,0.151109970681647,0.9232269525527954,1.2383832931518557,1.7297292947769165,205,0.6157683560229944,0.15110997274154486,0.9232269525527954,1.238383173942566,1.729729175567627,205,-1.8783665067800825e-08,-1.8783665067800825e-06,1.8783665067800825e-06
615617622,0.6484622536162705,0.145038170876933,0.98081636428833,1.3062872886657717,1.6848896741867063,206,0.6484622308589624,0.14503817474927658,0.9808162450790405,1.306287407875061,1.6848899126052856,206,-2.2757308149046196e-08,-2.2757308149046196e-06,2.2757308149046196e-06
615650956,0.6988688347796769,0.135598027590959,1.0081316232681274,1.49970281124115,1.7140194177627563,207,0.6988688120223687,0.13559802759095904,1.0081316232681274,1.49970281124115,1.7140194177627563,207,-2.2757308149046196e-08,-2.2757308149046196e-06,2.2757308149046196e-06
615684290,0.7535404978255601,0.1200198377078388,1.0934332609176636,1.7548338174819946,1.648310303688049,208,0.753540475068252,0.1200198370104905,1.0934332609176636,1.7548335790634155,1.6483100652694702,208,-2.2757308149046196e-08,-2.2757308149046196e-06,2.2757308149046196e-06
615717624,0.8086642382602067,0.1010435441353546,1.102474808692932,1.9583866596221924,1.4425642490386963,209,0.808664221463363,0.10104353488310427,1.1024749279022217,1.9583868980407715,1.4425642490386963,209,-1.6796843693711594e-08,-1.6796843693711594e-06,1.6796843693711594e-06
615750958,0.8641220865706774,0.0990179049398234,1.1091569662094116,2.026902198791504,1.453606128692627,210,0.8641220816947626,0.09901787752988864,1.1091572046279907,2.026902437210083,1.4536057710647583,210,-4.87591478304239e-09,-4.87591478304239e-07,4.87591478304239e-07
615784292,0.9219112155894608,0.9951094661346404,1.1557825803756714,0.7362582683563232,-0.0226309634745121,211,0.9219112107135461,0.9951094600941047,1.1557825803756714,0.736258327960968,-0.022630993276834488,211,-4.8759146720200874e-09,-4.875914672020087e-07,4.875914672020087e-07
615817626,0.93964470683277,0.93964470683277,1.099964261054993,0.7864092588424683,-0.3133940100669861,212,0.9396446839778597,0.9396446839778597,1.0999642610549927,0.7864090800285339,-0.31339406967163086,212,-2.2854910297631648e-08,-2.2854910297631648e-06,2.2854910297631648e-06
615850960,0.9804384555294152,0.8260985228194685,1.223812460899353,0.9630930423736572,-1.858354568481445,213,0.9804384326745048,0.8260985147715678,1.223812460899353,0.9630929231643677,-1.8583545684814453,213,-2.285491040865395e-08,-2.285491040865395e-06,2.285491040865395e-06
615884294,0.0253862386816774,0.8192264304256509,1.348433494567871,0.8909400105476379,-1.917480230331421,214,0.025386215826767256,0.8192264260690308,1.348433494567871,0.8909398913383484,-1.9174801111221313,214,-2.2854910131098194e-08,-2.2854910131098194e-06,2.2854910131098194e-06
615917628,0.0660538917654787,0.8225913950222724,1.220029592514038,0.8834429979324341,-1.8007134199142456,215,0.06605386891056853,0.8225913909357015,1.220029592514038,0.8834430575370789,-1.8007136583328247,215,-2.2854910186609345e-08,-2.2854910186609345e-06,2.2854910186609345e-06
615950962,0.1047205652668113,0.866419575253187,1.160000205039978,1.1412591934204102,-1.2714608907699585,216,0.10472054638554411,0.8664195587253325,1.1600003242492676,1.141258955001831,-1.2714608907699585,216,-1.8881267216386277e-08,-1.8881267216386277e-06,1.8881267216386277e-06
615984296,0.1387119974567527,0.9703187020836138,1.0197429656982422,1.7106512784957886,-0.3227753639221191,217,0.13871197460184254,0.9703186940513677,1.0197428464889526,1.7106512784957886,-0.3227754533290863,217,-2.2854910186609345e-08,-2.2854910186609345e-06,2.2854910186609345e-06
616017630,0.1681586867445741,0.0430735671089078,0.8834006786346436,1.3463784456253052,0.3735478818416595,218,0.168158663889664,0.04307358781301715,0.8834006786346436,1.3463780879974365,0.3735479712486267,218,-2.2854910075587043e-08,-2.2854910075587043e-06,2.2854910075587043e-06
616050964,0.1952747152123883,0.1454883220764265,0.8134808540344238,1.1243938207626345,1.4587799310684204,219,0.1952746963311211,0.14548830321060569,0.8134809732437134,1.1243938207626343,1.4587795734405518,219,-1.8881267216386277e-08,-1.8881267216386277e-06,1.8881267216386277e-06
616084298,0.224328852283362,0.1580100220861632,0.8716241121292114,1.2145252227783203,1.8619133234024048,220,0.22432882942845184,0.15801001742330445,0.8716239929199219,1.2145252227783203,1.8619132041931152,220,-2.2854910186609345e-08,-2.2854910186609345e-06,2.2854910186609345e-06
616117632,0.2540882354849611,0.1574592673412676,0.8927814960479736,1.348571538925171,2.0518593788146973,221,0.2540882066695865,0.15745928228653658,0.8927813172340393,1.3485714197158813,2.0518596172332764,221,-2.8815374641943947e-08,-2.8815374641943947e-06,2.8815374641943947e-06
616150966,0.2846682872249717,0.1650030211105454,0.9174015522003174,1.28408944606781,2.1713707447052,222,0.2846682584095971,0.16500300287251118,0.9174015522003174,1.2840899229049683,2.1713709831237793,222,-2.8815374586432796e-08,-2.8815374586432796e-06,2.8815374586432796e-06
616184300,0.3135151233150596,0.1740059301439954,0.8654050827026367,1.1965065002441406,2.312455654144287,223,0.313515078605113,0.17400593082036778,0.8654046058654785,1.1965068578720093,2.3124563694000244,223,-4.470994657834737e-08,-4.470994657834737e-06,4.470994657834737e-06
616217634,0.3416061685357525,0.2009707806496754,0.8427313566207886,0.743319571018219,2.3360915184021,224,0.34160613177309196,0.20097079808116747,0.8427315950393677,0.7433192133903503,2.3360912799835205,224,-3.676266052687893e-08,-3.676266052687893e-06,3.676266052687893e-06
616250968,0.3673000023637249,0.2166998296755418,0.7708150148391724,0.4932120144367218,2.322759866714477,225,0.36729996560106437,0.21669984980373644,0.7708150148391724,0.49321165680885315,2.3227596282958984,225,-3.676266052687893e-08,-3.676266052687893e-06,3.676266052687893e-06
616284302,0.4012658403191998,0.1564750798568129,1.0189751386642456,1.2803969383239746,1.922128438949585,226,0.4012657876619673,0.1564750684655916,1.0189746618270874,1.2803970575332642,1.9221283197402954,226,-5.2657232518793506e-08,-5.265723251879351e-06,5.265723251879351e-06
616317636,0.4395939038072064,0.1411293271316101,1.1498419046401978,1.635782241821289,2.006135940551758,227,0.43959382730811597,0.1411292843959896,1.1498411893844604,1.6357823610305786,2.0061349868774414,227,-7.649909045115422e-08,-7.649909045115422e-06,7.649909045115422e-06
616350970,0.47870560942829,0.1410618621423001,1.173351168632507,1.6082792282104492,1.9706997871398928,228,0.4787055249819136,0.1410618396250892,1.1733509302139282,1.6082791090011597,1.9706990718841553,228,-8.444637639160035e-08,-8.444637639160035e-06,8.444637639160035e-06
616384304,0.5208306358132794,0.141586798448819,1.2637507915496826,1.5345909595489502,1.8931187391281128,229,0.5208305314986881,0.14158678520764653,1.2637501955032349,1.5345913171768188,1.8931188583374023,229,-1.0431459129822684e-07,-1.0431459129822684e-05,1.0431459129822684e-05
616417638,0.5625578568253948,0.1565364448433488,1.2518166303634644,1.3662922382354736,2.0527892112731934,230,0.5625577525108035,0.15653642562826114,1.2518166303634644,1.3662925958633423,2.0527892112731934,230,-1.0431459129822684e-07,-1.0431459129822684e-05,1.0431459129822684e-05
616450972,0.6002383555843467,0.1536982391604878,1.130414962768555,1.3247791528701782,1.91546368598938,231,0.6002382512697554,0.1536982247570181,1.1304149627685547,1.3247789144515991,1.9154629707336426,231,-1.0431459129822684e-07,-1.0431459129822684e-05,1.0431459129822684e-05
616484306,0.6329587703818117,0.1551948578295467,0.9816124439239502,1.2020854949951172,1.773481845855713,232,0.6329586620935774,0.15519488031054274,0.9816123247146606,1.2020856142044067,1.7734825611114502,232,-1.0828823426844991e-07,-1.0828823426844991e-05,1.0828823426844991e-05
616517640,0.6644667670999005,0.1506847364944826,0.9452399015426636,1.284292221069336,1.7837649583816528,233,0.6644666667589522,0.15068473145092565,0.9452401399612427,1.284292221069336,1.7837648391723633,233,-1.0034094832800378e-07,-1.0034094832800378e-05,1.0034094832800378e-05
616550974,0.7137953803811505,0.1462462994978211,0.986572265625,1.306847095489502,1.712297439575195,234,0.7137952740797376,0.14624631018552958,0.9865721464157104,1.306847095489502,1.7122976779937744,234,-1.0630141289436068e-07,-1.0630141289436068e-05,1.0630141289436068e-05
616584308,0.7651890025411084,0.1388600668266371,1.0278724431991575,1.4023044109344482,1.6705868244171145,235,0.76518890220016,0.13886005004896676,1.0278725624084473,1.4023044109344482,1.6705864667892456,235,-1.0034094843902608e-07,-1.0034094843902608e-05,1.0034094843902608e-05
616617642,0.8198753044877485,0.1244516780464283,1.0937260389328003,1.6249215602874756,1.6137635707855225,236,0.8198752101072645,0.1244516897626167,1.0937261581420898,1.624921441078186,1.613763689994812,236,-9.438048398369148e-08,-9.438048398369148e-06,9.438048398369148e-06
616650976,0.8767833516869977,0.1031931452478934,1.1381609439849854,1.9315346479415891,1.463434815406799,237,0.8767832513460493,0.10319315924101771,1.1381608247756958,1.931534767150879,1.463435173034668,237,-1.0034094843902608e-07,-1.0034094843902608e-05,1.0034094843902608e-05
616684310,0.9343813345704512,0.1003814547244503,1.1519596576690674,1.9905264377593996,1.453503966331482,238,0.9343812223085737,0.10038145472445031,1.1519594192504883,1.9905264377593994,1.453503966331482,238,-1.1226187757173989e-07,-1.1226187757173989e-05,1.1226187757173989e-05
616717644,0.9935477838788466,0.0671061718084533,1.1833289861679075,1.0303846597671509,0.4621704518795013,239,0.993547683537898,0.06710626074009159,1.1833292245864868,1.0303847789764404,0.46217119693756104,239,-1.0034094855004838e-07,-1.0034094855004838e-05,1.0034094855004838e-05
616750978,0.0205158259346123,0.5646920451875874,0.8090412616729736,-1.6744871139526367,-0.7207717299461365,240,0.02051572162002091,0.5646919912814888,0.8090411424636841,-1.6744868755340576,-0.7207709550857544,240,-1.0431459140924915e-07,-1.0431459140924915e-05,1.0431459140924915e-05
616784312,0.0732254928225314,0.7685143404340549,1.5812900066375732,0.3107000291347503,-2.658813953399658,241,0.073225396455226,0.7685143248241206,1.5812902450561523,0.31069982051849365,-2.6588144302368164,241,-9.636730541329186e-08,-9.636730541329186e-06,9.636730541329186e-06
616817646,0.1224345749491488,0.7607023128113618,1.476272463798523,0.1739811897277832,-2.5833871364593506,242,0.12243447858184342,0.7607023284180506,1.476272463798523,0.1739814281463623,-2.5833868980407715,242,-9.636730535778071e-08,-9.63673053577807e-06,9.63673053577807e-06
616850980,0.1695365255945956,0.7549445473215001,1.413058519363403,0.0748355388641357,-2.408029079437256,243,0.1695364252536472,0.7549445610909353,1.4130584001541138,0.07483573257923126,-2.4080286026000977,243,-1.0034094838351493e-07,-1.0034094838351493e-05,1.0034094838351493e-05
616884314,0.2111622398966586,0.7579873882491219,1.2487714290618896,0.1067494451999664,-2.125279903411865,244,0.21116214352935317,0.7579874100534508,1.2487715482711792,0.1067497730255127,-2.1252806186676025,244,-9.636730546880301e-08,-9.636730546880301e-06,9.636730546880301e-06
616917648,0.2494906967753207,0.7719996681291481,1.1498537063598633,0.2437189519405365,-1.7519224882125854,245,0.2494906004080153,0.7719996518931318,1.1498537063598633,0.24371880292892456,-1.7519227266311646,245,-9.636730541329186e-08,-9.636730541329186e-06,9.636730541329186e-06
616950982,0.3004925197237765,0.687598930510273,1.0200364589691162,-0.2784623503684997,-0.67345130443573,246,0.3004924233564711,0.6875989524878482,1.0200364589691162,-0.278462290763855,-0.6734514236450195,246,-9.636730541329186e-08,-9.636730541329186e-06,9.636730541329186e-06
616984316,0.3506663805121219,0.5356296393367321,1.0034772157669067,-0.6355465650558472,-0.1447037756443023,247,0.3506662781843519,0.5356296274270005,1.0034770965576172,-0.6355463266372681,-0.144703671336174,247,-1.0232776997964876e-07,-1.0232776997964876e-05,1.0232776997964876e-05
617017650,0.4033067589873111,0.4891833461288311,1.0528075695037842,-0.8826474547386169,0.0600799359381198,248,0.4033066626200056,0.48918339633559577,1.0528076887130737,-0.8826475143432617,0.0600796602666378,248,-9.636730552431416e-08,-9.636730552431416e-06,9.636730552431416e-06
617050984,0.4582886403673923,0.4928959739398332,1.0996376276016235,-1.1033258438110352,0.0492806881666183,249,0.45828854996055124,0.49289602603715205,1.099637746810913,-1.103325605392456,0.0492803156375885,249,-9.040684106897956e-08,-9.040684106897956e-06,9.040684106897956e-06
617084318,0.4663129660403378,0.4663129660403378,1.0762629508972168,-1.2597620487213137,0.270698219537735,250,0.4663129670514914,0.4663129670514914,1.076263189315796,-1.2597618103027344,0.2706981599330902,250,1.0111536052903602e-09,1.0111536052903602e-07,1.0111536052903602e-07
617117652,0.50061892001983,0.4655152382433205,1.0291786193847656,-1.3859353065490725,0.3050857186317444,251,0.5006189130836977,0.46551522153232,1.0291783809661865,-1.3859354257583618,0.3050858974456787,251,-6.936132335155776e-09,-6.936132335155776e-07,6.936132335155776e-07
617150986,0.5321608556226539,0.4732460127880803,0.9462580680847168,-1.3415210247039795,0.2276584506034851,252,0.5321608486865216,0.4732460335334779,0.9462580680847168,-1.3415213823318481,0.22765833139419556,252,-6.936132335155776e-09,-6.936132335155776e-07,6.936132335155776e-07
617184320,0.5984141541436958,0.6332915099231673,1.3250659704208374,-0.8450565934181213,-0.9380345940589904,253,0.5984141591284924,0.6332914858843546,1.3250662088394165,-0.8450564742088318,-0.938034176826477,253,4.984796575513428e-09,4.984796575513428e-07,4.984796575513428e-07
617217654,0.645969775608743,0.3214725676530612,1.426668643951416,-0.8156962394714355,1.6926136016845703,254,0.6459697726462537,0.32147258113336474,1.426668405532837,-0.8156963586807251,1.6926134824752808,254,-2.9624893649327078e-09,-2.962489364932708e-07,2.962489364932708e-07
617250988,0.6934261354720243,0.2957667206793818,1.4236907958984375,-0.5144317150115967,1.7393653392791748,255,0.6934261484041069,0.2957667475914508,1.4236912727355957,-0.514431893825531,1.7393648624420166,255,1.2932082626981867e-08,1.2932082626981867e-06,1.2932082626981867e-06
617284322,0.7424231402988879,0.318665261819725,1.4699101448059082,-0.7050002217292786,1.5314077138900757,256,0.7424231532309705,0.3186652712318908,1.4699101448059082,-0.7050002217292786,1.5314074754714966,256,1.2932082626981867e-08,1.2932082626981867e-06,1.2932082626981867e-06
617317656,0.7925307346299935,0.3141747853962575,1.5032278299331665,-0.5868338346481323,1.3756182193756104,257,0.7925307475620761,0.3141747687498071,1.5032278299331665,-0.5868337154388428,1.3756183385849,257,1.2932082626981867e-08,1.2932082626981867e-06,1.2932082626981867e-06
617350990,0.8369200302079964,0.3449646397294827,1.331678867340088,-0.7363588809967041,1.084037184715271,258,0.8369200431400791,0.3449646863925696,1.331678867340088,-0.7363589406013489,1.0840365886688232,258,1.2932082626981867e-08,1.2932082626981867e-06,1.2932082626981867e-06
617384324,0.8746081861769804,0.4195820811816636,1.130644679069519,-0.8414919376373291,0.4654957354068756,259,0.874608207056349,0.41958213866590266,1.1306449174880981,-0.8414921164512634,0.46549543738365173,259,2.0879368567428003e-08,2.0879368567428003e-06,2.0879368567428003e-06
617417658,0.9104109161015004,0.5074345746566455,1.0740818977355957,-0.8378804922103882,-0.0391682460904121,260,0.9104109369808688,0.507434548882048,1.0740818977355957,-0.8378803730010986,-0.0391681045293808,260,2.08793684564057e-08,2.08793684564057e-06,2.08793684564057e-06
617450992,0.9455896370525806,0.5637666344193266,1.0553616285324097,-0.8145734071731567,-0.3450276851654053,261,0.9455896579319492,0.5637666712433811,1.0553616285324097,-0.8145735859870911,-0.34502798318862915,261,2.0879368567428003e-08,2.0879368567428003e-06,2.0879368567428003e-06
617484326,0.9813649528141468,0.6034241433037595,1.0732594728469849,-0.7547329068183899,-0.5735524892807007,262,0.9813649736935153,0.6034241853719776,1.0732594728469849,-0.7547327280044556,-0.573552668094635,262,2.08793684564057e-08,2.08793684564057e-06,2.08793684564057e-06
617517660,0.0171726458187548,0.6329521987159463,1.0742307901382446,-0.5985537767410278,-0.6615684032440186,263,0.01717266669812334,0.6329521987159463,1.0742307901382446,-0.5985537767410278,-0.6615684032440186,263,2.0879368567428003e-08,2.0879368567428003e-06,2.0879368567428003e-06
617550994,0.0536444378808785,0.6787090680950301,1.0941537618637085,-0.2467824667692184,-0.5135847926139832,264,0.053644458760246955,0.6787090753056249,1.0941537618637085,-0.24678246676921844,-0.5135848522186279,264,2.08793684564057e-08,2.08793684564057e-06,2.08793684564057e-06
617584328,0.09091952174064,0.7528977651677615,1.118252515792847,0.0062209703028202,-0.3416387140750885,265,0.09091953864636552,0.7528974585315278,1.1182523965835571,0.006220318377017975,-0.34163907170295715,265,1.6905725486182632e-08,1.6905725486182632e-06,1.6905725486182632e-06
617617662,0.1476608845507749,0.2510514834113524,1.1348272562026978,-0.0054424665868282,0.8237722516059875,266,0.1476609074169649,0.2510514636400161,1.1348273754119873,-0.005442362278699875,0.8237719535827637,266,2.2866190052539537e-08,2.2866190052539537e-06,2.2866190052539537e-06
617650996,0.1847999148483722,0.9116517836016677,1.1141709089279177,0.8010050058364868,-0.4967478513717651,267,0.18479993771456213,0.9116517728269495,1.1141709089279175,0.8010051250457764,-0.4967480003833771,267,2.2866189941517234e-08,2.2866189941517234e-06,2.2866189941517234e-06
617684330,0.2316239886398761,0.8188210501425922,1.4047222137451172,0.9120888710021972,-1.9761528968811035,268,0.23162399958513707,0.8188210458808545,1.4047218561172485,0.9120887517929077,-1.976152777671814,268,1.0945260919825728e-08,1.0945260919825728e-06,1.0945260919825728e-06
617717664,0.2791195325966327,0.8073380318539836,1.4248663187026978,0.7116600275039673,-1.8891657590866089,269,0.2791195395682507,0.8073380340827083,1.4248661994934082,0.7116599678993225,-1.8891655206680298,269,6.97161794960266e-09,6.97161794960266e-07,6.97161794960266e-07
617750998,0.3215057703768857,0.8150536374248062,1.2715871334075928,0.7288985848426819,-1.6828290224075315,270,0.3215057773485038,0.8150536143263181,1.2715871334075928,0.7288983464241028,-1.6828291416168213,270,6.971618060624962e-09,6.971618060624962e-07,6.971618060624962e-07
617784332,0.3823144110953458,0.821158848660815,1.2161728143692017,0.6568132638931274,-1.369820475578308,271,0.38231439422510594,0.8211589004921539,1.2161723375320435,0.6568140983581543,-1.3698210716247559,271,-1.6870239871735748e-08,-1.6870239871735748e-06,1.6870239871735748e-06
617817666,0.4213956309274483,0.97089533955483,1.1724365949630735,1.229411482810974,-0.2273625582456588,272,0.42139560610992244,0.9708952825498409,1.1724363565444946,1.2294118404388428,-0.22736307978630066,272,-2.4817525867693035e-08,-2.4817525867693035e-06,2.4817525867693035e-06
617851000,0.4534477902368355,0.0770491258901026,0.9615647792816162,1.0688209533691406,0.5620406270027161,273,0.4534477773402386,0.07704911306268065,0.9615651369094849,1.068820595741272,0.5620403289794922,273,-1.289659690151268e-08,-1.289659690151268e-06,1.289659690151268e-06
617884334,0.4868542147592354,0.1243549562997708,1.002192735671997,1.4132766723632812,1.4018670320510864,274,0.4868542018626385,0.12435495629977084,1.002192735671997,1.4132766723632812,1.4018670320510864,274,-1.289659690151268e-08,-1.289659690151268e-06,1.289659690151268e-06
617917668,0.5205273343042183,0.1264484435344377,1.0101935863494873,1.616591215133667,1.646286964416504,275,0.5205273253812644,0.12644843798477065,1.0101937055587769,1.616590976715088,1.6462866067886353,275,-8.92295382026731e-09,-8.92295382026731e-07,8.92295382026731e-07
617951002,0.5550716194426664,0.1324105539861684,1.0363285541534424,1.5699936151504517,1.7234536409378052,276,0.5550716065460696,0.13241054463236668,1.0363284349441528,1.569993257522583,1.7234530448913574,276,-1.2896596790490378e-08,-1.2896596790490378e-06,1.2896596790490378e-06
617984336,0.5878305308933703,0.1536897958255857,0.9827673435211182,1.3114486932754517,1.8959745168685915,277,0.5878305179967735,0.15368980050735004,0.9827673435211182,1.3114486932754517,1.8959746360778809,277,-1.2896596790490378e-08,-1.2896596790490378e-06,1.2896596790490378e-06
618017670,0.61915332008557,0.165337556148254,0.9396836757659912,1.131047010421753,1.9217870235443115,278,0.6191533151362593,0.16533757039325822,0.9396839141845703,1.1310471296310425,1.9217876195907593,278,-4.949310739021939e-09,-4.949310739021939e-07,4.949310739021939e-07
618051004,0.6471348040218798,0.191690090674577,0.8394445180892944,0.8208876252174377,2.1394264698028564,279,0.6471348030462121,0.19169008654066494,0.839444637298584,0.8208875060081482,2.1394259929656982,279,-9.756677687988713e-10,-9.756677687988713e-08,9.756677687988713e-08
618084338,0.677980887186095,0.1802214872800935,0.9253824949264526,0.8252055644989014,1.7600045204162598,280,0.6779808901840702,0.18022146822996574,0.9253826141357422,0.8252061009407043,1.7600051164627075,280,2.9979752014241967e-09,2.9979752014241967e-07,2.9979752014241967e-07
618117672,0.7375387542362658,0.1039946244303584,1.191157341003418,1.7191816568374634,1.3162243366241455,281,0.7375387751156345,0.10399460518825587,1.1911576986312866,1.719181776046753,1.3162240982055664,281,2.0879368678450305e-08,2.0879368678450305e-06,2.0879368678450305e-06
618151006,0.79752046395497,0.0996256879998132,1.1996341943740845,2.0611300468444824,1.490104913711548,282,0.7975204848343387,0.09962574845318509,1.1996341943740845,2.0611300468444824,1.4901061058044434,282,2.0879368678450305e-08,2.0879368678450305e-06,2.0879368678450305e-06
618184340,0.8592667095776049,0.1070779873382528,1.2349249124526978,1.6899878978729248,1.3465938568115234,283,0.8592667244965091,0.10707793798491679,1.2349247932434082,1.689988374710083,1.3465933799743652,283,1.4918904223115703e-08,1.4918904223115703e-06,1.4918904223115703e-06
618217674,0.9268191509361712,0.1062662868772563,1.3510488271713257,1.5725528001785278,1.2399616241455078,284,0.9268191598946109,0.10626629359869735,1.3510487079620361,1.5725538730621338,1.2399625778198242,284,8.958439767781101e-09,8.958439767781101e-07,8.958439767781101e-07
618251008,0.9889175825233903,0.1131676854264391,1.2419686317443848,1.444995403289795,1.244664430618286,285,0.9889175855213657,0.11316767893389135,1.2419685125350952,1.4449955224990845,1.2446644306182861,285,2.997975312446499e-09,2.997975312446499e-07,2.997975312446499e-07
618284342,0.0417893760319201,0.1186499599995876,1.0574358701705933,1.352123737335205,1.2483150959014893,286,0.04178938499035989,0.1186499693194831,1.0574359893798828,1.3521240949630737,1.2483155727386475,286,8.958439767781101e-09,8.958439767781101e-07,8.958439767781101e-07
618317676,0.091548454057738,0.1334204045933123,0.9951815605163574,1.3028347492218018,1.4485374689102173,287,0.09154846301617776,0.13342038938379422,0.9951815605163574,1.3028351068496704,1.4485375881195068,287,8.958439767781101e-09,8.958439767781101e-07,8.958439767781101e-07
618351010,0.1352173019632683,0.1352173019632683,1.0134588479995728,1.2891840934753418,1.4663233757019043,288,0.13521728271453243,0.1352172827145324,1.0134589672088623,1.2891840934753418,1.4663230180740356,288,-1.9248735882992918e-08,-1.9248735882992918e-06,1.9248735882992918e-06
618384344,0.1712984133943902,0.1199357585818899,1.0824333429336548,1.4420069456100464,1.3530397415161133,289,0.17129839811929723,0.11993575028985246,1.0824334621429443,1.4420065879821777,1.353039264678955,289,-1.5275092968281e-08,-1.5275092968281e-06,1.5275092968281e-06
618417678,0.2076703438346571,0.0997804985821579,1.0911579132080078,1.6020172834396362,1.1605613231658936,290,0.20767033253320716,0.09978049644189253,1.0911580324172974,1.6020171642303467,1.160561203956604,290,-1.1301449942546782e-08,-1.1301449942546782e-06,1.1301449942546782e-06
618451012,0.2454804628277805,0.0944106308122982,1.1343035697937012,1.6109845638275146,1.0861248970031738,291,0.24548045549997352,0.09441063062932477,1.1343036890029907,1.6109849214553833,1.086125135421753,291,-7.327806972323714e-09,-7.327806972323714e-07,7.327806972323714e-07
618484346,0.2844059873804436,0.090331963458562,1.167765736579895,1.6562931537628174,1.0559680461883545,292,0.2844059840262797,0.09033197974750534,1.1677658557891846,1.6562931537628174,1.0559682846069336,292,-3.3541638910783433e-09,-3.3541638910783433e-07,3.3541638910783433e-07
618517680,0.324002310552695,0.0938495683780479,1.1878896951675415,1.6383676528930664,1.096205472946167,293,0.32400231117217404,0.09384956302589055,1.187889814376831,1.638367772102356,1.096205472946167,293,6.194790236335734e-10,6.194790236335734e-08,6.194790236335734e-08
618551014,0.3916808872605349,0.821127031555279,1.353571534156799,0.8524426221847534,-1.7787283658981323,294,0.3916808938404785,0.8211270172835586,1.3535716533660889,0.8524420261383057,-1.7787275314331055,294,6.579943589990478e-09,6.579943589990478e-07,6.579943589990478e-07
618584348,0.4651548831845309,0.8114751071591038,1.4694799184799194,0.9168093204498292,-2.2543249130249023,295,0.46515489572493895,0.811475094063409,1.469480037689209,0.9168092012405396,-2.2543251514434814,295,1.254040804532508e-08,1.254040804532508e-06,1.254040804532508e-06
618617682,0.5362424641037966,0.7957447791202015,1.421751618385315,0.4910841286182403,-1.6612659692764282,296,0.5362424945255981,0.7957447223124385,1.4217519760131836,0.49108341336250305,-1.6612657308578491,296,3.042180152235119e-08,3.042180152235119e-06,3.042180152235119e-06
618651016,0.6051397352601077,0.7791344513895174,1.3779454231262207,0.2724000215530395,-1.4714010953903198,297,0.6051397656819092,0.7791345035657716,1.3779454231262207,0.27240049839019775,-1.4714009761810303,297,3.042180152235119e-08,3.042180152235119e-06,3.042180152235119e-06
618684350,0.6696804492856051,0.8146688943736562,1.2908142805099487,0.4318487346172333,-1.0036671161651611,298,0.6696804677864777,0.8146689615121288,1.2908140420913696,0.4318493902683258,-1.0036674737930298,298,1.8500872611681984e-08,1.8500872611681984e-06,1.8500872611681984e-06
618717684,0.7312579541588808,0.9783687000269954,1.2315500974655151,0.7615306377410889,-0.1041443273425102,299,0.7312579786202179,0.9783686177736179,1.2315502166748047,0.7615307569503784,-0.10414474457502365,299,2.4461337067016586e-08,2.4461337067016586e-06,2.4461337067016586e-06
618751018,0.78418228916178,0.1322914011638384,1.0584867000579834,0.6338924765586853,0.6948071122169495,300,0.7841823076626526,0.13229132181315614,1.0584865808486938,0.6338928937911987,0.6948068737983704,300,1.8500872611681984e-08,1.8500872611681984e-06,1.8500872611681984e-06
618784352,0.8346362977410342,0.1235614628317101,1.009080171585083,1.2651162147521973,1.242450714111328,301,0.8346363102814423,0.12356146296847834,1.0090800523757935,1.2651163339614868,1.2424508333206177,301,1.254040804532508e-08,1.254040804532508e-06,1.254040804532508e-06
618817686,0.8853143124962832,0.1248639035882765,1.0135602951049805,1.4512780904769895,1.4487981796264648,302,0.8853143309971557,0.12486391668376402,1.01356041431427,1.4512780904769897,1.448798418045044,302,1.8500872500659682e-08,1.8500872500659682e-06,1.8500872500659682e-06
618851020,0.9362447946454072,0.1397125325446302,1.018609642982483,1.3841246366500854,1.6669796705245972,303,0.9362448191067444,0.1397125213570848,1.0186097621917725,1.3841246366500854,1.666979432106018,303,2.446133717803889e-08,2.446133717803889e-06,2.446133717803889e-06
618884354,0.9842883258248354,0.1672719095792029,0.960870623588562,1.160075068473816,2.0270724296569824,304,0.9842883502861725,0.16727190252868682,0.960870623588562,1.1600751876831055,2.0270724296569824,304,2.4461337067016586e-08,2.4461337067016586e-06,2.4461337067016586e-06
618917688,0.0295610576058411,0.1874163625878855,0.9054546356201172,0.9086353778839112,2.1903834342956543,305,0.02956108802764268,0.18741636628294628,0.9054547548294067,0.9086353182792664,2.1903834342956543,305,3.042180152235119e-08,3.042180152235119e-06,3.042180152235119e-06
618951022,0.0729088633442902,0.2089511252945647,0.8669561147689819,0.5765926241874695,2.1857759952545166,306,0.07290890270678849,0.2089511212368777,0.8669562935829163,0.5765926837921143,2.1857759952545166,306,3.936249826086424e-08,3.936249826086424e-06,3.936249826086424e-06
618984356,0.1267346947575592,0.1538694257060784,1.0765166282653809,1.3229871988296509,1.917277455329895,307,0.12673472219912857,0.15386942986192273,1.0765163898468018,1.3229869604110718,1.917277216911316,307,2.744156935019504e-08,2.744156935019504e-06,2.744156935019504e-06
619017690,0.162913756488262,0.1187635824652475,1.0853718519210815,1.9719438552856443,1.823158264160156,308,0.16291377200890234,0.11876358843531573,1.085371494293213,1.9719440937042236,1.823158621788025,308,1.5520640328503532e-08,1.5520640328503532e-06,1.5520640328503532e-06
619051024,0.2024930247848216,0.0985881534817644,1.1873780488967896,1.7427804470062256,1.2427339553833008,309,0.20249304825274794,0.09858809060060479,1.1873782873153687,1.7427805662155151,1.2427330017089844,309,2.346792637997197e-08,2.346792637997197e-06,2.346792637997197e-06
619084358,0.2445641645972911,0.0989673687049146,1.2621341943740845,1.625247597694397,1.1647756099700928,310,0.2445641920388604,0.0989673753893255,1.262134313583374,1.6252471208572388,1.1647753715515137,310,2.7441569239172736e-08,2.7441569239172736e-06,2.7441569239172736e-06
619117692,0.2863089729532583,0.1077511825941656,1.252344250679016,1.4883840084075928,1.1962820291519165,311,0.28630899244754165,0.10775113750305022,1.252344012260437,1.48838472366333,1.196281909942627,311,1.94942832987266e-08,1.94942832987266e-06,1.94942832987266e-06
619151026,0.3242334454442048,0.1047162047003549,1.1377341747283936,1.4547672271728516,1.124284029006958,312,0.3242334649384881,0.10471612861418299,1.1377341747283936,1.4547675848007202,1.1242831945419312,312,1.94942832987266e-08,1.94942832987266e-06,1.94942832987266e-06
619184360,0.3574931114102387,0.1276427659014465,0.997789978981018,1.3175854682922363,1.362085461616516,313,0.35749312295723606,0.12764275103957343,0.997789740562439,1.3175859451293945,1.3620857000350952,313,1.1546997358280464e-08,1.1546997358280464e-06,1.1546997358280464e-06
619217694,0.38993744544039,0.1379517708327345,0.973330020904541,1.254130482673645,1.4768664836883545,314,0.38993746096103044,0.13795175294317658,0.9733301401138306,1.2541303634643555,1.4768660068511963,314,1.5520640439525835e-08,1.5520640439525835e-06,1.5520640439525835e-06
619251028,0.4231231539631866,0.1383811476799288,0.9955712556838988,1.3498436212539673,1.598297953605652,315,0.423123185378399,0.13838114182834454,0.9955717325210571,1.3498436212539673,1.5982978343963623,315,3.141521243144041e-08,3.141521243144041e-06,3.141521243144041e-06
619284362,0.4585343012397471,0.1290870151148391,1.062334418296814,1.4131591320037842,1.487667202949524,316,0.45853433265495946,0.12908702215463652,1.062334418296814,1.413158893585205,1.4876670837402344,316,3.141521243144041e-08,3.141521243144041e-06,3.141521243144041e-06
619317696,0.496708386062084,0.112630800600696,1.145222544670105,1.560930252075195,1.3353805541992188,317,0.49670842939822524,0.11263081260893053,1.1452229022979736,1.5609300136566162,1.3353805541992188,317,4.333614123108731e-08,4.333614123108731e-06,4.333614123108731e-06
619351030,0.5340987174893402,0.0936784481915017,1.121709942817688,1.6811121702194214,1.1221903562545776,318,0.5340987647991244,0.09367845078712367,1.1217100620269775,1.681112289428711,1.1221904754638672,318,4.730978420131038e-08,4.730978420131038e-06,4.730978420131038e-06
619384364,0.5722261040593171,0.0866592601102485,1.1438215970993042,1.6737060546875,1.0135259628295898,319,0.5722261473954583,0.08665926163080388,1.1438214778900146,1.6737064123153687,1.013526201248169,319,4.333614123108731e-08,4.333614123108731e-06,4.333614123108731e-06
619417698,0.6321441500569367,0.0274506970717596,1.1983609199523926,0.8217436075210571,0.1431549191474914,320,0.6321441993535424,0.027450723383830804,1.1983610391616821,0.8217434883117676,0.143155038356781,320,4.929660568642191e-08,4.929660568642191e-06,4.929660568642191e-06
619451032,0.6947622447396302,0.799991127467663,1.2523618936538696,0.4689680635929107,-1.4436091184616089,321,0.6947622821153069,0.799991163131677,1.2523616552352905,0.4689684212207794,-1.4436091184616089,321,3.7375676664730406e-08,3.7375676664730406e-06,3.7375676664730406e-06
619484366,0.7662726252461457,0.8133134938650156,1.43020761013031,0.8095344305038452,-1.9264785051345823,322,0.7662726566613579,0.8133134786381297,1.4302074909210205,0.8095340132713318,-1.9264780282974243,322,3.1415212209395804e-08,3.1415212209395804e-06,3.1415212209395804e-06
619517700,0.8140053319882072,0.8140053319882072,1.433922290802002,0.6450234651565552,-1.5164942741394043,323,0.8140053433734744,0.8140053433734744,1.4339218139648438,0.6450236439704895,-1.5164943933486938,323,1.1385267173480429e-08,1.1385267173480429e-06,1.1385267173480429e-06
619551034,0.8308829731316867,0.8308829731316867,1.3572896718978882,0.6871039867401123,-1.2335766553878784,324,0.8308829959394195,0.8308829959394195,1.3572897911071777,0.6871042847633362,-1.233576774597168,324,2.2807732813490134e-08,2.2807732813490134e-06,2.2807732813490134e-06
619584368,0.8548679475225938,0.8548679475225938,1.2624845504760742,0.6293144226074219,-0.8126987218856812,325,0.8548679517515865,0.8548679517515865,1.2624843120574951,0.6293147802352905,-0.8126991391181946,325,4.2289927115746195e-09,4.2289927115746195e-07,4.2289927115746195e-07
619617702,0.9155528668798936,0.979423760576412,1.213698387145996,1.0751042366027832,-0.139773741364479,326,0.9155528651484218,0.9794236804879128,1.2136982679367065,1.0751044750213623,-0.13977432250976562,326,-1.7314717437599825e-09,-1.7314717437599825e-07,1.7314717437599825e-07
619651036,0.966342097941829,0.145578026348397,1.0157846212387085,0.6442118287086487,0.8367704749107361,327,0.9663420842894282,0.14557798691656004,1.0157843828201294,0.6442120671272278,0.8367703557014465,327,-1.3652400765451489e-08,-1.365240076545149e-06,1.365240076545149e-06
619684370,0.0130877439417373,0.1414503283618632,0.934912919998169,1.0899779796600342,1.3422759771347046,328,0.013087712407943375,0.14145030492168287,0.9349125623703003,1.0899786949157715,1.3422764539718628,328,-3.153379390941069e-08,-3.153379390941069e-06,3.153379390941069e-06
619717704,0.0604717497267257,0.1401419523314257,0.947680115699768,1.5267702341079712,1.8489032983779907,329,0.06047173011386074,0.1401419666598867,0.9476803541183472,1.526769757270813,1.8489030599594116,329,-1.9612864943230335e-08,-1.9612864943230335e-06,1.9612864943230335e-06
619751038,0.1099691514410507,0.153010825233707,0.989948034286499,1.4000414609909058,2.00571084022522,330,0.10996912586772122,0.15301081755112345,0.9899479150772095,1.400041937828064,2.005711317062378,330,-2.5573329454076088e-08,-2.557332945407609e-06,2.557332945407609e-06
619784372,0.1598060492910873,0.1622523100873963,0.9967379570007324,1.297379493713379,2.1097538471221924,331,0.15980602967822233,0.16225232313798857,0.996738076210022,1.2973792552947998,2.1097538471221924,331,-1.9612864998741486e-08,-1.9612864998741486e-06,1.9612864998741486e-06
619817706,0.1751785019483315,0.1751785019483316,0.9534792900085448,1.191195011138916,2.344348192214966,332,0.17517850194833162,0.1751785019483316,0.9534794092178345,1.191195011138916,2.344348192214966,332,1.1102230246251565e-16,1.1102230246251565e-14,1.1102230246251565e-14
619851040,0.1917767195415164,0.1917767195415164,0.889633059501648,0.8753015398979187,2.2849597930908203,333,0.1917767214685906,0.19177672146859062,0.8896329998970032,0.8753015995025635,2.2849600315093994,333,1.9270741669075164e-09,1.9270741669075164e-07,1.9270741669075164e-07
619884374,0.2249577987702355,0.1720518614915096,0.9954323768615724,1.0835566520690918,2.0326218605041504,334,0.22495779672366667,0.1720518760286344,0.9954322576522827,1.0835564136505127,2.0326218605041504,334,-2.0465688033155516e-09,-2.0465688033155516e-07,2.0465688033155516e-07
619917708,0.2628260958703027,0.1092842954944342,1.1360489130020142,1.636946439743042,1.3418467044830322,335,0.2628260938237338,0.10928427469776363,1.1360489130020142,1.636946439743042,1.3418463468551636,335,-2.046568914337854e-09,-2.046568914337854e-07,2.046568914337854e-07
619951042,0.3040413964303002,0.0938837961006916,1.2364590167999268,1.8629465103149412,1.2470476627349854,336,0.3040413784891594,0.09388382649980644,1.2364585399627686,1.8629469871520996,1.2470484972000122,336,-1.7941140795230126e-08,-1.7941140795230126e-06,1.7941140795230126e-06
619984376,0.3451027898502018,0.1005477464957011,1.231841802597046,1.7881474494934082,1.308591365814209,337,0.345102759988132,0.10054771380003812,1.2318414449691772,1.7881475687026978,1.3085908889770508,337,-2.986206981692163e-08,-2.9862069816921633e-06,2.9862069816921633e-06
620017710,0.3899087377897566,0.1091886529114728,1.3441784381866455,1.6206175088882446,1.326833963394165,338,0.3899087119013298,0.10918866627332008,1.344178557395935,1.6206181049346924,1.3268346786499023,338,-2.5888426791187413e-08,-2.5888426791187413e-06,2.5888426791187413e-06
620051044,0.4313523797702457,0.1110949619089272,1.2433092594146729,1.5494354963302612,1.2998628616333008,339,0.431352337987247,0.11109494034837337,1.2433087825775146,1.5494354963302612,1.2998625040054321,339,-4.1782998727590837e-08,-4.178299872759084e-06,4.178299872759084e-06
620084378,0.4688908168188399,0.1155237100000782,1.1261531114578247,1.4309231042861938,1.269921064376831,340,0.4688907631149122,0.11552374384139405,1.126152753829956,1.4309237003326416,1.269922137260437,340,-5.370392769377119e-08,-5.370392769377119e-06,5.370392769377119e-06
620117712,0.5022529193273848,0.1336663130099864,1.0008630752563477,1.37021803855896,1.5281989574432373,341,0.5022528656234571,0.13366630280283054,1.0008630752563477,1.3702176809310913,1.5281983613967896,341,-5.370392774928234e-08,-5.370392774928234e-06,5.370392774928234e-06
620151046,0.5338865070056583,0.1395119171706374,0.9490076303482056,1.4247565269470217,1.711520791053772,342,0.5338864473412661,0.13951190297788266,0.9490074515342712,1.4247568845748901,1.7115209102630615,342,-5.966439220461695e-08,-5.9664392204616945e-06,5.9664392204616945e-06
620184380,0.5672910400739973,0.1343958104805262,1.002135992050171,1.467576503753662,1.651954174041748,343,0.5672909724623192,0.13439583045386705,1.0021357536315918,1.467576026916504,1.6519540548324585,343,-6.761167814506308e-08,-6.761167814506308e-06,6.761167814506308e-06
620217714,0.6032023855558699,0.1182193448686323,1.0773403644561768,1.6274335384368896,1.494352102279663,344,0.6032023139705488,0.11821936539567432,1.0773402452468872,1.6274338960647583,1.4943528175354004,344,-7.158532111528615e-08,-7.158532111528615e-06,7.158532111528615e-06
620251048,0.6589546331278151,0.0941643757113987,1.1150449514389038,1.7788991928100586,1.195333480834961,345,0.6589545675029584,0.0941643611323177,1.1150450706481934,1.77889883518219,1.1953330039978027,345,-6.562485665995155e-08,-6.562485665995155e-06,6.562485665995155e-06
620284382,0.7156326004377669,0.0921179280911152,1.1335593461990356,1.7743253707885742,1.1594260931015017,346,0.7156325288524458,0.09211792059777449,1.133559226989746,1.7743253707885742,1.159425973892212,346,-7.158532111528615e-08,-7.158532111528615e-06,7.158532111528615e-06
620317716,0.7754993685594862,0.072595318994469,1.1973353624343872,1.2819889783859253,0.6289922595024109,347,0.7754993029346297,0.07259536063104614,1.1973354816436768,1.2819888591766357,0.6289926171302795,347,-6.562485654892924e-08,-6.5624856548929245e-06,6.5624856548929245e-06
620351050,0.831812710415489,0.9372412560196056,1.1262668371200562,0.839782178401947,-0.3494497537612915,348,0.8318126567115615,0.9372412094903144,1.1262670755386353,0.8397820591926575,-0.3494499921798706,348,-5.370392752723774e-08,-5.370392752723774e-06,5.370392752723774e-06
620384384,0.8785058606179222,0.8223430987698183,1.400794506072998,0.957821249961853,-1.9600449800491333,349,0.8785058069139947,0.8223431105790291,1.400794506072998,0.9578214883804321,-1.9600450992584229,349,-5.370392752723774e-08,-5.370392752723774e-06,5.370392752723774e-06
620417718,0.9253795175265932,0.8205411210827416,1.4062097072601318,0.9165292978286744,-1.9306581020355225,350,0.9253794677963088,0.8205411325042251,1.4062098264694214,0.9165292978286743,-1.9306577444076538,350,-4.973028444599237e-08,-4.973028444599237e-06,4.973028444599237e-06
620451052,0.9695995239925052,0.8190821089121849,1.326600193977356,0.7787806987762451,-1.6800761222839355,351,0.9695994742622206,0.8190821335065819,1.326600193977356,0.7787812352180481,-1.6800765991210938,351,-4.973028455701467e-08,-4.973028455701467e-06,4.973028455701467e-06
620484386,0.011105842243797,0.8133952369045314,1.245189547538757,0.6408263444900513,-1.5228073596954346,352,0.011105792513512514,0.8133952421968512,1.2451895475387573,0.640826404094696,-1.5228073596954346,352,-4.973028450150352e-08,-4.973028450150352e-06,4.973028450150352e-06
620517720,0.0516966450722679,0.911161494559114,1.217724084854126,1.140658974647522,-0.7122608423233032,353,0.05169659534198338,0.9111614975645376,1.217724084854126,1.1406587362289429,-0.7122606635093689,353,-4.973028450150352e-08,-4.973028450150352e-06,4.973028450150352e-06
620551054,0.067758045314481,0.067758045314481,1.0593805313110352,0.9208306074142456,0.417569637298584,354,0.06775808098321148,0.06775808098321146,1.0593806505203247,0.9208301901817322,0.41756969690322876,354,3.566873052474051e-08,3.566873052474051e-06,3.566873052474051e-06
620584388,0.1153472698914311,0.1302157935597802,0.9517844915390016,1.3009129762649536,1.3891011476516724,355,0.1153473174810905,0.13021579448368034,0.9517847299575806,1.3009127378463745,1.3891009092330933,355,4.7589659435409715e-08,4.7589659435409715e-06,4.7589659435409715e-06
620617722,0.131172993906192,0.131172993906192,0.9787638187408448,1.64847731590271,1.781582593917847,356,0.13117299964351492,0.13117299964351495,0.9787641763687134,1.6484771966934204,1.7815825939178467,356,5.737322950061241e-09,5.737322950061241e-07,5.737322950061241e-07
620651056,0.1644876868802826,0.1368354474675034,0.9994407892227172,1.6428494453430176,1.907344937324524,357,0.16448768864396252,0.1368354401731102,0.9994406700134277,1.6428498029708862,1.907345175743103,357,1.7636798688158706e-09,1.7636798688158706e-07,1.7636798688158706e-07
620684390,0.197476541129601,0.1507565407864398,0.9896656274795532,1.4841351509094238,2.063291072845459,358,0.19747653891963796,0.1507565461023527,0.9896655082702637,1.484135389328003,2.063291549682617,358,-2.209963045896046e-09,-2.2099630458960462e-07,2.2099630458960462e-07
620717724,0.2292099149305145,0.1738997390669086,0.9520012140274048,1.171250820159912,2.259948968887329,359,0.22920991272055144,0.1738997726389177,0.9520012140274048,1.1712504625320435,2.2599494457244873,359,-2.2099631014071974e-09,-2.2099631014071974e-07,2.2099631014071974e-07
620751058,0.2580017478544036,0.1892197860740596,0.8637549877166748,0.9215089082717896,2.2945380210876465,360,0.2580017456444406,0.1892197753937123,0.8637549877166748,0.9215090870857239,2.2945380210876465,360,-2.209962990384895e-09,-2.209962990384895e-07,2.209962990384895e-07
620784392,0.2865537555295745,0.187869168762688,0.856560230255127,0.8058661818504333,1.9583690166473389,361,0.28655374934596856,0.18786915145922986,0.8565601110458374,0.8058664798736572,1.9583691358566284,361,-6.183605960607963e-09,-6.183605960607963e-07,6.183605960607963e-07
620817726,0.3258136780339996,0.1154517239999615,1.1777976751327517,1.5625863075256348,1.385507106781006,362,0.3258136639031076,0.11545175042015264,1.1777974367141724,1.5625861883163452,1.3855074644088745,362,-1.413089195656525e-08,-1.413089195656525e-06,1.413089195656525e-06
620851060,0.3653146576164683,0.0928135775440392,1.18502938747406,1.8782939910888672,1.2391129732131958,363,0.3653146434855763,0.09281361512933199,1.18502938747406,1.8782941102981567,1.239113688468933,363,-1.4130892012076401e-08,-1.4130892012076401e-06,1.4130892012076401e-06
620884394,0.4060897262174407,0.0933294009336481,1.2232520580291748,1.8646308183670044,1.2387913465499878,364,0.4060897041392628,0.09332942907313528,1.2232518196105957,1.864630103111267,1.2387913465499878,364,-2.2078177897011386e-08,-2.2078177897011386e-06,2.2078177897011386e-06
620917728,0.450048227238508,0.0961469771677857,1.318755030632019,1.738409399986267,1.1998265981674194,365,0.4500482131076161,0.0961469789364532,1.3187552690505981,1.7384098768234253,1.199826955795288,365,-1.4130891901054099e-08,-1.41308919010541e-06,1.41308919010541e-06
620951062,0.4916891089358449,0.1092605762221544,1.249226450920105,1.5786880254745483,1.293697476387024,366,0.4916890987785959,0.10926056184255496,1.2492265701293945,1.5786880254745483,1.2936972379684448,366,-1.0157248986342182e-08,-1.0157248986342182e-06,1.0157248986342182e-06
620984396,0.5288771700142344,0.111379279502815,1.1156418323516846,1.4186747074127195,1.1944886445999146,367,0.5288771598569854,0.11137930174336012,1.1156418323516846,1.4186745882034302,1.1944888830184937,367,-1.0157249041853333e-08,-1.0157249041853333e-06,1.0157249041853333e-06
621017730,0.5623804679789662,0.124136103777973,1.0050989389419556,1.3445348739624023,1.3300172090530396,368,0.5623804538480742,0.12413611827319383,1.005098819732666,1.344535231590271,1.3300178050994873,368,-1.4130892012076401e-08,-1.4130892012076401e-06,1.4130892012076401e-06
621051064,0.5962366731244843,0.1291695171905411,1.0156861543655396,1.445420742034912,1.5232102870941162,369,0.5962366589935922,0.12916950441715902,1.0156861543655396,1.4454208612442017,1.5232101678848267,369,-1.4130892012076401e-08,-1.4130892012076401e-06,1.4130892012076401e-06
621084398,0.6316304396866282,0.1252538965638623,1.0618129968643188,1.5144104957580566,1.5192500352859497,370,0.6316304176084502,0.12525392160006413,1.0618127584457397,1.514410138130188,1.5192501544952393,370,-2.207817806354484e-08,-2.207817806354484e-06,2.207817806354484e-06
621117732,0.6869075488327464,0.1091530328049068,1.1055421829223633,1.670048713684082,1.366680145263672,371,0.6869075207941039,0.1091530544528801,1.1055420637130737,1.6700488328933716,1.36668062210083,371,-2.8038642518879442e-08,-2.803864251887944e-06,2.803864251887944e-06
621151066,0.7431558143375835,0.0905681327708809,1.1249653100967407,1.786940336227417,1.142994999885559,372,0.7431557803384764,0.09056814512509184,1.1249651908874512,1.7869402170181274,1.1429951190948486,372,-3.3999107085236346e-08,-3.3999107085236346e-06,3.3999107085236346e-06
621184400,0.8003593992470226,0.0912892496930476,1.1440716981887815,1.772421956062317,1.1450577974319458,373,0.800359359287451,0.09128926038587382,1.1440715789794922,1.772422432899475,1.145058274269104,373,-3.995957154057095e-08,-3.995957154057095e-06,3.995957154057095e-06
621217734,0.8580617737053355,0.0810568365974381,1.1540474891662598,1.8627798557281492,1.0402389764785769,374,0.8580617397062286,0.08105683316911992,1.1540476083755493,1.8627797365188599,1.040238857269287,374,-3.3999106974214044e-08,-3.3999106974214044e-06,3.3999106974214044e-06
621251068,0.898923634616387,0.8249082446824101,1.225855827331543,0.8409059047698975,-1.6527255773544312,375,0.89892360061728,0.8249081853287972,1.225855827331543,0.8409051895141602,-1.6527256965637207,375,-3.3999106974214044e-08,-3.3999106974214044e-06,3.3999106974214044e-06
621284402,0.947957713532301,0.8118871142062762,1.471022367477417,0.8145387172698975,-1.98809015750885,376,0.9479576715859079,0.8118871223777948,1.471022129058838,0.814538836479187,-1.98809015750885,376,-4.194639302568248e-08,-4.194639302568248e-06,4.194639302568248e-06
621317736,0.9961316417931042,0.8008753745599437,1.445217847824097,0.6105391979217529,-1.844465494155884,377,0.9961315958730682,0.8008753528856041,1.4452177286148071,0.6105388402938843,-1.8444652557373047,377,-4.592003599590555e-08,-4.592003599590555e-06,4.592003599590555e-06
621351070,0.0420089593806387,0.8007059642303143,1.3763195276260376,0.5618966221809387,-1.7035905122756958,378,0.04200890948695979,0.8007059509787406,1.376319408416748,0.5618966221809387,-1.703590989112854,378,-4.989367891061747e-08,-4.989367891061747e-06,4.989367891061747e-06
621384404,0.0826472631373526,0.817106066241389,1.219149112701416,0.5780717730522156,-1.288782835006714,379,0.08264720927003066,0.8171060356020622,1.2191489934921265,0.5780714750289917,-1.2887828350067139,379,-5.3867321936351686e-08,-5.386732193635169e-06,5.386732193635169e-06
621417738,0.122879130768629,0.94729043859955,1.2069560289382937,1.048270583152771,-0.3604460060596466,380,0.12287908882223607,0.9472904128023802,1.206956386566162,1.0482704639434814,-0.36044615507125854,380,-4.194639291466018e-08,-4.194639291466018e-06,4.194639291466018e-06
621451072,0.1433947623976238,0.1433947623976237,0.9568743705749512,0.7930505275726318,1.0013744831085205,381,0.14339477259619182,0.14339477259619185,0.956874430179596,0.7930507063865662,1.0013748407363892,381,1.0198567990116203e-08,1.0198567990116203e-06,1.0198567990116203e-06
621484406,0.1776266158827312,0.1345904511961397,1.0269556045532229,1.3951995372772217,1.5743577480316162,382,0.17762662210765626,0.13459043923244712,1.026955485343933,1.3951995372772217,1.574357509613037,382,6.224925019893135e-09,6.224925019893135e-07,6.224925019893135e-07
621517740,0.2134736241110332,0.1335921033133592,1.07541024684906,1.5422446727752686,1.7184468507766724,383,0.2134736223886723,0.13359214298461194,1.075410008430481,1.5422444343566895,1.7184474468231201,383,-1.722360920553001e-09,-1.722360920553001e-07,1.722360920553001e-07
621551074,0.2488832097459005,0.1412723416461332,1.0622875690460205,1.5063396692276,1.8507797718048096,384,0.24888320007625367,0.14127233547970672,1.0622873306274414,1.5063397884368896,1.8507797718048096,384,-9.669646860999137e-09,-9.669646860999137e-07,9.669646860999137e-07
621584408,0.2816280068167217,0.1705927808835244,0.9823439121246338,1.1397526264190674,2.091618061065674,385,0.2816279971470748,0.17059276752362978,0.9823439121246338,1.139752984046936,2.091618299484253,385,-9.669646860999137e-09,-9.669646860999137e-07,9.669646860999137e-07
621617742,0.3120225768494772,0.1925002619634814,0.911837100982666,0.8495070338249207,2.24816632270813,386,0.3120225632061874,0.19250022864725946,0.9118369817733765,0.8495073914527893,2.2481658458709717,386,-1.3643289831222205e-08,-1.3643289831222205e-06,1.3643289831222205e-06
621651076,0.341396178921875,0.1905565602710616,0.881208062171936,0.7695236802101135,1.963629484176636,387,0.3413961692522282,0.19055654295372254,0.8812081813812256,0.7695237398147583,1.9636290073394775,387,-9.669646805487986e-09,-9.669646805487986e-07,9.669646805487986e-07
621684410,0.3767807425268657,0.1375635421340733,1.0615369081497192,1.458080768585205,1.7085740566253662,388,0.3767807408045048,0.13756354307606233,1.0615371465682983,1.4580806493759155,1.7085739374160767,388,-1.722360920553001e-09,-1.722360920553001e-07,1.722360920553001e-07
621717744,0.4164958736507264,0.0956883383290192,1.1914539337158203,1.8773655891418457,1.2877609729766846,389,0.4164958878229374,0.09568832458410131,1.1914544105529785,1.8773655891418457,1.2877607345581055,389,1.4172210960339271e-08,1.417221096033927e-06,1.417221096033927e-06
621751078,0.4584322751768596,0.0854303984752706,1.2580920457839966,2.071718454360962,1.2327849864959717,390,0.4584322972963566,0.08543038332863813,1.2580922842025757,2.0717175006866455,1.2327841520309448,390,2.211949701180771e-08,2.211949701180771e-06,2.211949701180771e-06
621784412,0.5025291146048075,0.1032322441309731,1.32290518283844,1.8257622718811035,1.3840020895004272,391,0.5025291367243045,0.10323222252352407,1.32290518283844,1.8257626295089722,1.3840019702911377,391,2.211949701180771e-08,2.211949701180771e-06,2.211949701180771e-06
621817746,0.5489968956717021,0.1228795699555293,1.394033432006836,1.5238956212997437,1.4838212728500366,392,0.548996921764842,0.12287955195918086,1.3940335512161255,1.5238964557647705,1.4838217496871948,392,2.6093139982030777e-08,2.6093139982030777e-06,2.6093139982030777e-06
621851080,0.5905297697790629,0.1095675594274705,1.2459862232208252,1.5589991807937622,1.282597303390503,393,0.5905297958722029,0.10956759103121838,1.2459862232208252,1.5589994192123413,1.2825980186462402,393,2.6093139982030777e-08,2.6093139982030777e-06,2.6093139982030777e-06
621884414,0.6263289234248962,0.1223366257436515,1.073974609375,1.3032846450805664,1.2603790760040283,394,0.6263289455443932,0.12233665608084282,1.0739744901657104,1.303284764289856,1.260379672050476,394,2.211949701180771e-08,2.211949701180771e-06,2.211949701180771e-06
621917748,0.6602924328255818,0.1341936702966813,1.0189052820205688,1.36015784740448,1.527129292488098,395,0.6602924628923649,0.13419365871318317,1.018905520439148,1.3601577281951904,1.5271289348602295,395,3.006678306327615e-08,3.006678306327615e-06,3.006678306327615e-06
621951082,0.7121353488373922,0.1336438754048028,1.036858320236206,1.3690294027328491,1.5264402627944946,396,0.7121353789041752,0.1336438670956639,1.036858320236206,1.3690297603607178,1.5264405012130737,396,3.006678306327615e-08,3.006678306327615e-06,3.006678306327615e-06
621984416,0.768711928646581,0.118277894804598,1.1315315961837769,1.537928819656372,1.4132096767425537,397,0.7687119527528996,0.11827788811588862,1.1315314769744873,1.537928819656372,1.4132095575332642,397,2.4106318607941546e-08,2.4106318607941546e-06,2.4106318607941546e-06
622017750,0.8272233050275014,0.093955186483035,1.1702275276184082,1.794587254524231,1.2024543285369873,398,0.8272233231733556,0.09395520596477426,1.1702274084091187,1.7945871353149414,1.2024545669555664,398,1.8145854152606944e-08,1.8145854152606944e-06,1.8145854152606944e-06
622051084,0.8871292274403737,0.0905197753291712,1.1981184482574463,1.8008973598480225,1.1511515378952026,399,0.8871292515466923,0.09051978280840049,1.1981185674667358,1.8008973598480225,1.1511516571044922,399,2.4106318607941546e-08,2.4106318607941546e-06,2.4106318607941546e-06
622084418,0.9465958695817158,0.09342961375611,1.1893328428268433,1.8573039770126345,1.235610008239746,400,0.9465958936880344,0.0934296161856963,1.1893328428268433,1.8573048114776611,1.2356106042861938,400,2.4106318607941546e-08,2.4106318607941546e-06,2.4106318607941546e-06
622117752,0.9877771517841186,0.8556640454512611,1.2354384660720823,1.3818875551223757,-1.7662523984909058,401,0.9877771758904372,0.8556640558775275,1.2354384660720825,1.3818875551223755,-1.7662521600723267,401,2.4106318607941546e-08,2.4106318607941546e-06,2.4106318607941546e-06
622151086,0.0353519897866414,0.8250941992531062,1.4272451400756836,1.0458943843841553,-2.0496833324432373,402,0.035352021840245884,0.8250942212856336,1.4272453784942627,1.045894742012024,-2.0496833324432373,402,3.205360443736538e-08,3.205360443736538e-06,3.205360443736538e-06
622184420,0.0830630283761189,0.8157488012970925,1.4313311576843262,0.8225183486938477,-1.876456379890442,403,0.08306305645608045,0.8157488097784439,1.4313310384750366,0.8225184679031372,-1.876456379890442,403,2.8079961578164614e-08,2.8079961578164614e-06,2.8079961578164614e-06
622217754,0.1264161329674886,0.7916837013819157,1.3005931377410889,0.5104588270187378,-1.904242992401123,404,0.1264161570738071,0.7916837035378663,1.3005930185317993,0.5104588866233826,-1.9042431116104126,404,2.4106318496919243e-08,2.4106318496919243e-06,2.4106318496919243e-06
622251088,0.1684404672392374,0.8294700177616942,1.2607300281524658,0.6160554885864258,-1.1294938325881958,405,0.168440479424627,0.8294700018750156,1.2607296705245972,0.6160556674003601,-1.1294944286346436,405,1.218538958625004e-08,1.218538958625004e-06,1.218538958625004e-06
622284422,0.2093624374477234,0.912343205749006,1.2276591062545776,0.897348940372467,-0.5511128902435303,406,0.20936244963311293,0.9123432275683337,1.2276591062545776,0.8973491191864014,-0.5511128306388855,406,1.218538958625004e-08,1.218538958625004e-06,1.218538958625004e-06
622317756,0.2419116518108215,0.1786150949714775,0.9764764308929444,0.4768225848674774,0.9908276200294496,407,0.24191166399621106,0.1786151111026454,0.9764764308929443,0.4768223464488983,0.9908273816108704,407,1.218538958625004e-08,1.218538958625004e-06,1.218538958625004e-06
622351090,0.2748314242768452,0.1429221203461505,0.9875931739807128,1.4555432796478271,1.8267229795455933,408,0.27483143646223485,0.14292211151308015,0.9875931739807129,1.4555431604385376,1.8267226219177246,408,1.218538958625004e-08,1.218538958625004e-06,1.218538958625004e-06
622384424,0.3101267319131062,0.1391716864421479,1.0588592290878296,1.7302353382110596,2.0694708824157715,409,0.31012674409849583,0.13917170448799782,1.0588592290878296,1.7302353382110596,2.0694713592529297,409,1.218538958625004e-08,1.218538958625004e-06,1.218538958625004e-06
622417758,0.3444208126473592,0.1451210557242774,1.028822422027588,1.6279877424240112,2.102088689804077,410,0.3444208248327488,0.14512108194031845,1.028822422027588,1.6279877424240112,2.1020894050598145,410,1.218538958625004e-08,1.218538958625004e-06,1.218538958625004e-06
622451092,0.3769135059126383,0.1838767415164414,0.974780797958374,1.070467472076416,2.4265730381011963,411,0.3769135141243849,0.18387673843471491,0.9747806787490845,1.0704679489135742,2.4265739917755127,411,8.211746616026971e-09,8.211746616026971e-07,8.211746616026971e-07
622484426,0.4074842791962789,0.1975582126622141,0.9171231985092164,0.8975459933280945,2.6246495246887207,412,0.40748427946073945,0.19755823326816,0.9171229600906372,0.8975456953048706,2.6246497631073,412,2.6446056455853295e-10,2.6446056455853295e-08,2.6446056455853295e-08
622517760,0.4377389730223185,0.1878722186612115,0.907640814781189,0.9683935642242432,2.353461742401123,413,0.43773898322088656,0.18787222232308823,0.9076411128044128,0.9683932065963745,2.3534610271453857,413,1.0198567990116203e-08,1.0198567990116203e-06,1.0198567990116203e-06
622551094,0.4754496992834574,0.1339763680347726,1.1313217878341677,1.7333548069000244,1.9407976865768437,414,0.4754497293502404,0.13397637172908425,1.1313223838806152,1.7333550453186035,1.940798044204712,414,3.0066782952253845e-08,3.0066782952253845e-06,3.0066782952253845e-06
622584428,0.5159161668229268,0.0990510833548531,1.213994026184082,2.16171669960022,1.550971746444702,415,0.5159161968897098,0.09905112466739299,1.213994026184082,2.161717176437378,1.5509729385375977,415,3.0066782952253845e-08,3.0066782952253845e-06,3.0066782952253845e-06
622617762,0.5566076935537821,0.0955504521905113,1.2207458019256592,2.180267572402954,1.4927576780319214,416,0.5566077395151371,0.09555042101865356,1.2207462787628174,2.180267095565796,1.492756724357605,416,4.596135494416842e-08,4.596135494416842e-06,4.596135494416842e-06
622651096,0.6008980493951009,0.0948479371272797,1.328710675239563,2.0616347789764404,1.3982079029083252,417,0.6008980953564559,0.09484791147720009,1.328710675239563,2.0616354942321777,1.3982079029083252,417,4.596135494416842e-08,4.596135494416842e-06,4.596135494416842e-06
622684430,0.6458234808055725,0.1098045733728791,1.347762942314148,1.853260517120361,1.529321312904358,418,0.6458235267669274,0.10980456515354556,1.347762942314148,1.8532602787017822,1.5293209552764893,418,4.596135494416842e-08,4.596135494416842e-06,4.596135494416842e-06
622717764,0.7082033714858856,0.109397672351566,1.2475978136062622,1.7561156749725342,1.4416255950927734,419,0.708203423407705,0.10939762717175334,1.2475979328155518,1.7561156749725342,1.4416247606277466,419,5.192181939950302e-08,5.192181939950302e-06,5.192181939950302e-06
622751098,0.7605787000266876,0.1329037363934327,1.04750657081604,1.4119596481323242,1.5596532821655271,420,0.760578751948507,0.1329037418127262,1.04750657081604,1.4119597673416138,1.5596535205841064,420,5.192181939950302e-08,5.192181939950302e-06,5.192181939950302e-06
622784432,0.8109099468795623,0.1454499742975533,1.0066249370574951,1.4652690887451172,1.9000818729400637,421,0.8109099988013817,0.14544997912621627,1.0066249370574951,1.4652690887451172,1.900081992149353,421,5.192181939950302e-08,5.192181939950302e-06,5.192181939950302e-06
622817766,0.8624138674346771,0.1441667530031107,1.030078411102295,1.488544225692749,1.8984129428863523,422,0.8624139074355675,0.14416672958347354,1.0300781726837158,1.4885445833206177,1.898412823677063,422,4.0000890377811515e-08,4.0000890377811515e-06,4.0000890377811515e-06
622851100,0.916931941231903,0.1305687244437399,1.090361475944519,1.7170963287353516,1.841665863990784,423,0.9169319812327934,0.13056871379423388,1.090361475944519,1.7170964479446411,1.8416657447814941,423,4.0000890377811515e-08,4.0000890377811515e-06,4.0000890377811515e-06
622884434,0.9736004194824066,0.1017292598164491,1.1333695650100708,1.9942855834960935,1.4823044538497925,424,0.9736004535228324,0.10172925981644919,1.1333694458007812,1.9942855834960938,1.4823044538497925,424,3.404042581145461e-08,3.404042581145461e-06,3.404042581145461e-06
622917768,0.0315138599483337,0.1031227110962342,1.1582688093185425,1.974853515625,1.4948803186416626,425,0.03151388206783068,0.10312270795744466,1.1582685708999634,1.974853754043579,1.4948804378509521,425,2.211949701180771e-08,2.211949701180771e-06,2.211949701180771e-06
622951102,0.09017176838797,0.1135572001884012,1.1731581687927246,1.96958327293396,1.7049391269683838,426,0.09017177858653795,0.11355721374868741,1.1731579303741455,1.9695827960968018,1.7049390077590942,426,1.0198567990116203e-08,1.0198567990116203e-06,1.0198567990116203e-06
622984436,0.127547019840098,0.0446966473504455,1.1212575435638428,0.8455981612205505,0.2439221739768982,427,0.12754702209138008,0.044696637591223554,1.1212573051452637,0.8455984592437744,0.24392220377922058,427,2.251282049670067e-09,2.251282049670067e-07,2.251282049670067e-07
623017770,0.1758121948647664,0.8378139643206085,1.4479552507400513,1.0788613557815552,-1.752771019935608,428,0.17581219711604845,0.8378139449927098,1.4479552507400513,1.0788613557815552,-1.7527714967727661,428,2.251282049670067e-09,2.251282049670067e-07,2.251282049670067e-07
623051104,0.2241748354045715,0.8258064610169615,1.4508792161941528,0.9105543494224548,-1.7648978233337402,429,0.22417484560313952,0.8258064656676509,1.450879454612732,0.9105542302131653,-1.7648974657058716,429,1.0198567990116203e-08,1.0198567990116203e-06,1.0198567990116203e-06
623084438,0.2712075492946472,0.8263753119777129,1.4109814167022705,0.7464262843132019,-1.4341702461242676,430,0.27120757141414414,0.8263752874449175,1.4109817743301392,0.7464255690574646,-1.4341694116592407,430,2.2119496900785407e-08,2.2119496900785407e-06,2.2119496900785407e-06
623117772,0.3161025108107096,0.8201608078564738,1.3468488454818726,0.5925067663192749,-1.2558457851409912,431,0.31610253690384954,0.8201608020264741,1.346848964691162,0.5925067663192749,-1.2558459043502808,431,2.6093139871008475e-08,2.6093139871008475e-06,2.6093139871008475e-06
623151106,0.3585155349183248,0.8832024605883062,1.2723907232284546,0.9096033573150636,-0.8203659057617188,432,0.3585155610114647,0.8832025094182808,1.2723907232284546,0.9096030592918396,-0.8203651309013367,432,2.6093139871008475e-08,2.6093139871008475e-06,2.6093139871008475e-06
623184440,0.3974318366456197,0.041586455807983,1.1674890518188477,1.236112117767334,0.3305476307868957,433,0.39743185479147364,0.041586414919592106,1.1674888134002686,1.2361128330230713,0.3305474817752838,433,1.814585393056234e-08,1.814585393056234e-06,1.814585393056234e-06
623217774,0.4291565876412557,0.1225820870310194,0.9517425298690796,1.361310362815857,1.3205636739730835,434,0.42915660181346665,0.12258210706738432,0.95174241065979,1.36130952835083,1.3205631971359253,434,1.4172210960339271e-08,1.417221096033927e-06,1.417221096033927e-06
623251108,0.4613404215582377,0.132647970786694,0.9655150175094604,1.7471953630447388,1.9237326383590696,435,0.4613404357304487,0.13264797128264838,0.9655150175094604,1.7471952438354492,1.9237325191497803,435,1.4172210960339271e-08,1.417221096033927e-06,1.417221096033927e-06
623284442,0.494299330434021,0.1341311363500394,0.9887672662734984,1.7823781967163086,1.999598503112793,436,0.49429934857987495,0.1341311163495299,0.9887673854827881,1.7823784351348877,1.9995982646942139,436,1.814585393056234e-08,1.814585393056234e-06,1.814585393056234e-06
623317776,0.5272937199680177,0.1451906335151395,0.9898316860198976,1.6391643285751345,2.1184325218200684,437,0.5272937261929426,0.14519063911717967,0.9898313283920288,1.6391642093658447,2.1184325218200684,437,6.2249249088708325e-09,6.224924908870832e-07,6.224924908870832e-07
623351110,0.5582593621023663,0.166817418804226,0.9289692640304564,1.3759329319000244,2.3884074687957764,438,0.5582593723009341,0.16681741880422607,0.9289693832397461,1.3759329319000244,2.3884074687957764,438,1.01985678790939e-08,1.01985678790939e-06,1.01985678790939e-06
623384444,0.5869969905622967,0.1900708689705849,0.8621288537979126,0.9782228469848632,2.473926782608032,439,0.5869969888399356,0.19007084629963616,0.862128496170044,0.978223443031311,2.4739272594451904,439,-1.722361142597606e-09,-1.722361142597606e-07,1.722361142597606e-07
623417778,0.6141533038226931,0.1971679774789176,0.8146893978118896,0.7485508918762207,2.1715450286865234,440,0.6141533001135104,0.19716797653273596,0.8146893382072449,0.748551070690155,2.1715455055236816,440,-3.70918262770914e-09,-3.70918262770914e-07,3.70918262770914e-07
623451112,0.6503251971014508,0.1233254500344073,1.085156798362732,1.5036460161209106,1.4723330736160278,441,0.6503251774976962,0.1233254694935383,1.0851563215255737,1.5036461353302002,1.472333550453186,441,-1.9603754508601412e-08,-1.960375450860141e-06,1.960375450860141e-06
623484446,0.7066733838327892,0.1051943676024283,1.12696373462677,1.9010722637176516,1.4783449172973633,442,0.7066733523081058,0.105194355859477,1.126963496208191,1.9010728597640991,1.4783451557159424,442,-3.1524683419270616e-08,-3.1524683419270616e-06,3.1524683419270616e-06
623517780,0.7647959352739818,0.1195957110986521,1.1624510288238523,1.7825908660888672,1.6654632091522217,443,0.764795885867905,0.11959567700180221,1.1624506711959839,1.7825908660888672,1.6654624938964844,443,-4.940607678527442e-08,-4.940607678527442e-06,4.940607678527442e-06
623551114,0.8275147200830943,0.1327018737521602,1.254375696182251,1.5832514762878418,1.744410514831543,444,0.8275146468351596,0.13270184072497218,1.2543752193450928,1.5832515954971313,1.7444099187850952,444,-7.324793471763513e-08,-7.324793471763513e-06,7.324793471763513e-06
623584448,0.8885026336916454,0.1486241629882956,1.2197582721710205,1.3333576917648315,1.8022385835647583,445,0.8885025485227817,0.1486241597249039,1.2197580337524414,1.333357572555542,1.8022383451461792,445,-8.516886373932664e-08,-8.516886373932664e-06,8.516886373932664e-06
623617782,0.9459000827082163,0.1506602474949387,1.147948980331421,1.2228796482086182,1.6979174613952637,446,0.9459000094602816,0.15066024131949368,1.14794921875,1.2228800058364868,1.6979178190231323,446,-7.324793471763513e-08,-7.324793471763513e-06,7.324793471763513e-06
623651116,0.9919153631933696,0.1551279047958363,0.920305609703064,1.140279769897461,1.6807746887207031,447,0.9919152959058993,0.1551279020373146,0.9203057289123535,1.1402796506881714,1.680774450302124,447,-6.728747026230053e-08,-6.728747026230053e-06,6.728747026230053e-06
623684450,0.0380920470961101,0.1493751239238152,0.9235336780548096,1.180222511291504,1.611096739768982,448,0.038091979808639875,0.1493751044973499,0.9235336780548096,1.180222988128662,1.611096978187561,448,-6.728747020678938e-08,-6.728747020678938e-06,6.728747020678938e-06
623717784,0.0861206771143443,0.1452255535645101,0.9605726003646852,1.3084847927093506,1.6918338537216189,449,0.0861206157873386,0.14522555964865916,0.9605727195739746,1.3084851503372192,1.6918344497680664,449,-6.132700569594363e-08,-6.132700569594363e-06,6.132700569594363e-06
623751118,0.1361299277552135,0.1369888381651002,1.0001850128173828,1.4672832489013672,1.7068369388580322,450,0.13612985450727877,0.13698881080274805,1.0001847743988037,1.4672839641571045,1.7068371772766113,450,-7.324793471763513e-08,-7.324793471763513e-06,7.324793471763513e-06
623784452,0.1721432369160818,0.1187169700723559,1.0803992748260498,1.6839213371276855,1.5559529066085815,451,0.1721431596945041,0.11871698830585077,1.0803991556167603,1.6839213371276855,1.5559532642364502,451,-7.72215776878582e-08,-7.72215776878582e-06,7.72215776878582e-06
623817786,0.208597087980128,0.099313643147325,1.0936155319213867,1.816813826560974,1.3080589771270752,452,0.20859701075855033,0.09931364699920134,1.0936155319213867,1.8168140649795532,1.3080592155456543,452,-7.72215776878582e-08,-7.72215776878582e-06,7.72215776878582e-06
623851120,0.2451161663937735,0.0949369870363149,1.0955723524093628,1.8077975511550903,1.227531909942627,453,0.24511608917219577,0.09493699652499193,1.0955723524093628,1.8077976703643799,1.227532148361206,453,-7.722157774336935e-08,-7.722157774336935e-06,7.722157774336935e-06
623884454,0.2797718883760937,0.0873596431766887,1.0396716594696045,0.5616738796234131,0.3435132205486297,454,0.27977181115451594,0.08735953798394068,1.0396716594696045,0.561674177646637,0.3435128927230835,454,-7.722157774336935e-08,-7.722157774336935e-06,7.722157774336935e-06
623917788,0.3142635386395621,0.9562144043272408,1.0347495079040527,0.56012362241745,-0.1581064462661743,455,0.31426346141798434,0.956214479343737,1.0347495079040527,0.5601236820220947,-0.15810617804527283,455,-7.722157774336935e-08,-7.722157774336935e-06,7.722157774336935e-06
623951122,0.3464781603423921,0.8927548206583331,0.9664386510849,0.5712814927101135,-0.4561829566955566,456,0.3464780870944573,0.8927548409379996,0.9664387702941895,0.5712814927101135,-0.4561828374862671,456,-7.324793477314628e-08,-7.324793477314628e-06,7.324793477314628e-06
623984456,0.3805228393483329,0.8542235976987,1.0213403701782229,0.5691564083099365,-0.7411899566650391,457,0.3805227661003981,0.8542235946773077,1.0213403701782227,0.5691567063331604,-0.7411903738975525,457,-7.324793482865743e-08,-7.3247934828657435e-06,7.3247934828657435e-06
624017790,0.4483136754441428,0.8189289457737621,1.3558167219161987,0.8519303202629089,-1.8425281047821045,458,0.448313602196208,0.818928933687009,1.3558167219161987,0.8519302606582642,-1.8425283432006836,458,-7.324793477314628e-08,-7.324793477314628e-06,7.324793477314628e-06
624051124,0.5129380982327628,0.8238910560710192,1.2924884557724,0.7788264751434326,-1.5552276372909546,459,0.5129380071034346,0.823891090177421,1.2924880981445312,0.7788271307945251,-1.5552281141281128,459,-9.112932819466124e-08,-9.112932819466124e-06,9.112932819466124e-06
624084458,0.5715549092698264,0.8973053153848205,1.172336220741272,1.1243722438812256,-0.8463552594184875,460,0.5715548181404982,0.8973053423125013,1.172336220741272,1.1243722438812256,-0.8463549613952637,460,-9.112932819466124e-08,-9.112932819466124e-06,9.112932819466124e-06
624117792,0.6274463456082511,0.9597988687207424,1.1178287267684937,1.496611714363098,-0.3862812519073486,461,0.627446242557994,0.9597988421713218,1.1178284883499146,1.4966119527816772,-0.3862815797328949,461,-1.0305025710533045e-07,-1.0305025710533045e-05,1.0305025710533045e-05
624151126,0.6810474794316459,0.9993816399597504,1.0720226764678955,1.7875980138778689,-0.0069453371688723,462,0.6810473823418532,0.9993816472573426,1.072022795677185,1.7875975370407104,-0.006945253349840641,462,-9.708979264999584e-08,-9.708979264999584e-06,9.708979264999584e-06
624184460,0.7316148977685142,0.0480945229250823,1.0113483667373655,1.6825731992721558,0.5245151519775391,463,0.7316147947182571,0.0480945607675407,1.0113482475280762,1.682572364807129,0.5245153307914734,463,-1.0305025710533045e-07,-1.0305025710533045e-05,1.0305025710533045e-05
624217794,0.7733753662514854,0.1443845171760186,0.8352093696594238,0.9196281433105468,1.1761572360992432,464,0.7733752572407638,0.14438457697360832,0.8352092504501343,0.9196280837059021,1.17615807056427,464,-1.0901072156066505e-07,-1.0901072156066505e-05,1.0901072156066505e-05
624251128,0.811261991779821,0.1548590730776232,0.7577325105667114,1.37041175365448,2.0126638412475586,465,0.8112618887295638,0.15485908828914,0.757732629776001,1.3704116344451904,2.0126640796661377,465,-1.0305025710533045e-07,-1.0305025710533045e-05,1.0305025710533045e-05
624284462,0.8513755124020743,0.1626936165008445,0.8022704124450684,1.4384148120880127,2.3537020683288574,466,0.8513754242529784,0.1626936693209852,0.8022707104682922,1.4384137392044067,2.3537020683288574,466,-8.814909591148279e-08,-8.814909591148279e-06,8.814909591148279e-06
624317796,0.891453389446752,0.1598029312255492,0.8015575408935547,1.4134089946746826,2.221092462539673,467,0.8914532953371916,0.1598029262512369,0.8015574216842651,1.413408637046814,2.2210917472839355,467,-9.410956036681739e-08,-9.410956036681739e-06,9.410956036681739e-06
624351130,0.9325878839898276,0.171509986951268,0.8226898908615112,1.2218425273895264,2.2733500003814697,468,0.9325877898802672,0.1715100054066525,0.8226898908615112,1.2218419313430786,2.2733495235443115,468,-9.410956036681739e-08,-9.410956036681739e-06,9.410956036681739e-06
624384464,0.9698302607941794,0.1816848104706336,0.7448475360870361,1.0841996669769287,2.3688108921051025,469,0.9698301607241546,0.18168479228498668,0.7448474168777466,1.0841996669769287,2.3688101768493652,469,-1.0007002482215199e-07,-1.00070024822152e-05,1.00070024822152e-05
624417798,0.0053817193913627,0.1977182393378582,0.7110291719436646,0.8450571894645691,2.479298591613769,470,0.005381613360873283,0.19771821721526608,0.711029052734375,0.8450572490692139,2.479297637939453,470,-1.0603048944402005e-07,-1.0603048944402005e-05,1.0603048944402005e-05
624451132,0.054658786575811,0.1516100824450366,0.9855413436889648,1.4564950466156006,2.047945261001587,471,0.05465866862439257,0.1516101385054731,0.9855411052703857,1.4564948081970215,2.0479464530944824,471,-1.179514184102004e-07,-1.179514184102004e-05,1.179514184102004e-05
624484466,0.1036927502560783,0.1356736009909382,0.9806792736053468,1.4612456560134888,1.6716675758361816,472,0.1036926323046599,0.135673640357718,0.9806792736053467,1.4612456560134888,1.6716684103012085,472,-1.179514184102004e-07,-1.179514184102004e-05,1.179514184102004e-05
624517800,0.131852184026659,0.1318521840266591,1.0182280540466309,1.4589109420776367,1.5902701616287231,473,0.13185219211028948,0.13185219211028942,1.0182281732559204,1.4589104652404785,1.5902698040008545,473,8.083630431698907e-09,8.083630431698907e-07,8.083630431698907e-07
624551134,0.1496900820735984,0.1496900820735983,1.1280944347381592,1.2930744886398315,1.7724957466125488,474,0.14969008396316003,0.14969008396316003,1.1280946731567383,1.293074369430542,1.7724956274032593,474,1.8895616182845743e-09,1.8895616182845743e-07,1.8895616182845743e-07
624584468,0.1846628212932639,0.1538200473249698,1.0491821765899658,1.2598235607147217,1.82452929019928,475,0.18466282715646853,0.15382005922853031,1.0491822957992554,1.2598234415054321,1.8245294094085693,475,5.863204588507642e-09,5.863204588507642e-07,5.863204588507642e-07
624617802,0.2178796156251324,0.1685920102644951,0.9965038299560548,1.0852121114730835,1.9332815408706665,476,0.21787960956740807,0.1685920210004165,0.996503472328186,1.0852118730545044,1.933281421661377,476,-6.057724322161562e-09,-6.057724322161562e-07,6.057724322161562e-07
624651136,0.2463398520155641,0.1649077341177417,0.8538070917129517,0.9717183113098145,1.6409140825271606,477,0.2463398399973753,0.16490771508414054,0.8538069128990173,0.9717187881469727,1.6409144401550293,477,-1.2018188777496164e-08,-1.2018188777496164e-06,1.2018188777496164e-06
624684470,0.2718959593776756,0.1625628386765024,0.7666832208633423,0.955790877342224,1.5610921382904053,478,0.2718959553067727,0.16256283524893242,0.7666834592819214,0.9557909965515137,1.5610922574996948,478,-4.070902892561179e-09,-4.070902892561179e-07,4.070902892561179e-07
624717804,0.2995703244213157,0.1507317308800803,0.8302309513092041,1.0994216203689575,1.5279477834701538,479,0.29957030842948384,0.1507317308800803,0.8302305936813354,1.0994216203689575,1.5279477834701538,479,-1.5991831858741534e-08,-1.5991831858741534e-06,1.5991831858741534e-06
624751138,0.3288679901762697,0.1421138372699296,0.8789299726486206,1.2685227394104004,1.5755257606506348,480,0.3288679702107949,0.1421138358462982,0.878929853439331,1.26852285861969,1.5755258798599243,480,-1.9965474828964602e-08,-1.9965474828964602e-06,1.9965474828964602e-06
624784472,0.3604646786057843,0.1259850126149144,0.947900652885437,1.4612789154052734,1.4794795513153076,481,0.36046466261395244,0.12598500604372614,0.9479007720947266,1.4612791538238525,1.4794796705245972,481,-1.5991831858741534e-08,-1.5991831858741534e-06,1.5991831858741534e-06
624817806,0.3952888870243125,0.1042514562442183,1.0447262525558472,1.6410679817199707,1.2606253623962402,482,0.39528887500612364,0.10425143780296504,1.0447263717651367,1.6410682201385498,1.2606252431869507,482,-1.2018188833007315e-08,-1.2018188833007315e-06,1.2018188833007315e-06
624851140,0.431727789243449,0.0784516534223505,1.093167066574097,1.7426679134368896,0.9360790252685548,483,0.4317277732516172,0.078451650139452,1.0931669473648071,1.742667555809021,0.9360787868499756,483,-1.5991831803230383e-08,-1.5991831803230383e-06,1.5991831803230383e-06
624884474,0.4673994763696087,0.062847460180853,1.07015061378479,0.7743518352508545,0.3227294087409973,484,0.46739946832506285,0.06284746974985927,1.0701508522033691,0.7743517756462097,0.3227294385433197,484,-8.044545862784247e-09,-8.044545862784247e-07,8.044545862784247e-07
624917808,0.5029787802700095,0.0970754990420963,1.067379117012024,0.5049213171005249,0.3528564572334289,485,0.5029787722254636,0.09707553691136227,1.067379117012024,0.5049213171005249,0.3528566360473633,485,-8.044545918295398e-09,-8.044545918295398e-07,8.044545918295398e-07
624951142,0.5359333062175803,0.0313680570883336,0.988635778427124,0.5824214220046997,0.1163000091910362,486,0.5359332981730344,0.03136804376464166,0.988635778427124,0.5824213027954102,0.11629993468523026,486,-8.044545918295398e-09,-8.044545918295398e-07,8.044545918295398e-07
624984476,0.5853653275970511,0.9733858099558076,0.9886404275894164,0.4675096571445465,-0.0789147913455963,487,0.5853653314734342,0.9733857933045713,0.9886406660079956,0.46750935912132263,-0.07891479134559631,487,3.876383103396108e-09,3.876383103396108e-07,3.876383103396108e-07
625017810,0.6372123026851706,0.8372635380255158,1.03693950176239,0.2544185221195221,-0.4165612459182739,488,0.6372123125220182,0.8372636108255676,1.0369396209716797,0.25441882014274597,-0.4165613055229187,488,9.83684755873071e-09,9.83684755873071e-07,9.83684755873071e-07
625051144,0.6695771518338727,0.6695771518338727,0.948498547077179,-0.4190676808357239,-0.7575070261955261,489,0.669577117763634,0.669577117763634,0.948498547077179,-0.4190678596496582,-0.7575069665908813,489,-3.407023863033487e-08,-3.407023863033487e-06,3.407023863033487e-06
625084478,0.7016618751475222,0.6186438474054374,0.9625416994094848,-0.7300496697425842,-0.6739485263824463,490,0.7016618450509265,0.6186438339136088,0.9625418186187744,-0.730049729347229,-0.6739484667778015,490,-3.00965956601118e-08,-3.0096595660111802e-06,3.0096595660111802e-06
625117812,0.7331454379348961,0.584488369767477,0.9445068836212158,-0.9424776434898376,-0.5532980561256409,491,0.7331454038646574,0.5844883904364455,0.9445067644119263,-0.9424774646759033,-0.5532981157302856,491,-3.407023863033487e-08,-3.407023863033487e-06,3.407023863033487e-06
625151146,0.7636046273498741,0.5804267607893078,0.9137756824493408,-0.9251123070716858,-0.5118198990821838,492,0.7636045932796355,0.5804267415795049,0.9137756824493408,-0.925112247467041,-0.5118197202682495,492,-3.407023863033487e-08,-3.407023863033487e-06,3.407023863033487e-06
625184480,0.7984637958793847,0.6975479019763223,1.045775055885315,-0.3114101588726043,-0.9104487299919128,493,0.798463761809146,0.697547894121656,1.045775055885315,-0.31141018867492676,-0.9104486703872681,493,-3.407023863033487e-08,-3.407023863033487e-06,3.407023863033487e-06
625217814,0.8341109457601118,0.8000053891316471,1.069414496421814,0.2856817543506622,-0.8791367411613464,494,0.8341109077162302,0.8000053813253751,1.0694143772125244,0.2856817841529846,-0.8791369795799255,494,-3.804388160055794e-08,-3.804388160055794e-06,3.804388160055794e-06
625251148,0.8876510265458631,0.9502968519317894,1.0708016157150269,0.4194849133491516,-0.1354344189167022,495,0.887650994462446,0.9502968998247646,1.0708017349243164,0.4194848835468292,-0.13543426990509033,495,-3.2083417145223336e-08,-3.2083417145223336e-06,3.2083417145223336e-06
625284482,0.938442820607524,0.0071909164161716,1.015835881233215,0.8416605591773987,0.0380536876618862,496,0.9384427825636423,0.007190909460949681,1.0158357620239258,0.8416607975959778,0.038053661584854126,496,-3.804388171158024e-08,-3.804388171158024e-06,3.804388171158024e-06
625317816,0.9855475905526686,0.9982624090837504,0.9420953989028932,1.0244193077087402,-0.0111846504732966,497,0.9855475465483226,0.9982623792512406,0.9420952796936035,1.0244195461273193,-0.011184845119714737,497,-4.400434605589254e-08,-4.400434605589254e-06,4.400434605589254e-06
625351150,0.0327873203147459,0.0404059949177495,0.9447945952415466,0.797773003578186,0.2070039510726928,498,0.032787267369703166,0.04040595870961068,0.9447944164276123,0.797773003578186,0.20700375735759735,498,-5.2945042738894443e-08,-5.294504273889444e-06,5.294504273889444e-06
625384484,0.0760359856475401,0.1230908980594256,0.8649733066558838,0.553741455078125,0.5406137704849243,499,0.0760359446234263,0.1230909059988489,0.8649735450744629,0.5537412166595459,0.54061359167099,499,-4.102411377271409e-08,-4.102411377271409e-06,4.102411377271409e-06
625417818,0.1143971237529326,0.1896127156592319,0.7672227621078491,0.3938901126384735,0.9878231883049012,500,0.114397085709051,0.18961272305415128,0.7672228217124939,0.3938902020454407,0.9878235459327698,500,-3.804388160055794e-08,-3.804388160055794e-06,3.804388160055794e-06
625451152,0.1525406751025725,0.1525928989432735,0.7628710269927979,1.0031354427337646,1.4290897846221924,501,0.15254064301915538,0.15259289988442912,0.7628711462020874,1.0031356811523438,1.429090142250061,501,-3.2083417145223336e-08,-3.2083417145223336e-06,3.2083417145223336e-06
625484486,0.1778222951282073,0.1371305963438255,0.758448600769043,1.153467297554016,1.34420645236969,502,0.17782226304479015,0.13713058821497068,0.758448600769043,1.1534674167633057,1.34420645236969,502,-3.2083417145223336e-08,-3.2083417145223336e-06,3.2083417145223336e-06
625517820,0.2031548592437315,0.1430387673623609,0.7599769234657288,1.1045860052108765,1.3883543014526367,503,0.20315482716031444,0.14303879246775741,0.7599769234657288,1.1045856475830078,1.3883543014526367,503,-3.2083417034201034e-08,-3.2083417034201034e-06,3.2083417034201034e-06
625551154,0.2298774215568114,0.1579192229375716,0.801676869392395,0.9839919805526732,1.5066180229187012,504,0.22987739344703725,0.15791921753114246,0.8016769886016846,0.9839917421340942,1.506617546081543,504,-2.8109774175000268e-08,-2.810977417500027e-06,2.810977417500027e-06
625584488,0.2566648376970499,0.1959029250705385,0.8036224842071533,0.6234965324401855,1.763149619102478,505,0.2566648095872757,0.19590293405288706,0.8036224842071533,0.6234962940216064,1.7631492614746094,505,-2.8109774175000268e-08,-2.810977417500027e-06,2.810977417500027e-06
625617822,0.2856302532542754,0.2024383840548886,0.8689624667167664,0.6118296384811401,1.9860471487045288,506,0.28563022514450126,0.20243836863134698,0.8689624667167664,0.6118299961090088,1.986047625541687,506,-2.8109774119489117e-08,-2.8109774119489117e-06,2.8109774119489117e-06
625651156,0.3171641382564116,0.1673214684900978,0.9460165500640868,1.048142910003662,1.8328099250793457,507,0.31716411412028045,0.16732145398576984,0.9460166692733765,1.0481427907943726,1.832809329032898,507,-2.413613114926605e-08,-2.413613114926605e-06,2.413613114926605e-06
625684490,0.3478609554955372,0.1471252101953443,0.9209045171737672,1.1507866382598877,1.5252102613449097,508,0.3478609293725845,0.147125198376632,0.9209044575691223,1.1507869958877563,1.5252104997634888,508,-2.6122952689888734e-08,-2.6122952689888734e-06,2.6122952689888734e-06
625717824,0.3784097942699004,0.1423571336177225,0.916465163230896,1.045192003250122,1.302215576171875,509,0.37840976417330474,0.1423570767201347,0.9164650440216064,1.045192003250122,1.3022146224975586,509,-3.00965956601118e-08,-3.0096595660111802e-06,3.0096595660111802e-06
625751158,0.4116218917557606,0.1417176011126157,0.9963629245758056,0.9803825616836548,1.2114641666412354,510,0.4116218616591649,0.14171753443050986,0.9963629245758057,0.9803829193115234,1.2114635705947876,510,-3.00965956601118e-08,-3.0096595660111802e-06,3.0096595660111802e-06
625784492,0.4424519452441741,0.1419819641205913,0.9249016046524048,1.0621864795684814,1.3170173168182373,511,0.4424519072002924,0.14198193258472944,0.9249013662338257,1.0621867179870605,1.3170170783996582,511,-3.804388165606909e-08,-3.804388165606909e-06,3.804388165606909e-06
625817826,0.4711455656080454,0.1566118794058131,0.8608086109161377,0.9299650192260742,1.3986650705337524,512,0.4711455255773422,0.15661181040855446,0.8608085513114929,0.9299659729003906,1.398665189743042,512,-4.0030703196691775e-08,-4.0030703196691775e-06,4.0030703196691775e-06
625851160,0.4977354241399973,0.177358632347935,0.7976957559585571,0.60005784034729,1.2221215963363647,513,0.4977353841092941,0.17735863212269704,0.7976957559585571,0.6000579595565796,1.2221218347549438,513,-4.0030703196691775e-08,-4.0030703196691775e-06,4.0030703196691775e-06
625884494,0.5221216155081003,0.1800236146765682,0.7315857410430908,0.5256982445716858,1.1175960302352903,514,0.5221215754773971,0.18002359547227378,0.7315857410430908,0.525698184967041,1.1175955533981323,514,-4.0030703196691775e-08,-4.0030703196691775e-06,4.0030703196691775e-06
625917828,0.5476865960149973,0.1670469805522099,0.7669494152069092,0.6343886256217957,1.1048822402954102,515,0.547686555984294,0.1670470018393097,0.7669494152069092,0.6343885660171509,1.1048824787139893,515,-4.0030703196691775e-08,-4.0030703196691775e-06,4.0030703196691775e-06
625951162,0.5751658253857502,0.1490156809360121,0.8243768811225891,0.8294486999511719,1.1269153356552124,516,0.5751657873418685,0.1490157217338145,0.8243769407272339,0.8294483423233032,1.126915454864502,516,-3.804388171158024e-08,-3.804388171158024e-06,3.804388171158024e-06
625984496,0.6048726253697285,0.1230736536933863,0.8912039995193481,1.0152541399002075,0.9909704327583312,517,0.6048725912994898,0.12307369174450859,0.8912041187286377,1.015254020690918,0.9909707903862,517,-3.407023874135717e-08,-3.4070238741357173e-06,3.4070238741357173e-06
626017830,0.6531639270970234,0.0961632107081175,0.9658260345458984,1.1221126317977903,0.774635910987854,518,0.6531638930267847,0.09616321724673353,0.9658260345458984,1.1221122741699219,0.7746357321739197,518,-3.407023874135717e-08,-3.4070238741357173e-06,3.4070238741357173e-06
626051164,0.7053708188721547,0.072103218654541,1.0441378355026243,0.6782803535461426,0.3301918506622314,519,0.7053707788414514,0.07210321895286652,1.044137716293335,0.6782804727554321,0.3301919102668762,519,-4.003070330771408e-08,-4.003070330771408e-06,4.003070330771408e-06
626084498,0.7553943209835896,0.0432967840121918,1.0004700422286987,0.4993622004985809,0.1393008232116699,520,0.7553942809528863,0.043296731646314104,1.0004700422286987,0.49936214089393616,0.1393006294965744,520,-4.003070330771408e-08,-4.003070330771408e-06,4.003070330771408e-06
626117832,0.8027894787976155,0.9904180642442691,0.9479031562805176,0.511264443397522,-0.0308179594576358,521,0.8027894387669122,0.9904181128973667,0.9479031562805176,0.5112642645835876,-0.03081779181957245,521,-4.003070330771408e-08,-4.003070330771408e-06,4.003070330771408e-06
626151166,0.8487042062470327,0.9832731250345472,0.9182945489883424,0.4930972754955292,-0.0520152188837528,522,0.8487041602558648,0.9832731848640278,0.9182944297790527,0.4930972158908844,-0.0520150251686573,522,-4.599116787407098e-08,-4.599116787407098e-06,4.599116787407098e-06
626184500,0.8947563969084631,0.9485007273622316,0.9210438132286072,0.582506537437439,-0.1953532993793487,523,0.8947563479370629,0.9485007774382728,0.9210437536239624,0.5825066566467285,-0.19535313546657562,523,-4.8971400157249434e-08,-4.897140015724943e-06,4.897140015724943e-06
626217834,0.9267724834868324,0.8556847180511968,0.9604825973510742,0.3861965835094452,-0.4934830665588379,524,0.9267724345154321,0.8556847359338642,0.9604825973510742,0.38619667291641235,-0.4934830665588379,524,-4.8971400268271736e-08,-4.897140026827174e-06,4.897140026827174e-06
626251168,0.9625272873033096,0.7725233082307568,1.0726441144943235,0.1125049293041229,-0.789671778678894,525,0.9625272383319096,0.7725232581909528,1.0726441144943237,0.11250467598438263,-0.789671778678894,525,-4.897140004622713e-08,-4.897140004622713e-06,4.897140004622713e-06
626284502,0.998002449968359,0.651433227775055,1.064254879951477,-0.5908989906311035,-0.8288981914520264,526,0.9980023970233158,0.6514332385940187,1.0642547607421875,-0.5908989906311035,-0.8288983106613159,526,-5.29450431274725e-08,-5.29450431274725e-06,5.29450431274725e-06
626317836,0.0313667896379044,0.6111872016197917,1.0009301900863647,-0.8024030327796936,-0.6739500761032104,527,0.031366732719218415,0.6111871275857588,1.0009300708770752,-0.8024031519889832,-0.6739495396614075,527,-5.691868598667327e-08,-5.691868598667327e-06,5.691868598667327e-06
626351170,0.0622046592820694,0.588401792307613,0.9251360893249512,-0.8707574605941772,-0.5404111742973328,528,0.062204606337026444,0.5884017342686894,0.9251362085342407,-0.8707574009895325,-0.5404106974601746,528,-5.294504296093905e-08,-5.294504296093905e-06,5.294504296093905e-06
626384504,0.0928681694456945,0.5753368556283147,0.9199053049087524,-0.845835268497467,-0.4332320392131805,529,0.09286811252700854,0.5753368289745631,0.9199051856994629,-0.845835268497467,-0.4332318603992462,529,-5.691868598667327e-08,-5.691868598667327e-06,5.691868598667327e-06
626417838,0.1382185481974492,0.5814638907903926,0.9070075750350952,-0.8643629550933838,-0.4855936169624328,530,0.1382184912787633,0.5814638730751821,0.9070075750350952,-0.8643630743026733,-0.4855935573577881,530,-5.6918685875650965e-08,-5.6918685875650965e-06,5.6918685875650965e-06
626451172,0.1751293801257024,0.82306923486764,1.1073249578475952,0.5071852207183838,-1.025989294052124,531,0.1751293192333735,0.8230692421296789,1.1073248386383057,0.507185161113739,-1.025989055633545,531,-6.089232890138518e-08,-6.0892328901385184e-06,6.0892328901385184e-06
626484506,0.2101928972193609,0.8914146264382155,1.0519055128097534,0.7462827563285828,-0.6062871813774109,532,0.21019284030067492,0.8914146307476334,1.051905632019043,0.7462825775146484,-0.6062870025634766,532,-5.691868598667327e-08,-5.691868598667327e-06,5.691868598667327e-06
626517840,0.2423376265157272,0.9610655984000128,0.9643418788909912,1.3399291038513184,-0.3344888687133789,533,0.24233756959704128,0.9610655684148689,0.9643418788909912,1.3399289846420288,-0.334489107131958,533,-5.6918685931162116e-08,-5.691868593116212e-06,5.691868593116212e-06
626551174,0.2731602433312943,0.9748278839881318,0.9246785044670104,1.298002004623413,-0.207022488117218,534,0.2731601764785008,0.9748278088464056,0.9246782064437866,1.2980023622512817,-0.20702317357063293,534,-6.685279346774209e-08,-6.685279346774209e-06,6.685279346774209e-06
626584508,0.3033904575297246,0.0050083776682726,0.9069064259529114,1.1123809814453125,0.0350165925920009,535,0.3033903926637527,0.005008357962919348,0.9069064855575562,1.112381100654602,0.03501645848155022,535,-6.48659719271194e-08,-6.48659719271194e-06,6.48659719271194e-06
626617842,0.3315448465932419,0.055594503103045,0.8446316719055176,0.954986810684204,0.3478514552116394,536,0.33154477775362695,0.05559439385587337,0.844631552696228,0.9549870491027832,0.3478507995605469,536,-6.883961495285362e-08,-6.883961495285362e-06,6.883961495285362e-06
626651176,0.3591806752472132,0.1331001382354068,0.8290748596191406,0.6384375691413879,0.7069708704948425,537,0.35918060243395533,0.13310010938823144,0.8290747404098511,0.6384377479553223,0.7069708108901978,537,-7.281325786756554e-08,-7.281325786756554e-06,7.281325786756554e-06
626684510,0.3823351286837468,0.2010405112936003,0.6946336030960083,0.4508876502513885,1.4191933870315552,538,0.38233505189684597,0.2010405256501828,0.6946334838867188,0.4508874714374542,1.4191932678222656,538,-7.678690083778861e-08,-7.67869008377886e-06,7.67869008377886e-06
626717844,0.4064314666379501,0.1532304780837871,0.7228901386260986,1.2233271598815918,1.7577121257781982,539,0.40643139382469223,0.1532304613296144,0.7228902578353882,1.2233275175094604,1.7577122449874878,539,-7.281325786756554e-08,-7.281325786756554e-06,7.281325786756554e-06
626751178,0.4299233578631292,0.1605150573504771,0.7047567367553711,1.153555393218994,1.8307815790176392,540,0.42992328902351423,0.16051503316610385,0.7047568559646606,1.1535556316375732,1.83078134059906,540,-6.883961495285362e-08,-6.883961495285362e-06,6.883961495285362e-06
626784512,0.4540143512675176,0.1730673445187992,0.7227298021316528,0.9780056476593018,1.863161563873291,541,0.45401429037518864,0.1730673441209519,0.7227300405502319,0.9780055284500122,1.863161325454712,541,-6.089232895689634e-08,-6.0892328956896336e-06,6.0892328956896336e-06
626817846,0.4783226473121851,0.1996863685702456,0.7292488813400269,0.6441868543624878,1.9693896770477293,542,0.4783225884066777,0.1996863628769536,0.7292489409446716,0.6441868543624878,1.9693894386291504,542,-5.890550741627365e-08,-5.890550741627365e-06,5.890550741627365e-06
626851180,0.5033211015650639,0.2300902355838483,0.7499536275863647,0.2676481902599334,2.128357410430908,543,0.5033210386859135,0.23009029701230063,0.7499535083770752,0.2676473557949066,2.128357410430908,543,-6.287915044200787e-08,-6.287915044200787e-06,6.287915044200787e-06
626884514,0.5322665595003971,0.1760241758991131,0.8683637380599976,1.136354923248291,2.26615571975708,544,0.5322664966212467,0.17602419589179685,0.8683637380599976,1.1363540887832642,2.2661547660827637,544,-6.287915044200787e-08,-6.287915044200787e-06,6.287915044200787e-06
626917848,0.5615887625007837,0.1610231453732422,0.8796660900115967,1.373108148574829,2.194732189178467,545,0.5615887035952762,0.16102314534152534,0.8796662092208862,1.3731075525283813,2.1947312355041504,545,-5.89055074717848e-08,-5.89055074717848e-06,5.89055074717848e-06
626951182,0.5895686490326135,0.1486101906466487,0.839396595954895,1.4864916801452637,2.008853912353516,546,0.589568598074392,0.14861017282766384,0.8393968343734741,1.486491322517395,2.008852958679199,546,-5.0958221531338665e-08,-5.0958221531338665e-06,5.0958221531338665e-06
626984516,0.6184045417099207,0.1333637261941671,0.8650767803192139,1.3334637880325315,1.4815304279327393,547,0.6184044867780562,0.13336372619416714,0.8650766611099243,1.3334637880325317,1.4815304279327393,547,-5.4931864501561734e-08,-5.493186450156173e-06,5.493186450156173e-06
627017850,0.6492854935913294,0.1309731587765488,0.9264285564422609,1.262048363685608,1.360520839691162,548,0.6492854366726434,0.13097321819791968,0.926428496837616,1.262047529220581,1.3605209589004517,548,-5.691868598667327e-08,-5.691868598667327e-06,5.691868598667327e-06
627051184,0.6940160674839227,0.1371657946617907,0.8946114778518677,1.274817705154419,1.4862885475158691,549,0.6940160224861657,0.13716580727808894,0.8946117162704468,1.274817705154419,1.4862887859344482,549,-4.4997757076004063e-08,-4.499775707600406e-06,4.499775707600406e-06
627084518,0.7387659532814234,0.155368700357603,0.8949977159500122,1.102403998374939,1.630249261856079,550,0.7387658844418084,0.15536867054119427,0.894997239112854,1.1024038791656494,1.6302484273910522,550,-6.883961500836477e-08,-6.883961500836477e-06,6.883961500836477e-06
627117852,0.7760362071781366,0.1643985876235204,0.7454050779342651,0.8518450260162354,1.4280476570129397,551,0.776036144298986,0.16439856235115358,0.7454051971435547,0.8518449068069458,1.4280469417572021,551,-6.287915055303017e-08,-6.287915055303017e-06,6.287915055303017e-06
627151186,0.8098995728283136,0.214574438062961,0.67726731300354,0.2598609030246734,1.1481218338012695,552,0.8098995159096275,0.21457445452670143,0.6772674322128296,0.25986072421073914,1.1481215953826904,552,-5.691868609769557e-08,-5.691868609769557e-06,5.691868609769557e-06
627184520,0.8462829036503046,0.1911644809682095,0.7276666164398193,0.4370433390140533,1.1278866529464722,553,0.8462828526920829,0.1911644716446067,0.7276667356491089,0.43704336881637573,1.1278865337371826,553,-5.095822164236097e-08,-5.095822164236097e-06,5.095822164236097e-06
627217854,0.8844533784179895,0.1537088951074917,0.7634094953536987,0.7640057802200317,1.1048141717910769,554,0.8844533334202324,0.15370890227481918,0.7634096145629883,0.7640055418014526,1.1048139333724976,554,-4.4997757187026366e-08,-4.499775718702637e-06,4.499775718702637e-06
627251188,0.9260075015812128,0.1338704266863274,0.8310824632644653,0.9881510734558104,1.1049288511276243,555,0.9260074506229912,0.13387041714578368,0.8310823440551758,0.9881511926651001,1.1049288511276245,555,-5.095822164236097e-08,-5.095822164236097e-06,5.095822164236097e-06
627284522,0.972505245903036,0.1097835259563092,0.9299548864364624,0.9604697227478028,0.7923716902732849,556,0.9725051979250465,0.10978350832542642,0.9299549460411072,0.9604697227478027,0.7923715114593506,556,-4.797798947020482e-08,-4.797798947020482e-06,4.797798947020482e-06
627317856,0.0237728996067254,0.0739358978776341,1.0253530740737915,0.1241154074668884,0.0621982254087924,557,0.023772851628736102,0.07393569935192473,1.0253530740737915,0.12411539256572723,0.06219802424311638,557,-4.7977989303671364e-08,-4.7977989303671364e-06,4.7977989303671364e-06
627351190,0.0487947646486551,0.0487947646486551,1.0371519327163696,0.143788605928421,0.0455188564956188,558,0.04879465673841843,0.04879465673841839,1.0371519327163696,0.1437888741493225,0.04551883414387703,558,-1.0791023669076694e-07,-1.0791023669076694e-05,1.0791023669076694e-05
627384524,0.0798236830738972,0.9352824618816922,0.9308675527572632,0.388835072517395,-0.1674452722072601,559,0.07982357516366054,0.9352825649320835,0.9308675527572632,0.38883528113365173,-0.16744506359100342,559,-1.0791023663525579e-07,-1.0791023663525579e-05,1.0791023663525579e-05
627417858,0.1103846692748657,0.9582435521878532,0.9168295860290528,0.3409022986888885,-0.0915506407618522,560,0.11038456136462896,0.9582435531509975,0.9168295860290527,0.3409024178981781,-0.09155067056417465,560,-1.0791023674627809e-07,-1.0791023674627809e-05,1.0791023674627809e-05
627451192,0.141557882597823,0.9075125121146412,0.9351963996887208,0.4976235330104828,-0.3268215656280517,561,0.1415577786612293,0.9075125254331802,0.9351965188980103,0.4976235330104828,-0.326821506023407,561,-1.0393659372054387e-07,-1.0393659372054387e-05,1.0393659372054387e-05
627484526,0.1744777464576354,0.83102476594484,0.9875959157943726,0.3167182505130768,-0.5674232244491577,562,0.1744776464946847,0.8310247730598136,0.9875960350036621,0.3167182505130768,-0.5674231648445129,562,-9.996295069480965e-08,-9.996295069480965e-06,9.996295069480965e-06
627517860,0.2102791849481852,0.7954851961979555,1.0740431547164917,0.2448336482048034,-0.8332331776618958,563,0.21027908101159143,0.7954851909578727,1.0740430355072021,0.24483361840248108,-0.8332331776618958,563,-1.0393659377605502e-07,-1.0393659377605502e-05,1.0393659377605502e-05
627551194,0.245765871177891,0.7951951465816106,1.0646005868911743,0.2406348586082458,-0.8244958519935608,564,0.24576576724129723,0.7951951465816106,1.0646005868911743,0.24063485860824585,-0.8244958519935608,564,-1.0393659377605502e-07,-1.0393659377605502e-05,1.0393659377605502e-05
627584528,0.2871358428108485,0.5634459133652355,0.8273994326591492,-0.8118325471878052,-0.3419389128684997,565,0.28713573589402247,0.5634459133652355,0.8273993730545044,-0.8118325471878052,-0.34193891286849976,565,-1.0691682600372232e-07,-1.0691682600372232e-05,1.0691682600372232e-05
627617862,0.3275259170639307,0.5548987073351246,0.8078014850616455,-0.7704089879989624,-0.2768105566501617,566,0.32752581014710475,0.5548987439701187,0.8078014850616455,-0.7704089283943176,-0.27681073546409607,566,-1.0691682594821117e-07,-1.0691682594821117e-05,1.0691682594821117e-05
627651196,0.3678020004141123,0.5500752977235955,0.8055216670036316,-0.7801280617713928,-0.2538870871067047,567,0.3678018964775186,0.5500753177951778,0.8055217266082764,-0.780128002166748,-0.2538871765136719,567,-1.0393659372054387e-07,-1.0393659372054387e-05,1.0393659372054387e-05
627684530,0.4077603463041575,0.5673482672454818,0.7991669178009033,-0.7847084999084473,-0.3534092307090759,568,0.4077602393873315,0.5673482511721621,0.7991668581962585,-0.7847083806991577,-0.353409081697464,568,-1.0691682594821117e-07,-1.0691682594821117e-05,1.0691682594821117e-05
627717864,0.443044028054455,0.4945986795454318,0.7056736350059509,-0.754888117313385,0.0256288535892963,569,0.4430439211376291,0.4945987348871384,0.7056736350059509,-0.7548881769180298,0.02562859281897545,569,-1.0691682589270002e-07,-1.0691682589270002e-05,1.0691682589270002e-05
627751198,0.5156901810276301,0.7972616361371849,1.452923059463501,0.5596523284912109,-1.8289202451705933,570,0.5156900919921976,0.7972616274294134,1.4529234170913696,0.5596523284912109,-1.828920602798462,570,-8.903543247118506e-08,-8.903543247118506e-06,8.903543247118506e-06
627784532,0.5789878282654077,0.7746603479264552,1.2659529447555542,0.2989945411682129,-1.9142076969146729,571,0.5789877332695108,0.7746603285754917,1.2659528255462646,0.2989943027496338,-1.9142076969146729,571,-9.499589692651966e-08,-9.499589692651966e-06,9.499589692651966e-06
627817866,0.6354246828663141,0.7645451758872839,1.1287370920181274,0.1842561066150665,-2.0105347633361816,572,0.6354245878704172,0.7645451613046923,1.1287370920181274,0.1842559427022934,-2.0105350017547607,572,-9.499589692651966e-08,-9.499589692651966e-06,9.499589692651966e-06
627851200,0.6873416576492579,0.739545626247512,1.0383394956588743,-0.1302939355373382,-1.980710744857788,573,0.6873415686138254,0.7395456513460049,1.038339614868164,-0.13029363751411438,-1.9807109832763672,573,-8.903543247118506e-08,-8.903543247118506e-06,8.903543247118506e-06
627884534,0.7290682706939967,0.7311259920883977,0.8345322608947754,-0.2092899978160858,-1.7565555572509766,574,0.7290681995399576,0.7311260279072263,0.834532618522644,-0.20928962528705597,-1.7565557956695557,574,-7.115403910518125e-08,-7.1154039105181255e-06,7.1154039105181255e-06
627917868,0.7561676615186326,0.7100619725405339,0.8129817247390747,-0.3290134966373443,-1.2834975719451904,575,0.7561675863909505,0.7100619831194117,0.8129816055297852,-0.329013466835022,-1.2834978103637695,575,-7.512768207540432e-08,-7.512768207540432e-06,7.512768207540432e-06
627951202,0.7816394799657456,0.6644292290865682,0.7641545534133911,-0.5043702721595764,-0.8459051251411438,576,0.7816394088117066,0.6644291582781363,0.7641546726226807,-0.504370391368866,-0.8459044694900513,576,-7.115403899415895e-08,-7.115403899415895e-06,7.115403899415895e-06
627984536,0.8054880970426194,0.5204497174606513,0.7154585123062134,-1.1369414329528809,-0.1468941569328308,577,0.8054880258885804,0.5204496970126763,0.7154585123062134,-1.1369413137435913,-0.14689399302005768,577,-7.115403899415895e-08,-7.115403899415895e-06,7.115403899415895e-06
628017870,0.8256623520163489,0.5036247603401312,0.6052276492118835,-1.451806902885437,-0.0330706797540187,578,0.8256622848359528,0.5036247178137305,0.6052277684211731,-1.4518072605133057,-0.03307029977440834,578,-6.718039602393588e-08,-6.7180396023935884e-06,6.7180396023935884e-06
628051204,0.8445800099479945,0.4909313365848555,0.5675297379493713,-1.4459638595581057,0.0824804380536079,579,0.8445799507148846,0.4909313407433106,0.5675299763679504,-1.445963740348816,0.08248039335012436,579,-5.9233109972467446e-08,-5.923310997246745e-06,5.923310997246745e-06
628084538,0.8640149229474655,0.509224359180687,0.5830473899841309,-1.5506699085235596,-0.0899750515818595,580,0.8640148617275341,0.5092244209135205,0.5830473303794861,-1.5506699085235596,-0.08997565507888794,580,-6.121993145757898e-08,-6.121993145757898e-06,6.121993145757898e-06
628117872,0.8847863727517715,0.4994824649078599,0.6231434941291809,-1.6018836498260498,0.0052089737728238,581,0.8847863095450186,0.4994824454609642,0.6231434345245361,-1.601883888244629,0.0052091702818870544,581,-6.320675294269051e-08,-6.320675294269051e-06,6.320675294269051e-06
628151206,0.9204546226767492,0.5488720982765204,1.0700474977493286,-1.8783154487609863,-0.5956186652183533,582,0.9204545594699962,0.5488720757783035,1.0700474977493286,-1.878315806388855,-0.595618486404419,582,-6.320675294269051e-08,-6.320675294269051e-06,6.320675294269051e-06
628184540,0.978801323345084,0.3365024253082608,1.1669340133666992,-1.0914000272750854,1.8063198328018188,583,0.9788012720592602,0.3365024437426322,1.1669342517852783,-1.091400384902954,1.8063199520111084,583,-5.1285823809976705e-08,-5.1285823809976705e-06,5.1285823809976705e-06
628217874,0.0365275992659519,0.3235465396983737,1.1545255184173584,-0.8529837727546692,1.7125604152679443,584,0.03652753605919923,0.3235465352601181,1.1545252799987793,-0.8529837131500244,1.7125604152679443,584,-6.320675266513476e-08,-6.320675266513476e-06,6.320675266513476e-06
628251208,0.0948060287741611,0.3243915541068908,1.1655685901641846,-0.7793444991111755,1.5441147089004517,585,0.09480597748833741,0.3243915886119419,1.1655688285827637,-0.7793446183204651,1.544114112854004,585,-5.12858236989544e-08,-5.12858236989544e-06,5.12858236989544e-06
628284542,0.1562841846255253,0.3197043435672775,1.2295631170272827,-0.6959210634231567,1.4860669374465942,586,0.15628413333970154,0.31970437497971776,1.2295631170272827,-0.6959214210510254,1.4860669374465942,586,-5.1285823754465554e-08,-5.128582375446555e-06,5.128582375446555e-06
628317876,0.2149329795149753,0.3171976270528902,1.1729758977890017,-0.6816537976264954,1.5173755884170532,587,0.21493292226868713,0.3171976109186551,1.172975778579712,-0.6816535592079163,1.5173754692077637,587,-5.7246288154289005e-08,-5.7246288154289005e-06,5.7246288154289005e-06
628351210,0.2708894683627079,0.3319748888055376,1.1191297769546509,-0.7556056380271912,1.334932565689087,588,0.27088940515595517,0.331974916018923,1.1191296577453613,-0.7556053996086121,1.3349316120147705,588,-6.320675272064591e-08,-6.320675272064591e-06,6.320675272064591e-06
628384544,0.3252322448996494,0.3663134680485475,1.0868555307388306,-0.9070799350738524,1.0119214057922363,589,0.3252321697719677,0.3663135250385582,1.0868552923202515,-0.9070800542831421,1.0119208097457886,589,-7.512768168682626e-08,-7.5127681686826264e-06,7.5127681686826264e-06
628417878,0.3700510604886005,0.4371907149471434,0.8963763117790222,-1.0248525142669678,0.426842987537384,590,0.37005099430161553,0.4371906820858607,0.8963764905929565,-1.0248522758483887,0.42684313654899597,590,-6.618698494831321e-08,-6.618698494831321e-06,6.618698494831321e-06
628451212,0.4100749059227894,0.5223371114946944,0.8004769086837769,-1.0342243909835815,-0.1461121588945388,591,0.41007484569626884,0.5223371038717046,0.8004770278930664,-1.0342247486114502,-0.14611215889453888,591,-6.022652054848976e-08,-6.022652054848976e-06,6.022652054848976e-06
628484546,0.4501356406716297,0.5521085068588949,0.8012146949768066,-1.0600557327270508,-0.3600274324417114,592,0.45013558044510915,0.5521084773385536,0.8012146949768066,-1.0600558519363403,-0.3600272536277771,592,-6.022652054848976e-08,-6.022652054848976e-06,6.022652054848976e-06
628517880,0.4905366166142414,0.5635787499081345,0.8080195188522339,-1.0356314182281494,-0.4372197091579437,593,0.4905365623481853,0.563578839313058,0.8080196380615234,-1.0356314182281494,-0.43722039461135864,593,-5.426605609315516e-08,-5.426605609315516e-06,5.426605609315516e-06
628551214,0.5319148762730549,0.5740153248626119,0.8275651931762695,-0.994470715522766,-0.4989823698997497,594,0.5319148249872311,0.5740153439006375,0.8275652527809143,-0.9944707751274109,-0.4989825487136841,594,-5.1285823809976705e-08,-5.1285823809976705e-06,5.1285823809976705e-06
628584548,0.5602347437250406,0.2905233893376163,0.8495960235595703,-0.2337508201599121,0.8981273174285889,595,0.5602347003865027,0.2905233845945431,0.8495962619781494,-0.23375076055526733,0.8981271982192993,595,-4.333853786953057e-08,-4.333853786953057e-06,4.333853786953057e-06
628617882,0.5943044844972879,0.1041273020429206,1.0220922231674194,0.3182880580425262,0.2441059648990631,596,0.59430444115875,0.10412733520168732,1.0220922231674194,0.31828799843788147,0.24410602450370789,596,-4.333853786953057e-08,-4.333853786953057e-06,4.333853786953057e-06
628651216,0.6428329650270731,0.0468450326808063,0.9705696105957032,0.3660171329975128,0.1109548285603523,597,0.6428329276489997,0.04684494960276482,0.9705697298049927,0.3660171329975128,0.11095461994409561,597,-3.737807341419597e-08,-3.7378073414195967e-06,3.7378073414195967e-06
628684550,0.6888970468151362,0.0462467904853075,0.921281635761261,0.3530945479869842,0.1055899038910865,598,0.688897000496366,0.04624680837638656,0.9212814569473267,0.35309457778930664,0.10558995604515076,598,-4.631877015270902e-08,-4.631877015270902e-06,4.631877015270902e-06
628717884,0.7331225875723154,0.0266621219750447,0.8845108151435852,0.2899248898029327,0.0490286089479923,599,0.7331225442337775,0.026662150979256925,0.88451087474823,0.2899250090122223,0.049028683453798294,599,-4.333853786953057e-08,-4.333853786953057e-06,4.333853786953057e-06
628751218,0.7785136524545938,0.9153401167250558,0.9078212976455688,0.2248865067958831,-0.1323496550321579,600,0.7785136150765205,0.9153402665229756,0.9078214168548584,0.22488686442375183,-0.13234958052635193,600,-3.7378073303173664e-08,-3.7378073303173664e-06,3.7378073303173664e-06
628784552,0.8287878576624185,0.8571959366220057,1.005484104156494,0.2967938482761383,-0.371913194656372,601,0.8287878202843452,0.8571959257601394,1.0054841041564941,0.2967938780784607,-0.37191328406333923,601,-3.7378073303173664e-08,-3.7378073303173664e-06,3.7378073303173664e-06
628817886,0.8589064899790079,0.6549944586380225,0.9035589694976808,-0.4268374741077423,-0.628025233745575,602,0.8589064486272915,0.6549944656603914,0.9035588502883911,-0.4268374741077423,-0.6280252933502197,602,-4.1351716384419035e-08,-4.1351716384419035e-06,4.1351716384419035e-06
628851220,0.8878971600242247,0.6038046940410502,0.8697201013565063,-0.7009022235870361,-0.53529292345047,603,0.8878971206593299,0.6038046659066769,0.8697201609611511,-0.7009024024009705,-0.5352928638458252,603,-3.93648947882852e-08,-3.93648947882852e-06,3.93648947882852e-06
628884554,0.914501119028309,0.5766861738035727,0.7981187701225281,-0.782414436340332,-0.4091584980487823,604,0.9145010816502357,0.5766861878663723,0.7981188297271729,-0.7824144959449768,-0.4091586172580719,604,-3.7378073303173664e-08,-3.7378073303173664e-06,3.7378073303173664e-06
628917888,0.9409382029084156,0.572419708470292,0.7931125164031982,-0.7957071661949158,-0.3893152773380279,605,0.9409381655303423,0.5724197372247982,0.7931125164031982,-0.795707106590271,-0.3893154263496399,605,-3.7378073303173664e-08,-3.7378073303173664e-06,3.7378073303173664e-06
628951222,0.971699113022068,0.6208874218467395,0.9228273034095764,-0.5404470562934875,-0.5132142901420593,606,0.9716990776308163,0.6208874481408323,0.9228273630142212,-0.5404468774795532,-0.5132142901420593,606,-3.539125170703983e-08,-3.539125170703983e-06,3.539125170703983e-06
628984556,0.0078055047698606,0.8147220916834947,1.0831917524337769,0.19759601354599,-0.4588138461112976,607,0.007805469378608931,0.8147220942298933,1.0831917524337769,0.1975959837436676,-0.45881375670433044,607,-3.539125165152868e-08,-3.5391251651528677e-06,3.5391251651528677e-06
629017890,0.0432706220654437,0.9747249990407684,1.063953518867493,0.4145061373710632,-0.0663857087492942,608,0.04327058270054904,0.9747250847216155,1.0639533996582031,0.41450607776641846,-0.06638547033071518,608,-3.9364894677262896e-08,-3.93648946772629e-06,3.93648946772629e-06
629051224,0.0770795964904416,0.988842168961411,1.014269232749939,1.0198205709457395,-0.0716136395931243,609,0.07707956109918998,0.9888421653473244,1.0142693519592285,1.0198204517364502,-0.07161365449428558,609,-3.5391251596017526e-08,-3.5391251596017526e-06,3.5391251596017526e-06
629084558,0.1108571036366412,0.0057287586937669,1.0133252143859863,0.966149926185608,0.0347914509475231,610,0.11085706427174655,0.005728774109040957,1.0133250951766968,0.9661498069763184,0.03479154035449028,610,-3.9364894677262896e-08,-3.93648946772629e-06,3.93648946772629e-06
629117892,0.1431294941611875,0.0684130499601531,0.9681717157363892,0.6364354491233826,0.2917685806751251,611,0.14312945479629285,0.06841302481456739,0.9681717157363892,0.6364353895187378,0.2917684316635132,611,-3.9364894677262896e-08,-3.93648946772629e-06,3.93648946772629e-06
629151226,0.1744043083112768,0.1744043083112767,0.8595149517059326,0.3179878294467926,0.6183537840843201,612,0.17440431420479424,0.17440431420479427,0.8595148324966431,0.3179877698421478,0.6183537244796753,612,5.893517451838193e-09,5.893517451838193e-07,5.893517451838193e-07
629184560,0.211670979968839,0.2275197282470307,0.7453334331512451,0.1184926331043243,0.8333131074905396,613,0.21167099182282098,0.22751972786330496,0.7453335523605347,0.11849261820316315,0.83331298828125,613,1.1853982018195097e-08,1.1853982018195097e-06,1.1853982018195097e-06
629217894,0.2362788211426468,0.195407730504068,0.7382352352142334,0.5246366262435913,1.4690316915512085,614,0.23627883299662877,0.1954076904142435,0.7382352352142334,0.5246370434761047,1.4690316915512085,614,1.1853982018195097e-08,1.1853982018195097e-06,1.1853982018195097e-06
629251228,0.2615720700344772,0.1529644669646724,0.7587974667549133,1.0786888599395752,1.5443798303604126,615,0.2615720799016377,0.1529644842660598,0.7587974071502686,1.0786888599395752,1.5443801879882812,615,9.867160533083563e-09,9.867160533083563e-07,9.867160533083563e-07
629284562,0.2867507329703699,0.1507224554088869,0.7553598880767822,1.134369134902954,1.57632315158844,616,0.286750744824352,0.1507224598553342,0.755359947681427,1.134368896484375,1.5763229131698608,616,1.1853982018195097e-08,1.1853982018195097e-06,1.1853982018195097e-06
629317896,0.3126354129236272,0.1690259809636977,0.7765403985977173,0.9178470373153688,1.645620822906494,617,0.3126354247776092,0.16902599956668266,0.7765403985977173,0.9178469181060791,1.6456210613250732,617,1.1853982018195097e-08,1.1853982018195097e-06,1.1853982018195097e-06
629351230,0.3389059296370875,0.2064484771660435,0.7881155014038086,0.5197480916976929,1.8517237901687624,618,0.3389059375174265,0.2064484765831985,0.788115382194519,0.5197480320930481,1.851723551750183,618,7.88033904797203e-09,7.880339047972029e-07,7.880339047972029e-07
629384564,0.3663670451562932,0.2186868933325861,0.8238334655761719,0.4117754399776459,2.0658535957336426,619,0.3663670490629892,0.2186868827090823,0.8238333463668823,0.411775678396225,2.065854072570801,619,3.906696077748961e-09,3.906696077748961e-07,3.906696077748961e-07
629417898,0.3973900190116297,0.1740360903612414,0.9306892156600952,0.9917564392089844,1.9176310300827024,620,0.3973900388128977,0.17403613773337331,0.9306896924972534,0.9917559623718262,1.9176315069198608,620,1.9801267958641233e-08,1.9801267958641233e-06,1.9801267958641233e-06
629451232,0.4281411678712896,0.1542953093744657,0.9225344657897948,1.1608331203460691,1.691950798034668,621,0.42814118767255754,0.15429531611034966,0.9225344657897949,1.1608325242996216,1.6919500827789307,621,1.9801267958641233e-08,1.9801267958641233e-06,1.9801267958641233e-06
629484566,0.4569835097711614,0.1343347762980435,0.8652702569961548,1.2327395677566528,1.3865424394607544,622,0.4569835295724294,0.1343348128149283,0.8652702569961548,1.2327392101287842,1.3865426778793335,622,1.9801267958641233e-08,1.9801267958641233e-06,1.9801267958641233e-06
629517900,0.486934899401797,0.1286880761274891,0.8985416889190674,1.1919982433319092,1.2485631704330444,623,0.4869349271503509,0.12868815166402636,0.8985419273376465,1.1919983625411987,1.2485644817352295,623,2.774855389908737e-08,2.774855389908737e-06,2.774855389908737e-06
629551234,0.5171221167963079,0.1368442763964853,0.9056165218353271,1.1419918537139893,1.3259990215301514,624,0.5171221524921478,0.13684431405163955,0.9056167602539062,1.1419916152954102,1.32599937915802,624,3.5695839839533505e-08,3.5695839839533505e-06,3.5695839839533505e-06
629584568,0.5458767007908555,0.1507587409476741,0.8626375198364258,1.02312970161438,1.4224283695220947,625,0.5458767404603383,0.15075873570491083,0.8626376390457153,1.0231293439865112,1.422427773475647,625,3.966948280975657e-08,3.966948280975657e-06,3.966948280975657e-06
629617902,0.5735847464324367,0.1737670751752539,0.8312413692474365,0.7341634631156921,1.4136955738067627,626,0.5735847900755625,0.17376710160024147,0.8312414884567261,0.7341631650924683,1.4136955738067627,626,4.364312577997964e-08,4.364312577997964e-06,4.364312577997964e-06
629651236,0.5978445123753282,0.1799658758081858,0.7277929782867432,0.5690966844558716,1.208719253540039,627,0.5978445480711679,0.17996585728528922,0.7277927398681641,0.5690967440605164,1.20871901512146,627,3.56958397285112e-08,3.5695839728511203e-06,3.5695839728511203e-06
629684570,0.6216220449528429,0.1741233519512464,0.7133259773254395,0.6151378154754639,1.191012263298035,628,0.6216220826355041,0.17412333916857467,0.7133260369300842,0.6151378750801086,1.1910121440887451,628,3.768266121362274e-08,3.7682661213622737e-06,3.7682661213622737e-06
629717904,0.6472730627776516,0.158776813943567,0.7695305347442627,0.7772690653800964,1.204222321510315,629,0.6472730964866699,0.15877682112213828,0.7695304155349731,0.7772690653800964,1.2042224407196045,629,3.370901824339967e-08,3.370901824339967e-06,3.370901824339967e-06
629751238,0.6886346659184827,0.1366267238148927,0.8272320628166199,0.99760901927948,1.1551549434661863,630,0.6886347026077331,0.1366267156901799,0.8272321224212646,0.99760901927948,1.155154824256897,630,3.668925041555582e-08,3.668925041555582e-06,3.668925041555582e-06
629784572,0.7336920163155927,0.1085749998228122,0.9011470079421996,1.140569806098938,0.926486313343048,631,0.7336920500246108,0.10857500170388298,0.9011469483375549,1.1405699253082275,0.9264864325523376,631,3.3709018132377366e-08,3.3709018132377366e-06,3.3709018132377366e-06
629817906,0.7829413196565045,0.0779821082199373,0.9849860668182372,0.9104649424552916,0.4856031835079193,632,0.7829413593259872,0.07798211362872792,0.9849861860275269,0.9104646444320679,0.48560306429862976,632,3.966948269873427e-08,3.966948269873427e-06,3.966948269873427e-06
629851240,0.8342800161363019,0.0522308215213718,1.0267739295959473,0.5822641849517822,0.1982540041208267,633,0.8342800558057846,0.05223084140540238,1.0267739295959473,0.5822639465332031,0.19825400412082672,633,3.966948269873427e-08,3.966948269873427e-06,3.966948269873427e-06
629884574,0.8850877544404401,0.0253033100253147,1.0161547660827637,0.5759850740432739,0.0923526361584663,634,0.8850878060308517,0.0253033684946514,1.0161550045013428,0.5759848356246948,0.09235281497240067,634,5.1590411609403475e-08,5.1590411609403475e-06,5.1590411609403475e-06
629917908,0.9314184597255124,0.0151198987810865,0.9266141057014464,0.3998176157474518,0.0380978062748909,635,0.9314185083356917,0.015119983113419866,0.9266140460968018,0.3998172879219055,0.038097988814115524,635,4.861017932622502e-08,4.861017932622502e-06,4.861017932622502e-06
629951242,0.978751592946185,0.9802751276396352,0.946662664413452,0.5471776723861694,-0.0681638345122337,636,0.9787516475168289,0.9802750956587765,0.9466627836227417,0.5471774339675903,-0.0681639164686203,636,5.457064389258193e-08,5.457064389258193e-06,5.457064389258193e-06
629984576,0.0106191447497738,0.8957644921504212,0.956026554107666,0.3609126508235931,-0.2771861255168915,637,0.010619205280882227,0.8957644940680919,0.9560267329216003,0.36091262102127075,-0.2771860957145691,637,6.053110845893883e-08,6.053110845893883e-06,6.053110845893883e-06
630017910,0.0450038722278012,0.756008147225707,1.0315418243408203,0.0270227380096912,-0.7154883146286011,638,0.04500393275890957,0.7560081182815755,1.0315418243408203,0.027022596448659897,-0.7154880166053772,638,6.053110834791653e-08,6.053110834791653e-06,6.053110834791653e-06
630051244,0.0786422104757361,0.6544264596521877,1.009150147438049,-0.5220022797584534,-0.7621803283691406,639,0.07864227100684454,0.6544264797295709,1.0091501474380493,-0.5220022201538086,-0.7621804475784302,639,6.053110845893883e-08,6.053110845893883e-06,6.053110845893883e-06
630084578,0.1099630645038022,0.595242654457239,0.93962562084198,-0.8479650020599365,-0.5781683325767517,640,0.10996312304808904,0.5952426624415412,0.9396255612373352,-0.8479648232460022,-0.5781682729721069,640,5.8544286862804995e-08,5.8544286862804995e-06,5.8544286862804995e-06
630117912,0.1542650690795315,0.573951348893567,0.8860400915145874,-0.8644111156463623,-0.4332892298698425,641,0.1542651335842829,0.5739513883286933,0.886040210723877,-0.8644112944602966,-0.4332895874977112,641,6.45047514291619e-08,6.45047514291619e-06,6.45047514291619e-06
630151246,0.1974064847947491,0.564561260408973,0.8628283143043518,-0.8198325037956238,-0.3520931601524353,642,0.1974065492995005,0.5645612659826172,0.8628283143043518,-0.8198325634002686,-0.3520932197570801,642,6.45047514291619e-08,6.45047514291619e-06,6.45047514291619e-06
630184580,0.2409055492402447,0.5668783971246326,0.8699812889099121,-0.8604696989059448,-0.3844782412052154,643,0.24090561970546057,0.5668783562588786,0.8699814081192017,-0.8604697585105896,-0.38447800278663635,643,7.04652158844965e-08,7.04652158844965e-06,7.04652158844965e-06
630217914,0.2835322550059689,0.5673855551100144,0.8525341153144836,-0.8437809348106384,-0.3802514970302582,644,0.28353232845141696,0.5673855462262927,0.8525341749191284,-0.8437809944152832,-0.3802514672279358,644,7.344544805665265e-08,7.344544805665265e-06,7.344544805665265e-06
630251248,0.319999950242175,0.8134083368876448,1.0940308570861816,0.3378215730190277,-0.8025867938995361,645,0.32000001971398,0.8134083207763626,1.094030737876892,0.3378216028213501,-0.80258709192276,645,6.947180497540728e-08,6.947180497540728e-06,6.947180497540728e-06
630284582,0.356174696596596,0.9089057442811472,1.0852423906326294,0.6109786033630371,-0.3936572670936584,646,0.356174766068401,0.9089057662247435,1.0852423906326294,0.6109786033630371,-0.3936571478843689,646,6.947180497540728e-08,6.947180497540728e-06,6.947180497540728e-06
630317916,0.3905005108437273,0.9833354532784162,1.0297744274139404,1.024952411651611,-0.1077130362391471,647,0.39050057634188934,0.9833354018361006,1.0297743082046509,1.02495276927948,-0.10771340876817703,647,6.549816200518421e-08,6.549816200518421e-06,6.549816200518421e-06
630351250,0.4243237228315406,0.997711543503558,1.0146963596343994,1.1084076166152954,-0.0159386657178401,648,0.42432379230334566,0.997711562531563,1.014696478843689,1.1084073781967163,-0.0159385297447443,648,6.947180508642958e-08,6.947180508642958e-06,6.947180508642958e-06
630384584,0.4552699775617652,0.0444696468012008,0.9283876419067384,0.9048982262611388,0.2596304714679718,649,0.4552700450467488,0.044469629656176485,0.9283875823020935,0.9048974514007568,0.25963014364242554,649,6.748498360131805e-08,6.748498360131805e-06,6.748498360131805e-06
630417918,0.4859657099963559,0.1088478136862667,0.9208719730377196,0.7381226420402527,0.6016809940338135,650,0.48596577748133946,0.10884784742642108,0.9208719730377197,0.7381227612495422,0.6016813516616821,650,6.748498360131805e-08,6.748498360131805e-06,6.748498360131805e-06
630451252,0.5140692880870237,0.1441609541608183,0.8431073427200317,0.6230699419975281,0.7945718169212341,651,0.5140693615324716,0.144160996923073,0.8431075215339661,0.6230696439743042,0.7945718765258789,651,7.344544794563035e-08,7.344544794563035e-06,7.344544794563035e-06
630484586,0.5389984221380287,0.191792040169572,0.7478740215301514,0.3641065061092376,0.9507678151130676,652,0.5389985035307626,0.19179203887408736,0.7478742599487305,0.3641064465045929,0.9507676362991333,652,8.139273388607648e-08,8.139273388607648e-06,8.139273388607648e-06
630517920,0.5620743563891782,0.1908804622781129,0.6922780275344849,0.6813554763793945,1.7491166591644287,653,0.5620744457291981,0.19088048894380005,0.692278265953064,0.6813549995422363,1.74911630153656,653,8.934001982652262e-08,8.934001982652262e-06,8.934001982652262e-06
630551254,0.5850567332030668,0.1726205077613234,0.6894713044166565,1.0556024312973022,1.9973416328430176,654,0.5850568245299081,0.17262050733804007,0.6894713640213013,1.0556023120880127,1.9973413944244385,654,9.132684131163415e-08,9.132684131163415e-06,9.132684131163415e-06
630584588,0.608330451560153,0.1828018051377871,0.6982115507125854,0.93420672416687,2.0795438289642334,655,0.6083305428869943,0.1828018089335157,0.6982115507125854,0.9342066645622253,2.0795438289642334,655,9.132684131163415e-08,9.132684131163415e-06,9.132684131163415e-06
630617922,0.6322514922540718,0.2099917023217795,0.7176312208175659,0.5551671981811523,2.1617655754089355,656,0.6322515835809132,0.20999170232177952,0.7176312208175659,0.5551671981811523,2.1617655754089355,656,9.132684131163415e-08,9.132684131163415e-06,9.132684131163415e-06
630651256,0.6569505344948504,0.2336432886424138,0.7409712672233582,0.2347641289234161,2.27626633644104,657,0.6569506278085132,0.23364328281757998,0.7409713268280029,0.2347641885280609,2.276266098022461,657,9.331366279674569e-08,9.331366279674569e-06,9.331366279674569e-06
630684590,0.6867655924083127,0.1761747461482214,0.8944517374038696,1.1693181991577148,2.337408304214477,658,0.6867656817483325,0.17617475913951494,0.8944516181945801,1.1693181991577148,2.3374087810516357,658,8.934001982652262e-08,8.934001982652262e-06,8.934001982652262e-06
630717924,0.7324571362258329,0.1583088910905824,0.9138308763504028,1.363683819770813,2.0991830825805664,659,0.7324572255658527,0.15830889554445773,0.9138308763504028,1.3636835813522339,2.0991828441619873,659,8.934001982652262e-08,8.934001982652262e-06,8.934001982652262e-06
630751258,0.7765551975489987,0.1440775083262406,0.8819612264633179,1.4691920280456543,1.8715698719024656,660,0.7765552988099476,0.1440775235676349,0.881961464881897,1.469191551208496,1.8715696334838867,660,1.0126094884821413e-07,1.0126094884821413e-05,1.0126094884821413e-05
630784592,0.8199906697989835,0.133895221242367,0.8687094449996948,1.4564552307128906,1.629086971282959,661,0.8199907621192356,0.13389528048196314,0.8687092661857605,1.4564549922943115,1.6290879249572754,661,9.232025210970107e-08,9.232025210970107e-06,9.232025210970107e-06
630817926,0.8660999229670896,0.1304976721556577,0.9221850633621216,1.3922410011291504,1.4919074773788452,662,0.8661000331687351,0.13049768438832235,0.9221854209899902,1.39224112033844,1.4919078350067139,662,1.1020164547570488e-07,1.1020164547570488e-05,1.1020164547570488e-05
630851260,0.9108649006606472,0.1349738498837713,0.8952995538711548,1.4085941314697266,1.5972073078155518,663,0.9108650078820606,0.13497386009118947,0.89529949426651,1.4085943698883057,1.59720778465271,663,1.0722141341457103e-07,1.0722141341457103e-05,1.0722141341457103e-05
630884594,0.953963094067706,0.1477036216809155,0.8619638681411743,1.2608126401901243,1.6837269067764282,664,0.9539632012891193,0.1477036613391823,0.8619638681411743,1.260812520980835,1.6837276220321655,664,1.0722141330354873e-07,1.0722141330354873e-05,1.0722141330354873e-05
630917928,0.9948477438212764,0.1758577589970269,0.8176929950714111,0.8401062488555908,1.6710041761398315,665,0.9948478510426898,0.17585775459026612,0.8176929950714111,0.8401066064834595,1.6710047721862793,665,1.0722141341457103e-07,1.0722141341457103e-05,1.0722141341457103e-05
630951262,0.0281583747388256,0.1965776730239847,0.6662126183509827,0.4901992380619049,1.40513014793396,666,0.028158493881167868,0.19657770983396936,0.6662128567695618,0.4901985824108124,1.405129313468933,666,1.1914234221421793e-07,1.1914234221421793e-05,1.1914234221421793e-05
630984596,0.06247092099203,0.182642026324982,0.6862509250640869,0.6295201778411865,1.3975565433502195,667,0.06247104013437221,0.18264200263485914,0.6862509250640869,0.6295205354690552,1.3975567817687988,667,1.1914234221421793e-07,1.1914234221421793e-05,1.1914234221421793e-05
631017930,0.0996779701234234,0.1651248881669556,0.7441409826278687,0.8500961661338806,1.4400118589401243,668,0.09967809522623011,0.16512489658278387,0.7441411018371582,0.8500963449478149,1.4400123357772827,668,1.2510280666955254e-07,1.2510280666955254e-05,1.2510280666955254e-05
631051264,0.1396945020676983,0.1466457995466238,0.800330638885498,1.1036920547485352,1.453664779663086,669,0.13969461524957605,0.14664580383930878,0.800330400466919,1.1036921739578247,1.453665018081665,669,1.1318187775888333e-07,1.1318187775888333e-05,1.1318187775888333e-05
631084598,0.1690659385046694,0.1270005466300338,0.8811430931091309,1.1505730152130127,1.1798677444458008,670,0.16906605566019006,0.12700051427474182,0.8811432123184204,1.1505731344223022,1.1798673868179321,670,1.171555206180841e-07,1.171555206180841e-05,1.171555206180841e-05
631117932,0.2008386573315991,0.0967524531397945,0.9531815648078918,0.4159058332443237,0.2893946766853332,671,0.20083877647394127,0.09675248352558302,0.9531816244125366,0.41590622067451477,0.2893950641155243,671,1.1914234221421793e-07,1.1914234221421793e-05,1.1914234221421793e-05
631151266,0.2341685375691784,0.0657966390519956,0.9998964071273804,0.5013460516929626,0.2199376821517944,672,0.23416865273787763,0.06579668253726,0.9998962879180908,0.5013465285301208,0.21993805468082428,672,1.1516869924399487e-07,1.1516869924399487e-05,1.1516869924399487e-05
631184600,0.2660503527642621,0.0620192995323079,0.9564544558525084,0.4991912543773651,0.2050075829029083,673,0.26605046594613974,0.06201931027558581,0.9564543962478638,0.49919119477272034,0.20500759780406952,673,1.1318187764786103e-07,1.1318187764786103e-05,1.1318187764786103e-05
631217934,0.2965277871610058,0.0674627545294007,0.9143230319023132,0.4371132552623749,0.1972410678863525,674,0.296527898356062,0.06746279597835048,0.9143229722976685,0.43711331486701965,0.19724123179912567,674,1.111950562737718e-07,1.111950562737718e-05,1.111950562737718e-05
631251268,0.3269647122543387,0.007730678250618,0.9131077527999878,0.5223796367645264,0.0253936685621738,675,0.3269648234493949,0.007730749586739305,0.9131077527999878,0.5223796367645264,0.025393903255462646,675,1.111950562737718e-07,1.111950562737718e-05,1.111950562737718e-05
631284602,0.35913973263118,0.9179466497017388,0.9652506113052368,0.3888049721717834,-0.220326617360115,676,0.3591398477998791,0.9179467041835648,0.9652507305145264,0.3888051509857178,-0.22032654285430908,676,1.1516869913297256e-07,1.1516869913297256e-05,1.1516869913297256e-05
631317936,0.4123282711825105,0.7495923240475022,1.063770771026611,-0.0018889270722866,-0.7374274134635925,677,0.41232838635120966,0.7495923312835369,1.0637707710266113,-0.0018888935446739197,-0.7374274134635925,677,1.1516869924399487e-07,1.1516869924399487e-05,1.1516869924399487e-05
631351270,0.464770756276581,0.6443018549110173,1.0488497018814087,-0.6019541025161743,-0.7690449357032776,678,0.4647708654848156,0.6443018173265573,1.0488495826721191,-0.6019541621208191,-0.7690446376800537,678,1.0920823467763796e-07,1.0920823467763796e-05,1.0920823467763796e-05
631384604,0.5137848298868868,0.586807921638242,0.9802814722061156,-0.9156507849693298,-0.5556491613388062,679,0.5137849450555859,0.5868079443539584,0.9802815914154053,-0.9156507849693298,-0.5556493401527405,679,1.1516869913297256e-07,1.1516869913297256e-05,1.1516869913297256e-05
631417938,0.5591845553240511,0.5626294372250411,0.907994508743286,-0.8564175367355347,-0.3555560410022735,680,0.5591846704927502,0.5626294435522331,0.9079945087432861,-0.8564176559448242,-0.3555561304092407,680,1.1516869913297256e-07,1.1516869913297256e-05,1.1516869913297256e-05
631451272,0.5883455794176791,0.5525652298147352,0.8748307228088379,-0.8249862194061279,-0.2828337252140045,681,0.5883456945863782,0.552565206001534,0.8748307228088379,-0.8249861001968384,-0.2828335464000702,681,1.1516869913297256e-07,1.1516869913297256e-05,1.1516869913297256e-05
631484606,0.6180587332567904,0.5582784710034996,0.8913946151733398,-0.8764034509658813,-0.3360731899738312,682,0.6180588444518466,0.558278403528145,0.8913944959640503,-0.8764036297798157,-0.3360728323459625,682,1.111950561627495e-07,1.111950561627495e-05,1.111950561627495e-05
631517940,0.6476130645594332,0.5653359259813029,0.8866299390792847,-0.8607968091964722,-0.3746591210365295,683,0.6476131757544894,0.5653359161160989,0.8866299390792847,-0.8607967495918274,-0.3746590316295624,683,1.111950561627495e-07,1.111950561627495e-05,1.111950561627495e-05
631551274,0.7044604521116946,0.8222858998247741,1.136947751045227,0.392024427652359,-0.8029536604881287,684,0.7044605633067508,0.8222859093650411,1.136947751045227,0.3920244872570038,-0.8029536604881287,684,1.111950561627495e-07,1.111950561627495e-05,1.111950561627495e-05
631584608,0.7573667984328005,0.9266607638843322,1.0581269264221191,0.8555405735969543,-0.4247335791587829,685,0.7573668977069278,0.926660737260377,1.05812668800354,0.8555404543876648,-0.4247336983680725,685,9.927412725208029e-08,9.927412725208029e-06,9.927412725208029e-06
631617942,0.8076903503260348,0.992148621156507,1.006471037864685,1.1104847192764282,-0.05482654646039,686,0.807690461521091,0.9921486165867579,1.0064712762832642,1.1104846000671387,-0.05482657253742218,686,1.111950562737718e-07,1.111950562737718e-05,1.111950562737718e-05
631651276,0.8582729976496432,0.0014838246881563,1.011652946472168,1.2238502502441406,0.0114104645326733,687,0.8582731088446994,0.0014838484243076813,1.011652946472168,1.2238502502441406,0.011410647071897984,687,1.111950562737718e-07,1.111950562737718e-05,1.111950562737718e-05
631684610,0.9036480348429416,0.0367414070914969,0.9075007438659668,1.0842466354370115,0.25484499335289,688,0.9036481519984623,0.03674138611541468,0.9075008630752563,1.0842465162277222,0.2548448145389557,688,1.171555206180841e-07,1.171555206180841e-05,1.171555206180841e-05
631717944,0.9494110297283862,0.0970718573683777,0.9152598977088928,0.8318666815757751,0.5813088417053223,689,0.9494111617850681,0.09707193934396431,0.9152601957321167,0.8318666219711304,0.58130943775177,689,1.3205668192295406e-07,1.3205668192295406e-05,1.3205668192295406e-05
631751278,0.994178206833336,0.1209604349319833,0.895343542098999,0.8373610377311707,0.7958978414535522,690,0.9941783359097859,0.12096044801457231,0.8953434824943542,0.8373612761497498,0.7958981990814209,690,1.290764498618202e-07,1.290764498618202e-05,1.290764498618202e-05
631784612,0.0346369277558062,0.1573453969527302,0.8091744184494019,0.5797773003578186,0.880760908126831,691,0.03463705683225604,0.15734539457411204,0.8091744184494019,0.5797772407531738,0.8807607889175415,691,1.290764498618202e-07,1.290764498618202e-05,1.290764498618202e-05
631817946,0.0683127235493396,0.1960244735161107,0.6735159158706665,0.3848386704921722,1.0909128189086914,692,0.06831285858625384,0.19602436821307717,0.673516035079956,0.38483935594558716,1.0909124612808228,692,1.350369142061325e-07,1.350369142061325e-05,1.350369142061325e-05
631851280,0.0969582509121631,0.2117818933832626,0.5729105472564697,0.4030701816082001,1.646151781082153,693,0.09695840085023852,0.211781931552719,0.5729108452796936,0.40306970477104187,1.6461515426635742,693,1.4993807539998016e-07,1.4993807539998016e-05,1.4993807539998016e-05
631884614,0.1272213291249011,0.18445251315561,0.6052615642547607,0.8251276612281799,1.8889036178588867,694,0.12722147906297654,0.18445253632864758,0.6052615642547607,0.8251275420188904,1.888904094696045,694,1.4993807539998016e-07,1.4993807539998016e-05,1.4993807539998016e-05
631917948,0.1589739095291827,0.1966833003570311,0.6350516080856323,0.7087962031364441,2.0360705852508545,695,0.15897406542772263,0.19668328210383465,0.6350517272949219,0.7087963819503784,2.0360703468322754,695,1.5589853996633707e-07,1.5589853996633707e-05,1.5589853996633707e-05
631951282,0.1942316006741259,0.2136560272514201,0.7051538228988647,0.5271223783493042,2.268072843551636,696,0.19423175359243364,0.21365599578479394,0.70515376329422,0.5271227955818176,2.2680726051330566,696,1.5291830779418092e-07,1.5291830779418092e-05,1.5291830779418092e-05
631984616,0.2245243659736051,0.1676870827759045,0.908782958984375,1.12787663936615,1.982790231704712,697,0.2245245228655558,0.16768704251622032,0.9087830781936646,1.1278772354125977,1.9827901124954224,697,1.56891950764404e-07,1.56891950764404e-05,1.56891950764404e-05
632017950,0.2538145414115323,0.1577441929794474,0.8787052631378174,1.3817269802093506,2.110527992248535,698,0.25381470426394753,0.15774417650098724,0.8787054419517517,1.3817269802093506,2.110527515411377,698,1.628524152197386e-07,1.628524152197386e-05,1.628524152197386e-05
632051284,0.2823962798835172,0.146118598561538,0.8574521541595459,1.5509419441223145,2.028745651245117,699,0.28239645863050433,0.14611863675615097,0.8574526309967041,1.550940990447998,2.028745412826538,699,1.7874698721165316e-07,1.7874698721165316e-05,1.7874698721165316e-05
632084618,0.3096480877321297,0.1389165471213839,0.817554235458374,1.5937294960021973,1.9000033140182493,700,0.3096482704527598,0.138916539177764,0.8175543546676636,1.5937292575836182,1.9000028371810913,700,1.8272063007085393e-07,1.8272063007085393e-05,1.8272063007085393e-05
632117952,0.3382059326888456,0.1285281309886606,0.856735348701477,1.458670139312744,1.5248186588287354,701,0.33820612335676165,0.12852815019795935,0.8567355871200562,1.458669900894165,1.524818778038025,701,1.9066791612232237e-07,1.9066791612232237e-05,1.9066791612232237e-05
632151286,0.3682697168113126,0.122646541012385,0.9019135236740112,1.449988842010498,1.40772807598114,702,0.3682699233738006,0.12264654715926279,0.9019140005111694,1.4499884843826294,1.407727837562561,702,2.0656248800321464e-07,2.0656248800321464e-05,2.0656248800321464e-05
632184620,0.3969514440617297,0.1286440052889574,0.8604518175125122,1.4849774837493896,1.5545833110809326,703,0.39695165062421767,0.12864404243521768,0.8604518175125122,1.4849772453308105,1.5545837879180908,703,2.0656248800321464e-07,2.0656248800321464e-05,2.0656248800321464e-05
632217954,0.4247344206890796,0.1341305271422922,0.8334892988204956,1.5159647464752195,1.7007038593292236,704,0.424734629238389,0.1341305734979721,0.8334893584251404,1.515964388847351,1.7007044553756714,704,2.0854930937730387e-07,2.0854930937730387e-05,2.0854930937730387e-05
632251288,0.4504293035588,0.1536450845880358,0.7708464860916138,1.2249131202697754,1.7698062658309937,705,0.45042952005539544,0.15364510354756936,0.7708467245101929,1.2249126434326172,1.7698060274124146,705,2.164965954287723e-07,2.164965954287723e-05,2.164965954287723e-05
632284622,0.4712058773757352,0.1925217927006612,0.6232972145080566,0.5327673554420471,1.4105119705200195,706,0.4712060898986877,0.1925218178109952,0.6232970952987671,0.5327672362327576,1.4105123281478882,706,2.1252295245854924e-07,2.1252295245854924e-05,2.1252295245854924e-05
632317956,0.4919987908126249,0.2169807901338012,0.6237874031066895,0.2785768806934356,1.3234398365020752,707,0.4919990053223988,0.2169808186738229,0.6237874627113342,0.2785765826702118,1.323439598083496,707,2.1450977394366078e-07,2.1450977394366078e-05,2.1450977394366078e-05
632351290,0.5144936155400012,0.1794943836405488,0.6748447418212891,0.5900723338127136,1.2436964511871338,708,0.5144938300497751,0.17949443967507964,0.6748447418212891,0.5900717973709106,1.2436964511871338,708,2.1450977394366078e-07,2.1450977394366078e-05,2.1450977394366078e-05
632384624,0.5393779368322426,0.1517404110240749,0.7465296387672424,0.7782964110374451,1.0962448120117188,709,0.5393781513420165,0.15174045463579452,0.7465296387672424,0.7782958745956421,1.0962446928024292,709,2.1450977394366078e-07,2.1450977394366078e-05,2.1450977394366078e-05
632417958,0.5680355559906695,0.3663582962137365,0.8597285747528076,-0.1462883055210113,0.1631040424108505,710,0.5680357744740864,0.36635810049432177,0.8597286939620972,-0.1462884247303009,0.1631045788526535,710,2.1848341691388384e-07,2.1848341691388384e-05,2.1848341691388384e-05
632451292,0.598915494593117,0.098860867804922,0.9263981580734252,0.0712815225124359,0.0510135777294635,711,0.5989157170501769,0.09886033891085397,0.9263982772827148,0.07128193974494934,0.0510135181248188,711,2.224570598841069e-07,2.224570598841069e-05,2.224570598841069e-05
632484626,0.6462825249752734,0.0028505813085736,0.9473406076431274,0.2284592986106872,0.0040923105552792,712,0.646282744452101,0.002850800169379522,0.9473405480384827,0.22845911979675293,0.0040926216170191765,712,2.1947682760092846e-07,2.1947682760092846e-05,2.1947682760092846e-05
632517960,0.6907922934612963,0.9879687006676716,0.890195369720459,0.5074735879898071,-0.0384356491267681,713,0.6907925069776595,0.9879687020067176,0.8901952505111694,0.507473349571228,-0.03843562677502632,713,2.1351636314559386e-07,2.1351636314559386e-05,2.1351636314559386e-05
632551294,0.7336380492768023,0.027366314698873,0.8569151163101196,0.4131926894187927,0.0717560797929763,714,0.7336382538524687,0.027366346427449128,0.8569149374961853,0.41319262981414795,0.07175615429878235,714,2.045756664070808e-07,2.045756664070808e-05,2.045756664070808e-05
632584628,0.7773183029017184,0.9678693657529464,0.8736050724983215,0.4942320883274078,-0.1011549159884452,715,0.777318510457617,0.967869411809071,0.8736051321029663,0.49423208832740784,-0.10115476697683334,715,2.0755589857923695e-07,2.0755589857923695e-05,2.0755589857923695e-05
632617962,0.8235088746866915,0.8567241227597238,0.9238114356994628,0.2774756848812103,-0.3498276770114898,716,0.823509079262358,0.8567241623676447,0.9238113760948181,0.2774756848812103,-0.34982749819755554,716,2.045756664070808e-07,2.045756664070808e-05,2.045756664070808e-05
632651296,0.8379876338233211,0.8379876338233211,1.0171219110488892,0.347857654094696,-0.5637675523757935,717,0.8379875972624438,0.8379875972624438,1.0171220302581787,0.3478574752807617,-0.5637675523757935,717,-3.6560877325619856e-08,-3.6560877325619856e-06,3.6560877325619856e-06
632684630,0.8738180958022335,0.8081510892611972,1.0749138593673706,0.3143087923526764,-0.8216131925582886,718,0.8738180552677132,0.8081511171114136,1.074913740158081,0.31430891156196594,-0.821613073348999,718,-4.0534520295842924e-08,-4.053452029584292e-06,4.053452029584292e-06
632717964,0.9032675010750352,0.5816074917665268,0.8834821581840515,-0.8460700511932373,-0.4763216078281402,719,0.9032674585536934,0.5816074758112754,0.8834820985794067,-0.8460699319839478,-0.47632142901420593,719,-4.252134178095446e-08,-4.252134178095446e-06,4.252134178095446e-06
632751298,0.9317407352516708,0.5672099695795383,0.8541970252990723,-0.7928503751754761,-0.3562477231025696,720,0.9317406986907936,0.5672099661154245,0.8541972041130066,-0.7928505539894104,-0.35624778270721436,720,-3.6560877214597554e-08,-3.6560877214597554e-06,3.6560877214597554e-06
632784632,0.9595013879527308,0.5472747499742456,0.8328195810317993,-0.7722320556640625,-0.2363737523555755,721,0.9595013513918536,0.5472747075662883,0.8328195810317993,-0.7722318172454834,-0.23637345433235168,721,-3.6560877214597554e-08,-3.6560877214597554e-06,3.6560877214597554e-06
632817966,0.9866225265254236,0.5498220803855333,0.8136341571807861,-0.7712666392326355,-0.2496468424797058,722,0.9866224899645464,0.5498220386357195,0.8136341571807861,-0.7712666392326355,-0.2496466189622879,722,-3.6560877214597554e-08,-3.6560877214597554e-06,3.6560877214597554e-06
632851300,0.0132610701312281,0.55181028086486,0.7991563081741333,-0.7562297582626343,-0.2552593350410461,723,0.01326103357035091,0.551810243137773,0.7991563081741333,-0.7562299966812134,-0.2552592158317566,723,-3.6560877214597554e-08,-3.6560877214597554e-06,3.6560877214597554e-06
632884634,0.0384248060772476,0.5555342037127178,0.7549120783805847,-0.7605187892913818,-0.276690661907196,724,0.03842476752954891,0.5555341376196911,0.7549120187759399,-0.7605187892913818,-0.2766903042793274,724,-3.854769869970909e-08,-3.854769869970909e-06,3.854769869970909e-06
632917968,0.0764146489689407,0.8610371466831931,1.1396952867507937,0.751334547996521,-0.8962512016296387,725,0.076414614394885,0.8610371552805414,1.139695405960083,0.7513341307640076,-0.8962506055831909,725,-3.457405567397487e-08,-3.457405567397487e-06,3.457405567397487e-06
632951302,0.1125905715216852,0.9290360557707162,1.0852776765823364,1.0349066257476809,-0.4946680665016174,726,0.11259053694762955,0.9290360750819862,1.0852776765823364,1.0349063873291016,-0.49466779828071594,726,-3.457405561846372e-08,-3.4574055618463717e-06,3.4574055618463717e-06
632984636,0.1488501313119786,0.9687625119541652,1.0877867937088013,1.260067582130432,-0.2505400478839874,727,0.14885008481699397,0.9687625532683372,1.0877864360809326,1.260067343711853,-0.2505396604537964,727,-4.6494984640155224e-08,-4.649498464015522e-06,4.649498464015522e-06
633017970,0.1805510841597773,0.0030105206767505,0.95102858543396,1.3495699167251587,0.0255310498178005,728,0.18055103369114964,0.0030105056643226205,0.9510284662246704,1.34956955909729,0.025530915707349777,728,-5.046862766588944e-08,-5.046862766588944e-06,5.046862766588944e-06
633051304,0.2117637875467198,0.0736665344842546,0.9363811016082764,0.8803894519805908,0.4393288493156433,729,0.21176374105173518,0.0736665258657973,0.9363812208175659,0.8803895115852356,0.4393288195133209,729,-4.6494984640155224e-08,-4.649498464015522e-06,4.649498464015522e-06
633084638,0.2427214386850255,0.1143817065244638,0.92872953414917,0.8448262810707092,0.739001452922821,730,0.24272138821639785,0.11438165008278262,0.9287294149398804,0.8448268175125122,0.7390013933181763,730,-5.046862761037829e-08,-5.046862761037829e-06,5.046862761037829e-06
633117972,0.2728853745052871,0.1298362580518698,0.9049180746078492,0.8451566100120544,0.8981468677520752,731,0.2728853319839455,0.1298362860610628,0.9049183130264282,0.8451563119888306,0.8981468677520752,731,-4.2521341614421004e-08,-4.2521341614421004e-06,4.2521341614421004e-06
633151306,0.3007318737893956,0.1502257948126924,0.8353949785232544,0.7486608624458313,1.0335235595703125,732,0.30073183524169694,0.15022581287238695,0.835395097732544,0.748660683631897,1.0335235595703125,732,-3.8547698644197936e-08,-3.854769864419794e-06,3.854769864419794e-06
633184640,0.3231381856192805,0.2079683888602849,0.6721893548965454,0.531283438205719,1.9647449254989624,733,0.3231381450847603,0.2079684030927861,0.6721892952919006,0.5312833786010742,1.9647454023361206,733,-4.053452018482062e-08,-4.053452018482062e-06,4.053452018482062e-06
633217974,0.3452030164787826,0.1926215327194913,0.6619449257850647,0.8911880254745483,2.36391830444336,734,0.345202973957441,0.19262155558601865,0.6619448661804199,0.8911877274513245,2.3639185428619385,734,-4.2521341614421004e-08,-4.2521341614421004e-06,4.2521341614421004e-06
633251308,0.3667965335438308,0.1966877658598157,0.6478055119514465,0.8538535833358765,2.4529805183410645,735,0.3667964910224892,0.19668778865186423,0.6478055119514465,0.8538531064987183,2.4529802799224854,735,-4.2521341614421004e-08,-4.2521341614421004e-06,4.2521341614421004e-06
633284642,0.3888562483379897,0.217782096380825,0.6617914438247681,0.4907829463481903,2.391237497329712,736,0.3888562097902911,0.21778210848270346,0.6617915630340576,0.4907827079296112,2.391237258911133,736,-3.8547698588686785e-08,-3.8547698588686785e-06,3.8547698588686785e-06
633317976,0.4120592239290135,0.2357449851603677,0.6960892677307129,0.2188964784145355,2.4374051094055176,737,0.41205918538131486,0.23574501164287434,0.6960892677307129,0.21889609098434448,2.4374053478240967,737,-3.8547698644197936e-08,-3.854769864419794e-06,3.854769864419794e-06
633351310,0.4414786381313857,0.1620588691633721,0.882582426071167,1.4686514139175415,2.381777763366699,738,0.4414786035573301,0.16205887493476556,0.8825825452804565,1.468651294708252,2.381777763366699,738,-3.457405561846372e-08,-3.4574055618463717e-06,3.4574055618463717e-06
633384644,0.4706638696580784,0.1542236454266749,0.8755569458007812,1.673572301864624,2.4369313716888428,739,0.47066383309720133,0.15422363286988267,0.8755568861961365,1.6735724210739136,2.4369311332702637,739,-3.65608770480641e-08,-3.65608770480641e-06,3.65608770480641e-06
633417978,0.499547124186124,0.1440686738676909,0.8664976358413696,1.8209476470947263,2.319398164749145,740,0.49954709159889,0.14406869482102716,0.8664977550506592,1.820947527885437,2.3193986415863037,740,-3.258723402232988e-08,-3.258723402232988e-06,3.258723402232988e-06
633451312,0.5273763540178196,0.1344982075118663,0.8348768949508667,1.7977383136749268,2.026219606399536,741,0.5273763174569426,0.13449823658445226,0.8348767757415771,1.7977380752563477,2.0262200832366943,741,-3.656087699255295e-08,-3.656087699255295e-06,3.656087699255295e-06
633484646,0.5575855973153965,0.1295614443672957,0.9062772989273072,1.5946513414382937,1.6887816190719604,742,0.5575855726754484,0.129561473400722,0.9062776565551758,1.5946509838104248,1.6887818574905396,742,-2.4639948081883745e-08,-2.4639948081883745e-06,2.4639948081883745e-06
633517980,0.5884201132048822,0.1298684796816336,0.9250354766845704,1.6181418895721436,1.7202950716018677,743,0.5884200786308266,0.12986847690186237,0.9250351786613464,1.61814284324646,1.720296025276184,743,-3.457405561846372e-08,-3.4574055618463717e-06,3.4574055618463717e-06
633551314,0.6178206565767186,0.1370162806176532,0.8820163011550903,1.5765531063079834,1.8345863819122317,744,0.617820622002663,0.13701629939233878,0.8820163011550903,1.5765533447265625,1.8345870971679688,744,-3.457405561846372e-08,-3.4574055618463717e-06,3.4574055618463717e-06
633584648,0.646884962200091,0.1469895656875894,0.8719291687011719,1.3818881511688232,1.8282607793807983,745,0.6468849315996783,0.14698959387201518,0.8719292879104614,1.3818879127502441,1.828261137008667,745,-3.060041264824065e-08,-3.060041264824065e-06,3.060041264824065e-06
633617982,0.67077356207268,0.1877737962901719,0.7166579961776733,0.6815329790115356,1.6534055471420288,746,0.6707735394195534,0.18777382253358998,0.7166582345962524,0.6815325617790222,1.6534053087234497,746,-2.265312659677221e-08,-2.265312659677221e-06,2.265312659677221e-06
633651316,0.6915740294048842,0.207961076922423,0.6240140199661255,0.4257947504520416,1.574349045753479,747,0.6915740007912932,0.20796105446293608,0.6240138411521912,0.4257949888706207,1.574349045753479,747,-2.8613591052106813e-08,-2.8613591052106813e-06,2.8613591052106813e-06
633684650,0.7252968413422164,0.1882143549724101,0.6744562387466431,0.6250659227371216,1.5284101963043213,748,0.7252968157088575,0.1882143931620316,0.6744562983512878,0.6250654458999634,1.5284100770950317,748,-2.5633358879950663e-08,-2.5633358879950663e-06,2.5633358879950663e-06
633717984,0.7615976048300322,0.1609381347546744,0.7260152697563171,0.9454996585845948,1.5094627141952517,749,0.7615975881373701,0.16093814819586752,0.7260154485702515,0.9454988837242126,1.509461760520935,749,-1.669266214143761e-08,-1.6692662141437609e-06,1.6692662141437609e-06
633751318,0.8017539871523437,0.1416428460604404,0.803127646446228,1.1025447845458984,1.3611128330230713,750,0.8017539674794493,0.1416428460604404,0.8031275868415833,1.1025447845458984,1.3611128330230713,750,-1.967289442461606e-08,-1.967289442461606e-06,1.967289442461606e-06
633784652,0.8322537593831278,0.3565972970225867,0.914993166923523,-0.1870721280574798,0.2362377345561981,751,0.8322537416970549,0.35659741143342516,0.9149932265281677,-0.18707232177257538,0.23623763024806976,751,-1.7686072939504527e-08,-1.7686072939504527e-06,1.7686072939504527e-06
633817986,0.8815225355614879,0.1542987459563498,0.9853755235671996,0.1213538944721221,0.1768853068351745,752,0.8815225297963438,0.154298863941294,0.9853757619857788,0.12135367095470428,0.17688526213169098,752,-5.765144028835323e-09,-5.765144028835323e-07,5.765144028835323e-07
633851320,0.9311750881661632,0.0727940559255757,0.993051052093506,0.2950895726680755,0.1452395617961883,753,0.9311750824010191,0.07279393947266198,0.9930510520935059,0.29508957266807556,0.14523929357528687,753,-5.765144139857625e-09,-5.765144139857625e-07,5.765144139857625e-07
633884654,0.9787485532750346,0.0494978670159444,0.9514693021774292,0.4448115229606628,0.1429780721664428,754,0.9787485475098906,0.04949785562536002,0.9514693021774292,0.44481149315834045,0.1429780274629593,754,-5.765144028835323e-09,-5.765144028835323e-07,5.765144028835323e-07
633917988,0.0252777688492991,0.0477384865207167,0.9305843114852904,0.4649547040462494,0.143801748752594,755,0.02527776010392291,0.04773851690060351,0.9305842518806458,0.46495482325553894,0.14380188286304474,755,-8.745376200991473e-09,-8.745376200991473e-07,8.745376200991473e-07
633951322,0.0568972222794748,0.9776735413830668,0.9485836029052734,0.4337141811847687,-0.0612442456185817,756,0.05689721353409869,0.9776735959877861,0.9485836029052734,0.4337141215801239,-0.06124408543109894,756,-8.74537608996917e-09,-8.74537608996917e-07,8.74537608996917e-07
633984656,0.0911683870146331,0.8404829823371364,1.0281349420547483,0.2438203990459442,-0.3816346228122711,757,0.09116837429561399,0.8404829124643569,1.028134822845459,0.2438202202320099,-0.3816347122192383,757,-1.271901911570339e-08,-1.271901911570339e-06,1.271901911570339e-06
634017990,0.1283450556585846,0.7471184788424202,1.1153000593185425,-0.0163467787206172,-0.9027823209762572,758,0.12834503896592242,0.7471184606497763,1.115299940109253,-0.01634688302874565,-0.9027823805809021,758,-1.669266214143761e-08,-1.6692662141437609e-06,1.6692662141437609e-06
634051324,0.1740879727194366,0.5870729806224233,0.914858341217041,-0.8784372806549072,-0.5350704193115234,759,0.17408795602677446,0.5870729631500502,0.914858341217041,-0.8784373998641968,-0.5350703597068787,759,-1.669266214143761e-08,-1.6692662141437609e-06,1.6692662141437609e-06
634084658,0.2184265030214843,0.5716577256358226,0.8867706060409546,-0.8852070569992065,-0.4278644621372223,760,0.2184264863288222,0.5716577430098915,0.8867706060409546,-0.8852070569992065,-0.42786458134651184,760,-1.669266214143761e-08,-1.6692662141437609e-06,1.6692662141437609e-06
634117992,0.2614273203203735,0.5613720260707444,0.8600163459777832,-0.8279841542243958,-0.3361073136329651,761,0.2614273066079436,0.5613720045475525,0.860016405582428,-0.8279840350151062,-0.33610713481903076,761,-1.3712429913770308e-08,-1.3712429913770308e-06,1.3712429913770308e-06
634151326,0.3038035286257324,0.5656213968482688,0.8475241661071777,-0.833785891532898,-0.3646829426288605,762,0.3038035149133025,0.5656214678785423,0.8475241661071777,-0.8337858319282532,-0.3646833598613739,762,-1.3712429913770308e-08,-1.3712429913770308e-06,1.3712429913770308e-06
634184660,0.343623508293396,0.5647582810206004,0.7963995933532715,-0.794173538684845,-0.3422384858131408,763,0.3436234945809661,0.564758257922533,0.7963995933532715,-0.7941737174987793,-0.3422384262084961,763,-1.3712429913770308e-08,-1.3712429913770308e-06,1.3712429913770308e-06
634217994,0.3820938987324295,0.5719301747957963,0.7694078087806702,-0.7623608708381653,-0.3700980842113495,764,0.3820938850199996,0.571930165018433,0.7694078087806702,-0.7623609900474548,-0.3700980842113495,764,-1.3712429913770308e-08,-1.3712429913770308e-06,1.3712429913770308e-06
634251328,0.4195364279339371,0.5637207008068621,0.7488505840301514,-0.760132908821106,-0.3217096924781799,765,0.4195364172017394,0.5637207044737751,0.7488506436347961,-0.7601327896118164,-0.32170966267585754,765,-1.0732197686103007e-08,-1.0732197686103007e-06,1.0732197686103007e-06
634284662,0.469022010047203,0.7902680167663214,0.9897116422653198,0.2069150507450103,-0.8002836108207703,766,0.4690220052754699,0.790267969639574,0.9897117614746094,0.2069147825241089,-0.8002835512161255,766,-4.771733119746102e-09,-4.771733119746102e-07,4.771733119746102e-07
634317996,0.5227027995178757,0.8778586687422677,1.073615789413452,0.3544041514396667,-0.3418961763381958,767,0.522702800706607,0.8778587266458007,1.0736159086227417,0.35440385341644287,-0.3418956398963928,767,1.1887313355884999e-09,1.1887313355884999e-07,1.1887313355884999e-07
634351330,0.5750904542992172,0.0190529176327273,1.047753095626831,0.6926958560943604,0.0833231285214424,768,0.5750904495274841,0.01905294619202572,1.0477529764175415,0.6926957368850708,0.08332324028015137,768,-4.771733119746102e-09,-4.771733119746102e-07,4.771733119746102e-07
634384664,0.6255934340546189,0.0322168205721552,1.0100595951080322,0.8522228002548218,0.1749060750007629,769,0.6255934233224213,0.03221685241785119,1.0100594758987427,0.8522224426269531,0.1749061793088913,769,-1.0732197575080704e-08,-1.0732197575080704e-06,1.0732197575080704e-06
634417998,0.6750374955723343,0.0818760353645266,0.9888812303543092,0.7245357036590576,0.4095115661621094,770,0.6750374788796722,0.08187605154317597,0.9888811111450195,0.7245355844497681,0.40951159596443176,770,-1.6692662030415306e-08,-1.6692662030415306e-06,1.6692662030415306e-06
634451332,0.7225306136200486,0.123536135526968,0.9498623609542848,0.6484589576721191,0.6366386413574219,771,0.7225305969273865,0.12353612062876822,0.9498623609542847,0.6484589576721191,0.6366385221481323,771,-1.6692662030415306e-08,-1.6692662030415306e-06,1.6692662030415306e-06
634484666,0.7696624202320633,0.1165401599083246,0.9426361322402954,0.7073407173156738,0.6358751058578491,772,0.7696623975789368,0.11654024067139834,0.9426360130310059,0.7073400616645813,0.6358751654624939,772,-2.2653126485749908e-08,-2.265312648574991e-06,2.265312648574991e-06
634518000,0.8147699875423966,0.1246798740576929,0.902151346206665,0.7725032567977905,0.7694018483161926,773,0.8147699648892701,0.12467989250236014,0.902151346206665,0.772503137588501,0.7694019079208374,773,-2.2653126485749908e-08,-2.265312648574991e-06,2.265312648574991e-06
634551334,0.8563408178875505,0.1397306480685611,0.8314166069030762,0.7648369669914246,0.921349823474884,774,0.8563408041751206,0.13973069280886755,0.8314167857170105,0.7648364305496216,0.9213497042655945,774,-1.3712429858259156e-08,-1.3712429858259156e-06,1.3712429858259156e-06
634584668,0.8932412607262192,0.175760846490749,0.7380088567733765,0.6645161509513855,1.3197455406188965,775,0.8932412619149506,0.1757608865093165,0.7380091547966003,0.6645155549049377,1.3197451829910278,775,1.1887313355884999e-09,1.1887313355884999e-07,1.1887313355884999e-07
634618002,0.9218010974714814,0.2140913451783325,0.5711967349052429,0.512944221496582,2.234771490097046,776,0.9218010926997482,0.21409135760589146,0.5711966156959534,0.5129439830780029,2.234771251678467,776,-4.771733230768405e-09,-4.771733230768405e-07,4.771733230768405e-07
634651336,0.9533064378092349,0.2075198422712369,0.6301068067550659,0.6543952226638794,2.393238306045532,777,0.9533064360177337,0.20751986405398587,0.6301068663597107,0.654394805431366,2.393238067626953,777,-1.7915011696345573e-09,-1.7915011696345573e-07,1.7915011696345573e-07
634684670,0.9879042936155854,0.2113947590515609,0.6919571161270142,0.6267874240875244,2.5331311225891118,778,0.9879042948043166,0.2113947697467484,0.6919571757316589,0.6267870664596558,2.533130407333374,778,1.1887312245661974e-09,1.1887312245661974e-07,1.1887312245661974e-07
634718004,0.0321546448061524,0.1888016140288888,0.8850070238113403,1.0248647928237915,2.53262996673584,779,0.0321546459948836,0.18880163855033225,0.8850070238113403,1.0248644351959229,2.532630205154419,779,1.1887312245661974e-09,1.1887312245661974e-07,1.1887312245661974e-07
634751338,0.0751519037077485,0.1739498339577269,0.8599451780319214,1.1646350622177124,2.2489161491394043,780,0.07515192575810534,0.17394982089073185,0.8599455952644348,1.164635419845581,2.2489163875579834,780,2.2050356873748456e-08,2.2050356873748456e-06,2.2050356873748456e-06
634784672,0.1171982777903138,0.1595599551790379,0.8409274816513062,1.3797357082366943,2.160886287689209,781,0.11719829984067065,0.15955991362623825,0.8409274816513062,1.3797355890274048,2.1608848571777344,781,2.2050356873748456e-08,2.2050356873748456e-06,2.2050356873748456e-06
634818006,0.1526748467294162,0.1526748467294162,0.8127856254577637,1.5282790660858154,2.1796071529388428,782,0.15267484793757002,0.15267484793757005,0.8127861022949219,1.5282795429229736,2.17960786819458,782,1.2081537992258973e-09,1.2081537992258973e-07,1.2081537992258973e-07
634851340,0.1794014502374118,0.1520783575925951,0.8017981052398682,1.5342836380004885,2.1708171367645264,783,0.1794014554192086,0.15207837507785285,0.8017982244491577,1.5342832803726196,2.1708171367645264,783,5.181796769448965e-09,5.181796769448965e-07,5.181796769448965e-07
634884674,0.2064475942460482,0.1509909752545101,0.8113843202590942,1.4477325677871704,2.0189499855041504,784,0.20644760737513104,0.15099098227810778,0.8113845586776733,1.4477320909500122,2.018949508666992,784,1.3129082820917404e-08,1.3129082820917404e-06,1.3129082820917404e-06
634918008,0.2339022684899752,0.1407166988323704,0.8236402273178101,1.390277624130249,1.6960499286651611,785,0.23390228161905804,0.14071673173926036,0.8236402273178101,1.390277624130249,1.6960506439208984,785,1.3129082820917404e-08,1.3129082820917404e-06,1.3129082820917404e-06
634951342,0.2628045249787753,0.1362922466005156,0.8670676946640015,1.311739206314087,1.5124564170837402,786,0.26280454208150106,0.13629228765562051,0.867067813873291,1.3117387294769287,1.5124566555023193,786,1.710272568011817e-08,1.710272568011817e-06,1.710272568011817e-06
634984676,0.2909158794887647,0.1481783647991217,0.8433406352996826,1.2105674743652344,1.6267189979553225,787,0.29091588864420453,0.14817836113341212,0.8433403968811035,1.2105673551559448,1.6267187595367432,787,9.155439850694336e-09,9.155439850694336e-07,9.155439850694336e-07
635018010,0.3155516951091871,0.1614985902762035,0.7390744686126709,1.064045786857605,1.7120903730392456,788,0.3155517002909839,0.1614986200851811,0.7390743494033813,1.064045786857605,1.712091088294983,788,5.181796769448965e-09,5.181796769448965e-07,5.181796769448965e-07
635051344,0.3330020078825738,0.2028916402357586,0.5235093832015991,0.4407473504543304,1.445317029953003,789,0.33300200710390604,0.20289161219014562,0.5235092043876648,0.4407477378845215,1.4453173875808716,789,-7.78667741396788e-10,-7.78667741396788e-08,7.78667741396788e-08
635084678,0.3492393273917621,0.216929311907434,0.48711958527565,0.2954075038433075,1.401148796081543,790,0.3492393246262729,0.21692933510323043,0.48711952567100525,0.2954072654247284,1.4011486768722534,790,-2.765489226508322e-09,-2.765489226508322e-07,2.765489226508322e-07
635118012,0.3696326512900775,0.2211698592623398,0.6117997169494629,0.1977411806583404,1.0796513557434082,791,0.36963265647187427,0.22116989979153825,0.611799955368042,0.1977408528327942,1.079651117324829,791,5.181796769448965e-09,5.181796769448965e-07,5.181796769448965e-07
635151346,0.3931972105113452,0.3666151522130074,0.706936776638031,-0.4470036923885345,0.4967711567878723,792,0.39319721767996346,0.3666151395465012,0.7069368362426758,-0.4470035135746002,0.49677103757858276,792,7.168618254560499e-09,7.168618254560499e-07,7.168618254560499e-07
635184680,0.412796319661191,0.412796319661191,0.7570570707321167,-0.4530983865261078,0.2764999866485595,793,0.41279641416758966,0.41279641416758966,0.7570568919181824,-0.4530983567237854,0.27649959921836853,793,9.450639870678401e-08,9.450639870678401e-06,9.450639870678401e-06
635218014,0.4392050794141003,0.3695756722943926,0.7922627925872803,-0.1737444698810577,0.186010405421257,794,0.439205177894142,0.36957583167163,0.7922629117965698,-0.17374469339847565,0.18601027131080627,794,9.848004167700708e-08,9.848004167700708e-06,9.848004167700708e-06
635251348,0.4660145890093355,0.0382321305554231,0.8042852878570557,0.1960054039955139,0.0480114109814167,795,0.4660146855025557,0.03823191828688079,0.8042852282524109,0.19600512087345123,0.048011064529418945,795,9.649322019189555e-08,9.649322019189555e-06,9.649322019189555e-06
635284682,0.4945341876523206,0.9967123683628298,0.8555879592895508,0.518568217754364,-0.0107134832069277,796,0.49453428414554074,0.9967122803634221,0.8555879592895508,0.518568217754364,-0.010713770054280758,796,9.649322008087324e-08,9.649322008087324e-06,9.649322008087324e-06
635318016,0.5237185568984856,0.0121795095456508,0.8755310773849487,0.5623095035552979,0.043115559965372,797,0.5237186573653487,0.012179535276032915,0.8755311965942383,0.5623096227645874,0.043115660548210144,797,1.0046686316211861e-07,1.0046686316211861e-05,1.0046686316211861e-05
635351350,0.5523747793214032,0.0545398095584156,0.8596866726875305,0.4515460431575775,0.1610932499170303,798,0.5523748778014449,0.05453963517987358,0.8596866130828857,0.4515461027622223,0.16109271347522736,798,9.848004167700708e-08,9.848004167700708e-06,9.848004167700708e-06
635384684,0.5985347620026776,0.0108389005754533,0.9231996536254884,0.5807926654815674,0.0396148823201656,799,0.5985348664431838,0.010838939832743756,0.9231997728347778,0.5807929039001465,0.03961504250764847,799,1.0444050613234168e-07,1.0444050613234168e-05,1.0444050613234168e-05
635418018,0.64800327334568,0.8938478573759518,0.9893702268600464,0.3309860527515411,-0.2605985403060913,800,0.6480033718257217,0.893847776996142,0.9893701076507568,0.33098578453063965,-0.2605985999107361,800,9.848004167700708e-08,9.848004167700708e-06,9.848004167700708e-06
635451352,0.7015936664120862,0.7500836575691061,1.071807861328125,0.0004053749144077,-0.7712083458900452,801,0.7015937648921279,0.750083626042203,1.071807861328125,0.00040522217750549316,-0.7712084054946899,801,9.848004167700708e-08,9.848004167700708e-06,9.848004167700708e-06
635484686,0.7351360173400749,0.6859128725488315,1.0062705278396606,-0.2872053682804107,-0.674277126789093,802,0.7351361197937596,0.6859128546862105,1.0062706470489502,-0.28720545768737793,-0.674277126789093,802,1.0245368464723015e-07,1.0245368464723015e-05,1.0245368464723015e-05
635518020,0.7630995125945915,0.7390319832325625,0.838904857635498,-0.0374548099935054,-0.542639434337616,803,0.7630996190219191,0.7390319497489753,0.8389049768447876,-0.03745493292808533,-0.5426395535469055,803,1.0642732761745322e-07,1.0642732761745322e-05,1.0642732761745322e-05
635551354,0.7903437307851026,0.5472110832414152,0.817326545715332,-0.7639861702919006,-0.2335155457258224,804,0.7903438372124302,0.5472110655753842,0.817326545715332,-0.7639862298965454,-0.23351547122001648,804,1.0642732761745322e-07,1.0642732761745322e-05,1.0642732761745322e-05
635584688,0.8165703407303998,0.5264896247904677,0.7867982983589172,-0.751285195350647,-0.1262109130620956,805,0.8165704491445489,0.5264896749675734,0.786798357963562,-0.7512850761413574,-0.12621113657951355,805,1.0841414910256475e-07,1.0841414910256475e-05,1.0841414910256475e-05
635618022,0.8423604678488283,0.5257037089633799,0.7737038135528564,-0.7658155560493469,-0.1247667446732521,806,0.8423605762629774,0.5257037330973577,0.7737038135528564,-0.7658155560493469,-0.12476686388254166,806,1.0841414910256475e-07,1.0841414910256475e-05,1.0841414910256475e-05
635651356,0.867647307254524,0.5286434090544371,0.7586051821708679,-0.7852212190628052,-0.1428634971380233,807,0.8676474176554946,0.528643378227528,0.7586052417755127,-0.7852210998535156,-0.14286331832408905,807,1.1040097058767628e-07,1.1040097058767628e-05,1.1040097058767628e-05
635684690,0.8925678403552879,0.5305480009500495,0.7476159930229187,-0.7988058924674988,-0.1552327871322631,808,0.8925679507562585,0.5305479615347332,0.7476159930229187,-0.7988059520721436,-0.15523259341716766,808,1.1040097058767628e-07,1.1040097058767628e-05,1.1040097058767628e-05
635718024,0.9176510842021812,0.5234638436522608,0.7524973154067993,-0.837003231048584,-0.1242992952466011,809,0.9176511985767948,0.5234638713752049,0.7524974346160889,-0.837003231048584,-0.12429944425821304,809,1.1437461355789935e-07,1.1437461355789935e-05,1.1437461355789935e-05
635751358,0.9430254331605146,0.5465826413001923,0.76123046875,-0.7619665265083313,-0.2296123802661895,810,0.9430255475351281,0.5465826475928981,0.76123046875,-0.7619664669036865,-0.22961239516735077,810,1.1437461355789935e-07,1.1437461355789935e-05,1.1437461355789935e-05
635784692,0.9680124910053124,0.6766662147569181,0.7496117353439331,-0.3083116412162781,-0.6210853457450867,811,0.9680125994194614,0.676666190292575,0.7496115565299988,-0.30831173062324524,-0.6210852861404419,811,1.0841414899154245e-07,1.0841414899154245e-05,1.0841414899154245e-05
635818026,0.9941438149786502,0.6803220486408385,0.7839397192001343,-0.2492585480213165,-0.5324955582618713,812,0.9941439194191563,0.6803220627876401,0.7839395999908447,-0.24925851821899414,-0.5324956178665161,812,1.0444050602131938e-07,1.0444050602131938e-05,1.0444050602131938e-05
635851360,0.0293448399878055,0.9367585937421452,1.0560307502746582,0.6933733224868774,-0.2909961640834808,813,0.029344944428311592,0.9367585627920378,1.0560307502746582,0.693373441696167,-0.29099637269973755,813,1.0444050613234168e-07,1.0444050613234168e-05,1.0444050613234168e-05
635884694,0.0650136064863712,0.9844599261841016,1.0700629949569702,0.9557325839996338,-0.0936165377497673,814,0.06501370695323427,0.9844598542091144,1.0700628757476807,0.9557324647903442,-0.09361696243286133,814,1.0046686305109631e-07,1.0046686305109631e-05,1.0046686305109631e-05
635918028,0.0998951903359602,0.035032281875675,1.046447515487671,1.0333476066589355,0.231200635433197,815,0.09989528682918032,0.03503228543883076,1.0464473962783813,1.0333479642868042,0.23120073974132538,815,9.649322008087324e-08,9.649322008087324e-06,9.649322008087324e-06
635951362,0.1328044803317895,0.0678496080628133,0.987278699874878,1.0382137298583984,0.4715197384357452,816,0.13280458079865257,0.06784949134792519,0.9872788190841675,1.038213849067688,0.471518874168396,816,1.0046686305109631e-07,1.0046686305109631e-05,1.0046686305109631e-05
635984696,0.1622067423042169,0.0781306278299661,0.882067859172821,0.8552529811859131,0.4571811258792877,817,0.16220684078425845,0.07813068420215809,0.8820677995681763,0.8552529215812683,0.45718148350715637,817,9.848004156598478e-08,9.848004156598478e-06,9.848004156598478e-06
636018030,0.1901234836753717,0.1142481553004959,0.8375022411346436,0.7311187386512756,0.6384550333023071,818,0.19012358612905622,0.11424821325912551,0.8375023603439331,0.7311186790466309,0.6384554505348206,818,1.0245368453620785e-07,1.0245368453620785e-05,1.0245368453620785e-05
636051364,0.2165380648152541,0.1335294811776629,0.7924374341964722,0.7500301599502563,0.8350602388381958,819,0.21653817124258162,0.13352951878910582,0.7924375534057617,0.7500303387641907,0.8350608348846436,819,1.0642732750643091e-07,1.0642732750643091e-05,1.0642732750643091e-05
636084698,0.241216446099332,0.1667922192723104,0.7403514385223389,0.6311520338058472,1.0951817035675049,820,0.24121656444758854,0.1667922358026415,0.7403517961502075,0.6311516761779785,1.0951813459396362,820,1.1834825652812242e-07,1.1834825652812242e-05,1.1834825652812242e-05
636118032,0.2641514908648045,0.1986306558682034,0.6880513429641724,0.5116909742355347,1.529907464981079,821,0.26415161318670394,0.19863066709708505,0.6880514621734619,0.5116910934448242,1.5299081802368164,821,1.223218994983455e-07,1.2232189949834549e-05,1.2232189949834549e-05
636151366,0.2835827520863723,0.2290382896350005,0.5829378366470337,0.2916346490383148,2.2014617919921875,822,0.2835828763950932,0.22903828751759667,0.5829378962516785,0.2916346788406372,2.2014617919921875,822,1.2430872087243472e-07,1.2430872087243472e-05,1.2430872087243472e-05
636184700,0.3036066543436558,0.234641996664169,0.6007170677185059,0.237752228975296,2.4561734199523926,823,0.30360677865237673,0.23464200919327924,0.6007170677185059,0.23775207996368408,2.456173896789551,823,1.2430872087243472e-07,1.2430872087243472e-05,1.2430872087243472e-05
636218034,0.3206313661114882,0.2179076851035842,0.5107413530349731,0.5346946716308594,2.615666627883911,824,0.3206314864465662,0.21790768731544963,0.5107412338256836,0.5346947312355042,2.6156671047210693,824,1.2033507801323395e-07,1.2033507801323395e-05,1.2033507801323395e-05
636251368,0.3427147459364445,0.2063610234982734,0.6625013947486877,0.7908715009689331,2.81172513961792,825,0.34271487024516545,0.20636102428055605,0.6625015139579773,0.7908716201782227,2.811725616455078,825,1.2430872087243472e-07,1.2430872087243472e-05,1.2430872087243472e-05
636284702,0.370271713671735,0.161489662389252,0.8267090320587158,1.4258424043655396,2.29394793510437,826,0.370271837980456,0.16148964739261043,0.8267090320587158,1.4258430004119873,2.2939484119415283,826,1.2430872098345702e-07,1.2430872098345702e-05,1.2430872098345702e-05
636318036,0.3983402203894169,0.1534432944648461,0.8420552015304565,1.580087184906006,2.2768025398254395,827,0.3983403566190668,0.1534433031934304,0.8420555591583252,1.580087661743164,2.276803493499756,827,1.3622964989412623e-07,1.3622964989412623e-05,1.3622964989412623e-05
636351370,0.4263510536528141,0.1486797927375952,0.8403249979019165,1.7253634929656982,2.3338005542755127,828,0.426351193856107,0.14867978977164195,0.840325117111206,1.725364089012146,2.33380126953125,828,1.402032928643493e-07,1.402032928643493e-05,1.402032928643493e-05
636384704,0.4542740932481002,0.1496106451411616,0.8376911878585815,1.7345366477966309,2.3751440048217773,829,0.45427422947775004,0.1496106531610195,0.837691068649292,1.7345362901687622,2.3751437664031982,829,1.3622964978310392e-07,1.3622964978310392e-05,1.3622964978310392e-05
636418038,0.482618609207522,0.1431713095929762,0.8503354787826538,1.5691869258880615,1.9756860733032229,830,0.4826187454371718,0.1431712815314527,0.8503354787826538,1.5691869258880615,1.9756853580474854,830,1.3622964978310392e-07,1.3622964978310392e-05,1.3622964978310392e-05
636451372,0.5110134394344201,0.1459518345006091,0.8518449068069458,1.460510015487671,1.9063109159469604,831,0.5110135657299626,0.14595181942957475,0.8518446087837219,1.4605108499526978,1.9063116312026978,831,1.2629554246856856e-07,1.2629554246856856e-05,1.2629554246856856e-05
636484706,0.5396047702805709,0.1462681773189797,0.8577399253845215,1.4394584894180298,1.886589288711548,832,0.5396048965761133,0.14626816761937947,0.8577399253845215,1.4394584894180298,1.8865890502929688,832,1.2629554246856856e-07,1.2629554246856856e-05,1.2629554246856856e-05
636518040,0.5670041830715051,0.1566235395050675,0.8219823837280273,1.2731693983078003,1.91514790058136,833,0.5670043173143335,0.15662354407240622,0.8219826221466064,1.2731693983078003,1.9151480197906494,833,1.342428284090147e-07,1.342428284090147e-05,1.342428284090147e-05
636551374,0.5914081167555363,0.1721198589818533,0.7321180105209351,0.9940463304519652,1.8666319847106931,834,0.5914082549720077,0.17211986062247364,0.7321181297302246,0.9940457344055176,1.8666309118270874,834,1.3821647137923776e-07,1.3821647137923776e-05,1.3821647137923776e-05
636584708,0.6109533857679874,0.199183605140031,0.5863580703735352,0.547885537147522,1.6572444438934326,835,0.6109535239844588,0.19918360172810756,0.5863580703735352,0.547885537147522,1.657244324684143,835,1.3821647137923776e-07,1.3821647137923776e-05,1.3821647137923776e-05
636618042,0.6292918315903853,0.2227985446993279,0.550153374671936,0.2892787158489227,1.676048994064331,836,0.6292919678200352,0.2227985148611005,0.5501533150672913,0.28927916288375854,1.6760497093200684,836,1.3622964989412623e-07,1.3622964989412623e-05,1.3622964989412623e-05
636651376,0.6502783727026492,0.1950353289196668,0.6295962333679199,0.519561231136322,1.4441425800323486,837,0.6502785188664066,0.1950353487075676,0.6295965313911438,0.5195608139038086,1.4441419839859009,837,1.461637574307062e-07,1.461637574307062e-05,1.461637574307062e-05
636684710,0.6734193117793907,0.1858788346074826,0.6942281723022461,0.5204015970230103,1.221031665802002,838,0.6734194579431482,0.18587884312328418,0.6942281723022461,0.5204014182090759,1.2210314273834229,838,1.461637574307062e-07,1.461637574307062e-05,1.461637574307062e-05
636718044,0.6992433221515526,0.403501981472592,0.774720311164856,-0.5203555226325989,0.3608393669128418,839,0.6992434643416671,0.4035019439546572,0.7747201919555664,-0.5203550457954407,0.36083921790122986,839,1.4219011446048313e-07,1.4219011446048313e-05,1.4219011446048313e-05
636751378,0.7272748362398654,0.3508185527292294,0.8409454226493835,-0.1897800266742706,0.2584044933319092,840,0.7272749684958724,0.3508185234866365,0.8409451246261597,-0.18977966904640198,0.25840410590171814,840,1.3225600692390316e-07,1.3225600692390316e-05,1.3225600692390316e-05
636784712,0.7720047544813663,0.1751018125992181,0.8945983648300171,0.0718512237071991,0.1412392556667328,841,0.77200489567807,0.175101944362941,0.8945985436439514,0.0718509703874588,0.14123904705047607,841,1.411967036624162e-07,1.4119670366241621e-05,1.4119670366241621e-05
636818046,0.8156052064276248,0.998159999556573,0.8720090389251709,0.4974061548709869,-0.0057508004829287,842,0.815605353584793,0.9981598967739478,0.8720091581344604,0.49740591645240784,-0.005751118995249271,842,1.4715716822877312e-07,1.4715716822877312e-05,1.4715716822877312e-05
636851380,0.8592284333086521,0.0383609045090738,0.8724645376205444,0.4893049895763397,0.1202747151255607,843,0.859228577485588,0.03836090892645923,0.8724644780158997,0.48930487036705017,0.12027470022439957,843,1.4417693594559466e-07,1.4417693594559466e-05,1.4417693594559466e-05
636884714,0.9036432575560124,0.0452640060728307,0.8882964849472046,0.4687203466892242,0.137019395828247,844,0.9036434076934127,0.04526391055135782,0.8882966041564941,0.4687201678752899,0.13701903820037842,844,1.5013740028990696e-07,1.5013740028990696e-05,1.5013740028990696e-05
636918048,0.9507669340944797,0.9518350464435292,0.942473530769348,0.4019457101821899,-0.1254952996969223,845,0.9507670901923445,0.9518351042196196,0.9424736499786377,0.40194588899612427,-0.12549519538879395,845,1.5609786485626387e-07,1.5609786485626387e-05,1.5609786485626387e-05
636951382,0.9849649996932854,0.7828712518500762,1.0259419679641724,0.1093121618032455,-0.5217168927192688,846,0.9849651677120792,0.7828712576147068,1.025942325592041,0.10931220650672913,-0.5217170119285583,846,1.6801879376693307e-07,1.6801879376693307e-05,1.6801879376693307e-05
636984716,0.0209953557825595,0.7151664117890333,1.0809106826782229,-0.2032960057258606,-0.9139819741249084,847,0.020995527774996248,0.7151663961362049,1.0809108018875122,-0.20329613983631134,-0.9139821529388428,847,1.7199243673715614e-07,1.7199243673715614e-05,1.7199243673715614e-05
637018050,0.0574653557316968,0.6707097376763379,1.094099998474121,-0.4824915826320648,-0.8869956135749817,848,0.05746552772413362,0.6707097676500984,1.094099998474121,-0.48249146342277527,-0.886995792388916,848,1.7199243684817844e-07,1.7199243684817844e-05,1.7199243684817844e-05
637051384,0.0893284332132846,0.6947242831931808,0.9558923244476318,-0.2122521847486496,-0.5863639116287231,849,0.08932860520572133,0.6947243014457148,0.9558923244476318,-0.21225206553936005,-0.5863637924194336,849,1.7199243673715614e-07,1.7199243673715614e-05,1.7199243673715614e-05
637084718,0.1316483747339755,0.5546929750228344,0.8463988304138184,-0.8092892169952393,-0.2895997166633606,850,0.13164854672641224,0.5546930099149798,0.8463988304138184,-0.8092891573905945,-0.2895998954772949,850,1.7199243673715614e-07,1.7199243673715614e-05,1.7199243673715614e-05
637118052,0.173579395947507,0.5479008446941003,0.8386204242706299,-0.8009955883026123,-0.2486284375190735,851,0.17357956793994372,0.5479008494428599,0.8386204242706299,-0.8009956479072571,-0.24862848222255707,851,1.7199243673715614e-07,1.7199243673715614e-05,1.7199243673715614e-05
637151386,0.215868372855237,0.5546974799810456,0.845779538154602,-0.7907959818840027,-0.283007264137268,852,0.21586854484767382,0.5546974404676464,0.845779538154602,-0.7907961010932922,-0.28300708532333374,852,1.7199243684817844e-07,1.7199243684817844e-05,1.7199243684817844e-05
637184720,0.2576857518530398,0.5683034834174908,0.8363475799560547,-0.7207306623458862,-0.3298127651214599,853,0.25768592384547656,0.568303503338426,0.8363475799560547,-0.7207304239273071,-0.32981276512145996,853,1.7199243673715614e-07,1.7199243673715614e-05,1.7199243673715614e-05
637218054,0.2991957973814517,0.5942498623649408,0.8302009105682373,-0.634097158908844,-0.4265769124031067,854,0.2991959693738884,0.5942498502866178,0.8302009105682373,-0.6340972185134888,-0.4265768826007843,854,1.7199243673715614e-07,1.7199243673715614e-05,1.7199243673715614e-05
637251388,0.3433676999187975,0.6129074889450119,0.8834380507469177,-0.6056672930717468,-0.5199764966964722,855,0.3433678689310021,0.6129074541534876,0.883437991142273,-0.6056673526763916,-0.5199763178825378,855,1.69012204565e-07,1.69012204565e-05,1.69012204565e-05
637284722,0.3746028076983004,0.5760081773912256,0.6247021555900574,-0.9253969788551332,-0.4789211750030517,856,0.37460298565120165,0.5760082263296329,0.6247023344039917,-0.9253968000411987,-0.47892144322395325,856,1.7795290130351304e-07,1.7795290130351304e-05,1.7795290130351304e-05
637318056,0.4002824794626742,0.5246313198150221,0.5135934352874756,-1.1982637643814087,-0.1869419813156128,857,0.40028265741557545,0.5246313217471861,0.5135934352874756,-1.1982637643814087,-0.186941996216774,857,1.7795290130351304e-07,1.7795290130351304e-05,1.7795290130351304e-05
637351390,0.4201821278906375,0.538209339128016,0.3979929685592651,-1.5845108032226562,-0.3878844976425171,858,0.4201823028633065,0.5382093674290491,0.39799290895462036,-1.5845109224319458,-0.38788482546806335,858,1.749726690203346e-07,1.749726690203346e-05,1.749726690203346e-05
637384724,0.4773854386187106,0.7549705043758403,1.1440662145614624,0.0589687563478946,-1.887558460235596,859,0.47738560763091514,0.7549705021785733,1.1440660953521729,0.05896870419383049,-1.8875576257705688,859,1.69012204565e-07,1.69012204565e-05,1.69012204565e-05
637418058,0.5261057686186343,0.7486598762590371,0.974406599998474,-0.0154587589204311,-1.835860133171081,860,0.5261059435913034,0.7486598273224048,0.9744067192077637,-0.015459321439266205,-1.8358598947525024,860,1.749726690203346e-07,1.749726690203346e-05,1.749726690203346e-05
637451392,0.5677768360949069,0.7386523581498576,0.8334213495254517,-0.1210742890834808,-1.695233941078186,861,0.5677770170280404,0.7386523428392073,0.8334214687347412,-0.12107445299625397,-1.695233941078186,861,1.809331334756692e-07,1.809331334756692e-05,1.809331334756692e-05
637484726,0.6048381071663409,0.7556075254827409,0.7412254214286804,0.0505296923220157,-1.4335596561431885,862,0.6048382910797067,0.7556074693050139,0.7412254810333252,0.05052918568253517,-1.4335596561431885,862,1.8391336575884765e-07,1.8391336575884765e-05,1.8391336575884765e-05
637518060,0.6390736501789599,0.7481983613077685,0.6847108602523804,-0.0143665336072444,-1.2690708637237549,863,0.6390738340923257,0.7481983564672364,0.6847108602523804,-0.014366570860147476,-1.2690707445144653,863,1.8391336575884765e-07,1.8391336575884765e-05,1.8391336575884765e-05
637551394,0.6701876025772601,0.7174021340107772,0.6222790479660034,-0.1791890561580658,-0.8625997304916382,864,0.6701877864906258,0.7174020733914668,0.6222790479660034,-0.17918939888477325,-0.8625997304916382,864,1.8391336575884765e-07,1.8391336575884765e-05,1.8391336575884765e-05
637584728,0.687857558466644,0.5455690535209732,0.5300986766815186,-0.8227270841598511,-0.2422175705432891,865,0.6878577443668312,0.5455690772205158,0.5300987362861633,-0.8227274417877197,-0.2422178089618683,865,1.8590018724395918e-07,1.8590018724395918e-05,1.8590018724395918e-05
637618062,0.7065920115884651,0.5094956590757056,0.5620335936546326,-1.1548033952713013,-0.0689808875322341,866,0.7065921974886523,0.5094957041412453,0.5620335936546326,-1.1548035144805908,-0.06898122280836105,866,1.8590018724395918e-07,1.8590018724395918e-05,1.8590018724395918e-05
637651396,0.7262214085833737,0.5064865696961354,0.5888819098472595,-1.3362241983413696,-0.054489754140377,867,0.7262215964703824,0.5064866321556247,0.5888819694519043,-1.3362241983413696,-0.05449027940630913,867,1.8788700872907071e-07,1.878870087290707e-05,1.878870087290707e-05
637684730,0.747010823227615,0.5340293250185939,0.62368243932724,-1.4503170251846311,-0.3149094581604004,868,0.7470110091278023,0.5340293558399913,0.6236823797225952,-1.4503169059753418,-0.3149097263813019,868,1.8590018724395918e-07,1.8590018724395918e-05,1.8590018724395918e-05
637718064,0.7652920803801724,0.581008753154517,0.5484377145767212,-1.6685643196105957,-0.931121289730072,869,0.7652922702540026,0.5810087131302825,0.5484378337860107,-1.6685645580291748,-0.9311208724975586,869,1.8987383021418225e-07,1.8987383021418225e-05,1.8987383021418225e-05
637751398,0.7916709424432624,0.5824759845101062,0.7913658618927002,-1.7367498874664309,-0.9902773499488832,870,0.7916711323170926,0.582475964478709,0.7913658618927002,-1.7367497682571411,-0.9902769923210144,870,1.8987383021418225e-07,1.8987383021418225e-05,1.8987383021418225e-05
637784732,0.8183890423552701,0.5613648161257419,0.8015429973602295,-1.879509449005127,-0.762858510017395,871,0.8183892342159218,0.5613647700899665,0.8015430569648743,-1.879509687423706,-0.762857973575592,871,1.9186065169929378e-07,1.9186065169929378e-05,1.9186065169929378e-05
637818066,0.8714910170809934,0.2769391825892944,1.062039494514465,-0.3127829134464264,1.8302197456359863,872,0.8714911791393227,0.27693917251709127,1.0620388984680176,-0.31278279423713684,1.8302197456359863,872,1.6205832931159847e-07,1.6205832931159847e-05,1.6205832931159847e-05
637851400,0.92565359685585,0.2696932063704553,1.0832515954971311,-0.1793949902057647,1.4424129724502563,873,0.9256537708351082,0.2696932338876872,1.0832518339157104,-0.17939522862434387,1.4424128532409668,873,1.7397925822226767e-07,1.7397925822226767e-05,1.7397925822226767e-05
637884734,0.9846716425196836,0.2717234085249987,1.1803609132766724,-0.1887902319431305,1.3745574951171875,874,0.9846718284198708,0.27172340852499877,1.1803611516952515,-0.1887902319431305,1.3745574951171875,874,1.8590018713293688e-07,1.8590018713293688e-05,1.8590018713293688e-05
637918068,0.040670629479141,0.2707808437361325,1.119979739189148,-0.1807418763637542,1.3763784170150757,875,0.04067081537932826,0.270780855849949,1.119979739189148,-0.18074193596839905,1.376378059387207,875,1.8590018724395918e-07,1.8590018724395918e-05,1.8590018724395918e-05
637951402,0.0938333234564969,0.2776757634609791,1.0632538795471191,-0.2162981927394867,1.2313026189804075,876,0.09383350935668422,0.27767580754591403,1.0632538795471191,-0.21629856526851654,1.2313027381896973,876,1.8590018735498148e-07,1.859001873549815e-05,1.859001873549815e-05
637984736,0.1422535321490476,0.3007602572498232,0.9684041738510132,-0.3036830127239227,0.9196688532829284,877,0.1422537120887704,0.3007602697962335,0.9684040546417236,-0.30368319153785706,0.9196691513061523,877,1.7993972278862458e-07,1.7993972278862458e-05,1.7993972278862458e-05
638018070,0.1812784335391233,0.4114585780508126,0.7804980278015137,-0.4776935875415802,0.2970479428768158,878,0.18127860155791714,0.41145864369671437,0.7804977893829346,-0.4776943624019623,0.2970481514930725,878,1.6801879387795537e-07,1.6801879387795537e-05,1.6801879387795537e-05
638051404,0.2170363924281309,0.5349934715968592,0.7151591777801514,-0.5770959258079529,-0.1289713680744171,879,0.21703655448646023,0.5349934229677088,0.7151590585708618,-0.5770956873893738,-0.128971129655838,879,1.6205832931159847e-07,1.6205832931159847e-05,1.6205832931159847e-05
638084738,0.2511514446513364,0.5339991016437577,0.6823010444641113,-0.6014336347579956,-0.1304705739021301,880,0.2511516007492013,0.533999057946074,0.6823009252548218,-0.6014338135719299,-0.13047043979167938,880,1.5609786485626387e-07,1.5609786485626387e-05,1.5609786485626387e-05
638118072,0.2839638671652982,0.5299917105564638,0.6562484502792358,-0.5509002208709717,-0.1050601005554199,881,0.28396402624339534,0.5299917285030317,0.6562485098838806,-0.5509010553359985,-0.10506032407283783,881,1.5907809713944232e-07,1.5907809713944232e-05,1.5907809713944232e-05
638151406,0.3013965619626761,0.3013965619626762,0.7049562931060791,-0.1958508789539337,0.5852428078651428,882,0.3013966545320541,0.30139665453205405,0.7049564123153687,-0.19585099816322327,0.5852420330047607,882,9.256937794077658e-08,9.256937794077658e-06,9.256937794077658e-06
638184740,0.3275745086891573,0.2465318118876543,0.7853384017944336,0.0200596190989017,0.9203889966011048,883,0.32757459728489224,0.24653176659176532,0.785338282585144,0.02005987986922264,0.92038893699646,883,8.859573497055351e-08,8.85957349705535e-06,8.85957349705535e-06
638218074,0.3566824051760754,0.2641262358427281,0.873236894607544,-0.0811471045017242,0.9118515849113464,884,0.3566824937718104,0.26412623195084534,0.873236894607544,-0.08114704489707947,0.911851167678833,884,8.859573497055351e-08,8.85957349705535e-06,8.85957349705535e-06
638251408,0.3838759554448844,0.9645550649239202,0.81580650806427,0.259120762348175,-0.0586814247071743,885,0.3838760420537979,0.9645551304734818,0.8158064484596252,0.2591210603713989,-0.05868138000369072,885,8.660891348544197e-08,8.660891348544197e-06,8.660891348544197e-06
638284742,0.4094037108642976,0.9911290358110412,0.7658326625823975,0.2081815600395202,-0.0116156367585062,886,0.4094037934995681,0.9911292328789816,0.7658325433731079,0.2081814706325531,-0.011615373194217682,886,8.26352705152189e-08,8.26352705152189e-06,8.26352705152189e-06
638318076,0.43491274843843,0.937990301390015,0.7652711272239685,0.2354373037815094,-0.0966726616024971,887,0.43491283107370043,0.9379902367412268,0.7652711272239685,0.2354373037815094,-0.09667277336120605,887,8.26352704041966e-08,8.26352704041966e-06,8.26352704041966e-06
638351410,0.4752023769441367,0.8410462613790802,0.8057925701141357,0.135483056306839,-0.2104167938232422,888,0.4752024595794072,0.8410463645284069,0.8057925701141357,0.13548308610916138,-0.2104165405035019,888,8.26352705152189e-08,8.26352705152189e-06,8.26352705152189e-06
638384744,0.5194271040979148,0.7990023190054988,0.8844945430755615,0.113969936966896,-0.3583923280239105,889,0.5194271807727208,0.7990022758564949,0.884494423866272,0.11396987736225128,-0.35839247703552246,889,7.6674805948862e-08,7.6674805948862e-06,7.6674805948862e-06
638418078,0.5661536527696373,0.7882553718841077,0.9345309734344482,0.144396960735321,-0.5891247391700745,890,0.5661537234839787,0.7882553455991956,0.9345308542251587,0.14439691603183746,-0.5891249775886536,890,7.07143414935274e-08,7.07143414935274e-06,7.07143414935274e-06
638451412,0.6105626834455253,0.7994214117580605,0.8881806135177612,0.1970570981502533,-0.6140663027763367,891,0.6105627601203313,0.7994213937795412,0.8881807327270508,0.1970570981502533,-0.6140665411949158,891,7.6674805948862e-08,7.6674805948862e-06,7.6674805948862e-06
638484746,0.6466653181138755,0.7909629348055481,0.7220526933670044,0.1330623775720596,-0.5055261254310608,892,0.6466653947886815,0.7909629121729265,0.7220526933670044,0.13306234776973724,-0.5055263042449951,892,7.6674805948862e-08,7.6674805948862e-06,7.6674805948862e-06
638518080,0.6722948107146344,0.6108056389736074,0.7688847780227661,-0.6322148442268372,-0.5284267663955688,893,0.6722948873894403,0.6108056286897855,0.7688847780227661,-0.6322147846221924,-0.5284266471862793,893,7.6674805948862e-08,7.6674805948862e-06,7.6674805948862e-06
638551414,0.6974957161171358,0.611313151838434,0.7560271620750427,-0.6191617846488953,-0.5208792686462402,894,0.6974957927919417,0.6113131367431779,0.7560271620750427,-0.6191619038581848,-0.5208792686462402,894,7.6674805948862e-08,7.6674805948862e-06,7.6674805948862e-06
638584748,0.7231273823006075,0.6105330212829936,0.7689499855041504,-0.5731061100959778,-0.4773565530776977,895,0.7231274589754134,0.6105329480002551,0.7689499855041504,-0.5731062889099121,-0.4773562550544739,895,7.6674805948862e-08,7.6674805948862e-06,7.6674805948862e-06
638618082,0.7746968441231172,0.8908800462477401,1.031389236450195,0.6045650243759155,-0.4945344924926758,896,0.7746969148374587,0.8908800509481791,1.0313891172409058,0.6045650243759155,-0.4945344626903534,896,7.07143414935274e-08,7.07143414935274e-06,7.07143414935274e-06
638651416,0.8242021672947328,0.965613706281369,0.990106463432312,1.047830581665039,-0.2299791723489761,897,0.8242022439695388,0.9656137407799464,0.9901065826416016,1.0478301048278809,-0.22997882962226868,897,7.6674805948862e-08,7.6674805948862e-06,7.6674805948862e-06
638684750,0.8724121086819093,0.9650144704637832,0.9641988277435304,1.4670788049697876,-0.3277909159660339,898,0.8724121913171797,0.9650144365908611,0.9641989469528198,1.4670788049697876,-0.3277912437915802,898,8.26352704041966e-08,8.26352704041966e-06,8.26352704041966e-06
638718084,0.918194698594324,0.9842364801473392,0.915651798248291,1.233382225036621,-0.1225615218281745,899,0.9181947752691298,0.9842364793665405,0.9156516790390015,1.2333824634552002,-0.12256155163049698,899,7.66748058378397e-08,7.66748058378397e-06,7.66748058378397e-06
638751418,0.9587428205234926,0.0030927422218135,0.810962438583374,0.9673171043395996,0.0187995359301567,900,0.9587428942180664,0.003092703472377833,0.8109623789787292,0.9673173427581787,0.018799304962158203,900,7.369457377670585e-08,7.369457377670585e-06,7.369457377670585e-06
638784752,0.9999149136764924,0.1019619135324788,0.8234418630599976,0.6885163187980652,0.5133218169212341,901,0.9999149933315307,0.10196193108608267,0.8234419822692871,0.6885160803794861,0.5133217573165894,901,7.965503823204045e-08,7.965503823204045e-06,7.965503823204045e-06
638818086,0.0404383771641174,0.1422548340775955,0.8104692697525024,0.715472400188446,0.8902416825294495,902,0.04043845681915581,0.1422548004355377,0.8104692697525024,0.7154727578163147,0.8902417421340942,902,7.965503845408506e-08,7.965503845408506e-06,7.965503845408506e-06
638851420,0.0781510048134247,0.1770848888232843,0.754252552986145,0.6823335886001587,1.3836697340011597,903,0.07815108148823083,0.17708485565845836,0.7542524933815002,0.6823340058326721,1.3836698532104492,903,7.66748061709066e-08,7.66748061709066e-06,7.66748061709066e-06
638884754,0.1113995604736725,0.2093912708549359,0.664971113204956,0.5383961200714111,2.064107179641724,904,0.11139963118801416,0.20939127122800782,0.6649709939956665,0.5383962392807007,2.064107656478882,904,7.0714341715572e-08,7.0714341715572004e-06,7.0714341715572004e-06
638918088,0.1439015143139282,0.1847687337929232,0.6500390768051147,1.0613934993743896,2.442990064620972,905,0.14390157310734095,0.1847687224394376,0.6500388383865356,1.0613934993743896,2.4429895877838135,905,5.87934128049028e-08,5.87934128049028e-06,5.87934128049028e-06
638951422,0.1780490629894653,0.1864241310437937,0.6829509735107422,0.9577258825302124,2.268656015396118,906,0.17804912774334253,0.18642411085482957,0.6829510927200317,0.9577261209487915,2.268655776977539,906,6.47538772602374e-08,6.47538772602374e-06,6.47538772602374e-06
638984756,0.2128546469433227,0.2138890170940041,0.6961116790771484,0.5079527497291565,2.200193166732788,907,0.21285471765766442,0.21388903378100232,0.696111798286438,0.5079524517059326,2.200192928314209,907,7.0714341715572e-08,7.0714341715572004e-06,7.0714341715572004e-06
639018090,0.237139774285564,0.237139774285564,0.7405252456665039,0.1827068626880645,2.256211280822754,908,0.23713976759305946,0.23713976759305946,0.7405253648757935,0.18270699679851532,2.256211757659912,908,-6.6925045505428216e-09,-6.692504550542822e-07,6.692504550542822e-07
639051424,0.2669742672868661,0.1794145710294722,0.8950347900390625,1.11080801486969,2.338223457336426,909,0.26697425662071855,0.17941453031843652,0.895034670829773,1.110809087753296,2.338224172592163,909,-1.066614752076589e-08,-1.066614752076589e-06,1.066614752076589e-06
639084758,0.296690985483735,0.1621289450177978,0.8915015459060669,1.3770761489868164,2.235468626022339,910,0.29669097084394447,0.162128935567919,0.8915014266967773,1.3770766258239746,2.235469102859497,910,-1.4639790546500109e-08,-1.4639790546500109e-06,1.4639790546500109e-06
639118092,0.3245766768086048,0.1425257021460247,0.8365707397460938,1.693718194961548,2.1148056983947754,911,0.32457666018199277,0.14252572188040097,0.836570680141449,1.6937189102172852,2.11480712890625,911,-1.6626612031611643e-08,-1.6626612031611643e-06,1.6626612031611643e-06
639151426,0.3528159667281401,0.1298517769515871,0.8471786975860596,1.627536058425903,1.7299184799194336,912,0.3528159461278851,0.1298517670374979,0.84717857837677,1.6275357007980347,1.7299178838729858,912,-2.060025500183471e-08,-2.060025500183471e-06,2.060025500183471e-06
639184760,0.3825555969504607,0.1293552385858765,0.8921889066696167,1.502651929855347,1.5872268676757812,913,0.3825555803238486,0.1293552883431927,0.8921890258789062,1.5026512145996094,1.5872271060943604,913,-1.6626612087122794e-08,-1.6626612087122794e-06,1.6626612087122794e-06
639218094,0.4129766989974273,0.1346456096817917,0.9126330614089966,1.4397802352905271,1.6257978677749634,914,0.4129766823708152,0.13464557772800795,0.9126330614089966,1.4397807121276855,1.6257977485656738,914,-1.6626612087122794e-08,-1.6626612087122794e-06,1.6626612087122794e-06
639251428,0.4425634909896148,0.1380781340155621,0.887603759765625,1.3889105319976809,1.6382181644439695,915,0.4425634703893597,0.13807813093932791,0.8876036405563354,1.3889108896255493,1.6382185220718384,915,-2.0600255057345862e-08,-2.060025505734586e-06,2.060025505734586e-06
639284762,0.4700392533568633,0.1616747705226895,0.824272871017456,1.0669199228286743,1.720961332321167,916,0.47003923474342973,0.16167477657580467,0.8242729306221008,1.0669196844100952,1.720961093902588,916,-1.8613433572234328e-08,-1.8613433572234328e-06,1.8613433572234328e-06
639318096,0.4932344942518167,0.1918818364920552,0.6958572268486023,0.5704656839370728,1.4921404123306274,917,0.49323447365156164,0.19188182637944462,0.6958571672439575,0.5704655647277832,1.4921398162841797,917,-2.0600255057345862e-08,-2.060025505734586e-06,2.060025505734586e-06
639351430,0.514794420125891,0.1833208822815947,0.646797776222229,0.6540608406066895,1.4687354564666748,918,0.514794399525636,0.18332089904094237,0.646797776222229,0.6540606021881104,1.4687353372573853,918,-2.0600255057345862e-08,-2.060025505734586e-06,2.060025505734586e-06
639384764,0.5382845589745137,0.1643543712344097,0.7047041654586792,0.8804847002029419,1.4751280546188354,919,0.5382845463215447,0.16435441008584512,0.7047044038772583,0.8804842829704285,1.475128173828125,919,-1.2652969005877424e-08,-1.2652969005877424e-06,1.2652969005877424e-06
639418098,0.5636056452222757,0.1452011877670289,0.7596325874328613,1.1181974411010742,1.4453403949737549,920,0.5636056325693067,0.1452012150379761,0.7596325874328613,1.1181973218917847,1.4453407526016235,920,-1.2652969005877424e-08,-1.2652969005877424e-06,1.2652969005877424e-06
639451432,0.5910284985331786,0.129406280588918,0.8226855993270874,1.1479220390319824,1.2133105993270874,921,0.5910284819065666,0.12940628014423405,0.8226854801177979,1.147922158241272,1.213310718536377,921,-1.662661197610049e-08,-1.6626611976100492e-06,1.6626611976100492e-06
639484766,0.6212439089246683,0.1183817359542628,0.90646231174469,0.3464058041572571,0.3187309503555298,922,0.6212438922980563,0.11838165853583554,0.9064623117446899,0.3464060127735138,0.31873083114624023,922,-1.662661197610049e-08,-1.6626611976100492e-06,1.6626611976100492e-06
639518100,0.6695204644628457,0.0654598199442028,0.9655311107635498,0.5300220251083374,0.2311813533306121,923,0.6695204478362338,0.06545974099847593,0.9655311107635498,0.5300220251083374,0.2311810404062271,923,-1.662661197610049e-08,-1.6626611976100492e-06,1.6626611976100492e-06
639551434,0.7177130310960702,0.0503222964892383,0.9638513326644896,0.5818802118301392,0.1903679370880127,924,0.7177130144694582,0.050322245536538766,0.9638513326644897,0.5818797945976257,0.19036759436130524,924,-1.662661197610049e-08,-1.6626611976100492e-06,1.6626611976100492e-06
639584768,0.7617289959617547,0.0772270711628565,0.8803192973136902,0.3894069194793701,0.2053261399269104,925,0.7617289882758395,0.0772270621520707,0.8803194761276245,0.38940685987472534,0.20532608032226562,925,-7.685915237587437e-09,-7.685915237587437e-07,7.685915237587437e-07
639618102,0.8058663307853631,0.0107314759510321,0.882746696472168,0.4673915207386017,0.0315630547702312,926,0.8058663230994478,0.01073151792727149,0.882746696472168,0.46739134192466736,0.0315631665289402,926,-7.685915237587437e-09,-7.685915237587437e-07,7.685915237587437e-07
639651436,0.851964411062806,0.9077510526280544,0.9219616055488586,0.3322189152240753,-0.2174776494503021,927,0.851964406357123,0.9077509999264962,0.9219616651535034,0.3322187662124634,-0.2174777090549469,927,-4.705682954408985e-09,-4.705682954408985e-07,4.705682954408985e-07
639684770,0.8857983757285367,0.7511552759850257,1.0150189399719238,0.0048401392996311,-0.6667831540107727,928,0.8857983710228537,0.7511552943875505,1.0150189399719238,0.004840213805437088,-0.666782796382904,928,-4.705682954408985e-09,-4.705682954408985e-07,4.705682954408985e-07
639718104,0.9199100900916348,0.6717294088866463,1.0233514308929443,-0.4408329129219055,-0.8229287266731262,929,0.9199100853859519,0.6717294140045744,1.0233514308929443,-0.4408329427242279,-0.8229288458824158,929,-4.705682954408985e-09,-4.705682954408985e-07,4.705682954408985e-07
639751438,0.9522346903113614,0.5948653747194144,0.9697380065917968,-0.892979621887207,-0.6057647466659546,930,0.9522346816320354,0.594865391865401,0.9697378873825073,-0.8929795026779175,-0.6057648062705994,930,-8.679326035654356e-09,-8.679326035654356e-07,8.679326035654356e-07
639784772,0.9833764880128792,0.578489650880694,0.9342539310455322,-0.9506555795669556,-0.5109398365020752,931,0.9833764773467316,0.5784896431383936,0.9342538714408875,-0.9506555795669556,-0.5109397768974304,931,-1.0666147631788192e-08,-1.0666147631788192e-06,1.0666147631788192e-06
639818106,0.0144083230920721,0.5841859959188265,0.9309550523757936,-0.8902043700218201,-0.5203384757041931,932,0.014408316399567633,0.5841860019040317,0.930955171585083,-0.8902041912078857,-0.5203384160995483,932,-6.692504439520519e-09,-6.692504439520519e-07,6.692504439520519e-07
639851440,0.0466538835791835,0.5867119382891859,0.9673668146133424,-0.9314664602279664,-0.56447833776474,933,0.046653872913036055,0.5867118784750482,0.9673666954040527,-0.9314667582511902,-0.5644780397415161,933,-1.0666147465254738e-08,-1.0666147465254738e-06,1.0666147465254738e-06
639884774,0.0857559213268846,0.8020543116847363,1.1730611324310305,0.3715556263923645,-1.0952236652374268,934,0.08575591066073707,0.8020542947629996,1.1730611324310303,0.37155553698539734,-1.0952237844467163,934,-1.066614752076589e-08,-1.066614752076589e-06,1.066614752076589e-06
639918108,0.1238834509480088,0.8809348872540488,1.143825888633728,0.3974146842956543,-0.3688282370567322,935,0.12388343233457536,0.8809349399353961,1.143825650215149,0.39741459488868713,-0.3688279092311859,935,-1.8613433461212026e-08,-1.8613433461212026e-06,1.8613433461212026e-06
639951442,0.1593251118290513,0.0459074805310679,1.0632498264312744,0.7067062854766846,0.2096941173076629,936,0.15932509321561783,0.04590748822653263,1.0632498264312744,0.7067058086395264,0.2096940129995346,936,-1.8613433461212026e-08,-1.8613433461212026e-06,1.8613433461212026e-06
639984776,0.1938677002219448,0.0115921194824395,1.0362776517868042,0.9547218084335328,0.0696608051657676,937,0.19386766968758234,0.011592171992193047,1.0362772941589355,0.9547214508056641,0.06966109573841095,937,-3.053436248290353e-08,-3.053436248290353e-06,3.053436248290353e-06
640018110,0.2265474288888861,0.0305781176019663,0.9803918600082396,0.8847777247428894,0.1721135377883911,938,0.22654739835452367,0.03057819565626525,0.9803918600082397,0.8847777843475342,0.17211399972438812,938,-3.053436242739238e-08,-3.053436242739238e-06,3.053436242739238e-06
640051444,0.2571451573797156,0.1085619853704811,0.917931854724884,0.8821796178817749,0.7164759039878845,939,0.2571451288321746,0.10856195662453874,0.9179319143295288,0.8821797966957092,0.716475784778595,939,-2.8547540997791998e-08,-2.8547540997792e-06,2.8547540997792e-06
640084778,0.2847236145762691,0.1693903079447737,0.8273537158966064,0.6511441469192505,1.1737533807754517,940,0.28472359000237113,0.1693903450255969,0.827353835105896,0.6511437892913818,1.1737533807754517,940,-2.457389797205778e-08,-2.457389797205778e-06,2.457389797205778e-06
640118112,0.3109718669680843,0.1664299862060367,0.7874475717544556,1.0812339782714844,1.8663370609283447,941,0.31097184438100783,0.16643001743737518,0.7874476313591003,1.0812331438064575,1.866336464881897,941,-2.2587076486946245e-08,-2.2587076486946245e-06,2.2587076486946245e-06
640151446,0.3361026395587215,0.1406112741884345,0.7539231777191162,1.5680391788482666,1.910325288772583,942,0.3361026149848235,0.14061126719144756,0.7539231181144714,1.5680394172668457,1.9103254079818726,942,-2.457389797205778e-08,-2.457389797205778e-06,2.457389797205778e-06
640184780,0.3622132489311784,0.1477494633470341,0.783318281173706,1.4476895332336426,1.9344489574432373,943,0.3622132183968159,0.1477494256670244,0.7833181023597717,1.4476898908615112,1.934448480606079,943,-3.053436248290353e-08,-3.053436248290353e-06,3.053436248290353e-06
640218114,0.3891607035426387,0.1719060577516819,0.808423638343811,1.1364381313323977,2.127124547958374,944,0.3891606690346333,0.17190602952082656,0.8084235191345215,1.1364384889602661,2.127124309539795,944,-3.450800539761545e-08,-3.450800539761545e-06,3.450800539761545e-06
640251448,0.4147731929250647,0.1967708735212915,0.7683746814727783,0.7900142669677734,2.273403644561768,945,0.41477315643023777,0.1967708712502066,0.7683746218681335,0.790014386177063,2.2734038829803467,945,-3.6494826938238134e-08,-3.6494826938238134e-06,3.6494826938238134e-06
640284782,0.4398832608489284,0.2227995398474156,0.7533020377159119,0.4151072204113006,2.40517520904541,946,0.439883226340923,0.22279957769118064,0.7533020973205566,0.41510671377182007,2.4051756858825684,946,-3.45080054531266e-08,-3.45080054531266e-06,3.45080054531266e-06
640318116,0.4735693185754706,0.1562586096392157,1.0105817317962646,1.416622519493103,2.1203737258911133,947,0.47356928009382215,0.15625860969243383,1.010581612586975,1.4166229963302612,2.1203744411468506,947,-3.848164842334967e-08,-3.848164842334967e-06,3.848164842334967e-06
640351450,0.5073535848883877,0.144742645654239,1.0135279893875122,1.5073258876800537,1.936758041381836,948,0.5073535503803822,0.14474265854582236,1.0135281085968018,1.5073260068893433,1.9367585182189941,948,-3.45080054531266e-08,-3.45080054531266e-06,3.45080054531266e-06
640384784,0.5418705790468146,0.1396365529740215,1.0355098247528076,1.5935652256011963,1.9173576831817627,949,0.5418705524860951,0.13963656764407528,1.0355100631713867,1.5935646295547485,1.917357325553894,949,-2.6560719512680464e-08,-2.6560719512680464e-06,2.6560719512680464e-06
640418118,0.5767189193991908,0.1365248133674626,1.045450210571289,1.6642380952835083,1.9245678186416624,950,0.5767188888648284,0.13652476794410287,1.0454500913619995,1.6642383337020874,1.9245669841766357,950,-3.053436248290353e-08,-3.053436248290353e-06,3.053436248290353e-06
640451452,0.6108582982647507,0.1531940814307575,1.0241813659667969,1.5615415573120115,2.242574453353882,951,0.6108582717040313,0.15319408835193762,1.0241814851760864,1.5615410804748535,2.2425739765167236,951,-2.656071940165816e-08,-2.656071940165816e-06,2.656071940165816e-06
640484786,0.6434874742456365,0.1676481204592247,0.9788752794265748,1.201479196548462,2.1109797954559326,952,0.6434874596058461,0.16764812139817978,0.9788756370544434,1.2014793157577515,2.1109800338745117,952,-1.4639790379966655e-08,-1.4639790379966655e-06,1.4639790379966655e-06
640518120,0.6738103239961553,0.1748106711517124,0.909685492515564,0.9599018096923828,1.8783860206604004,953,0.6738103113431864,0.17481070692746348,0.9096855521202087,0.9599010944366455,1.8783856630325317,953,-1.2652968894855121e-08,-1.2652968894855121e-06,1.2652968894855121e-06
640551454,0.6999690859743046,0.1793792632153524,0.7847628593444824,0.8202760815620422,1.7256730794906616,954,0.6999690733213357,0.17937925424724807,0.7847628593444824,0.8202762007713318,1.7256730794906616,954,-1.2652968894855121e-08,-1.2652968894855121e-06,1.2652968894855121e-06
640584788,0.7401178746648717,0.1714940094656928,0.8029757738113403,0.9159991145133972,1.703890085220337,955,0.7401178560514383,0.17149402674250913,0.8029756546020508,0.9159988760948181,1.703890085220337,955,-1.8613433350189723e-08,-1.8613433350189723e-06,1.8613433350189723e-06
640618122,0.7840895145364689,0.1540331544041644,0.8794327974319458,1.1775400638580322,1.7102560997009275,956,0.7840894959230356,0.15403317648838452,0.8794327974319458,1.1775394678115845,1.710255742073059,956,-1.8613433350189723e-08,-1.8613433350189723e-06,1.8613433350189723e-06
640651456,0.8306908398099827,0.14589291359642,0.932026505470276,1.3520647287368774,1.763411521911621,957,0.8306908211965494,0.14589292285976546,0.9320265054702759,1.3520652055740356,1.763412356376648,957,-1.8613433350189723e-08,-1.8613433350189723e-06,1.8613433350189723e-06
640684790,0.8811424880453037,0.1336136388261966,1.009032964706421,1.5494192838668823,1.726911187171936,958,0.8811424634714059,0.13361365458393798,1.0090328454971313,1.5494194030761719,1.7269116640090942,958,-2.4573897805524325e-08,-2.4573897805524325e-06,2.4573897805524325e-06
640718124,0.9353184490629124,0.1036760908770097,1.0835192203521729,1.7396354675292969,1.3263698816299438,959,0.9353184244890146,0.10367612010296809,1.0835192203521729,1.7396355867385864,1.3263704776763916,959,-2.4573897805524325e-08,-2.4573897805524325e-06,2.4573897805524325e-06
640751458,0.98568885020694,0.0253421685634066,1.0074080228805542,0.4617453515529632,0.0741512402892112,960,0.9856888315935067,0.025342176439110947,1.0074081420898438,0.4617455303668976,0.07415129244327545,960,-1.861343323916742e-08,-1.861343323916742e-06,1.861343323916742e-06
640784792,0.0326887875028538,0.0590479275127353,0.939998745918274,0.2357446849346161,0.0917104557156562,961,0.032688768889420405,0.059048239660100185,0.9399987459182739,0.235744446516037,0.0917108952999115,961,-1.8613433405700874e-08,-1.8613433405700874e-06,1.8613433405700874e-06
640818126,0.0623402028509068,0.8830149152726199,0.8895424604415894,0.3348858654499054,-0.3027479648590088,962,0.0623401802638304,0.8830148548512117,0.8895423412322998,0.33488547801971436,-0.30274784564971924,962,-2.2587076431435094e-08,-2.2587076431435094e-06,2.2587076431435094e-06
640851460,0.0926718502469944,0.8228509966466933,0.9099494218826294,0.32086381316185,-0.6513248085975647,963,0.09267182765991805,0.8228509672594415,0.9099494218826294,0.32086363434791565,-0.6513247489929199,963,-2.258707632041279e-08,-2.258707632041279e-06,2.258707632041279e-06
640884794,0.1327303597557632,0.8298766157736682,1.2017552852630615,0.8502789735794067,-1.5494959354400637,964,0.1327303331950438,0.829876661450957,1.201755166053772,0.8502797484397888,-1.5494962930679321,964,-2.656071940165816e-08,-2.656071940165816e-06,2.656071940165816e-06
640918128,0.1776449669627435,0.8187341040363405,1.3474382162094116,0.6504265666007996,-1.4112550020217896,965,0.17764494834931016,0.8187340724115035,1.3474384546279907,0.6504257321357727,-1.4112539291381836,965,-1.8613433350189723e-08,-1.8613433350189723e-06,1.8613433350189723e-06
640951462,0.2198687423495538,0.8520116676650369,1.266713261604309,0.6766599416732788,-0.9070091843605042,966,0.2198687197624775,0.8520116593459177,1.2667131423950195,0.6766600012779236,-0.9070093631744385,966,-2.258707632041279e-08,-2.258707632041279e-06,2.258707632041279e-06
640984796,0.2616683988996434,0.920872464133612,1.2539896965026855,1.0395872592926023,-0.5641189217567444,967,0.26166838028621,0.9208724611279293,1.253989815711975,1.0395866632461548,-0.5641186237335205,967,-1.8613433405700874e-08,-1.8613433405700874e-06,1.8613433405700874e-06
641018130,0.3001576095052647,0.9987607950710888,1.15467631816864,1.221993088722229,-0.0095148188993334,968,0.30015759486547433,0.998760839463659,1.1546764373779297,1.2219929695129395,-0.009514477103948593,968,-1.4639790379966655e-08,-1.4639790379966655e-06,1.4639790379966655e-06
641051464,0.3377808758843032,0.0896124413594657,1.1286979913711548,1.0868868827819824,0.6860525012016296,969,0.33778086124451284,0.08961243020464367,1.1286979913711548,1.086887240409851,0.6860526204109192,969,-1.4639790379966655e-08,-1.4639790379966655e-06,1.4639790379966655e-06
641084798,0.3706388939646967,0.1665454174671034,0.9857405424118042,0.7179303169250488,1.2413069009780884,970,0.3706388793249063,0.16654545575849536,0.9857405424118042,0.7179297804832458,1.2413066625595093,970,-1.4639790379966655e-08,-1.4639790379966655e-06,1.4639790379966655e-06
641118132,0.4011808901258397,0.2031499216013297,0.9162598848342896,0.5404868721961975,1.7827513217926023,971,0.4011808754860493,0.2031499177646187,0.9162598848342896,0.5404869914054871,1.7827515602111816,971,-1.4639790379966655e-08,-1.4639790379966655e-06,1.4639790379966655e-06
641151466,0.4309963454036005,0.1896550284409291,0.8944636583328247,0.8856972455978394,2.222926616668701,972,0.43099632679016714,0.18965500783996603,0.8944635391235352,0.8856974840164185,2.222926378250122,972,-1.8613433350189723e-08,-1.8613433350189723e-06,1.8613433350189723e-06
641184800,0.4602202603447524,0.1708225896093524,0.8767174482345581,1.2226208448410034,2.25142502784729,973,0.46022023775767607,0.17082257659364164,0.8767173290252686,1.2226210832595825,2.25142502784729,973,-2.258707632041279e-08,-2.258707632041279e-06,2.258707632041279e-06
641218134,0.4904490937022455,0.181079606774721,0.9068650007247924,0.9428710341453552,2.039499521255493,974,0.49044907111516917,0.18107961769369874,0.9068650007247925,0.9428709745407104,2.0394997596740723,974,-2.258707632041279e-08,-2.258707632041279e-06,2.258707632041279e-06
641251468,0.5196889032153376,0.2034109469587929,0.8771942853927612,0.7004212737083435,2.324002504348755,975,0.5196888766546183,0.2034109402439135,0.8771941661834717,0.7004214525222778,2.324002742767334,975,-2.656071929063586e-08,-2.656071929063586e-06,2.656071929063586e-06
641284802,0.5470801819590815,0.2081588617426917,0.8217383623123169,0.6405110359191895,2.379980564117432,976,0.5470801633456481,0.20815889890979497,0.821738600730896,0.6405104398727417,2.3799805641174316,976,-1.8613433350189723e-08,-1.8613433350189723e-06,1.8613433350189723e-06
641318136,0.5799489328491775,0.1648433171141967,0.9860625267028807,1.1512426137924194,1.9422783851623533,977,0.5799489182093871,0.16484331953255635,0.9860626459121704,1.1512432098388672,1.9422794580459595,977,-1.4639790379966655e-08,-1.4639790379966655e-06,1.4639790379966655e-06
641351470,0.616354408783524,0.118353081654047,1.0921642780303955,1.3741624355316162,1.263921856880188,978,0.6163544020910195,0.11835304605741595,1.0921645164489746,1.3741627931594849,1.2639216184616089,978,-6.692504439520519e-09,-6.692504439520519e-07,6.692504439520519e-07
641384804,0.672300031704514,0.1047581179484608,1.1189124584197998,1.7724003791809082,1.3705053329467771,979,0.672300042893403,0.10475812893153694,1.1189128160476685,1.772399663925171,1.3705049753189087,979,1.1188888926483287e-08,1.1188888926483287e-06,1.1188888926483287e-06
641418138,0.72923549704036,0.108138551070045,1.138709306716919,1.5060389041900637,1.216517448425293,980,0.72923549630832,0.10813861528558193,1.1387090682983398,1.5060385465621948,1.2165181636810303,980,-7.320399841859171e-10,-7.320399841859171e-08,7.320399841859171e-08
641451472,0.7910481064744878,0.1247952019241341,1.2362521886825562,1.3322712182998655,1.3288469314575195,981,0.7910481057424478,0.12479522326707697,1.2362521886825562,1.3322707414627075,1.32884681224823,981,-7.320399841859171e-10,-7.320399841859171e-08,7.320399841859171e-08
641484806,0.8485652833410191,0.1132580251488444,1.1503435373306274,1.372148513793945,1.183274269104004,982,0.8485653004903726,0.11325803555100222,1.150343894958496,1.3721479177474976,1.1832739114761353,982,1.714935349284019e-08,1.7149353492840191e-06,1.7149353492840191e-06
641518140,0.899953976196854,0.12436960035327,1.0277738571166992,1.2557986974716189,1.245889663696289,983,0.8999539933462075,0.12436959297968857,1.0277738571166992,1.2557991743087769,1.2458900213241577,983,1.714935349284019e-08,1.7149353492840191e-06,1.7149353492840191e-06
641551474,0.9443735926576542,0.1370718354899447,0.8883923292160034,1.1710911989212036,1.3637255430221558,984,0.9443736217279366,0.13707180807437766,0.8883925676345825,1.171091914176941,1.3637259006500244,984,2.9070282403509395e-08,2.9070282403509395e-06,2.9070282403509395e-06
641584808,0.988996055645554,0.134790098098335,0.8924492597579956,1.140735387802124,1.290475368499756,985,0.9889960727949074,0.1347901025208815,0.8924490213394165,1.1407357454299927,1.290475845336914,985,1.714935338181789e-08,1.7149353381817889e-06,1.7149353381817889e-06
641618142,0.0351377456613468,0.1374213988567515,0.9228338003158568,1.2072179317474363,1.412057876586914,986,0.035137759830468074,0.13742141313573625,0.9228337407112122,1.2072185277938843,1.4120588302612305,986,1.4169121320684042e-08,1.4169121320684042e-06,1.4169121320684042e-06
641651476,0.0844501584001469,0.1282632425306321,0.986248254776001,1.2457480430603027,1.297909379005432,987,0.0844501487274102,0.1282632197048345,0.9862477779388428,1.2457484006881714,1.2979093790054321,987,-9.672736722698971e-09,-9.672736722698971e-07,9.672736722698971e-07
641684810,0.0928328933604132,0.0928328933604132,1.039304494857788,1.4763504266738892,0.9742074608802797,988,0.09283290840327964,0.09283290840327967,1.039304494857788,1.4763506650924683,0.9742078185081482,988,1.504286639697483e-08,1.504286639697483e-06,1.504286639697483e-06
641718144,0.1274084749110113,0.0834555135171211,1.0372674465179443,1.4587948322296145,0.8437294363975525,989,0.1274084859802348,0.08345551428093172,1.0372673273086548,1.4587947130203247,0.8437293767929077,989,1.1069223537774064e-08,1.1069223537774064e-06,1.1069223537774064e-06
641751478,0.162841608354208,0.9999571658146862,1.0629940032958984,0.9151411652565002,-0.0002462966367602,990,0.16284161942343142,0.9999571036185562,1.0629940032958984,0.9151411652565002,-0.0002466542646288872,990,1.1069223426751762e-08,1.1069223426751762e-06,1.1069223426751762e-06
641784812,0.1967849952268174,0.8678031097350313,1.0183016061782837,0.409063845872879,-0.4478389024734497,991,0.19678500629604087,0.8678030266257016,1.0183016061782837,0.4090636074542999,-0.4478391110897064,991,1.1069223537774064e-08,1.1069223537774064e-06,1.1069223537774064e-06
641818146,0.2422594092575283,0.8268035630298476,1.3642324209213257,1.1010401248931885,-2.101690530776977,992,0.24225942032675174,0.8268035687598005,1.3642324209213257,1.1010407209396362,-2.101691484451294,992,1.1069223426751762e-08,1.1069223426751762e-06,1.1069223426751762e-06
641851480,0.290261787403382,0.8075437400820682,1.4400713443756104,0.6953071355819702,-1.8385486602783203,993,0.2902617905253194,0.8075437536243462,1.4400711059570312,0.6953073143959045,-1.8385486602783203,993,3.1219373752833235e-09,3.1219373752833235e-07,3.1219373752833235e-07
641884814,0.3375916542895209,0.7976360325917156,1.4198960065841677,0.4233956933021545,-1.372095227241516,994,0.3375916613851013,0.7976360166118,1.419896125793457,0.42339539527893066,-1.372094750404358,994,7.0955803455063915e-09,7.095580345506391e-07,7.095580345506391e-07
641918148,0.4047626736052405,0.8126990755672869,1.343420386314392,0.5377313494682312,-1.2936192750930786,995,0.404762656858963,0.8126991318423608,1.3434199094772339,0.5377318859100342,-1.2936192750930786,995,-1.6746277475832017e-08,-1.6746277475832017e-06,1.6746277475832017e-06
641951482,0.4659276726134193,0.8419995288740552,1.2232999801635742,0.5436520576477051,-0.833329975605011,996,0.46592765586714174,0.841999499024918,1.2232999801635742,0.5436516404151917,-0.8333296775817871,996,-1.6746277531343168e-08,-1.6746277531343168e-06,1.6746277531343168e-06
641984816,0.5263206126578224,0.9631200287080144,1.2078588008880615,1.2541500329971311,-0.2959321141242981,997,0.5263205959115448,0.963120047224129,1.2078588008880615,1.2541496753692627,-0.295931875705719,997,-1.674627758685432e-08,-1.674627758685432e-06,1.674627758685432e-06
642018150,0.5617453617143205,0.0950093746291455,1.0627424716949463,0.9309417605400084,0.6327475309371948,998,0.5617453489416859,0.09500933308079584,1.0627425909042358,0.9309415817260742,0.6327470541000366,998,-1.2772634616631251e-08,-1.277263461663125e-06,1.277263461663125e-06
642051484,0.5917730572111976,0.1589018514421155,0.900830864906311,0.8589246273040771,1.3330285549163818,999,0.5917730444385629,0.15890185076850177,0.900830864906311,0.8589248657226562,1.3330289125442505,999,-1.2772634616631251e-08,-1.277263461663125e-06,1.277263461663125e-06
642084818,0.6220171573050391,0.1500100781404609,0.9073230028152466,1.4123841524124146,1.9442389011383057,1000,0.622017146519226,0.1500100792859911,0.9073230624198914,1.4123843908309937,1.9442392587661743,1000,-1.0785813131519717e-08,-1.0785813131519717e-06,1.0785813131519717e-06
642118152,0.6524929287321937,0.1653633516302297,0.9142731428146362,1.2880570888519287,2.189378023147583,1001,0.6524929099990946,0.1653633504930758,0.9142729043960571,1.2880569696426392,2.189377784729004,1001,-1.8733099071965853e-08,-1.8733099071965853e-06,1.8733099071965853e-06
642151486,0.6824037593888811,0.165733890800475,0.8973249197006226,1.317104697227478,2.250725030899048,1002,0.6824037346953176,0.16573389707975794,0.8973247408866882,1.3171045780181885,2.250725030899048,1002,-2.4693563527300455e-08,-2.4693563527300455e-06,2.4693563527300455e-06
642184820,0.7107006075270546,0.1955282062384265,0.8489054441452026,0.8855135440826416,2.485459327697754,1003,0.710700578859848,0.19552820429136566,0.8489053249359131,0.8855136632919312,2.485459566116333,1003,-2.8667206497523523e-08,-2.8667206497523523e-06,2.8667206497523523e-06
642218154,0.752308166254319,0.2064607417045025,0.8321511745452881,0.7443593740463257,2.6527395248413086,1004,0.752308131626648,0.20646074129873696,0.8321510553359985,0.7443593144416809,2.6527392864227295,1004,-3.4627670952858125e-08,-3.4627670952858125e-06,3.4627670952858125e-06
642251488,0.8039899530299079,0.1668018991887482,1.0336357355117798,1.386082649230957,2.4054834842681885,1005,0.8039899362836305,0.1668019051100175,1.0336360931396484,1.3860825300216675,2.4054834842681885,1005,-1.6746277475832017e-08,-1.6746277475832017e-06,1.6746277475832017e-06
642284822,0.859713703621186,0.1246488827813565,1.1144750118255615,1.6664419174194336,1.6591053009033203,1006,0.859713692835373,0.124648882982737,1.114475131034851,1.66644287109375,1.6591062545776367,1006,-1.0785813020497415e-08,-1.0785813020497415e-06,1.0785813020497415e-06
642318156,0.9163148286230934,0.0930816810241985,1.132022500038147,1.9596507549285889,1.2975271940231323,1007,0.9163148297582093,0.0930816855726194,1.132022738456726,1.959650993347168,1.2975274324417114,1007,1.1351158901717895e-09,1.1351158901717895e-07,1.1351158901717895e-07
642351490,0.9735800685770882,0.1064255012708923,1.145304799079895,1.78493070602417,1.4103201627731323,1008,0.9735800756726686,0.10642550749181098,1.1453049182891846,1.7849301099777222,1.4103198051452637,1008,7.0955803455063915e-09,7.095580345506391e-07,7.095580345506391e-07
642384824,0.0364927353747261,0.1123612850463399,1.2582533359527588,1.6414467096328735,1.3994555473327637,1009,0.03649274247030654,0.11236124883358145,1.2582533359527588,1.6414471864700317,1.3994553089141846,1009,7.095580456528694e-09,7.095580456528694e-07,7.095580456528694e-07
642418158,0.0949376942999734,0.1199403772404367,1.1688991785049438,1.505042314529419,1.4122681617736816,1010,0.09493768351416029,0.11994036383334213,1.1688988208770752,1.505042314529419,1.4122679233551025,1010,-1.0785813131519717e-08,-1.0785813131519717e-06,1.0785813131519717e-06
642451492,0.1244478766849164,0.1244478766849165,1.0678189992904663,1.3216553926467896,1.312517166137695,1011,0.1244478695074441,0.12444786950744413,1.0678187608718872,1.321655511856079,1.3125171661376953,1011,-7.177472283181885e-09,-7.177472283181885e-07,7.177472283181885e-07
642484826,0.1499171899419694,0.1499171899419694,0.8695884943008423,1.2087714672088623,1.6619120836257937,1012,0.14991720826946073,0.14991720826946067,0.8695883750915527,1.2087713479995728,1.6619123220443726,1012,1.8327491302372323e-08,1.8327491302372323e-06,1.8327491302372323e-06
642518160,0.1806194431246985,0.1456418699352622,0.9210675954818726,1.218010425567627,1.5833944082260132,1013,0.18061945549172534,0.14564187920025412,0.9210674166679382,1.2180101871490479,1.5833942890167236,1013,1.2367026847037721e-08,1.236702684703772e-06,1.236702684703772e-06
642551494,0.2122123804352352,0.1412933881865665,0.9477881193161012,1.401117920875549,1.7219630479812622,1014,0.212212400749548,0.14129339189210166,0.9477883577346802,1.4011175632476807,1.7219626903533936,1014,2.0314312787483857e-08,2.0314312787483857e-06,2.0314312787483857e-06
642584828,0.2457287675799597,0.1351844719487988,1.0054916143417358,1.433138132095337,1.629379391670227,1015,0.24572879186791552,0.1351844874512465,1.0054917335510254,1.4331375360488892,1.6293790340423584,1015,2.4287955868729227e-08,2.4287955868729227e-06,2.4287955868729227e-06
642618162,0.2823510375282833,0.1086404077140091,1.098668098449707,1.6781198978424072,1.3642840385437012,1016,0.2823510697635251,0.10864042940787154,1.0986683368682861,1.6781200170516968,1.3642845153808594,1016,3.2235241809175363e-08,3.2235241809175363e-06,3.2235241809175363e-06
642651496,0.3190017031293778,0.0931186726615591,1.099519968032837,1.729705572128296,1.145853877067566,1017,0.31900173139097665,0.09311868295435473,1.0995198488235474,1.729706048965454,1.1458543539047241,1017,2.8261598838952295e-08,2.8261598838952295e-06,2.8261598838952295e-06
642684830,0.3546987659396398,0.0156507779841604,1.070911884307861,0.6590951681137085,0.0650229975581169,1018,0.3546987981748817,0.01565076551165504,1.0709120035171509,0.6590951681137085,0.06502294540405273,1018,3.2235241920197666e-08,3.2235241920197666e-06,3.2235241920197666e-06
642718164,0.4087099737586248,0.8283746815400416,1.0802241563796997,0.2718923389911651,-0.5067608952522278,1019,0.4087100000334022,0.8283746441395888,1.0802240371704102,0.271892249584198,-0.5067610144615173,1019,2.6274777464863064e-08,2.6274777464863064e-06,2.6274777464863064e-06
642751498,0.4800109035433996,0.815243876161709,1.4260185956954956,0.6815956830978394,-1.568476319313049,1020,0.4800109238577125,0.8152438608994248,1.426018476486206,0.681595504283905,-1.5684763193130493,1020,2.031431289850616e-08,2.031431289850616e-06,2.031431289850616e-06
642784832,0.5509692139090765,0.8009737086800419,1.4191662073135376,0.5111494064331055,-1.541012406349182,1021,0.5509692342233894,0.8009736957217546,1.4191662073135376,0.5111492276191711,-1.5410122871398926,1021,2.031431289850616e-08,2.031431289850616e-06,2.031431289850616e-06
642818166,0.6202101296843756,0.7971518652749298,1.3848183155059814,0.3478874862194061,-1.139690399169922,1022,0.6202101380777595,0.797151899139187,1.3848180770874023,0.34788793325424194,-1.1396909952163696,1022,8.393383876814653e-09,8.393383876814653e-07,8.393383876814653e-07
642851500,0.6871378011168707,0.7824506022201143,1.3385534286499023,0.2471827268600464,-1.1954686641693115,1023,0.6871378035497901,0.7824506060250812,1.3385533094406128,0.24718275666236877,-1.1954686641693115,1023,2.432919421480051e-09,2.432919421480051e-07,2.432919421480051e-07
642884834,0.7518888182105292,0.8956105487924415,1.295020341873169,0.7035178542137146,-0.5413945317268372,1024,0.7518888206434486,0.8956105546472928,1.295020341873169,0.7035176753997803,-0.5413943529129028,1024,2.432919421480051e-09,2.432919421480051e-07,2.432919421480051e-07
642918168,0.8128383941115607,0.0388158680449908,1.21899151802063,1.0961856842041016,0.272775650024414,1025,0.8128384025049447,0.03881580285008821,1.2189916372299194,1.0961856842041016,0.27277517318725586,1025,8.393383987836955e-09,8.393383987836955e-07,8.393383987836955e-07
642951502,0.8649145669402349,0.1491890462649367,1.0415234565734863,0.7905080914497375,1.0764635801315308,1026,0.8649145812940835,0.14918904358150503,1.0415235757827759,0.7905080318450928,1.0764634609222412,1026,1.435384855419386e-08,1.435384855419386e-06,1.435384855419386e-06
642984836,0.9135357505740392,0.1416165848973138,0.9724236726760864,1.300540804862976,1.6050012111663818,1027,0.9135357708883522,0.14161657776158007,0.972423791885376,1.3005409240722656,1.6050012111663818,1027,2.0314313009528462e-08,2.031431300952846e-06,2.031431300952846e-06
643018170,0.9625523991049992,0.14017601775057,0.9803329706192015,1.531330704689026,1.8552346229553225,1028,0.9625524253797768,0.14017602595701106,0.9803330898284912,1.5313303470611572,1.8552343845367432,1028,2.6274777575885366e-08,2.6274777575885366e-06,2.6274777575885366e-06
643051504,0.0115729636611212,0.143841315389971,0.9804112911224364,1.539362907409668,1.954978585243225,1029,0.011573001856827636,0.14384129397467266,0.9804115295410156,1.539363145828247,1.954978346824646,1029,3.819570648655457e-08,3.819570648655457e-06,3.819570648655457e-06
643084838,0.0591560906829108,0.1538231239094202,0.951662540435791,1.443718433380127,2.090939998626709,1030,0.05915614079954615,0.1538231493646262,0.9516627788543701,1.443718433380127,2.0909407138824463,1030,5.0116635397223774e-08,5.0116635397223774e-06,5.0116635397223774e-06
643118172,0.1054219133319128,0.1660973903280083,0.9253164529800416,1.2623343467712402,2.1684775352478027,1031,0.10542197536947717,0.16609741539399614,0.9253166913986206,1.2623337507247925,2.1684772968292236,1031,6.203756441891528e-08,6.203756441891528e-06,6.203756441891528e-06
643151506,0.1498813158931006,0.1813028431983108,0.8891880512237549,1.0171769857406616,2.208355665206909,1032,0.14988138687136163,0.18130286501974213,0.8891882300376892,1.0171765089035034,2.20835542678833,1032,7.097826104640603e-08,7.097826104640603e-06,7.097826104640603e-06
643184840,0.188738060659336,0.1159655204386422,1.1657023429870603,1.5315515995025637,1.366846203804016,1033,0.18873813163759698,0.11596558546579604,1.1657023429870605,1.5315520763397217,1.3668477535247803,1033,7.097826104640603e-08,7.097826104640603e-06,7.097826104640603e-06
643218174,0.2282901889743079,0.0962269429472847,1.1865638494491575,2.023127555847168,1.397836446762085,1034,0.2282902599525689,0.09622690243738152,1.1865638494491577,2.023127794265747,1.3978358507156372,1034,7.097826104640603e-08,7.097826104640603e-06,7.097826104640603e-06
643251508,0.2669806526761918,0.0764440527471022,1.1607139110565186,1.904003024101257,0.992000162601471,1035,0.2669807196808099,0.07644410319527768,1.160713791847229,1.904003381729126,0.9920011162757874,1035,6.700461807618296e-08,6.7004618076182965e-06,6.7004618076182965e-06
643284842,0.309630644983219,0.0807660695301391,1.2794997692108154,1.7653226852416992,0.9815890192985536,1036,0.30963070801419407,0.08076608775318837,1.2794996500015259,1.765323281288147,0.9815896153450012,1036,6.30309751059599e-08,6.30309751059599e-06,6.30309751059599e-06
643318176,0.3515970077774593,0.094208684563716,1.2589908838272097,1.64655864238739,1.1070725917816162,1037,0.3515970588875054,0.09420867622205702,1.2589905261993408,1.646559715270996,1.107073187828064,1037,5.111004619529069e-08,5.111004619529069e-06,5.111004619529069e-06
643351510,0.3915911442698706,0.0878443527741704,1.1998240947723389,1.5708444118499756,0.9672959446907043,1038,0.3915912033272027,0.08784437231680613,1.199824333190918,1.5708441734313965,0.9672960638999939,1038,5.905733213573683e-08,5.905733213573683e-06,5.905733213573683e-06
643384844,0.4268079724571773,0.102425007455056,1.0565048456192017,1.3535597324371338,1.0152844190597534,1039,0.42680803548815244,0.10242496933588875,1.0565049648284912,1.353559136390686,1.015283465385437,1039,6.30309751059599e-08,6.30309751059599e-06,6.30309751059599e-06
643418178,0.4581141359271277,0.1377452695218226,0.9391849040985109,1.2928946018218994,1.5185174942016602,1040,0.4581141989581028,0.13774528293240462,0.9391849040985107,1.2928944826126099,1.5185176134109497,1040,6.30309751059599e-08,6.30309751059599e-06,6.30309751059599e-06
643451512,0.4903293775182633,0.143592967126735,0.9664572477340698,1.2934937477111816,1.6374633312225342,1041,0.4903294445228814,0.14359295735360886,0.9664573669433594,1.293493628501892,1.6374629735946655,1041,6.700461807618296e-08,6.7004618076182965e-06,6.7004618076182965e-06
643484846,0.5236089871984391,0.1369705706279951,0.9983882904052734,1.3747599124908447,1.5988366603851318,1042,0.5236090542030571,0.1369705774504568,0.9983882904052734,1.3747597932815552,1.5988366603851318,1042,6.700461807618296e-08,6.7004618076182965e-06,6.7004618076182965e-06
643518180,0.5590836769999731,0.120918905832675,1.0642406940460205,1.5139012336730957,1.4381864070892334,1043,0.5590837440045912,0.12091890649158644,1.0642406940460205,1.5139014720916748,1.4381866455078125,1043,6.700461807618296e-08,6.7004618076182965e-06,6.7004618076182965e-06
643551514,0.5950433101913997,0.1029132023927509,1.078788995742798,1.6145800352096558,1.2188286781311035,1044,0.5950433771960177,0.10291321002445676,1.0787889957427979,1.6145795583724976,1.2188284397125244,1044,6.700461807618296e-08,6.7004618076182965e-06,6.7004618076182965e-06
643584848,0.6506995048782893,0.0880794517129365,1.113123893737793,1.5151976346969604,0.9361194372177124,1045,0.6506995838038363,0.08807944265046393,1.113124132156372,1.5151976346969604,0.9361193180084229,1045,7.892554698685217e-08,7.892554698685217e-06,7.892554698685217e-06
643618182,0.7060733821652003,0.9552853504080324,1.1074775457382202,0.4597906768321991,-0.1326880604028701,1046,0.7060734551302829,0.9552851888709954,1.1074774265289307,0.45979031920433044,-0.1326884627342224,1046,7.296508253151757e-08,7.296508253151757e-06,7.296508253151757e-06
643651516,0.7737452473900386,0.8355403667587611,1.3534373044967651,0.8259164690971375,-1.3857884407043457,1047,0.7737453084341922,0.8355403306328542,1.353437066078186,0.8259164690971375,-1.385789155960083,1047,6.104415362084836e-08,6.104415362084836e-06,6.104415362084836e-06
643684850,0.8260600760077423,0.8260600760077423,1.444969892501831,0.6741861701011658,-1.3016583919525146,1048,0.8260601217723893,0.8260601217723893,1.4449700117111206,0.6741867065429688,-1.3016585111618042,1048,4.5764646960932964e-08,4.5764646960932964e-06,4.5764646960932964e-06
643718184,0.8736177915826426,0.8199868641816195,1.4267314672470093,0.4458407759666443,-0.947662889957428,1049,0.8736178333736466,0.8199868808160551,1.4267313480377197,0.4458409249782562,-0.9476629495620728,1049,4.1791003990709896e-08,4.17910039907099e-06,4.17910039907099e-06
643751518,0.9188113842899588,0.79058923055275,1.3558077812194824,0.2482954263687133,-0.9523946642875672,1050,0.9188114181336767,0.790589323020225,1.3558075428009033,0.24829614162445068,-0.9523951411247253,1050,3.384371793924146e-08,3.3843717939241458e-06,3.3843717939241458e-06
643784852,0.9618216151490794,0.7789785821453197,1.2903069257736206,0.1287608593702316,-0.6993427872657776,1051,0.9618216450191545,0.7789786389469798,1.290306806564331,0.1287611722946167,-0.6993430852890015,1051,2.987007508004069e-08,2.9870075080040692e-06,2.9870075080040692e-06
643818186,0.0049893334006256,0.9669716115496187,1.2950315475463867,0.5235246419906616,-0.1102306172251701,1052,0.004989363270700764,0.9669715398611816,1.2950315475463867,0.5235244631767273,-0.11023082584142685,1052,2.9870075191062995e-08,2.9870075191062995e-06,2.9870075191062995e-06
643851520,0.0590444758032746,0.1566178547377218,1.0811028480529783,0.4176646173000335,0.6282176971435547,1053,0.059044517594278645,0.15661785652126523,1.0811030864715576,0.4176645278930664,0.6282175779342651,1053,4.1791003990709896e-08,4.17910039907099e-06,4.17910039907099e-06
643884854,0.1091253175829834,0.1625200445491994,1.0016168355941772,0.7823546528816223,1.2770477533340454,1054,0.109125365334452,0.1625200889755981,1.0016169548034668,0.7823542356491089,1.277047872543335,1054,4.77514685570668e-08,4.77514685570668e-06,4.77514685570668e-06
643918188,0.1584738738822272,0.1584738738822272,0.994612455368042,1.1922955513000488,1.8395283222198489,1055,0.15847385249720675,0.15847385249720675,0.9946129322052002,1.1922956705093384,1.83952796459198,1055,-2.1385020421149648e-08,-2.1385020421149648e-06,2.1385020421149648e-06
643951522,0.1656050373600549,0.1656050373600549,0.9956790208816528,1.1970953941345217,2.041853904724121,1056,0.1656050304449957,0.16560503044499564,0.9956789016723633,1.197095513343811,2.041853904724121,1056,-6.915059191925366e-09,-6.915059191925366e-07,6.915059191925366e-07
643984856,0.1854105940510822,0.1854105940510823,0.9805077314376832,0.977758288383484,2.275554656982422,1057,0.18541061417585242,0.1854106141758524,0.9805077314376831,0.9777580499649048,2.275554895401001,1057,2.0124770183649332e-08,2.012477018364933e-06,2.012477018364933e-06
644018190,0.2073552791463161,0.2073552791463161,0.912808895111084,0.6536636352539062,2.3808836936950684,1058,0.20735525023298323,0.20735525023298326,0.9128086566925049,0.653664231300354,2.3808841705322266,1058,-2.8913332839053396e-08,-2.8913332839053396e-06,2.8913332839053396e-06
644051524,0.2244964650078623,0.2244964650078623,0.8643550872802734,0.371144026517868,2.2962677478790283,1059,0.2244964532762665,0.2244964532762665,0.864355206489563,0.3711443543434143,2.2962687015533447,1059,-1.1731595805919426e-08,-1.1731595805919426e-06,1.1731595805919426e-06
644084858,0.2604418447419016,0.1734683399771065,1.0783613920211792,1.0930360555648804,2.095111846923828,1060,0.2604418250630198,0.1734683164589593,1.0783611536026,1.0930355787277222,2.0951101779937744,1060,-1.9678881746365562e-08,-1.967888174636556e-06,1.967888174636556e-06
644118192,0.3000247807109364,0.115559499523019,1.187488079071045,1.655361533164978,1.4697721004486084,1061,0.30002476103205467,0.11555948886072039,1.187488079071045,1.6553618907928467,1.469772219657898,1061,-1.9678881746365562e-08,-1.967888174636556e-06,1.967888174636556e-06
644151526,0.3393314173622935,0.1227718763119579,1.1791990995407104,1.7953851222991943,1.7458062171936035,1062,0.33933138576248273,0.12277188792527627,1.1791987419128418,1.795385718345642,1.7458070516586304,1062,-3.159981076805707e-08,-3.159981076805707e-06,3.159981076805707e-06
644184860,0.3788134506150095,0.1294282139265527,1.184460997581482,1.455808401107788,1.5391597747802734,1063,0.37881341901519877,0.12942820126660914,1.184460997581482,1.4558085203170776,1.5391596555709839,1063,-3.159981071254592e-08,-3.1599810712545917e-06,3.1599810712545917e-06
644218194,0.4208770881895233,0.1383008257428511,1.2619091272354126,1.317345380783081,1.5582220554351809,1064,0.4208770605633555,0.13830079353198158,1.2619092464447021,1.3173456192016602,1.558221697807312,1064,-2.7626167797834e-08,-2.7626167797834e-06,2.7626167797834e-06
644251528,0.4590277285182484,0.1310658052017954,1.1445192098617554,1.2874040603637695,1.389476299285889,1065,0.4590277167866526,0.13106581881674817,1.1445196866989136,1.2874040603637695,1.3894765377044678,1065,-1.1731595805919426e-08,-1.1731595805919426e-06,1.1731595805919426e-06
644284862,0.4926493218346445,0.1496617794646484,1.0086477994918823,1.1245598793029783,1.5409269332885742,1066,0.49264931805033463,0.14966176708934212,1.0086480379104614,1.1245602369308472,1.5409271717071533,1066,-3.78430986547329e-09,-3.78430986547329e-07,3.78430986547329e-07
644318196,0.5226502786878754,0.1494518234057492,0.9000287055969238,1.0170559883117676,1.389765977859497,1067,0.5226502868244943,0.1494518021495503,0.9000290632247925,1.0170557498931885,1.3897652626037598,1067,8.136618934173612e-09,8.136618934173612e-07,8.136618934173612e-07
644351530,0.55434302596291,0.147406684565871,0.9507824182510376,1.0240763425827026,1.3622773885726929,1068,0.5543430301258859,0.14740665787020202,0.950782299041748,1.0240767002105713,1.3622773885726929,1068,4.162975963950544e-09,4.1629759639505437e-07,4.1629759639505437e-07
644384864,0.5875483324929087,0.1362834841520318,0.9961591958999634,1.146036148071289,1.3212511539459229,1069,0.5875483406295277,0.13628346174197645,0.9961593151092529,1.1460362672805786,1.3212509155273438,1069,8.136618934173612e-09,8.136618934173612e-07,8.136618934173612e-07
644418198,0.6230598222021271,0.1144989757976879,1.0653446912765503,1.3787012100219729,1.207796335220337,1070,0.623059826365103,0.11449899233483737,1.0653445720672607,1.3787013292312622,1.2077966928482056,1070,4.162975963950544e-09,4.1629759639505437e-07,4.1629759639505437e-07
644451532,0.6785387645963836,0.1017518902886032,1.1095788478851318,1.4585075378417969,1.0843955278396606,1071,0.6785387747198242,0.1017518945862673,1.1095789670944214,1.458507776260376,1.0843957662582397,1071,1.0123440530307448e-08,1.0123440530307448e-06,1.0123440530307448e-06
644484866,0.7361445616487671,0.0858071144407054,1.1521159410476685,1.440815806388855,0.8619881272315979,1072,0.7361445777326721,0.0858071047434757,1.152116060256958,1.440815806388855,0.8619880080223083,1072,1.608390498564205e-08,1.608390498564205e-06,1.608390498564205e-06
644518200,0.79121039021055,0.8503669010147732,1.1013165712356567,0.4134578704833984,-0.566325843334198,1073,0.7912104003339904,0.8503669228682612,1.1013164520263672,0.413457989692688,-0.566325843334198,1073,1.0123440419285146e-08,1.0123440419285146e-06,1.0123440419285146e-06
644551534,0.8132735450889652,0.8132735450889652,1.3544212579727173,0.6741502285003662,-1.6054279804229736,1074,0.8132735284103576,0.8132735284103576,1.3544214963912964,0.6741499304771423,-1.6054277420043945,1074,-1.6678607606124274e-08,-1.6678607606124274e-06,1.6678607606124274e-06
644584868,0.8624774018750573,0.8090023501054201,1.4761157035827637,0.7597854137420654,-1.9547094106674197,1075,0.8624773891700928,0.8090023627537267,1.4761158227920532,0.7597855925559998,-1.9547094106674194,1075,-1.2704964524878903e-08,-1.2704964524878903e-06,1.2704964524878903e-06
644618202,0.9107305606033388,0.7821235793445479,1.4475947618484497,0.2656833231449127,-1.2983932495117188,1076,0.9107305637929464,0.7821235548003985,1.447595238685608,0.265683114528656,-1.2983932495117188,1076,3.1896075780579736e-09,3.1896075780579736e-07,3.1896075780579736e-07
644651536,0.956850568436184,0.793917534201402,1.3836002349853516,0.3009303510189056,-1.0627351999282837,1077,0.9568505755994344,0.7939175408207129,1.3836003541946411,0.3009305000305176,-1.0627355575561523,1077,7.163250437258739e-09,7.163250437258739e-07,7.163250437258739e-07
644684870,0.0014081319000307,0.8236562608561915,1.3367269039154053,0.4563376605510711,-0.914621889591217,1078,0.0014081430369241588,0.8236562027240617,1.3367270231246948,0.45633724331855774,-0.914621889591217,1078,1.1136893407481807e-08,1.1136893407481807e-06,1.1136893407481807e-06
644718204,0.0455309669003867,0.9383977798624074,1.3236850500106812,0.8677409887313843,-0.3537087142467499,1079,0.0455309780372802,0.9383977902547391,1.3236850500106812,0.867740273475647,-0.3537083566188812,1079,1.113689351850411e-08,1.113689351850411e-06,1.113689351850411e-06
644751538,0.1017392972932243,0.1573294240250082,1.1241666078567505,0.4764359891414642,0.7236132025718689,1080,0.10173932035104669,0.15732936670917652,1.1241668462753296,0.476436048746109,0.7236127257347107,1080,2.3057822429173314e-08,2.3057822429173314e-06,2.3057822429173314e-06
644784872,0.1510570386872672,0.1703084149271964,0.9863548278808594,0.7608147859573364,1.3902919292449951,1081,0.15105706174508965,0.17030840343342166,0.9863548278808594,0.7608147859573364,1.390291690826416,1081,2.3057822429173314e-08,2.3057822429173314e-06,2.3057822429173314e-06
644818206,0.1603886391547938,0.1603886391547938,0.9823329448699952,1.153010368347168,1.826697945594788,1082,0.16038862703946472,0.1603886270394647,0.9823329448699951,1.1530104875564575,1.826697826385498,1082,-1.2115329073303371e-08,-1.2115329073303371e-06,1.2115329073303371e-06
644851540,0.1675069094188003,0.1675069094188002,0.9913842678070068,1.169623851776123,2.0507757663726807,1083,0.16750689349330922,0.1675068934933092,0.9913839101791382,1.169623851776123,2.0507752895355225,1083,-1.592549109252772e-08,-1.5925491092527722e-06,1.5925491092527722e-06
644884874,0.1880195378841168,0.1880195378841169,0.939180850982666,0.963189959526062,2.346986770629883,1084,0.18801953540432675,0.1880195354043268,0.939180850982666,0.9631901979446411,2.346987247467041,1084,-2.4797900399775585e-09,-2.4797900399775585e-07,2.4797900399775585e-07
644918208,0.2083252319991283,0.2083252319991283,0.9022561311721802,0.6552992463111877,2.4451122283935547,1085,0.2083251813227997,0.20832518132279965,0.9022560119628906,0.6553000807762146,2.4451122283935547,1085,-5.0676328577914376e-08,-5.0676328577914376e-06,5.0676328577914376e-06
644951542,0.2174301687189181,0.2174301687189181,0.8921805620193481,0.4915119707584381,2.3681883811950684,1086,0.21743018857267066,0.21743018857267066,0.8921805024147034,0.49151161313056946,2.3681881427764893,1086,1.985375253088506e-08,1.985375253088506e-06,1.985375253088506e-06
644984876,0.2522994740116835,0.1649868233049098,1.046079158782959,1.2438818216323853,2.1028919219970703,1087,0.25229949783907896,0.16498682085840605,1.0460792779922485,1.2438815832138062,2.102891445159912,1087,2.3827395390085826e-08,2.3827395390085826e-06,2.3827395390085826e-06
645018210,0.2898193382529657,0.1349650147438443,1.1255959272384644,1.860464692115784,2.109348058700561,1088,0.2898193660540041,0.1349650325921867,1.125596046447754,1.8604646921157837,2.1093485355377197,1088,2.7801038360308894e-08,2.7801038360308894e-06,2.7801038360308894e-06
645051544,0.3288264178542535,0.0703753813107607,1.1702123880386353,1.9608030319213867,0.9283389449119568,1089,0.32882642976072,0.07037543580100308,1.170211911201477,1.9608025550842285,0.9283395409584045,1089,1.1906466479416622e-08,1.1906466479416622e-06,1.1906466479416622e-06
645084878,0.3697023851979018,0.0932877699003926,1.2262790203094482,1.6648244857788086,1.1054198741912842,1090,0.3697024090252973,0.09328778571887367,1.226279377937317,1.6648244857788086,1.1054201126098633,1090,2.382739550110813e-08,2.382739550110813e-06,2.382739550110813e-06
645118212,0.4127607567417861,0.0990395978611841,1.2917511463165283,1.5222890377044678,1.0920337438583374,1091,0.41276078056918153,0.09903955439181863,1.2917511463165283,1.5222889184951782,1.0920330286026,1091,2.3827395390085826e-08,2.3827395390085826e-06,2.3827395390085826e-06
645151546,0.4525704883841913,0.0959129430110603,1.1942919492721558,1.442284345626831,0.9923171401023864,1092,0.4525705241325157,0.09591291008338815,1.1942923069000244,1.4422844648361206,0.9923167824745178,1092,3.574832441177733e-08,3.5748324411777332e-06,3.5748324411777332e-06
645184880,0.4885417007712762,0.1160052866140249,1.0791363716125488,1.144159197807312,1.0216282606124878,1093,0.48854173651960064,0.11600527343545929,1.0791363716125488,1.1441587209701538,1.02162766456604,1093,3.5748324522799635e-08,3.5748324522799635e-06,3.5748324522799635e-06
645218214,0.5216217103906712,0.133016874595443,0.992400288581848,1.0139329433441162,1.121593713760376,1094,0.5216217540862815,0.13301684756322854,0.9924005270004272,1.0139331817626953,1.1215935945510864,1094,4.369561035222347e-08,4.369561035222347e-06,4.369561035222347e-06
645251548,0.5548301560986282,0.1381743641978026,0.9962533712387084,1.1110856533050537,1.312131643295288,1095,0.5548301997942385,0.13817437716928047,0.9962533712387085,1.1110857725143433,1.3121320009231567,1095,4.369561035222347e-08,4.369561035222347e-06,4.369561035222347e-06
645284882,0.5891051434783381,0.1309496413647247,1.0282496213912964,1.1931579113006592,1.2858740091323853,1096,0.5891051792266624,0.13094961022266424,1.0282493829727173,1.1931582689285278,1.2858738899230957,1096,3.574832430075503e-08,3.574832430075503e-06,3.574832430075503e-06
645318216,0.6257512751527867,0.1140506184905608,1.0993839502334597,1.325693130493164,1.1547746658325195,1097,0.625751306927468,0.11405064185326018,1.09938383102417,1.3256930112838745,1.1547749042510986,1097,3.177468133053196e-08,3.177468133053196e-06,3.177468133053196e-06
645351550,0.6815664413877568,0.0884034255328833,1.116303324699402,1.5015835762023926,0.931937038898468,1098,0.6815664672019737,0.0884034313533059,1.1163032054901123,1.5015839338302612,0.9319373369216919,1098,2.581421687519736e-08,2.581421687519736e-06,2.581421687519736e-06
645384884,0.7388943615861974,0.0691056154788955,1.146558403968811,1.4544329643249512,0.6744472980499268,1099,0.7388943874004142,0.06910562660455012,1.146558403968811,1.4544330835342407,0.6744474768638611,1099,2.581421687519736e-08,2.581421687519736e-06,2.581421687519736e-06
645418218,0.7938816431470952,0.8834273936008396,1.0997456312179563,0.5758566856384277,-0.5178877711296082,1100,0.7938816689613121,0.8834274400546858,1.0997456312179565,0.575856626033783,-0.5178874135017395,1100,2.581421687519736e-08,2.581421687519736e-06,2.581421687519736e-06
645451552,0.8294625038092402,0.8294625038092402,1.4126378297805786,1.0913032293319702,-2.001051425933838,1101,0.8294625091279784,0.8294625091279784,1.412637710571289,1.0913037061691284,-2.001052141189575,1101,5.318738116599775e-09,5.318738116599775e-07,5.318738116599775e-07
645484886,0.8804150853738256,0.8054976015915893,1.528577446937561,0.6069977283477783,-1.669603943824768,1102,0.8804150827452778,0.8054976038711488,1.528577208518982,0.6069976687431335,-1.669603705406189,1102,-2.628547823846361e-09,-2.628547823846361e-07,2.628547823846361e-07
645518220,0.9284317487662104,0.8015511224479486,1.4404999017715454,0.4406956434249878,-1.3126522302627563,1103,0.9284317381903767,0.8015511180869493,1.4404996633529663,0.4406956434249878,-1.312652349472046,1103,-1.0575833653270195e-08,-1.0575833653270195e-06,1.0575833653270195e-06
645551554,0.9755299323981076,0.7801615469021168,1.4129455089569092,0.2231614291667938,-1.1634360551834106,1104,0.9755299218222737,0.7801615254106443,1.4129455089569092,0.2231612205505371,-1.1634358167648315,1104,-1.05758338753148e-08,-1.05758338753148e-06,1.05758338753148e-06
645584888,0.0203679714784092,0.8298931116486523,1.3451411724090576,0.4390138983726501,-0.7998352646827698,1105,0.020367968849861695,0.8298930696403304,1.3451414108276367,0.43901336193084717,-0.7998347878456116,1105,-2.6285474907794537e-09,-2.6285474907794537e-07,2.6285474907794537e-07
645618222,0.0640364283507135,0.9667765928931672,1.3100537061691284,0.7259140014648438,-0.1537738293409347,1106,0.06403642174852299,0.9667766049227786,1.3100535869598389,0.7259140610694885,-0.15377378463745117,1106,-6.602190516513673e-09,-6.602190516513673e-07,6.602190516513673e-07
645651556,0.1169389122908381,0.2075392194796429,1.0580496788024902,0.2445115447044372,0.8946498036384583,1107,0.11693890568864751,0.20753917146424075,1.0580496788024902,0.24451175332069397,0.8946495056152344,1107,-6.602190572024824e-09,-6.602190572024824e-07,6.602190572024824e-07
645684890,0.1451623378073612,0.1451623378073612,1.0083414316177368,1.340648174285889,1.7319982051849363,1108,0.14516235615083906,0.14516235615083906,1.0083415508270264,1.340647578239441,1.7319978475570679,1108,1.834347784779311e-08,1.834347784779311e-06,1.834347784779311e-06
645718224,0.1556902062422847,0.1556902062422847,0.9913978576660156,1.3880293369293213,2.061598300933838,1109,0.15569016824776083,0.15569016824776083,0.9913979768753052,1.3880300521850586,2.061598300933838,1109,-3.7994523860440665e-08,-3.7994523860440665e-06,3.7994523860440665e-06
645751558,0.1688486951334394,0.1688486951334395,0.9893488883972168,1.241018772125244,2.2192254066467285,1110,0.16884874226444546,0.1688487422644454,0.9893488883972168,1.2410181760787964,2.2192258834838867,1110,4.7131006097878014e-08,4.7131006097878014e-06,4.7131006097878014e-06
645784892,0.1910905194659132,0.1910905194659133,0.9717936515808104,0.95726215839386,2.46702241897583,1111,0.19109052984035635,0.1910905298403564,0.9717936515808105,0.9572621583938599,2.4670228958129883,1111,1.0374443082383777e-08,1.0374443082383777e-06,1.0374443082383777e-06
645818226,0.1971287707065245,0.1971287707065245,0.8944233655929565,0.9061706066131592,2.626699209213257,1112,0.19712875779688188,0.19712875779688185,0.8944233059883118,0.9061708450317383,2.626699209213257,1112,-1.2909642577163538e-08,-1.2909642577163538e-06,1.2909642577163538e-06
645851560,0.2275079230044982,0.2024813301924667,0.911374568939209,0.7683957815170288,2.4966673851013184,1113,0.2275079140684985,0.20248131630906535,0.9113746881484985,0.7683960199356079,2.4966673851013184,1113,-8.935999717962773e-09,-8.935999717962773e-07,8.935999717962773e-07
645884894,0.2651996075684529,0.1555373416684762,1.13075053691864,1.618907451629639,2.399536609649658,1114,0.2651996145270251,0.15553734003134662,1.1307510137557983,1.6189078092575073,2.3995370864868164,1114,6.9585721629294994e-09,6.958572162929499e-07,6.958572162929499e-07
645918228,0.3056780397469502,0.1187939305375682,1.2143529653549194,2.0549018383026123,1.9005838632583616,1115,0.30567804670552245,0.11879395541818198,1.2143529653549194,2.0549018383026123,1.9005844593048096,1115,6.958572273951802e-09,6.958572273951802e-07,6.958572273951802e-07
645951562,0.3450880427732767,0.1030321867339662,1.182300090789795,2.008556365966797,1.5185956954956057,1116,0.3450880497318489,0.10303221663963744,1.182300090789795,2.008556842803955,1.5185966491699219,1116,6.9585721629294994e-09,6.958572162929499e-07,6.958572162929499e-07
645984896,0.3874659835869771,0.0999951433038905,1.2713382244110107,1.918500304222107,1.393782615661621,1117,0.38746597067733435,0.09999510922403845,1.271337628364563,1.9185014963150024,1.3937828540802002,1117,-1.2909642743696992e-08,-1.2909642743696992e-06,1.2909642743696992e-06
646018230,0.4304937898690206,0.1194254490255258,1.2908341884613037,1.6872787475585938,1.5730364322662354,1118,0.4304937809330208,0.11942550520448342,1.2908343076705933,1.6872793436050415,1.573038101196289,1118,-8.935999773473924e-09,-8.935999773473924e-07,8.935999773473924e-07
646051564,0.4705707251603109,0.115533460000352,1.2023080587387085,1.5996160507202148,1.4198085069656372,1119,0.47057070827702513,0.11553344673190012,1.2023078203201294,1.5996160507202148,1.419808268547058,1119,-1.688328576943121e-08,-1.6883285769431211e-06,1.6883285769431211e-06
646084898,0.5046015361522339,0.1483444502966382,1.0209243297576904,1.2688355445861816,1.708737850189209,1120,0.5046015192689481,0.1483444572406027,1.0209243297576904,1.2688357830047607,1.7087383270263672,1120,-1.688328576943121e-08,-1.6883285769431211e-06,1.6883285769431211e-06
646118232,0.5369962751442892,0.1614059250262031,0.9718421697616576,1.0721299648284912,1.7228598594665527,1121,0.5369962622346464,0.16140592608286303,0.9718422889709473,1.072129726409912,1.722859501838684,1121,-1.2909642799208143e-08,-1.2909642799208143e-06,1.2909642799208143e-06
646151566,0.5701801478440267,0.1559358961739205,0.9955161809921264,1.2062532901763916,1.797595500946045,1122,0.5701801349343839,0.15593587932027955,0.9955161809921265,1.2062538862228394,1.7975959777832031,1122,-1.2909642799208143e-08,-1.2909642799208143e-06,1.2909642799208143e-06
646184900,0.6046117523883484,0.1501955781917957,1.0329481363296509,1.259721755981445,1.7383464574813845,1123,0.6046117355050626,0.15019558534801578,1.0329480171203613,1.2597216367721558,1.7383464574813843,1123,-1.688328576943121e-08,-1.6883285769431211e-06,1.6883285769431211e-06
646218234,0.641496461587618,0.1283947090133333,1.1065412759780884,1.5278902053833008,1.594499588012695,1124,0.6414964367570463,0.12839470875419973,1.1065410375595093,1.5278903245925903,1.5944997072219849,1124,-2.4830571709877347e-08,-2.4830571709877347e-06,2.4830571709877347e-06
646251568,0.6998028039509755,0.1087108367778216,1.1661268472671509,1.818647146224976,1.4798675775527954,1125,0.6998027791204038,0.10871085006938475,1.1661268472671509,1.818647861480713,1.4798684120178223,1125,-2.4830571709877347e-08,-2.4830571709877347e-06,2.4830571709877347e-06
646284902,0.757397967534731,0.1109355645785913,1.15190327167511,1.5829412937164309,1.3252729177474976,1126,0.7573979427041593,0.11093556572561566,1.1519032716751099,1.5829414129257202,1.325273036956787,1126,-2.4830571709877347e-08,-2.4830571709877347e-06,2.4830571709877347e-06
646318236,0.8127188384110432,0.9610977290223346,1.1064174175262451,0.4741018712520599,-0.1182492151856422,1127,0.8127188135804715,0.9610978396255343,1.1064174175262451,0.4741022288799286,-0.11824895441532135,1127,-2.4830571709877347e-08,-2.4830571709877347e-06,2.4830571709877347e-06
646351570,0.8414244247732365,0.8414244247732365,1.3878756761550903,1.1125606298446655,-1.7189152240753174,1128,0.8414244224824295,0.8414244224824295,1.3878755569458008,1.112560749053955,-1.7189154624938965,1128,-2.2908069885474447e-09,-2.2908069885474447e-07,2.2908069885474447e-07
646384904,0.8900545987742945,0.8308476862005123,1.4589052200317385,0.710196852684021,-1.2757011651992798,1129,0.8900545925098445,0.8308476767785189,1.4589051008224487,0.7101965546607971,-1.2757008075714111,1129,-6.264449958770513e-09,-6.264449958770513e-07,6.264449958770513e-07
646418238,0.937787671214124,0.833166933162306,1.4319921731948853,0.5483648777008057,-0.9520933032035828,1130,0.9377876609760311,0.8331669156883819,1.4319920539855957,0.5483651161193848,-0.9520939588546753,1130,-1.023809292899358e-08,-1.023809292899358e-06,1.023809292899358e-06
646451572,0.982890231734296,0.8167776735523679,1.3530768156051636,0.3629741668701172,-0.8137254118919373,1131,0.9828902214962032,0.8167777707851207,1.3530768156051636,0.36297476291656494,-0.8137254118919373,1131,-1.0238092817971278e-08,-1.0238092817971278e-06,1.0238092817971278e-06
646484906,0.0272417856512272,0.8966675942040604,1.3305466175079346,0.6442829966545105,-0.4890314936637878,1132,0.027241763492205306,0.8966676137314536,1.330546259880066,0.6442835927009583,-0.4890318214893341,1132,-2.2159021895173936e-08,-2.2159021895173936e-06,2.2159021895173936e-06
646518240,0.0499478346953463,0.0499478346953464,1.183701992034912,0.7670471668243408,0.2489508092403412,1133,0.0499479669978542,0.04994796699785425,1.1837021112442017,0.767047107219696,0.2489514946937561,1133,1.3230250794915577e-07,1.3230250794915577e-05,1.3230250794915577e-05
646551574,0.097921425784595,0.1788453785409411,0.9594718217849731,0.6651360392570496,1.387272596359253,1134,0.0979215461661739,0.1788453736662728,0.959471583366394,0.66513592004776,1.3872722387313843,1134,1.2038157892746426e-07,1.2038157892746426e-05,1.2038157892746426e-05
646584908,0.1459445721755099,0.1601496678690036,0.9604629278182985,1.2808377742767334,2.0224788188934326,1135,0.14594467467569538,0.1601496495673983,0.9604625701904297,1.2808382511138916,2.0224790573120117,1135,1.0250018545043815e-07,1.0250018545043815e-05,1.0250018545043815e-05
646618242,0.1632351044161564,0.1632351044161564,0.9732367992401124,1.3882930278778076,2.289154529571533,1136,0.16323506547903643,0.1632350654790365,0.9732369184494019,1.3882935047149658,2.289154052734375,1136,-3.8937119972715095e-08,-3.8937119972715095e-06,3.8937119972715095e-06
646651576,0.1740041340078105,0.1740041340078106,1.0001310110092163,1.2787026166915894,2.471245527267456,1137,0.17400412189582415,0.17400412189582415,1.0001311302185059,1.2787028551101685,2.471245527267456,1137,-1.2111986358309679e-08,-1.2111986358309679e-06,1.2111986358309679e-06
646684910,0.1955318843794523,0.1955318843794523,0.9311634302139282,0.9247422814369202,2.59575629234314,1138,0.19553187465049426,0.19553187465049426,0.9311632513999939,0.9247424602508545,2.5957562923431396,1138,-9.72895802808793e-09,-9.72895802808793e-07,9.72895802808793e-07
646718244,0.2118694059115879,0.211869405911588,0.8535033464431763,0.6393362879753113,2.617299318313598,1139,0.21186941283073202,0.21186941283073207,0.8535032272338867,0.639336109161377,2.6172990798950195,1139,6.9191441465221715e-09,6.919144146522171e-07,6.919144146522171e-07
646751578,0.2406536968610915,0.2080794687453573,0.8635287284851074,0.6331117153167725,2.3478188514709477,1140,0.24065369384612814,0.2080794496161012,0.8635284304618835,0.6331119537353516,2.347818613052368,1140,-3.014963390057801e-09,-3.014963390057801e-07,3.014963390057801e-07
646784912,0.2769975376190973,0.1521198976754467,1.0903152227401731,1.755510687828064,2.485201358795166,1141,0.2769975385777769,0.15211992402889982,1.090315341949463,1.7555097341537476,2.485200881958008,1141,9.58679580165267e-10,9.58679580165267e-08,9.58679580165267e-08
646818246,0.316093555297676,0.124747123427043,1.1728805303573608,2.0435433387756348,2.037059783935547,1142,0.31609354830906966,0.12474710479955425,1.1728802919387817,2.0435433387756348,2.0370593070983887,1142,-6.988606360280869e-09,-6.988606360280869e-07,6.988606360280869e-07
646851580,0.3549800984126561,0.1301333247670964,1.166596293449402,1.9853742122650144,2.1177611351013184,1143,0.35498008347676374,0.13013336291263286,1.1665960550308228,1.9853732585906982,2.1177611351013184,1143,-1.4935892356238156e-08,-1.4935892356238156e-06,1.4935892356238156e-06
646884914,0.3966964793267084,0.134814893079689,1.2514914274215698,1.658433198928833,1.876718521118164,1144,0.3966964604171731,0.13481489941658087,1.2514913082122803,1.658432960510254,1.8767184019088745,1144,-1.8909535270950073e-08,-1.8909535270950073e-06,1.8909535270950073e-06
646918248,0.4374512585065994,0.1475815411298523,1.2226433753967283,1.4747047424316406,1.9662195444107056,1145,0.4374512356234211,0.14758149172510904,1.222643256187439,1.4747049808502197,1.9662185907363892,1145,-2.2883178296684292e-08,-2.2883178296684292e-06,2.2883178296684292e-06
646951582,0.4729325048190587,0.1458001121639862,1.0644373893737793,1.468347191810608,1.9127604961395264,1146,0.4729324779622374,0.1458001073729222,1.0644372701644897,1.468347191810608,1.9127603769302368,1146,-2.685682126690736e-08,-2.685682126690736e-06,2.685682126690736e-06
646984916,0.503775099124733,0.1626378112194633,0.925277829170227,1.1042596101760864,1.805495262145996,1147,0.5037750762415546,0.1626378158968224,0.9252779483795166,1.1042596101760864,1.8054953813552856,1147,-2.2883178352195443e-08,-2.2883178352195443e-06,2.2883178352195443e-06
647018250,0.5328463188868993,0.164183163738696,0.8721365928649902,1.061583161354065,1.774193525314331,1148,0.532846288056435,0.16418319678559198,0.8721363544464111,1.0615828037261963,1.7741937637329102,1148,-3.083046429264158e-08,-3.083046429264158e-06,3.083046429264158e-06
647051584,0.5636256925326817,0.1590131800773631,0.923381209373474,1.1079115867614746,1.7220942974090576,1149,0.5636256696495034,0.1590132045437201,0.9233814477920532,1.1079107522964478,1.7220935821533203,1149,-2.288317824117314e-08,-2.288317824117314e-06,2.288317824117314e-06
647084918,0.5969272804322077,0.1422395238051141,0.9990476369857788,1.300292730331421,1.617598056793213,1150,0.5969272456281004,0.14223955230527066,0.9990472793579102,1.3002922534942627,1.617598056793213,1150,-3.480410726286465e-08,-3.4804107262864648e-06,3.4804107262864648e-06
647118252,0.6326792748830947,0.1216605271258337,1.072559833526611,1.6299402713775637,1.5629358291625977,1151,0.6326792400789875,0.12166053244220117,1.0725598335266113,1.6299399137496948,1.5629355907440186,1151,-3.480410726286465e-08,-3.4804107262864648e-06,3.4804107262864648e-06
647151586,0.6882067473791275,0.111281986613539,1.1105494499206543,1.7553365230560305,1.47611665725708,1152,0.6882067066145557,0.111281992944861,1.1105493307113647,1.7553365230560303,1.4761167764663696,1152,-4.076457171819925e-08,-4.076457171819925e-06,4.076457171819925e-06
647184920,0.743178972806755,0.1245494720509167,1.0994445085525513,1.389073610305786,1.3812315464019775,1153,0.7431789320421833,0.12454945839257511,1.0994445085525513,1.3890738487243652,1.3812315464019775,1153,-4.076457171819925e-08,-4.076457171819925e-06,4.076457171819925e-06
647218254,0.8050928564928207,0.8343021759186074,1.2382776737213137,0.8282864093780518,-1.4146758317947388,1154,0.805092815728249,0.8343021964884993,1.2382776737213135,0.8282874226570129,-1.4146771430969238,1154,-4.076457171819925e-08,-4.076457171819925e-06,4.076457171819925e-06
647251588,0.8429953377331207,0.8429953377331207,1.3830722570419312,1.179112195968628,-1.7829095125198364,1155,0.8429953354624384,0.8429953354624384,1.3830723762512207,1.1791125535964966,-1.7829101085662842,1155,-2.270682308846972e-09,-2.2706823088469719e-07,2.2706823088469719e-07
647284922,0.8872998635853241,0.8289231643539485,1.329135775566101,0.895311176776886,-1.6549913883209229,1156,0.8872998613146418,0.828923202808726,1.329135775566101,0.8953119516372681,-1.654991865158081,1156,-2.270682308846972e-09,-2.2706823088469719e-07,2.2706823088469719e-07
647318256,0.9362040242438424,0.8477035175821481,1.4671248197555542,0.6602667570114136,-0.9369155764579772,1157,0.9362040140258743,0.8477035052768733,1.467124581336975,0.6602668166160583,-0.9369158148765564,1157,-1.0217968138270805e-08,-1.0217968138270805e-06,1.0217968138270805e-06
647351590,0.9812023441875884,0.8312010740631067,1.349949598312378,0.4538589417934418,-0.8110081553459167,1158,0.9812023458905491,0.8312010170220688,1.3499499559402466,0.45385822653770447,-0.811007559299469,1158,1.7029606613760961e-09,1.7029606613760961e-07,1.7029606613760961e-07
647384924,0.0243487637127348,0.9158533131834516,1.2943925857543943,0.8525115251541138,-0.4980239570140838,1159,0.024348769389338498,0.9158533180300078,1.294392704963684,0.8525115847587585,-0.49802395701408386,1159,5.676603742621467e-09,5.676603742621467e-07,5.676603742621467e-07
647418258,0.0624324441835193,0.0293976680409765,1.1425104141235352,1.0746393203735352,0.2007863968610763,1160,0.06243244588648002,0.029397657401313,1.1425102949142456,1.0746395587921143,0.20078636705875397,1160,1.7029606613760961e-09,1.7029606613760961e-07,1.7029606613760961e-07
647451592,0.1070618391916065,0.2051998678057106,0.8925879001617432,0.4385759830474853,1.5166951417922974,1161,0.1070618349341027,0.20519983164410932,0.8925877809524536,0.43857645988464355,1.516695499420166,1161,-4.257503793958506e-09,-4.257503793958506e-07,4.257503793958506e-07
647484926,0.1507851839944629,0.1808643779149002,0.8744668960571289,0.970233678817749,2.0912575721740723,1162,0.15078517377649467,0.18086438430378604,0.8744667768478394,0.9702337980270386,2.0912580490112305,1162,-1.0217968249293108e-08,-1.0217968249293108e-06,1.0217968249293108e-06
647518260,0.1824015035661371,0.1824015035661371,0.9061495065689088,1.0839273929595947,2.396677255630493,1163,0.1824015135728598,0.1824015135728598,0.9061495065689087,1.0839277505874634,2.3966784477233887,1163,1.0006722672706303e-08,1.0006722672706303e-06,1.0006722672706303e-06
647551594,0.1980150242879423,0.1980150242879423,0.9294949769973756,0.8748634457588196,2.582506895065308,1164,0.19801501110729844,0.19801501110729847,0.9294948577880859,0.8748636841773987,2.5825068950653076,1164,-1.3180643854138197e-08,-1.3180643854138197e-06,1.3180643854138197e-06
647584928,0.2209755807346111,0.2209755807346111,0.8948721885681152,0.4877336919307709,2.6447653770446777,1165,0.22097555207357286,0.22097555207357286,0.8948718905448914,0.48773422837257385,2.644765615463257,1165,-2.8661038209421008e-08,-2.866103820942101e-06,2.866103820942101e-06
647618262,0.2345219728949174,0.2345219728949174,0.7923123836517334,0.2568428814411163,2.632690906524658,1166,0.23452201433397066,0.23452201433397066,0.7923122644424438,0.25684216618537903,2.632690668106079,1166,4.14390532998965e-08,4.14390532998965e-06,4.14390532998965e-06
647651596,0.2688894189996029,0.1746247178016866,1.031023383140564,1.2428855895996094,2.425146579742432,1167,0.26888945646501317,0.1746246930179174,1.0310232639312744,1.2428860664367676,2.4251465797424316,1167,3.746541032967343e-08,3.746541032967343e-06,3.746541032967343e-06
647684930,0.3055799561344092,0.1607926280260685,1.1007161140441897,1.6942893266677856,2.699394702911377,1168,0.30558000552074843,0.1607926583861046,1.100716471672058,1.694289207458496,2.6993956565856934,1168,4.9386339240342636e-08,4.938633924034264e-06,4.938633924034264e-06
647718264,0.3414416867099707,0.1404266244246575,1.0758519172668457,2.13241982460022,2.591766834259033,1169,0.34144173609630996,0.14042661878874313,1.0758519172668457,2.1324195861816406,2.591766357421875,1169,4.9386339240342636e-08,4.938633924034264e-06,4.938633924034264e-06
647751598,0.3799194492501522,0.1106817829393779,1.1543328762054443,1.867748022079468,1.5586602687835691,1170,0.3799195145310634,0.11068175799650827,1.1543333530426025,1.8677479028701782,1.5586596727371216,1170,6.528091112123491e-08,6.528091112123491e-06,6.528091112123491e-06
647784932,0.4231283741794531,0.1114248206220041,1.2962677478790283,1.7414546012878418,1.467113018035889,1171,0.4231284394603643,0.11142478640443387,1.2962677478790283,1.741455078125,1.4671127796173096,1171,6.528091123225721e-08,6.528091123225721e-06,6.528091123225721e-06
647818266,0.4655357835295304,0.1269236932929424,1.2722222805023191,1.5537468194961548,1.5917682647705078,1172,0.46553584881044163,0.12692364548390633,1.2722222805023193,1.5537469387054443,1.591767430305481,1172,6.528091123225721e-08,6.528091123225721e-06,6.528091123225721e-06
647851600,0.5024299937091773,0.1242247925428392,1.1068263053894043,1.5608465671539309,1.545715093612671,1173,0.5024300709110174,0.12422476191774928,1.106826663017273,1.5608466863632202,1.5457146167755127,1173,7.720184014292641e-08,7.720184014292641e-06,7.720184014292641e-06
647884934,0.5338774797918902,0.1332662664769393,0.9434245824813844,1.382209539413452,1.5337989330291748,1174,0.5338775530200872,0.13326628425693035,0.9434244632720947,1.3822096586227417,1.533799409866333,1174,7.322819706168104e-08,7.322819706168104e-06,7.322819706168104e-06
647918268,0.5653787173432614,0.1415238132745146,0.9450371265411376,1.3907179832458496,1.714245319366455,1175,0.5653787985187444,0.14152378821166403,0.9450373649597168,1.3907188177108765,1.7142457962036133,1175,8.117548300212718e-08,8.117548300212718e-06,8.117548300212718e-06
647951602,0.5973092513881629,0.141017212067537,0.957916021347046,1.3984863758087158,1.712649703025818,1176,0.5973093444845748,0.14101720420197475,0.9579163789749146,1.398486614227295,1.7126498222351074,1176,9.309641191279638e-08,9.309641191279638e-06,9.309641191279638e-06
647984936,0.630950748682271,0.13325900029753,1.0092449188232422,1.444997787475586,1.6033260822296145,1177,0.6309508417786829,0.13325901206722296,1.0092449188232422,1.444997787475586,1.6033263206481934,1177,9.309641191279638e-08,9.309641191279638e-06,9.309641191279638e-06
648018270,0.6865212736132249,0.1019249882587308,1.1114104986190796,1.8120511770248413,1.3503167629241943,1178,0.6865213607491724,0.101924979940928,1.11141037940979,1.81205153465271,1.3503168821334839,1178,8.713594745746178e-08,8.713594745746178e-06,8.713594745746178e-06
648051604,0.7434960660936937,0.1018019132710377,1.139495849609375,1.793475866317749,1.3343188762664795,1179,0.7434961591901056,0.10180191501439058,1.1394959688186646,1.7934759855270386,1.334318995475769,1179,9.309641191279638e-08,9.309641191279638e-06,9.309641191279638e-06
648084938,0.7996450600626573,0.988024776016109,1.1229798793792725,0.9888834953308104,-0.0745468512177467,1180,0.7996451412381402,0.9880247626544357,1.1229796409606934,0.988883376121521,-0.0745469257235527,1180,8.117548289110488e-08,8.117548289110488e-06,8.117548289110488e-06
648118272,0.8428194697439134,0.8428194697439134,1.3347958326339722,1.1484209299087524,-1.740679383277893,1181,0.8428194850895768,0.8428194850895768,1.3347958326339722,1.1484214067459106,-1.7406797409057617,1181,1.534566340666288e-08,1.534566340666288e-06,1.534566340666288e-06
648151606,0.8904833173493008,0.8372419658542354,1.429915428161621,1.1132116317749023,-1.8232247829437256,1182,0.8904833247476782,0.8372419675305738,1.429915189743042,1.1132115125656128,-1.8232245445251465,1182,7.3983774662167434e-09,7.398377466216743e-07,7.398377466216743e-07
648184940,0.937937293026791,0.8218530047953263,1.423619270324707,0.5970724821090698,-1.2314223051071167,1183,0.9379372964515255,0.8218530229406567,1.4236191511154175,0.5970724821090698,-1.231421947479248,1183,3.4247344959936754e-09,3.4247344959936754e-07,3.4247344959936754e-07
648218274,0.9843385076264004,0.8035284292164908,1.3920364379882812,0.4039577841758728,-1.1554462909698486,1184,0.9843385110511348,0.8035284167850995,1.3920364379882812,0.403957724571228,-1.1554464101791382,1184,3.424734384971373e-09,3.424734384971373e-07,3.424734384971373e-07
648251608,0.0271115318675299,0.8068403404716936,1.2831907272338867,0.3547536432743072,-0.9507270455360411,1185,0.02711152337133549,0.806840346157637,1.283190369606018,0.3547539710998535,-0.9507278203964233,1185,-8.496194414675529e-09,-8.496194414675529e-07,8.496194414675529e-07
648284942,0.0700944161156276,0.8916070873787907,1.289486527442932,0.59407639503479,-0.4814419150352478,1186,0.07009441159307621,0.8916070722583733,1.2894866466522217,0.5940765738487244,-0.4814421534538269,1186,-4.522551388941309e-09,-4.5225513889413094e-07,4.5225513889413094e-07
648318276,0.1221559977272609,0.2291639119006067,1.041231632232666,0.1344886124134063,1.021405816078186,1187,0.12215598724424503,0.22916390085435678,1.0412315130233765,0.13448873162269592,1.0214061737060547,1187,-1.0483015899787063e-08,-1.0483015899787063e-06,1.0483015899787063e-06
648351610,0.1566298497096595,0.1566298497096594,0.9499268531799316,0.8861679434776306,1.333120822906494,1188,0.15662984309119565,0.1566298430911957,0.9499266743659973,0.8861681818962097,1.3331210613250732,1188,-6.618463888052872e-09,-6.618463888052872e-07,6.618463888052872e-07
648384944,0.1895588450010515,0.1446434400544042,0.9878698587417604,1.3221039772033691,1.6965841054916382,1189,0.18955883440894467,0.14464343698290905,0.9878697395324707,1.3221042156219482,1.6965843439102173,1189,-1.059210685827594e-08,-1.059210685827594e-06,1.059210685827594e-06
648418278,0.2230850232020911,0.1554675202973594,1.005785346031189,1.2983441352844238,1.922579526901245,1190,0.2230850126099843,0.15546751589623053,1.005785346031189,1.298344373703003,1.9225797653198242,1190,-1.0592106747253638e-08,-1.0592106747253638e-06,1.0592106747253638e-06
648451612,0.2556302082912025,0.2030827425813127,0.9763555526733398,0.6995437741279602,2.303884506225586,1191,0.2556301857781667,0.203082737467861,0.9763551950454712,0.6995440721511841,2.3038852214813232,1191,-2.2513035768945144e-08,-2.2513035768945144e-06,2.2513035768945144e-06
648484946,0.284704151985635,0.2224150696034485,0.8722183108329773,0.4281751811504364,2.445626974105835,1192,0.28470413145942075,0.22241510460330946,0.8722183704376221,0.42817458510398865,2.445626735687256,1192,-2.052621422832246e-08,-2.052621422832246e-06,2.052621422832246e-06
648518280,0.313392264880329,0.2273418789722223,0.8606433868408203,0.2997454702854156,2.0912253856658936,1193,0.31339224038047175,0.22734186151839822,0.8606432676315308,0.29974573850631714,2.0912256240844727,1193,-2.449985725405668e-08,-2.449985725405668e-06,2.449985725405668e-06
648551614,0.349390279489348,0.1599882341597076,1.0799404382705688,1.449655532836914,2.2839183807373047,1194,0.3493902549894907,0.1599882992961453,1.0799404382705688,1.449654221534729,2.2839183807373047,1194,-2.449985725405668e-08,-2.449985725405668e-06,2.449985725405668e-06
648584948,0.3873355102912482,0.1440963614321879,1.1383569240570068,2.0228159427642822,2.5774471759796143,1195,0.38733548579139093,0.14409637250327148,1.1383569240570068,2.022815465927124,2.577446937561035,1195,-2.449985725405668e-08,-2.449985725405668e-06,2.449985725405668e-06
648618282,0.4274548006431159,0.094725554126019,1.2035787105560305,1.9798383712768557,1.3405117988586426,1196,0.4274547840905446,0.09472556959453587,1.2035789489746094,1.9798381328582764,1.3405119180679321,1196,-1.6552571313610542e-08,-1.6552571313610542e-06,1.6552571313610542e-06
648651616,0.469776283937285,0.1004678989494521,1.2696444988250732,1.836752653121948,1.3427468538284302,1197,0.4697762793056427,0.10046792406624415,1.269644856452942,1.8367525339126587,1.3427472114562988,1197,-4.631642291919036e-09,-4.631642291919036e-07,4.631642291919036e-07
648684950,0.5141017429407335,0.124019791138588,1.3297637701034546,1.5448179244995115,1.5259056091308594,1198,0.5141017462563772,0.12401981585201846,1.3297640085220337,1.5448176860809326,1.5259058475494385,1198,3.3156436485271e-09,3.3156436485271e-07,3.3156436485271e-07
648718284,0.5540695858375129,0.112272346255496,1.1990352869033811,1.5070843696594238,1.2834479808807373,1199,0.5540695891531565,0.1122723586838619,1.1990352869033813,1.5070841312408447,1.2834479808807373,1199,3.3156436485271e-09,3.3156436485271e-07,3.3156436485271e-07
648751618,0.5889644853647448,0.12698524065514,1.0468469858169556,1.2472858428955078,1.278796911239624,1200,0.5889644926540314,0.12698523380130297,1.0468471050262451,1.2472854852676392,1.2787964344024658,1200,7.289286618750168e-09,7.289286618750168e-07,7.289286618750168e-07
648784952,0.6200489036615587,0.1473584443205496,0.932532548904419,1.2137553691864014,1.6135793924331665,1201,0.6200489248585958,0.14735842930204102,0.9325329661369324,1.2137556076049805,1.6135793924331665,1201,2.1197037014530906e-08,2.1197037014530906e-06,2.1197037014530906e-06
648818286,0.6520314209039904,0.1430530777706388,0.9594755172729492,1.2244727611541748,1.5393240451812744,1202,0.6520314460746703,0.14305308377542042,0.9594756364822388,1.2244727611541748,1.539324164390564,1202,2.5170679984753974e-08,2.5170679984753974e-06,2.5170679984753974e-06
648851620,0.7037794284399248,0.1239658882130451,1.034960150718689,1.4338181018829346,1.4153056144714355,1203,0.7037794595710692,0.1239658814243733,1.0349602699279785,1.433817982673645,1.4153053760528564,1203,3.1131144440088576e-08,3.1131144440088576e-06,3.1131144440088576e-06
648884954,0.7595902733381487,0.1025083555873338,1.1162168979644775,1.664150953292847,1.2496165037155151,1204,0.7595903104297576,0.10250832095218675,1.116217017173767,1.6641510725021362,1.249616026878357,1204,3.709160889542318e-08,3.709160889542318e-06,3.709160889542318e-06
648918288,0.817540549474547,0.0988535646771653,1.1590055227279663,1.5972648859024048,1.1429932117462158,1205,0.8175405925266204,0.09885354002920027,1.1590056419372559,1.5972644090652466,1.1429924964904785,1205,4.305207335075778e-08,4.305207335075778e-06,4.305207335075778e-06
648951622,0.8754229538019396,0.0845457436419902,1.1576480865478516,1.591953158378601,0.9353559017181396,1206,0.8754229968540129,0.08454575095011632,1.1576480865478516,1.5919533967971802,0.9353561401367188,1206,4.305207335075778e-08,4.305207335075778e-06,4.305207335075778e-06
648984956,0.9197407794372138,0.8337014784391301,1.3295347690582275,1.087164282798767,-1.873004913330078,1207,0.9197408304365732,0.8337014625443244,1.3295350074768066,1.0871636867523193,-1.8730043172836304,1207,5.099935940222622e-08,5.099935940222622e-06,5.099935940222622e-06
649018290,0.96803012613216,0.8178851672050126,1.448680400848389,1.0019571781158447,-2.2048466205596924,1208,0.9680301890524484,0.8178851399763283,1.4486807584762573,1.0019569396972656,-2.2048470973968506,1208,6.292028842391773e-08,6.2920288423917725e-06,6.2920288423917725e-06
649051624,0.018485004939228,0.7972703875447671,1.513646364212036,0.5120189189910889,-1.6729274988174438,1209,0.018485079780445224,0.7972703440549637,1.5136467218399048,0.5120183825492859,-1.6729273796081543,1209,7.484121722356463e-08,7.484121722356463e-06,7.484121722356463e-06
649084958,0.0651654990887539,0.7720104330719997,1.4004148244857788,0.2154846489429474,-1.5481988191604614,1210,0.06516557790361417,0.7720103686251548,1.4004149436950684,0.21548399329185486,-1.5481986999511719,1210,7.881486030481e-08,7.881486030481e-06,7.881486030481e-06
649118292,0.1116622877494391,0.8173185446549744,1.3949036598205566,0.3195043206214905,-0.7097801566123962,1211,0.11166237053794237,0.8173185357740097,1.3949037790298462,0.31950411200523376,-0.7097797989845276,1211,8.278850327503307e-08,8.278850327503307e-06,8.278850327503307e-06
649151626,0.1558248909687893,0.919394773717653,1.3248780965805054,0.3649177551269531,-0.2024261206388473,1212,0.15582497773093554,0.919394746618538,1.324878215789795,0.36491790413856506,-0.20242628455162048,1212,8.676214624525613e-08,8.676214624525613e-06,8.676214624525613e-06
649184960,0.2140052887177365,0.243751209179024,1.1636079549789429,0.0355793721973896,0.9057309031486512,1213,0.2140053754798827,0.24375123016899608,1.1636079549789429,0.035579245537519455,0.9057307243347168,1213,8.676214613423383e-08,8.676214613423383e-06,8.676214613423383e-06
649218294,0.249023128785282,0.1370554197881325,1.0505352020263672,1.051791429519653,1.2245464324951172,1214,0.24902321554742826,0.1370554197881325,1.0505352020263672,1.0517914295196533,1.2245464324951172,1214,8.676214624525613e-08,8.676214624525613e-06,8.676214624525613e-06
649251628,0.2845319958901303,0.1294316003691424,1.0652660131454468,1.5288403034210205,1.6164419651031494,1215,0.28453207470499053,0.12943161861937774,1.0652657747268677,1.5288400650024414,1.616442084312439,1215,7.88148601937877e-08,7.88148601937877e-06,7.88148601937877e-06
649284962,0.3190528683241106,0.1429747519484317,1.0356261730194092,1.4781572818756104,1.85636305809021,1216,0.3190529471389708,0.14297474812554442,1.0356261730194092,1.478157639503479,1.8563634157180786,1216,7.88148601937877e-08,7.88148601937877e-06,7.88148601937877e-06
649318296,0.3524035148199297,0.1741414953558249,1.0005193948745728,1.1051766872406006,2.1404099464416504,1217,0.35240358966114693,0.17414151635069058,1.0005192756652832,1.105176329612732,2.1404099464416504,1217,7.484121722356463e-08,7.484121722356463e-06,7.484121722356463e-06
649351630,0.3836813501890398,0.199960893408551,0.9383350610733032,0.7532060146331787,2.316193103790283,1218,0.383681436951186,0.19996092192637377,0.9383354187011719,0.7532054781913757,2.316192865371704,1218,8.676214613423383e-08,8.676214613423383e-06,8.676214613423383e-06
649384964,0.415144635476261,0.1903069275525033,0.9438985586166382,0.8419888615608215,2.1386618614196777,1219,0.41514472819887177,0.19030689241439966,0.9438987374305725,0.8419892191886902,2.1386613845825195,1219,9.272261070059074e-08,9.272261070059074e-06,9.272261070059074e-06
649418298,0.4547289820885556,0.1406208128672587,1.1875303983688354,1.6963651180267334,2.066915988922119,1220,0.4547290787848093,0.14062082621841826,1.187530517578125,1.6963640451431274,2.0669150352478027,1220,9.66962536708138e-08,9.66962536708138e-06,9.66962536708138e-06
649451632,0.4934972616410153,0.1347363334656019,1.1630483865737915,2.208552360534668,2.496760368347168,1221,0.493497362310912,0.13473631936553981,1.163048505783081,2.208552122116089,2.4967596530914307,1221,1.0066989664103687e-07,1.0066989664103687e-05,1.0066989664103687e-05
649484966,0.5339060755944149,0.0890625295420629,1.2122644186019895,2.092171192169189,1.3105096817016602,1222,0.5339061603697397,0.08906257513305783,1.2122639417648315,2.0921711921691895,1.310510516166687,1222,8.47753247601446e-08,8.47753247601446e-06,8.47753247601446e-06
649518300,0.578335135417769,0.0913186401756296,1.3328717947006226,1.915247201919556,1.2378301620483398,1223,0.5783352122458079,0.09131858427601784,1.3328715562820435,1.9152472019195557,1.2378292083740234,1223,7.682803881969846e-08,7.682803881969846e-06,7.682803881969846e-06
649551634,0.6211678874866066,0.0984734467130962,1.2849825620651243,1.7704756259918213,1.260558843612671,1224,0.6211679563673593,0.09847344864688778,1.2849823236465454,1.770474910736084,1.2605583667755127,1224,6.888075276823002e-08,6.8880752768230025e-06,6.8880752768230025e-06
649584968,0.6791167152301368,0.1005842563705548,1.1589765548706057,1.613325595855713,1.181222677230835,1225,0.6791167960318185,0.10058423695766106,1.1589767932891846,1.6133253574371338,1.1812222003936768,1225,8.080168167889923e-08,8.080168167889923e-06,8.080168167889923e-06
649618302,0.7305851292983588,0.1367551841453415,1.029368281364441,1.3513381481170654,1.5673017501831057,1226,0.7305852220209695,0.13675520688948797,1.02936851978302,1.3513375520706177,1.5673015117645264,1226,9.272261070059074e-08,9.272261070059074e-06,9.272261070059074e-06
649651636,0.7786359203235206,0.1521672313608037,0.9610158205032348,1.2307634353637695,1.7434391975402832,1227,0.7786360130461313,0.15216721597929694,0.9610158205032349,1.2307634353637695,1.7434388399124146,1227,9.272261070059074e-08,9.272261070059074e-06,9.272261070059074e-06
649684970,0.8292085898295936,0.1439729871641422,1.01145339012146,1.3161468505859375,1.6743440628051758,1228,0.8292086825522043,0.14397298315703047,1.01145339012146,1.316146731376648,1.6743438243865967,1228,9.272261070059074e-08,9.272261070059074e-06,9.272261070059074e-06
649718304,0.8838188124076423,0.1252366820273837,1.092204451560974,1.520679235458374,1.525208830833435,1229,0.8838189110907174,0.12523667580768974,1.0922045707702637,1.520679235458374,1.5252087116241455,1229,9.868307515592534e-08,9.868307515592534e-06,9.868307515592534e-06
649751638,0.941811443604618,0.1053754235885314,1.1598526239395142,1.768104910850525,1.378175139427185,1230,0.9418115482481576,0.10537544214155883,1.1598527431488037,1.7681047916412354,1.3781753778457642,1230,1.0464353961125994e-07,1.0464353961125994e-05,1.0464353961125994e-05
649784972,0.0008526873961982,0.1046397146443216,1.180824875831604,1.7289609909057615,1.3348617553710938,1231,0.0008527980002022151,0.10463969558559368,1.1808249950408936,1.7289611101150513,1.3348615169525146,1231,1.1060400406659454e-07,1.1060400406659454e-05,1.1060400406659454e-05
649818306,0.0452919515347378,0.9443487005914708,1.333177924156189,1.9783148765563965,-0.7213957905769348,1232,0.04529205419145588,0.9443486878942892,1.3331776857376099,1.9783148765563965,-0.7213959693908691,1232,1.026567181261484e-07,1.026567181261484e-05,1.026567181261484e-05
649851640,0.0920075369254646,0.8452068876567896,1.4014675617218018,1.1129964590072632,-1.6331539154052734,1233,0.09200763560853961,0.8452068606254907,1.4014674425125122,1.1129964590072632,-1.6331545114517212,1233,9.868307504490303e-08,9.868307504490303e-06,9.868307504490303e-06
649884974,0.1413968396560249,0.8120525335922951,1.481679081916809,0.6601372361183167,-1.606472373008728,1234,0.14139694628638588,0.8120524816202,1.4816793203353882,0.6601368188858032,-1.6064728498458862,1234,1.0663036098534917e-07,1.0663036098534917e-05,1.0663036098534917e-05
649918308,0.1905515146628913,0.8112886434904532,1.4746402502059937,0.4764768779277801,-1.1755446195602417,1235,0.19055161334596638,0.8112887279757648,1.4746400117874146,0.47647765278816223,-1.1755447387695312,1235,9.868307504490303e-08,9.868307504490303e-06,9.868307504490303e-06
649951642,0.2361768039441007,0.7881817399741684,1.3687586784362793,0.2016665339469909,-0.824428141117096,1236,0.2361768986535327,0.7881817916032635,1.3687585592269897,0.20166683197021484,-0.8244282007217407,1236,9.470943196365766e-08,9.470943196365766e-06,9.470943196365766e-06
649984976,0.2823596628880399,0.8807478897363364,1.3854857683181765,0.5091875791549683,-0.4736759662628174,1237,0.28235974965018595,0.8807478277219998,1.3854855298995972,0.5091877579689026,-0.47367650270462036,1237,8.676214613423383e-08,8.676214613423383e-06,8.676214613423383e-06
650018310,0.3239419770614204,0.9925785506477492,1.247469425201416,0.4214067757129669,-0.0196645967662334,1238,0.3239420598499235,0.9925782909087303,1.2474693059921265,0.421407014131546,-0.019665297120809555,1238,8.278850316401076e-08,8.278850316401076e-06,8.278850316401076e-06
650051644,0.3564015579597054,0.2286292140507916,0.9737874269485474,0.14667609333992,1.0857698917388916,1239,0.35640163677456543,0.2286292140507916,0.9737873077392578,0.14667609333992004,1.0857698917388916,1239,7.881485997174309e-08,7.881485997174309e-06,7.881485997174309e-06
650084978,0.3878969224667448,0.1762338007484874,0.9448609352111816,0.8777679800987244,1.7562423944473269,1240,0.3878970052552478,0.1762338137107368,0.9448610544204712,0.8777679204940796,1.7562426328659058,1240,8.278850294196616e-08,8.278850294196616e-06,8.278850294196616e-06
650118312,0.4199797344581185,0.1686399661633703,0.9624843597412108,1.200317144393921,2.1398489475250244,1241,0.41997982122026445,0.16863997883005458,0.9624844789505005,1.2003167867660522,2.1398487091064453,1241,8.676214591218923e-08,8.676214591218923e-06,8.676214591218923e-06
650151646,0.4516481352225838,0.1935484628231965,0.95005202293396,0.9159589409828186,2.4731664657592773,1242,0.45164823191883724,0.19354846469758408,0.9500523209571838,0.9159586429595947,2.47316575050354,1242,9.66962534487692e-08,9.66962534487692e-06,9.66962534487692e-06
650184980,0.4821850769098498,0.2253023329074672,0.916108250617981,0.4357605874538421,2.785520553588867,1243,0.48218517161928176,0.22530234578643385,0.9161081910133362,0.4357603192329407,2.785520315170288,1243,9.470943196365766e-08,9.470943196365766e-06,9.470943196365766e-06
650218314,0.5106868100539741,0.2404650014830507,0.8550519943237305,0.1562752425670623,2.6053714752197266,1244,0.5106869007897631,0.24046502960028335,0.8550518751144409,0.15627478063106537,2.6053714752197266,1244,9.07357889934346e-08,9.07357889934346e-06,9.07357889934346e-06
650251648,0.5481714201346931,0.1671590211669677,1.1245383024215698,1.455290675163269,2.5387425422668457,1245,0.548171522791411,0.16715901951924247,1.1245386600494385,1.45529043674469,2.5387420654296875,1245,1.026567179041038e-07,1.026567179041038e-05,1.026567179041038e-05
650284982,0.5868509602920112,0.1624603455157124,1.1603862047195437,1.856554627418518,3.027928113937378,1246,0.5868510589750862,0.1624603175937535,1.160386085510254,1.856554627418518,3.0279269218444824,1246,9.868307493388073e-08,9.868307493388073e-06,9.868307493388073e-06
650318316,0.6233174515143928,0.1194467342532725,1.0939947366714478,2.236411571502685,2.085547685623169,1247,0.6233175541711108,0.11944674332837936,1.0939948558807373,2.2364115715026855,2.085547924041748,1247,1.026567180151261e-07,1.026567180151261e-05,1.026567180151261e-05
650351650,0.6854161155597266,0.1024125096670885,1.2419732809066772,2.009852886199951,1.507313251495361,1248,0.6854162062955157,0.10241247039625755,1.2419730424880981,2.0098531246185303,1.5073126554489136,1248,9.07357891044569e-08,9.07357891044569e-06,9.07357891044569e-06
650384984,0.751943792142063,0.1108083463990461,1.3305535316467283,1.8311669826507568,1.5306048393249512,1249,0.7519438888383166,0.11080836378897095,1.330553650856018,1.83116614818573,1.5306044816970825,1249,9.66962536708138e-08,9.66962536708138e-06,9.66962536708138e-06
650418318,0.8136532020942266,0.1072965058709313,1.234188199043274,1.769889235496521,1.4142370223999023,1250,0.8136533107114093,0.10729650064315291,1.234188437461853,1.7698893547058105,1.4142370223999023,1250,1.0861718269250531e-07,1.0861718269250531e-05,1.0861718269250531e-05
650451652,0.8724229646102484,0.1386705974326013,1.1753952503204346,1.4067952632904053,1.6718909740447998,1251,0.8724230791878955,0.13867061388101531,1.1753953695297241,1.4067946672439575,1.6718906164169312,1251,1.1457764714783991e-07,1.1457764714783991e-05,1.1457764714783991e-05
650484986,0.9197166395560796,0.1576256358515427,0.945873498916626,1.1100059747695925,1.6927330493927002,1252,0.9197167422127979,0.15762562261708174,0.9458732604980469,1.110006332397461,1.6927332878112793,1252,1.0265671823717071e-07,1.026567182371707e-05,1.026567182371707e-05
650518320,0.9692672086135442,0.1541994583027574,0.991011381149292,1.1369751691818235,1.6550395488739014,1253,0.9692672993493335,0.15419946947782578,0.9910111427307129,1.1369754076004028,1.6550401449203491,1253,9.07357893265015e-08,9.07357893265015e-06,9.07357893265015e-06
650551654,0.0216416490451389,0.1432307591212776,1.047488808631897,1.264934539794922,1.5938389301300049,1254,0.02164174574139288,0.14323074752848908,1.0474889278411865,1.2649345397949219,1.5938386917114258,1254,9.669625400388071e-08,9.669625400388071e-06,9.669625400388071e-06
650584988,0.0779194009677464,0.1209041900975334,1.1255550384521484,1.5834741592407229,1.504001259803772,1255,0.07791950362446479,0.12090417844782365,1.125555157661438,1.5834745168685913,1.5040013790130615,1255,1.0265671834819301e-07,1.0265671834819301e-05,1.0265671834819301e-05
650618322,0.1057495504532971,0.1057495504532971,1.173296332359314,1.7254934310913086,1.35149347782135,1256,0.10574955102402153,0.1057495510240215,1.1732962131500244,1.7254940271377563,1.3514939546585083,1256,5.707244676855794e-10,5.707244676855794e-08,5.707244676855794e-08
650651656,0.1458405444934684,0.0548126687493978,1.2027298212051392,1.6553099155426023,0.5937482714653015,1257,0.1458405530114788,0.05481264766644843,1.2027300596237183,1.6553102731704712,0.593748152256012,1257,8.518010408131715e-09,8.518010408131715e-07,8.518010408131715e-07
650684990,0.1910132716014701,0.8138276955039846,1.3551818132400513,0.6322189569473267,-1.491008162498474,1258,0.19101326422490858,0.8138277502514184,1.355181336402893,0.6322196125984192,-1.4910082817077637,1258,-7.376561528271708e-09,-7.376561528271708e-07,7.376561528271708e-07
650718324,0.2400724361255485,0.8162989120371643,1.471774935722351,0.749268651008606,-1.6934047937393188,1259,0.24007243272262993,0.8162988588871017,1.4717750549316406,0.7492678165435791,-1.6934044361114502,1259,-3.40291855804864e-09,-3.40291855804864e-07,3.40291855804864e-07
650751658,0.2922254671568392,0.7936264428414644,1.5645909309387207,0.3117010593414306,-1.10850191116333,1260,0.29222545978027764,0.7936264572187551,1.5645908117294312,0.3117012679576874,-1.1085022687911987,1260,-7.376561583782859e-09,-7.376561583782859e-07,7.376561583782859e-07
650784992,0.3656327177996157,0.7420143997909878,1.4681450128555298,-0.0527629517018795,-1.050695776939392,1261,0.3656326985021252,0.7420144510123186,1.4681447744369507,-0.05276261270046234,-1.050695776939392,1261,-1.9297490494452063e-08,-1.9297490494452063e-06,1.9297490494452063e-06
650818326,0.4391652097219942,0.8147935286931229,1.4706498384475708,0.2174611687660217,-0.5043171048164368,1262,0.4391651844640393,0.8147936725352479,1.4706497192382812,0.2174617350101471,-0.5043171644210815,1262,-2.5257954894275514e-08,-2.5257954894275514e-06,2.5257954894275514e-06
650851660,0.5067923178190706,0.8817183906004767,1.3525421619415283,0.2640085220336914,-0.2426099777221679,1263,0.5067922985215801,0.881718248040042,1.3525422811508179,0.2640078365802765,-0.24260978400707245,1263,-1.9297490494452063e-08,-1.9297490494452063e-06,1.9297490494452063e-06
650884994,0.5451859623109021,0.3153415404249787,1.1518093347549438,-0.1409526467323303,0.3238140642642975,1264,0.5451859469870546,0.315341512029265,1.1518094539642334,-0.14095261693000793,0.32381415367126465,1264,-1.5323847524228995e-08,-1.5323847524228995e-06,1.5323847524228995e-06
650918328,0.5789075126165865,0.1802567588923037,1.0116465091705322,0.7069577574729919,1.5086745023727417,1265,0.578907501266382,0.1802567685561874,1.0116466283798218,0.7069577574729919,1.5086747407913208,1265,-1.1350204442983625e-08,-1.1350204442983625e-06,1.1350204442983625e-06
650951662,0.6120211472029207,0.1653350263104772,0.9934090375900269,1.1635373830795288,1.976920247077942,1266,0.6120211398263592,0.16533504643187455,0.9934091567993164,1.1635369062423706,1.9769200086593628,1266,-7.376561472760557e-09,-7.376561472760557e-07,7.376561472760557e-07
650984996,0.6457791199202059,0.1794685401320667,1.012739181518555,1.1200611591339111,2.3597652912139893,1267,0.6457791085700013,0.17946855981741436,1.0127390623092651,1.1200608015060425,2.3597652912139893,1267,-1.1350204554005927e-08,-1.1350204554005927e-06,1.1350204554005927e-06
651018330,0.6785129258945304,0.2029768532276818,0.9820141792297364,0.7756358981132507,2.548387050628662,1268,0.6785129185179688,0.20297688729664579,0.9820142984390259,0.775635302066803,2.548387050628662,1268,-7.376561583782859e-09,-7.376561583782859e-07,7.376561583782859e-07
651051664,0.7086014141554353,0.2138750813402184,0.9026546478271484,0.6310099363327026,2.732122898101806,1269,0.7086014067788737,0.2138750382369019,0.9026546478271484,0.6310107707977295,2.7321231365203857,1269,-7.376561583782859e-09,-7.376561583782859e-07,7.376561583782859e-07
651084998,0.7417058696264741,0.2142680963716504,0.9931336641311646,0.5447246432304382,2.3853774070739746,1270,0.7417058662235555,0.21426806202648307,0.9931337833404541,0.544725239276886,2.3853776454925537,1270,-3.402918613559791e-09,-3.402918613559791e-07,3.402918613559791e-07
651118332,0.7999109317774293,0.1597400813684055,1.164101243019104,1.5627723932266235,2.4536688327789307,1271,0.7999109343349752,0.15974006034680022,1.1641013622283936,1.5627723932266235,2.4536681175231934,1271,2.557545841774811e-09,2.557545841774811e-07,2.557545841774811e-07
651151666,0.85751202602334,0.1546628282711109,1.152021884918213,1.9902610778808596,2.915276050567627,1272,0.8575120106994923,0.15466282502701925,1.1520215272903442,1.9902608394622803,2.9152755737304688,1272,-1.5323847635251298e-08,-1.5323847635251298e-06,1.5323847635251298e-06
651185000,0.9176273514742372,0.1071302715428239,1.2023065090179443,1.8877283334732056,1.505168914794922,1273,0.9176273421108541,0.10713026780729101,1.2023066282272339,1.887727975845337,1.5051685571670532,1273,-9.363383179916696e-09,-9.363383179916696e-07,9.363383179916696e-07
651218334,0.9846737672800538,0.1116762321849316,1.340928316116333,1.7298396825790403,1.4620060920715332,1274,0.9846737459957418,0.11167621398192777,1.340928077697754,1.72983980178833,1.462005853652954,1274,-2.12843120905859e-08,-2.12843120905859e-06,2.12843120905859e-06
651251668,0.048372017335367,0.1201206668773148,1.2739650011062622,1.6024720668792725,1.5071094036102295,1275,0.04837199605105491,0.12012065356438642,1.2739650011062622,1.6024718284606934,1.5071089267730713,1275,-2.12843120905859e-08,-2.12843120905859e-06,2.12843120905859e-06
651285002,0.1082750250811098,0.1215565379562334,1.198060154914856,1.4584250450134275,1.3966434001922607,1276,0.10827501571772666,0.12155657073592288,1.198060393333435,1.4584245681762695,1.3966435194015503,1276,-9.363383124405544e-09,-9.363383124405544e-07,9.363383124405544e-07
651318336,0.1486350801186611,0.1486350801186611,0.9959268569946288,1.2986443042755127,1.7555699348449707,1277,0.14863505036067368,0.1486350503606737,0.995927095413208,1.2986449003219604,1.7555700540542603,1277,-2.9757987407563746e-08,-2.9757987407563746e-06,2.9757987407563746e-06
651351670,0.1607664761076092,0.1607664761076092,0.9623336791992188,1.0049338340759275,1.6005078554153442,1278,0.16076646641992617,0.1607664664199262,0.9623336791992188,1.0049335956573486,1.6005072593688965,1278,-9.687682989145685e-09,-9.687682989145685e-07,9.687682989145685e-07
651385004,0.1938199338445782,0.1532133051968197,0.9916037321090698,1.0988516807556152,1.5784988403320312,1279,0.19381992415689517,0.15321330837270117,0.9916037321090698,1.0988517999649048,1.5784990787506104,1279,-9.687683044656836e-09,-9.687683044656836e-07,9.687683044656836e-07
651418338,0.2298102038234193,0.1304313626856301,1.0797080993652344,1.3351318836212158,1.4295156002044678,1280,0.22981019016209334,0.13043137545884978,1.0797079801559448,1.3351320028305054,1.4295159578323364,1280,-1.3661325959368753e-08,-1.3661325959368753e-06,1.3661325959368753e-06
651451672,0.2684130328029115,0.1064412018885676,1.1580848693847656,1.6947743892669678,1.3393568992614746,1281,0.26841301119429956,0.10644119099678383,1.1580846309661865,1.6947746276855469,1.3393568992614746,1281,-2.160861195532604e-08,-2.160861195532604e-06,2.160861195532604e-06
651485006,0.3074396706749717,0.102672031703034,1.1707991361618042,1.61358904838562,1.2142465114593506,1282,0.3074396490663597,0.10267201483104083,1.1707991361618042,1.6135889291763306,1.214246153831482,1282,-2.160861201083719e-08,-2.160861201083719e-06,2.160861201083719e-06
651518340,0.3517078933248638,0.9203253354943068,1.3280466794967651,1.782307744026184,-0.975092887878418,1283,0.3517078637689659,0.92032533395092,1.328046441078186,1.7823072671890259,-0.9750926494598389,1283,-2.9555897895772176e-08,-2.9555897895772176e-06,2.9555897895772176e-06
651551674,0.4199984666833996,0.8471790422361013,1.365811467170715,1.1323522329330444,-1.6181007623672483,1284,0.41999843116703717,0.8471790697761534,1.3658113479614258,1.1323522329330444,-1.6181001663208008,1284,-3.551636240661793e-08,-3.551636240661793e-06,3.551636240661793e-06
651585008,0.4916605827341198,0.8141046506046693,1.4332423210144043,0.6768300533294678,-1.5885207653045654,1285,0.4916605531782219,0.814104679435777,1.4332424402236938,0.6768302917480469,-1.5885205268859863,1285,-2.9555897895772176e-08,-2.9555897895772176e-06,2.9555897895772176e-06
651618342,0.5657794174680828,0.8203109121671366,1.4823766946792605,0.5114182233810425,-1.0813308954238892,1286,0.5657793700307915,0.8203109611882755,1.4823763370513916,0.5114184617996216,-1.0813305377960205,1286,-4.7437291317287134e-08,-4.743729131728713e-06,4.743729131728713e-06
651651676,0.6370035168657421,0.7999299783313651,1.424481987953186,0.2806558012962341,-0.8650645613670349,1287,0.6370034992307732,0.7999300068845057,1.4244825839996338,0.2806560695171356,-0.8650648593902588,1287,-1.763496892959182e-08,-1.763496892959182e-06,1.763496892959182e-06
651685010,0.7069917377958416,0.8750522898599509,1.3997644186019895,0.5926183462142944,-0.5922290682792664,1288,0.7069917261213371,0.8750521857582592,1.3997645378112793,0.5926181674003601,-0.5922296643257141,1288,-1.1674504474257219e-08,-1.167450447425722e-06,1.167450447425722e-06
651718344,0.7700577554235576,0.0054940280448959,1.2613203525543213,0.3407853543758392,0.0117685841396451,1289,0.7700577258676597,0.0054939964683067884,1.2613199949264526,0.34078526496887207,0.011768513359129429,1289,-2.9555897840261025e-08,-2.9555897840261025e-06,2.9555897840261025e-06
651751678,0.8040626900523621,0.2795595103131084,1.0201480388641355,-0.1715671122074127,0.9131091833114624,1290,0.8040626644701072,0.2795594469722321,1.0201481580734253,-0.17156672477722168,0.9131091237068176,1290,-2.5582254870037957e-08,-2.5582254870037957e-06,2.5582254870037957e-06
651785012,0.8529447810977417,0.1689786200847369,0.9776418209075928,0.9269493222236632,1.660778522491455,1291,0.8529447555154869,0.1689786093484728,0.9776418209075928,0.9269492030143738,1.6607780456542969,1291,-2.5582254870037957e-08,-2.5582254870037957e-06,2.5582254870037957e-06
651818346,0.9005151944488007,0.1672672609187046,0.9514082670211792,1.1507601737976074,2.010659694671631,1292,0.9005151718467781,0.16726725175444382,0.951408326625824,1.1507600545883179,2.0106592178344727,1292,-2.2602022586859505e-08,-2.2602022586859505e-06,2.2602022586859505e-06
651851680,0.9476712005465944,0.1867041939993779,0.9431201219558716,0.9964197874069214,2.3719544410705566,1293,0.9476711839050361,0.18670419263388213,0.9431202411651611,0.9964193105697632,2.371953248977661,1293,-1.6641558242547205e-08,-1.6641558242547205e-06,1.6641558242547205e-06
651885014,0.9939114647239168,0.2212023593248336,0.9248052835464478,0.4976365864276886,2.720191240310669,1294,0.9939114361614295,0.22120238023060587,0.9248050451278687,0.4976363480091095,2.7201919555664062,1294,-2.8562487264238712e-08,-2.856248726423871e-06,2.856248726423871e-06
651918348,0.0367506461471038,0.229243233190688,0.8567836284637451,0.3567744791507721,2.720082521438598,1295,0.03675061758461684,0.2292432143336759,0.8567836284637451,0.35677480697631836,2.7200825214385986,1295,-2.8562486931171804e-08,-2.8562486931171804e-06,2.8562486931171804e-06
651951682,0.0906100766986328,0.1705193853049336,1.0771886110305786,1.325302004814148,2.42946195602417,1296,0.09061002429428787,0.17051938585276366,1.0771881341934204,1.3253021240234375,2.429462194442749,1296,-5.2404344919043666e-08,-5.240434491904367e-06,5.240434491904367e-06
651985016,0.1479705648749786,0.1660896812045408,1.1472097635269165,1.72618567943573,2.964965581893921,1297,0.14797053035202712,0.16608966928945135,1.1472101211547852,1.7261855602264404,2.9649648666381836,1297,-3.452295149752871e-08,-3.452295149752871e-06,3.452295149752871e-06
652018350,0.1849886374801116,0.148575853105576,1.1105421781539917,2.060222148895264,2.7829408645629883,1298,0.18498861487808912,0.14857589062446774,1.1105425357818604,2.060220956802368,2.782940626144409,1298,-2.2602022475837202e-08,-2.2602022475837202e-06,2.2602022475837202e-06
652051684,0.2246415612230417,0.1315152144395084,1.1895877122879028,1.7086665630340576,1.8546156883239744,1299,0.22464153067373324,0.13151522507070176,1.1895874738693237,1.708666443824768,1.8546158075332642,1299,-3.054930847179449e-08,-3.054930847179449e-06,3.054930847179449e-06
652085018,0.2676106847454824,0.1401606441448381,1.2890737056732178,1.5600513219833374,1.8896583318710327,1300,0.2676106422752449,0.1401606057517036,1.2890733480453491,1.5600512027740479,1.8896572589874268,1300,-4.2470237493485996e-08,-4.2470237493486e-06,4.2470237493486e-06
652118352,0.3078113473583974,0.1392093539309458,1.2060198783874512,1.5041213035583496,1.7998896837234497,1301,0.30781130488815994,0.13920931141716955,1.2060198783874512,1.5041214227676392,1.7998888492584229,1301,-4.2470237437974845e-08,-4.2470237437974845e-06,4.2470237437974845e-06
652151686,0.3450328943262217,0.1568544818730169,1.116646409034729,1.208263635635376,1.823247194290161,1302,0.3450328558296272,0.15685446514512813,1.1166465282440186,1.2082635164260864,1.8232465982437134,1302,-3.849659446775178e-08,-3.849659446775178e-06,3.849659446775178e-06
652185020,0.3742748893429555,0.1699070977294077,0.8772598505020142,0.9383407831192015,1.7044780254364014,1303,0.37427485084636103,0.16990708021340092,0.8772598505020142,0.938340961933136,1.7044779062271118,1303,-3.849659446775178e-08,-3.849659446775178e-06,3.849659446775178e-06
652218354,0.404237989299468,0.169147665142983,0.8988929986953735,0.9471956491470336,1.7012966871261597,1304,0.40423796073698093,0.1691476869089044,0.8988932967185974,0.9471954107284546,1.7012968063354492,1304,-2.8562487097705258e-08,-2.856248709770526e-06,2.856248709770526e-06
652251688,0.4362850027411896,0.1570536910449749,0.961410403251648,1.099565029144287,1.6637417078018188,1305,0.4362849702050595,0.15705366992564176,0.9614102840423584,1.0995652675628662,1.6637415885925293,1305,-3.2536130067928326e-08,-3.2536130067928326e-06,3.2536130067928326e-06
652285022,0.4707295732825715,0.1385592229884473,1.033337116241455,1.343052864074707,1.5938715934753418,1306,0.4707295486937273,0.13855923729896988,1.0333373546600342,1.3430532217025757,1.593872308731079,1306,-2.458884418299334e-08,-2.458884418299334e-06,2.458884418299334e-06
652318356,0.507592018160196,0.1115150715513836,1.1058733463287354,1.7829433679580688,1.5037952661514282,1307,0.5075919935713518,0.11151507971634583,1.1058733463287354,1.782943606376648,1.5037956237792969,1307,-2.458884418299334e-08,-2.458884418299334e-06,2.458884418299334e-06
652351690,0.5442912575731395,0.1077374958697862,1.1009771823883057,1.811650395393372,1.455849528312683,1308,0.5442912449052243,0.1077375022331126,1.1009775400161743,1.8116503953933716,1.4558496475219727,1308,-1.2667915161301835e-08,-1.2667915161301835e-06,1.2667915161301835e-06
652385024,0.5781557318697093,0.1447684843649338,1.0159342288970947,0.1267314255237579,0.1628913432359695,1309,0.5781557152281511,0.14476879479974525,1.0159341096878052,0.12673121690750122,0.16289173066616058,1309,-1.6641558131524903e-08,-1.6641558131524903e-06,1.6641558131524903e-06
652418358,0.6315470752248881,0.8435226920544004,1.0678268671035769,0.3335097134113312,-0.500679075717926,1310,0.6315470645437944,0.8435227007312085,1.0678269863128662,0.3335093557834625,-0.5006784796714783,1310,-1.06810936761903e-08,-1.06810936761903e-06,1.06810936761903e-06
652451692,0.6928492424020883,0.8085666201412114,1.2260433435440063,0.6214167475700378,-1.6117805242538452,1311,0.6928492198000658,0.8085666571820279,1.2260431051254272,0.621417224407196,-1.6117806434631348,1311,-2.2602022586859505e-08,-2.2602022586859505e-06,2.2602022586859505e-06
652485026,0.761963289690983,0.8123427979065765,1.382280945777893,0.671776533126831,-1.626353740692139,1312,0.7619632611284959,0.8123427755920397,1.3822808265686035,0.6717764139175415,-1.6263540983200073,1312,-2.856248715321641e-08,-2.856248715321641e-06,2.856248715321641e-06
652518360,0.8153835354397218,0.8153835354397218,1.369811773300171,0.4838943183422088,-1.1108615398406982,1313,0.8153835382130628,0.8153835382130628,1.3698116540908813,0.4838944971561432,-1.110861897468567,1313,2.7733410012942272e-09,2.773341001294227e-07,2.773341001294227e-07
652551694,0.8597685951143026,0.8204058149745889,1.3315517902374268,0.5559589862823486,-1.1736955642700195,1314,0.8597685899403577,0.8204058021194254,1.3315515518188477,0.5559589266777039,-1.173695683479309,1314,-5.173944939151909e-09,-5.173944939151909e-07,5.173944939151909e-07
652585028,0.9022644537835836,0.8536875687359002,1.2748757600784302,0.6771897673606873,-0.888053297996521,1315,0.9022644486096386,0.8536875420570247,1.2748757600784302,0.6771893501281738,-0.8880530595779419,1315,-5.173944939151909e-09,-5.173944939151909e-07,5.173944939151909e-07
652618362,0.961930717840743,0.9803266529832674,1.1933252811431885,1.382726550102234,-0.1717965006828308,1316,0.9619307186272625,0.9803266276776289,1.193325400352478,1.3827261924743652,-0.17179667949676514,1316,7.865195161826932e-10,7.865195161826932e-08,7.865195161826932e-08
652651696,0.014163019075942,0.0388205017713945,1.0446460247039795,1.4475016593933103,0.3602421283721924,1317,0.014163019862461601,0.038820538771831746,1.0446460247039795,1.4475014209747314,0.36024242639541626,1317,7.865196272049957e-10,7.865196272049957e-08,7.865196272049957e-08
652685030,0.0609306919723272,0.1681931258905357,0.935353457927704,0.696560263633728,1.233652949333191,1318,0.06093068977861456,0.16819311649015092,0.9353533983230591,0.6965605616569519,1.2336533069610596,1318,-2.1937126559734565e-09,-2.1937126559734565e-07,2.1937126559734565e-07
652718364,0.103316073432517,0.1899202611869047,0.8477076292037964,0.8680883646011353,2.189335584640503,1319,0.10331605335741095,0.1899202655754731,0.8477072715759277,0.8680884838104248,2.189336061477661,1319,-2.0075106021977263e-08,-2.0075106021977263e-06,2.0075106021977263e-06
652751698,0.1453315305858374,0.19011588609007,0.8403091430664062,0.9693363904953004,2.453482151031494,1320,0.14533151051073126,0.19011588080468986,0.8403091430664062,0.9693363904953003,2.453481912612915,1320,-2.0075106132999565e-08,-2.0075106132999565e-06,2.0075106132999565e-06
652785032,0.1882290828376532,0.1896239763425944,0.8579510450363159,1.0203018188476562,2.559305429458618,1321,0.18822906872301154,0.18962395844918092,0.8579511642456055,1.0203020572662354,2.559305191040039,1321,-1.4114641677664963e-08,-1.4114641677664963e-06,1.4114641677664963e-06
652818366,0.2141629610832192,0.2141629610832192,0.8493444919586182,0.5250828862190247,2.292387008666992,1322,0.21416295321938922,0.21416295321938927,0.8493444919586182,0.5250830054283142,2.292387008666992,1322,-7.863829976084702e-09,-7.863829976084702e-07,7.863829976084702e-07
652851700,0.2198916444217003,0.2198916444217003,0.812411904335022,0.5042887926101685,2.633831024169922,1323,0.21989166608141247,0.21989166608141247,0.8124122619628906,0.504288375377655,2.6338307857513428,1323,2.165971213496931e-08,2.165971213496931e-06,2.165971213496931e-06
652885034,0.2497615465556419,0.1863815156881148,0.8960970640182495,1.2360925674438477,2.9258627891540527,1324,0.2497615682153541,0.18638151103889117,0.8960970640182495,1.2360925674438477,2.9258625507354736,1324,2.1659712245991614e-08,2.1659712245991614e-06,2.1659712245991614e-06
652918368,0.2834053247208234,0.1594920891423191,1.0093133449554443,1.4072301387786863,2.201876401901245,1325,0.2834053384332496,0.1594920639808382,1.0093131065368652,1.407230019569397,2.2018754482269287,1325,1.3712426194523175e-08,1.3712426194523175e-06,1.3712426194523175e-06
652951702,0.3189892420207298,0.1479900868275998,1.0675175189971924,1.4523917436599731,1.9468611478805544,1326,0.318989267654085,0.14799013065368377,1.067517876625061,1.4523909091949463,1.9468611478805542,1326,2.563335521621468e-08,2.563335521621468e-06,2.563335521621468e-06
652985036,0.3560106922224001,0.1513558742635118,1.11064350605011,1.5167244672775269,2.125436544418335,1327,0.3560107218293983,0.15135591399998552,1.1106436252593994,1.5167231559753418,2.1254358291625977,1327,2.960699818643775e-08,2.960699818643775e-06,2.960699818643775e-06
653018370,0.3929610897138552,0.1638711061943834,1.1085119247436523,1.3540277481079102,2.2529103755950928,1328,0.3929611391890683,0.16387112969132445,1.1085125207901,1.3540271520614624,2.2529101371765137,1328,4.947521303755309e-08,4.947521303755309e-06,4.947521303755309e-06
653051704,0.4286975988780296,0.1708566352820845,1.072095274925232,1.1994012594223022,2.20979380607605,1329,0.42869765232688567,0.17085664418308152,1.0720953941345215,1.199401617050171,2.209794759750366,1329,5.344885600777616e-08,5.344885600777616e-06,5.344885600777616e-06
653085038,0.4612518240049318,0.1663180828258214,0.976626753807068,1.239925503730774,2.1367921829223637,1330,0.461251869506502,0.16631808495869096,0.9766265153884888,1.239925742149353,2.1367926597595215,1330,4.5501570178352324e-08,4.550157017835232e-06,4.550157017835232e-06
653118372,0.4896252243752118,0.1835237341198432,0.8512020111083984,0.7844419479370117,1.767573356628418,1331,0.4896252798108894,0.18352373709158878,0.8512023091316223,0.7844420671463013,1.7675737142562866,1331,5.5435677603909994e-08,5.543567760390999e-06,5.543567760390999e-06
653151706,0.5128794043297407,0.1970464255146527,0.6976253986358643,0.5265635251998901,1.5237817764282229,1332,0.5128794617522396,0.19704648497263483,0.697625458240509,0.5265629291534424,1.5237818956375122,1332,5.7422498977999226e-08,5.7422498977999226e-06,5.7422498977999226e-06
653185040,0.5386966157987552,0.183530491948447,0.7745163440704346,0.6680910587310791,1.5055737495422363,1333,0.5386966791817186,0.18353054340642191,0.7745165228843689,0.6680905818939209,1.5055739879608154,1333,6.338296343333383e-08,6.338296343333383e-06,6.338296343333383e-06
653218374,0.5668581097359296,0.1603168724477842,0.8448448181152344,0.94552743434906,1.496490240097046,1334,0.566858185039822,0.16031687005877387,0.844845175743103,0.9455273151397705,1.4964900016784668,1334,7.530389234400303e-08,7.530389234400303e-06,7.530389234400303e-06
653251708,0.5977581430509524,0.1404448680436882,0.9270009994506836,1.221677303314209,1.4851871728897097,1335,0.5977582104075588,0.1404448590725946,0.9270007610321045,1.221677541732788,1.485187292098999,1335,6.73566064035569e-08,6.7356606403556896e-06,6.7356606403556896e-06
653285042,0.6310024866496361,0.1369252368313787,0.9973303079605104,1.2380454540252686,1.4390093088150024,1336,0.6310025500325995,0.13692524000565337,0.9973301887512207,1.2380450963974,1.4390089511871338,1336,6.338296343333383e-08,6.338296343333383e-06,6.338296343333383e-06
653318376,0.6833698877726829,0.0636515562484852,1.0473480224609375,0.8146861791610718,0.3443809151649475,1337,0.6833699511556464,0.06365151749617522,1.0473480224609375,0.8146862387657166,0.3443807065486908,1337,6.338296343333383e-08,6.338296343333383e-06,6.338296343333383e-06
653351710,0.7319565841590202,0.002114069041234,0.9717339277267456,0.3862021267414093,0.0051302583888173,1338,0.7319566535024481,0.002114108287615986,0.9717340469360352,0.38620203733444214,0.0051303524523973465,1338,6.934342788866843e-08,6.934342788866843e-06,6.934342788866843e-06
653385044,0.7762169250880516,0.964853173973052,0.8852068185806274,0.2814013957977295,-0.0631732940673828,1339,0.7762169795303183,0.9648532334112764,0.8852065205574036,0.2814011573791504,-0.06317313015460968,1339,5.4442266694820773e-08,5.444226669482077e-06,5.444226669482077e-06
653418378,0.8178058901463784,0.846085690653575,0.8317793011665344,0.2413078546524047,-0.3499152064323425,1340,0.8178059416084128,0.8460856757645406,0.8317792415618896,0.24130776524543762,-0.34991514682769775,1340,5.146203441164232e-08,5.146203441164232e-06,5.146203441164232e-06
653451712,0.8461108763053852,0.8119736418551927,0.8491495847702026,0.2148125171661377,-0.5234934687614441,1341,0.8461109277674196,0.8119736750673616,0.8491495847702026,0.21481254696846008,-0.523493230342865,1341,5.146203441164232e-08,5.146203441164232e-06,5.146203441164232e-06
653485046,0.8767686803176837,0.8251776390321003,0.9197341203689576,0.3191293179988861,-0.6246021389961243,1342,0.8767687397270041,0.8251775962204566,0.9197343587875366,0.31912925839424133,-0.6246024370193481,1342,5.940932035208846e-08,5.940932035208846e-06,5.940932035208846e-06
653518380,0.9098461428319252,0.8069054689197808,0.992323875427246,0.3000411689281463,-0.8030960559844971,1343,0.9098462022412456,0.8069054948333644,0.9923238754272461,0.3000413179397583,-0.8030960559844971,1343,5.940932035208846e-08,5.940932035208846e-06,5.940932035208846e-06
653551714,0.9388534187311766,0.7511126866116669,0.8702182769775391,0.0055322982370853,-0.7913084030151367,1344,0.9388534801273184,0.75111268136708,0.8702183365821838,0.005532272160053253,-0.7913084030151367,1344,6.139614183719999e-08,6.139614183719999e-06,6.139614183719999e-06
653585048,0.9692553241088824,0.8064457378726634,0.9120571613311768,0.3068219125270843,-0.8285377621650696,1345,0.9692553855050243,0.8064457606216624,0.9120571613311768,0.3068220913410187,-0.8285378813743591,1345,6.13961419482223e-08,6.139614194822229e-06,6.139614194822229e-06
653618382,0.0047742683723406,0.8307386288252928,1.0655683279037476,0.474252849817276,-0.8532586097717285,1346,0.004774329768482577,0.8307386335462796,1.0655683279037476,0.474252849817276,-0.8532585501670837,1346,6.13961419482223e-08,6.139614194822229e-06,6.139614194822229e-06
653651716,0.0409543870920773,0.9445063238078676,1.085403561592102,0.6806330680847168,-0.2474305331707,1347,0.040954452461862294,0.9445063042266362,1.0854036808013916,0.6806328892707825,-0.24743056297302246,1347,6.536978502946766e-08,6.536978502946766e-06,6.536978502946766e-06
653685050,0.0770877439811663,0.0265937616851824,1.0840007066726685,0.8036496639251709,0.1355485320091247,1348,0.07708781332459422,0.02659369748719743,1.084000825881958,0.8036499619483948,0.13554824888706207,1348,6.934342788866843e-08,6.934342788866843e-06,6.934342788866843e-06
653718384,0.1115430950159665,0.0011859031317121,1.0336605310440063,1.1740355491638184,0.0087481932714581,1349,0.11154316038575145,0.001185986177750836,1.0336604118347168,1.1740350723266602,0.008748802356421947,1349,6.536978491844536e-08,6.536978491844536e-06,6.536978491844536e-06
653751718,0.1423903504048622,0.0330293194096494,0.92541766166687,1.0981194972991943,0.2312210202217102,1350,0.14239041577464712,0.0330293277922084,0.9254176616668701,1.0981191396713257,0.231221005320549,1350,6.536978491844536e-08,6.536978491844536e-06,6.536978491844536e-06
653785052,0.1716399350796974,0.0434305648679213,0.8774875402450562,0.8209977746009827,0.2297674566507339,1351,0.17163999647583933,0.04343054107823008,0.8774874210357666,0.8209977149963379,0.229767307639122,1351,6.13961419482223e-08,6.139614194822229e-06,6.139614194822229e-06
653818386,0.2011790393824216,0.1004066463193393,0.8861731290817261,0.6167194843292236,0.4504849314689636,1352,0.20117909680492055,0.10040678674254294,0.8861730098724365,0.6167194843292236,0.4504857659339905,1352,5.7422498977999226e-08,5.7422498977999226e-06,5.7422498977999226e-06
653851720,0.2079319667935542,0.2079319667935543,0.8357986807823181,0.3211790025234222,1.1866776943206787,1353,0.20793195220436236,0.20793195220436236,0.8357986211776733,0.3211791515350342,1.1866778135299683,1353,-1.4589191854597061e-08,-1.4589191854597061e-06,1.4589191854597061e-06
653885054,0.2328632187962703,0.2129048026866468,0.7479375600814819,0.4439680278301239,1.8702025413513184,1354,0.23286320818072143,0.21290480724622884,0.7479376792907715,0.4439680278301239,1.8702027797698975,1354,-1.0615548884373993e-08,-1.0615548884373993e-06,1.0615548884373993e-06
653918388,0.25757854303918,0.1847199695891719,0.7414597272872925,0.8945057392120361,2.057142734527588,1355,0.2575785284499882,0.18471994244203435,0.7414596080780029,0.8945061564445496,2.057142734527588,1355,-1.458919179908591e-08,-1.458919179908591e-06,1.458919179908591e-06
653951722,0.2819148731351069,0.182144933461623,0.7300899028778076,0.9451591968536376,2.0809051990509038,1356,0.2819148545722721,0.1821449454912566,0.7300897836685181,0.9451588988304138,2.080904960632324,1356,-1.8562834769308978e-08,-1.8562834769308978e-06,1.8562834769308978e-06
653985056,0.3089533798019261,0.1893251522138243,0.8111552000045776,0.6056386232376099,1.510919213294983,1357,0.3089533632259129,0.18932515543216208,0.8111552596092224,0.6056384444236755,1.5109188556671143,1357,-1.6576013228686293e-08,-1.6576013228686293e-06,1.6576013228686293e-06
654018390,0.3405447753389847,0.2096248190363467,0.9477418661117554,0.4958056509494781,1.9123094081878664,1358,0.3405447627366144,0.20962479545045598,0.9477419853210449,0.4958058297634125,1.912308931350708,1358,-1.2602370313974376e-08,-1.2602370313974376e-06,1.2602370313974376e-06
654051724,0.3726197989901077,0.1848922599808732,0.9622507095336914,0.8216804265975952,1.8952703475952148,1359,0.37261977844045147,0.18489226083412333,0.9622504711151123,0.8216807246208191,1.8952710628509521,1359,-2.0549656254420512e-08,-2.054965625442051e-06,2.054965625442051e-06
654085058,0.4047335418184768,0.1656865658557819,0.9634122848510742,1.0552048683166504,1.801949977874756,1360,0.4047335252424636,0.1656865580153761,0.9634124040603638,1.05520498752594,1.8019499778747559,1360,-1.6576013228686293e-08,-1.6576013228686293e-06,1.6576013228686293e-06
654118392,0.434908218395727,0.1670799812055254,0.9052402973175048,0.995320200920105,1.7343310117721558,1361,0.43490820181971374,0.16707999294125547,0.9052402973175049,0.9953199625015259,1.7343308925628662,1361,-1.6576013284197444e-08,-1.6576013284197444e-06,1.6576013284197444e-06
654151726,0.463372619164007,0.1390337443229342,0.8539320230484009,1.1126426458358765,1.3284494876861572,1362,0.4633725906670648,0.1390337402322388,0.8539316654205322,1.1126430034637451,1.3284498453140259,1362,-2.8496942194866648e-08,-2.849694219486665e-06,2.849694219486665e-06
654185060,0.4927822224418492,0.1455372187175053,0.8822880983352661,0.9777389764785768,1.269317388534546,1363,0.492782193944907,0.14553724115703492,0.8822880983352661,0.9777393341064453,1.2693182229995728,1363,-2.8496942194866648e-08,-2.849694219486665e-06,2.849694219486665e-06
654218394,0.5217081499219112,0.1503106162729936,0.8677778244018555,1.0037952661514282,1.3872913122177124,1364,0.5217081234117904,0.1503105998522424,0.8677778840065002,1.0037957429885864,1.387291669845581,1364,-2.6510120765266265e-08,-2.6510120765266265e-06,2.6510120765266265e-06
654251728,0.5493899536252193,0.1613018414887322,0.8304541110992432,0.9166007041931152,1.4707869291305542,1365,0.549389925128277,0.16130185192462812,0.8304540514945984,0.9166006445884705,1.4707870483398438,1365,-2.84969422503778e-08,-2.84969422503778e-06,2.84969422503778e-06
654285062,0.5746570142229569,0.1775760565352817,0.7580118179321289,0.6556077599525452,1.339882254600525,1366,0.5746569817523717,0.17757603915375036,0.7580116987228394,0.655608057975769,1.339882493019104,1366,-3.247058522060087e-08,-3.2470585220600867e-06,3.2470585220600867e-06
654318396,0.5959754657864742,0.2251369109162873,0.6395535469055176,0.1939332783222198,1.231300950050354,1367,0.5959754293422459,0.225136902496375,0.639553427696228,0.1939333826303482,1.231301188468933,1367,-3.644422830184624e-08,-3.6444228301846238e-06,3.6444228301846238e-06
654351730,0.6158810349424851,0.2525751332177297,0.5971670746803284,-0.0199128650128841,1.230598211288452,1368,0.6158810004850783,0.25257513444763746,0.5971671342849731,-0.01991286873817444,1.2305978536605835,1368,-3.4457406816734704e-08,-3.4457406816734704e-06,3.4457406816734704e-06
654385064,0.6350994897008113,0.2586512454431142,0.5765536427497864,-0.0640464723110199,1.1770873069763184,1369,0.6350994512697615,0.2586512115526487,0.5765535235404968,-0.0640462338924408,1.1770875453948975,1369,-3.843104978695777e-08,-3.843104978695777e-06,3.843104978695777e-06
654418398,0.6536451212684484,0.2657919170115114,0.5563689470291138,-0.1028717458248138,1.033362865447998,1370,0.6536450868110416,0.2657918958445264,0.5563690662384033,-0.10287155956029892,1.0333623886108398,1370,-3.4457406816734704e-08,-3.4457406816734704e-06,3.4457406816734704e-06
654451732,0.6734690261006526,0.3368330303412747,0.5947171449661255,-0.2453064620494842,0.4040952324867248,1371,0.6734689916432458,0.3368328027468106,0.5947171449661255,-0.24530576169490814,0.4040953814983368,1371,-3.4457406816734704e-08,-3.4457406816734704e-06,3.4457406816734704e-06
654485066,0.6950467777371577,0.5521827725958433,0.6473325490951538,-0.3136919736862182,-0.1067027002573013,1372,0.6950467492402154,0.5521827011171572,0.6473327279090881,-0.3136928081512451,-0.10670282691717148,1372,-2.84969423614001e-08,-2.84969423614001e-06,2.84969423614001e-06
654518400,0.7173968645056259,0.6312395159682858,0.6705026030540466,-0.2176993191242218,-0.2354746758937835,1373,0.717396834021862,0.6312395900429992,0.6705025434494019,-0.21769936382770538,-0.23547494411468506,1373,-3.0483763846511636e-08,-3.0483763846511636e-06,3.0483763846511636e-06
654551734,0.7465531559904587,0.8176327633925805,0.5831258296966553,0.0913568437099456,-0.2018837928771972,1374,0.746553128486927,0.8176327194859642,0.5831258893013,0.09135691821575165,-0.20188410580158234,1374,-2.7503531674355486e-08,-2.7503531674355486e-06,2.7503531674355486e-06
654585068,0.7745966108759414,0.8540824671387741,0.5608690977096558,0.2715201675891876,-0.3542398512363434,1375,0.7745965863526421,0.8540825132503053,0.5608691573143005,0.27152037620544434,-0.35423991084098816,1375,-2.4523299391177034e-08,-2.4523299391177034e-06,2.4523299391177034e-06
654618402,0.8024951728304397,0.8568129081690924,0.5579712390899658,0.2667541801929474,-0.3359254598617553,1376,0.8024951542676049,0.8568128786248065,0.5579713582992554,0.26675403118133545,-0.3359254002571106,1376,-1.856283482482013e-08,-1.856283482482013e-06,1.856283482482013e-06
654651736,0.8218494407455296,0.8022037777539696,0.5806280374526978,0.1635212302207946,-0.4805229902267456,1377,0.8218494241695163,0.802203851166185,0.5806280970573425,0.16352152824401855,-0.48052313923835754,1377,-1.6576013228686293e-08,-1.6576013228686293e-06,1.6576013228686293e-06
654685070,0.8423465780536503,0.7672124809510499,0.6149141192436218,0.0740692317485809,-0.6822077631950378,1378,0.8423465634644586,0.7672124961866054,0.6149141788482666,0.07406929135322571,-0.6822077035903931,1378,-1.4589191743574759e-08,-1.4589191743574759e-06,1.4589191743574759e-06
654718404,0.8628228457888137,0.7101682038831836,0.6142880320549011,-0.1888917684555053,-0.7389260530471802,1379,0.862822831199622,0.7101682008026897,0.6142880320549011,-0.18889176845550537,-0.7389259934425354,1379,-1.4589191743574759e-08,-1.4589191743574759e-06,1.4589191743574759e-06
654751738,0.8814819030086369,0.7001764126883769,0.559771716594696,-0.2740980684757232,-0.8467796444892883,1380,0.8814818904062667,0.7001763992655945,0.5597717761993408,-0.27409812808036804,-0.8467795848846436,1380,-1.2602370258463225e-08,-1.2602370258463225e-06,1.2602370258463225e-06
654785072,0.8976898433884155,0.6991836338374078,0.4862382113933563,-0.3304034769535064,-0.9994052052497864,1381,0.8976898297926345,0.6991836437735564,0.48623818159103394,-0.3304034471511841,-0.9994053244590759,1381,-1.3595781056530143e-08,-1.3595781056530143e-06,1.3595781056530143e-06
654818406,0.9131588818748962,0.7061636957529949,0.4640711545944214,-0.2866365015506744,-1.0142308473587036,1382,0.9131588682791152,0.7061636524456563,0.4640711545944214,-0.2866367995738983,-1.0142308473587036,1382,-1.3595781056530143e-08,-1.3595781056530143e-06,1.3595781056530143e-06
654851740,0.9284322104970784,0.7028934977419421,0.4581998586654663,-0.306618720293045,-1.005518913269043,1383,0.9284321969012974,0.7028935164760248,0.4581998586654663,-0.30661848187446594,-1.0055185556411743,1383,-1.359578094550784e-08,-1.359578094550784e-06,1.359578094550784e-06
654885074,0.9436276298880748,0.6969271021354467,0.4558625817298889,-0.3381858766078949,-0.9762784838676452,1384,0.9436276133120615,0.696927082118658,0.45586249232292175,-0.3381860554218292,-0.9762786030769348,1384,-1.6576013339708595e-08,-1.6576013339708595e-06,1.6576013339708595e-06
654918408,0.9583610546708278,0.6914344731146185,0.4420027434825897,-0.3590725362300873,-0.9313523769378662,1385,0.958361036107993,0.691434428403196,0.44200268387794495,-0.359072744846344,-0.9313521385192871,1385,-1.856283482482013e-08,-1.856283482482013e-06,1.856283482482013e-06
654951742,0.9722201200445664,0.6891985690440869,0.4157719612121582,-0.3879010379314422,-0.9654933214187622,1386,0.9722200985014993,0.6891985402656063,0.41577187180519104,-0.3879012167453766,-0.9654932618141174,1386,-2.154306710799858e-08,-2.154306710799858e-06,2.154306710799858e-06
654985076,0.9864260029912164,0.6912851034276765,0.4261764883995056,-0.3847871720790863,-0.9952663779258728,1387,0.9864259834349709,0.6912851260381688,0.4261765480041504,-0.3847869634628296,-0.9952662587165833,1387,-1.9556245511864745e-08,-1.9556245511864745e-06,1.9556245511864745e-06
655018410,0.0035699339827071,0.6501582812398127,0.5143179297447205,-0.6077866554260254,-0.838298499584198,1388,0.0035699164132829697,0.6501582738225481,0.5143179893493652,-0.6077867150306702,-0.838298499584198,1388,-1.7569424137775513e-08,-1.7569424137775513e-06,1.7569424137775513e-06
655051744,0.0209153902650048,0.627118022643002,0.5203636884689331,-0.7591511011123657,-0.7796303033828735,1389,0.02091537070875925,0.6271180224789383,0.5203636288642883,-0.7591511607170105,-0.7796303629875183,1389,-1.9556245567375896e-08,-1.9556245567375896e-06,1.9556245567375896e-06
655085078,0.0357237430532942,0.5911383591553233,0.4442505836486816,-0.998083472251892,-0.6434627771377563,1390,0.03572372349704864,0.5911383875118814,0.44425058364868164,-0.9980831742286682,-0.6434628367424011,1390,-1.9556245567375896e-08,-1.9556245567375896e-06,1.9556245567375896e-06
655118412,0.0547965364774237,0.5326300789042011,0.3814558684825897,-2.1918258666992188,-0.4557738602161407,1391,0.05479651692117812,0.5326300802806094,0.3814558684825897,-2.1918256282806396,-0.45577383041381836,1391,-1.9556245567375896e-08,-1.9556245567375896e-06,1.9556245567375896e-06
655151746,0.0812827743212551,0.7559226475906873,0.7945871353149414,0.067460149526596,-1.8119699954986568,1392,0.08128274681772353,0.7559226930586502,0.7945868968963623,0.06746064126491547,-1.81196928024292,1392,-2.7503531563333183e-08,-2.7503531563333183e-06,2.7503531563333183e-06
655185080,0.1054905968030463,0.7650623970592891,0.7262346744537354,0.1518183648586273,-1.5993776321411133,1393,0.10549057128633621,0.7650624194566038,0.7262347340583801,0.15181860327720642,-1.5993777513504028,1393,-2.551671007822165e-08,-2.551671007822165e-06,2.551671007822165e-06
655218414,0.1287390586853196,0.7670155145492661,0.6974538564682007,0.149385780096054,-1.391955018043518,1394,0.1287390311817881,0.7670154567869323,0.6974537968635559,0.14938533306121826,-1.3919556140899658,1394,-2.7503531507822032e-08,-2.7503531507822032e-06,2.7503531507822032e-06
655251748,0.1508492745081753,0.7576918870180177,0.663306474685669,0.0638181865215301,-1.3194513320922852,1395,0.15084924700464372,0.7576918697797401,0.663306474685669,0.06381803750991821,-1.3194512128829956,1395,-2.7503531563333183e-08,-2.7503531563333183e-06,2.7503531563333183e-06
655285082,0.1731931882222663,0.7615294979697834,0.6703174114227295,0.0856880843639373,-1.1807814836502075,1396,0.17319315277144873,0.761529485660068,0.6703171730041504,0.08568800985813141,-1.1807817220687866,1396,-3.545081755929047e-08,-3.545081755929047e-06,3.545081755929047e-06
655318416,0.1953065909067959,0.774076425941236,0.6634020805358887,0.146534651517868,-0.9612531065940856,1397,0.19530655942962133,0.7740763147925698,0.6634021997451782,0.1465340554714203,-0.9612537026405334,1397,-3.147717453355625e-08,-3.147717453355625e-06,3.147717453355625e-06
655351750,0.2170768615722825,0.7647606752742147,0.6531081199645996,0.0735364258289337,-0.7906216979026794,1398,0.2170768281082865,0.7647606804610064,0.6531080603599548,0.07353644073009491,-0.7906215786933899,1398,-3.3463996018667785e-08,-3.3463996018667785e-06,3.3463996018667785e-06
655385084,0.2475831088543107,0.689333230436299,0.610124945640564,-0.1608826816082,-0.4014216661453247,1399,0.24758307539031468,0.6893331744823825,0.610124945640564,-0.16088290512561798,-0.40142181515693665,1399,-3.3463996018667785e-08,-3.3463996018667785e-06,3.3463996018667785e-06
655418418,0.2737202462673356,0.4682426437371279,0.522742748260498,-0.7005622982978821,0.1416736096143722,1400,0.2737202068428751,0.4682428735499363,0.5227426290512085,-0.7005627155303955,0.14167264103889465,1400,-3.942446047400239e-08,-3.942446047400239e-06,3.942446047400239e-06
655451752,0.2966229137897661,0.4363135861465311,0.4580533504486084,-1.2364752292633057,0.5229971408843994,1401,0.2966228698949572,0.43631357413343946,0.45805326104164124,-1.2364751100540161,0.5229972004890442,1401,-4.3894808898770066e-08,-4.3894808898770066e-06,4.3894808898770066e-06
655485086,0.3196663347006013,0.4421149920626109,0.4608684182167053,-1.4814540147781372,0.5638940334320068,1402,0.3196662967662569,0.44211500775876655,0.4608685374259949,-1.481454610824585,0.5638940930366516,1402,-3.793434438792431e-08,-3.7934344387924313e-06,3.7934344387924313e-06
655518420,0.3439045992613008,0.4669110693010496,0.4847652912139892,-1.73186194896698,0.3653398752212524,1403,0.34390456132695635,0.46691102775709953,0.48476529121398926,-1.7318618297576904,0.36534032225608826,1403,-3.7934344443435464e-08,-3.7934344443435464e-06,3.7934344443435464e-06
655551754,0.3882584956407716,0.5003292112428597,0.8870779275894165,-2.659027099609375,-0.0055001927539706,1404,0.3882584577064272,0.5003292297759854,0.8870779275894165,-2.659027338027954,-0.00550050288438797,1404,-3.793434438792431e-08,-3.7934344387924313e-06,3.7934344387924313e-06
655585088,0.4180471049865256,0.3340047335135512,0.8936582803726196,-0.9398255944252014,1.6120818853378296,1405,0.41804707499946714,0.3340047649855257,0.8936585187911987,-0.9398259520530701,1.61208176612854,1405,-2.9987058447478177e-08,-2.9987058447478177e-06,2.9987058447478177e-06
655618422,0.4486128476381471,0.3306954769299746,0.916972279548645,-0.9047409296035768,1.628817081451416,1406,0.44861281566426714,0.3306955110557089,0.9169722199440002,-0.9047415852546692,1.6288174390792847,1406,-3.197387998810086e-08,-3.197387998810086e-06,3.197387998810086e-06
655651756,0.4802700069666078,0.3307870753297576,0.9497147798538208,-0.8922293186187744,1.604116678237915,1407,0.4802699670454419,0.3307871099383867,0.9497145414352417,-0.8922299742698669,1.6041170358657837,1407,-3.9921165928547e-08,-3.9921165928547e-06,3.9921165928547e-06
655685090,0.5143354760726462,0.3256056162773522,1.0219640731811523,-0.7918551564216614,1.539592146873474,1408,0.5143354361514803,0.325605606532072,1.0219640731811523,-0.7918550372123718,1.5395921468734741,1408,-3.9921165928547e-08,-3.9921165928547e-06,3.9921165928547e-06
655718424,0.5486920542637675,0.3255215405315533,1.0306973457336426,-0.7910645008087158,1.5400545597076416,1409,0.5486920143426016,0.3255215804542267,1.0306973457336426,-0.7910645604133606,1.5400537252426147,1409,-3.9921165928547e-08,-3.9921165928547e-06,3.9921165928547e-06
655751758,0.5829385903597046,0.3298885544677833,1.0273960828781128,-0.8345115780830383,1.5204919576644895,1410,0.5829385385176098,0.3298885256995138,1.0273957252502441,-0.8345112204551697,1.5204919576644897,1410,-5.18420948392162e-08,-5.18420948392162e-06,5.18420948392162e-06
655785092,0.6164189961671998,0.3444130192494112,1.0044121742248535,-0.8956387639045715,1.3284047842025757,1411,0.6164189522723909,0.34441308991508063,1.0044124126434326,-0.8956393003463745,1.3284043073654175,1411,-4.3894808898770066e-08,-4.3894808898770066e-06,4.3894808898770066e-06
655818426,0.647383911124882,0.3707201768631011,0.9289474487304688,-0.9922415018081664,1.0470943450927734,1412,0.6473838612696087,0.37072022409660965,0.9289472699165344,-0.9922419786453247,1.0470942258834839,1412,-4.985527335410467e-08,-4.985527335410467e-06,4.985527335410467e-06
655851760,0.6727829880635112,0.4298971822048104,0.7619723081588745,-1.0212035179138184,0.4813479483127594,1413,0.6727829401950594,0.42989714713064225,0.7619723677635193,-1.0212037563323975,0.48134833574295044,1413,-4.7868451868993134e-08,-4.786845186899313e-06,4.786845186899313e-06
655885094,0.6933533139149517,0.4821901455046174,0.6171097755432129,-1.0622806549072266,0.11937066167593,1414,0.6933532640596783,0.4821901953446145,0.6171097159385681,-1.0622799396514893,0.1193702444434166,1414,-4.985527335410467e-08,-4.985527335410467e-06,4.985527335410467e-06
655918428,0.7135355380296876,0.5006507028281035,0.6054667234420776,-1.070948839187622,-0.0043785842135548,1415,0.7135354881744143,0.5006507464346264,0.6054667234420776,-1.0709484815597534,-0.004378876183182001,1415,-4.985527335410467e-08,-4.985527335410467e-06,4.985527335410467e-06
655951762,0.7329248951991568,0.4768548686909472,0.5816807150840759,-0.925995945930481,0.135620504617691,1416,0.7329248453438835,0.4768548695518313,0.5816807150840759,-0.9259961843490601,0.13562053442001343,1416,-4.985527335410467e-08,-4.985527335410467e-06,4.985527335410467e-06
655985096,0.7549741175890138,0.3022106544312075,0.6614766716957092,-0.4053272306919098,1.1909246444702148,1417,0.754974061773276,0.302210678126548,0.6614764928817749,-0.4053274691104889,1.1909247636795044,1417,-5.581573780943927e-08,-5.581573780943927e-06,5.581573780943927e-06
656018430,0.773817220044153,0.3365169732809919,0.5652930736541748,-0.2360530793666839,0.3905985951423645,1418,0.7738171582679506,0.3365168342907151,0.5652928948402405,-0.2360527217388153,0.39059877395629883,1418,-6.177620237579617e-08,-6.1776202375796174e-06,6.1776202375796174e-06
656051764,0.7924647000551394,0.3099981195814739,0.5594244003295898,-0.095312088727951,0.2407391667366027,1419,0.7924646343052939,0.3099979861691597,0.5594242811203003,-0.09531176090240479,0.24073892831802368,1419,-6.574984545704154e-08,-6.5749845457041545e-06,6.5749845457041545e-06
656085098,0.8200153377771547,0.2324413817952614,0.5510127544403076,0.0080940164625644,0.0730679407715797,1420,0.8200152779877737,0.23244193250476552,0.5510128736495972,0.008093718439340591,0.0730675607919693,1420,-5.978938100170694e-08,-5.978938100170694e-06,5.978938100170694e-06
656118432,0.8473101821661165,0.8525336488458919,0.5458968877792358,0.015546653419733,-0.0206970833241939,1421,0.8473101283372,0.8525345892817587,0.5458970069885254,0.015546899288892746,-0.020697155967354774,1421,-5.382891654637234e-08,-5.382891654637234e-06,5.382891654637234e-06
656151766,0.8660882062832684,0.7833354991932031,0.5633407235145569,0.0469337441027164,-0.2207911312580108,1422,0.8660881564279949,0.7833353159933781,0.5633408427238464,0.04693353548645973,-0.22079139947891235,1422,-4.985527357614927e-08,-4.985527357614927e-06,4.985527357614927e-06
656185100,0.8909367230653933,0.8363028721467468,0.7454555034637451,0.2015475034713745,-0.3345177471637726,1423,0.8909366732101197,0.8363029244213087,0.7454555034637451,0.20154747366905212,-0.3345174491405487,1423,-4.985527357614927e-08,-4.985527357614927e-06,4.985527357614927e-06
656218434,0.9185118861119124,0.8192997817957514,0.8272548913955688,0.157802402973175,-0.3392129838466644,1424,0.9185118402302817,0.8192997813957357,0.8272550106048584,0.15780238807201385,-0.33921295404434204,1424,-4.588163071694851e-08,-4.588163071694851e-06,4.588163071694851e-06
656251768,0.9484126396099896,0.806324156424737,0.8970226049423218,0.1557629406452179,-0.4216088652610779,1425,0.9484125937283591,0.8063241921439805,0.8970226049423218,0.15576301515102386,-0.4216087758541107,1425,-4.58816304949039e-08,-4.58816304949039e-06,4.58816304949039e-06
656285102,0.978282108616846,0.7642918410928682,0.8960840702056885,0.0480321682989597,-0.5334510803222656,1426,0.9782820647220368,0.7642919047761924,0.8960841298103333,0.04803236201405525,-0.5334508419036865,1426,-4.389480912081467e-08,-4.389480912081467e-06,4.389480912081467e-06
656318436,0.0052638478199811,0.7712516934251585,0.8094521760940552,0.0657949000597,-0.4898091554641723,1427,0.00526380193835041,0.7712517270724497,0.8094521164894104,0.06579498946666718,-0.4898090362548828,1427,-4.588163071694851e-08,-4.588163071694851e-06,4.588163071694851e-06
656351770,0.0307284858942202,0.7719310448190908,0.7639391422271729,0.0690625458955764,-0.4980149269104004,1428,0.030728440012589505,0.7719310494913323,0.7639391422271729,0.06906256079673767,-0.4980149269104004,1428,-4.588163071694851e-08,-4.588163071694851e-06,4.588163071694851e-06
656385104,0.0557850308338971,0.6904505896827378,0.7516963481903076,-0.2173977494239807,-0.5536585450172424,1429,0.05578498892590941,0.6904505960360222,0.7516964673995972,-0.2173977941274643,-0.5536587238311768,1429,-4.190798769121429e-08,-4.190798769121429e-06,4.190798769121429e-06
656418438,0.0799135036389203,0.6924237900511517,0.7238541841506958,-0.2327394485473632,-0.6150362491607666,1430,0.07991346173093261,0.6924238051836209,0.7238541841506958,-0.23273935914039612,-0.6150361895561218,1430,-4.190798769121429e-08,-4.190798769121429e-06,4.190798769121429e-06
656451772,0.1032971130927574,0.6889058478552887,0.7015082836151123,-0.2505598664283752,-0.6203477382659912,1431,0.10329707118476969,0.6889058493752275,0.7015082836151123,-0.2505599558353424,-0.6203479766845703,1431,-4.190798769121429e-08,-4.190798769121429e-06,4.190798769121429e-06
656485106,0.1251957403739463,0.6835022284568955,0.656958818435669,-0.2854534685611725,-0.6429744362831116,1432,0.12519569846595865,0.6835022941706719,0.656958818435669,-0.2854532301425934,-0.6429746150970459,1432,-4.1907987635703137e-08,-4.190798763570314e-06,4.190798763570314e-06
656518440,0.1453489310662122,0.6879423567070302,0.6045957207679749,-0.3010189831256866,-0.732475757598877,1433,0.14534888915822447,0.6879424010264192,0.6045957207679749,-0.30101874470710754,-0.732475757598877,1433,-4.190798774672544e-08,-4.190798774672544e-06,4.190798774672544e-06
656551774,0.1644608544429313,0.685214190423871,0.5733577013015747,-0.3369266092777252,-0.7814752459526062,1434,0.16446080856130063,0.6852141969517307,0.5733575820922852,-0.33692651987075806,-0.7814751267433167,1434,-4.5881630661437356e-08,-4.588163066143736e-06,4.588163066143736e-06
656585108,0.1833892074346713,0.6766237343631825,0.5678505897521973,-0.3908820152282715,-0.7868936657905579,1435,0.18338916353986204,0.6766237391979367,0.567850649356842,-0.3908819854259491,-0.7868936657905579,1435,-4.389480923183697e-08,-4.389480923183697e-06,4.389480923183697e-06
656618442,0.213073795747774,0.5568693747109406,0.5936917662620544,-0.8856058716773987,-0.330638438463211,1436,0.21307375185296476,0.5568693665003394,0.5936917662620544,-0.8856059312820435,-0.33063840866088867,1436,-4.389480923183697e-08,-4.389480923183697e-06,4.389480923183697e-06
656651776,0.2428082582473925,0.5591299152307089,0.5946892499923706,-0.8894040584564209,-0.3465275764465332,1437,0.24280821137235103,0.559129932729066,0.5946891903877258,-0.8894039988517761,-0.34652766585350037,1437,-4.6875041459504274e-08,-4.687504145950427e-06,4.687504145950427e-06
656685110,0.2726857063293628,0.5673648821466202,0.5975489616394043,-0.8492760062217712,-0.3825951516628265,1438,0.2726856624345535,0.5673648997982699,0.5975490212440491,-0.8492758870124817,-0.3825952112674713,1438,-4.3894809287348124e-08,-4.3894809287348124e-06,4.3894809287348124e-06
656718444,0.3033167538166217,0.5847044618797106,0.6126209497451782,-0.7607617378234863,-0.4480085670948028,1439,0.3033167099218124,0.5847045098192453,0.6126209497451782,-0.7607616186141968,-0.44800880551338196,1439,-4.3894809287348124e-08,-4.3894809287348124e-06,4.3894809287348124e-06
656751778,0.3340678897619418,0.600738017589677,0.6150227189064026,-0.6857823729515076,-0.5031251907348633,1440,0.3340678488473648,0.6007380487699827,0.6150227785110474,-0.685782253742218,-0.5031253099441528,1440,-4.091457700416967e-08,-4.091457700416967e-06,4.091457700416967e-06
656785112,0.3653550413370303,0.6099283964380661,0.62574303150177,-0.600738525390625,-0.4965190589427948,1441,0.3653550004224533,0.6099284043843962,0.62574303150177,-0.6007386445999146,-0.49651920795440674,1441,-4.091457700416967e-08,-4.091457700416967e-06,4.091457700416967e-06
656818446,0.3964042511701754,0.6493675443815798,0.6209841966629028,-0.3353711366653442,-0.4577623009681701,1442,0.3964042102555984,0.6493675614722938,0.6209841966629028,-0.3353710174560547,-0.4577622413635254,1442,-4.091457700416967e-08,-4.091457700416967e-06,4.091457700416967e-06
656851780,0.4272842434168032,0.6565673613414935,0.6175998449325562,-0.3132402300834656,-0.4708268344402313,1443,0.4272842084626907,0.6565673194707593,0.6175999641418457,-0.3132403492927551,-0.47082674503326416,1443,-3.495411249332392e-08,-3.495411249332392e-06,3.495411249332392e-06
656885114,0.4599405375242404,0.6382652023218874,0.6531258821487427,-0.3773549199104309,-0.4461517035961151,1444,0.45994049958989563,0.6382651908822393,0.6531258225440979,-0.3773549497127533,-0.4461516737937927,1444,-3.793434477650237e-08,-3.793434477650237e-06,3.793434477650237e-06
656918448,0.4941846606254748,0.6378372045744796,0.6848824620246887,-0.3482367694377899,-0.4094865024089813,1445,0.4941846256713623,0.6378372640658827,0.6848825216293335,-0.3482365310192108,-0.4094865322113037,1445,-3.495411249332392e-08,-3.495411249332392e-06,3.495411249332392e-06
656951782,0.5324676063776187,0.6137136919228446,0.7656589150428772,-0.3250412344932556,-0.2819264531135559,1446,0.5324675684432739,0.6137136358386073,0.7656588554382324,-0.3250412940979004,-0.28192630410194397,1446,-3.793434477650237e-08,-3.793434477650237e-06,3.793434477650237e-06
656985116,0.583598008465784,0.9783750123890612,1.0226080417633057,0.7824478149414062,-0.1069732755422592,1447,0.5835979705314392,0.9783750088559201,1.0226080417633057,0.7824475765228271,-0.10697326064109802,1447,-3.793434477650237e-08,-3.793434477650237e-06,3.793434477650237e-06
657018450,0.6343179252863101,0.0056519252677231,1.0143983364105225,1.0567766427993774,0.037544135004282,1448,0.6343178873519654,0.005651860598926749,1.0143983364105225,1.056777000427246,0.03754371777176857,1448,-3.793434477650237e-08,-3.793434477650237e-06,3.793434477650237e-06
657051784,0.6807373014211826,0.0195404149460118,0.9283875226974488,1.1142256259918213,0.137491762638092,1449,0.6807372456054444,0.019540368902722993,0.9283871650695801,1.11422598361969,0.13749147951602936,1449,-5.581573825352848e-08,-5.581573825352848e-06,5.581573825352848e-06
657085118,0.7225631085157566,0.0484952379115398,0.8365161418914795,1.016326069831848,0.3196330666542053,1450,0.7225630348186249,0.048495282436410644,0.8365157842636108,1.0163263082504272,0.31963345408439636,1450,-7.369713161953229e-08,-7.3697131619532286e-06,7.3697131619532286e-06
657118452,0.7593546536684207,0.0811797347106997,0.7358309030532837,0.7991728782653809,0.4470949470996856,1451,0.7593545769910569,0.08117971587108645,0.7358308434486389,0.7991724610328674,0.447094589471817,1451,-7.667736379168844e-08,-7.667736379168844e-06,7.667736379168844e-06
657151786,0.7950896707296542,0.1161432666799305,0.7147003412246704,0.719622015953064,0.6436780095100403,1452,0.7950895851115937,0.11614322505874577,0.7147001624107361,0.7196221947669983,0.643677830696106,1452,-8.561806053020149e-08,-8.561806053020149e-06,8.561806053020149e-06
657185120,0.8291398611784152,0.1410092352326888,0.6810038089752197,0.6804776787757874,0.8332585096359253,1453,0.8291397606591935,0.14100920848196907,0.6810035109519958,0.6804781556129456,0.8332588076591492,1453,-1.0051922172404915e-07,-1.0051922172404915e-05,1.0051922172404915e-05
657218454,0.8619414416074923,0.1648913625884272,0.656031608581543,0.6270562410354614,1.0586442947387695,1454,0.8619413381080384,0.1648913156442366,0.6560315489768982,0.6270570158958435,1.0586448907852173,1454,-1.034994538962053e-07,-1.034994538962053e-05,1.034994538962053e-05
657251788,0.8894362118959597,0.158538919246363,0.5498954057693481,0.8908207416534424,1.3756306171417236,1455,0.8894360994558091,0.1585388955101088,0.5498952269554138,0.8908208012580872,1.375630259513855,1455,-1.1244015052369605e-07,-1.1244015052369605e-05,1.1244015052369605e-05
657285122,0.91216508568527,0.2021891729745666,0.4545774757862091,0.6289438009262085,2.030296564102173,1456,0.9121649866561646,0.20218917844287077,0.4545777440071106,0.6289435029029846,2.0302958488464355,1456,-9.902910536041531e-08,-9.902910536041531e-06,9.902910536041531e-06
657318456,0.9312062886476686,0.2285960521044333,0.3808240592479706,0.3472543656826019,2.5665197372436523,1457,0.9312061911086793,0.22859606117881634,0.38082408905029297,0.34725421667099,2.5665197372436523,1457,-9.753898932984839e-08,-9.753898932984839e-06,9.753898932984839e-06
657351790,0.9531176594019106,0.2277284589664363,0.4382274150848388,0.3870442807674408,2.7477846145629883,1458,0.9531175693135019,0.22772845748854786,0.4382275640964508,0.38704434037208557,2.7477848529815674,1458,-9.008840873292456e-08,-9.008840873292456e-06,9.008840873292456e-06
657385124,0.9825450417518786,0.2135866529756295,0.5885476469993591,0.6978675127029419,2.9968206882476807,1459,0.9825449486832376,0.2135866469703272,0.5885475873947144,0.6978676319122314,2.9968206882476807,1459,-9.306864101610302e-08,-9.306864101610302e-06,9.306864101610302e-06
657418458,0.0217785117149522,0.1728178685523045,0.7846693992614746,1.416609287261963,2.6884799003601074,1460,0.021778412685846904,0.17281782899573667,0.7846692800521851,1.416609764099121,2.68847918510437,1460,-9.902910530490416e-08,-9.902910530490416e-06,9.902910530490416e-06
657451792,0.0623401162147691,0.1626631988357822,0.8112320899963379,1.5837385654449463,2.5903849601745605,1461,0.062340017185663794,0.16266319587985748,0.8112320899963379,1.583738923072815,2.5903854370117188,1461,-9.902910530490416e-08,-9.902910530490416e-06,9.902910530490416e-06
657485126,0.103778505039232,0.1577872332262326,0.8287677764892578,1.662116527557373,2.5403096675872803,1462,0.10377840899035892,0.15778724730170496,0.8287678360939026,1.6621160507202148,2.540309429168701,1462,-9.604887307723686e-08,-9.604887307723686e-06,9.604887307723686e-06
657518460,0.1447467562675645,0.1531133895256163,0.8193650245666504,1.7233214378356934,2.4722373485565186,1463,0.14474665127799474,0.1531133854543606,0.8193648457527161,1.7233211994171143,2.4722368717193604,1463,-1.0498956976023877e-07,-1.0498956976023877e-05,1.0498956976023877e-05
657551794,0.1507708270087144,0.1507708270087144,0.8329452276229858,1.6525557041168213,2.297869682312012,1464,0.15077086376063836,0.15077086376063834,0.8329454660415649,1.6525555849075317,2.297870635986328,1464,3.675192394858584e-08,3.675192394858584e-06,3.675192394858584e-06
657585128,0.1781965016061367,0.1526380988407221,0.8227702379226685,1.5951929092407229,2.273921489715576,1465,0.1781965443185251,0.1526381122779341,0.8227704167366028,1.595192790031433,2.2739217281341553,1465,4.271238840392044e-08,4.271238840392044e-06,4.271238840392044e-06
657618462,0.2052184580499233,0.1548895703827215,0.8106586933135986,1.4973700046539309,2.2000279426574707,1466,0.2052185067227762,0.15488955973786958,0.810658872127533,1.497369408607483,2.200026750564575,1466,4.8672852859255045e-08,4.8672852859255045e-06,4.8672852859255045e-06
657651796,0.2319328942630988,0.1598441141116959,0.8014330863952637,1.3560822010040283,2.1322245597839355,1467,0.23193295088323762,0.15984409971757327,0.8014333248138428,1.3560823202133179,2.1322243213653564,1467,5.662013879970118e-08,5.662013879970118e-06,5.662013879970118e-06
657685130,0.2580879130695563,0.1677218981523555,0.7846505641937256,1.1484956741333008,2.020066261291504,1468,0.25808796968969516,0.1677219123480102,0.7846505641937256,1.1484954357147217,2.020066261291504,1468,5.662013879970118e-08,5.662013879970118e-06,5.662013879970118e-06
657718464,0.2792103885346951,0.1916941708867976,0.6336742639541626,0.6964106559753418,1.8151493072509768,1469,0.2792104511152984,0.19169417650238615,0.6336744427680969,0.6964105367660522,1.815149188041687,1469,6.258060336605809e-08,6.2580603366058085e-06,6.2580603366058085e-06
657751798,0.2964000044995846,0.2125632569137109,0.5156884789466858,0.4010163247585296,1.6732827425003052,1470,0.29640006708018796,0.2125632381488748,0.5156884789466858,0.4010165333747864,1.6732827425003052,1470,6.258060336605809e-08,6.2580603366058085e-06,6.2580603366058085e-06
657785132,0.3129727173581026,0.2126778953899572,0.4971813857555389,0.3838432133197784,1.606731653213501,1471,0.3129727799387059,0.21267790047921212,0.49718138575553894,0.3838432729244232,1.6067321300506592,1471,6.258060336605809e-08,6.2580603366058085e-06,6.2580603366058085e-06
657818466,0.330072002483835,0.2132852629177883,0.5129785537719727,0.3320472538471222,1.4137698411941528,1472,0.33007206307761683,0.21328524027565834,0.5129784941673279,0.3320475220680237,1.413770079612732,1472,6.059378176992425e-08,6.059378176992425e-06,6.059378176992425e-06
657851800,0.3598224479689501,0.3612703084053701,0.595008909702301,-0.4115985631942749,0.4895288050174713,1473,0.35982251154296413,0.36127038516349824,0.5950089693069458,-0.41159889101982117,0.48952871561050415,1473,6.35740140531027e-08,6.35740140531027e-06,6.35740140531027e-06
657885134,0.3808072128627998,0.3496272496654498,0.6295429468154907,-0.2586081326007843,0.3577023148536682,1474,0.3808072784236353,0.34962725690290153,0.6295430064201355,-0.25860822200775146,0.3577024042606354,1474,6.556083553821423e-08,6.5560835538214235e-06,6.5560835538214235e-06
657918468,0.4034664589896105,0.2090726715862714,0.6797773838043213,0.0892773866653442,0.3394881784915924,1475,0.40346652057680304,0.2090726278837206,0.6797772645950317,0.08927758038043976,0.33948853611946106,1475,6.158719256799117e-08,6.158719256799117e-06,6.158719256799117e-06
657951802,0.4273860413565539,0.0972735151763286,0.7175874710083008,0.4070568382740021,0.2852198183536529,1476,0.4273861009569249,0.09727353234857497,0.717587411403656,0.4070569574832916,0.2852199673652649,1476,5.960037108287963e-08,5.960037108287963e-06,5.960037108287963e-06
657985136,0.4530141213272315,0.0731112805008175,0.7688423991203308,0.5883703231811523,0.2910470962524414,1477,0.4530141809276026,0.07311133183116555,0.7688423991203308,0.5883699059486389,0.2910471260547638,1477,5.960037108287963e-08,5.960037108287963e-06,5.960037108287963e-06
658018470,0.4805553415153724,0.0553842365090969,0.8262366056442261,0.693463921546936,0.2515552043914795,1478,0.48055540906302946,0.055384261753863365,0.8262368440628052,0.6934637427330017,0.25155526399612427,1478,6.754765702332577e-08,6.754765702332577e-06,6.754765702332577e-06
658051804,0.5101377942894203,0.0884969666459484,0.8874735832214355,0.507001519203186,0.3150763809680938,1479,0.5101378578634344,0.08849699181070776,0.887473464012146,0.5070013403892517,0.31507638096809387,1479,6.35740140531027e-08,6.35740140531027e-06,6.35740140531027e-06
658085138,0.5423489112391375,0.0647479397437417,0.966333508491516,0.5888688564300537,0.2537198066711426,1480,0.5423489748131516,0.06474797559048358,0.9663335084915161,0.5888689756393433,0.2537200152873993,1480,6.35740140531027e-08,6.35740140531027e-06,6.35740140531027e-06
658118472,0.5949371833338641,0.8115151119139519,1.0517654418945312,0.1703211367130279,-0.4184979200363159,1481,0.5949372469078782,0.811515156573328,1.0517654418945312,0.1703212857246399,-0.4184979498386383,1481,6.35740140531027e-08,6.35740140531027e-06,6.35740140531027e-06
658151806,0.6497882921233081,0.6860182099544176,1.0970221757888794,-0.3674216270446777,-0.8641882538795471,1482,0.6497883556973222,0.6860182297175095,1.0970221757888794,-0.36742162704467773,-0.864188551902771,1482,6.35740140531027e-08,6.35740140531027e-06,6.35740140531027e-06
658185140,0.6693225501269677,0.6693225501269677,1.042432427406311,-0.4184272885322571,-0.7535012364387512,1483,0.6693225720329843,0.6693225720329843,1.0424325466156006,-0.41842731833457947,-0.7535015344619751,1483,2.1906016556272334e-08,2.1906016556272334e-06,2.1906016556272334e-06
658218474,0.7018185137004236,0.6697972438112125,0.9748789072036744,-0.355137288570404,-0.6440474390983582,1484,0.7018185395800831,0.6697972726293859,0.9748790264129639,-0.3551371693611145,-0.6440474987030029,1484,2.5879659526495402e-08,2.5879659526495402e-06,2.5879659526495402e-06
658251808,0.7334363180687605,0.653004595359955,0.94853413105011,-0.4588515758514404,-0.6572996973991394,1485,0.7334363399747771,0.6530046176967317,0.9485340118408203,-0.4588513970375061,-0.6572996377944946,1485,2.1906016556272334e-08,2.1906016556272334e-06,2.1906016556272334e-06
658285142,0.7619266508311608,0.6040202483530881,0.8547099828720093,-0.6151726245880127,-0.4711400270462036,1486,0.7619266687635344,0.6040202237456194,0.8547098636627197,-0.6151727437973022,-0.47113996744155884,1486,1.7932373586049266e-08,1.7932373586049266e-06,1.7932373586049266e-06
658318476,0.7898007550130863,0.5416359465857377,0.8362231254577637,-0.7479175925254822,-0.2002491950988769,1487,0.789800768971817,0.5416359019934103,0.8362230062484741,-0.747917652130127,-0.20024898648262024,1487,1.3958730615826198e-08,1.3958730615826198e-06,1.3958730615826198e-06
658351810,0.8169938284447371,0.5231107752772153,0.8157922029495239,-0.7721288800239563,-0.1129150316119194,1488,0.8169938404166462,0.5231107158706272,0.8157921433448792,-0.7721290588378906,-0.11291476339101791,1488,1.1971909130714664e-08,1.1971909130714664e-06,1.1971909130714664e-06
658385144,0.843632777362126,0.524873717665497,0.7991684675216675,-0.7800767421722412,-0.1229176148772239,1489,0.8436327893340352,0.5248737065722882,0.7991684675216675,-0.7800766229629517,-0.122917540371418,1489,1.1971909130714664e-08,1.1971909130714664e-06,1.1971909130714664e-06
658418478,0.8699452557455082,0.5410777422164473,0.7893743515014648,-0.7301639318466187,-0.192753866314888,1490,0.8699452637437743,0.5410777604349842,0.7893742322921753,-0.7301639318466187,-0.19275395572185516,1490,7.998266160491596e-09,7.998266160491596e-07,7.998266160491596e-07
658451812,0.8964489974866886,0.5517496587490611,0.7951122522354126,-0.6963012218475342,-0.2347355335950851,1491,0.8964490074717762,0.5517496373402255,0.7951123118400574,-0.6963012218475342,-0.2347354292869568,1491,9.98508764560313e-09,9.98508764560313e-07,9.98508764560313e-07
658485146,0.9224440294792832,0.5775355094410284,0.779850959777832,-0.6427754759788513,-0.3405157327651977,1492,0.9224440434380137,0.5775355562239006,0.7798510789871216,-0.6427753567695618,-0.3405159115791321,1492,1.3958730504803896e-08,1.3958730504803896e-06,1.3958730504803896e-06
658518480,0.9483111022204735,0.615845606341549,0.7760121822357178,-0.5632743835449219,-0.5019370913505554,1493,0.9483111161792043,0.6158456606209305,0.7760121822357178,-0.5632742643356323,-0.5019373297691345,1493,1.39587307268485e-08,1.39587307268485e-06,1.39587307268485e-06
658551814,0.9741061328143458,0.6572615791359835,0.7738509178161621,-0.4406996667385101,-0.6687158942222595,1494,0.9741061507467194,0.6572615971172404,0.7738510370254517,-0.44069963693618774,-0.6687160134315491,1494,1.7932373586049266e-08,1.7932373586049266e-06,1.7932373586049266e-06
658585148,0.9983402568390548,0.671429190966416,0.727023720741272,-0.3808823227882385,-0.7078045606613159,1495,0.9983402747714284,0.6714291745845675,0.727023720741272,-0.3808823525905609,-0.7078044414520264,1495,1.7932373586049266e-08,1.7932373586049266e-06,1.7932373586049266e-06
658618482,0.0221840677947382,0.664290088258493,0.7153143286705017,-0.3881859183311462,-0.6497543454170227,1496,0.02218408771393321,0.6642901000663977,0.7153143882751465,-0.38818588852882385,-0.6497544050216675,1496,1.9919194960138498e-08,1.9919194960138498e-06,1.9919194960138498e-06
658651816,0.0462978897780756,0.6547782131774658,0.7234146595001221,-0.3760994970798492,-0.5517581105232239,1497,0.04629790572362763,0.6547781923593603,0.7234145402908325,-0.37609976530075073,-0.551758348941803,1497,1.594555198991543e-08,1.594555198991543e-06,1.594555198991543e-06
658685150,0.0718896009813329,0.6515538169642424,0.7677513360977173,-0.3472190201282501,-0.4878516793251037,1498,0.07188961692688488,0.6515538316161801,0.7677513360977173,-0.3472190797328949,-0.4878518581390381,1498,1.594555198991543e-08,1.594555198991543e-06,1.594555198991543e-06
658718484,0.0973002054582616,0.6514431353666457,0.7623181343078613,-0.2649588286876678,-0.3717265129089355,1499,0.09730022140381359,0.651443143827805,0.7623181343078613,-0.26495879888534546,-0.37172651290893555,1499,1.594555198991543e-08,1.594555198991543e-06,1.594555198991543e-06
658751818,0.1275072115948379,0.9569837599952794,0.90621018409729,0.7063422203063965,-0.1956981420516967,1500,0.12750722754038993,0.9569837637884844,0.90621018409729,0.706342339515686,-0.19569815695285797,1500,1.594555198991543e-08,1.594555198991543e-06,1.594555198991543e-06
658785152,0.1591853358636876,0.9846212587266124,0.9503437280654908,1.0037530660629272,-0.0972931236028671,1501,0.15918535180923962,0.9846212903265235,0.9503437280654907,1.0037530660629272,-0.09729292243719101,1501,1.594555198991543e-08,1.594555198991543e-06,1.594555198991543e-06
658818486,0.1894553560307205,0.0154801497347739,0.9081006050109864,1.1364704370498655,0.1108883023262023,1502,0.1894553759499155,0.015480084746707496,0.9081007242202759,1.1364701986312866,0.110887810587883,1502,1.9919194960138498e-08,1.9919194960138498e-06,1.9919194960138498e-06
658851820,0.2170509356548965,0.0474922077447396,0.8278673887252808,1.083504319190979,0.3332713842391968,1503,0.21705096352137748,0.04749219359010161,0.8278676271438599,1.0835040807724,0.33327120542526245,1503,2.7866481011606936e-08,2.7866481011606936e-06,2.7866481011606936e-06
658885154,0.241561200051564,0.0764397631970429,0.7353079319000244,0.9205310344696044,0.4795721769332886,1504,0.241561223944402,0.0764398032140926,0.7353078126907349,0.9205312132835388,0.4795725643634796,1504,2.3892837930361566e-08,2.3892837930361566e-06,2.3892837930361566e-06
658918488,0.2650175073038121,0.1138068562441337,0.7036892175674438,0.7967422008514404,0.6918767690658569,1505,0.2650175311966501,0.1138068296268231,0.7036892175674438,0.796741783618927,0.6918761730194092,1505,2.3892837930361566e-08,2.3892837930361566e-06,2.3892837930361566e-06
658951822,0.2874052741418859,0.1279888296411916,0.6716330051422119,0.8445461988449097,0.8768772482872009,1506,0.28740530002154535,0.1279888192443171,0.6716330647468567,0.8445460796356201,0.8768770098686218,1506,2.5879659526495402e-08,2.5879659526495402e-06,2.5879659526495402e-06
658985156,0.3084547816008906,0.141737759796492,0.6314852237701416,0.896323561668396,1.1078789234161377,1507,0.3084548213883005,0.14173779677710513,0.631485641002655,0.8963228464126587,1.107878565788269,1507,3.978740981125384e-08,3.978740981125384e-06,3.978740981125384e-06
659018490,0.3268920121878962,0.1594936341652514,0.5531169176101685,0.8729076981544495,1.3658576011657717,1508,0.3268920559489491,0.1594936004623715,0.553117036819458,0.8729078769683838,1.3658572435379028,1508,4.376105289249921e-08,4.376105289249921e-06,4.376105289249921e-06
659051824,0.3421787488749207,0.1925512052165047,0.458602100610733,0.695539116859436,1.842483401298523,1509,0.3421787896557413,0.19255124678879523,0.45860201120376587,0.695538341999054,1.8424828052520752,1509,4.0780820498298453e-08,4.078082049829845e-06,4.078082049829845e-06
659085158,0.3558645495067618,0.2198889742162252,0.4105740189552307,0.4602245986461639,2.4034714698791504,1510,0.35586458929417153,0.21988898766326345,0.4105739891529083,0.4602244794368744,2.4034719467163086,1510,3.978740981125384e-08,3.978740981125384e-06,3.978740981125384e-06
659118492,0.3712624478628815,0.2180726449366624,0.4619369506835937,0.5199196338653564,2.556891918182373,1511,0.3712624916239343,0.21807264270376617,0.4619370698928833,0.5199195742607117,2.556891441345215,1511,4.3761052781476906e-08,4.3761052781476906e-06,4.3761052781476906e-06
659151826,0.3900016276330333,0.2094858206503601,0.5621753931045532,0.7070569396018982,2.717329263687134,1512,0.3900016793413721,0.2094858329284765,0.5621756315231323,0.7070563435554504,2.717327833175659,1512,5.170833872192304e-08,5.170833872192304e-06,5.170833872192304e-06
659185160,0.4145398346871715,0.1823237788767906,0.7361462116241455,1.1614940166473389,2.5648484230041504,1513,0.41453988838233174,0.1823238162860063,0.7361462712287903,1.161493182182312,2.5648481845855713,1513,5.369516031805688e-08,5.369516031805688e-06,5.369516031805688e-06
659218494,0.4405046352039358,0.1656182155168687,0.7789440155029297,1.3490675687789917,2.3015055656433105,1514,0.4405046829386316,0.16561823392340194,0.7789438366889954,1.349067211151123,2.3015055656433105,1514,4.7734695751699974e-08,4.773469575169997e-06,4.773469575169997e-06
659251828,0.4672436603199026,0.1574227886506192,0.8021707534790039,1.4808107614517212,2.2519373893737797,1515,0.4672437080545984,0.15742277688704395,0.8021707534790039,1.4808109998703003,2.2519373893737793,1515,4.7734695751699974e-08,4.773469575169997e-06,4.773469575169997e-06
659285162,0.493836582530596,0.1504133698936943,0.7977876663208008,1.5742701292037964,2.1786742210388184,1516,0.49383663423893476,0.15041339849974297,0.7977877855300903,1.5742695331573486,2.1786742210388184,1516,5.170833872192304e-08,5.170833872192304e-06,5.170833872192304e-06
659318496,0.5206886617631298,0.1479916171065583,0.8055623769760132,1.5166456699371338,2.033031225204468,1517,0.5206887214187546,0.14799160825699195,0.8055626153945923,1.5166453123092651,2.0330305099487305,1517,5.965562477339148e-08,5.965562477339148e-06,5.965562477339148e-06
659351830,0.5480482983877839,0.1524333079155022,0.820789098739624,1.4244602918624878,2.0249977111816406,1518,0.5480483659906946,0.1524333267189131,0.8207893371582031,1.4244599342346191,2.0249977111816406,1518,6.760291071383762e-08,6.760291071383762e-06,6.760291071383762e-06
659385164,0.5747167039206208,0.1561931979026235,0.8000521659851074,1.3746285438537598,2.0556883811950684,1519,0.574716773510353,0.156193214883736,0.8000522255897522,1.3746280670166016,2.0556881427764893,1519,6.958973219894915e-08,6.958973219894915e-06,6.958973219894915e-06
659418498,0.6009857543598196,0.1587621124882538,0.7880715131759644,1.2822856903076172,1.9862414598464968,1520,0.6009858358704807,0.15876209789377999,0.788071870803833,1.2822853326797485,1.9862405061721802,1520,8.151066110961835e-08,8.151066110961835e-06,8.151066110961835e-06
659451832,0.6261689949324311,0.1667910331040764,0.7554972171783447,1.0360747575759888,1.7977769374847412,1521,0.6261690764430922,0.1667910501575981,0.7554972171783447,1.0360746383666992,1.7977771759033203,1521,8.151066110961835e-08,8.151066110961835e-06,8.151066110961835e-06
659485166,0.6473202395727814,0.1865363998489103,0.6345373392105103,0.6585540175437927,1.5630556344985962,1522,0.6473203131361566,0.18653635427231166,0.6345371007919312,0.6585544943809509,1.5630555152893066,1522,7.356337516917222e-08,7.356337516917222e-06,7.356337516917222e-06
659518500,0.6649611441583019,0.2107795762222779,0.5292271375656128,0.3297947347164154,1.3110934495925903,1523,0.664961217721677,0.21077956937541178,0.5292271375656128,0.3297947347164154,1.3110932111740112,1523,7.356337516917222e-08,7.356337516917222e-06,7.356337516917222e-06
659551834,0.6805306313723903,0.2112381288094037,0.4670846164226532,0.3114186823368072,1.2532923221588137,1524,0.6805307049357655,0.2112381750829001,0.4670846164226532,0.3114183843135834,1.2532926797866821,1524,7.356337516917222e-08,7.356337516917222e-06,7.356337516917222e-06
659585168,0.6957849451194784,0.2137259682923243,0.4576294124126434,0.2596299350261688,1.119351863861084,1525,0.6957850236499074,0.21372600249385776,0.45762956142425537,0.259629487991333,1.1193510293960571,1525,7.85304289374622e-08,7.85304289374622e-06,7.85304289374622e-06
659618502,0.71355159563726,0.3055420848099099,0.5329995155334473,-0.2174004018306732,0.5974600315093994,1526,0.7135516761545104,0.30554205485854447,0.532999575138092,-0.21740025281906128,0.5974599719047546,1526,8.051725042257374e-08,8.051725042257374e-06,8.051725042257374e-06
659651836,0.7319846499254884,0.3198435397185986,0.5529916286468506,-0.161407858133316,0.3438862562179565,1527,0.7319847324295603,0.3198434761678111,0.5529916882514954,-0.16140763461589813,0.343886137008667,1527,8.250407190768527e-08,8.250407190768527e-06,8.250407190768527e-06
659685170,0.7505587446978272,0.3535517633068514,0.557222843170166,-0.103377491235733,0.135807380080223,1528,0.7505588331623636,0.3535517878978906,0.5572230219841003,-0.10337729752063751,0.1358070820569992,1528,8.846453636301987e-08,8.846453636301987e-06,8.846453636301987e-06
659718504,0.7852301764776887,0.937771718114878,0.693428635597229,0.1358424425125122,-0.0559962652623653,1529,0.7852302619619929,0.9377713961657402,0.6934285759925842,0.13584241271018982,-0.055996574461460114,1529,8.548430419086372e-08,8.548430419086372e-06,8.548430419086372e-06
659751838,0.8215514201214493,0.9723557425818232,0.7264248728752136,0.3907391428947449,-0.0685599073767662,1530,0.8215514996452891,0.9723558409804073,0.7264247536659241,0.3907395005226135,-0.06855972111225128,1530,7.952383973552912e-08,7.952383973552912e-06,7.952383973552912e-06
659785172,0.8612932819416703,0.9775722737544642,0.794837236404419,0.4435075521469116,-0.0629150047898292,1531,0.86129336146551,0.9775721798275475,0.794837236404419,0.4435074031352997,-0.06291525065898895,1531,7.952383973552912e-08,7.952383973552912e-06,7.952383973552912e-06
659818506,0.9051674384167374,0.9713398446000662,0.8774831295013428,0.4916783273220062,-0.0895096212625503,1532,0.9051675239010417,0.9713397943093816,0.8774832487106323,0.491678386926651,-0.08950979262590408,1532,8.548430430188603e-08,8.548430430188603e-06,8.548430430188603e-06
659851840,0.914124951542105,0.914124951542105,0.9771475791931152,0.4912789762020111,-0.2941993176937103,1533,0.9141248960962287,0.9141248960962287,0.9771476984024048,0.4912790358066559,-0.2941995859146118,1533,-5.5445876334658806e-08,-5.5445876334658806e-06,5.5445876334658806e-06
659885174,0.9500687895026662,0.7653980237227362,1.0783151388168335,0.070960521697998,-0.7311625480651855,1534,0.9500687380304328,0.7653980262176052,1.078315258026123,0.07096052169799805,-0.731162428855896,1534,-5.147223336443574e-08,-5.147223336443574e-06,5.147223336443574e-06
659918508,0.987931865235851,0.7088957998713314,1.1358922719955444,-0.2267282754182815,-0.8582829833030701,1535,0.9879318137636176,0.7088957866639418,1.1358922719955444,-0.22672832012176514,-0.8582828640937805,1535,-5.147223336443574e-08,-5.147223336443574e-06,5.147223336443574e-06
659951842,0.0225044148968516,0.6804660367106823,1.037176489830017,-0.3271507322788238,-0.700547993183136,1536,0.022504359450975286,0.6804660419022169,1.0371763706207275,-0.32715073227882385,-0.7005480527877808,1536,-5.5445876334658806e-08,-5.5445876334658806e-06,5.5445876334658806e-06
659985176,0.0540856538024404,0.6749796396521706,0.9474371671676636,-0.31816565990448,-0.6242378354072571,1537,0.054085598356564075,0.6749796455668213,0.9474371671676636,-0.3181656002998352,-0.6242377758026123,1537,-5.5445876334658806e-08,-5.5445876334658806e-06,5.5445876334658806e-06
660018510,0.0844906546480316,0.6716216227663738,0.9121500253677368,-0.3479000627994537,-0.6483901739120483,1538,0.0844905992021553,0.6716216357877811,0.9121500253677368,-0.3479001224040985,-0.6483904123306274,1538,-5.5445876279147654e-08,-5.5445876279147654e-06,5.5445876279147654e-06
660051844,0.1141676761514801,0.6742514994430119,0.8903106451034546,-0.346660315990448,-0.6725213527679443,1539,0.11416762467924678,0.6742515217321077,0.8903107643127441,-0.34666019678115845,-0.6725213527679443,1539,-5.1472233308924586e-08,-5.147223330892459e-06,5.147223330892459e-06
660085178,0.1432742911385356,0.6659796792083637,0.8731984496116638,-0.4026983678340912,-0.6905926465988159,1540,0.14327423767948075,0.6659796843338387,0.873198390007019,-0.4026983380317688,-0.6905926465988159,1540,-5.345905484954727e-08,-5.345905484954727e-06,5.345905484954727e-06
660118512,0.1703699228969075,0.6883360209876395,0.8128689527511597,-0.2806819379329681,-0.6878232955932617,1541,0.17036986943785273,0.6883360161629704,0.8128689527511597,-0.28068193793296814,-0.6878232359886169,1541,-5.345905473852497e-08,-5.345905473852497e-06,5.345905473852497e-06
660151846,0.209060787936733,0.4721990236913997,0.7738173007965088,-0.8196814656257629,0.1446551531553268,1542,0.20906073745791043,0.4721990301284421,0.7738173604011536,-0.8196814060211182,0.14465510845184326,1542,-5.047882256636882e-08,-5.047882256636882e-06,5.047882256636882e-06
660185180,0.2472879228797414,0.4719309301573743,0.7645426988601685,-0.8330714106559753,0.1484656035900116,1543,0.24728786942068662,0.4719309230544827,0.7645426392555237,-0.8330715298652649,0.14846566319465637,1543,-5.345905479403612e-08,-5.345905479403612e-06,5.345905479403612e-06
660218514,0.2853243110385396,0.4948505298222522,0.7607277631759644,-0.8915722966194153,0.0288569591939449,1544,0.2853242575794848,0.4948505690401043,0.7607277631759644,-0.8915724158287048,0.02885674312710762,1544,-5.345905479403612e-08,-5.345905479403612e-06,5.345905479403612e-06
660251848,0.3238430855479696,0.4970938316593562,0.7703754901885986,-0.8964602947235107,0.0163711793720722,1545,0.32384303208891474,0.4970938142760969,0.7703754901885986,-0.896460235118866,0.01637127622961998,1545,-5.345905484954727e-08,-5.345905484954727e-06,5.345905484954727e-06
660285182,0.3627282736506917,0.5141260946751983,0.7777037620544434,-0.8318397402763367,-0.0740259811282157,1546,0.3627282201916369,0.5141260783263006,0.7777037620544434,-0.8318400382995605,-0.07402592152357101,1546,-5.345905479403612e-08,-5.345905479403612e-06,5.345905479403612e-06
660318516,0.4015003023353078,0.5540556278401743,0.7754405736923218,-0.7254687547683716,-0.2563324868679046,1547,0.401500248876253,0.5540556179202627,0.7754405736923218,-0.7254688143730164,-0.2563324570655823,1547,-5.345905479403612e-08,-5.345905479403612e-06,5.345905479403612e-06
660351850,0.4391849873271444,0.5915129460650355,0.753693699836731,-0.6402534246444702,-0.4149067997932434,1548,0.4391849308878573,0.5915129804581796,0.7536936402320862,-0.6402533054351807,-0.41490691900253296,1548,-5.643928707721457e-08,-5.643928707721457e-06,5.643928707721457e-06
660385184,0.4765441594329336,0.6682334799937681,0.7471834421157837,-0.4004236757755279,-0.7095962166786194,1549,0.476544108954111,0.6682334799937681,0.7471835613250732,-0.40042367577552795,-0.7095962166786194,1549,-5.047882262187997e-08,-5.047882262187997e-06,5.047882262187997e-06
660418518,0.514055460473583,0.67318129828838,0.7502260208129883,-0.3348092436790466,-0.6389436721801758,1550,0.5140554070145281,0.6731813160407594,0.7502259612083435,-0.33480918407440186,-0.6389437317848206,1550,-5.345905484954727e-08,-5.345905484954727e-06,5.345905484954727e-06
660451852,0.551485264083431,0.6879753331646186,0.7485960721969604,-0.2314862608909607,-0.5636124610900879,1551,0.5514852136046083,0.6879753403655777,0.7485961318016052,-0.2314862310886383,-0.5636124610900879,1551,-5.047882267739112e-08,-5.047882267739112e-06,5.047882267739112e-06
660485186,0.5900238988605001,0.6794080757151417,0.7707726955413818,-0.2226486355066299,-0.4686205387115478,1552,0.5900238454014451,0.6794080307094514,0.7707726359367371,-0.2226487696170807,-0.4686204791069031,1552,-5.3459054960569574e-08,-5.345905496056957e-06,5.345905496056957e-06
660518520,0.6293382940497854,0.6783945541154341,0.7862879037857056,-0.2195713073015213,-0.4546512961387634,1553,0.6293382405907304,0.67839452931399,0.7862879037857056,-0.2195713371038437,-0.4546511769294739,1553,-5.3459054960569574e-08,-5.345905496056957e-06,5.345905496056957e-06
660551854,0.6707688925471761,0.9840025725465896,0.8286119699478149,0.194096490740776,-0.0195755399763584,1554,0.6707688331276567,0.9840025136839714,0.8286118507385254,0.194096639752388,-0.019575627520680428,1554,-5.9419519415904176e-08,-5.941951941590418e-06,5.941951941590418e-06
660585188,0.7186506507602193,0.9798172835093112,0.9576351642608644,0.6924002170562744,-0.0882781967520713,1555,0.7186505853802354,0.9798172733308393,0.9576350450515747,0.6924000978469849,-0.08827822655439377,1555,-6.537998387123878e-08,-6.537998387123878e-06,6.537998387123878e-06
660618522,0.7674761054721333,0.0025409834220593,0.9765090942382812,0.9084817171096802,0.0145055698230862,1556,0.767476034131685,0.002541042483905524,0.9765089750289917,0.9084814786911011,0.014505903236567974,1556,-7.134044832657338e-08,-7.134044832657338e-06,7.134044832657338e-06
660651856,0.8126224873271443,0.049467629340057,0.9029276371002196,0.9381691217422484,0.3013639152050018,1557,0.8126224159866959,0.04946757076117471,0.9029276371002197,0.9381696581840515,0.3013637065887451,1557,-7.134044832657338e-08,-7.134044832657338e-06,7.134044832657338e-06
660685190,0.8532680449691273,0.0611880322262662,0.8129111528396606,0.916587769985199,0.3708409070968628,1558,0.853267973628679,0.06118810697512623,0.8129111528396606,0.9165877103805542,0.370841383934021,1558,-7.134044832657338e-08,-7.134044832657338e-06,7.134044832657338e-06
660718524,0.8935597238746144,0.0801225767944278,0.8058335781097412,0.8217406868934631,0.4525802731513977,1559,0.8935596465737016,0.08012243545741046,0.8058334589004517,0.8217412233352661,0.4525796175003052,1559,-7.730091278190798e-08,-7.730091278190798e-06,7.730091278190798e-06
660751858,0.932682931205318,0.0705548630073841,0.7824641466140747,0.9719858169555664,0.4615276157855987,1560,0.9326828598648698,0.07055480407802213,0.7824642658233643,0.9719860553741455,0.4615272879600525,1560,-7.134044821555108e-08,-7.134044821555108e-06,7.134044821555108e-06
660785192,0.9709511277881124,0.0899256437462651,0.7653639316558838,1.0407977104187012,0.6598284244537354,1561,0.970951044526735,0.08992564803958453,0.7653636932373047,1.040798306465149,0.6598288416862488,1561,-8.326137745928719e-08,-8.326137745928719e-06,8.326137745928719e-06
660818526,0.0068872986045338,0.1116005008015767,0.7187234163284302,1.0515835285186768,0.887907862663269,1562,0.006887230244317699,0.11160047283001537,0.718723714351654,1.0515834093093872,0.8879074454307556,1562,-6.836021609890608e-08,-6.836021609890608e-06,6.836021609890608e-06
660851860,0.0322272358146168,0.1887359116256115,0.5067987442016602,0.6836322546005249,1.6873778104782104,1563,0.032227185335794134,0.1887359596699203,0.5067991018295288,0.683631420135498,1.6873772144317627,1563,-5.047882267739112e-08,-5.047882267739112e-06,5.047882267739112e-06
660885194,0.0528227252569653,0.2240404848135804,0.4119097888469696,0.3919718563556671,2.3817873001098637,1564,0.05282267179791038,0.22404047644407613,0.41190972924232483,0.3919719457626343,2.381787061691284,1564,-5.345905490505842e-08,-5.345905490505842e-06,5.345905490505842e-06
660918528,0.0740122867432095,0.2257160087012954,0.423791229724884,0.3731845319271087,2.4268057346343994,1565,0.07401223924461905,0.22571600532214808,0.4237913489341736,0.3731846213340759,2.4268059730529785,1565,-4.749859044972382e-08,-4.749859044972382e-06,4.749859044972382e-06
660951862,0.0984859747496106,0.2225431607270751,0.4894737601280212,0.4369730651378631,2.5077579021453857,1566,0.09848592129055564,0.22254315410762843,0.4894736409187317,0.4369732141494751,2.507758140563965,1566,-5.3459054960569574e-08,-5.345905496056957e-06,5.345905496056957e-06
660985196,0.1353574914541699,0.1981796144352587,0.7374303340911865,0.90620756149292,2.6841626167297363,1567,0.13535743799511496,0.19817960285676045,0.7374303340911865,0.9062078595161438,2.6841628551483154,1567,-5.3459054960569574e-08,-5.345905496056957e-06,5.345905496056957e-06
661018530,0.1732444213225272,0.1732444213225272,0.8245248794555664,1.2636195421218872,2.4137959480285645,1568,0.17324439664493502,0.17324439664493502,0.8245249390602112,1.2636200189590454,2.4137959480285645,1568,-2.4677592191935105e-08,-2.4677592191935105e-06,2.4677592191935105e-06
661051864,0.2016447709395316,0.1616817919080664,0.8520104885101318,1.4352679252624512,2.3153414726257324,1569,0.2016447502355824,0.16168177864934166,0.8520106077194214,1.4352680444717407,2.3153412342071533,1569,-2.0703949221712037e-08,-2.0703949221712037e-06,2.0703949221712037e-06
661085198,0.2300694591198192,0.1552979954075494,0.8527406454086304,1.5320978164672852,2.2635183334350586,1570,0.2300694364290486,0.15529799337417008,0.8527405858039856,1.5320976972579956,2.2635180950164795,1570,-2.269077059580127e-08,-2.269077059580127e-06,2.269077059580127e-06
661118532,0.2574966476752188,0.1557764264636238,0.8228156566619873,1.5263053178787231,2.269628524780273,1571,0.25749663293173414,0.15577644770378998,0.8228158950805664,1.5263051986694336,2.2696290016174316,1571,-1.4743484655355132e-08,-1.4743484655355132e-06,1.4743484655355132e-06
661151866,0.2856434391333487,0.153421298862491,0.8444037437438965,1.4572272300720217,2.0991499423980717,1572,0.28564341246893504,0.15342124906231633,0.8444033861160278,1.4572277069091797,2.099149227142334,1572,-2.666441367704664e-08,-2.666441367704664e-06,2.666441367704664e-06
661185200,0.3137335664425121,0.1489947321907185,0.8427038192749023,1.3669397830963137,1.856655836105347,1573,0.3137335477253844,0.14899473743439448,0.8427040576934814,1.3669394254684448,1.856655478477478,1573,-1.871712768108935e-08,-1.8717127681089352e-06,1.8717127681089352e-06
661218534,0.3427802728011038,0.1495301357641313,0.8714011907577515,1.2881770133972168,1.762060523033142,1574,0.34278025805761914,0.14953015763941999,0.871401309967041,1.288177251815796,1.762061357498169,1574,-1.4743484655355132e-08,-1.4743484655355132e-06,1.4743484655355132e-06
661251868,0.3724270985915091,0.1521316293249685,0.8894047737121582,1.237757444381714,1.752514362335205,1575,0.37242706397980946,0.15213158512867048,0.8894041776657104,1.237757921218872,1.7525140047073364,1575,-3.4611699617492775e-08,-3.4611699617492775e-06,3.4611699617492775e-06
661285202,0.3948435074482189,0.1785285971895076,0.672492265701294,0.8279870748519897,1.7181499004364014,1576,0.39484347681016224,0.17852860598876702,0.6724923849105835,0.827987015247345,1.718150019645691,1576,-3.063805664726971e-08,-3.0638056647269707e-06,3.0638056647269707e-06
661318536,0.4117238170299755,0.207697040817902,0.5064092874526978,0.4082034528255462,1.499431610107422,1577,0.4117237923523833,0.20769703492779476,0.5064094662666321,0.40820351243019104,1.4994316101074219,1577,-2.4677592191935105e-08,-2.4677592191935105e-06,2.4677592191935105e-06
661351870,0.4285450782769746,0.2013406230578613,0.5046378374099731,0.4566504657268524,1.4467802047729492,1578,0.4285450555862039,0.20134063718226777,0.5046378970146179,0.4566502869129181,1.4467800855636597,1578,-2.269077065131242e-08,-2.269077065131242e-06,2.269077065131242e-06
661385204,0.4461498028431164,0.189986212046724,0.5281417369842529,0.5735703706741333,1.4483067989349363,1579,0.44614977220505975,0.18998620756212992,0.5281414985656738,0.5735703706741333,1.448306679725647,1579,-3.063805664726971e-08,-3.0638056647269707e-06,3.0638056647269707e-06
661418538,0.4640410350157645,0.2617286275658858,0.5367369651794434,-0.0732478201389312,0.9921571612358092,1580,0.46404100636452933,0.2617285106432976,0.5367370247840881,-0.07324710488319397,0.9921573996543884,1580,-2.8651235162158173e-08,-2.8651235162158173e-06,2.8651235162158173e-06
661451872,0.4872791217162039,0.3433812423436781,0.6971426010131836,-0.2037270367145538,0.3064336776733398,1581,0.4872790930649688,0.343381122616798,0.6971426010131836,-0.2037268429994583,0.30643388628959656,1581,-2.8651235106647022e-08,-2.865123510664702e-06,2.865123510664702e-06
661485206,0.5113539463672864,0.2358237897892234,0.7222447395324707,0.0211496986448764,0.2368173450231552,1582,0.5113539177160512,0.23582366026898918,0.7222447395324707,0.02114984765648842,0.23681683838367462,1582,-2.8651235162158173e-08,-2.8651235162158173e-06,2.8651235162158173e-06
661518540,0.5366074628029095,0.0826064150103075,0.7576054930686951,0.2899046242237091,0.1656156778335571,1583,0.5366074321648528,0.082606510189942,0.7576054334640503,0.28990495204925537,0.16561609506607056,1583,-3.063805664726971e-08,-3.0638056647269707e-06,3.0638056647269707e-06
661551874,0.5638141936454998,0.0398500160384027,0.81620192527771,0.5691123008728027,0.1455516666173935,1584,0.5638141649942646,0.03984993399018312,0.8162019848823547,0.569112241268158,0.14555133879184723,1584,-2.8651235162158173e-08,-2.8651235162158173e-06,2.8651235162158173e-06
661585208,0.6072980857286678,0.0345881696530487,0.8696778416633606,0.6894165277481079,0.1522308588027954,1585,0.6072980600576648,0.03458817178422344,0.8696779012680054,0.6894163489341736,0.15223082900047302,1585,-2.5671002990002023e-08,-2.5671002990002023e-06,2.5671002990002023e-06
661618542,0.653140471020721,0.0477364196709881,0.9168477058410645,0.6492732763290405,0.2007987797260284,1586,0.6531404483299503,0.04773643142559023,0.9168477654457092,0.6492733955383301,0.2007988691329956,1586,-2.269077070682357e-08,-2.269077070682357e-06,2.269077070682357e-06
661651876,0.7031736231241451,0.0068061684855476,1.0006630420684814,0.6092283725738525,0.0260691903531551,1587,0.7031736004333744,0.006806185971051757,1.0006630420684814,0.6092283725738525,0.02606925740838051,1587,-2.269077070682357e-08,-2.269077070682357e-06,2.269077070682357e-06
661685210,0.7582288241777645,0.8058102635348698,1.1011040210723877,0.213690310716629,-0.5841985940933228,1588,0.7582288014869938,0.8058102830956467,1.1011040210723877,0.2136903703212738,-0.584198534488678,1588,-2.269077070682357e-08,-2.269077070682357e-06,2.269077070682357e-06
661718544,0.7959892527653601,0.6977787417410598,1.1328128576278689,-0.3210169374942779,-0.94299978017807,1589,0.7959892261009465,0.6977787460569034,1.132812738418579,-0.3210168480873108,-0.9429996013641357,1589,-2.666441367704664e-08,-2.666441367704664e-06,2.666441367704664e-06
661751878,0.8300310429328508,0.6608628498679022,1.0212537050247192,-0.4172486662864685,-0.6654254794120789,1590,0.8300310162684371,0.6608628408515795,1.0212537050247192,-0.41724860668182373,-0.6654253005981445,1590,-2.666441367704664e-08,-2.666441367704664e-06,2.666441367704664e-06
661785212,0.8620588994417416,0.6628636883359917,0.9608356952667236,-0.3875187337398529,-0.635628879070282,1591,0.8620588688036849,0.6628636732086812,0.9608355760574341,-0.38751885294914246,-0.6356289386749268,1591,-3.063805675829201e-08,-3.063805675829201e-06,3.063805675829201e-06
661818546,0.892590323725723,0.6680082762000494,0.9159427285194396,-0.3686073422431946,-0.6510599255561829,1592,0.8925902891140232,0.6680083085715299,0.9159426093101501,-0.36860713362693787,-0.6510598659515381,1592,-3.461169983953738e-08,-3.461169983953738e-06,3.461169983953738e-06
661851880,0.9201743003123828,0.7323118684152816,0.8275192975997925,-0.0686840116977691,-0.6154610514640808,1593,0.920174265700683,0.732311849997576,0.8275192975997925,-0.06868406385183334,-0.6154608726501465,1593,-3.461169983953738e-08,-3.461169983953738e-06,3.461169983953738e-06
661885214,0.9470711664750008,0.4976680351932611,0.80690598487854,-0.8060880899429321,0.011811782605946,1594,0.9470711338501224,0.49766804345471244,0.8069060444831848,-0.8060881495475769,0.011811741627752781,1594,-3.2624878354425846e-08,-3.2624878354425846e-06,3.2624878354425846e-06
661918548,0.9736000613762764,0.4966741450324905,0.795866847038269,-0.8120291233062744,0.0169714130461215,1595,0.9736000287513981,0.4966741703323284,0.795866847038269,-0.8120290637016296,0.01697128266096115,1595,-3.2624878354425846e-08,-3.2624878354425846e-06,3.2624878354425846e-06
661951882,0.9998119589084216,0.5058344224670284,0.7863569259643555,-0.8404434323310852,-0.0308234207332134,1596,0.9998119242967217,0.5058344421933465,0.7863568663597107,-0.8404434323310852,-0.03082352504134178,1596,-3.461169983953738e-08,-3.461169983953738e-06,3.461169983953738e-06
661985216,0.0256320433213141,0.511168986820208,0.7746025323867798,-0.8578389286994934,-0.0602994225919246,1597,0.025632008709614462,0.511168975901869,0.7746025323867798,-0.8578388690948486,-0.060299359261989594,1597,-3.4611699617492775e-08,-3.4611699617492775e-06,3.4611699617492775e-06
662018550,0.0516508098834581,0.5308436072370444,0.7805629968643188,-0.7773779034614563,-0.1525675952434539,1598,0.05165077924540141,0.5308436647262962,0.7805631160736084,-0.7773777842521667,-0.15256786346435547,1598,-3.063805670278086e-08,-3.063805670278086e-06,3.063805670278086e-06
662051884,0.077425056337697,0.5843459604901557,0.7732273936271667,-0.6260106563568115,-0.3667577505111694,1599,0.07742502371281881,0.584345953880739,0.773227334022522,-0.6260107159614563,-0.36675775051116943,1599,-3.262487818789239e-08,-3.2624878187892392e-06,3.2624878187892392e-06
662085218,0.1032307521893409,0.6260733010122125,0.7741708755493164,-0.5305007100105286,-0.5377045273780823,1600,0.1032307195644627,0.6260733095930364,0.7741708755493164,-0.5305008292198181,-0.5377047061920166,1600,-3.262487818789239e-08,-3.2624878187892392e-06,3.2624878187892392e-06
662118552,0.1293463961674598,0.6776440470053331,0.7834693193435669,-0.3350825011730194,-0.6855583190917969,1601,0.12934636354258158,0.6776440412953679,0.7834693193435669,-0.3350825607776642,-0.6855583786964417,1601,-3.2624878243403543e-08,-3.2624878243403543e-06,3.2624878243403543e-06
662151886,0.1551705535644121,0.7015974539532095,0.7747247219085693,-0.1749372333288192,-0.5573758482933044,1602,0.1551705169658909,0.7015974326075611,0.7747246026992798,-0.17493727803230286,-0.5573757290840149,1602,-3.659852121362661e-08,-3.659852121362661e-06,3.659852121362661e-06
662185220,0.1815993047151791,0.6988184590064263,0.7928625345230103,-0.1595674455165863,-0.4789696633815765,1603,0.1815992681166579,0.6988184827727115,0.7928625345230103,-0.15956738591194153,-0.4789697229862213,1603,-3.659852121362661e-08,-3.659852121362661e-06,3.659852121362661e-06
662218554,0.2172614272826738,0.950409468713822,1.0698636770248413,0.7585521936416626,-0.2443127334117889,1604,0.21726139068415262,0.9504094485027976,1.0698636770248413,0.7585523724555969,-0.24431289732456207,1604,-3.659852121362661e-08,-3.659852121362661e-06,3.659852121362661e-06
662251888,0.2511268552535601,0.989590888888566,1.015962839126587,1.0782053470611572,-0.0706179067492485,1605,0.25112682262868186,0.9895908846656795,1.0159629583358765,1.0782057046890259,-0.07061795890331268,1605,-3.2624878243403543e-08,-3.2624878243403543e-06,3.2624878243403543e-06
662285222,0.2841655270649818,0.0257637709320778,0.9911601543426514,1.2180498838424685,0.1989167034626007,1606,0.28416549841374655,0.025763768607316332,0.9911602735519409,1.2180503606796265,0.19891676306724548,1606,-2.8651235273180475e-08,-2.8651235273180475e-06,2.8651235273180475e-06
662318556,0.3132601714525449,0.0417695929456327,0.8728393316268921,1.1833308935165403,0.3178929090499878,1607,0.31326014280130965,0.041769626313617324,0.8728393316268921,1.18333101272583,0.31789320707321167,1607,-2.8651235273180475e-08,-2.8651235273180475e-06,2.8651235273180475e-06
662351890,0.3396732406212715,0.0716162551708382,0.7923920750617981,0.9849025011062622,0.4757356643676758,1608,0.33967321395685773,0.07161626377576809,0.7923921346664429,0.9849028587341309,0.4757359027862549,1608,-2.666441378806894e-08,-2.666441378806894e-06,2.666441378806894e-06
662385224,0.3651677922799018,0.1110087404658983,0.7648365497589111,0.8263662457466125,0.6924983263015747,1609,0.3651677695891311,0.11100876544513334,0.7648366689682007,0.8263657689094543,0.6924981474876404,1609,-2.269077070682357e-08,-2.269077070682357e-06,2.269077070682357e-06
662418558,0.3884369091584114,0.1378655249267261,0.6980735063552856,0.7730554342269897,0.9093523621559144,1610,0.38843688249399766,0.13786546739122746,0.6980733871459961,0.7730554938316345,0.9093517661094666,1610,-2.666441373255779e-08,-2.666441373255779e-06,2.666441373255779e-06
662451892,0.4103858666016487,0.1808382334800809,0.6584687232971191,0.5915699005126953,1.274531006813049,1611,0.41038584192405647,0.1808382277954188,0.6584687829017639,0.5915699005126953,1.2745308876037598,1611,-2.4677592247446256e-08,-2.4677592247446256e-06,2.4677592247446256e-06
662485226,0.4295983032776741,0.2166207675808341,0.5763731002807617,0.377039760351181,1.7713205814361572,1612,0.42959828058690336,0.216620770142536,0.5763731598854065,0.37703973054885864,1.7713205814361572,1612,-2.2690770762334722e-08,-2.2690770762334722e-06,2.2690770762334722e-06
662518560,0.4456798828039396,0.2335000698034541,0.4824473857879638,0.2350893318653106,2.259493589401245,1613,0.44567985911975805,0.23350005941973367,0.4824473559856415,0.2350894808769226,2.259493589401245,1613,-2.368418156040164e-08,-2.368418156040164e-06,2.368418156040164e-06
662551894,0.4607436861985751,0.2369970188133975,0.4519141018390655,0.1979075968265533,2.416973352432251,1614,0.46074366847485804,0.236996973977683,0.4519142806529999,0.19790828227996826,2.416973352432251,1614,-1.7723717049555887e-08,-1.7723717049555887e-06,1.7723717049555887e-06
662585228,0.4755116399520465,0.2380092687012528,0.4430386126041412,0.1837398707866668,2.4341933727264404,1615,0.47551162222832943,0.23800922938443558,0.44303861260414124,0.1837405115365982,2.4341938495635986,1615,-1.7723717049555887e-08,-1.7723717049555887e-06,1.7723717049555887e-06
662618562,0.4903448240353493,0.2433997819916838,0.4449955224990845,0.0981838405132293,2.366207361221313,1616,0.49034480134457853,0.2433998066692408,0.44499537348747253,0.09818348288536072,2.3662075996398926,1616,-2.2690770762334722e-08,-2.2690770762334722e-06,2.2690770762334722e-06
662651896,0.5180855727586974,0.1590542660818267,0.8322224617004395,1.5256242752075195,2.372716426849365,1617,0.5180855301997116,0.1590542652780262,0.8322218656539917,1.5256247520446777,2.3727171421051025,1617,-4.2558985779983516e-08,-4.255898577998352e-06,4.255898577998352e-06
662685230,0.5459920978937377,0.1527708090390199,0.8371957540512085,1.6303867101669312,2.328216552734375,1618,0.5459920553347519,0.15277077951014567,0.8371957540512085,1.6303871870040894,2.328216314315796,1618,-4.2558985779983516e-08,-4.255898577998352e-06,4.255898577998352e-06
662718564,0.5737419859959513,0.1480432199447806,0.8324966430664062,1.756829023361206,2.356585741043091,1619,0.5737419394633225,0.14804318108639278,0.8324965238571167,1.756830096244812,2.35658597946167,1619,-4.6532628750206584e-08,-4.653262875020658e-06,4.653262875020658e-06
662751898,0.601207889754954,0.1483062904121521,0.8239771127700806,1.789557695388794,2.4087862968444824,1620,0.6012078392486823,0.1483063130353798,0.823976993560791,1.789557695388794,2.4087870121002197,1620,-5.050627172042965e-08,-5.050627172042965e-06,5.050627172042965e-06
662785232,0.6290238237772217,0.1512509520019979,0.8344780206680298,1.6450762748718262,2.302088975906372,1621,0.6290237812182359,0.1512509683688074,0.8344782590866089,1.6450759172439575,2.302088975906372,1621,-4.2558985779983516e-08,-4.255898577998352e-06,4.255898577998352e-06
662818566,0.6566909369224141,0.1525712937781801,0.8300133943557739,1.5511507987976074,2.209167242050171,1622,0.6566908923766068,0.1525712661178977,0.8300133347511292,1.5511510372161865,2.2091667652130127,1622,-4.454580726509505e-08,-4.454580726509505e-06,4.454580726509505e-06
662851900,0.6974283691638539,0.1492183268507364,0.8147486448287964,1.4253427982330322,1.941689729690552,1623,0.6974283246180466,0.14921833022782188,0.8147486448287964,1.4253425598144531,1.9416894912719727,1623,-4.454580726509505e-08,-4.454580726509505e-06,4.454580726509505e-06
662885234,0.7375788208240102,0.1550415748992086,0.803009033203125,1.222474217414856,1.7998273372650146,1624,0.7375787911793641,0.15504155298694136,0.8030093312263489,1.2224743366241455,1.799826979637146,1624,-2.9644646071247394e-08,-2.9644646071247394e-06,2.9644646071247394e-06
662918568,0.7724111315005848,0.1744504497804014,0.6966462135314941,0.8663671016693115,1.6859245300292969,1625,0.7724111078164033,0.1744504633815535,0.6966463327407837,0.8663670420646667,1.685924768447876,1625,-2.368418150489049e-08,-2.368418150489049e-06,2.368418150489049e-06
662951902,0.8007573720210621,0.1844238134673727,0.5669248104095459,0.6951370239257812,1.5905437469482422,1626,0.8007573423764162,0.18442379592206748,0.5669246912002563,0.6951374411582947,1.5905442237854004,1626,-2.964464596022509e-08,-2.964464596022509e-06,2.964464596022509e-06
662985236,0.8268774863475392,0.1908199621973244,0.522402286529541,0.5907708406448364,1.5148727893829346,1627,0.8268774567028933,0.1908199586092581,0.522402286529541,0.5907710194587708,1.5148731470108032,1627,-2.964464596022509e-08,-2.964464596022509e-06,2.964464596022509e-06
663018570,0.854182415842397,0.1788068353040422,0.5460985898971558,0.7442434430122375,1.5513029098510742,1628,0.85418239811868,0.17880682159885963,0.5460988283157349,0.7442432641983032,1.551302194595337,1628,-1.7723716938533585e-08,-1.7723716938533585e-06,1.7723716938533585e-06
663051904,0.8886776920550892,0.1561192476947074,0.6899055242538452,1.132637858390808,1.6921013593673706,1629,0.8886776653906756,0.15611921678473697,0.6899053454399109,1.1326385736465454,1.6921017169952393,1629,-2.6664413566024336e-08,-2.6664413566024336e-06,2.6664413566024336e-06
663085238,0.9119771715396472,0.4540959845170151,0.6989843845367432,-0.2956351339817047,0.0877139493823051,1630,0.9119771369279478,0.45409567878141854,0.6989841461181641,-0.2956349849700928,0.08771452307701111,1630,-3.461169939544817e-08,-3.461169939544817e-06,3.461169939544817e-06
663118572,0.9482945736640522,0.1193162013553644,0.7263480424880981,0.0507696010172367,0.0472669936716556,1631,0.9482945330918883,0.11931583205914151,0.7263479232788086,0.0507698692381382,0.04726702347397804,1631,-4.0572163961805074e-08,-4.0572163961805074e-06,4.0572163961805074e-06
663151906,0.9811298155686888,0.9811298155686888,0.8024211525917053,0.3016931116580963,-0.0359387658536434,1632,0.9811298970448488,0.9811298970448488,0.802420973777771,0.3016930818557739,-0.035938605666160583,1632,8.14761599299274e-08,8.14761599299274e-06,8.14761599299274e-06
663185240,0.0081854327422015,0.9749210308878112,0.8116685152053833,0.483547955751419,-0.0768324360251426,1633,0.00818551223153996,0.9749209476176938,0.8116684556007385,0.48354777693748474,-0.07683266699314117,1633,7.948933844481587e-08,7.948933844481587e-06,7.948933844481587e-06
663218574,0.037365931660099,0.9850347017101568,0.8754149675369263,0.585087776184082,-0.0551783703267574,1634,0.037366015123080486,0.9850346103262377,0.8754150867462158,0.5850878953933716,-0.055178720504045486,1634,8.346298152606124e-08,8.346298152606124e-06,8.346298152606124e-06
663251908,0.0684385283690325,0.9577887101332166,0.9321779012680054,0.5592363476753235,-0.15189990401268,1635,0.068438611832014,0.957788732463406,0.9321779012680054,0.5592361092567444,-0.15189975500106812,1635,8.346298152606124e-08,8.346298152606124e-06,8.346298152606124e-06
663285242,0.1019327743750445,0.8922873485655499,1.0048273801803589,0.402572363615036,-0.3234053552150726,1636,0.10193285783802596,0.8922875250096836,1.0048273801803589,0.40257272124290466,-0.3234049081802368,1636,8.346298141503894e-08,8.346298141503894e-06,8.346298141503894e-06
663318576,0.1371234520178668,0.7679540072706165,1.055720329284668,0.0900393426418304,-0.7947733998298645,1637,0.1371235354808482,0.7679540372394151,1.055720329284668,0.0900394469499588,-0.7947729825973511,1637,8.346298141503894e-08,8.346298141503894e-06,8.346298141503894e-06
663351910,0.1753370269041888,0.7070189123514035,1.1464072465896606,-0.2403371930122375,-0.868205189704895,1638,0.17533711434081323,0.7070189072770408,1.1464073657989502,-0.24033722281455994,-0.868205189704895,1638,8.743662438526201e-08,8.7436624385262e-06,8.7436624385262e-06
663385244,0.2325326903563372,0.6620030703527349,1.1439132690429688,-0.5115358233451843,-0.8289299011230469,1639,0.23253277779296166,0.6620031137335012,1.1439132690429688,-0.5115355849266052,-0.8289300203323364,1639,8.743662449628431e-08,8.743662449628431e-06,8.743662449628431e-06
663418578,0.285601620266997,0.6624622054310784,1.0613785982131958,-0.4153850674629211,-0.6774856448173523,1640,0.2856017077036215,0.6624622003427483,1.0613785982131958,-0.41538509726524353,-0.6774856448173523,1640,8.743662449628431e-08,8.743662449628431e-06,8.743662449628431e-06
663451912,0.3353608353834979,0.6704002216087273,0.9951843023300172,-0.3749816119670868,-0.6861706376075745,1641,0.3353609228201223,0.6704001988325684,0.9951843023300171,-0.3749816417694092,-0.6861704587936401,1641,8.743662438526201e-08,8.7436624385262e-06,8.7436624385262e-06
663485246,0.3788615806799762,0.5014731705732824,0.8700149059295654,-0.8220364451408386,-0.0076091540977358,1642,0.3788616681166006,0.5014731375051775,0.8700149059295654,-0.8220363855361938,-0.0076089827343821526,1642,8.743662438526201e-08,8.7436624385262e-06,8.7436624385262e-06
663518580,0.4218576355677478,0.4986723043876598,0.8599210977554321,-0.830254316329956,0.0069262729957699,1643,0.4218577230043722,0.498672301174359,0.8599210977554321,-0.830254316329956,0.006926289759576321,1643,8.743662438526201e-08,8.7436624385262e-06,8.7436624385262e-06
663551914,0.4634735449057452,0.487300687870662,0.8323181867599487,-0.8116915225982666,0.064904399216175,1644,0.4634736234016729,0.48730069117945746,0.8323180079460144,-0.8116916418075562,0.06490439176559448,1644,7.849592775777126e-08,7.849592775777126e-06,7.849592775777126e-06
663585248,0.4821390588270802,0.4821390588270801,0.7921926975250244,-0.7992757558822632,0.0900760665535926,1645,0.4821390671844105,0.48213906718441046,0.7921926975250244,-0.7992759346961975,0.09007604420185089,1645,8.357330383290673e-09,8.357330383290673e-07,8.357330383290673e-07
663618582,0.4912134652432913,0.4912134652432913,0.788209080696106,-0.8694329261779785,0.0480479784309864,1646,0.4912134360880029,0.4912134360880029,0.7882091403007507,-0.8694328665733337,0.04804813489317894,1646,-2.915528840574666e-08,-2.915528840574666e-06,2.915528840574666e-06
663651916,0.5045211935906135,0.5045211935906135,0.8012065887451172,-0.8618569374084473,-0.0244897864758968,1647,0.5045211914661287,0.5045211914661286,0.801206648349762,-0.8618568181991577,-0.02448977157473564,1647,-2.1244848102952574e-09,-2.1244848102952574e-07,2.1244848102952574e-07
663685250,0.5230486844645543,0.5230486844645543,0.802920937538147,-0.7928447127342224,-0.1156285777688026,1648,0.523048657615699,0.523048657615699,0.8029208183288574,-0.792844831943512,-0.11562845855951309,1648,-2.6848855361194524e-08,-2.6848855361194524e-06,2.6848855361194524e-06
663718584,0.5626426641808553,0.5816739931350974,0.7918795943260193,-0.629155158996582,-0.3545488715171814,1649,0.5626426403122322,0.5816740647059482,0.7918796539306641,-0.6291549205780029,-0.3545491099357605,1649,-2.386862307801607e-08,-2.386862307801607e-06,2.386862307801607e-06
663751918,0.6024637524949117,0.6528112047163089,0.7964217662811279,-0.4945030510425567,-0.7065393328666687,1650,0.6024637256460563,0.6528112272462829,0.7964217066764832,-0.4945029020309448,-0.7065393328666687,1650,-2.6848855361194524e-08,-2.6848855361194524e-06,2.6848855361194524e-06
663785252,0.6425015752183003,0.6628240564496617,0.8007564544677734,-0.4411120116710663,-0.7231302261352539,1651,0.6425015543299095,0.6628240665840321,0.800756573677063,-0.44111180305480957,-0.7231299877166748,1651,-2.088839079483762e-08,-2.088839079483762e-06,2.088839079483762e-06
663818586,0.684982276426415,0.7651743963348374,0.8496140241622925,0.0565797723829746,-0.591631293296814,1652,0.6849822555380242,0.7651743685291746,0.8496140241622925,0.05657966807484627,-0.591631293296814,1652,-2.088839079483762e-08,-2.088839079483762e-06,2.088839079483762e-06
663851920,0.7325182144509358,0.9761567699397398,0.9507187604904176,0.5822535157203674,-0.0878867134451866,1653,0.7325181965427773,0.9761568017989035,0.9507188200950623,0.5822535157203674,-0.08788659423589706,1653,-1.7908158511659167e-08,-1.7908158511659167e-06,1.7908158511659167e-06
663885254,0.7821637933121723,0.0398542142840823,0.9929115772247314,0.6808042526245117,0.1741362512111663,1654,0.7821637754040138,0.0398542570157846,0.9929115772247314,0.6808040738105774,0.17413640022277832,1654,-1.7908158511659167e-08,-1.7908158511659167e-06,1.7908158511659167e-06
663918588,0.8301895623074573,0.0428881573447609,0.9605153799057008,0.7372551560401917,0.2036241143941879,1655,0.8301895503597634,0.04288810983714688,0.9605154991149902,0.7372550964355469,0.20362386107444763,1655,-1.1947693945302262e-08,-1.1947693945302262e-06,1.1947693945302262e-06
663951922,0.8751374010907215,0.0595131893212125,0.8989567756652832,0.7470659613609314,0.2931442558765411,1656,0.8751373921232598,0.05951318305366879,0.898956835269928,0.7470661997795105,0.2931443154811859,1656,-8.96746166212381e-09,-8.96746166212381e-07,8.96746166212381e-07
663985256,0.9184833590851824,0.107944283037702,0.8669191598892212,0.6295830011367798,0.507283091545105,1657,0.9184833530979531,0.10794429979784578,0.866919219493866,0.6295826435089111,0.5072829127311707,1657,-5.9872292679230554e-09,-5.987229267923055e-07,5.987229267923055e-07
664018590,0.9579080794917147,0.1406829934734823,0.7884944081306458,0.5773847103118896,0.7040683031082153,1658,0.9579080824451821,0.14068298750818814,0.7884945869445801,0.5773844122886658,0.7040678858757019,1658,2.9534673595676963e-09,2.9534673595676963e-07,2.9534673595676963e-07
664051924,0.9926332746611636,0.1721147229554689,0.694503903388977,0.4593137204647064,0.8624376654624939,1659,0.9926332776146309,0.1721147555566191,0.694503903388977,0.459313303232193,0.8624373078346252,1659,2.9534673595676963e-09,2.9534673595676963e-07,2.9534673595676963e-07
664085258,0.0246243570910495,0.2003403597038793,0.6398216485977173,0.3808543980121612,1.1807351112365725,1660,0.02462436600498119,0.20034038564446435,0.6398217678070068,0.380854070186615,1.1807347536087036,1660,8.913931703879996e-09,8.913931703879996e-07,8.913931703879996e-07
664118592,0.0501257215605778,0.2344211244311305,0.510027289390564,0.1712395846843719,1.7438054084777832,1661,0.05012573047450939,0.23442116378355918,0.510027289390564,0.17123913764953613,1.7438052892684937,1661,8.913931592857693e-09,8.913931592857693e-07,8.913931592857693e-07
664151926,0.0766660784350437,0.2340327196451746,0.5308071374893188,0.1973351538181305,1.9603477716445925,1662,0.07666609926990428,0.23403275507644064,0.530807375907898,0.1973346769809723,1.9603474140167236,1662,2.08348606145492e-08,2.08348606145492e-06,2.08348606145492e-06
664185260,0.1030476723776859,0.2265009203646819,0.5276318788528442,0.3056552112102508,2.055081367492676,1663,0.10304769917301097,0.22650096241077142,0.5276319980621338,0.3056545853614807,2.0550808906555176,1663,2.6795325069883802e-08,2.67953250698838e-06,2.67953250698838e-06
664218594,0.1322724853621525,0.218042898127126,0.584496259689331,0.4413386285305023,2.168365955352783,1664,0.13227250619701306,0.21804290730963388,0.5844961404800415,0.441338449716568,2.168365716934204,1664,2.0834860503526897e-08,2.0834860503526897e-06,2.0834860503526897e-06
664251928,0.1681524966822666,0.201825298304608,0.7176002264022827,0.721589207649231,2.310662269592285,1665,0.1681525175171272,0.20182530111330638,0.7176002264022827,0.7215890884399414,2.310662031173706,1665,2.08348606145492e-08,2.08348606145492e-06,2.08348606145492e-06
664285262,0.1946359569496515,0.172659024099119,0.7945038080215454,1.0925250053405762,2.068415641784668,1666,0.19463598374497654,0.17265903884703598,0.7945039868354797,1.0925248861312866,2.068415880203247,1666,2.6795325069883802e-08,2.67953250698838e-06,2.67953250698838e-06
664318596,0.222409460412125,0.1583616317468048,0.8332051038742065,1.2592536211013794,1.939835548400879,1667,0.22240949714155756,0.15836164756135757,0.8332054018974304,1.2592535018920898,1.939835786819458,1667,3.6729432606463774e-08,3.6729432606463774e-06,3.6729432606463774e-06
664351930,0.2494937196042739,0.1534059732700842,0.8125277757644653,1.3084574937820437,1.884458303451538,1668,0.24949376626781386,0.15340599421314532,0.8125280737876892,1.308457374572754,1.8844586610794067,1668,4.666353992099914e-08,4.666353992099914e-06,4.666353992099914e-06
664385264,0.277005944119553,0.159921029065149,0.825366735458374,1.2329822778701782,1.940739989280701,1669,0.27700599873037896,0.1599210392250364,0.8253669738769531,1.23298180103302,1.9407395124435425,1669,5.461082597246758e-08,5.461082597246758e-06,5.461082597246758e-06
664418598,0.3046365037229262,0.1633331034903793,0.8289167881011963,1.16509747505188,1.9237983226776123,1670,0.30463656230739516,0.16333304535982965,0.8289169073104858,1.165097713470459,1.9237971305847168,1670,5.858446894269065e-08,5.858446894269065e-06,5.858446894269065e-06
664451932,0.3318835630681715,0.1658841335454072,0.8174117803573608,1.0013580322265625,1.7148752212524414,1671,0.3318836295999265,0.1658841548640292,0.8174120187759399,1.0013577938079834,1.714875340461731,1671,6.653175499415909e-08,6.653175499415909e-06,6.653175499415909e-06
664485266,0.3576930140124363,0.1646856158353817,0.7742835283279419,0.8713134527206421,1.4666905403137207,1672,0.35769308054419124,0.16468564631836777,0.7742835283279419,0.871313214302063,1.4666907787322998,1672,6.653175499415909e-08,6.653175499415909e-06,6.653175499415909e-06
664518600,0.382326083845556,0.1796517842157983,0.7389920949935913,0.6218006014823914,1.313923954963684,1673,0.382326142430025,0.17965177273389016,0.7389918565750122,0.6218006610870361,1.3139238357543945,1673,5.858446905371295e-08,5.858446905371295e-06,5.858446905371295e-06
664551934,0.4029598965909682,0.194282771060543,0.6190143823623657,0.4267131388187408,1.168689489364624,1674,0.40295995914908017,0.19428277464168134,0.6190145015716553,0.42671310901641846,1.168689489364624,1674,6.255811202393602e-08,6.255811202393602e-06,6.255811202393602e-06
664585268,0.4209925527042749,0.1991377816030464,0.5409796833992004,0.3578633964061737,1.0814205408096311,1675,0.42099261724920833,0.19913782520240597,0.5409797430038452,0.3578629493713379,1.0814201831817627,1675,6.454493339802525e-08,6.454493339802525e-06,6.454493339802525e-06
664618602,0.4386152738994958,0.2055690487494755,0.5286816358566284,0.2914831340312958,1.016847848892212,1676,0.4386153404312508,0.2055690296119199,0.5286816954612732,0.29148316383361816,1.0168474912643433,1676,6.653175499415909e-08,6.653175499415909e-06,6.653175499415909e-06
664651936,0.4569123978084924,0.1976331448003593,0.5489137172698975,0.3472516238689422,1.017014503479004,1677,0.4569124683138903,0.19763317515987794,0.548913836479187,0.3472513258457184,1.0170142650604248,1677,7.050539796438215e-08,7.0505397964382155e-06,7.0505397964382155e-06
664685270,0.4753232414192559,0.2442745238749634,0.5523253083229065,0.0217151083052158,0.6033691763877869,1678,0.47532331391147536,0.24427448714783004,0.5523253679275513,0.021715249866247177,0.6033692359924316,1678,7.249221944949369e-08,7.249221944949369e-06,7.249221944949369e-06
664718604,0.4942494069205326,0.4476334773415572,0.5677849650382996,-0.1183220744132995,0.0403998680412769,1679,0.4942494774259305,0.44763353524518146,0.5677849054336548,-0.11832202970981598,0.04039980471134186,1679,7.050539796438215e-08,7.0505397964382155e-06,7.0505397964382155e-06
664751938,0.5303706620799107,0.7987026173897679,0.722425103187561,0.054301057010889,-0.171876311302185,1680,0.5303707266248441,0.7987027939992362,0.7224249839782715,0.05430133268237114,-0.17187651991844177,1680,6.454493339802525e-08,6.454493339802525e-06,6.454493339802525e-06
664785272,0.5664061491356892,0.8709007675124678,0.7207097411155701,0.2033647000789642,-0.2141199111938476,1681,0.5664062107003903,0.8709008606828671,0.7207096815109253,0.20336493849754333,-0.21411991119384766,1681,6.15647011148468e-08,6.15647011148468e-06,6.15647011148468e-06
664818606,0.6067635063992542,0.927736395014458,0.8071471452713013,0.4287886321544647,-0.2092722207307815,1682,0.6067635620034909,0.92773639916121,0.8071470260620117,0.4287887215614319,-0.20927225053310394,1682,5.5604236659512196e-08,5.56042366595122e-06,5.56042366595122e-06
664851940,0.650157639847855,0.9396261695880592,0.8678826689720154,0.499192327260971,-0.1990018188953399,1683,0.650157698432324,0.93962621224387,0.8678827285766602,0.4991922676563263,-0.19900164008140564,1683,5.858446894269065e-08,5.858446894269065e-06,5.858446894269065e-06
664885274,0.6960758064852757,0.9513242328769488,0.9183633327484132,0.420999675989151,-0.1329287439584732,1684,0.6960758710302091,0.9513241568453169,0.9183634519577026,0.42099982500076294,-0.1329290121793747,1684,6.454493339802525e-08,6.454493339802525e-06,6.454493339802525e-06
664918608,0.7440946494208378,0.8365290203392314,0.9603768587112428,0.2746816575527191,-0.4544398486614227,1685,0.7440947139657712,0.8365289101222773,0.9603768587112427,0.27468129992485046,-0.4544399678707123,1685,6.454493339802525e-08,6.454493339802525e-06,6.454493339802525e-06
664951942,0.7678493519996822,0.7678493519996822,0.998348832130432,0.0799568891525268,-0.7099493741989136,1686,0.7678492866795188,0.7678492866795188,0.9983487129211426,0.07995662093162537,-0.7099496126174927,1686,-6.532016338933744e-08,-6.532016338933744e-06,6.532016338933744e-06
664985276,0.8019119640564144,0.6928531679215644,1.021878361701965,-0.2698637247085571,-0.7189947366714478,1687,0.801911898736251,0.6928531722622144,1.0218783617019653,-0.26986372470855713,-0.7189947962760925,1687,-6.532016338933744e-08,-6.532016338933744e-06,6.532016338933744e-06
665018610,0.8325940788164954,0.6765144790760644,0.9204634428024292,-0.3132056295871734,-0.6294366717338562,1688,0.832594013496332,0.6765145031782773,0.9204634428024292,-0.3132055699825287,-0.6294367909431458,1688,-6.532016338933744e-08,-6.532016338933744e-06,6.532016338933744e-06
665051944,0.8610720456019263,0.6856892531238934,0.8543390035629272,-0.2646771669387817,-0.6189736127853394,1689,0.8610719782949414,0.6856892725591679,0.8543389439582825,-0.2646770775318146,-0.6189736127853394,1689,-6.730698487444897e-08,-6.730698487444897e-06,6.730698487444897e-06
665085278,0.8874355713899156,0.7034490558073898,0.790905773639679,-0.1914454847574234,-0.6357683539390564,1690,0.8874355060697522,0.7034490133667142,0.7909058332443237,-0.19144563376903534,-0.6357682347297668,1690,-6.532016338933744e-08,-6.532016338933744e-06,6.532016338933744e-06
665118612,0.9119351268187385,0.7298503003015981,0.7349866628646851,-0.0816085040569305,-0.6411473751068115,1691,0.9119350575249321,0.7298502367012618,0.7349865436553955,-0.08160878717899323,-0.6411475539207458,1691,-6.92938063595605e-08,-6.929380635956051e-06,6.929380635956051e-06
665151946,0.9356509884571256,0.7125900053451589,0.7114758491516113,-0.1562697738409042,-0.6525359153747559,1692,0.9356509231369621,0.7125899609495989,0.7114759683609009,-0.15626993775367737,-0.6525357961654663,1692,-6.532016350035974e-08,-6.532016350035974e-06,6.532016350035974e-06
665185280,0.958426535166822,0.5105549404754615,0.6832664012908936,-0.9233590960502625,-0.0613258592784404,1693,0.9584264698466586,0.5105549519426305,0.6832664012908936,-0.9233591556549072,-0.061325930058956146,1693,-6.532016338933744e-08,-6.532016338933744e-06,6.532016338933744e-06
665218614,0.9810091495886664,0.5163868925544688,0.6774784326553345,-0.9455163478851318,-0.0976976230740547,1694,0.9810090842685031,0.516386918828047,0.6774784326553345,-0.9455164074897766,-0.09769778698682785,1694,-6.532016327831514e-08,-6.5320163278315135e-06,6.5320163278315135e-06
665251948,0.0035970012719652,0.5176001847791571,0.6776355504989624,-0.9632956981658936,-0.1069626435637474,1695,0.003596935951801772,0.5176001822113654,0.6776355504989624,-0.9632956385612488,-0.10696262121200562,1695,-6.532016344484859e-08,-6.532016344484859e-06,6.532016344484859e-06
665285282,0.0268593530232927,0.51807254729382,0.6978705525398254,-0.9411352276802064,-0.107330597937107,1696,0.026859285716307794,0.5180725333941191,0.6978704929351807,-0.9411351084709167,-0.10733050107955933,1696,-6.730698492996012e-08,-6.730698492996012e-06,6.730698492996012e-06
665318616,0.0503574153160275,0.5455658357841637,0.7049418687820435,-0.830211877822876,-0.2444029152393341,1697,0.05035734999586407,0.5455658278977857,0.7049419283866882,-0.830211877822876,-0.24440287053585052,1697,-6.532016344484859e-08,-6.532016344484859e-06,6.532016344484859e-06
665351950,0.0741973241542996,0.6605290180388392,0.7151972651481628,-0.4062804281711578,-0.6449238657951355,1698,0.07419726082095765,0.6605290246725575,0.7151973247528076,-0.40628042817115784,-0.6449239253997803,1698,-6.333334195973706e-08,-6.3333341959737055e-06,6.3333341959737055e-06
665385284,0.0978886405999682,0.6465834209543149,0.7107394933700562,-0.3875875174999237,-0.5100734829902649,1699,0.09788857925344768,0.6465834475989234,0.7107395529747009,-0.38758742809295654,-0.5100735425949097,1699,-6.134652053013667e-08,-6.134652053013667e-06,6.134652053013667e-06
665418618,0.1209481438373746,0.653558296139455,0.6917850971221924,-0.3134666681289673,-0.4523825347423553,1700,0.12094808249085409,0.6535583140993548,0.6917850971221924,-0.31346648931503296,-0.4523823857307434,1700,-6.134652053013667e-08,-6.134652053013667e-06,6.134652053013667e-06
665451952,0.1435141921416145,0.6705663239733088,0.6769814491271973,-0.2194824963808059,-0.4026241898536682,1701,0.143514130795094,0.6705662917769509,0.6769814491271973,-0.21948258578777313,-0.4026241600513458,1701,-6.134652053013667e-08,-6.134652053013667e-06,6.134652053013667e-06
665485286,0.1707421899214607,0.9402427087040356,0.8168399333953857,0.4017238020896911,-0.1583454757928848,1702,0.17074212658811871,0.9402426743160269,0.816839873790741,0.40172362327575684,-0.15834550559520721,1702,-6.33333420152482e-08,-6.333334201524821e-06,6.333334201524821e-06
665518620,0.2042824030295234,0.9692785658873504,1.0062063932418823,0.911614954471588,-0.178186222910881,1703,0.20428234764346742,0.9692785965035334,1.0062066316604614,0.9116148948669434,-0.17818602919578552,1703,-5.538605596377977e-08,-5.538605596377977e-06,5.538605596377977e-06
665551954,0.2363089164470853,0.0090471438892154,0.9607954025268556,1.1157002449035645,0.0634902492165565,1704,0.23630886106102927,0.009047110083341739,0.9607954025268555,1.115700364112854,0.06349001824855804,1704,-5.538605601929092e-08,-5.538605601929092e-06,5.538605601929092e-06
665585288,0.2678586125746589,0.0474071223361938,0.9464908838272096,1.1325057744979858,0.3476809561252594,1705,0.26785855321495994,0.047407096416496326,0.9464907646179199,1.1325056552886963,0.3476807177066803,1705,-5.935969898951399e-08,-5.935969898951399e-06,5.935969898951399e-06
665618622,0.2950214644645871,0.0506485468508453,0.8148855566978455,0.9910366535186768,0.3264780342578888,1706,0.2950214110653526,0.050648607296229047,0.8148857355117798,0.9910366535186768,0.3264784514904022,1706,-5.3399234478668234e-08,-5.339923447866823e-06,5.339923447866823e-06
665651956,0.3199729542310259,0.0958193628231256,0.7485446929931641,0.7609723210334778,0.5229034423828125,1707,0.3199729048054344,0.09581941046044853,0.7485448122024536,0.7609724402427673,0.5229038596153259,1707,-4.9425591508445166e-08,-4.942559150844517e-06,4.942559150844517e-06
665685290,0.3434849203005652,0.125887363960016,0.7053589820861816,0.7340883016586304,0.7423200607299805,1708,0.3434848688881523,0.12588738966043658,0.7053589224815369,0.7340881824493408,0.74232017993927,1708,-5.141241293804555e-08,-5.141241293804555e-06,5.141241293804555e-06
665718624,0.3656186441953203,0.1560608030524085,0.6640117168426514,0.6922923922538757,1.0334272384643557,1709,0.3656185848356214,0.1560607673117109,0.6640114784240723,0.6922930479049683,1.0334277153015137,1709,-5.9359698934002836e-08,-5.935969893400284e-06,5.935969893400284e-06
665751958,0.3855762740348996,0.1940369185992875,0.5987288951873779,0.5254436135292053,1.432223200798035,1710,0.3855762206356651,0.19403691897885073,0.5987290740013123,0.525443434715271,1.4322227239608765,1710,-5.3399234478668234e-08,-5.339923447866823e-06,5.339923447866823e-06
665785292,0.40035045647375,0.2053963355504973,0.4432254731655121,0.6180888414382935,2.147421598434448,1711,0.40035041499544444,0.20539635817615726,0.44322583079338074,0.6180883049964905,2.147420883178711,1711,-4.147830556799903e-08,-4.147830556799903e-06,4.147830556799903e-06
665818626,0.4146903952335538,0.226121833398992,0.4301981627941131,0.3721737563610077,2.462006092071533,1712,0.4146903537552482,0.2261218450943526,0.43019816279411316,0.37217360734939575,2.4620063304901123,1712,-4.147830556799903e-08,-4.147830556799903e-06,4.147830556799903e-06
665851960,0.4304137717063448,0.2281318493316292,0.4717012941837311,0.3545826375484466,2.56436824798584,1713,0.4304137342016822,0.22813185840638175,0.47170141339302063,0.3545824885368347,2.56436824798584,1713,-3.750466259777596e-08,-3.750466259777596e-06,3.750466259777596e-06
665885294,0.4472010404244285,0.2299327779293254,0.503618061542511,0.327305406332016,2.582117795944214,1714,0.44720100291976594,0.22993278872578882,0.503618061542511,0.3273051679134369,2.5821173191070557,1714,-3.750466254226481e-08,-3.750466254226481e-06,3.750466254226481e-06
665918628,0.470222853658122,0.1999811205978988,0.6906543970108032,0.8947797417640686,2.7527377605438232,1715,0.47022282012710237,0.19998114054441368,0.6906545162200928,0.8947792053222656,2.752737283706665,1715,-3.3531019627552894e-08,-3.3531019627552894e-06,3.3531019627552894e-06
665951962,0.4980724921201886,0.1654432441128019,0.8354891538619995,1.4526134729385376,2.471921443939209,1716,0.498072466536455,0.16544323940770758,0.8354893922805786,1.4526137113571167,2.471921682357788,1716,-2.5583733631595607e-08,-2.5583733631595607e-06,2.5583733631595607e-06
665985296,0.5263783167178653,0.1579477883854183,0.8491747379302979,1.5763700008392334,2.4145712852478027,1717,0.5263782951077746,0.15794777017297293,0.8491748571395874,1.5763702392578125,2.4145710468292236,1717,-2.161009071688369e-08,-2.161009071688369e-06,2.161009071688369e-06
666018630,0.5549427897110802,0.1544164919170643,0.8569341897964478,1.659505844116211,2.422734260559082,1718,0.5549427681009895,0.15441646270848267,0.8569341897964478,1.659505844116211,2.4227333068847656,1718,-2.161009071688369e-08,-2.161009071688369e-06,2.161009071688369e-06
666051964,0.5833357880885623,0.1547623063909812,0.8517899513244629,1.6007511615753174,2.347883462905884,1719,0.5833357823730435,0.154762310402268,0.8517904281616211,1.6007513999938965,2.347883939743042,1719,-5.715518835991418e-09,-5.715518835991418e-07,5.715518835991418e-07
666085298,0.6118800392126265,0.1577440101626425,0.8563275337219238,1.4669687747955322,2.240725517272949,1720,0.6118800374707506,0.15774406717190143,0.8563276529312134,1.4669679403305054,2.2407259941101074,1720,-1.7418758657683497e-09,-1.7418758657683497e-07,1.7418758657683497e-07
666118632,0.6399360408758344,0.1532703883376206,0.8416800498962402,1.4153226613998413,2.034664869308472,1721,0.6399360510548876,0.153270408557206,0.8416804075241089,1.415321946144104,2.0346643924713135,1721,1.0179053155923157e-08,1.0179053155923157e-06,1.0179053155923157e-06
666151966,0.668039932884298,0.1570484931904346,0.8431167602539062,1.2731714248657229,1.9262871742248533,1722,0.6680399490238156,0.15704849795641448,0.8431169390678406,1.2731709480285645,1.9262865781784058,1722,1.613951761125776e-08,1.6139517611257759e-06,1.6139517611257759e-06
666185300,0.6941442162171226,0.1700429868867044,0.7831284999847412,0.9941565990447998,1.8095216751098635,1723,0.6941442383171048,0.17004297724122486,0.7831286787986755,0.9941564798355103,1.809521198272705,1723,2.2099982177614663e-08,2.2099982177614663e-06,2.2099982177614663e-06
666218634,0.7256442577019554,0.1899487647040887,0.6300008296966553,0.6525977253913879,1.6467247009277344,1724,0.7256442768217053,0.18994876676929087,0.6300007700920105,0.6525976061820984,1.6467244625091553,1724,1.911974989443621e-08,1.911974989443621e-06,1.911974989443621e-06
666251968,0.7529875070229393,0.2041810403495237,0.5468649864196777,0.4521494209766388,1.5269372463226318,1725,0.7529875201822247,0.20418105304871417,0.5468648672103882,0.4521491825580597,1.5269368886947632,1725,1.3159285439101609e-08,1.315928543910161e-06,1.315928543910161e-06
666285302,0.780060914196096,0.1978015240604427,0.5414681434631348,0.5114060640335083,1.5029804706573486,1726,0.7800609273553815,0.197801559808335,0.5414681434631348,0.5114056468009949,1.502980351448059,1726,1.3159285439101609e-08,1.315928543910161e-06,1.315928543910161e-06
666318636,0.8091917842999321,0.1819814452785908,0.5826174020767212,0.7039644718170166,1.545661211013794,1727,0.8091917914987531,0.1819814304824074,0.5826172828674316,0.7039645910263062,1.5456610918045044,1727,7.198820983767007e-09,7.198820983767007e-07,7.198820983767007e-07
666351970,0.8438481718674522,0.2182469719769242,0.6931277513504028,0.1854259669780731,0.917041838169098,1728,0.8438481790662732,0.21824697800544773,0.6931277513504028,0.18542596697807312,0.9170420169830322,1728,7.198820983767007e-09,7.198820983767007e-07,7.198820983767007e-07
666385304,0.8781893164292198,0.2700082405210561,0.6868228912353516,-0.0235167704522609,0.1860769242048263,1729,0.8781893236280408,0.27000798044026797,0.6868228912353516,-0.02351643703877926,0.18607673048973083,1729,7.198820983767007e-09,7.198820983767007e-07,7.198820983767007e-07
666418638,0.9153251529112678,0.1018517491764347,0.7427167296409607,0.2139725983142852,0.1592964828014373,1730,0.9153251541496243,0.10185192777242524,0.7427166104316711,0.21397271752357483,0.1592969447374344,1730,1.238356528432405e-09,1.238356528432405e-07,1.238356528432405e-07
666451972,0.954664146937452,0.0245132596206663,0.7867798805236816,0.4961405098438263,0.0770262852311134,1731,0.9546641481758085,0.02451354603759121,0.7867798805236816,0.49614033102989197,0.07702717185020447,1731,1.2383564174101025e-09,1.2383564174101025e-07,1.2383564174101025e-07
666485306,0.9968816429749352,0.0153425891585395,0.8443499207496643,0.6617517471313477,0.0639914348721504,1732,0.9968816412330594,0.015342558576423066,0.8443498611450195,0.6617516875267029,0.06399130076169968,1732,-1.7418757547460473e-09,-1.7418757547460473e-07,1.7418757547460473e-07
666518640,0.0218337420461334,0.0218337420461333,0.8665612936019897,0.5950798988342285,0.0821523144841194,1733,0.021833806574364623,0.021833806574364695,0.8665612936019897,0.5950798988342285,0.08215256035327911,1733,6.452823120284279e-08,6.452823120284279e-06,6.452823120284279e-06
666551974,0.0522210363385833,0.9854165324971168,0.9116188287734984,0.408311665058136,-0.0375189185142517,1734,0.05222110285363607,0.9854164981965163,0.9116188883781433,0.40831130743026733,-0.037518974393606186,1734,6.651505279897663e-08,6.651505279897663e-06,6.651505279897663e-06
666585308,0.0849917256670949,0.8818128430815618,0.9831206798553468,0.3768647015094757,-0.3459065854549408,1735,0.08499179615579061,0.8818128231495405,0.9831207990646362,0.3768646717071533,-0.34590664505958557,1735,7.04886957691997e-08,7.048869576919969e-06,7.048869576919969e-06
666618642,0.1212766492205617,0.7431230326243656,1.088547706604004,-0.0336084477603435,-0.7773224711418152,1736,0.12127671970925741,0.7431230181592625,1.088547706604004,-0.03360851854085922,-0.7773224711418152,1736,7.04886957691997e-08,7.048869576919969e-06,7.048869576919969e-06
666651976,0.1589888099668182,0.6673157982388107,1.131364822387695,-0.4542597830295563,-0.7942647933959961,1737,0.1589888804555139,0.6673157995334266,1.1313648223876953,-0.45425984263420105,-0.7942649126052856,1737,7.04886957691997e-08,7.048869576919969e-06,7.048869576919969e-06
666685310,0.1943628036814687,0.6630171768318729,1.0612198114395142,-0.426658421754837,-0.7013487815856934,1738,0.19436287417016437,0.6630171845650961,1.0612198114395142,-0.4266583025455475,-0.7013486623764038,1738,7.048869565817739e-08,7.048869565817739e-06,7.048869565817739e-06
666718644,0.2433533215361592,0.6650169513776203,0.979810357093811,-0.394994854927063,-0.6680622100830078,1739,0.2433533979853194,0.665016970040547,0.9798104763031006,-0.394994854927063,-0.6680623888969421,1739,7.64491602245343e-08,7.64491602245343e-06,7.64491602245343e-06
666751978,0.289614870532131,0.6729953782375101,0.9252309799194336,-0.3583480417728424,-0.6819258332252502,1740,0.2896149469812911,0.6729953346338142,0.9252309799194336,-0.3583482801914215,-0.6819258332252502,1740,7.6449160113512e-08,7.6449160113512e-06,7.6449160113512e-06
666785312,0.3319881164866445,0.5148940316227998,0.847464919090271,-0.812924861907959,-0.0762979611754417,1741,0.3319881929358046,0.5148940088479854,0.847464919090271,-0.8129249215126038,-0.07629784941673279,1741,7.6449160113512e-08,7.6449160113512e-06,7.6449160113512e-06
666818646,0.3733615898924825,0.5008364516433197,0.8274694681167603,-0.8352006673812866,-0.0043895049020648,1742,0.37336166634164264,0.500836447266339,0.8274694681167603,-0.8352006077766418,-0.004389481619000435,1742,7.6449160113512e-08,7.6449160113512e-06,7.6449160113512e-06
666851980,0.4136864536839483,0.5016833497363329,0.8064972758293152,-0.8587526082992554,-0.0090831918641924,1743,0.4136865271528762,0.5016833251734742,0.8064972162246704,-0.8587525486946106,-0.009083058685064316,1743,7.346892783033354e-08,7.346892783033354e-06,7.346892783033354e-06
666885314,0.453302922232723,0.5191606931042562,0.7923293709754944,-0.804326057434082,-0.0973035171627998,1744,0.45330299272141866,0.5191606830267641,0.7923293113708496,-0.8043261766433716,-0.09730347990989685,1744,7.048869565817739e-08,7.048869565817739e-06,7.048869565817739e-06
666918648,0.4929442757206914,0.5249123038983157,0.7928270697593689,-0.7801967859268188,-0.1231303885579109,1745,0.4929443462093871,0.5249122824330223,0.7928270697593689,-0.7801966667175293,-0.12313026189804077,1745,7.04886957691997e-08,7.048869576919969e-06,7.048869576919969e-06
666951982,0.5324863248902318,0.557636053738566,0.7908409833908081,-0.6795814633369446,-0.2574565410614013,1746,0.532486401339392,0.5576359727255322,0.7908411026000977,-0.6795816421508789,-0.2574562132358551,1746,7.6449160113512e-08,7.6449160113512e-06,7.6449160113512e-06
666985316,0.57158891795454,0.6591355764691365,0.7820518612861633,-0.4645181894302368,-0.7232506275177002,1747,0.5715889973839323,0.6591355751480892,0.7820519208908081,-0.46451815962791443,-0.7232505679130554,1747,7.942939228566814e-08,7.942939228566814e-06,7.942939228566814e-06
667018650,0.6105887496310232,0.6786036590729434,0.7799966335296631,-0.3649416267871856,-0.7582018375396729,1748,0.610588823099951,0.6786036539938096,0.7799965143203735,-0.36494165658950806,-0.7582018375396729,1748,7.346892783033354e-08,7.346892783033354e-06,7.346892783033354e-06
667051984,0.651118188484287,0.6848843889067753,0.8105887770652771,-0.3007970154285431,-0.693717896938324,1749,0.6511182589729826,0.6848843938977777,0.8105887174606323,-0.3007970154285431,-0.6937179565429688,1749,7.048869554715509e-08,7.048869554715509e-06,7.048869554715509e-06
667085318,0.6990461641388891,0.8912910803946741,0.958559513092041,0.7140657901763916,-0.5810345411300659,1750,0.6990462346275846,0.8912910768690403,0.958559513092041,0.7140656113624573,-0.5810344219207764,1750,7.048869554715509e-08,7.048869554715509e-06,7.048869554715509e-06
667118652,0.7480553144055364,0.9892014571631658,0.9801830053329468,0.921881377696991,-0.0626451149582862,1751,0.748055384894232,0.9892014189756153,0.9801830053329468,0.9218816161155701,-0.06264535337686539,1751,7.048869554715509e-08,7.048869554715509e-06,7.048869554715509e-06
667151986,0.7983031147557256,0.0275436519178832,1.0049560070037842,0.975300908088684,0.1704929172992706,1752,0.7983031852444211,0.027543656654854653,1.0049560070037842,0.9753015041351318,0.17049305140972137,1752,7.048869554715509e-08,7.048869554715509e-06,7.048869554715509e-06
667185320,0.8436356687384603,0.066695524250216,0.9066510796546936,0.931348979473114,0.414865642786026,1753,0.8436357362469236,0.0666955350677389,0.9066510200500488,0.9313492774963379,0.4148658514022827,1753,6.750846326397664e-08,6.750846326397664e-06,6.750846326397664e-06
667218654,0.8869416856604574,0.0862534495414421,0.8661203384399414,0.793156623840332,0.4775425493717193,1754,0.8869417472084562,0.08625346790266375,0.8661202192306519,0.7931568622589111,0.47754281759262085,1754,6.154799880864203e-08,6.1547998808642035e-06,6.1547998808642035e-06
667251988,0.9266540342408178,0.1208704367624707,0.7942469716072083,0.74184250831604,0.7043110132217407,1755,0.9266540987690488,0.12087039973267764,0.794247031211853,0.7418419122695923,0.7043101191520691,1755,6.452823098079818e-08,6.4528230980798185e-06,6.4528230980798185e-06
667285322,0.960171299560642,0.1726283633558382,0.6703453063964844,0.5513474941253662,1.04334819316864,1756,0.9601713819702664,0.17262839057293203,0.670345664024353,0.5513470768928528,1.0433478355407715,1756,8.240962445782429e-08,8.24096244578243e-06,8.24096244578243e-06
667318656,0.9905082756119726,0.2107630150617409,0.6067395210266113,0.4112494885921478,1.634196639060974,1757,0.9905083550413647,0.210763023214446,0.6067394614219666,0.4112493395805359,1.634196400642395,1757,7.942939206362354e-08,7.942939206362354e-06,7.942939206362354e-06
667351990,0.0203965449172018,0.2207774451343609,0.5977653861045837,0.3745155036449432,2.016752243041992,1758,0.020396630307058405,0.22077744974673863,0.5977655053138733,0.3745153546333313,2.016751766204834,1758,8.538985662998044e-08,8.538985662998044e-06,8.538985662998044e-06
667385324,0.0505408131915091,0.2219223446357446,0.602885365486145,0.3724693357944488,2.089350461959839,1759,0.050540907522062375,0.22192235816215666,0.6028855443000793,0.37246906757354736,2.0893499851226807,1759,9.43305532574712e-08,9.43305532574712e-06,9.43305532574712e-06
667418658,0.0781348818379401,0.2283438381959115,0.5518813729286194,0.2983163893222809,2.1788322925567627,1760,0.07813498808942229,0.22834387004544726,0.5518816113471985,0.2983159124851227,2.1788320541381836,1760,1.062514821681404e-07,1.062514821681404e-05,1.062514821681404e-05
667451992,0.1054947876769064,0.2475443415999449,0.5471981167793274,0.0328596569597721,2.1295151710510254,1761,0.10549490286908537,0.24754435607430808,0.5471982955932617,0.03285946324467659,2.1295151710510254,1761,1.1519217901767576e-07,1.1519217901767576e-05,1.1519217901767576e-05
667485326,0.1337533497649191,0.2476803308051334,0.5651712417602539,0.0318208672106266,2.1831085681915283,1762,0.1337534679373303,0.24768037566175655,0.5651713013648987,0.03182024136185646,2.183107852935791,1762,1.181724111898319e-07,1.181724111898319e-05,1.181724111898319e-05
667518660,0.1721874797183035,0.1747351576320781,0.768682599067688,1.1777012348175049,2.301891326904297,1763,0.1721875978907147,0.17473516370886213,0.768682599067688,1.1777007579803467,2.3018906116485596,1763,1.181724111898319e-07,1.181724111898319e-05,1.181724111898319e-05
667551994,0.1991100513773916,0.1570472300570792,0.807677149772644,1.4657480716705322,2.21761417388916,1764,0.19911017153662433,0.15704725579092013,0.8076772093772888,1.4657477140426636,2.2176144123077393,1764,1.2015923278596574e-07,1.2015923278596574e-05,1.2015923278596574e-05
667585328,0.2266728563942272,0.1532776245254422,0.8268841505050659,1.573036551475525,2.261613368988037,1765,0.22667298450074583,0.15327762894760028,0.826884388923645,1.573036789894104,2.2616138458251953,1765,1.2810651861538958e-07,1.2810651861538958e-05,1.2810651861538958e-05
667618662,0.253946861012554,0.1581484365141115,0.8182201385498047,1.4755631685256958,2.266399383544922,1766,0.2539469851454297,0.15814846003103417,0.8182200193405151,1.4755626916885376,2.266399383544922,1766,1.241328757561888e-07,1.2413287575618881e-05,1.2413287575618881e-05
667651996,0.2821927789685883,0.1605831977373916,0.8473775386810303,1.231689453125,1.956643223762512,1767,0.28219289912782103,0.1605832360579161,0.8473774194717407,1.2316890954971313,1.9566437005996704,1767,1.2015923278596574e-07,1.2015923278596574e-05,1.2015923278596574e-05
667685330,0.3092384819028534,0.1549218127445387,0.8113710880279541,1.125439167022705,1.6542847156524658,1768,0.3092386159698366,0.1549218155719811,0.8113715052604675,1.1254392862319946,1.654284954071045,1768,1.3406698318174648e-07,1.3406698318174648e-05,1.3406698318174648e-05
667718664,0.3357034090993561,0.1600779384271662,0.7939478158950806,0.9479044675827026,1.4952764511108398,1769,0.3357035391926963,0.16007797463152726,0.793947696685791,0.9479039907455444,1.4952764511108398,1769,1.300933402115234e-07,1.3009334021152341e-05,1.3009334021152341e-05
667751998,0.3585127794581411,0.182459012672663,0.6842811107635498,0.6063234806060791,1.341936111450195,1770,0.3585129115383028,0.1824590408948443,0.6842811703681946,0.6063233017921448,1.3419363498687744,1770,1.3208016169663495e-07,1.3208016169663495e-05,1.3208016169663495e-05
667785332,0.3781290058133759,0.1833527821078291,0.5884867906570435,0.5383318662643433,1.2095109224319458,1771,0.37812914186718055,0.1833528344784915,0.588486909866333,0.5383313894271851,1.2095109224319458,1771,1.3605380466685801e-07,1.3605380466685801e-05,1.3605380466685801e-05
667818666,0.3967309617835043,0.1910987903712702,0.5580586791038513,0.4435096681118011,1.1431736946105957,1772,0.39673109187684447,0.19109876027848394,0.558058500289917,0.4435100555419922,1.1431740522384644,1772,1.300933401005011e-07,1.3009334010050111e-05,1.3009334010050111e-05
667852000,0.4164242172080038,0.1762863698918559,0.5907976627349854,0.5998110771179199,1.201096773147583,1773,0.41642434928816546,0.17628639520145642,0.5907977223396301,0.5998106598854065,1.2010964155197144,1773,1.3208016169663495e-07,1.3208016169663495e-05,1.3208016169663495e-05
667885334,0.4396178626852987,0.1538976681258537,0.6958093643188477,0.9038617014884948,1.310376763343811,1774,0.4396180007259249,0.1538976956968379,0.695809543132782,0.9038612842559814,1.3103766441345215,1774,1.3804062626299185e-07,1.3804062626299185e-05,1.3804062626299185e-05
667918668,0.4651411437827108,0.1366466354391693,0.7656984329223633,1.1241565942764282,1.3020166158676147,1775,0.4651412798365155,0.13664664264718424,0.7656983733177185,1.1241565942764282,1.3020167350769043,1775,1.3605380466685801e-07,1.3605380466685801e-05,1.3605380466685801e-05
667952002,0.4917530798750875,0.0800501226008115,0.7983580827713013,0.3529164493083954,0.1941622197628021,1776,0.49175321195524924,0.08005029233342051,0.7983579635620117,0.3529161810874939,0.19416256248950958,1776,1.3208016169663495e-07,1.3208016169663495e-05,1.3208016169663495e-05
667985336,0.5194713417527833,0.0104511986058865,0.8315478563308716,0.4400263130664825,0.0289367325603961,1777,0.5194714698593019,0.010451126508729104,0.831547737121582,0.44002601504325867,0.028936512768268585,1777,1.2810651861538958e-07,1.2810651861538958e-05,1.2810651861538958e-05
668018670,0.5638709489343324,0.9895207883204148,0.8879921436309814,0.5579218864440918,-0.0367883332073688,1778,0.5638710830013155,0.9895207883786207,0.887992262840271,0.5579219460487366,-0.03678833693265915,1778,1.3406698307072418e-07,1.3406698307072418e-05,1.3406698307072418e-05
668052004,0.6100276563403765,0.9657756770299042,0.92313414812088,0.7109693288803101,-0.1552862077951431,1779,0.6100277933875917,0.9657756483754033,0.9231342077255249,0.7109693288803101,-0.15528634190559387,1779,1.3704721524288033e-07,1.3704721524288033e-05,1.3704721524288033e-05
668085338,0.6579929743049303,0.9526668704020668,0.9593063592910768,0.7059409618377686,-0.2163658440113067,1780,0.65799311731261,0.9526668888280418,0.9593064785003662,0.7059409618377686,-0.2163657546043396,1780,1.4300767969821493e-07,1.4300767969821493e-05,1.4300767969821493e-05
668118672,0.7080834720370928,0.8861157003814216,1.0018099546432495,0.4258148074150085,-0.3701336085796356,1781,0.7080836150447725,0.886115682713276,1.0018099546432495,0.42581498622894287,-0.3701338469982147,1781,1.4300767969821493e-07,1.4300767969821493e-05,1.4300767969821493e-05
668152006,0.7610576365230242,0.7640511913872601,1.059483289718628,0.0651295483112335,-0.7357912659645081,1782,0.7610577795307039,0.7640511783958318,1.059483289718628,0.06512950360774994,-0.7357914447784424,1782,1.4300767969821493e-07,1.4300767969821493e-05,1.4300767969821493e-05
668185340,0.7986771120466549,0.6954398142044277,1.1285842657089231,-0.2723226845264435,-0.7630146145820618,1783,0.7986772550543346,0.6954398110482931,1.1285842657089233,-0.27232274413108826,-0.7630147337913513,1783,1.4300767969821493e-07,1.4300767969821493e-05,1.4300767969821493e-05
668218674,0.8360427592036882,0.6649501030714078,1.1209694147109983,-0.4446560442447662,-0.7513346076011658,1784,0.8360428982377249,0.6649500805528619,1.120969295501709,-0.44465622305870056,-0.7513346672058105,1784,1.3903403672799186e-07,1.3903403672799186e-05,1.3903403672799186e-05
668252008,0.8712765627938269,0.6700145208132391,1.0570141077041626,-0.3857044875621795,-0.7017455101013184,1785,0.8712767018278637,0.6700145457373413,1.0570141077041626,-0.38570427894592285,-0.7017453908920288,1785,1.3903403672799186e-07,1.3903403672799186e-05,1.3903403672799186e-05
668285342,0.9052764906324704,0.662095010146073,1.0199978351593018,-0.4448473751544952,-0.7217957377433777,1786,0.90527663364015,0.6620950006212003,1.0199979543685913,-0.44484743475914,-0.7217957377433777,1786,1.4300767958719263e-07,1.4300767958719263e-05,1.4300767958719263e-05
668318676,0.935044961555576,0.550652164891545,0.8930541276931763,-0.8356669545173645,-0.275315523147583,1787,0.9350451045632558,0.5506521683844069,0.8930541276931763,-0.835667073726654,-0.2753155827522278,1787,1.4300767980923723e-07,1.4300767980923723e-05,1.4300767980923723e-05
668352010,0.9636832966245968,0.5033283591936418,0.8591500520706177,-0.8306705355644226,-0.0173740945756435,1788,0.9636834396322764,0.5033283741760213,0.8591500520706177,-0.8306705355644226,-0.017374172806739807,1788,1.4300767958719263e-07,1.4300767958719263e-05,1.4300767958719263e-05
668385344,0.991614760343011,0.4853873781480714,0.8379439115524292,-0.8220085501670837,0.0756845250725746,1789,0.9916149053375122,0.4853874421407857,0.837943971157074,-0.8220086097717285,0.07568419724702835,1789,1.4499450118332646e-07,1.4499450118332646e-05,1.4499450118332646e-05
668418678,0.0326582922376947,0.4856648090827534,0.8208706378936768,-0.8406993746757507,0.0759277865290641,1790,0.032658443192660425,0.48566484608138155,0.8208707571029663,-0.8406994938850403,0.07592760026454926,1790,1.5095496574968337e-07,1.5095496574968337e-05,1.5095496574968337e-05
668452012,0.0730868293680506,0.5002987148302419,0.8085707426071167,-0.8480273485183716,-0.0015916479751467,1791,0.07308697436255178,0.5002987812912632,0.8085706233978271,-0.848027229309082,-0.0015920018777251244,1791,1.4499450118332646e-07,1.4499450118332646e-05,1.4499450118332646e-05
668485346,0.1138254596628504,0.5014398884625917,0.8147726058959961,-0.8626884818077087,-0.007805029861629,1792,0.11382560465735159,0.5014398884761693,0.8147726058959961,-0.862688422203064,-0.007805029395967722,1792,1.4499450118332646e-07,1.4499450118332646e-05,1.4499450118332646e-05
668518680,0.1548175944723444,0.5518623402094199,0.8198426961898804,-0.7417030334472656,-0.2506262362003326,1793,0.15481774244707786,0.551862355567619,0.8198427557945251,-0.7417029738426208,-0.2506262958049774,1793,1.4797473346650492e-07,1.4797473346650492e-05,1.4797473346650492e-05
668552014,0.1942014171518641,0.6099094905361184,0.7876764535903931,-0.5627639293670654,-0.4650200009346008,1794,0.1942015651265975,0.6099094872673892,0.7876764535903931,-0.5627639889717102,-0.4650200307369232,1794,1.479747333554826e-07,1.4797473335548261e-05,1.4797473335548261e-05
668585348,0.2339221550859766,0.6552730246925609,0.794414758682251,-0.492835521697998,-0.7278681993484497,1795,0.23392230902117453,0.6552729978839016,0.7944148778915405,-0.4928357005119324,-0.7278681993484497,1795,1.5393519792183952e-07,1.5393519792183952e-05,1.5393519792183952e-05
668618682,0.272054965678628,0.6738041566858972,0.7626562118530273,-0.3980665504932403,-0.7669485807418823,1796,0.2720551225940581,0.6738041377539866,0.7626562714576721,-0.39806675910949707,-0.7669487595558167,1796,1.5691543009399567e-07,1.5691543009399567e-05,1.5691543009399567e-05
668652016,0.3117498232759791,0.6844876043833596,0.7938971519470215,-0.2952184379100799,-0.6762281060218811,1797,0.3117499801914092,0.6844875940954998,0.7938971519470215,-0.29521843791007996,-0.6762279868125916,1797,1.5691543009399567e-07,1.5691543009399567e-05,1.5691543009399567e-05
668685350,0.3533685697950678,0.6694342653799513,0.8323749303817749,-0.345138281583786,-0.6225520372390747,1798,0.3533687296907302,0.6694342699397695,0.8323749899864197,-0.34513819217681885,-0.6225519180297852,1798,1.5989566237717412e-07,1.5989566237717412e-05,1.5989566237717412e-05
668718684,0.3865580016213414,0.9390118899839262,0.995682954788208,1.0716408491134644,-0.4320079088211059,1799,0.3865581615170038,0.9390119174921536,0.995682954788208,1.0716410875320435,-0.4320077896118164,1799,1.5989566237717412e-07,1.5989566237717412e-05,1.5989566237717412e-05
668752018,0.417222699904219,0.9752086041528084,0.919940948486328,1.4224791526794434,-0.2233877480030059,1800,0.4172228478789524,0.9752085830005337,0.9199405908584595,1.4224791526794434,-0.2233879417181015,1800,1.479747333554826e-07,1.4797473335548261e-05,1.4797473335548261e-05
668785352,0.4461852226493515,0.9989620612064664,0.8688756823539734,1.537636399269104,-0.010027932934463,1801,0.4461853686372634,0.9989620677612304,0.8688756227493286,1.537636399269104,-0.01002786960452795,1801,1.4598791187037108e-07,1.4598791187037108e-05,1.4598791187037108e-05
668818686,0.4730879737772303,0.0304414290529515,0.8070825338363647,1.4586185216903689,0.2824414074420929,1802,0.4730881197651422,0.030441431172891643,0.8070825338363647,1.4586188793182373,0.28244149684906006,1802,1.4598791198139338e-07,1.4598791198139338e-05,1.4598791198139338e-05
668852020,0.495977963391717,0.0464361424503486,0.6866996884346008,1.392212986946106,0.4181345105171203,1803,0.4959781093796289,0.04643615744636982,0.6866996884346008,1.3922131061553955,0.4181346893310547,1803,1.4598791187037108e-07,1.4598791187037108e-05,1.4598791187037108e-05
668885354,0.5171596024272598,0.0666988806007095,0.6354491710662842,1.345746636390686,0.5994914174079895,1804,0.5171597484151716,0.06669892241559404,0.6354491710662842,1.3457467555999756,0.5994918942451477,1804,1.4598791187037108e-07,1.4598791187037108e-05,1.4598791187037108e-05
668918688,0.5378152026571589,0.0935981394103988,0.6196680068969727,1.2687784433364868,0.8460206389427185,1805,0.5378153506318922,0.09359817909685103,0.6196680665016174,1.268777847290039,0.8460206985473633,1805,1.479747333554826e-07,1.4797473335548261e-05,1.4797473335548261e-05
668952022,0.5583902054863927,0.1216117238290312,0.6172500848770142,1.2029643058776855,1.1528043746948242,1806,0.5583903534611261,0.12161175671500732,0.6172500848770142,1.2029643058776855,1.1528048515319824,1806,1.479747333554826e-07,1.4797473335548261e-05,1.4797473335548261e-05
668985356,0.5778754208324112,0.1330398726278456,0.5845564603805542,1.2555607557296753,1.3892813920974731,1807,0.5778755727807875,0.13303989763103286,0.5845565795898438,1.255561113357544,1.3892822265625,1807,1.5194837632570568e-07,1.5194837632570568e-05,1.5194837632570568e-05
669018690,0.5964311136640864,0.1543633100673291,0.5566707849502563,1.1482446193695068,1.6751364469528198,1808,0.5964312616388198,0.15436329223253598,0.5566706657409668,1.1482449769973755,1.6751365661621094,1808,1.479747333554826e-07,1.4797473335548261e-05,1.4797473335548261e-05
