local_time,arrival_time_monotonic,timestamp_us,input_source,phase,raw_phase,stride_rate_hz,cos_value,sin_value,window_size,total_rows,total_predictions
2026-04-02 13:02:23.026,1882.032326119,527115207,左脚+右脚,0.686825957075918,0.686825957075918,1.2321953773498535,-0.4168708920478821,-0.9944816827774048,27,27,1
2026-04-02 13:02:23.056,1882.062416939,527148541,左脚+右脚,0.7263765913011275,0.6466386772889607,1.1865190267562866,-0.705381453037262,-0.9289664626121521,27,28,2
2026-04-02 13:02:23.118,1882.124282935,527181875,左脚+右脚,0.765125837103689,0.6430907932896098,1.1624773740768433,-0.7323530316352844,-0.9211124777793884,27,29,3
2026-04-02 13:02:23.147,1882.153401266,527215209,左脚+右脚,0.804146665509705,0.6162514593905688,1.170624852180481,-0.9077081680297852,-0.8130262494087219,27,30,4
2026-04-02 13:02:23.179,1882.185321059,527248543,左脚+右脚,0.8419405243557336,0.6010641978736326,1.1338157653808594,-0.9888062477111816,-0.7285610437393188,27,31,5
2026-04-02 13:02:23.237,1882.243411667,527281877,左脚+右脚,0.8811862092973434,0.7048494513248065,1.177370548248291,-0.3657670319080353,-1.2545477151870728,27,32,6
2026-04-02 13:02:23.238,1882.244565444,527315211,左脚+右脚,0.9163872382801417,0.8304645757089101,1.0560308694839478,0.43798986077308655,-0.7912209630012512,27,33,7
2026-04-02 13:02:23.268,1882.274270174,527348545,左脚+右脚,0.9517109813056035,0.8175725586316023,1.059712290763855,0.2301374077796936,-0.5090789198875427,27,34,8
2026-04-02 13:02:23.299,1882.305593537,527381879,左脚+右脚,0.9892270944279078,0.8456019466912847,1.1254833936691284,0.2700378894805908,-0.39413389563560486,27,35,9
2026-04-02 13:02:23.327,1882.333455192,527415213,左脚+右脚,0.026854982153737827,0.7980683509395082,1.1288366317749023,0.1834736317396164,-0.5888992547988892,27,36,10
2026-04-02 13:02:23.357,1882.36351278,527448547,左脚+右脚,0.06457867441193688,0.8676795457717966,1.1317107677459717,0.3476288318634033,-0.38117435574531555,27,37,11
2026-04-02 13:02:23.418,1882.424717999,527481881,左脚+右脚,0.10218165534353682,0.9115655633377243,1.128089427947998,0.41554883122444153,-0.25801679491996765,27,38,12
2026-04-02 13:02:23.447,1882.453556289,527515215,左脚+右脚,0.13788408654547163,0.9351872388404734,1.0710729360580444,0.3928893804550171,-0.1694699227809906,27,39,13
2026-04-02 13:02:23.477,1882.483553882,527548549,左脚+右脚,0.17286654926952152,0.8766724233655807,1.0494738817214966,0.25195592641830444,-0.24671562016010284,27,40,14
2026-04-02 13:02:23.507,1882.513563548,527581883,左脚+右脚,0.21122253554678388,0.7197028790830526,1.150679588317871,-0.13601592183113098,-0.7058586478233337,27,41,15
2026-04-02 13:02:23.538,1882.544146465,527615217,左脚+右脚,0.26730539220190475,0.6660954207987121,1.121657133102417,-0.3787817358970642,-0.6506646275520325,27,42,16
2026-04-02 13:02:23.567,1882.573408279,527648551,左脚+右脚,0.31972573417044114,0.6263493420192137,1.0484068393707275,-0.2704382538795471,-0.2750632166862488,27,43,17
2026-04-02 13:02:23.597,1882.603358075,527681885,左脚+右脚,0.3488910001279556,0.3206990028725734,0.8749579787254333,-0.1690579503774643,0.3552086055278778,27,44,18
2026-04-02 13:02:23.627,1882.633492636,527715219,左脚+右脚,0.38373972989734445,0.27540094485087613,1.045461893081665,-0.09700927883386612,0.6026623249053955,27,45,19
2026-04-02 13:02:23.657,1882.663443206,527748553,左脚+右脚,0.4176895381770177,0.22256660879910603,1.0184942483901978,0.11303669214248657,0.6492753028869629,27,46,20
2026-04-02 13:02:23.717,1882.723584699,527781887,左脚+右脚,0.4498532376449946,0.18547238545909878,0.9649109840393066,0.15679708123207092,0.36530765891075134,27,47,21
2026-04-02 13:02:23.747,1882.753618385,527815221,左脚+右脚,0.49592475809272557,0.8745090483515626,0.9214304089546204,0.0857589840888977,-0.08628971129655838,27,48,22
2026-04-02 13:02:23.777,1882.783501314,527848555,左脚+右脚,0.5453847102087381,0.8417861364254106,0.9891990423202515,0.1285848766565323,-0.1976783275604248,27,49,23
2026-04-02 13:02:23.807,1882.813581876,527881889,左脚+右脚,0.5988130918901804,0.8171761140369527,1.0685676336288452,0.1668730229139328,-0.37159720063209534,27,50,24
2026-04-02 13:02:23.837,1882.843623751,527915223,左脚+右脚,0.6550115398329142,0.8733487401282459,1.1239689588546753,0.3294185996055603,-0.33632606267929077,27,51,25
2026-04-02 13:02:23.867,1882.87353363,527948557,左脚+右脚,0.7116390935343149,0.9418400344566437,1.1325510740280151,0.5320802927017212,-0.203581765294075,27,52,26
2026-04-02 13:02:23.897,1882.903641172,527981891,左脚+右脚,0.7664592198294046,0.9573575221463954,1.0964025259017944,0.6955236196517944,-0.1909431368112564,27,53,27
2026-04-02 13:02:23.927,1882.933677693,528015225,左脚+右脚,0.8218586377066018,0.9493923257233029,1.1079883575439453,0.7440842986106873,-0.2449125051498413,27,54,28
2026-04-02 13:02:23.957,1882.963709294,528048559,左脚+右脚,0.8775981179636362,0.9345120968516115,1.114789605140686,0.7763214111328125,-0.33877357840538025,27,55,29
2026-04-02 13:02:24.017,1883.023659701,528081893,左脚+右脚,0.9336194983881357,0.9351225016979415,1.1204276084899902,0.8680487275123596,-0.3748452365398407,27,56,30
2026-04-02 13:02:24.047,1883.053728721,528115227,左脚+右脚,0.9702703149876637,0.9368009882074126,1.0995244979858398,0.888482391834259,-0.37260156869888306,27,57,31
2026-04-02 13:02:24.077,1883.083616627,528148561,左脚+右脚,0.0037641715766632,0.8471346206467976,1.004815697669983,0.34397536516189575,-0.491823673248291,27,58,32
2026-04-02 13:02:24.107,1883.113361935,528181895,左脚+右脚,0.038446791148348994,0.8124322539127428,1.0404785871505737,0.23787277936935425,-0.5749678015708923,27,59,33
2026-04-02 13:02:24.137,1883.14366919,528215229,左脚+右脚,0.06859014747159117,0.8416271504514071,0.9043006896972656,0.35606667399406433,-0.548592746257782,27,60,34
2026-04-02 13:02:24.167,1883.173657281,528248563,左脚+右脚,0.09468631265179747,0.8538674402354176,0.782884955406189,0.47408822178840637,-0.6202548742294312,27,61,35
2026-04-02 13:02:24.197,1883.203695437,528281897,左脚+右脚,0.11996223447339172,0.8379253271402027,0.7582776546478271,0.4165399372577667,-0.6756716370582581,27,62,36
2026-04-02 13:02:24.227,1883.233561423,528315231,左脚+右脚,0.14299642163134052,0.8215718459146867,0.6910256147384644,0.39441874623298645,-0.8171364068984985,27,63,37
2026-04-02 13:02:24.257,1883.263658132,528348565,左脚+右脚,0.1657016149919871,0.8163288955328942,0.681155800819397,0.37415099143981934,-0.8451796770095825,27,64,38
2026-04-02 13:02:24.317,1883.323669193,528381899,左脚+右脚,0.1894905161620819,0.8198080744893665,0.7136670351028442,0.36262738704681396,-0.773040771484375,27,65,39
2026-04-02 13:02:24.346,1883.352429665,528415233,左脚+右脚,0.2168779444457733,0.7637821215268144,0.8216228485107422,0.0629170686006546,-0.7247447371482849,27,66,40
2026-04-02 13:02:24.377,1883.383585728,528448567,左脚+右脚,0.24818387148396603,0.9244121784047858,0.9391778111457825,1.3154197931289673,-0.6763710975646973,27,67,41
2026-04-02 13:02:24.407,1883.413626278,528481901,左脚+右脚,0.2787929407518748,0.9663342063190831,0.918272078037262,1.7014353275299072,-0.3653676211833954,27,68,42
2026-04-02 13:02:24.437,1883.443615701,528515235,左脚+右脚,0.3094006748757405,0.13170562214990458,0.9182320237159729,0.9820259809494019,1.0684700012207031,27,69,43
2026-04-02 13:02:24.497,1883.503556704,528548569,左脚+右脚,0.34143521505213215,0.13548237396527585,0.961036205291748,1.0495998859405518,1.1978365182876587,27,70,44
2026-04-02 13:02:24.498,1883.504126174,528581903,左脚+右脚,0.37293904341872963,0.14382197153226675,0.9451148509979248,0.7534505724906921,0.9566369652748108,27,71,45
2026-04-02 13:02:24.527,1883.533524548,528615237,左脚+右脚,0.4043941509486877,0.14938351782205336,0.9436532258987427,0.7008760571479797,0.956856906414032,27,72,46
2026-04-02 13:02:24.557,1883.563678394,528648571,左脚+右脚,0.43522902049239903,0.15078750033850707,0.9250460863113403,0.7175833582878113,0.9980162978172302,27,73,47
2026-04-02 13:02:24.617,1883.623591816,528681905,左脚+右脚,0.4644066146772745,0.1643979990181965,0.8753278255462646,0.6247610449790955,1.047351360321045,27,74,48
2026-04-02 13:02:24.647,1883.653494597,528715239,左脚+右脚,0.4922536742450439,0.1742742772501836,0.835411787033081,0.5529316663742065,1.0730650424957275,27,75,49
2026-04-02 13:02:24.678,1883.684314449,528748573,左脚+右脚,0.5207072031261168,0.17575092979262036,0.8536058664321899,0.5472862720489502,1.0867555141448975,27,76,50
2026-04-02 13:02:24.707,1883.713361434,528781907,左脚+右脚,0.5486781211457294,0.17763703700037248,0.8391275405883789,0.5301665663719177,1.0845673084259033,27,77,51
2026-04-02 13:02:24.737,1883.743438651,528815241,左脚+右脚,0.5740824194512409,0.18614443816144488,0.7621289491653442,0.4353058338165283,1.0261136293411255,27,78,52
2026-04-02 13:02:24.767,1883.773445081,528848575,左脚+右脚,0.5982324433089934,0.20501552618851918,0.7245007157325745,0.2831239402294159,0.974873960018158,27,79,53
2026-04-02 13:02:24.797,1883.803424704,528881909,左脚+右脚,0.632290684358442,0.18257588643356612,1.0217472314834595,0.6266000866889954,1.3895314931869507,27,80,54
2026-04-02 13:02:24.827,1883.833495708,528915243,左脚+右脚,0.6678931784393034,0.18203035927559086,1.0680748224258423,0.6178591251373291,1.3577098846435547,27,81,55
2026-04-02 13:02:24.857,1883.863505438,528948577,左脚+右脚,0.7123884987594328,0.11608577076542086,0.8899064064025879,0.5181503891944885,0.46313148736953735,27,82,56
2026-04-02 13:02:24.918,1883.924419149,528981911,左脚+右脚,0.758097268319293,0.10207987722597922,0.9141753911972046,0.5026964545249939,0.3753642439842224,27,83,57
2026-04-02 13:02:24.947,1883.953460052,529015245,左脚+右脚,0.8067186009647093,0.09331765309361689,0.9724266529083252,0.6441847681999207,0.4279038608074188,27,84,58
2026-04-02 13:02:24.977,1883.9833834,529048579,左脚+右脚,0.8596918773414335,0.07304156626924962,1.0594655275344849,0.7045390009880066,0.3481278121471405,27,85,59
2026-04-02 13:02:25.007,1884.013394215,529081913,左脚+右脚,0.9175246608020505,0.04947105351767554,1.1566556692123413,0.8881677985191345,0.28532329201698303,27,86,60
2026-04-02 13:02:25.038,1884.044238404,529115247,左脚+右脚,0.9773165595294675,0.02137171586423934,1.1958379745483398,0.8942276835441589,0.12080607563257217,27,87,61
2026-04-02 13:02:25.067,1884.073467823,529148581,左脚+右脚,0.9900371616793222,0.9900371616793222,1.2729026079177856,0.9178231358528137,-0.05752938613295555,27,88,62
2026-04-02 13:02:25.097,1884.103318302,529181915,左脚+右脚,0.03383180555825893,0.9686006205716643,1.313839316368103,0.9788691997528076,-0.19566446542739868,27,89,63
2026-04-02 13:02:25.127,1884.133450179,529215249,左脚+右脚,0.07796545681482021,0.9412506849318967,1.3240095376968384,1.0187360048294067,-0.3941141963005066,27,90,64
2026-04-02 13:02:25.157,1884.163214392,529248583,左脚+右脚,0.12266411639377936,0.9251614218607962,1.3409597873687744,1.074495553970337,-0.5461108088493347,27,91,65
2026-04-02 13:02:25.217,1884.223366827,529281917,左脚+右脚,0.1671297257853097,0.9056971842502756,1.3339682817459106,0.9636191129684448,-0.6487224102020264,27,92,66
2026-04-02 13:02:25.247,1884.253424606,529315251,左脚+右脚,0.20979262448475225,0.7796310219995419,1.2798869609832764,0.16015706956386566,-0.8502777218818665,27,93,67
2026-04-02 13:02:25.277,1884.283396013,529348585,左脚+右脚,0.2538570111704415,0.7177572810179744,1.3219316005706787,-0.2373761087656021,-1.1556506156921387,27,94,68
2026-04-02 13:02:25.307,1884.313462901,529381919,左脚+右脚,0.3108514016581124,0.7404223849939671,1.139887809753418,-0.044690635055303574,-0.7417449355125427,27,95,69
2026-04-02 13:02:25.337,1884.34353417,529415253,左脚+右脚,0.3638717657042092,0.7802922052110939,1.060407280921936,0.12875767052173615,-0.6683028340339661,27,96,70
2026-04-02 13:02:25.367,1884.373440867,529448587,左脚+右脚,0.41722163018708885,0.7564547590635209,1.0669972896575928,0.028117258101701736,-0.6929068565368652,27,97,71
2026-04-02 13:02:25.397,1884.403468041,529481921,左脚+右脚,0.46767349895959553,0.8349681143043799,1.0090373754501343,0.3505895137786865,-0.5930856466293335,27,98,72
2026-04-02 13:02:25.427,1884.433567767,529515255,左脚+右脚,0.5258960073900765,0.6120551663565704,1.1644501686096191,-0.8789500594139099,-0.746455729007721,27,99,73
2026-04-02 13:02:25.487,1884.49332783,529548589,左脚+右脚,0.561089808316285,0.5298217148562837,1.0558140277862549,-0.8632467985153198,-0.16367115080356598,27,100,74
2026-04-02 13:02:25.517,1884.523429215,529581923,左脚+右脚,0.5771951815195233,0.5771951815195233,0.8968936204910278,-1.5362108945846558,-0.8096185922622681,27,101,75
2026-04-02 13:02:25.547,1884.553472752,529615257,左脚+右脚,0.6057474037714154,0.5826726884401996,0.8565666675567627,-1.8143150806427002,-1.037477731704712,27,102,76
2026-04-02 13:02:25.577,1884.583528649,529648591,左脚+右脚,0.6584347335611986,0.6584347335611986,1.066568374633789,-0.9635409712791443,-1.4857945442199707,27,103,77
2026-04-02 13:02:25.607,1884.613337828,529681925,左脚+右脚,0.6702436315911917,0.6702436315911917,1.1339449882507324,-0.8002099394798279,-1.4608691930770874,27,104,78
2026-04-02 13:02:25.637,1884.64346007,529715259,左脚+右脚,0.7088828710613557,0.6753383119198448,1.1591771841049194,-0.745092511177063,-1.4700430631637573,27,105,79
2026-04-02 13:02:25.667,1884.673481511,529748593,左脚+右脚,0.7438081292209932,0.6708380389903027,1.0477577447891235,-0.784906804561615,-1.4457204341888428,27,106,80
2026-04-02 13:02:25.697,1884.70347573,529781927,左脚+右脚,0.7772544650135347,0.668224122292443,1.0033900737762451,-0.8534371852874756,-1.5121798515319824,27,107,81
2026-04-02 13:02:25.727,1884.73331268,529815261,左脚+右脚,0.8093340345122326,0.6621470398172689,0.9623870849609375,-0.9483751058578491,-1.539931297302246,27,108,82
2026-04-02 13:02:25.757,1884.763486866,529848595,左脚+右脚,0.8444200305042574,0.6680777425683961,1.0525798797607422,-0.8839878439903259,-1.5629515647888184,27,109,83
2026-04-02 13:02:25.817,1884.82348415,529881929,左脚+右脚,0.8811482973792065,0.6663723372355069,1.1018480062484741,-0.8979350328445435,-1.5486479997634888,27,110,84
2026-04-02 13:02:25.847,1884.853394797,529915263,左脚+右脚,0.9156387793916374,0.6673247050201856,1.0347144603729248,-0.9034505486488342,-1.579871654510498,27,111,85
2026-04-02 13:02:25.877,1884.883411819,529948597,左脚+右脚,0.9512523122527112,0.6672098937295985,1.0684059858322144,-0.8559091687202454,-1.494233250617981,27,112,86
2026-04-02 13:02:25.907,1884.913494927,529981931,左脚+右脚,0.996517919291845,0.704539766836568,1.3579682111740112,-0.4699874520301819,-1.6004186868667603,27,113,87
2026-04-02 13:02:25.937,1884.943412516,530015265,左脚+右脚,0.04039295394201181,0.7039682242936909,1.3162510395050049,-0.49860042333602905,-1.675572156906128,27,114,88
2026-04-02 13:02:25.967,1884.97340083,530048599,左脚+右脚,0.08287864803253711,0.7008836110806684,1.2745708227157593,-0.5469264388084412,-1.7156180143356323,27,115,89
2026-04-02 13:02:25.997,1885.003286801,530081933,左脚+右脚,0.1176347760258029,0.6665895615524795,1.0426838397979736,-0.7875698208808899,-1.3625860214233398,27,116,90
2026-04-02 13:02:26.027,1885.033419232,530115267,左脚+右脚,0.15711371381063363,0.6771266434854741,1.1843681335449219,-0.6755552887916565,-1.3708308935165405,27,117,91
2026-04-02 13:02:26.057,1885.063294851,530148601,左脚+右脚,0.19766535638748706,0.6798093480512076,1.216549277305603,-0.6388870477676392,-1.3534932136535645,27,118,92
2026-04-02 13:02:26.117,1885.12353289,530181935,左脚+右脚,0.2587437260049492,0.6798071176056416,1.2215673923492432,-0.6504780054092407,-1.3779988288879395,27,119,93
2026-04-02 13:02:26.147,1885.153584419,530215269,左脚+右脚,0.3203708755868584,0.6807306665289886,1.2325429916381836,-0.6212538480758667,-1.336119294166565,27,120,94
2026-04-02 13:02:26.177,1885.183348433,530248603,左脚+右脚,0.3830822157758385,0.6822237123462522,1.254226803779602,-0.5991865396499634,-1.3209322690963745,27,121,95
2026-04-02 13:02:26.207,1885.213362546,530281937,左脚+右脚,0.44715900300919115,0.6875623596002223,1.2815357446670532,-0.5231560468673706,-1.264411449432373,27,122,96
2026-04-02 13:02:26.237,1885.243472904,530315271,左脚+右脚,0.5142456221479088,0.7251808132805897,1.341732382774353,-0.18693409860134125,-1.188996434211731,27,123,97
2026-04-02 13:02:26.267,1885.273455921,530348605,左脚+右脚,0.5804042744535118,0.747054224567636,1.3231730461120605,-0.021587543189525604,-1.1662029027938843,27,124,98
2026-04-02 13:02:26.298,1885.304309917,530381939,左脚+右脚,0.6446745800870568,0.6990094094935597,1.2854061126708984,-0.44111374020576477,-1.3293970823287964,27,125,99
2026-04-02 13:02:26.387,1885.393438272,530415273,左脚+右脚,0.7083660113710076,0.7386289315132002,1.2738286256790161,-0.05532313510775566,-0.7730112075805664,27,126,100
2026-04-02 13:02:26.387,1885.394043109,530448607,左脚+右脚,0.7390485802600717,0.7390485802600717,1.2645676136016846,-0.06146218255162239,-0.891808271408081,27,127,101
2026-04-02 13:02:26.417,1885.423292311,530481941,左脚+右脚,0.7804153600643015,0.6968387773181626,1.241003394126892,-0.2284015268087387,-0.6581707000732422,27,128,102
2026-04-02 13:02:26.447,1885.453491051,530515275,左脚+右脚,0.8463585654208994,0.9059514959760899,1.318864107131958,1.3333735466003418,-0.8945536017417908,27,129,103
2026-04-02 13:02:26.477,1885.483456776,530548609,左脚+右脚,0.9012064972827768,0.4495272398603157,1.6454379558563232,-0.31926611065864563,0.10478534549474716,27,130,104
2026-04-02 13:02:26.507,1885.513333106,530581943,左脚+右脚,0.9509466289788421,0.8111893472232148,1.492203950881958,0.6338605284690857,-1.566642165184021,27,131,105
2026-04-02 13:02:26.537,1885.543279216,530615277,左脚+右脚,0.9941784858018096,0.658572187351397,1.2969557046890259,-0.5031763911247253,-0.777375340461731,27,132,106
2026-04-02 13:02:26.567,1885.573470208,530648611,左脚+右脚,0.03784497174719337,0.6378475226433034,1.3099945783615112,-0.6749874949455261,-0.7938121557235718,27,133,107
2026-04-02 13:02:26.597,1885.603478904,530681945,左脚+右脚,0.08253730131287737,0.6143544092299857,1.34076988697052,-0.7718431353569031,-0.6749266982078552,27,134,108
2026-04-02 13:02:26.627,1885.633393338,530715279,左脚+右脚,0.1270290572752492,0.6037673827134661,1.3347526788711548,-0.8304638862609863,-0.6339335441589355,27,135,109
2026-04-02 13:02:26.657,1885.663284469,530748613,左脚+右脚,0.1941616613974111,0.5918762846802359,1.3426520824432373,-0.9383108019828796,-0.6111046671867371,27,136,110
2026-04-02 13:02:26.717,1885.723642818,530781947,左脚+右脚,0.26050738884110614,0.594093369777527,1.3269145488739014,-0.9974337816238403,-0.6695811152458191,27,137,111
2026-04-02 13:02:26.747,1885.753708265,530815281,左脚+右脚,0.32247372461457413,0.5855633905759694,1.2393267154693604,-1.144234299659729,-0.6821768879890442,27,138,112
2026-04-02 13:02:26.776,1885.782576163,530848615,左脚+右脚,0.383188887368633,0.5894011312495646,1.2143032550811768,-0.8591225147247314,-0.5406918525695801,27,139,113
2026-04-02 13:02:26.807,1885.813518118,530881949,左脚+右脚,0.4438501675238149,0.6268627404759273,1.2132256031036377,-0.7203306555747986,-0.7373925447463989,27,140,114
2026-04-02 13:02:26.837,1885.843407571,530915283,左脚+右脚,0.5043524284472005,0.6574681645165553,1.2100452184677124,-0.5908982157707214,-0.8991645574569702,27,141,115
2026-04-02 13:02:26.867,1885.87350361,530948617,左脚+右脚,0.5620866119176087,0.33136173283145565,1.7320255041122437,-0.6636642813682556,1.1831088066101074,27,142,116
2026-04-02 13:02:26.897,1885.903316621,530981951,左脚+右脚,0.6502370058804687,0.6659981658176184,1.7630078792572021,-0.5709036588668823,-0.979311466217041,27,143,117
2026-04-02 13:02:26.927,1885.933453144,531015285,左脚+右脚,0.7078774193237162,0.33688416988796055,1.7292124032974243,-0.5619194507598877,0.9249840974807739,27,144,118
2026-04-02 13:02:26.957,1885.963479721,531048619,左脚+右脚,0.749331750403835,0.614494456639639,1.2436299324035645,-0.6015836000442505,-0.5269806385040283,27,145,119
2026-04-02 13:02:27.017,1886.023397676,531081953,左脚+右脚,0.7903913676053222,0.6253820161188781,1.2317885160446167,-0.4289523661136627,-0.4310165345668793,27,146,120
2026-04-02 13:02:27.047,1886.053531183,531115287,左脚+右脚,0.8309950688789225,0.6396882558058107,1.2181110382080078,-0.4333328604698181,-0.5217253565788269,27,147,121
2026-04-02 13:02:27.077,1886.083544682,531148621,左脚+右脚,0.8713222204953369,0.6571625806854774,1.2098145484924316,-0.42320749163627625,-0.6413047909736633,27,148,122
2026-04-02 13:02:27.107,1886.113429161,531181955,左脚+右脚,0.9115377842694458,0.6752859152602564,1.2064669132232666,-0.37387391924858093,-0.7370391488075256,27,149,123
2026-04-02 13:02:27.137,1886.143371958,531215289,左脚+右脚,0.9520778834134277,0.6916607416571089,1.216202974319458,-0.2804607152938843,-0.730543851852417,27,150,124
2026-04-02 13:02:27.167,1886.173557097,531248623,左脚+右脚,0.9934854327946838,0.7598588853347915,1.242226481437683,0.03486139699816704,-0.5620579719543457,27,151,125
2026-04-02 13:02:27.197,1886.203600031,531281957,左脚+右脚,0.036439428658280315,0.8864525704780096,1.288619875907898,0.5271549224853516,-0.456266850233078,27,152,126
2026-04-02 13:02:27.227,1886.233287999,531315291,左脚+右脚,0.07904432011742746,0.8573892181659337,1.278146743774414,0.4048195481300354,-0.5060188174247742,27,153,127
2026-04-02 13:02:27.257,1886.263612604,531348625,左脚+右脚,0.11973869197666004,0.8059381945813525,1.2208311557769775,0.16091936826705933,-0.4388367235660553,27,154,128
2026-04-02 13:02:27.317,1886.323630427,531381959,左脚+右脚,0.162114085685207,0.7326453199937102,1.2712618112564087,-0.17498083412647247,-1.5983353853225708,27,155,129
2026-04-02 13:02:27.347,1886.353364901,531415293,左脚+右脚,0.20857523474195952,0.930463682557757,1.3938344717025757,2.1815097332000732,-1.01878821849823,27,156,130
2026-04-02 13:02:27.377,1886.383615832,531448627,左脚+右脚,0.2504949757764673,0.5899941439569931,0.838394820690155,-1.6353347301483154,-1.0377305746078491,27,157,131
2026-04-02 13:02:27.407,1886.413548782,531481961,左脚+右脚,0.31402650567987916,0.5396174640635047,1.2706305980682373,-1.1284770965576172,-0.2868542969226837,27,158,132
2026-04-02 13:02:27.437,1886.443515728,531515295,左脚+右脚,0.3742753336141443,0.7151455756537382,1.2049765586853027,-0.1492539942264557,-0.6706046462059021,27,159,133
2026-04-02 13:02:27.467,1886.473458045,531548629,左脚+右脚,0.4355287501523828,0.7015342134099812,1.2250683307647705,-0.21085675060749054,-0.6708875894546509,27,160,134
2026-04-02 13:02:27.497,1886.503556405,531581963,左脚+右脚,0.4986879536817407,0.6816268129671896,1.2631840705871582,-0.24215483665466309,-0.5285623073577881,27,161,135
2026-04-02 13:02:27.527,1886.533498528,531615297,左脚+右脚,0.5643029818246698,0.644292058555347,1.3123005628585815,-0.34199321269989014,-0.4368685185909271,27,162,136
2026-04-02 13:02:27.557,1886.563470328,531648631,左脚+右脚,0.5907473422738231,0.5907473422738231,1.3704403638839722,-0.5499587059020996,-0.3526477515697479,27,163,137
2026-04-02 13:02:27.617,1886.623614269,531681965,左脚+右脚,0.6373855568619884,0.5585557642212775,1.3991464376449585,-0.7936667203903198,-0.3059334456920624,27,164,138
2026-04-02 13:02:27.647,1886.653623121,531715299,左脚+右脚,0.6834323980065502,0.5543960204983995,1.381405234336853,-1.0165623426437378,-0.3616330921649933,27,165,139
2026-04-02 13:02:27.677,1886.683586563,531748633,左脚+右脚,0.7267132021638073,0.5848967612552842,1.2984241247177124,-0.9760632514953613,-0.5763879418373108,27,166,140
2026-04-02 13:02:27.707,1886.713451037,531781967,左脚+右脚,0.7698984163654166,0.6455538594058999,1.2955564260482788,-0.6008750796318054,-0.7802349925041199,27,167,141
2026-04-02 13:02:27.737,1886.743395619,531815301,左脚+右脚,0.8116879162840364,0.6384349574393409,1.2536849975585938,-0.8717978000640869,-1.0329705476760864,27,168,142
2026-04-02 13:02:27.767,1886.773563007,531848635,左脚+右脚,0.8889874217562196,0.28864601469526935,1.5459901094436646,-0.3246397376060486,1.3105757236480713,27,169,143
2026-04-02 13:02:27.797,1886.803560253,531881969,左脚+右脚,0.9457524217816509,0.676717609439349,1.7029500007629395,-0.5889779925346375,-1.187442660331726,27,170,144
2026-04-02 13:02:27.830,1886.836444438,531915303,左脚+右脚,0.004261255031060784,0.6746731929748497,1.7552649974822998,-0.6000370979309082,-1.1716850996017456,27,171,145
2026-04-02 13:02:27.857,1886.863617613,531948637,左脚+右脚,0.04818487938764851,0.624523544826696,1.3177087306976318,-0.5526260137557983,-0.5493271350860596,27,172,146
2026-04-02 13:02:27.917,1886.923322022,531981971,左脚+右脚,0.09409298873467406,0.6210347504198774,1.3772432804107666,-0.5377545356750488,-0.5116049647331238,27,173,147
2026-04-02 13:02:27.947,1886.953448743,532015305,左脚+右脚,0.1398641742917216,0.6304774447686178,1.3731355667114258,-0.5291311740875244,-0.5668656826019287,27,174,148
2026-04-02 13:02:27.977,1886.983547963,532048639,左脚+右脚,0.18543408688429158,0.6486229525905445,1.3670973777770996,-0.504433274269104,-0.6818085312843323,27,175,149
2026-04-02 13:02:28.007,1887.013500664,532081973,左脚+右脚,0.2537073152911977,0.6794724624117211,1.3654645681381226,-0.37094026803970337,-0.7815534472465515,27,176,150
2026-04-02 13:02:28.037,1887.043941739,532115307,左脚+右脚,0.3224197524440603,0.7203975275025021,1.374248743057251,-0.1306360810995102,-0.6942346692085266,27,177,151
2026-04-02 13:02:28.067,1887.073555929,532148641,左脚+右脚,0.3704216140163259,0.8461626677163723,1.4400558471679688,0.38057780265808105,-0.5512967705726624,27,178,152
2026-04-02 13:02:28.097,1887.103534587,532181975,左脚+右脚,0.4194322365176992,0.8994873479334031,1.4703186750411987,0.6638228893280029,-0.48557016253471375,27,179,153
2026-04-02 13:02:28.127,1887.133552899,532215309,左脚+右脚,0.4893824833286123,0.7750758905745028,1.3990049362182617,0.10562343895435333,-0.6648282408714294,27,180,154
2026-04-02 13:02:28.157,1887.163318603,532248643,左脚+右脚,0.5688371139419393,0.8550657666309062,1.5890926122665405,1.3486891984939575,-1.7372368574142456,27,181,155
2026-04-02 13:02:28.217,1887.223555629,532281977,左脚+右脚,0.650906105603011,0.7851790111392213,1.6413798332214355,0.6102662682533264,-2.715822219848633,27,182,156
2026-04-02 13:02:28.247,1887.253548693,532315311,左脚+右脚,0.725745304192336,0.9694725804886621,1.496783971786499,1.4312340021133423,-0.27794113755226135,27,183,157
2026-04-02 13:02:28.277,1887.283459265,532348645,左脚+右脚,0.793404872978957,0.08055500790305496,1.3531913757324219,0.8020883202552795,0.4446012079715729,27,184,158
2026-04-02 13:02:28.307,1887.313539751,532381979,左脚+右脚,0.8482285636318043,0.10900129628856502,1.0964738130569458,1.515012502670288,1.2373968362808228,27,185,159
2026-04-02 13:02:28.337,1887.343561116,532415313,左脚+右脚,0.9067386406314686,0.11684377570755125,1.1702015399932861,1.4529141187667847,1.3111402988433838,27,186,160
2026-04-02 13:02:28.367,1887.373538733,532448647,左脚+右脚,0.9671311574828938,0.12635878687640512,1.2078503370285034,1.5271201133728027,1.553420901298523,27,187,161
2026-04-02 13:02:28.397,1887.40339715,532481981,左脚+右脚,0.03032127794149675,0.12631506939970813,1.263802409172058,1.5396815538406372,1.565338373184204,27,188,162
2026-04-02 13:02:28.427,1887.43358426,532515315,左脚+右脚,0.09124784644964494,0.13931619069858955,1.2185313701629639,1.4758878946304321,1.7685158252716064,27,189,163
2026-04-02 13:02:28.457,1887.463399525,532548649,左脚+右脚,0.14556704934957782,0.16564887506011927,1.0863840579986572,1.1266286373138428,1.9228743314743042,27,190,164
2026-04-02 13:02:28.517,1887.523504181,532581983,左脚+右脚,0.19058320430914494,0.1905832043091449,0.9545721411705017,0.7937687039375305,2.0264952182769775,27,191,165
2026-04-02 13:02:28.547,1887.553403951,532615317,左脚+右脚,0.2229591281016661,0.17170615268651168,0.9712777137756348,0.8140214085578918,1.5190483331680298,27,192,166
2026-04-02 13:02:28.577,1887.583482889,532648651,左脚+右脚,0.25685270535945826,0.16107132814173483,1.0168073177337646,0.8503146171569824,1.360031247138977,27,193,167
2026-04-02 13:02:28.609,1887.61531188,532681985,左脚+右脚,0.2963277887105935,0.16246074244602726,1.1842525005340576,1.4323954582214355,2.336163282394409,27,194,168
2026-04-02 13:02:28.637,1887.643518455,532715319,左脚+右脚,0.33922580786546,0.14575255083715172,1.286940574645996,1.6330969333648682,2.1260581016540527,27,195,169
2026-04-02 13:02:28.667,1887.67357397,532748653,左脚+右脚,0.3876423985560728,0.14076282430029055,1.4524977207183838,1.4250304698944092,1.7394741773605347,27,196,170
2026-04-02 13:02:28.697,1887.703524378,532781987,左脚+右脚,0.4319861760536823,0.15001789828618983,1.3303133249282837,1.2554349899291992,1.728366732597351,27,197,171
2026-04-02 13:02:28.757,1887.763503847,532815321,左脚+右脚,0.47115230468908875,0.13997605013240513,1.1749838590621948,1.3209439516067505,1.5962578058242798,27,198,172
2026-04-02 13:02:28.758,1887.764554891,532848655,左脚+右脚,0.5093451411326719,0.12588384320002993,1.1457850933074951,1.5167407989501953,1.533681035041809,27,199,173
2026-04-02 13:02:28.817,1887.82357862,532881989,左脚+右脚,0.5485723247925434,0.11704215288384336,1.1768155097961426,1.5491621494293213,1.4015039205551147,27,200,174
2026-04-02 13:02:28.847,1887.853221683,532915323,左脚+右脚,0.5898718387683226,0.10703143103705129,1.2389854192733765,1.6575525999069214,1.319956660270691,27,201,175
2026-04-02 13:02:28.877,1887.883511814,532948657,左脚+右脚,0.6322247893412901,0.09042548225795348,1.2705885171890259,1.8651903867721558,1.1906923055648804,27,202,176
2026-04-02 13:02:28.907,1887.913411551,532981991,左脚+右脚,0.6967044503291442,0.08174932019995766,1.28959321975708,1.9980602264404297,1.1272165775299072,27,203,177
2026-04-02 13:02:28.938,1887.944404398,533015325,左脚+右脚,0.7633900792201354,0.08325082567565542,1.3337125778198242,1.986055850982666,1.145277500152588,27,204,178
2026-04-02 13:02:28.967,1887.97335877,533048659,左脚+右脚,0.829638931234677,0.08190888579069541,1.3249770402908325,2.213259220123291,1.2515491247177124,27,205,179
2026-04-02 13:02:28.997,1888.003364535,533081993,左脚+右脚,0.8951005012591674,0.09098698758000212,1.3092314004898071,2.347419500350952,1.510218858718872,27,206,180
2026-04-02 13:02:29.027,1888.033554243,533115327,左脚+右脚,0.9333210975726439,0.5676860778536796,1.1466178894042969,-1.4551624059677124,-0.6590802669525146,27,207,181
2026-04-02 13:02:29.057,1888.063549508,533148661,左脚+右脚,0.9906514118909829,0.7871610571164405,1.719909429550171,0.6114597320556641,-2.571021795272827,27,208,182
2026-04-02 13:02:29.117,1888.12346091,533181995,左脚+右脚,0.045456468145052,0.7803274092284764,1.6441516876220703,0.4690738618373871,-2.431781768798828,27,209,183
2026-04-02 13:02:29.147,1888.153529521,533215329,左脚+右脚,0.09377080508073111,0.7729099161418675,1.4494301080703735,0.28934407234191895,-1.996167540550232,27,210,184
2026-04-02 13:02:29.177,1888.1834257,533248663,左脚+右脚,0.13684631494680982,0.6153659639677932,1.2922652959823608,-0.6202867031097412,-0.5493963360786438,27,211,185
2026-04-02 13:02:29.207,1888.21362877,533281997,左脚+右脚,0.2042608192364369,0.5602376887746008,1.3482900857925415,-0.7995401620864868,-0.31794241070747375,27,212,186
2026-04-02 13:02:29.237,1888.243612947,533315331,左脚+右脚,0.27392362860838515,0.5432931941605854,1.3932561874389648,-0.9016850590705872,-0.2515098750591278,27,213,187
2026-04-02 13:02:29.267,1888.273687276,533348665,左脚+右脚,0.3455927243630086,0.5324106228462893,1.4333819150924683,-1.0104053020477295,-0.20865319669246674,27,214,188
2026-04-02 13:02:29.297,1888.303341685,533381999,左脚+右脚,0.41537473706404315,0.5275839676840343,1.395640254020691,-1.1321710348129272,-0.19821104407310486,27,215,189
2026-04-02 13:02:29.327,1888.333667924,533415333,左脚+右脚,0.4822033873001729,0.511049304133991,1.3365730047225952,-1.0681099891662598,-0.07427271455526352,27,216,190
2026-04-02 13:02:29.357,1888.36374438,533448667,左脚+右脚,0.5246706873973206,0.4816651948421004,1.2740190029144287,-0.9449020028114319,0.10933774709701538,27,217,191
2026-04-02 13:02:29.417,1888.423359144,533482001,左脚+右脚,0.574942554956404,0.574942554956404,1.1492809057235718,-1.061732530593872,-0.5404971241950989,27,218,192
2026-04-02 13:02:29.447,1888.453631946,533515335,左脚+右脚,0.6243274660243181,0.6243274660243181,1.2457469701766968,-1.1089873313903809,-1.0996543169021606,27,219,193
2026-04-02 13:02:29.477,1888.483687038,533548669,左脚+右脚,0.6716643233215536,0.6716643233215536,1.7101069688796997,-0.6633689999580383,-1.2371342182159424,27,220,194
2026-04-02 13:02:29.507,1888.513627055,533582003,左脚+右脚,0.7264515299713339,0.3409235194941209,1.6436161994934082,-0.8348537683486938,1.29879891872406,27,221,195
2026-04-02 13:02:29.537,1888.543385119,533615337,左脚+右脚,0.7822263220067546,0.3585691445630296,1.673243761062622,-0.9179186820983887,1.1301074028015137,27,222,196
2026-04-02 13:02:29.567,1888.573675243,533648671,左脚+右脚,0.834198715201589,0.40630494827956465,1.5591717958450317,-0.9508814811706543,0.6348839402198792,27,223,197
2026-04-02 13:02:29.597,1888.603586915,533682005,左脚+右脚,0.8753750939285482,0.6144941263971453,1.2352913618087769,-0.7841647267341614,-0.6869168281555176,27,224,198
2026-04-02 13:02:29.627,1888.633618986,533715339,左脚+右脚,0.9164059379811809,0.6351602456987471,1.2309253215789795,-0.6891677379608154,-0.7832958102226257,27,225,199
2026-04-02 13:02:29.657,1888.663459257,533748673,左脚+右脚,0.9584311981117453,0.6306880706230422,1.2607578039169312,-0.7445957660675049,-0.79981529712677,27,226,200
2026-04-02 13:02:29.717,1888.723699411,533782007,左脚+右脚,0.0008823215083009206,0.6338703869184958,1.2735337018966675,-0.7621814012527466,-0.8522540926933289,27,227,201
2026-04-02 13:02:29.747,1888.753613322,533815341,左脚+右脚,0.04451193204678359,0.640550574197779,1.30888831615448,-0.6987951397895813,-0.8506728410720825,27,228,202
2026-04-02 13:02:29.777,1888.783570495,533848675,左脚+右脚,0.0887928028022971,0.6577148013402916,1.3284261226654053,-0.4482067823410034,-0.6843405961990356,27,229,203
2026-04-02 13:02:29.807,1888.813648984,533882009,左脚+右脚,0.1337356109535422,0.7021050005980991,1.3482842445373535,-0.14700235426425934,-0.4736526310443878,27,230,204
2026-04-02 13:02:29.837,1888.843690196,533915343,左脚+右脚,0.1787418702359722,0.6747386302714967,1.3501877784729004,-0.23094488680362701,-0.4514206349849701,27,231,205
2026-04-02 13:02:29.867,1888.873354828,533948677,左脚+右脚,0.24553270728545645,0.6248223019708209,1.335816740989685,-0.6398895978927612,-0.6384623050689697,27,232,206
2026-04-02 13:02:29.897,1888.903535507,533982011,左脚+右脚,0.2753489490652729,0.2753489490652729,1.3582162857055664,-0.11210329830646515,0.6978857517242432,27,233,207
2026-04-02 13:02:29.927,1888.933724695,534015345,左脚+右脚,0.31601665380643296,0.9133708808441885,1.2200311422348022,0.9063830375671387,-0.5486328601837158,27,234,208
2026-04-02 13:02:29.957,1888.963586357,534048679,左脚+右脚,0.3572624481026976,0.8424745841351787,1.2373738288879395,0.4987882673740387,-0.7595968842506409,27,235,209
2026-04-02 13:02:30.017,1889.023671462,534082013,左脚+右脚,0.41617460015462326,0.7339561457246289,1.1782430410385132,-0.10807561874389648,-1.0684754848480225,27,236,210
2026-04-02 13:02:30.047,1889.053596937,534115347,左脚+右脚,0.47136095526860644,0.6772176495348543,1.103727102279663,-0.48481136560440063,-0.9851953387260437,27,237,211
2026-04-02 13:02:30.077,1889.083614192,534148681,左脚+右脚,0.5286017930810302,0.9023031662636636,1.1448167562484741,1.2633717060089111,-0.8902487754821777,27,238,212
2026-04-02 13:02:30.107,1889.113311648,534182015,左脚+右脚,0.5821007049386352,0.9492718395719383,1.0699782371520996,1.9060872793197632,-0.6289810538291931,27,239,213
2026-04-02 13:02:30.137,1889.143519565,534215349,左脚+右脚,0.6335315144364685,0.9666595357678041,1.028616189956665,2.1127443313598633,-0.4491766095161438,27,240,214
2026-04-02 13:02:30.167,1889.173601755,534248683,左脚+右脚,0.6813489950005859,0.0074756959332839806,0.9563496112823486,2.1597766876220703,0.10152193903923035,27,241,215
2026-04-02 13:02:30.197,1889.203457391,534282017,左脚+右脚,0.7238308912818282,0.056625443411753726,0.8496379256248474,1.7695858478546143,0.6575813889503479,27,242,216
2026-04-02 13:02:30.228,1889.234130888,534315351,左脚+右脚,0.7633809930388777,0.14798018142774205,0.7910020351409912,1.4541982412338257,1.949029564857483,27,243,217
2026-04-02 13:02:30.257,1889.26354622,534348685,左脚+右脚,0.8057287639682142,0.14937994536896387,0.846955418586731,1.5908266305923462,2.1717417240142822,27,244,218
2026-04-02 13:02:30.317,1889.323531586,534382019,左脚+右脚,0.8476289755408614,0.1561799856825886,0.8380042314529419,1.4592711925506592,2.181875228881836,27,245,219
2026-04-02 13:02:30.347,1889.353281692,534415353,左脚+右脚,0.889251876503691,0.16454074114032416,0.8324580192565918,1.4164597988128662,2.3794054985046387,27,246,220
2026-04-02 13:02:30.377,1889.383541097,534448687,左脚+右脚,0.9286705798213332,0.1751894946385958,0.7883740663528442,1.1491457223892212,2.261979341506958,27,247,221
2026-04-02 13:02:30.407,1889.413544825,534482021,左脚+右脚,0.9684907293622343,0.1790871322208143,0.7964029908180237,0.9575521945953369,2.0049707889556885,27,248,222
2026-04-02 13:02:30.437,1889.443529937,534515355,左脚+右脚,0.005436906844839218,0.19211723805828387,0.7389235496520996,0.7448471188545227,1.9569343328475952,27,249,223
2026-04-02 13:02:30.467,1889.473506608,534548689,左脚+右脚,0.040638113648161056,0.21695879386848974,0.7040241360664368,0.40195924043655396,1.9082859754562378,27,250,224
2026-04-02 13:02:30.497,1889.503616355,534582023,左脚+右脚,0.08990346851991093,0.16955127304470274,0.9853070974349976,1.1964181661605835,2.161816358566284,27,251,225
2026-04-02 13:02:30.558,1889.564452962,534615357,左脚+右脚,0.14118250075028815,0.16518978387642147,1.025580644607544,1.3040775060653687,2.211087942123413,27,252,226
2026-04-02 13:02:30.587,1889.593456456,534648691,左脚+右脚,0.16072703093626195,0.16072703093626195,1.0542763471603394,1.3781737089157104,2.1937408447265625,27,253,227
2026-04-02 13:02:30.617,1889.623507009,534682025,左脚+右脚,0.19534401784676406,0.16496541258081107,1.0385096073150635,1.3209573030471802,2.2325093746185303,27,254,228
2026-04-02 13:02:30.647,1889.653599776,534715359,左脚+右脚,0.22667856107491346,0.17085858998052728,0.9400362968444824,1.0723037719726562,1.975685477256775,27,255,229
2026-04-02 13:02:30.677,1889.683368495,534748693,左脚+右脚,0.25218239516355684,0.16530563850499294,0.7651150226593018,0.8848788142204285,1.5028276443481445,27,256,230
2026-04-02 13:02:30.707,1889.71360408,534782027,左脚+右脚,0.2792651662264078,0.15468971445133486,0.8124831318855286,1.0763695240020752,1.5772066116333008,27,257,231
2026-04-02 13:02:30.737,1889.743609636,534815361,左脚+右脚,0.3077923267119933,0.15006851959607356,0.8558148145675659,1.160809874534607,1.5991650819778442,27,258,232
2026-04-02 13:02:30.767,1889.773487853,534848695,左脚+右脚,0.33828362713593335,0.14177369368210893,0.9147390127182007,1.3337517976760864,1.6493128538131714,27,259,233
2026-04-02 13:02:30.798,1889.804279026,534882029,左脚+右脚,0.370957156919818,0.12829776111231067,0.9802058935165405,1.638438105583191,1.7077832221984863,27,260,234
2026-04-02 13:02:30.827,1889.833571234,534915363,左脚+右脚,0.4063578733835428,0.11046298533095952,1.0620214939117432,1.8504383563995361,1.5399045944213867,27,261,235
2026-04-02 13:02:30.857,1889.863558363,534948697,左脚+右脚,0.4420105903380919,0.08755216735365917,1.0695815086364746,2.052682876586914,1.258811354637146,27,262,236
2026-04-02 13:02:30.917,1889.923152822,534982031,左脚+右脚,0.4781514534387796,0.07750922181488487,1.0842258930206299,2.135669469833374,1.1309372186660767,27,263,237
2026-04-02 13:02:30.947,1889.953517513,535015365,左脚+右脚,0.5135803628994831,0.059410559523462456,1.062867283821106,1.1024391651153564,0.4317704439163208,27,264,238
2026-04-02 13:02:30.977,1889.983575319,535048699,左脚+右脚,0.5627539981438525,0.010237002976420136,0.9834727048873901,0.8373063206672668,0.05393076315522194,27,265,239
2026-04-02 13:02:31.007,1890.013380604,535082033,左脚+右脚,0.6109155763222582,0.9218118099256166,0.9632315635681152,0.6628207564353943,-0.3546234965324402,27,266,240
2026-04-02 13:02:31.037,1890.043414402,535115367,左脚+右脚,0.6645431388451464,0.7859079860162826,1.0725512504577637,0.15818564593791962,-0.6891891360282898,27,267,241
2026-04-02 13:02:31.067,1890.073472145,535148701,左脚+右脚,0.711981218516694,0.711981218516694,1.2375597953796387,-0.2714240550994873,-1.1145453453063965,27,268,242
2026-04-02 13:02:31.097,1890.103575828,535182035,左脚+右脚,0.7511160904763803,0.6602980808949823,1.1740461587905884,-0.5918132066726685,-0.9364203810691833,27,269,243
2026-04-02 13:02:31.127,1890.133542102,535215369,左脚+右脚,0.7874983841775521,0.6219860823959278,1.0914688110351562,-0.7843825221061707,-0.7552235126495361,27,270,244
2026-04-02 13:02:31.157,1890.163505943,535248703,左脚+右脚,0.8232083692748015,0.6023820270523724,1.0712995529174805,-0.8997846245765686,-0.6745350360870361,27,271,245
2026-04-02 13:02:31.217,1890.223582907,535282037,左脚+右脚,0.859551757037507,0.5912798504092469,1.0903016328811646,-1.0252395868301392,-0.6622613072395325,27,272,246
2026-04-02 13:02:31.277,1890.283641976,535315371,左脚+右脚,0.8963173324464425,0.7855606778990037,1.1029672622680664,0.2945946753025055,-1.2964701652526855,27,273,247
2026-04-02 13:02:31.278,1890.284292503,535348705,左脚+右脚,0.9293307795721952,0.8846189837413784,0.990403413772583,0.9966959953308105,-0.8829553723335266,27,274,248
2026-04-02 13:02:31.307,1890.313569012,535382039,左脚+右脚,0.9369708804803956,0.9369708804803956,0.94477778673172,1.4578605890274048,-0.6095517873764038,27,275,249
2026-04-02 13:02:31.367,1890.373271205,535415373,左脚+右脚,0.9661658661330931,0.9661658661330931,0.8742462992668152,1.8680419921875,-0.403212308883667,27,276,250
2026-04-02 13:02:31.368,1890.374377044,535448707,左脚+右脚,0.0070418524044644215,0.007041852404464498,0.8438913822174072,1.8124117851257324,0.08024300634860992,27,277,251
2026-04-02 13:02:31.397,1890.403524843,535482041,左脚+右脚,0.041279815365661325,0.12922320701033654,0.684759259223938,1.2881803512573242,1.3584250211715698,27,278,252
2026-04-02 13:02:31.427,1890.43339535,535515375,左脚+右脚,0.07941518001734132,0.149122492876967,0.7627072930335999,1.5751351118087769,2.1430397033691406,27,279,253
2026-04-02 13:02:31.457,1890.463605814,535548709,左脚+右脚,0.11791098587690706,0.15114169222770518,0.7699161171913147,1.5906845331192017,2.2227468490600586,27,280,254
2026-04-02 13:02:31.517,1890.523593527,535582043,左脚+右脚,0.15614734165846222,0.1580366382601278,0.7647271156311035,1.4750893115997314,2.2621946334838867,27,281,255
2026-04-02 13:02:31.547,1890.553628185,535615377,左脚+右脚,0.18174287749309256,0.15849103761111907,0.7678660750389099,1.3911397457122803,2.1468214988708496,27,282,256
2026-04-02 13:02:31.577,1890.583662788,535648711,左脚+右脚,0.2084836688933662,0.1759101393253137,0.8022237420082092,0.9895423650741577,1.9698536396026611,27,283,257
2026-04-02 13:02:31.608,1890.61427592,535682045,左脚+右脚,0.23409664107341482,0.19661059414656312,0.7683891654014587,0.6577811241149902,1.886749505996704,27,284,258
2026-04-02 13:02:31.637,1890.643563844,535715379,左脚+右脚,0.25857926480947846,0.2199213989181512,0.7344787120819092,0.3779599964618683,1.9760332107543945,27,285,259
2026-04-02 13:02:31.667,1890.67353278,535748713,左脚+右脚,0.28795811606425953,0.17693581214614892,0.8813655376434326,1.016891360282898,2.0572423934936523,27,286,260
2026-04-02 13:02:31.697,1890.703538229,535782047,左脚+右脚,0.3184735007383318,0.15708203142742216,0.915461540222168,1.291799545288086,1.955366849899292,27,287,261
2026-04-02 13:02:31.728,1890.734305172,535815381,左脚+右脚,0.3520923919774981,0.16949086740403876,1.0085667371749878,1.072111964225769,1.9354723691940308,27,288,262
2026-04-02 13:02:31.787,1890.793625767,535848715,左脚+右脚,0.38661953482010875,0.16782064256130386,1.0358142852783203,1.153947114944458,2.0325887203216553,27,289,263
2026-04-02 13:02:31.817,1890.823483878,535882049,左脚+右脚,0.42002490632711764,0.1660654539691832,1.0021611452102661,1.1687332391738892,2.006760358810425,27,290,264
2026-04-02 13:02:31.848,1890.854391808,535915383,左脚+右脚,0.4449043857353818,0.17886146639479086,0.7463843822479248,0.6445752382278442,1.3447376489639282,27,291,265
2026-04-02 13:02:31.877,1890.883608725,535948717,左脚+右脚,0.4688936201033882,0.1762813417938665,0.7196770310401917,0.6599448323249817,1.321407675743103,27,292,266
2026-04-02 13:02:31.907,1890.913512273,535982051,左脚+右脚,0.4953132835326485,0.16280327416677617,0.7925899028778076,0.8665579557418823,1.4201613664627075,27,293,267
2026-04-02 13:02:31.940,1890.946376933,536015385,左脚+右脚,0.523433368136276,0.15160839043987143,0.8436025381088257,1.0439393520355225,1.4678268432617188,27,294,268
2026-04-02 13:02:31.967,1890.973607794,536048719,左脚+右脚,0.5529952195582679,0.1422973589920502,0.8868555426597595,1.232249140739441,1.5340913534164429,27,295,269
2026-04-02 13:02:31.997,1891.003536426,536082053,左脚+右脚,0.584174611896067,0.1280520830078547,0.9353817701339722,1.4734618663787842,1.5310865640640259,27,296,270
2026-04-02 13:02:32.028,1891.03437708,536115387,左脚+右脚,0.618033729721893,0.1099554630503673,1.0157735347747803,1.6175596714019775,1.3373994827270508,27,297,271
2026-04-02 13:02:32.057,1891.063352881,536148721,左脚+右脚,0.6713561522263181,0.08724238429573132,1.066448450088501,1.6826037168502808,1.0273582935333252,27,298,272
2026-04-02 13:02:32.117,1891.123572641,536182055,左脚+右脚,0.7250637101429593,0.060180480865299806,1.0741511583328247,1.098662257194519,0.43643298745155334,27,299,273
2026-04-02 13:02:32.177,1891.183200317,536215389,左脚+右脚,0.7740646468895567,0.021269952284885988,0.9800187349319458,0.9722938537597656,0.13071948289871216,27,300,274
2026-04-02 13:02:32.177,1891.183757198,536248723,左脚+右脚,0.8222971426743162,0.9839167180267472,0.9646499156951904,0.7307667136192322,-0.07409948110580444,27,301,275
2026-04-02 13:02:32.207,1891.213602349,536282057,左脚+右脚,0.871408073832382,0.9051578357132432,0.9822186231613159,0.5757911801338196,-0.3904730975627899,27,302,276
2026-04-02 13:02:32.237,1891.243615426,536315391,左脚+右脚,0.910131936003555,0.7545079926066005,1.1617158651351929,0.02366841956973076,-0.8353914618492126,27,303,277
2026-04-02 13:02:32.297,1891.303849534,536348725,左脚+右脚,0.949966141313105,0.677089939423919,1.195026159286499,-0.43222489953041077,-0.8765571117401123,27,304,278
2026-04-02 13:02:32.298,1891.304457923,536382059,左脚+右脚,0.9866681344606372,0.6640012184939841,1.1010597944259644,-0.44201114773750305,-0.7368075251579285,27,305,279
2026-04-02 13:02:32.327,1891.333679637,536415393,左脚+右脚,0.021103068917780243,0.6223102371294462,1.0330480337142944,-0.7359635829925537,-0.7114987373352051,27,306,280
2026-04-02 13:02:32.357,1891.363622882,536448727,左脚+右脚,0.053527308235356334,0.6098041619020595,0.9727271795272827,-0.7874575257301331,-0.6498110890388489,27,307,281
2026-04-02 13:02:32.417,1891.423287906,536482061,左脚+右脚,0.08622904293714873,0.6029894051093231,0.981052041053772,-0.816081702709198,-0.616664707660675,27,308,282
2026-04-02 13:02:32.447,1891.453598002,536515395,左脚+右脚,0.11966257167834948,0.597230808630751,1.003005862236023,-0.7920722961425781,-0.5546786785125732,27,309,283
2026-04-02 13:02:32.477,1891.483630858,536548729,左脚+右脚,0.16976339889545156,0.5948034490112828,1.002016544342041,-0.7168323397636414,-0.4858657121658325,27,310,284
2026-04-02 13:02:32.507,1891.513620501,536582063,左脚+右脚,0.2033998337683967,0.8712679215597683,1.0090930461883545,0.9782618284225464,-1.0252515077590942,27,311,285
2026-04-02 13:02:32.537,1891.543470478,536615397,左脚+右脚,0.2334983356096239,0.9233620126421874,0.9029550552368164,1.6003352403640747,-0.83626788854599,27,312,286
2026-04-02 13:02:32.567,1891.573424871,536648731,左脚+右脚,0.26194571726499905,0.967653797938537,0.8534214496612549,1.7792712450027466,-0.36667659878730774,27,313,287
2026-04-02 13:02:32.597,1891.603429018,536682065,左脚+右脚,0.28845464063663195,0.9855717853146378,0.7952677011489868,1.596721887588501,-0.14514890313148499,27,314,288
2026-04-02 13:02:32.627,1891.633358277,536715399,左脚+右脚,0.3126422889329882,0.024277051021059304,0.725629448890686,1.3767822980880737,0.2116546481847763,27,315,289
2026-04-02 13:02:32.657,1891.663383263,536748733,左脚+右脚,0.3338722693222653,0.13521441960402342,0.6368994116783142,0.8433569669723511,0.9592027068138123,27,316,290
2026-04-02 13:02:32.717,1891.72341766,536782067,左脚+右脚,0.35436597737648995,0.1616826267801307,0.6148112416267395,1.2829896211624146,2.069713830947876,27,317,291
2026-04-02 13:02:32.747,1891.753301894,536815401,左脚+右脚,0.3769686666426948,0.16616951804013486,0.678080677986145,1.3440059423446655,2.3111839294433594,27,318,292
2026-04-02 13:02:32.777,1891.78337338,536848735,左脚+右脚,0.4001975881355893,0.1686000821045761,0.6968676447868347,1.2653850317001343,2.254523515701294,27,319,293
2026-04-02 13:02:32.807,1891.813438784,536882069,左脚+右脚,0.42333207798976613,0.17849918191491765,0.6940346956253052,1.0588489770889282,2.196171760559082,27,320,294
2026-04-02 13:02:32.840,1891.846453622,536915403,左脚+右脚,0.44589186383266166,0.20684402002963748,0.6767935752868652,0.5900894999504089,2.1225922107696533,27,321,295
2026-04-02 13:02:32.867,1891.873501003,536948737,左脚+右脚,0.4676818099913887,0.23086599248932954,0.6536983847618103,0.2554997205734253,2.1149747371673584,27,322,296
2026-04-02 13:02:32.897,1891.903435293,536982071,左脚+右脚,0.48739447070140557,0.24658400918387563,0.5913798213005066,0.04435427859425545,2.066199541091919,27,323,297
2026-04-02 13:02:32.927,1891.933461083,537015405,左脚+右脚,0.5157816615996651,0.16851386914909772,0.8516157269477844,1.2913846969604492,2.297929525375366,27,324,298
2026-04-02 13:02:32.957,1891.963413375,537048739,左脚+右脚,0.5447845565575254,0.1571334228057705,0.8700868487358093,1.5290310382843018,2.316084384918213,27,325,299
2026-04-02 13:02:33.017,1892.023608668,537082073,左脚+右脚,0.5728298413056029,0.14887727656361188,0.8413585424423218,1.4828436374664307,2.0109729766845703,27,326,300
2026-04-02 13:02:33.047,1892.053396912,537115407,左脚+右脚,0.604177473713745,0.15282105872710003,0.9404289722442627,1.2713227272033691,1.8166882991790771,27,327,301
2026-04-02 13:02:33.077,1892.083416333,537148741,左脚+右脚,0.6357100156245523,0.1560672376486217,0.9459762573242188,1.2710909843444824,1.8976012468338013,27,328,302
2026-04-02 13:02:33.137,1892.143464208,537182075,左脚+右脚,0.6624245710470174,0.16158476782394637,0.8014366626739502,1.0383715629577637,1.6727992296218872,27,329,303
2026-04-02 13:02:33.138,1892.144594749,537215409,左脚+右脚,0.6837782112059885,0.1847003107093985,0.6406092047691345,0.5776071548461914,1.327905535697937,27,330,304
2026-04-02 13:02:33.167,1892.173613015,537248743,左脚+右脚,0.7151307431159311,0.17793062001815113,0.6270506381988525,0.6367500424385071,1.3087193965911865,27,331,305
2026-04-02 13:02:33.197,1892.203667723,537282077,左脚+右脚,0.7476146993336968,0.16478764766207443,0.6496791243553162,0.8037057518959045,1.354863166809082,27,332,306
2026-04-02 13:02:33.227,1892.233552375,537315411,左脚+右脚,0.7846178856787972,0.15061910249660876,0.7400637269020081,1.0639724731445312,1.4764764308929443,27,333,307
2026-04-02 13:02:33.257,1892.263591254,537348745,左脚+右脚,0.8245487359462075,0.1354923217455947,0.7986170053482056,1.3582215309143066,1.5502407550811768,27,334,308
2026-04-02 13:02:33.317,1892.323585235,537382079,左脚+右脚,0.8682278332410149,0.1232633557956632,0.8735819458961487,1.520129919052124,1.4873124361038208,27,335,309
2026-04-02 13:02:33.347,1892.353387964,537415413,左脚+右脚,0.9163323638139061,0.10467504985918051,0.9620906114578247,1.6695261001586914,1.289566159248352,27,336,310
2026-04-02 13:02:33.377,1892.383550464,537448747,左脚+右脚,0.9638385680613808,0.046006087274421535,0.9501240849494934,0.6937151551246643,0.20630711317062378,27,337,311
2026-04-02 13:02:33.407,1892.413577749,537482081,左脚+右脚,0.0108671513495735,0.027388999465440447,0.940571665763855,0.7452904582023621,0.12953844666481018,27,338,312
2026-04-02 13:02:33.437,1892.443519388,537515415,左脚+右脚,0.04214974912980116,0.9843989168024881,0.9384779334068298,0.6794888377189636,-0.06682071089744568,27,339,313
2026-04-02 13:02:33.467,1892.473481616,537548749,左脚+右脚,0.07459121816336033,0.9611141661777957,0.9732440710067749,0.6588582396507263,-0.16425837576389313,27,340,314
2026-04-02 13:02:33.497,1892.503591637,537582083,左脚+右脚,0.10951221260407484,0.8222500437372368,1.0476298332214355,0.29805150628089905,-0.6108251214027405,27,341,315
2026-04-02 13:02:33.527,1892.533530371,537615417,左脚+右脚,0.1485374438065183,0.709654377098082,1.1707569360733032,-0.22452318668365479,-0.8666425347328186,27,342,316
2026-04-02 13:02:33.557,1892.563337364,537648751,左脚+右脚,0.18725282224991835,0.6716802328413463,1.161461353302002,-0.42983174324035645,-0.8017969131469727,27,343,317
2026-04-02 13:02:33.617,1892.623534413,537682085,左脚+右脚,0.2401201871333412,0.6863320859264574,1.057347297668457,-0.26920026540756226,-0.6366522908210754,27,344,318
2026-04-02 13:02:33.647,1892.653518599,537715419,左脚+右脚,0.28985660943367997,0.6923436026136496,0.9947284460067749,-0.25712159276008606,-0.6784355640411377,27,345,319
2026-04-02 13:02:33.677,1892.683285251,537748753,左脚+右脚,0.33597336682656326,0.5908081955570583,0.922335147857666,-0.8256651163101196,-0.5298834443092346,27,346,320
2026-04-02 13:02:33.707,1892.713517146,537782087,左脚+右脚,0.3811428454814247,0.5806172619977945,0.903389573097229,-0.8020002841949463,-0.44496259093284607,27,347,321
2026-04-02 13:02:33.737,1892.743580048,537815421,左脚+右脚,0.4246032831368736,0.5651268681047716,0.8692087531089783,-0.768761396408081,-0.33340057730674744,27,348,322
2026-04-02 13:02:33.767,1892.773577583,537848755,左脚+右脚,0.46699416014531175,0.5479086814240708,0.8478175401687622,-0.7630821466445923,-0.23690132796764374,27,349,323
2026-04-02 13:02:33.797,1892.803302517,537882089,左脚+右脚,0.5095450935063652,0.6092583735084477,0.8510186672210693,-0.6691902875900269,-0.5483701229095459,27,350,324
2026-04-02 13:02:33.827,1892.833559599,537915423,左脚+右脚,0.5570997473893455,0.6619774456838383,0.9510930776596069,-0.42351776361465454,-0.6860518455505371,27,351,325
2026-04-02 13:02:33.857,1892.863644814,537948757,左脚+右脚,0.6035048988757423,0.8512737118088096,0.9281030297279358,0.6565227508544922,-0.8885837197303772,27,352,326
2026-04-02 13:02:33.917,1892.923384368,537982091,左脚+右脚,0.6488861826358131,0.9139732968952509,0.907625675201416,1.0444074869155884,-0.6267896890640259,27,353,327
2026-04-02 13:02:33.947,1892.95350907,538015425,左脚+右脚,0.6896341052947333,0.9774262270664256,0.8149584531784058,1.2696945667266846,-0.18130479753017426,27,354,328
2026-04-02 13:02:33.977,1892.983725156,538048759,左脚+右脚,0.7292695430217079,0.020009101794568194,0.7927087545394897,1.1141397953033447,0.14081332087516785,27,355,329
2026-04-02 13:02:34.037,1893.043464598,538082093,左脚+右脚,0.7677459505496315,0.08538767206629866,0.7695281505584717,0.8545976281166077,0.5082213878631592,27,356,330
2026-04-02 13:02:34.038,1893.044578277,538115427,左脚+右脚,0.8045574096141151,0.11274902963931413,0.7362291812896729,0.8083903193473816,0.6926210522651672,27,357,331
2026-04-02 13:02:34.067,1893.073398718,538148761,左脚+右脚,0.8398842719493202,0.1490158899683873,0.7065372467041016,0.6941332817077637,0.943074107170105,27,358,332
2026-04-02 13:02:34.097,1893.103668095,538182095,左脚+右脚,0.873548677295237,0.19138150285720043,0.673288106918335,0.5337163805961609,1.382967233657837,27,359,333
2026-04-02 13:02:34.127,1893.133476177,538215429,左脚+右脚,0.9043984559474282,0.19399282169078452,0.6169955730438232,0.7246498465538025,1.973516583442688,27,360,334
2026-04-02 13:02:34.187,1893.193672054,538248763,左脚+右脚,0.9361404803691201,0.19641988032968008,0.6348404884338379,0.724637508392334,2.0705323219299316,27,361,335
2026-04-02 13:02:34.217,1893.223622737,538282097,左脚+右脚,0.9679215279517465,0.20939750306662555,0.6356209516525269,0.5378566384315491,2.0623695850372314,27,362,336
2026-04-02 13:02:34.247,1893.253325558,538315431,左脚+右脚,0.9979231503901772,0.22428850833219405,0.6000324487686157,0.34158340096473694,2.0959856510162354,27,363,337
2026-04-02 13:02:34.277,1893.283523875,538348765,左脚+右脚,0.029155671328096933,0.22293471549810412,0.6246504187583923,0.3834927976131439,2.233314037322998,27,364,338
2026-04-02 13:02:34.307,1893.313527209,538382099,左脚+右脚,0.06886531683781677,0.17706336770943018,0.794192910194397,1.0289870500564575,2.0859196186065674,27,365,339
2026-04-02 13:02:34.337,1893.34354643,538415433,左脚+右脚,0.1116920826134973,0.1548086607644141,0.8565353155136108,1.3142846822738647,1.9289188385009766,27,366,340
2026-04-02 13:02:34.367,1893.3733272,538448767,左脚+右脚,0.14935295893545378,0.14935295893545378,0.8353334069252014,1.4612293243408203,1.9941105842590332,27,367,341
2026-04-02 13:02:34.397,1893.403496927,538482101,左脚+右脚,0.1776078215618474,0.15185613815928228,0.8476458787918091,1.4049817323684692,1.9819941520690918,27,368,342
2026-04-02 13:02:34.427,1893.433688266,538515435,左脚+右脚,0.20562633587713466,0.15592389312885327,0.8405554294586182,1.3076872825622559,1.9484379291534424,27,369,343
2026-04-02 13:02:34.457,1893.463622632,538548769,左脚+右脚,0.23299602581854092,0.15909982549549312,0.8210906982421875,1.0870579481124878,1.6917035579681396,27,370,344
2026-04-02 13:02:34.517,1893.523525883,538582103,左脚+右脚,0.26041217956737106,0.17174553086219693,0.8224846124649048,0.8453137874603271,1.578381061553955,27,371,345
2026-04-02 13:02:34.547,1893.553576178,538615437,左脚+右脚,0.28470126304820603,0.18145025304273507,0.7286725044250488,0.6557224988937378,1.4270920753479004,27,372,346
2026-04-02 13:02:34.577,1893.583448877,538648771,左脚+右脚,0.30543372942800745,0.1901663271487828,0.621973991394043,0.5110900402069092,1.2948179244995117,27,373,347
2026-04-02 13:02:34.607,1893.613437163,538682105,左脚+右脚,0.3257297288755121,0.195650565842301,0.6088799834251404,0.4417649805545807,1.2429677248001099,27,374,348
2026-04-02 13:02:34.637,1893.643592681,538715439,左脚+右脚,0.3473759841302576,0.18004791713424423,0.6493876576423645,0.6075292825698853,1.2920750379562378,27,375,349
2026-04-02 13:02:34.667,1893.673581751,538748773,左脚+右脚,0.37193550183172447,0.1635509084509951,0.7367855310440063,0.8496923446655273,1.4073472023010254,27,376,350
2026-04-02 13:02:34.697,1893.703563015,538782107,左脚+右脚,0.3980035296459538,0.1506607477983467,0.7820408344268799,0.9888532161712646,1.372990608215332,27,377,351
2026-04-02 13:02:34.727,1893.733434504,538815441,左脚+右脚,0.42456970923935794,0.15671266240243978,0.796985387802124,0.27866286039352417,0.41968441009521484,27,378,352
2026-04-02 13:02:34.757,1893.763606526,538848775,左脚+右脚,0.4523756535231612,0.04252236843737171,0.8341783285140991,0.3669814467430115,0.10045020282268524,27,379,353
2026-04-02 13:02:34.817,1893.823469681,538882109,左脚+右脚,0.4810882698873224,0.009309914773381901,0.8613784909248352,0.524855375289917,0.03073696419596672,27,380,354
2026-04-02 13:02:34.847,1893.85347333,538915443,左脚+右脚,0.5117000233510676,0.0021371792223929004,0.9183526039123535,0.7182216048240662,0.0096450699493289,27,381,355
2026-04-02 13:02:34.907,1893.913439045,538948777,左脚+右脚,0.5584662031511012,0.9851667771768543,0.9353235960006714,0.6818810701370239,-0.06373588740825653,27,382,356
2026-04-02 13:02:34.908,1893.91464891,538982111,左脚+右脚,0.6080998014787379,0.9260436202117932,0.9926719665527344,0.4401305615901947,-0.22063446044921875,27,383,357
2026-04-02 13:02:34.938,1893.944341599,539015445,左脚+右脚,0.6602349411824885,0.7772365552479472,1.0427027940750122,0.10761149227619171,-0.6226697564125061,27,384,358
2026-04-02 13:02:34.967,1893.973547086,539048779,左脚+右脚,0.6998120760586695,0.6998120760586695,1.1218637228012085,-0.2372993528842926,-0.7274087071418762,27,385,359
2026-04-02 13:02:35.027,1894.033400837,539082113,左脚+右脚,0.7375666872329351,0.6676993818017842,1.1326383352279663,-0.43015697598457336,-0.7563455104827881,27,386,360
2026-04-02 13:02:35.028,1894.034686574,539115447,左脚+右脚,0.7730221446024216,0.6686025610769627,1.0636637210845947,-0.3759464919567108,-0.6698444485664368,27,387,361
2026-04-02 13:02:35.057,1894.063316346,539148781,左脚+右脚,0.8071544702516831,0.6700151706081552,1.0239697694778442,-0.3801333010196686,-0.6916160583496094,27,388,362
2026-04-02 13:02:35.117,1894.123552401,539182115,左脚+右脚,0.8380537008908229,0.5985476006143843,0.9269769191741943,-0.7876956462860107,-0.5613837242126465,27,389,363
2026-04-02 13:02:35.147,1894.153590262,539215449,左脚+右脚,0.8675929959284103,0.5653329198784072,0.8861788511276245,-0.7997766137123108,-0.3480823040008545,27,390,364
2026-04-02 13:02:35.177,1894.183294994,539248783,左脚+右脚,0.8969267383880254,0.5572082928221067,0.8800122737884521,-0.7956801056861877,-0.29899701476097107,27,391,365
2026-04-02 13:02:35.207,1894.21347344,539282117,左脚+右脚,0.9252769644724167,0.5384299089316189,0.8505067825317383,-0.78914874792099,-0.19434134662151337,27,392,366
2026-04-02 13:02:35.237,1894.243574522,539315451,左脚+右脚,0.9529080724385218,0.5492509335163772,0.8289332389831543,-0.7154315114021301,-0.22874076664447784,27,393,367
2026-04-02 13:02:35.267,1894.273589408,539348785,左脚+右脚,0.9802568987674352,0.573473576895358,0.8204647898674011,-0.625755786895752,-0.3113154470920563,27,394,368
2026-04-02 13:02:35.297,1894.30343796,539382119,左脚+右脚,0.01017065799900263,0.6579767229908785,0.8974127769470215,-0.4681067168712616,-0.717297375202179,27,395,369
2026-04-02 13:02:35.327,1894.333575206,539415453,左脚+右脚,0.04054597970513869,0.6700575544281688,0.911259651184082,-0.40365660190582275,-0.7348780035972595,27,396,370
2026-04-02 13:02:35.357,1894.363593711,539448787,左脚+右脚,0.0587583100464778,0.5640218650405646,0.5463699102401733,-1.0921202898025513,-0.4646548330783844,27,397,371
2026-04-02 13:02:35.417,1894.423431361,539482121,左脚+右脚,0.08016502913503218,0.5424942281716987,0.42813438177108765,-1.5441234111785889,-0.42236417531967163,27,398,372
2026-04-02 13:02:35.447,1894.453491476,539515455,左脚+右脚,0.12048543747930097,0.7595832112101502,1.209612250328064,0.11080509424209595,-1.83799147605896,27,399,373
2026-04-02 13:02:35.477,1894.48353237,539548789,左脚+右脚,0.15471944467890628,0.7462418248961227,1.0270202159881592,-0.040856488049030304,-1.7299096584320068,27,400,374
2026-04-02 13:02:35.507,1894.513479381,539582123,左脚+右脚,0.1827049539155599,0.7521828532505361,0.8395652770996094,0.022952761501073837,-1.673413634300232,27,401,375
2026-04-02 13:02:35.537,1894.543706077,539615457,左脚+右脚,0.2075612351960775,0.7676705304741993,0.7456884384155273,0.1726384162902832,-1.548525333404541,27,402,376
2026-04-02 13:02:35.567,1894.573721309,539648791,左脚+右脚,0.2292111998465495,0.7620937360976383,0.6494989395141602,0.0935622900724411,-1.2289196252822876,27,403,377
2026-04-02 13:02:35.597,1894.603549029,539682125,左脚+右脚,0.25640464779405164,0.5449059204161807,0.5438689589500427,-0.8724691271781921,-0.252916544675827,27,404,378
2026-04-02 13:02:35.629,1894.635358066,539715459,左脚+右脚,0.28592909034757186,0.5111588378395963,0.590488851070404,-1.18425714969635,-0.08316820114850998,27,405,379
2026-04-02 13:02:35.657,1894.663463602,539748793,左脚+右脚,0.3158224975731807,0.4990210900265351,0.5978681445121765,-1.2884535789489746,0.007924956269562244,27,406,380
2026-04-02 13:02:35.717,1894.723606962,539782127,左脚+右脚,0.34690245148210097,0.506933997735903,0.6215990781784058,-1.3924953937530518,-0.060706086456775665,27,407,381
2026-04-02 13:02:35.747,1894.753318344,539815461,左脚+右脚,0.3760720824864345,0.5066607168649,0.5833926200866699,-1.3911309242248535,-0.058253563940525055,27,408,382
2026-04-02 13:02:35.777,1894.783537058,539848795,左脚+右脚,0.4051420634654002,0.5188402124408635,0.5813996195793152,-1.3668869733810425,-0.16256742179393768,27,409,383
2026-04-02 13:02:35.807,1894.813533171,539882129,左脚+右脚,0.4473481124308543,0.597270709436168,0.844120979309082,-1.542359471321106,-1.0806721448898315,27,410,384
2026-04-02 13:02:35.837,1894.84353892,539915463,左脚+右脚,0.496895999279304,0.6033545866126176,0.9909577369689941,-1.6186420917510986,-1.228956937789917,27,411,385
2026-04-02 13:02:35.867,1894.873316114,539948797,左脚+右脚,0.532517431742632,0.296197425110117,1.0686429738998413,-0.5039108991622925,1.6869932413101196,27,412,386
2026-04-02 13:02:35.897,1894.903493781,539982131,左脚+右脚,0.5698443676697051,0.29173304549464785,1.1198080778121948,-0.34847521781921387,1.2983609437942505,27,413,387
2026-04-02 13:02:35.927,1894.933736164,540015465,左脚+右脚,0.6084834680623646,0.29181244741608386,1.1591730117797852,-0.3515762686729431,1.3073095083236694,27,414,388
2026-04-02 13:02:35.957,1894.963676899,540048799,左脚+右脚,0.6467325712906158,0.29748912230224156,1.1474730968475342,-0.3914739787578583,1.2728155851364136,27,415,389
2026-04-02 13:02:36.017,1895.023515508,540082133,左脚+右脚,0.6827177351382212,0.3002781069389001,1.0795549154281616,-0.36112502217292786,1.1048556566238403,27,416,390
2026-04-02 13:02:36.047,1895.053613701,540115467,左脚+右脚,0.7081184531914032,0.45575323095582504,0.762021541595459,-0.6459762454032898,0.1843627244234085,27,417,391
2026-04-02 13:02:36.077,1895.083599295,540148801,左脚+右脚,0.7316303437617259,0.5365980169369817,0.7053567171096802,-0.7247022986412048,-0.16964763402938843,27,418,392
2026-04-02 13:02:36.137,1895.14342636,540182135,左脚+右脚,0.7556289658612844,0.5473124688320838,0.7199586629867554,-0.7824282646179199,-0.23969754576683044,27,419,393
2026-04-02 13:02:36.137,1895.144050195,540215469,左脚+右脚,0.779656339254661,0.5533720848119845,0.7208212018013,-0.7401744723320007,-0.2579581141471863,27,420,394
2026-04-02 13:02:36.167,1895.173616709,540248803,左脚+右脚,0.8042494262920654,0.5537344502565211,0.7377926111221313,-0.6655866503715515,-0.2336643487215042,27,421,395
2026-04-02 13:02:36.197,1895.203588001,540282137,左脚+右脚,0.8292586550778981,0.5444091698254512,0.7502768635749817,-0.5554942488670349,-0.15915217995643616,27,422,396
2026-04-02 13:02:36.227,1895.233290983,540315471,左脚+右脚,0.87245127416321,0.28190082103660724,0.8638523817062378,-0.1711226999759674,0.8422765731811523,27,423,397
2026-04-02 13:02:36.257,1895.263610874,540348805,左脚+右脚,0.9190402433938618,0.28292662849192635,0.9317793846130371,-0.20353424549102783,0.9697318077087402,27,424,398
2026-04-02 13:02:36.317,1895.323650445,540382139,左脚+右脚,0.9645411477155323,0.06730723225229579,0.9100180864334106,0.8908404111862183,0.40093162655830383,27,425,399
2026-04-02 13:02:36.347,1895.353430643,540415473,左脚+右脚,0.010058958894693326,0.10476161105799678,0.9103562235832214,0.609837532043457,0.47157713770866394,27,426,400
2026-04-02 13:02:36.377,1895.38365914,540448807,左脚+右脚,0.057051207191431,0.06112606345666589,0.9398449659347534,0.6555594801902771,0.26493486762046814,27,427,401
2026-04-02 13:02:36.407,1895.413663452,540482141,左脚+右脚,0.09176388339865553,0.8825803101445532,1.0413802862167358,0.3274076581001282,-0.297616183757782,27,428,402
2026-04-02 13:02:36.437,1895.443625943,540515475,左脚+右脚,0.1309573785132999,0.7176638966147266,1.175804853439331,-0.21355950832366943,-1.0366145372390747,27,429,403
2026-04-02 13:02:36.467,1895.473595226,540548809,左脚+右脚,0.16997571544516432,0.6583825764790956,1.1705501079559326,-0.5828659534454346,-0.8981431126594543,27,430,404
2026-04-02 13:02:36.497,1895.503673851,540582143,左脚+右脚,0.22370036797392714,0.6587117195732256,1.0744930505752563,-0.49222084879875183,-0.7619132399559021,27,431,405
2026-04-02 13:02:36.527,1895.533672536,540615477,左脚+右脚,0.27207627253401623,0.5891867228790308,0.9675180912017822,-0.7316209673881531,-0.4590734541416168,27,432,406
2026-04-02 13:02:36.557,1895.563363762,540648811,左脚+右脚,0.3187790896164213,0.575096202086973,0.9340563416481018,-0.7586463093757629,-0.3871273994445801,27,433,407
2026-04-02 13:02:36.617,1895.623635206,540682145,左脚+右脚,0.36429852502215254,0.5500303690470423,0.910388708114624,-0.7765754461288452,-0.25248849391937256,27,434,408
2026-04-02 13:02:36.647,1895.653634181,540715479,左脚+右脚,0.4088362540470396,0.5418331720502301,0.8907545804977417,-0.7570220828056335,-0.20369254052639008,27,435,409
2026-04-02 13:02:36.677,1895.683362724,540748813,左脚+右脚,0.4518147732483183,0.5402177707646693,0.8595703840255737,-0.6988356113433838,-0.18045009672641754,27,436,410
2026-04-02 13:02:36.707,1895.713562253,540782147,左脚+右脚,0.4934667374359404,0.566910971151001,0.8330392837524414,-0.6087570190429688,-0.2721565365791321,27,437,411
2026-04-02 13:02:36.737,1895.743652041,540815481,左脚+右脚,0.5379800434576307,0.6475808662443225,0.8902661204338074,-0.5080835819244385,-0.6774203777313232,27,438,412
2026-04-02 13:02:36.767,1895.773618155,540848815,左脚+右脚,0.5821289356218611,0.6366184599285598,0.8829778432846069,-0.49977508187294006,-0.5786405801773071,27,439,413
2026-04-02 13:02:36.798,1895.804373337,540882149,左脚+右脚,0.6300798948274885,0.8614284901666612,0.9590191841125488,0.7970797419548035,-0.94608473777771,27,440,414
2026-04-02 13:02:36.827,1895.833618265,540915483,左脚+右脚,0.6768407578932081,0.95627083282676,0.9352172613143921,1.0776536464691162,-0.3037774860858917,27,441,415
2026-04-02 13:02:36.857,1895.863606572,540948817,左脚+右脚,0.7226565356718335,0.9939539636415826,0.9163155555725098,1.2652868032455444,-0.04808931425213814,27,442,416
2026-04-02 13:02:36.917,1895.92382005,540982151,左脚+右脚,0.7658536340462003,0.03164803392823265,0.8639419674873352,1.1161372661590576,0.22491677105426788,27,443,417
2026-04-02 13:02:36.947,1895.953670316,541015485,左脚+右脚,0.8066241230236326,0.07499744229631179,0.815409779548645,1.0097829103469849,0.5144896507263184,27,444,418
2026-04-02 13:02:36.977,1895.983530543,541048819,左脚+右脚,0.8456798280941282,0.09740767640464888,0.7811141014099121,0.9546754360198975,0.6701301336288452,27,445,419
2026-04-02 13:02:37.007,1896.013627094,541082153,左脚+右脚,0.8794967736469541,0.14032770982676127,0.6763389110565186,0.7675855755805969,0.9317511916160583,27,446,420
2026-04-02 13:02:37.067,1896.073550723,541115487,左脚+右脚,0.9075758065449033,0.20246112753519804,0.5615806579589844,0.5033318996429443,1.6346851587295532,27,447,421
2026-04-02 13:02:37.068,1896.074106138,541148821,左脚+右脚,0.9375158395038877,0.19590615643283646,0.5988006591796875,0.7467664480209351,2.1118738651275635,27,448,422
2026-04-02 13:02:37.097,1896.103535914,541182155,左脚+右脚,0.9685877646671568,0.20015744333849045,0.6214385032653809,0.6995975375175476,2.160409450531006,27,449,423
2026-04-02 13:02:37.127,1896.133415136,541215489,左脚+右脚,0.9991778578029905,0.2145381258145373,0.6118018627166748,0.47934916615486145,2.115626573562622,27,450,424
2026-04-02 13:02:37.157,1896.163401206,541248823,左脚+右脚,0.028108259605053476,0.2400461718566361,0.5786080360412598,0.13345147669315338,2.1310155391693115,27,451,425
2026-04-02 13:02:37.217,1896.223577505,541282157,左脚+右脚,0.05963578777182441,0.24367908091615167,0.6305505633354187,0.08544635772705078,2.15032958984375,27,452,426
2026-04-02 13:02:37.247,1896.253546362,541315491,左脚+右脚,0.09928669588435035,0.16809663352447177,0.7930181622505188,1.255372405052185,2.2202000617980957,27,453,427
2026-04-02 13:02:37.277,1896.283536103,541348825,左脚+右脚,0.14051412896979193,0.1535106954064906,0.8245486617088318,1.4926375150680542,2.1527390480041504,27,454,428
2026-04-02 13:02:37.307,1896.313537078,541382159,左脚+右脚,0.15196126313522212,0.15196126313522215,0.8176331520080566,1.48933744430542,2.103938102722168,27,455,429
2026-04-02 13:02:37.337,1896.343538896,541415493,左脚+右脚,0.17947931102429582,0.14596100509196244,0.8255414366722107,1.3376835584640503,1.746201753616333,27,456,430
2026-04-02 13:02:37.367,1896.373343306,541448827,左脚+右脚,0.20759479613616816,0.14797012390037984,0.8434645533561707,1.2680635452270508,1.6993333101272583,27,457,431
2026-04-02 13:02:37.397,1896.403714133,541482161,左脚+右脚,0.23576950243626785,0.153774853744468,0.8452411890029907,1.1953527927398682,1.7301090955734253,27,458,432
2026-04-02 13:02:37.427,1896.433631456,541515495,左脚+右脚,0.2617738009643033,0.16288092660074116,0.7801289558410645,0.9707610607147217,1.592682123184204,27,459,433
2026-04-02 13:02:37.457,1896.463668166,541548829,左脚+右脚,0.28352300734832636,0.18008180577209104,0.6524761915206909,0.649198055267334,1.3814587593078613,27,460,434
2026-04-02 13:02:37.517,1896.523425622,541582163,左脚+右脚,0.3026741366735573,0.19738673107237742,0.5745338797569275,0.4261542856693268,1.2418102025985718,27,461,435
2026-04-02 13:02:37.547,1896.553593363,541615497,左脚+右脚,0.3220972678215777,0.18291906802163727,0.5826939344406128,0.565654456615448,1.2616325616836548,27,462,436
2026-04-02 13:02:37.577,1896.583617648,541648831,左脚+右脚,0.34451411775265883,0.16270433342013987,0.6725054979324341,0.8416083455085754,1.377346158027649,27,463,437
2026-04-02 13:02:37.607,1896.613396569,541682165,左脚+右脚,0.3688308538150266,0.1436616301084051,0.7295020818710327,1.148287296295166,1.4549331665039062,27,464,438
2026-04-02 13:02:37.667,1896.673660665,541715499,左脚+右脚,0.39518128843620176,0.13070482145680853,0.7905130386352539,1.203130841255188,1.292628288269043,27,465,439
2026-04-02 13:02:37.668,1896.674674796,541748833,左脚+右脚,0.42325507413858926,0.08588552629802071,0.8422135710716248,0.43634524941444397,0.2613416314125061,27,466,440
2026-04-02 13:02:37.697,1896.703626622,541782167,左脚+右脚,0.4529287875842527,0.04297182065213042,0.8902114033699036,0.4855007231235504,0.1343662291765213,27,467,441
2026-04-02 13:02:37.727,1896.733198151,541815501,左脚+右脚,0.4824704668076312,0.015937442873701985,0.886250376701355,0.6621952652931213,0.06653338670730591,27,468,442
2026-04-02 13:02:37.757,1896.763636316,541848835,左脚+右脚,0.5132635594558195,0.015427960357008498,0.9237927794456482,0.6118892431259155,0.059501033276319504,27,469,443
2026-04-02 13:02:37.817,1896.823610502,541882169,左脚+右脚,0.5603788198184446,0.9539299240200769,0.9423052072525024,0.524927020072937,-0.15634018182754517,27,470,444
2026-04-02 13:02:37.851,1896.857224542,541915503,左脚+右脚,0.6111992062282041,0.825301566887854,1.0164077281951904,0.27075597643852234,-0.5289086103439331,27,471,445
2026-04-02 13:02:37.877,1896.883434188,541948837,左脚+右脚,0.6682238818358854,0.7190476972483144,1.1404935121536255,-0.1755358874797821,-0.8911871910095215,27,472,446
2026-04-02 13:02:37.907,1896.913654766,541982171,左脚+右脚,0.7068153064600106,0.6688077062577891,1.1577427387237549,-0.5248819589614868,-0.9380418062210083,27,473,447
2026-04-02 13:02:37.937,1896.943649835,542015505,左脚+右脚,0.7445703746032194,0.6558437889588922,1.1326520442962646,-0.5818443894386292,-0.8659986853599548,27,474,448
2026-04-02 13:02:37.967,1896.973422819,542048839,左脚+右脚,0.7804044565708911,0.6527577225744712,1.0750224590301514,-0.5205428004264832,-0.7432128190994263,27,475,449
2026-04-02 13:02:37.997,1897.003512261,542082173,左脚+右脚,0.8116359989992257,0.5685375074112407,0.9369462728500366,-0.8500385284423828,-0.3904978632926941,27,476,450
2026-04-02 13:02:38.027,1897.033590903,542115507,左脚+右脚,0.8410946191501096,0.5208322233861113,0.8837586045265198,-0.7913012504577637,-0.10417117178440094,27,477,451
2026-04-02 13:02:38.057,1897.063345933,542148841,左脚+右脚,0.8701712629349505,0.5016137316515719,0.872299313545227,-0.783223032951355,-0.007941664196550846,27,478,452
2026-04-02 13:02:38.117,1897.123579506,542182175,左脚+右脚,0.8982976994068896,0.502956842842166,0.8437930941581726,-0.7734192609786987,-0.014370539225637913,27,479,453
2026-04-02 13:02:38.147,1897.153563455,542215509,左脚+右脚,0.9258913895638263,0.5088071704489756,0.8278107047080994,-0.7694879770278931,-0.042624738067388535,27,480,454
2026-04-02 13:02:38.177,1897.183299475,542248843,左脚+右脚,0.9539901754410541,0.5315162763821992,0.8429635763168335,-0.7768288254737854,-0.1558724194765091,27,481,455
2026-04-02 13:02:38.207,1897.213531482,542282177,左脚+右脚,0.9815351368140655,0.5822513921374742,0.8263488411903381,-0.6342855095863342,-0.36047810316085815,27,482,456
2026-04-02 13:02:38.237,1897.243546078,542315511,左脚+右脚,0.010384265696155692,0.6574033523063477,0.8654738664627075,-0.4794682264328003,-0.7289555668830872,27,483,457
2026-04-02 13:02:38.267,1897.273603055,542348845,左脚+右脚,0.04036440066014495,0.6563270848151492,0.8994040489196777,-0.46247756481170654,-0.6928728222846985,27,484,458
2026-04-02 13:02:38.327,1897.333437378,542382179,左脚+右脚,0.07042074214930104,0.8354464418795073,0.9016902446746826,0.39259085059165955,-0.6596050262451172,27,485,459
2026-04-02 13:02:38.328,1897.33471968,542415513,左脚+右脚,0.10250755957280364,0.9963127418409312,0.9626045227050781,0.7323738932609558,-0.016970474272966385,27,486,460
2026-04-02 13:02:38.387,1897.393547734,542448847,左脚+右脚,0.1345390042813099,0.02790377691762058,0.960943341255188,0.8640725016593933,0.15306472778320312,27,487,461
2026-04-02 13:02:38.417,1897.423276217,542482181,左脚+右脚,0.16474030029291675,0.03021388905949281,0.9060388803482056,0.9340939521789551,0.17948929965496063,27,488,462
2026-04-02 13:02:38.447,1897.453550439,542515515,左脚+右脚,0.1949495356432077,0.056682670635108394,0.906277060508728,0.8555689454078674,0.3182811737060547,27,489,463
2026-04-02 13:02:38.477,1897.483522403,542548849,左脚+右脚,0.22295330376937753,0.0973178906993764,0.8401130437850952,0.8126065135002136,0.5697214603424072,27,490,464
2026-04-02 13:02:38.507,1897.513583101,542582183,左脚+右脚,0.247696038201598,0.13956317188817274,0.7422820329666138,0.6641664505004883,0.7983676195144653,27,491,465
2026-04-02 13:02:38.537,1897.543498583,542615517,左脚+右脚,0.26808376323694755,0.19721238435880506,0.6116317510604858,0.4271722733974457,1.240349292755127,27,492,466
2026-04-02 13:02:38.567,1897.57351187,542648851,左脚+右脚,0.2876077275625345,0.19955491602930317,0.5857189297676086,0.6095966696739197,1.858445405960083,27,493,467
2026-04-02 13:02:38.597,1897.603564827,542682185,左脚+右脚,0.3081969560336547,0.2000330509246661,0.617676854133606,0.6311404705047607,1.943824052810669,27,494,468
2026-04-02 13:02:38.627,1897.63364647,542715519,左脚+右脚,0.32835266601557306,0.2086829133173321,0.60467129945755,0.5246461033821106,1.9753509759902954,27,495,469
2026-04-02 13:02:38.658,1897.66440386,542748853,左脚+右脚,0.34590647828096915,0.2260701195432334,0.5266143679618835,0.30482926964759827,2.012084484100342,27,496,470
2026-04-02 13:02:38.717,1897.723628458,542782187,左脚+右脚,0.36738007874801526,0.21791724832562717,0.6442080140113831,0.4473845064640045,2.189225435256958,27,497,471
2026-04-02 13:02:38.747,1897.753555107,542815521,左脚+右脚,0.3921833436838266,0.1826584603220471,0.7440979480743408,0.9173502922058105,2.0371110439300537,27,498,472
2026-04-02 13:02:38.777,1897.783511578,542848855,左脚+右脚,0.4187747519365427,0.15840155628514277,0.7977422475814819,1.2507394552230835,1.9277784824371338,27,499,473
2026-04-02 13:02:38.807,1897.813533748,542882189,左脚+右脚,0.44570912531529633,0.14937139811645866,0.8080312013626099,1.3639107942581177,1.861754298210144,27,500,474
2026-04-02 13:02:38.837,1897.843540975,542915523,左脚+右脚,0.47251747858042287,0.1540024734375688,0.8042505979537964,1.2794677019119263,1.857528805732727,27,501,475
2026-04-02 13:02:38.869,1897.87532226,542948857,左脚+右脚,0.49977540981287527,0.1500638198708619,0.8177379369735718,1.160152554512024,1.5981602668762207,27,502,476
2026-04-02 13:02:38.897,1897.903362368,542982191,左脚+右脚,0.5269686183483876,0.1459727467220089,0.8157962560653687,1.1117463111877441,1.4514868259429932,27,503,477
2026-04-02 13:02:38.927,1897.933527047,543015525,左脚+右脚,0.5539714615694162,0.1501652456274282,0.8100852966308594,0.9544594287872314,1.316573143005371,27,504,478
2026-04-02 13:02:38.957,1897.963588528,543048859,左脚+右脚,0.5773003380647775,0.17009734400374757,0.6998662948608398,0.684310793876648,1.246562123298645,27,505,479
2026-04-02 13:02:39.017,1898.023410856,543082193,左脚+右脚,0.5964222253512816,0.18621900152202267,0.5736566185951233,0.46503356099128723,1.097618579864502,27,506,480
2026-04-02 13:02:39.047,1898.053540204,543115527,左脚+右脚,0.6144762020460245,0.19420508049859744,0.5416193008422852,0.3707670271396637,1.0139267444610596,27,507,481
2026-04-02 13:02:39.077,1898.083537799,543148861,左脚+右脚,0.6332161169401285,0.18044612581994404,0.5621974468231201,0.4929508864879608,1.0552417039871216,27,508,482
2026-04-02 13:02:39.108,1898.114400211,543182195,左脚+右脚,0.6561701696268197,0.15883770656530505,0.6886215806007385,0.7108638882637024,1.1022661924362183,27,509,483
2026-04-02 13:02:39.167,1898.17340728,543215529,左脚+右脚,0.6937524776807901,0.14500479564583665,0.7516461610794067,0.7615054845809937,0.9817880392074585,27,510,484
2026-04-02 13:02:39.168,1898.174528808,543248863,左脚+右脚,0.7342711370340463,0.15223085958114968,0.8103731870651245,0.2307809293270111,0.3271905183792114,27,511,485
2026-04-02 13:02:39.197,1898.203538343,543282197,左脚+右脚,0.7775493811718103,0.02964008099384042,0.8655648827552795,0.2745552361011505,0.05173100531101227,27,512,486
2026-04-02 13:02:39.227,1898.233463404,543315531,左脚+右脚,0.8215574424615976,0.9965775068747227,0.8801612257957458,0.38895243406295776,-0.008365384303033352,27,513,487
2026-04-02 13:02:39.257,1898.263632299,543348865,左脚+右脚,0.8672924052826043,0.0044413386491108505,0.9146992564201355,0.5844831466674805,0.016314677894115448,27,514,488
2026-04-02 13:02:39.317,1898.323638646,543382199,左脚+右脚,0.9143905561319466,0.0043307550339276345,0.9419630169868469,0.5478799939155579,0.014912008307874203,27,515,489
2026-04-02 13:02:39.347,1898.353439821,543415533,左脚+右脚,0.9488052878545743,0.9488052878545743,0.9987409114837646,0.47185012698173523,-0.15723897516727448,27,516,490
2026-04-02 13:02:39.377,1898.383723972,543448867,左脚+右脚,0.9830852859980883,0.8113413916209186,1.02839994430542,0.2401251196861267,-0.5918635129928589,27,517,491
2026-04-02 13:02:39.407,1898.41365363,543482201,左脚+右脚,0.020739967998566478,0.7061217895781388,1.1296404600143433,-0.20297613739967346,-0.7174862027168274,27,518,492
2026-04-02 13:02:39.437,1898.443680105,543515535,左脚+右脚,0.05644947228501464,0.6618805715905027,1.0712851285934448,-0.4396083354949951,-0.7111480236053467,27,519,493
2026-04-02 13:02:39.467,1898.473541432,543548869,左脚+右脚,0.09037849443823323,0.6554115844532283,1.0178706645965576,-0.40071040391921997,-0.5929199457168579,27,520,494
2026-04-02 13:02:39.497,1898.50365787,543582203,左脚+右脚,0.12247276641597574,0.6573173773173411,0.9628281593322754,-0.4524092674255371,-0.6870080828666687,27,521,495
2026-04-02 13:02:39.527,1898.533624953,543615537,左脚+右脚,0.1649914596246702,0.5607991863154825,0.8503738641738892,-0.7585407495498657,-0.30474239587783813,27,522,496
2026-04-02 13:02:39.558,1898.564379938,543648871,左脚+右脚,0.20638403631915875,0.5207703453908195,0.8278515338897705,-0.7737612724304199,-0.10155608505010605,27,523,497
2026-04-02 13:02:39.617,1898.623635482,543682205,左脚+右脚,0.2470231447385771,0.509442682755735,0.8127821683883667,-0.7933062314987183,-0.04712226241827011,27,524,498
2026-04-02 13:02:39.647,1898.653615219,543715539,左脚+右脚,0.2873219762014372,0.5090418463503567,0.8059766292572021,-0.8045547604560852,-0.04575727880001068,27,525,499
2026-04-02 13:02:39.677,1898.68347704,543748873,左脚+右脚,0.3278348777460081,0.5298348224516011,0.8102580308914185,-0.8044728636741638,-0.15259627997875214,27,526,500
2026-04-02 13:02:39.767,1898.773638171,543782207,左脚+右脚,0.36888399459590737,0.5368250176167786,0.8209823369979858,-0.7828035354614258,-0.18442679941654205,27,527,501
2026-04-02 13:02:39.768,1898.774220409,543815541,左脚+右脚,0.4100386951135618,0.6325869190986925,0.8230940103530884,-0.5754401683807373,-0.6330947279930115,27,528,502
2026-04-02 13:02:39.797,1898.80347525,543848875,左脚+右脚,0.45249232389201943,0.6364407161251756,0.8490725755691528,-0.49305596947669983,-0.5695740580558777,27,529,503
2026-04-02 13:02:39.797,1898.804015562,543882209,左脚+右脚,0.4977665636705381,0.7817456984466098,0.9054847955703735,0.18154364824295044,-0.8980543613433838,27,530,504
2026-04-02 13:02:39.827,1898.833712604,543915543,左脚+右脚,0.5464682851003629,0.9245782829537517,0.9740344285964966,0.7082644701004028,-0.3632459044456482,27,531,505
2026-04-02 13:02:39.857,1898.863673451,543948877,左脚+右脚,0.5954190764593107,0.005907113436619133,0.9790158271789551,0.8959671258926392,0.03326953575015068,27,532,506
2026-04-02 13:02:39.947,1898.953440189,543982211,左脚+右脚,0.6413225952552778,0.03706873212006365,0.918070375919342,0.9493521451950073,0.22520028054714203,27,533,507
2026-04-02 13:02:39.948,1898.954161941,544015545,左脚+右脚,0.6865974310802442,0.08665550066153695,0.9054967164993286,0.7955817580223083,0.4817451536655426,27,534,508
2026-04-02 13:02:39.977,1898.983632081,544048879,左脚+右脚,0.7305310521291715,0.09741519387799884,0.8786724209785461,0.8183713555335999,0.5745097994804382,27,535,509
2026-04-02 13:02:40.007,1899.013445454,544082213,左脚+右脚,0.7713464949296933,0.12764216663645364,0.816308856010437,0.7322967052459717,0.7570235133171082,27,536,510
2026-04-02 13:02:40.037,1899.043429483,544115547,左脚+右脚,0.805560753123663,0.17072378644823483,0.6842851638793945,0.5194283127784729,0.9550996422767639,27,537,511
2026-04-02 13:02:40.067,1899.073566077,544148881,左脚+右脚,0.8346676800416928,0.21849355250745148,0.5821385383605957,0.3156396150588989,1.573572039604187,27,538,512
2026-04-02 13:02:40.097,1899.103559871,544182215,左脚+右脚,0.8656141374277097,0.19509405260676224,0.6189291477203369,0.7262166738510132,2.020890712738037,27,539,513
2026-04-02 13:02:40.127,1899.133528303,544215549,左脚+右脚,0.8972293589281064,0.20295395428019822,0.6323044300079346,0.6326603889465332,2.077561378479004,27,540,514
2026-04-02 13:02:40.158,1899.16443072,544248883,左脚+右脚,0.9250202272104245,0.22749947803263473,0.5558173656463623,0.2929099500179291,2.058044195175171,27,541,515
2026-04-02 13:02:40.217,1899.223536056,544282217,左脚+右脚,0.9541333530115109,0.23960853284552494,0.5822625160217285,0.13710714876651764,2.096938133239746,27,542,516
2026-04-02 13:02:40.247,1899.253527234,544315551,左脚+右脚,0.990644559638403,0.20114933299854906,0.7302241325378418,0.7305580377578735,2.304931163787842,27,543,517
2026-04-02 13:02:40.277,1899.28362082,544348885,左脚+右脚,0.031213924662969683,0.16506322414710262,0.811387300491333,1.221108317375183,2.066654682159424,27,544,518
2026-04-02 13:02:40.307,1899.313530236,544382219,左脚+右脚,0.07216183282604036,0.1547900434416164,0.8189581632614136,1.392035722732544,2.0425171852111816,27,545,519
2026-04-02 13:02:40.337,1899.343529746,544415553,左脚+右脚,0.11260624565353211,0.1549250328541171,0.8088882565498352,1.38374924659729,2.0340635776519775,27,546,520
2026-04-02 13:02:40.367,1899.373330635,544448887,左脚+右脚,0.15019492706469978,0.15019492706469983,0.8120318651199341,1.286444902420044,1.7752076387405396,27,547,521
2026-04-02 13:02:40.397,1899.403553464,544482221,左脚+右脚,0.17719826500428007,0.1514474944245774,0.8101001381874084,1.2481107711791992,1.751150369644165,27,548,522
2026-04-02 13:02:40.427,1899.433572532,544515555,左脚+右脚,0.20433645050537871,0.15370421570336984,0.814145565032959,1.1268384456634521,1.6293971538543701,27,549,523
2026-04-02 13:02:40.457,1899.463545688,544548889,左脚+右脚,0.22943088015727486,0.1663573263583501,0.7528328895568848,0.8890908360481262,1.5330613851547241,27,550,524
2026-04-02 13:02:40.517,1899.523536501,544582223,左脚+右脚,0.25047853391182706,0.18574229811201484,0.6314296126365662,0.5917630195617676,1.385172963142395,27,551,525
2026-04-02 13:02:40.547,1899.553406822,544615557,左脚+右脚,0.2689064463060328,0.2048421654382842,0.5528373718261719,0.3584728240966797,1.2293198108673096,27,552,526
2026-04-02 13:02:40.577,1899.583504393,544648891,左脚+右脚,0.28803068002871957,0.1872159781086721,0.573727011680603,0.5311278700828552,1.2758116722106934,27,553,527
2026-04-02 13:02:40.607,1899.613383101,544682225,左脚+右脚,0.3095052341700821,0.16844781873885725,0.6442366242408752,0.7682293057441711,1.3656834363937378,27,554,528
2026-04-02 13:02:40.637,1899.643595356,544715559,左脚+右脚,0.3323758483013738,0.15291411390869314,0.6861184239387512,0.9882397651672363,1.4139289855957031,27,555,529
2026-04-02 13:02:40.667,1899.67358444,544748893,左脚+右脚,0.358024088549736,0.1756131632212384,0.7694472074508667,0.3513695001602173,0.6962194442749023,27,556,530
2026-04-02 13:02:40.697,1899.703397274,544782227,左脚+右脚,0.3842735568763046,0.13754846774817026,0.7874840497970581,0.22419124841690063,0.26265615224838257,27,557,531
2026-04-02 13:02:40.727,1899.733566987,544815561,左脚+右脚,0.4118990997554092,0.048693520328129514,0.8287662863731384,0.44478851556777954,0.14049452543258667,27,558,532
2026-04-02 13:02:40.757,1899.763570036,544848895,左脚+右脚,0.44065564672959134,0.03198668624842714,0.8626964092254639,0.6691163182258606,0.13631820678710938,27,559,533
2026-04-02 13:02:40.817,1899.823672355,544882229,左脚+右脚,0.46999775370768987,0.04255048488923117,0.8802632093429565,0.6683966517448425,0.1830805391073227,27,560,534
2026-04-02 13:02:40.847,1899.853461181,544915563,左脚+右脚,0.5008093575717238,0.023859675062265336,0.9243481159210205,0.5745729804039001,0.0867881178855896,27,561,535
2026-04-02 13:02:40.907,1899.913411252,544948897,左脚+右脚,0.5497264484645156,0.9243839243541101,0.978341817855835,0.4384562373161316,-0.2255467027425766,27,562,536
2026-04-02 13:02:40.908,1899.914522017,544982231,左脚+右脚,0.6030065695525435,0.7540452333476806,1.065602421760559,0.015844125300645828,-0.623234212398529,27,563,537
2026-04-02 13:02:40.937,1899.94352511,545015565,左脚+右脚,0.6598271946193007,0.677939173736513,1.136412501335144,-0.3936605751514435,-0.8092054724693298,27,564,538
2026-04-02 13:02:40.967,1899.973467265,545048899,左脚+右脚,0.697574430712186,0.6635798674958233,1.13241708278656,-0.47797659039497375,-0.7919992804527283,27,565,539
2026-04-02 13:02:40.997,1900.003600419,545082233,左脚+右脚,0.7330563843330967,0.6516884792720852,1.0644586086273193,-0.5061609148979187,-0.7124443650245667,27,566,540
2026-04-02 13:02:41.027,1900.033561764,545115567,左脚+右脚,0.7647208889406152,0.6121772023243185,0.9499351382255554,-0.683607816696167,-0.5814625024795532,27,567,541
2026-04-02 13:02:41.058,1900.064307192,545148901,左脚+右脚,0.7950040698132145,0.5968171171986598,0.9084954261779785,-0.705215334892273,-0.49112674593925476,27,568,542
2026-04-02 13:02:41.117,1900.12357453,545182235,左脚+右脚,0.824615271894259,0.5318892296652997,0.8883360624313354,-0.7833425998687744,-0.1590898633003235,27,569,543
2026-04-02 13:02:41.147,1900.153595002,545215569,左脚+右脚,0.8534386833589501,0.5147582983173582,0.8647023439407349,-0.7754520773887634,-0.07211380451917648,27,570,544
2026-04-02 13:02:41.179,1900.185715038,545248903,左脚+右脚,0.8818180998247094,0.535239389946816,0.8513824939727783,-0.7503064870834351,-0.16889871656894684,27,571,545
2026-04-02 13:02:41.207,1900.21365629,545282237,左脚+右脚,0.9102981766145654,0.53495089205867,0.8544023036956787,-0.7438362240791321,-0.16602613031864166,27,572,546
2026-04-02 13:02:41.237,1900.243602148,545315571,左脚+右脚,0.9384223540704675,0.6313890627621316,0.843725323677063,-0.5147193074226379,-0.5577971935272217,27,573,547
2026-04-02 13:02:41.267,1900.273653139,545348905,左脚+右脚,0.9678475538970259,0.6566479499191407,0.8827559947967529,-0.4377029240131378,-0.6586278080940247,27,574,548
2026-04-02 13:02:41.297,1900.303362799,545382239,左脚+右脚,0.9984977523566512,0.6636726952009475,0.9195059537887573,-0.49318891763687134,-0.8182843327522278,27,575,549
2026-04-02 13:02:41.387,1900.393408381,545415573,左脚+右脚,0.015059594321372938,0.5251039425335909,0.4968552589416504,-1.2338809967041016,-0.1962536871433258,27,576,550
2026-04-02 13:02:41.387,1900.393968016,545448907,左脚+右脚,0.028006428488217626,0.5296034411853568,0.3884050250053406,-1.6300404071807861,-0.30673953890800476,27,577,551
2026-04-02 13:02:41.419,1900.425128638,545482241,左脚+右脚,0.03835976919345342,0.5345987498104606,0.310600221157074,-2.0462660789489746,-0.4519810378551483,27,578,552
2026-04-02 13:02:41.447,1900.45351821,545515575,左脚+右脚,0.0717345913331934,0.7675387673924147,1.0012446641921997,0.18781253695487976,-1.6973938941955566,27,579,553
2026-04-02 13:02:41.477,1900.483515154,545548909,左脚+右脚,0.09990054369779708,0.767862891952483,0.8449785709381104,0.17753387987613678,-1.5751453638076782,27,580,554
2026-04-02 13:02:41.537,1900.543175589,545582243,左脚+右脚,0.12353288333428186,0.7908060241480981,0.7089701890945435,0.3614581525325775,-1.3787603378295898,27,581,555
2026-04-02 13:02:41.538,1900.544482746,545615577,左脚+右脚,0.14376967550130965,0.8077665160266889,0.6071037650108337,0.45331940054893494,-1.1936261653900146,27,582,556
2026-04-02 13:02:41.597,1900.60353738,545648911,左脚+右脚,0.16125548284066002,0.7557331465766584,0.5245742201805115,0.022833827883005142,-0.6336039900779724,27,583,557
2026-04-02 13:02:41.627,1900.633514173,545682245,左脚+右脚,0.1859309877039222,0.49014554317142134,0.49351009726524353,-0.815349817276001,0.05054893717169762,27,584,558
2026-04-02 13:02:41.657,1900.66336876,545715579,左脚+右脚,0.2118285442472724,0.47567134408210804,0.5179511308670044,-1.001729130744934,0.15432970225811005,27,585,559
2026-04-02 13:02:41.658,1900.664429643,545748913,左脚+右脚,0.23658248733294288,0.45873514117484365,0.4950788617134094,-1.0487518310546875,0.27817630767822266,27,586,560
2026-04-02 13:02:41.717,1900.723306463,545782247,左脚+右脚,0.2619780118347434,0.47505094349332644,0.5079104900360107,-1.2052655220031738,0.19049985706806183,27,587,561
2026-04-02 13:02:41.747,1900.753546092,545815581,左脚+右脚,0.28653833966267384,0.49587607060699856,0.491206556558609,-1.2616734504699707,0.03269905969500542,27,588,562
2026-04-02 13:02:41.777,1900.783382434,545848915,左脚+右脚,0.31970110039723193,0.5824401125334977,0.6632552146911621,-1.6419423818588257,-0.9357287287712097,27,589,563
2026-04-02 13:02:41.807,1900.813598329,545882249,左脚+右脚,0.35706660251629624,0.5928726879950985,0.7473100423812866,-1.6012182235717773,-1.0571794509887695,27,590,564
2026-04-02 13:02:41.837,1900.843536757,545915583,左脚+右脚,0.3970523248196867,0.5843174989922347,0.7997144460678101,-1.6728765964508057,-0.9796780943870544,27,591,565
2026-04-02 13:02:41.867,1900.873642248,545948917,左脚+右脚,0.4313966443221993,0.25530426181215443,1.0303295850753784,-0.05367012694478035,1.6097816228866577,27,592,566
2026-04-02 13:02:41.897,1900.903391202,545982251,左脚+右脚,0.46822216610920697,0.24694371520070396,1.1047656536102295,0.026234690099954605,1.3659942150115967,27,593,567
2026-04-02 13:02:41.927,1900.933593426,546015585,左脚+右脚,0.5054655919553068,0.2519838755469263,1.1173027753829956,-0.016807984560728073,1.34833824634552,27,594,568
2026-04-02 13:02:41.957,1900.963428378,546048919,左脚+右脚,0.540932783492528,0.2469944493213416,1.0640157461166382,0.024031180888414383,1.272387981414795,27,595,569
2026-04-02 13:02:42.017,1901.023404895,546082253,左脚+右脚,0.5716944307169544,0.2725936690405074,0.9228494167327881,-0.12220838665962219,0.8550729751586914,27,596,570
2026-04-02 13:02:42.047,1901.053515039,546115587,左脚+右脚,0.5941791504702197,0.4126353483760556,0.6745415925979614,-0.3261215090751648,0.19946622848510742,27,597,571
2026-04-02 13:02:42.077,1901.08354378,546148921,左脚+右脚,0.6153035571258492,0.48140109611982806,0.6337321996688843,-0.393125981092453,0.04615112021565437,27,598,572
2026-04-02 13:02:42.137,1901.143557218,546182255,左脚+右脚,0.6366712619941658,0.5104637106070973,0.6410311460494995,-0.5095401406288147,-0.03354828804731369,27,599,573
2026-04-02 13:02:42.138,1901.144658154,546215589,左脚+右脚,0.6582697182974444,0.5241694656114062,0.6479536890983582,-0.41952869296073914,-0.06420446187257767,27,600,574
2026-04-02 13:02:42.167,1901.173517686,546248923,左脚+右脚,0.6800079693477578,0.4842888761860085,0.6521475315093994,-0.27433347702026367,0.02716938778758049,27,601,575
2026-04-02 13:02:42.227,1901.233290787,546282257,左脚+右脚,0.7050019492786355,0.24370918866376717,0.7498193979263306,0.03461407497525215,0.8752657771110535,27,602,576
2026-04-02 13:02:42.228,1901.234335059,546315591,左脚+右脚,0.7321201274873045,0.2571346531644843,0.8135453462600708,-0.04193376004695892,0.9348028302192688,27,603,577
2026-04-02 13:02:42.257,1901.263521477,546348925,左脚+右脚,0.7613451093515979,0.27255703237198414,0.8767494559288025,-0.11954376101493835,0.8378059267997742,27,604,578
2026-04-02 13:02:42.317,1901.323516041,546382259,左脚+右脚,0.8051676869473087,0.07201523788456653,0.8764515519142151,0.6225799918174744,0.30265089869499207,27,605,579
2026-04-02 13:02:42.347,1901.353486009,546415593,左脚+右脚,0.8496794939121829,0.0866578373290006,0.8902361392974854,0.5637140274047852,0.3413546085357666,27,606,580
2026-04-02 13:02:42.377,1901.383587736,546448927,左脚+右脚,0.897339913257085,0.019189857800582855,0.9532083868980408,0.5473213791847229,0.06631408631801605,27,607,581
2026-04-02 13:02:42.407,1901.413580201,546482261,左脚+右脚,0.9326600203992155,0.8044102468911076,1.059603214263916,0.16524344682693481,-0.46437323093414307,27,608,582
2026-04-02 13:02:42.437,1901.443544561,546515595,左脚+右脚,0.9699962506772306,0.7029580788955945,1.120086908340454,-0.29048848152160645,-0.9540091156959534,27,609,583
2026-04-02 13:02:42.467,1901.473433391,546548929,左脚+右脚,0.007593608904006732,0.6612753618060226,1.1279207468032837,-0.5468574166297913,-0.8771678805351257,27,610,584
2026-04-02 13:02:42.497,1901.503531574,546582263,左脚+右脚,0.0446484853904671,0.6531490224347931,1.111646294593811,-0.58240807056427,-0.8359081149101257,27,611,585
2026-04-02 13:02:42.527,1901.533572957,546615597,左脚+右脚,0.0761022379081673,0.5613336789845352,0.9436125755310059,-0.8062399625778198,-0.32705435156822205,27,612,586
2026-04-02 13:02:42.557,1901.563552738,546648931,左脚+右脚,0.12144746681861346,0.5286855554832663,0.9069045782089233,-0.7803868055343628,-0.14219743013381958,27,613,587
2026-04-02 13:02:42.617,1901.623529142,546682265,左脚+右脚,0.1667635907810158,0.5183265099511372,0.9063224792480469,-0.7827111482620239,-0.09052876383066177,27,614,588
2026-04-02 13:02:42.647,1901.653532837,546715599,左脚+右脚,0.2118358930032677,0.5234605680308112,0.9014460444450378,-0.7966572642326355,-0.11829095333814621,27,615,589
2026-04-02 13:02:42.677,1901.683586109,546748933,左脚+右脚,0.25602255067042773,0.5228623511155117,0.8837331533432007,-0.7623436450958252,-0.11026894301176071,27,616,590
2026-04-02 13:02:42.707,1901.713327659,546782267,左脚+右脚,0.2995924850385613,0.5497538627418765,0.8713986873626709,-0.6775191426277161,-0.21898147463798523,27,617,591
2026-04-02 13:02:42.797,1901.803428606,546815601,左脚+右脚,0.3426539262216515,0.6386792845891115,0.8612288236618042,-0.47315824031829834,-0.5623822212219238,27,618,592
2026-04-02 13:02:42.798,1901.804286095,546848935,左脚+右脚,0.38797515830211105,0.6574252909401357,0.9064246416091919,-0.43574661016464233,-0.6626827120780945,27,619,593
2026-04-02 13:02:42.827,1901.833481195,546882269,左脚+右脚,0.4188389470260567,0.5674345115425482,0.6172757744789124,-0.9812315702438354,-0.44255706667900085,27,620,594
2026-04-02 13:02:42.828,1901.834637428,546915603,左脚+右脚,0.4799914111774391,0.7926523322971991,1.223049283027649,0.42293569445610046,-1.5401990413665771,27,621,595
2026-04-02 13:02:42.860,1901.86661319,546948937,左脚+右脚,0.5254118820112175,0.7967310957212452,0.9084094166755676,0.4474218189716339,-1.4797673225402832,27,622,596
2026-04-02 13:02:42.917,1901.923284841,546982271,左脚+右脚,0.5674522181432671,0.816622194800804,0.8408067226409912,0.4500475823879242,-1.0115840435028076,27,623,597
2026-04-02 13:02:42.947,1901.953389142,547015605,左脚+右脚,0.6075985272806115,0.8231389558924329,0.8029261827468872,0.3545971214771271,-0.7165272235870361,27,624,598
2026-04-02 13:02:42.977,1901.983531998,547048939,左脚+右脚,0.6471702357213921,0.8464209602989152,0.7914341688156128,0.41483837366104126,-0.5988448262214661,27,625,599
2026-04-02 13:02:43.007,1902.013628459,547082273,左脚+右脚,0.6848539253156609,0.8787015869347847,0.753673791885376,0.4264107346534729,-0.40702342987060547,27,626,600
2026-04-02 13:02:43.037,1902.043948298,547115607,左脚+右脚,0.7194205035846657,0.9156901981666675,0.6913315653800964,0.24303969740867615,-0.14231429994106293,27,627,601
2026-04-02 13:02:43.097,1902.103423331,547148941,左脚+右脚,0.7386017153741148,0.34053354452065815,0.5754363536834717,-0.5499805212020874,0.8602426648139954,27,628,602
2026-04-02 13:02:43.098,1902.104582973,547182275,左脚+右脚,0.7563204040210671,0.353429757199415,0.5315606594085693,-1.0462931394577026,1.3767075538635254,27,629,603
2026-04-02 13:02:43.127,1902.133523268,547215609,左脚+右脚,0.7761812478384601,0.3444525986515124,0.5958253145217896,-1.022598385810852,1.5158969163894653,27,630,604
2026-04-02 13:02:43.158,1902.164940725,547248943,左脚+右脚,0.7956830988408354,0.34420191909033293,0.5850555300712585,-1.0407028198242188,1.5479884147644043,27,631,605
2026-04-02 13:02:43.217,1902.223597302,547282277,左脚+右脚,0.8140873521647083,0.3684685864352528,0.5521275997161865,-1.2221533060073853,1.3268169164657593,27,632,606
2026-04-02 13:02:43.247,1902.253567594,547315611,左脚+右脚,0.8305435925802814,0.4368672722741106,0.4936872124671936,-1.8088767528533936,0.7577003240585327,27,633,607
2026-04-02 13:02:43.277,1902.283275352,547348945,左脚+右脚,0.8755871087393391,0.24045048300916358,0.9008703231811523,0.12701715528964996,2.1143627166748047,27,634,608
2026-04-02 13:02:43.307,1902.313526822,547382279,左脚+右脚,0.9233099728903401,0.23225795299581914,0.9544572830200195,0.23961710929870605,2.1405727863311768,27,635,609
2026-04-02 13:02:43.337,1902.343510913,547415613,左脚+右脚,0.9694599777540791,0.22783243623468752,0.9230000972747803,0.2823762595653534,2.014230489730835,27,636,610
2026-04-02 13:02:43.367,1902.373587136,547448947,左脚+右脚,0.019738218196355017,0.2366986026594398,1.00556480884552,0.15483243763446808,1.8482980728149414,27,637,611
2026-04-02 13:02:43.397,1902.403440319,547482281,左脚+右脚,0.07024720609994999,0.2387386497496868,1.0101797580718994,0.13092777132987976,1.8472931385040283,27,638,612
2026-04-02 13:02:43.427,1902.433518387,547515615,左脚+右脚,0.11988626421304813,0.23968454715846124,0.9927811622619629,0.11796920001506805,1.8175724744796753,27,639,613
2026-04-02 13:02:43.457,1902.463502012,547548949,左脚+右脚,0.1670843631109821,0.2464965510675663,0.9439619779586792,0.03702107444405556,1.6815245151519775,27,640,614
2026-04-02 13:02:43.517,1902.523412375,547582283,左脚+右脚,0.20421610773416632,0.29388091064804567,0.7426348924636841,-0.33599111437797546,1.1875946521759033,27,641,615
2026-04-02 13:02:43.547,1902.553524204,547615617,左脚+右脚,0.2360966056666004,0.3362620345691299,0.6376099586486816,-0.5903355479240417,0.9803763031959534,27,642,616
2026-04-02 13:02:43.577,1902.583422151,547648951,左脚+右脚,0.2682445228180515,0.35595072341123013,0.6429583430290222,-0.7033366560935974,0.8956372141838074,27,643,617
2026-04-02 13:02:43.607,1902.61338188,547682285,左脚+右脚,0.3003733426413166,0.3525490635093386,0.6425763964653015,-0.6333617568016052,0.8430172801017761,27,644,618
2026-04-02 13:02:43.637,1902.643424295,547715619,左脚+右脚,0.332487937816106,0.3468196609970836,0.6422919034957886,-0.5468273758888245,0.7851698398590088,27,645,619
2026-04-02 13:02:43.667,1902.67351475,547748953,左脚+右脚,0.3567689468543954,0.22469519268121588,0.7284302711486816,0.19996845722198486,1.2470885515213013,27,646,620
2026-04-02 13:02:43.697,1902.70370791,547782287,左脚+右脚,0.38628376226437366,0.1276461574098686,0.8854444622993469,0.47893044352531433,0.4951269030570984,27,647,621
2026-04-02 13:02:43.727,1902.733324138,547815621,左脚+右脚,0.41656755507799265,0.11731480099994265,0.9085137844085693,0.5668917894363403,0.5146272778511047,27,648,622
2026-04-02 13:02:43.757,1902.76318282,547848955,左脚+右脚,0.44480509659461454,0.1084591561172057,0.8471262454986572,0.5409114360809326,0.4387299418449402,27,649,623
2026-04-02 13:02:43.817,1902.823576419,547882289,左脚+右脚,0.47236746053707873,0.14341955960910974,0.8268709182739258,0.3465982675552368,0.43778520822525024,27,650,624
2026-04-02 13:02:43.847,1902.853369627,547915623,左脚+右脚,0.5017788042705483,0.0769011620835718,0.8823403120040894,0.45963290333747864,0.24115324020385742,27,651,625
2026-04-02 13:02:43.877,1902.883542643,547948957,左脚+右脚,0.549909739701075,0.8990827481586088,0.9626187086105347,0.2725133001804352,-0.20040223002433777,27,652,626
2026-04-02 13:02:43.907,1902.91361156,547982291,左脚+右脚,0.6055429925601906,0.7480737039215641,1.112665057182312,-0.00879335030913353,-0.7264910340309143,27,653,627
2026-04-02 13:02:43.939,1902.945322865,548015625,左脚+右脚,0.662228231636805,0.6782033633045519,1.1337047815322876,-0.4167810380458832,-0.860359251499176,27,654,628
2026-04-02 13:02:43.967,1902.973353583,548048959,左脚+右脚,0.6964807520390776,0.6682277709716693,1.0275756120681763,-0.3758785128593445,-0.6660435795783997,27,655,629
2026-04-02 13:02:43.997,1903.003567583,548082293,左脚+右脚,0.7279388715904183,0.6050734437599697,0.9437435865402222,-0.6922709941864014,-0.5374922752380371,27,656,630
2026-04-02 13:02:44.027,1903.033545766,548115627,左脚+右脚,0.7592034508865303,0.5906867819050907,0.9379373788833618,-0.8693955540657043,-0.5570122003555298,27,657,631
2026-04-02 13:02:44.087,1903.093410289,548148961,左脚+右脚,0.8117006649654335,0.8205325495026813,1.049944281578064,0.4817843735218048,-1.0150141716003418,27,658,632
2026-04-02 13:02:44.147,1903.153535362,548182295,左脚+右脚,0.8634395351093238,0.8911378830352757,1.0347774028778076,0.6040099263191223,-0.4924493134021759,27,659,633
2026-04-02 13:02:44.177,1903.183653279,548215629,左脚+右脚,0.9126504769008582,0.9994885447384568,0.9842188358306885,0.9279229044914246,-0.002981953788548708,27,660,634
2026-04-02 13:02:44.207,1903.213417169,548248963,左脚+右脚,0.9594522108715003,0.9985576708498967,0.9360346794128418,1.1209503412246704,-0.010158802382647991,27,661,635
2026-04-02 13:02:44.207,1903.213986876,548282297,左脚+右脚,0.004060672728342318,0.01935832099306388,0.8921692371368408,1.2344555854797363,0.15089406073093414,27,662,636
2026-04-02 13:02:44.237,1903.243528087,548315631,左脚+右脚,0.047610973326486845,0.08235069494763883,0.8710060119628906,0.9310651421546936,0.5299131870269775,27,663,637
2026-04-02 13:02:44.267,1903.273228992,548348965,左脚+右脚,0.08568388721160342,0.1781891131115496,0.7614582777023315,0.5583439469337463,1.1523239612579346,27,664,638
2026-04-02 13:02:44.327,1903.333535472,548382299,左脚+右脚,0.12085905870608737,0.1599548660562705,0.703503429889679,1.3098114728927612,2.0626394748687744,27,665,639
2026-04-02 13:02:44.328,1903.334158252,548415633,左脚+右脚,0.15515460780498014,0.1551546078049802,0.7297492623329163,1.4427112340927124,2.1273274421691895,27,666,640
2026-04-02 13:02:44.357,1903.363542516,548448967,左脚+右脚,0.18004206430153674,0.15398305990487518,0.746623694896698,1.3880438804626465,2.0146334171295166,27,667,641
2026-04-02 13:02:44.417,1903.423272284,548482301,左脚+右脚,0.20567043236133084,0.16720046767876745,0.7688510417938232,1.2364284992218018,2.1582417488098145,27,668,642
2026-04-02 13:02:44.447,1903.453595345,548515635,左脚+右脚,0.23127267769214138,0.17734336999100841,0.7680673599243164,1.0438462495803833,2.125458240509033,27,669,643
2026-04-02 13:02:44.477,1903.48361477,548548969,左脚+右脚,0.25766691974040495,0.19698920762919905,0.7918272614479065,0.7431269288063049,2.1479761600494385,27,670,644
2026-04-02 13:02:44.507,1903.513632789,548582303,左脚+右脚,0.28919229319926726,0.160486899428661,0.9457612037658691,1.1912287473678589,1.8898307085037231,27,671,645
2026-04-02 13:02:44.538,1903.544795348,548615637,左脚+右脚,0.32219580621755745,0.13778807248938596,0.990105390548706,1.3123875856399536,1.5422523021697998,27,672,646
2026-04-02 13:02:44.567,1903.573621834,548648971,左脚+右脚,0.3581419449174069,0.14520745317619485,1.0783841609954834,1.2242742776870728,1.5825800895690918,27,673,647
2026-04-02 13:02:44.597,1903.60360754,548682305,左脚+右脚,0.39475329132116466,0.15245532813777518,1.098340392112732,1.1599092483520508,1.6493996381759644,27,674,648
2026-04-02 13:02:44.627,1903.633619418,548715639,左脚+右脚,0.42869893522298963,0.14109135389904873,1.0183693170547485,1.4187668561935425,1.739139199256897,27,675,649
2026-04-02 13:02:44.687,1903.693570574,548748973,左脚+右脚,0.4623278559370501,0.16846263769826936,1.008867621421814,1.0241305828094482,1.820996642112732,27,676,650
2026-04-02 13:02:44.717,1903.723621426,548782307,左脚+右脚,0.4923025668783648,0.17300079894088377,0.8992413282394409,0.8142144083976746,1.5495543479919434,27,677,651
2026-04-02 13:02:44.747,1903.753617261,548815641,左脚+右脚,0.5187202315652036,0.16337775994266493,0.7925299406051636,0.7984696626663208,1.319261074066162,27,678,652
2026-04-02 13:02:44.777,1903.783209433,548848975,左脚+右脚,0.5475006283445819,0.1487851194171989,0.8634119033813477,0.9653266668319702,1.3075515031814575,27,679,653
2026-04-02 13:02:44.837,1903.84348181,548882309,左脚+右脚,0.5770367325468524,0.14815826453981729,0.8860831260681152,1.0746535062789917,1.4437017440795898,27,680,654
2026-04-02 13:02:44.837,1903.843991599,548915643,左脚+右脚,0.6081381341937844,0.13817614714172208,0.933042049407959,1.211503505706787,1.430752158164978,27,681,655
2026-04-02 13:02:44.897,1903.903248527,548948977,左脚+右脚,0.6416197599096759,0.12437116781373213,1.0044487714767456,1.3390803337097168,1.328540325164795,27,682,656
2026-04-02 13:02:44.897,1903.903873381,548982311,左脚+右脚,0.6956906498594745,0.08367553239518274,1.0814177989959717,1.3735841512680054,0.7969818711280823,27,683,657
2026-04-02 13:02:44.927,1903.933616012,549015645,左脚+右脚,0.7452911974115832,0.001946105553940897,0.9920109510421753,0.7725759148597717,0.009447329677641392,27,684,658
2026-04-02 13:02:44.957,1903.963626302,549048979,左脚+右脚,0.7933119357748493,0.9745783834169178,0.9604147672653198,0.45169684290885925,-0.07276887446641922,27,685,659
2026-04-02 13:02:45.017,1904.023546901,549082313,左脚+右脚,0.8360860587282641,0.9291209143740642,0.8554824590682983,0.5389185547828674,-0.2572411596775055,27,686,660
2026-04-02 13:02:45.047,1904.053520686,549115647,左脚+右脚,0.8818124951048358,0.888721882375218,0.9145287275314331,0.4543435871601105,-0.3820526897907257,27,687,661
2026-04-02 13:02:45.077,1904.083608295,549148981,左脚+右脚,0.9266404490792418,0.8451138746128646,1.3448386192321777,1.4515862464904785,-2.132660388946533,27,688,662
2026-04-02 13:02:45.107,1904.113453149,549182315,左脚+右脚,0.9710276227318907,0.8385130437550571,1.3316152095794678,1.0155037641525269,-1.6337180137634277,27,689,663
2026-04-02 13:02:45.137,1904.14344906,549215649,左脚+右脚,0.012568694464729635,0.8706787596842515,1.2462321519851685,1.052983283996582,-1.1117733716964722,27,690,664
2026-04-02 13:02:45.197,1904.203461014,549248983,左脚+右脚,0.06225826751427492,0.4478862644809018,0.9937914609909058,-1.6469985246658325,0.5594315528869629,27,691,665
2026-04-02 13:02:45.198,1904.20460048,549282317,左脚+右脚,0.11628179561333499,0.45044550075234946,1.0804705619812012,-1.9645620584487915,0.6322507262229919,27,692,666
2026-04-02 13:02:45.227,1904.233358343,549315651,左脚+右脚,0.1515966495994393,0.8056958740591625,1.0594456195831299,0.6200739741325378,-1.6989771127700806,27,693,667
2026-04-02 13:02:45.257,1904.263529748,549348985,左脚+右脚,0.18264016321536541,0.789214593321201,0.9313054084777832,0.25965556502342224,-1.0324162244796753,27,694,668
2026-04-02 13:02:45.317,1904.323701885,549382319,左脚+右脚,0.22148814311858656,0.5214061477451563,0.7769595980644226,-0.5552337765693665,-0.0751318633556366,27,695,669
2026-04-02 13:02:45.349,1904.355384127,549415653,左脚+右脚,0.2620133649432326,0.4839411456162784,0.8105044364929199,-0.7829673886299133,0.07927120476961136,27,696,670
2026-04-02 13:02:45.377,1904.383687096,549448987,左脚+右脚,0.3047131549441481,0.5484178911782431,0.8539958000183105,-0.8977324366569519,-0.2818561792373657,27,697,671
2026-04-02 13:02:45.407,1904.413623189,549482321,左脚+右脚,0.3464999180161619,0.5859844442803828,0.8357352614402771,-1.2585992813110352,-0.7548800706863403,27,698,672
2026-04-02 13:02:45.437,1904.443618931,549515655,左脚+右脚,0.38814031890269757,0.543121301910631,0.8328080177307129,-1.2997959852218628,-0.36104363203048706,27,699,673
2026-04-02 13:02:45.467,1904.473351837,549548989,左脚+右脚,0.42472631743785383,0.48668292743932906,0.731719970703125,-1.1239902973175049,0.09426845610141754,27,700,674
2026-04-02 13:02:45.497,1904.503666879,549582323,左脚+右脚,0.4632178804401223,0.3088375195364624,1.1547468900680542,-0.6381704807281494,1.6468781232833862,27,701,675
2026-04-02 13:02:45.527,1904.533618146,549615657,左脚+右脚,0.5093435825033649,0.3163018513488302,1.3837710618972778,-0.6409043669700623,1.4484208822250366,27,702,676
2026-04-02 13:02:45.557,1904.563745369,549648991,左脚+右脚,0.555520890268054,0.29517304277832207,1.3853192329406738,-0.4782160818576813,1.6393754482269287,27,703,677
2026-04-02 13:02:45.617,1904.623620078,549682325,左脚+右脚,0.615512321504321,0.6476298638254094,1.1998286247253418,-1.2330946922302246,-1.6451219320297241,27,704,678
2026-04-02 13:02:45.647,1904.653648535,549715659,左脚+右脚,0.6375687126246827,0.6375687126246827,1.1420179605484009,-1.5055969953536987,-1.7643694877624512,27,705,679
2026-04-02 13:02:45.737,1904.743490939,549748993,左脚+右脚,0.683347420287901,0.2902994614370849,1.3733612298965454,-0.3310224413871765,1.2792497873306274,27,706,680
2026-04-02 13:02:45.737,1904.744040366,549782327,左脚+右脚,0.7231759830244122,0.3357533410922369,1.194856882095337,-0.46415773034095764,0.7764363884925842,27,707,681
2026-04-02 13:02:45.797,1904.803505659,549815661,左脚+右脚,0.7536895437963543,0.5131612798501943,0.9154068231582642,-0.6403835415840149,-0.05307740718126297,27,708,682
2026-04-02 13:02:45.798,1904.804108615,549848995,左脚+右脚,0.7826882008639711,0.574673747289087,0.8699597120285034,-0.6830162405967712,-0.3462523818016052,27,709,683
2026-04-02 13:02:45.827,1904.833306711,549882329,左脚+右脚,0.8113531712619203,0.6043772972440272,0.8599491119384766,-0.6982421278953552,-0.5372496843338013,27,710,684
2026-04-02 13:02:45.827,1904.833856782,549915663,左脚+右脚,0.8401229365594921,0.6311039111131472,0.8630929589271545,-0.6126649379730225,-0.6615579128265381,27,711,685
2026-04-02 13:02:45.857,1904.863611808,549948997,左脚+右脚,0.8705927475221691,0.6771834985308685,0.9140943288803101,-0.36290493607521057,-0.737067461013794,27,712,686
2026-04-02 13:02:45.917,1904.923655945,549982331,左脚+右脚,0.9010627611406383,0.7133014648929189,0.9141004085540771,-0.13551831245422363,-0.5772653222084045,27,713,687
2026-04-02 13:02:45.947,1904.953356103,550015665,左脚+右脚,0.9324317300247885,0.7132911292993258,0.9410690665245056,-0.3991989493370056,-1.6999655961990356,27,714,688
2026-04-02 13:02:45.977,1904.983671314,550048999,左脚+右脚,0.9670469884005921,0.6930321832796784,1.0384577512741089,-0.6682594418525696,-1.786541223526001,27,715,689
2026-04-02 13:02:46.007,1905.013697126,550082333,左脚+右脚,0.004923944068723651,0.710434243336519,1.1363086700439453,-0.47324416041374207,-1.864266276359558,27,716,690
2026-04-02 13:02:46.067,1905.073389471,550115667,左脚+右脚,0.04390437244651092,0.9310015029793273,1.1694128513336182,2.008967399597168,-0.9299527406692505,27,717,691
2026-04-02 13:02:46.067,1905.074028695,550149001,左脚+右脚,0.08160905082302664,0.9139535795103569,1.1311403512954712,1.714352011680603,-1.029138445854187,27,718,692
2026-04-02 13:02:46.097,1905.10361042,550182335,左脚+右脚,0.12258372743206594,0.8266341207213408,1.2292402982711792,0.7681636214256287,-1.4700936079025269,27,719,693
2026-04-02 13:02:46.127,1905.133739305,550215669,左脚+右脚,0.16010373869813854,0.8456469438137388,1.1256003379821777,0.7319173812866211,-1.0676227807998657,27,720,694
2026-04-02 13:02:46.157,1905.163420688,550249003,左脚+右脚,0.1957697753039735,0.9493150037135772,1.0699810981750488,1.6064667701721191,-0.5296275615692139,27,721,695
2026-04-02 13:02:46.217,1905.223647131,550282337,左脚+右脚,0.22801324962851777,0.018923876748914128,0.9673042297363281,1.3334019184112549,0.15929585695266724,27,722,696
2026-04-02 13:02:46.247,1905.253526919,550315671,左脚+右脚,0.2565436327385642,0.1468578059537844,0.8559114933013916,0.7423931956291199,0.980509877204895,27,723,697
2026-04-02 13:02:46.278,1905.284345058,550349005,左脚+右脚,0.2839533173966147,0.1581281544695131,0.8222905397415161,1.0670915842056274,1.638548493385315,27,724,698
2026-04-02 13:02:46.307,1905.313433475,550382339,左脚+右脚,0.31243287761288263,0.17986639333779858,0.8543868064880371,0.9259784817695618,1.9635242223739624,27,725,699
2026-04-02 13:02:46.337,1905.343572668,550415673,左脚+右脚,0.340785742196216,0.17089877706979095,0.8505859375,1.0338727235794067,1.9060252904891968,27,726,700
2026-04-02 13:02:46.367,1905.373528139,550449007,左脚+右脚,0.36809214591262124,0.2047322263316508,0.819192111492157,0.653643012046814,2.235806465148926,27,727,701
2026-04-02 13:02:46.397,1905.403325875,550482341,左脚+右脚,0.39533643364188453,0.21721852186029195,0.8173286318778992,0.4706912934780121,2.252810478210449,27,728,702
2026-04-02 13:02:46.427,1905.433504872,550515675,左脚+右脚,0.4201283140905438,0.2263640193424863,0.7437564134597778,0.3276115357875824,2.1897592544555664,27,729,703
2026-04-02 13:02:46.457,1905.463574705,550549009,左脚+右脚,0.45345282593645037,0.16033583529673157,0.9997353553771973,1.4292442798614502,2.2626678943634033,27,730,704
2026-04-02 13:02:46.518,1905.524774058,550582343,左脚+右脚,0.4890669151075421,0.10811421117844001,1.0684226751327515,1.9710373878479004,1.5916264057159424,27,731,705
2026-04-02 13:02:46.547,1905.553634423,550615677,左脚+右脚,0.5293879830765464,0.10535460323872976,1.2096320390701294,1.7415457963943481,1.3571070432662964,27,732,706
2026-04-02 13:02:46.577,1905.583556275,550649011,左脚+右脚,0.5720828974175194,0.10789655903583154,1.280847430229187,1.6439235210418701,1.3237696886062622,27,733,707
2026-04-02 13:02:46.607,1905.613530366,550682345,左脚+右脚,0.6111606363383669,0.11929094395845434,1.1723321676254272,1.6118422746658325,1.5001634359359741,27,734,708
2026-04-02 13:02:46.637,1905.64386798,550715679,左脚+右脚,0.6485063596494733,0.12210385815242282,1.120371699333191,1.462310791015625,1.4100369215011597,27,735,709
2026-04-02 13:02:46.667,1905.673521138,550749013,左脚+右脚,0.6972955151327191,0.13389044465089572,0.975783109664917,1.308141827583313,1.4631057977676392,27,736,710
2026-04-02 13:02:46.697,1905.703566807,550782347,左脚+右脚,0.7475910588033734,0.1242953622472533,1.005910873413086,1.347306251525879,1.3354287147521973,27,737,711
2026-04-02 13:02:46.727,1905.733542392,550815681,左脚+右脚,0.7998004718549786,0.12126548829046475,1.0441882610321045,1.5330040454864502,1.4626981019973755,27,738,712
2026-04-02 13:02:46.787,1905.793555422,550849015,左脚+右脚,0.8548407121427594,0.12050395514940541,1.1008048057556152,1.573996901512146,1.4874885082244873,27,739,713
2026-04-02 13:02:46.817,1905.823567715,550882349,左脚+右脚,0.9122327609785138,0.10220886473530634,1.147840976715088,1.7334693670272827,1.2965738773345947,27,740,714
2026-04-02 13:02:46.847,1905.853629821,550915683,左脚+右脚,0.9683986826665937,0.08984576271497537,1.1233184337615967,1.774902582168579,1.1239761114120483,27,741,715
2026-04-02 13:02:46.877,1905.883351286,550949017,左脚+右脚,0.025297991824918764,0.07949701502425002,1.137986183166504,1.785620093345642,0.9743169546127319,27,742,716
2026-04-02 13:02:46.907,1905.913513934,550982351,左脚+右脚,0.06368653813280044,0.01900341803590244,1.1516563892364502,0.7722150683403015,0.09264471381902695,27,743,717
2026-04-02 13:02:46.937,1905.943528746,551015685,左脚+右脚,0.10190523504493015,0.9066705320670403,1.1465609073638916,0.4398457705974579,-0.2922174334526062,27,744,718
2026-04-02 13:02:46.967,1905.973528785,551049019,左脚+右脚,0.1474761688637473,0.8119020891802016,1.3671280145645142,0.721361517906189,-1.760195255279541,27,745,719
2026-04-02 13:02:46.997,1906.003413867,551082353,左脚+右脚,0.19403268932578344,0.8135455870875761,1.396695613861084,0.7226011753082275,-1.712603211402893,27,746,720
2026-04-02 13:02:47.027,1906.033548664,551115687,左脚+右脚,0.23887657760855932,0.8440062579576753,1.3453166484832764,0.921073853969574,-1.373691201210022,27,747,721
2026-04-02 13:02:47.057,1906.063556667,551149021,左脚+右脚,0.2814265612689394,0.8676970835473314,1.2764995098114014,1.0219279527664185,-1.1202940940856934,27,748,722
2026-04-02 13:02:47.117,1906.123519845,551182355,左脚+右脚,0.32075117468116066,0.9516634663981726,1.1797384023666382,1.3907568454742432,-0.4358674883842468,27,749,723
2026-04-02 13:02:47.147,1906.153669521,551215689,左脚+右脚,0.3575022741087017,0.044019138091297705,1.102532982826233,1.474902629852295,0.41865935921669006,27,750,724
2026-04-02 13:02:47.177,1906.183595043,551249023,左脚+右脚,0.3897815509565411,0.13638232961004657,0.9683783054351807,0.9421214461326599,1.087524175643921,27,751,725
2026-04-02 13:02:47.207,1906.213346094,551282357,左脚+右脚,0.4205492440787691,0.14899284913227492,0.9230307936668396,1.3172575235366821,1.7891302108764648,27,752,726
2026-04-02 13:02:47.237,1906.243512586,551315691,左脚+右脚,0.45155583460407833,0.14724463755895764,0.9301977157592773,1.5116291046142578,2.006587505340576,27,753,727
2026-04-02 13:02:47.267,1906.273622623,551349025,左脚+右脚,0.4828779423165061,0.1563156519393418,0.9396632313728333,1.5048569440841675,2.254189968109131,27,754,728
2026-04-02 13:02:47.297,1906.303623643,551382359,左脚+右脚,0.514251246445153,0.15739308920602957,0.9411991238594055,1.550066351890564,2.356299638748169,27,755,729
2026-04-02 13:02:47.327,1906.333390424,551415693,左脚+右脚,0.5444487655091026,0.1821308490572851,0.9059255719184875,1.0661240816116333,2.346675395965576,27,756,730
2026-04-02 13:02:47.357,1906.363395911,551449027,左脚+右脚,0.5744981153734265,0.189400344117361,0.901480495929718,0.9624581336975098,2.4043846130371094,27,757,731
2026-04-02 13:02:47.417,1906.42363064,551482361,左脚+右脚,0.6085252189564445,0.14018593303337348,1.0208131074905396,1.345970630645752,1.630874514579773,27,758,732
2026-04-02 13:02:47.447,1906.453283184,551515695,左脚+右脚,0.6456202530789116,0.12956178130198298,1.1128510236740112,1.53866446018219,1.6294968128204346,27,759,733
2026-04-02 13:02:47.477,1906.483641426,551549029,左脚+右脚,0.7054137611317375,0.12407423687208491,1.1958701610565186,1.799208402633667,1.7783981561660767,27,760,734
2026-04-02 13:02:47.507,1906.513618391,551582363,左脚+右脚,0.7638151490616538,0.1271433426333204,1.1680277585983276,1.8103725910186768,1.8598018884658813,27,761,735
2026-04-02 13:02:47.537,1906.543605148,551615697,左脚+右脚,0.8249062979149558,0.1453954753372117,1.22182297706604,1.3965963125228882,1.809748888015747,27,762,736
2026-04-02 13:02:47.567,1906.573298211,551649031,左脚+右脚,0.882336362593148,0.14236335607966832,1.1486012935638428,1.3806796073913574,1.7203408479690552,27,763,737
2026-04-02 13:02:47.597,1906.603614974,551682365,左脚+右脚,0.9333425843643882,0.1523782760792544,1.0201244354248047,1.2558619976043701,1.7840089797973633,27,764,738
2026-04-02 13:02:47.627,1906.633635969,551715699,左脚+右脚,0.976533105366204,0.15175078142929133,0.8638104200363159,1.147727131843567,1.6168179512023926,27,765,739
2026-04-02 13:02:47.657,1906.663608769,551749033,左脚+右脚,0.021932216875527155,0.1421184690651859,0.9079822301864624,1.2399017810821533,1.540069818496704,27,766,740
2026-04-02 13:02:47.717,1906.723650786,551782367,左脚+右脚,0.06868447899100567,0.14366770070735171,0.9350452423095703,1.2828483581542969,1.6255557537078857,27,767,741
2026-04-02 13:02:47.747,1906.753612308,551815701,左脚+右脚,0.11840350269553448,0.13263420922226365,0.9943804740905762,1.436737060546875,1.5816307067871094,27,768,742
2026-04-02 13:02:47.807,1906.813394255,551849035,左脚+右脚,0.15439824302273378,0.10753662397705385,1.079842209815979,1.7558684349060059,1.407379388809204,27,769,743
2026-04-02 13:02:47.808,1906.814446285,551882369,左脚+右脚,0.1913409872777997,0.09416682623118822,1.1082823276519775,1.8145291805267334,1.2193156480789185,27,770,744
2026-04-02 13:02:47.837,1906.843439899,551915703,左脚+右脚,0.22765803376115745,0.0025910314768019566,1.0895113945007324,0.9084622263908386,0.01479100901633501,27,771,745
2026-04-02 13:02:47.870,1906.876522351,551949037,左脚+右脚,0.2624494318095583,0.9383220869124109,1.0437419414520264,0.7353882193565369,-0.3001669943332672,27,772,746
2026-04-02 13:02:47.897,1906.90356413,551982371,左脚+右脚,0.30552342374401675,0.8321907132499029,1.2922197580337524,1.0806517601013184,-1.9031683206558228,27,773,747
2026-04-02 13:02:47.927,1906.933314516,552015705,左脚+右脚,0.35035322148876774,0.8214418335055216,1.3448939323425293,1.0599384307861328,-2.2005157470703125,27,774,748
2026-04-02 13:02:48.017,1907.023665777,552049039,左脚+右脚,0.4183927043207227,0.8199510202468484,1.3607896566390991,0.7021846771240234,-1.4934111833572388,27,775,749
2026-04-02 13:02:48.018,1907.024302998,552082373,左脚+右脚,0.4837649031408368,0.8041296517123585,1.3074439764022827,0.5492395162582397,-1.5521516799926758,27,776,750
2026-04-02 13:02:48.047,1907.05348796,552115707,左脚+右脚,0.545781217408949,0.8654924520902653,1.2403262853622437,0.7986297607421875,-0.9002370238304138,27,777,751
2026-04-02 13:02:48.077,1907.083635644,552149041,左脚+右脚,0.6036422713525831,0.992496305521012,1.1572210788726807,1.0863077640533447,-0.05125424638390541,27,778,752
2026-04-02 13:02:48.107,1907.113605062,552182375,左脚+右脚,0.6375341319966057,0.1259338459776467,1.0167558193206787,0.8837195634841919,0.8941513895988464,27,779,753
2026-04-02 13:02:48.137,1907.143511466,552215709,左脚+右脚,0.6844781720566491,0.12258954236404591,0.9388808012008667,1.3992505073547363,1.3574954271316528,27,780,754
2026-04-02 13:02:48.167,1907.173508769,552249043,左脚+右脚,0.7314243638443688,0.1255581067508746,0.9389238357543945,1.594197392463684,1.6054174900054932,27,781,755
2026-04-02 13:02:48.197,1907.203606133,552282377,左脚+右脚,0.7794980192112664,0.1352939862864418,0.9614731073379517,1.5254484415054321,1.7367382049560547,27,782,756
2026-04-02 13:02:48.227,1907.233494701,552315711,左脚+右脚,0.8260514342713097,0.15842762653884288,0.9310683012008667,1.3316437005996704,2.053213596343994,27,783,757
2026-04-02 13:02:48.257,1907.263298082,552349045,左脚+右脚,0.8694920742439964,0.19158196909247313,0.8688127994537354,0.8406788110733032,2.1865644454956055,27,784,758
2026-04-02 13:02:48.317,1907.323552342,552382379,左脚+右脚,0.9103515708374718,0.20467383660357413,0.8171899318695068,0.6521863341331482,2.2277889251708984,27,785,759
2026-04-02 13:02:48.347,1907.353443465,552415713,左脚+右脚,0.9613469922470786,0.1608075980476621,1.0199084281921387,1.0700435638427734,1.7051830291748047,27,786,760
2026-04-02 13:02:48.377,1907.383650555,552449047,左脚+右脚,0.014504166834328425,0.106850916780368,1.0631434917449951,1.8129526376724243,1.4403489828109741,27,787,761
2026-04-02 13:02:48.407,1907.413396823,552482381,左脚+右脚,0.0724326395916679,0.08777427746867558,1.1585694551467896,1.8229219913482666,1.1214138269424438,27,788,762
2026-04-02 13:02:48.467,1907.473484181,552515715,左脚+右脚,0.08809868167494406,0.08809868167494404,1.2267274856567383,1.5275739431381226,0.9440208077430725,27,789,763
2026-04-02 13:02:48.467,1907.474039728,552549049,左脚+右脚,0.10199172518019028,0.10199172518019027,1.2348870038986206,1.3828091621398926,1.0313533544540405,27,790,764
2026-04-02 13:02:48.497,1907.50361464,552582383,左脚+右脚,0.14110617658857652,0.10628379542738224,1.173433542251587,1.258386254310608,0.992465078830719,27,791,765
2026-04-02 13:02:48.528,1907.534220918,552615717,左脚+右脚,0.1751141788697655,0.1242275225651586,1.020240068435669,1.0225880146026611,1.012709379196167,27,792,766
2026-04-02 13:02:48.587,1907.593490413,552649051,左脚+右脚,0.20588458201650928,0.133133500695841,0.9231120944023132,1.0749014616012573,1.1907888650894165,27,793,767
2026-04-02 13:02:48.649,1907.655553945,552682385,左脚+右脚,0.23673791707917202,0.13909757032739423,0.9256000518798828,1.1582611799240112,1.3840433359146118,27,794,768
2026-04-02 13:02:48.656,1907.662166288,552715719,左脚+右脚,0.2691795172429497,0.1259386089257166,0.9732480049133301,1.2770997285842896,1.292252540588379,27,795,769
2026-04-02 13:02:48.677,1907.683502844,552749053,左脚+右脚,0.30409054578705774,0.10663898521441251,1.0473308563232422,1.412858486175537,1.1194177865982056,27,796,770
2026-04-02 13:02:48.709,1907.715100159,552782387,左脚+右脚,0.33975766322378465,0.08768035215049767,1.0700135231018066,1.507838487625122,0.9263565540313721,27,797,771
2026-04-02 13:02:48.737,1907.743605004,552815721,左脚+右脚,0.37581405064825363,0.08276076590918888,1.0816916227340698,1.506286859512329,0.8624448180198669,27,798,772
2026-04-02 13:02:48.774,1907.78038545,552849055,左脚+右脚,0.41301769635443036,0.9909284970497027,1.1161093711853027,0.8704599142074585,-0.049668215215206146,27,799,773
2026-04-02 13:02:48.798,1907.804829647,552882389,左脚+右脚,0.4669600488877708,0.9074673379362979,1.078847050666809,0.6523705720901489,-0.42871904373168945,27,800,774
2026-04-02 13:02:48.829,1907.835113112,552915723,左脚+右脚,0.538726037952941,0.8405344952552576,1.4353197813034058,1.4960033893585205,-2.3399174213409424,27,801,775
2026-04-02 13:02:48.888,1907.893999717,552949057,左脚+右脚,0.6094536723828727,0.8284488073923233,1.4145526885986328,0.9827073812484741,-1.8295528888702393,27,802,776
2026-04-02 13:02:48.918,1907.924121397,552982391,左脚+右脚,0.6771093072629386,0.8360829540178119,1.3531126976013184,1.0015631914138794,-1.6675492525100708,27,803,777
2026-04-02 13:02:49.008,1908.014195114,553015725,左脚+右脚,0.7072198293741955,0.4604843673812844,0.9033156633377075,-1.4257432222366333,0.36144712567329407,27,804,778
2026-04-02 13:02:49.017,1908.023639909,553049059,左脚+右脚,0.7646828564437241,0.7646828564437241,1.2961053848266602,0.21752050518989563,-2.3511223793029785,27,805,779
2026-04-02 13:02:49.041,1908.047672216,553082393,左脚+右脚,0.8046794407002142,0.7676495368283229,1.1998975276947021,0.19760796427726746,-1.7746219635009766,27,806,780
2026-04-02 13:02:49.050,1908.056435362,553115727,左脚+右脚,0.8400332324139288,0.6431943604802894,1.060613751411438,-0.5634860396385193,-0.7096685767173767,27,807,781
2026-04-02 13:02:49.069,1908.075721677,553149061,左脚+右脚,0.8760671647818894,0.5506158163347078,1.0810179710388184,-0.9340769052505493,-0.30750080943107605,27,808,782
2026-04-02 13:02:49.099,1908.105118743,553182395,左脚+右脚,0.9133555166355779,0.5200633022496002,1.1186505556106567,-1.1692283153533936,-0.14818038046360016,27,809,783
2026-04-02 13:02:49.128,1908.134117243,553215729,左脚+右脚,0.950771899266244,0.49643923212806845,1.122491478919983,-1.3844434022903442,0.030979271978139877,27,810,784
2026-04-02 13:02:49.158,1908.164418177,553249063,左脚+右脚,0.9847966703208297,0.4956250470611659,1.0207431316375732,-1.4626681804656982,0.04021688923239708,27,811,785
2026-04-02 13:02:49.217,1908.223430951,553282397,左脚+右脚,0.019193759802183408,0.5014138376471226,1.0319126844406128,-1.4173638820648193,-0.012591347098350525,27,812,786
2026-04-02 13:02:49.248,1908.254456901,553315731,左脚+右脚,0.05498034481525511,0.5959838295811046,1.0735975503921509,-1.228340983390808,-0.8459266424179077,27,813,787
2026-04-02 13:02:49.277,1908.28333935,553349065,左脚+右脚,0.1230708969068536,0.3272216054166186,1.3618110418319702,-0.8537565469741821,1.619308590888977,27,814,788
2026-04-02 13:02:49.308,1908.314303649,553382399,左脚+右脚,0.1952474666070947,0.3196871924939333,1.4435313940048218,-0.8147116303443909,1.740220069885254,27,815,789
2026-04-02 13:02:49.338,1908.344080528,553415733,左脚+右脚,0.2675381792020807,0.326065722161543,1.4458142518997192,-0.8191510438919067,1.5814062356948853,27,816,790
2026-04-02 13:02:49.368,1908.374391715,553449067,左脚+右脚,0.34569624785900205,0.6384512404551546,1.5631613731384277,-1.1401772499084473,-1.3512468338012695,27,817,791
2026-04-02 13:02:49.400,1908.406097632,553482401,左脚+右脚,0.396137306335768,0.3340640454293117,1.5132317543029785,-0.7923067212104797,1.357879638671875,27,818,792
2026-04-02 13:02:49.428,1908.434276628,553515735,左脚+右脚,0.44232370976924984,0.37182602987515667,1.3855921030044556,-0.9197553992271423,0.9571916460990906,27,819,793
2026-04-02 13:02:49.487,1908.493377903,553549069,左脚+右脚,0.4987423551511773,0.536026603717306,1.1283729076385498,-0.9938803315162659,-0.22889956831932068,27,820,794
2026-04-02 13:02:49.517,1908.523401159,553582403,左脚+右脚,0.554031128926278,0.5974645847034951,1.1057754755020142,-0.9643978476524353,-0.6774696111679077,27,821,795
2026-04-02 13:02:49.547,1908.553461559,553615737,左脚+右脚,0.6092466307115564,0.6163741351531768,1.1043100357055664,-0.8958572149276733,-0.803656816482544,27,822,796
2026-04-02 13:02:49.578,1908.584454658,553649071,左脚+右脚,0.643570857009065,0.643570857009065,1.1119149923324585,-0.649890124797821,-0.8224758505821228,27,823,797
2026-04-02 13:02:49.608,1908.614336746,553682405,左脚+右脚,0.6878750095673898,0.6878750095673898,1.1351264715194702,-0.2487647384405136,-0.6045966148376465,27,824,798
2026-04-02 13:02:49.637,1908.643293516,553715739,左脚+右脚,0.7444325480559036,0.7444325480559036,1.1492105722427368,-0.01617518439888954,-0.4622061252593994,27,825,799
2026-04-02 13:02:49.668,1908.674394084,553749073,左脚+右脚,0.7809388512073522,0.6221268796597182,1.095189094543457,-0.5893452167510986,-0.568442165851593,27,826,800
2026-04-02 13:02:49.699,1908.705213506,553782407,左脚+右脚,0.8071592404145563,0.58132967919559,0.7866116762161255,-1.8621399402618408,-1.044073462486267,27,827,801
2026-04-02 13:02:49.727,1908.733401568,553815741,左脚+右脚,0.8392758840023046,0.5559854920490339,0.9634993076324463,-2.1116576194763184,-0.7750469446182251,27,828,802
2026-04-02 13:02:49.757,1908.763421642,553849075,左脚+右脚,0.8717212511796321,0.5540911435291487,0.9733610153198242,-2.085871934890747,-0.7375322580337524,27,829,803
2026-04-02 13:02:49.817,1908.823418965,553882409,左脚+右脚,0.9447001947659815,0.23563752622392078,1.4595788717269897,0.1332535296678543,1.4726123809814453,27,830,804
2026-04-02 13:02:49.849,1908.8555303,553915743,左脚+右脚,0.9913672142921452,0.763416539580253,1.400010585784912,0.20264971256256104,-2.398253917694092,27,831,805
2026-04-02 13:02:49.878,1908.884179303,553949077,左脚+右脚,0.033465283483124164,0.7562847950805617,1.2629420757293701,0.07654580473899841,-1.937423586845398,27,832,806
2026-04-02 13:02:49.909,1908.915101645,553982411,左脚+右脚,0.07116542395935097,0.7497596342448888,1.1310042142868042,-0.0015634633600711823,-1.0352253913879395,27,833,807
2026-04-02 13:02:49.937,1908.943397768,554015745,左脚+右脚,0.10933983462041258,0.6666398064098392,1.1452323198318481,-0.33152323961257935,-0.5739913582801819,27,834,808
2026-04-02 13:02:49.968,1908.974446218,554049079,左脚+右脚,0.17091709511464476,0.6088214353563575,1.2315452098846436,-0.5937830209732056,-0.48385870456695557,27,835,809
2026-04-02 13:02:49.997,1909.003428268,554082413,左脚+右脚,0.2338672591943109,0.555536605024157,1.2590032815933228,-0.8243484497070312,-0.29992714524269104,27,836,810
2026-04-02 13:02:50.027,1909.033400535,554115747,左脚+右脚,0.2931578172940576,0.5066741082526607,1.185811161994934,-1.0054240226745605,-0.04218684509396553,27,837,811
2026-04-02 13:02:50.057,1909.063402914,554149081,左脚+右脚,0.34741466181462644,0.46358375564651794,1.085136890411377,-1.0014783143997192,0.2332327663898468,27,838,812
2026-04-02 13:02:50.117,1909.123412329,554182415,左脚+右脚,0.4069714559811914,0.6406465736099565,1.1911358833312988,-0.7639403939247131,-0.9311214089393616,27,839,813
2026-04-02 13:02:50.147,1909.153450948,554215749,左脚+右脚,0.47710539834683774,0.6711780350789975,1.4026788473129272,-0.8160902857780457,-1.5108455419540405,27,840,814
2026-04-02 13:02:50.177,1909.183305441,554249083,左脚+右脚,0.551386172940191,0.6699558877719843,1.4856154918670654,-0.9260363578796387,-1.683348536491394,27,841,815
2026-04-02 13:02:50.207,1909.213376013,554282417,左脚+右脚,0.6267403139371239,0.6707140421151843,1.5070828199386597,-0.847788393497467,-1.5586448907852173,27,842,816
2026-04-02 13:02:50.237,1909.243367488,554315751,左脚+右脚,0.6749872889694306,0.6749872889694306,1.474861741065979,-0.7978962063789368,-1.5656503438949585,27,843,817
2026-04-02 13:02:50.267,1909.273343407,554349085,左脚+右脚,0.7266409165240062,0.26458942550204684,1.549608826637268,-0.09763342887163162,1.0620907545089722,27,844,818
2026-04-02 13:02:50.297,1909.303454303,554382419,左脚+右脚,0.7756368643618358,0.28984854971351154,1.4698784351348877,-0.16207283735275269,0.6337350010871887,27,845,819
2026-04-02 13:02:50.327,1909.333441461,554415753,左脚+右脚,0.8180553323603404,0.4524740576256286,1.2725540399551392,-0.18708360195159912,0.05758781358599663,27,846,820
2026-04-02 13:02:50.357,1909.363468928,554449087,左脚+右脚,0.8586099670903616,0.6591848958953795,1.2166390419006348,-0.34791797399520874,-0.5420745015144348,27,847,821
2026-04-02 13:02:50.417,1909.423460332,554482421,左脚+右脚,0.8982310500320527,0.6896120973870814,1.1886324882507324,-0.32855790853500366,-0.8239695429801941,27,848,822
2026-04-02 13:02:50.447,1909.453437299,554515755,左脚+右脚,0.9382116880592439,0.7261434806110518,1.1994191408157349,-0.11810298264026642,-0.7819952368736267,27,849,823
2026-04-02 13:02:50.507,1909.513800439,554549089,左脚+右脚,0.9804590112543835,0.8175181518568876,1.267419695854187,0.3103973865509033,-0.6872450113296509,27,850,824
2026-04-02 13:02:50.508,1909.514912135,554582423,左脚+右脚,0.024518510359201162,0.907143525682442,1.3217849731445312,0.7962535619735718,-0.5255975723266602,27,851,825
2026-04-02 13:02:50.537,1909.543376651,554615757,左脚+右脚,0.0659864750084016,0.789114974372132,1.2440389394760132,0.16926546394824982,-0.6748015880584717,27,852,826
2026-04-02 13:02:50.567,1909.573359665,554649091,左脚+右脚,0.11241457527644766,0.9641230704137722,1.3928430080413818,2.6718156337738037,-0.6126977801322937,27,853,827
2026-04-02 13:02:50.597,1909.603381374,554682425,左脚+右脚,0.1623983747339977,0.9691852497367144,1.4995139837265015,2.2895493507385254,-0.448914110660553,27,854,828
2026-04-02 13:02:50.627,1909.633297524,554715759,左脚+右脚,0.20915375615921947,0.9584747078550055,1.4026614427566528,1.8798787593841553,-0.5019226670265198,27,855,829
2026-04-02 13:02:50.687,1909.693607535,554749093,左脚+右脚,0.2786365654644105,0.30262701019005694,1.3896561861038208,-0.4471954107284546,1.3027575016021729,27,856,830
2026-04-02 13:02:50.717,1909.723552229,554782427,左脚+右脚,0.32738502289620375,0.4792407794290486,0.9749691486358643,-1.9083608388900757,0.2503364682197571,27,857,831
2026-04-02 13:02:50.777,1909.783384038,554815761,左脚+右脚,0.3941252734836671,0.7614666893598958,1.3348050117492676,0.1660098284482956,-2.3001890182495117,27,858,832
2026-04-02 13:02:50.778,1909.784624057,554849095,左脚+右脚,0.4543435719188783,0.7542491504448305,1.2043659687042236,0.041631411761045456,-1.5589635372161865,27,859,833
2026-04-02 13:02:50.807,1909.813444324,554882429,左脚+右脚,0.5094147112545107,0.5954760111304319,1.1014227867126465,-0.5644927024841309,-0.38610196113586426,27,860,834
2026-04-02 13:02:50.837,1909.843704358,554915763,左脚+右脚,0.5473957525269919,0.5023176716049231,1.1394312381744385,-0.7709461450576782,-0.011227589100599289,27,861,835
2026-04-02 13:02:50.870,1909.876085075,554949097,左脚+右脚,0.5863184081094199,0.4800739279287645,1.1676796674728394,-1.0400347709655762,0.1308961659669876,27,862,836
2026-04-02 13:02:50.898,1909.903985013,554982431,左脚+右脚,0.623623083688491,0.4519447598592242,1.1191402673721313,-1.2686834335327148,0.3951481282711029,27,863,837
2026-04-02 13:02:50.927,1909.933283504,555015765,左脚+右脚,0.658814091143681,0.42861562295269773,1.0557302236557007,-1.3910152912139893,0.6694018840789795,27,864,838
2026-04-02 13:02:50.987,1909.993410672,555049099,左脚+右脚,0.6884880012846721,0.4743457721043357,0.8902173042297363,-1.172318458557129,0.19062010943889618,27,865,839
2026-04-02 13:02:51.017,1910.02332928,555082433,左脚+右脚,0.7349169240968161,0.31347444295520993,1.3928676843643188,-0.7158819437026978,1.6987980604171753,27,866,840
2026-04-02 13:02:51.047,1910.053418936,555115767,左脚+右脚,0.7828723774926596,0.3098863863288696,1.4386636018753052,-0.736043393611908,1.8629176616668701,27,867,841
2026-04-02 13:02:51.077,1910.083416612,555149101,左脚+右脚,0.830247774380121,0.2956698117484327,1.4212619066238403,-0.5343851447105408,1.8108842372894287,27,868,842
2026-04-02 13:02:51.108,1910.114154601,555182435,左脚+右脚,0.8757155405061179,0.6507619531923016,1.3640329837799072,-1.1550236940383911,-1.605865240097046,27,869,843
2026-04-02 13:02:51.140,1910.145994466,555215769,左脚+右脚,0.9226330743806296,0.642322195579081,1.4075260162353516,-1.2908134460449219,-1.6075148582458496,27,870,844
2026-04-02 13:02:51.167,1910.173420839,555249103,左脚+右脚,0.9959296391980581,0.3112799642795057,1.4659312963485718,-0.5427464842796326,1.3392521142959595,27,871,845
2026-04-02 13:02:51.197,1910.203398854,555282437,左脚+右脚,0.05815812812017729,0.3649504001702777,1.2445697784423828,-0.6588632464408875,0.7478033304214478,27,872,846
2026-04-02 13:02:51.227,1910.233561829,555315771,左脚+右脚,0.10891116724180509,0.49963188758557947,1.0150607824325562,-0.6898041367530823,0.00159546360373497,27,873,847
2026-04-02 13:02:51.257,1910.263567196,555349105,左脚+右脚,0.1598787592427664,0.5825302807517933,1.019351840019226,-0.7797499299049377,-0.4449581503868103,27,874,848
2026-04-02 13:02:51.317,1910.323593294,555382439,左脚+右脚,0.21159841880964567,0.6242764949438446,1.0343931913375854,-0.690190851688385,-0.6839441061019897,27,875,849
2026-04-02 13:02:51.347,1910.353635057,555415773,左脚+右脚,0.264545808889144,0.6572450820115745,1.0589478015899658,-0.41964632272720337,-0.6366260051727295,27,876,850
2026-04-02 13:02:51.377,1910.383598409,555449107,左脚+右脚,0.31841162309812837,0.7303392624962367,1.0773162841796875,-0.06356927752494812,-0.5119771361351013,27,877,851
2026-04-02 13:02:51.407,1910.413721207,555482441,左脚+右脚,0.37283867464231785,0.7603536114531039,1.088541030883789,0.028430771082639694,-0.4364190101623535,27,878,852
2026-04-02 13:02:51.437,1910.443564475,555515775,左脚+右脚,0.42864422664808566,0.6998179096106352,1.1161110401153564,-0.647047758102417,-1.9836829900741577,27,879,853
2026-04-02 13:02:51.467,1910.47354795,555549109,左脚+右脚,0.5043122337834769,0.7685162123894924,1.5133601427078247,0.3395214378833771,-2.9051566123962402,27,880,854
2026-04-02 13:02:51.497,1910.503527069,555582443,左脚+右脚,0.5828030870931082,0.7647194364429197,1.569817066192627,0.27908578515052795,-3.009026050567627,27,881,855
2026-04-02 13:02:51.527,1910.533397378,555615777,左脚+右脚,0.6446900354401999,0.97093821154198,1.2377389669418335,1.6243916749954224,-0.29995614290237427,27,882,856
2026-04-02 13:02:51.557,1910.563533982,555649111,左脚+右脚,0.7079752253072196,0.9868066750395647,1.265703797340393,1.080120325088501,-0.08974342793226242,27,883,857
2026-04-02 13:02:51.617,1910.623539275,555682445,左脚+右脚,0.7700569914357596,0.7958025336440665,1.2416353225708008,0.3295174837112427,-1.1132234334945679,27,884,858
2026-04-02 13:02:51.647,1910.653369047,555715779,左脚+右脚,0.8334898160474233,0.9295064476192074,1.2686564922332764,1.1172447204589844,-0.5299735069274902,27,885,859
2026-04-02 13:02:51.677,1910.68364223,555749113,左脚+右脚,0.883984033920043,0.13031495799313683,1.0098843574523926,0.7675701379776001,0.8206275105476379,27,886,860
2026-04-02 13:02:51.737,1910.743464063,555782447,左脚+右脚,0.9306176619307928,0.15652670767997526,0.9326725602149963,1.2727221250534058,1.911950945854187,27,887,861
2026-04-02 13:02:51.737,1910.743916368,555815781,左脚+右脚,0.9786074476020269,0.15764297391318233,0.9597957134246826,1.38231360912323,2.10849666595459,27,888,862
2026-04-02 13:02:51.767,1910.773435822,555849115,左脚+右脚,0.02652430699037822,0.17141588476729955,0.9583371877670288,1.229375958442688,2.2841269969940186,27,889,863
2026-04-02 13:02:51.797,1910.8036751,555882449,左脚+右脚,0.07212748096155436,0.1918181243320689,0.912063479423523,0.9539512395858765,2.4922142028808594,27,890,864
2026-04-02 13:02:51.827,1910.833751383,555915783,左脚+右脚,0.11523071096109659,0.21545477081985417,0.8620645999908447,0.5763357877731323,2.613433361053467,27,891,865
2026-04-02 13:02:51.857,1910.863698774,555949117,左脚+右脚,0.15406019256281167,0.23239798907430267,0.7765896320343018,0.2777177691459656,2.5008389949798584,27,892,866
2026-04-02 13:02:51.917,1910.923762391,555982451,左脚+右脚,0.18915752535827268,0.1606212986879415,1.0529199838638306,1.421181559562683,2.258866786956787,27,893,867
2026-04-02 13:02:51.977,1910.983371503,556015785,左脚+右脚,0.22585260436701088,0.1252854004502641,1.100852370262146,1.9729666709899902,1.980055332183838,27,894,868
2026-04-02 13:02:52.007,1911.013386762,556049119,左脚+右脚,0.26519188449548986,0.10502085490349328,1.1801784038543701,1.953711748123169,1.5158642530441284,27,895,869
2026-04-02 13:02:52.008,1911.014594052,556082453,左脚+右脚,0.3057057337539127,0.11452118621822549,1.2154154777526855,1.7522934675216675,1.5355100631713867,27,896,870
2026-04-02 13:02:52.037,1911.043533306,556115787,左脚+右脚,0.35100829964645014,0.13376846751674518,1.359076976776123,1.4880876541137695,1.6618032455444336,27,897,871
2026-04-02 13:02:52.067,1911.073593473,556149121,左脚+右脚,0.3920830643749963,0.13178552139476246,1.2322429418563843,1.4721912145614624,1.6033974885940552,27,898,872
2026-04-02 13:02:52.097,1911.103318024,556182455,左脚+右脚,0.42835620607701247,0.15072756706968643,1.0881942510604858,1.1623246669769287,1.6152796745300293,27,899,873
2026-04-02 13:02:52.127,1911.133652755,556215789,左脚+右脚,0.4610846078968774,0.1471484056831657,0.9818520545959473,1.182089924812317,1.5671734809875488,27,900,874
2026-04-02 13:02:52.157,1911.163617959,556249123,左脚+右脚,0.4942529078897566,0.1481902243628265,0.995048999786377,1.2733571529388428,1.7113598585128784,27,901,875
2026-04-02 13:02:52.217,1911.22328267,556282457,左脚+右脚,0.5290106889185042,0.14384271093794407,1.0427334308624268,1.3487114906311035,1.712883710861206,27,902,876
2026-04-02 13:02:52.247,1911.253699369,556315791,左脚+右脚,0.5663365003046126,0.12902471513308145,1.119774341583252,1.6152305603027344,1.699060320854187,27,903,877
2026-04-02 13:02:52.277,1911.283643597,556349125,左脚+右脚,0.6044235822137922,0.1000175290735516,1.1426124572753906,1.8927289247512817,1.3754665851593018,27,904,878
2026-04-02 13:02:52.307,1911.313622062,556382459,左脚+右脚,0.6608006831583113,0.0916150663477699,1.1275420188903809,1.9646432399749756,1.2749488353729248,27,905,879
2026-04-02 13:02:52.397,1911.403345855,556415793,左脚+右脚,0.7174257751878829,0.0647681539445356,1.1325018405914307,0.6052429676055908,0.2608658969402313,27,906,880
2026-04-02 13:02:52.398,1911.404441231,556449127,左脚+右脚,0.7734012361940474,0.005512144014516645,1.119509220123291,0.7090221047401428,0.02456596866250038,27,907,881
2026-04-02 13:02:52.457,1911.463288883,556482461,左脚+右脚,0.8338988924268436,0.8338988924268436,1.3825414180755615,1.1333138942718506,-1.9469467401504517,27,908,882
2026-04-02 13:02:52.458,1911.464454497,556515795,左脚+右脚,0.879700623377517,0.8287395912909705,1.3740519285202026,0.9964727163314819,-1.8470770120620728,27,909,883
2026-04-02 13:02:52.517,1911.523582122,556549129,左脚+右脚,0.9239539607607873,0.8462366575480583,1.327600121498108,0.8406045436859131,-1.216471552848816,27,910,884
2026-04-02 13:02:52.518,1911.524725813,556582463,左脚+右脚,0.9656879409396203,0.821941527291705,1.2520194053649902,0.6722254157066345,-1.3844581842422485,27,911,885
2026-04-02 13:02:52.547,1911.553590841,556615797,左脚+右脚,0.005739870095605726,0.9200119939706985,1.2015578746795654,1.204030990600586,-0.6618034839630127,27,912,886
2026-04-02 13:02:52.577,1911.583284829,556649131,左脚+右脚,0.05240812060705913,0.05240812060705916,1.0901888608932495,1.689219355583191,0.5772597789764404,27,913,887
2026-04-02 13:02:52.607,1911.613553297,556682465,左脚+右脚,0.09639991280905497,0.1339247809879904,0.879835844039917,1.3859578371047974,1.5508131980895996,27,914,888
2026-04-02 13:02:52.637,1911.643584273,556715799,左脚+右脚,0.14101779518000376,0.14616164919998056,0.8923576474189758,1.7346926927566528,2.2703776359558105,27,915,889
2026-04-02 13:02:52.667,1911.673581728,556749133,左脚+右脚,0.15293152329467793,0.1529315232946779,0.9227570295333862,1.6339137554168701,2.3382749557495117,27,916,890
2026-04-02 13:02:52.697,1911.703341417,556782467,左脚+右脚,0.1604530331256215,0.1604530331256215,0.9573520421981812,1.5364164113998413,2.4363059997558594,27,917,891
2026-04-02 13:02:52.727,1911.73339144,556815801,左脚+右脚,0.1716665365048947,0.1716665365048947,0.903477668762207,1.403074026107788,2.6167168617248535,27,918,892
2026-04-02 13:02:52.787,1911.793599335,556849135,左脚+右脚,0.19606612089594264,0.19606612089594264,0.8520805835723877,0.9092782139778137,2.579707622528076,27,919,893
2026-04-02 13:02:52.817,1911.8234134,556882469,左脚+右脚,0.22299747827967067,0.19570344949547908,0.8079407215118408,0.9042505025863647,2.546917200088501,27,920,894
2026-04-02 13:02:52.847,1911.853539643,556915803,左脚+右脚,0.2576358553103612,0.1492588454077487,1.0391513109207153,1.3735748529434204,1.8721672296524048,27,921,895
2026-04-02 13:02:52.877,1911.883657908,556949137,左脚+右脚,0.2936718937091039,0.12793139472741333,1.0810811519622803,1.7094628810882568,1.7736233472824097,27,922,896
2026-04-02 13:02:52.907,1911.91354671,556982471,左脚+右脚,0.33108600738962557,0.13180503371676333,1.1224234104156494,1.7945501804351807,1.9549671411514282,27,923,897
2026-04-02 13:02:52.937,1911.943377964,557015805,左脚+右脚,0.37091010375142164,0.1406805267687648,1.1947228908538818,1.6306959390640259,1.9884229898452759,27,924,898
2026-04-02 13:02:52.967,1911.973606491,557049139,左脚+右脚,0.4115937586955236,0.159584216264456,1.220509648323059,1.3230665922164917,2.0728299617767334,27,925,899
2026-04-02 13:02:52.997,1912.003589801,557082473,左脚+右脚,0.4500384287369258,0.1613340383482445,1.1533401012420654,1.255543828010559,2.015566825866699,27,926,900
2026-04-02 13:02:53.027,1912.033501127,557115807,左脚+右脚,0.479774564140241,0.16720125025055163,0.8920840620994568,1.0197843313217163,1.780099868774414,27,927,901
2026-04-02 13:02:53.117,1912.12339295,557149141,左脚+右脚,0.5089998817773667,0.1616934888067063,0.8767595291137695,1.0797947645187378,1.742186188697815,27,928,902
2026-04-02 13:02:53.117,1912.12396186,557182475,左脚+右脚,0.5396907544465867,0.14908956506351423,0.9207261800765991,1.3176929950714111,1.792001485824585,27,929,903
2026-04-02 13:02:53.147,1912.153593246,557215809,左脚+右脚,0.5715282297464218,0.14759019321191227,0.9551242589950562,1.4184716939926147,1.8914583921432495,27,930,904
2026-04-02 13:02:53.177,1912.183621385,557249143,左脚+右脚,0.6059352692298101,0.1360471173321678,1.032211184501648,1.5876829624176025,1.8249378204345703,27,931,905
2026-04-02 13:02:53.207,1912.213625911,557282477,左脚+右脚,0.642218062910637,0.114570376431947,1.0884838104248047,1.8836874961853027,1.6516783237457275,27,932,906
2026-04-02 13:02:53.237,1912.243610654,557315811,左脚+右脚,0.6960589981408921,0.10192109588942148,1.0768187046051025,2.02410888671875,1.5082623958587646,27,933,907
2026-04-02 13:02:53.269,1912.275401933,557349145,左脚+右脚,0.7493199742170182,0.07932717473809385,1.065219521522522,0.5180623531341553,0.2819617688655853,27,934,908
2026-04-02 13:02:53.297,1912.303671603,557382479,左脚+右脚,0.8002099013658373,0.04235870257679256,1.0177985429763794,0.516495943069458,0.14080455899238586,27,935,909
2026-04-02 13:02:53.327,1912.333656135,557415813,左脚+右脚,0.8466968155237047,0.9488225618533458,0.9297382831573486,0.4983878433704376,-0.16602228581905365,27,936,910
2026-04-02 13:02:53.357,1912.363655768,557449147,左脚+右脚,0.896235374245247,0.9198115212269109,0.9907711744308472,0.5245431661605835,-0.2891795039176941,27,937,911
2026-04-02 13:02:53.417,1912.423621363,557482481,左脚+右脚,0.9324406143359351,0.8433812040801636,1.086157202720642,0.374883770942688,-0.5638774037361145,27,938,912
2026-04-02 13:02:53.447,1912.453369212,557515815,左脚+右脚,0.966189876827797,0.4569488903164108,1.0124778747558594,-0.31117644906044006,0.08628750592470169,27,939,913
2026-04-02 13:02:53.477,1912.483678282,557549149,左脚+右脚,0.016454215480089962,0.8081223340017707,1.5079301595687866,0.7665261626243591,-2.0048091411590576,27,940,914
2026-04-02 13:02:53.537,1912.543423166,557582483,左脚+右脚,0.05931954347411869,0.8054784369882717,1.2859598398208618,0.6564847826957703,-1.8064000606536865,27,941,915
2026-04-02 13:02:53.538,1912.54454863,557615817,左脚+右脚,0.09927823904474653,0.8004180536267798,1.1987608671188354,0.5403159260749817,-1.648177981376648,27,942,916
2026-04-02 13:02:53.567,1912.573585855,557649151,左脚+右脚,0.1350509520701575,0.8142155127545804,1.073181390762329,0.6769793629646301,-1.5858070850372314,27,943,917
2026-04-02 13:02:53.597,1912.603603479,557682485,左脚+右脚,0.16714584393620568,0.8334839508293337,0.9628467559814453,0.7786491513252258,-1.345717191696167,27,944,918
2026-04-02 13:02:53.627,1912.633338135,557715819,左脚+右脚,0.1955096161695329,0.8452021193549304,0.8509131669998169,0.590341329574585,-0.8662923574447632,27,945,919
2026-04-02 13:02:53.657,1912.663449714,557749153,左脚+右脚,0.23073564234693922,0.36113490911646945,0.7045205235481262,-0.15215620398521423,0.18127764761447906,27,946,920
2026-04-02 13:02:53.717,1912.723530587,557782487,左脚+右脚,0.2639729655118791,0.44791145834768,0.6647464632987976,-0.8831053972244263,0.2998061180114746,27,947,921
2026-04-02 13:02:53.747,1912.7533986,557815821,左脚+右脚,0.2988075918289033,0.45160508520907,0.6966925263404846,-1.292282223701477,0.40552589297294617,27,948,922
2026-04-02 13:02:53.777,1912.783534654,557849155,左脚+右脚,0.33658255103548446,0.45821351080207656,0.7554991841316223,-1.6042028665542603,0.43113958835601807,27,949,923
2026-04-02 13:02:53.807,1912.813591872,557882489,左脚+右脚,0.3739611900182573,0.4581029469228879,0.7475727796554565,-1.5889534950256348,0.42822501063346863,27,950,924
2026-04-02 13:02:53.837,1912.843580052,557915823,左脚+右脚,0.41003678801973736,0.4604573725281473,0.721511960029602,-1.5280907154083252,0.3876695930957794,27,951,925
2026-04-02 13:02:53.867,1912.87350129,557949157,左脚+右脚,0.45683635238130965,0.5193137307309217,0.9359912872314453,-1.7990217208862305,-0.21939243376255035,27,952,926
2026-04-02 13:02:53.897,1912.903530908,557982491,左脚+右脚,0.4949662940037258,0.3061277793957325,1.1438982486724854,-0.7049799561500549,1.9154603481292725,27,953,927
2026-04-02 13:02:53.927,1912.933526937,558015825,左脚+右脚,0.534232037895124,0.3135511039903857,1.1779723167419434,-0.7189878225326538,1.7038744688034058,27,954,928
2026-04-02 13:02:53.987,1912.993334785,558049159,左脚+右脚,0.5759420848222582,0.3227339535910216,1.2513014078140259,-0.8034707903862,1.6340038776397705,27,955,929
2026-04-02 13:02:54.017,1913.023578082,558082493,左脚+右脚,0.6150333579711127,0.29395372838269596,1.1727381944656372,-0.46936270594596863,1.6561170816421509,27,956,930
2026-04-02 13:02:54.047,1913.053558731,558115827,左脚+右脚,0.6520138756763942,0.29565914115132663,1.1094155311584473,-0.4739125967025757,1.606356143951416,27,957,931
2026-04-02 13:02:54.077,1913.083344711,558149161,左脚+右脚,0.6875588234595466,0.3119666083163759,1.0663484334945679,-0.5700167417526245,1.3892933130264282,27,958,932
2026-04-02 13:02:54.107,1913.113375857,558182495,左脚+右脚,0.7154734289975969,0.3735387638677664,0.83743816614151,-0.7209568023681641,0.7343183755874634,27,959,933
2026-04-02 13:02:54.137,1913.143592162,558215829,左脚+右脚,0.7408328648738074,0.45423544538693766,0.7607830762863159,-0.9032167792320251,0.26712048053741455,27,960,934
2026-04-02 13:02:54.167,1913.173529105,558249163,左脚+右脚,0.7656086322001624,0.4831299048468933,0.7432730197906494,-0.8757537007331848,0.09317731112241745,27,961,935
2026-04-02 13:02:54.198,1913.204295003,558282497,左脚+右脚,0.7899536149036892,0.48080991023129105,0.7303494811058044,-0.8446780443191528,0.10234341025352478,27,962,936
2026-04-02 13:02:54.227,1913.233465221,558315831,左脚+右脚,0.8147137817076849,0.4938548966780721,0.742805004119873,-0.7821083068847656,0.03021286055445671,27,963,937
2026-04-02 13:02:54.257,1913.263521797,558349165,左脚+右脚,0.8406016743512956,0.5032182343962843,0.7766367793083191,-0.7195120453834534,-0.014551065862178802,27,964,938
2026-04-02 13:02:54.317,1913.32334057,558382499,左脚+右脚,0.8830332911344377,0.278550503098842,0.8486323356628418,-0.17847289144992828,0.9842032194137573,27,965,939
2026-04-02 13:02:54.347,1913.353613203,558415833,左脚+右脚,0.9327280855508654,0.0930834796003841,0.9938958883285522,0.5682154297828674,0.3762369751930237,27,966,940
2026-04-02 13:02:54.438,1913.444264135,558449167,左脚+右脚,0.9776766991945116,0.10619126782007819,0.8989722728729248,0.4065825343132019,0.32028061151504517,27,967,941
2026-04-02 13:02:54.467,1913.473249182,558482501,左脚+右脚,0.02148699525316644,0.07783444331104787,0.8762059211730957,0.38762447237968445,0.2062806487083435,27,968,942
2026-04-02 13:02:54.468,1913.474577028,558515835,左脚+右脚,0.06624905827959467,0.0792448360846049,0.8952412605285645,0.2827513515949249,0.1537013202905655,27,969,943
2026-04-02 13:02:54.497,1913.503210489,558549169,左脚+右脚,0.09855496648271966,0.879495951393994,0.96917724609375,0.23413917422294617,-0.22127091884613037,27,970,944
2026-04-02 13:02:54.498,1913.504350065,558582503,左脚+右脚,0.13454864187359897,0.7382454267084049,1.0798102617263794,-0.053795795887708664,-0.7270611524581909,27,971,945
2026-04-02 13:02:54.527,1913.533474792,558615837,左脚+右脚,0.1701985574098437,0.6781524987863432,1.0694974660873413,-0.3735456168651581,-0.7704808712005615,27,972,946
2026-04-02 13:02:54.617,1913.623550667,558649171,左脚+右脚,0.21601305368860652,0.603922086377172,0.9162899255752563,-0.682179868221283,-0.521791398525238,27,973,947
2026-04-02 13:02:54.618,1913.624757278,558682505,左脚+右脚,0.259795311722359,0.5761089460151755,0.8756451606750488,-0.7198054194450378,-0.37309926748275757,27,974,948
2026-04-02 13:02:54.647,1913.65344196,558715839,左脚+右脚,0.30462178948839597,0.5801544473664713,0.8965295553207397,-0.6975259184837341,-0.384350061416626,27,975,949
2026-04-02 13:02:54.677,1913.683380456,558749173,左脚+右脚,0.3498104042144625,0.5905481625061249,0.9037722945213318,-0.652880072593689,-0.41749149560928345,27,976,950
2026-04-02 13:02:54.707,1913.713411882,558782507,左脚+右脚,0.3921418047281115,0.5813956340605733,0.8466280102729797,-0.7185161709785461,-0.403252512216568,27,977,951
2026-04-02 13:02:54.737,1913.743438907,558815841,左脚+右脚,0.4409084475370257,0.8644554144362759,0.9753328561782837,0.8129634261131287,-0.9285115003585815,27,978,952
2026-04-02 13:02:54.797,1913.803278412,558849175,左脚+右脚,0.4877273059221117,0.9374106539944296,0.9363771677017212,1.2255276441574097,-0.508436381816864,27,979,953
2026-04-02 13:02:54.798,1913.804502398,558882509,左脚+右脚,0.5323427534433214,0.9752730384519832,0.8923089504241943,1.3491069078445435,-0.2113056629896164,27,980,954
2026-04-02 13:02:54.857,1913.863407142,558915843,左脚+右脚,0.5748044497104494,0.011431857963419938,0.8492339253425598,1.0609155893325806,0.07633528113365173,27,981,955
2026-04-02 13:02:54.887,1913.893339603,558949177,左脚+右脚,0.6025668488276014,0.08641327315066333,0.8328719735145569,0.7770811915397644,0.4689277410507202,27,982,956
2026-04-02 13:02:54.917,1913.923729481,558982511,左脚+右脚,0.6293706006141513,0.13352724982389425,0.8041125535964966,0.6733129024505615,0.749624490737915,27,983,957
2026-04-02 13:02:54.947,1913.953765094,559015845,左脚+右脚,0.6541078832081962,0.15980511729427244,0.7421184778213501,0.5704807043075562,0.8965054154396057,27,984,958
2026-04-02 13:02:54.977,1913.983358051,559049179,左脚+右脚,0.675266431404353,0.2023592563345041,0.6347564458847046,0.4097362756729126,1.32768976688385,27,985,959
2026-04-02 13:02:55.037,1914.043507684,559082513,左脚+右脚,0.6963934467566022,0.18901372137422986,0.6338104605674744,0.7488455176353455,1.8576513528823853,27,986,960
2026-04-02 13:02:55.038,1914.044119559,559115847,左脚+右脚,0.7289765284788617,0.18411107501507226,0.6516616344451904,0.8873259425163269,2.019468069076538,27,987,961
2026-04-02 13:02:55.067,1914.0736242,559149181,左脚+右脚,0.7623110697996626,0.19643143439387203,0.6666908264160156,0.7219187617301941,2.063244342803955,27,988,962
2026-04-02 13:02:55.097,1914.10361602,559182515,左脚+右脚,0.796437315775157,0.22365368456801907,0.6825249195098877,0.33463069796562195,2.0029654502868652,27,989,963
2026-04-02 13:02:55.127,1914.13336554,559215849,左脚+右脚,0.83242840035081,0.25232699670238523,0.7198216915130615,-0.029979122802615166,2.050276041030884,27,990,964
2026-04-02 13:02:55.217,1914.223404122,559249183,左脚+右脚,0.8739657030832777,0.17023057050935986,0.830746054649353,1.1931331157684326,2.1777684688568115,27,991,965
2026-04-02 13:02:55.217,1914.223912469,559282517,左脚+右脚,0.9165855096113691,0.15345690491174463,0.8523961305618286,1.433176040649414,2.065490245819092,27,992,966
2026-04-02 13:02:55.247,1914.253174451,559315851,左脚+右脚,0.9573268340361127,0.14090832783662602,0.814826488494873,1.503308653831482,1.8384510278701782,27,993,967
2026-04-02 13:02:55.277,1914.283537293,559349185,左脚+右脚,0.0007182763350019883,0.1377155205947007,0.8678288459777832,1.3459240198135376,1.580202579498291,27,994,968
2026-04-02 13:02:55.307,1914.31353596,559382519,左脚+右脚,0.044598429037333534,0.13773250428310171,0.8776030540466309,1.3121258020401,1.5408543348312378,27,995,969
2026-04-02 13:02:55.337,1914.343537744,559415853,左脚+右脚,0.0862805174124251,0.14465531909297943,0.833641767501831,1.2969005107879639,1.6644980907440186,27,996,970
2026-04-02 13:02:55.367,1914.373201709,559449187,左脚+右脚,0.12655137939572436,0.15935025857836801,0.8054172396659851,1.0803158283233643,1.6870423555374146,27,997,971
2026-04-02 13:02:55.397,1914.403557476,559482521,左脚+右脚,0.16307466490388017,0.17844411293915877,0.7304657101631165,0.7288194894790649,1.5103174448013306,27,998,972
2026-04-02 13:02:55.427,1914.43332772,559515855,左脚+右脚,0.1967492000591765,0.1987589556510264,0.6734907031059265,0.4380892217159271,1.3133639097213745,27,999,973
2026-04-02 13:02:55.457,1914.463473384,559549189,左脚+右脚,0.21936323804974658,0.1864844759317029,0.678421139717102,0.570556104183197,1.352961778640747,27,1000,974
2026-04-02 13:02:55.517,1914.523645658,559582523,左脚+右脚,0.24377304477810963,0.16657373509778411,0.7322942018508911,0.7946469783782959,1.3745148181915283,27,1001,975
2026-04-02 13:02:55.547,1914.553626571,559615857,左脚+右脚,0.2702027039062987,0.14728500836860842,0.7928897738456726,1.056890845298767,1.4036933183670044,27,1002,976
2026-04-02 13:02:55.577,1914.583514112,559649191,左脚+右脚,0.29934796058456203,0.12448399925861173,0.8743577003479004,1.1171875,1.10996675491333,27,1003,977
2026-04-02 13:02:55.607,1914.613521463,559682525,左脚+右脚,0.3306795474223306,0.08649951602594837,0.9399476051330566,0.4105207324028015,0.24803128838539124,27,1004,978
2026-04-02 13:02:55.637,1914.643565545,559715859,左脚+右脚,0.3623985863061756,0.054554410881549706,0.9515711665153503,0.38248658180236816,0.1364952027797699,27,1005,979
2026-04-02 13:02:55.667,1914.67358518,559749193,左脚+右脚,0.39203347129941085,0.016461578199236715,0.8890465497970581,0.5190786719322205,0.05388117954134941,27,1006,980
2026-04-02 13:02:55.697,1914.703429433,559782527,左脚+右脚,0.4209022438855976,0.04887897838509667,0.8660631775856018,0.3102128505706787,0.09838405251502991,27,1007,981
2026-04-02 13:02:55.727,1914.733666488,559815861,左脚+右脚,0.4503294623227924,0.9570538145084714,0.8828165531158447,0.3300860524177551,-0.0912967324256897,27,1008,982
2026-04-02 13:02:55.757,1914.763705957,559849195,左脚+右脚,0.49685248497446477,0.8216685422311556,0.9304604530334473,0.19797280430793762,-0.40951409935951233,27,1009,983
2026-04-02 13:02:55.820,1914.826364203,559882529,左脚+右脚,0.5495873010488361,0.7515690412492064,1.0546963214874268,0.008016806095838547,-0.8131545186042786,27,1010,984
2026-04-02 13:02:55.877,1914.883446906,559915863,左脚+右脚,0.6045677638383716,0.7170400953726139,1.0996092557907104,-0.1723477691411972,-0.8202917575836182,27,1011,985
2026-04-02 13:02:55.878,1914.88411196,559949197,左脚+右脚,0.636079336835147,0.5975847231202476,0.9453471899032593,-0.7317457795143127,-0.5148617029190063,27,1012,986
2026-04-02 13:02:55.907,1914.913451116,559982531,左脚+右脚,0.6662262177797168,0.5816215406448024,0.9044064283370972,-0.7599533796310425,-0.4279278814792633,27,1013,987
2026-04-02 13:02:55.939,1914.945284216,560015865,左脚+右脚,0.696608115864993,0.5774105675143999,0.9114569425582886,-0.762782096862793,-0.4033237099647522,27,1014,988
2026-04-02 13:02:55.967,1914.973576264,560049199,左脚+右脚,0.7275964157116422,0.5859430554149667,0.9296489953994751,-0.7546315789222717,-0.4523445665836334,27,1015,989
2026-04-02 13:02:55.997,1915.003373907,560082533,左脚+右脚,0.7614575521481046,0.7114392101651646,1.015834093093872,-0.22819112241268158,-0.9233293533325195,27,1016,990
2026-04-02 13:02:56.057,1915.063230148,560115867,左脚+右脚,0.8134722368252286,0.8670249743966676,1.0402936935424805,0.5067839622497559,-0.5602987408638,27,1017,991
2026-04-02 13:02:56.057,1915.063779588,560149201,左脚+右脚,0.8628946618568906,0.9690250541214429,0.9884485006332397,0.9291845560073853,-0.18315750360488892,27,1018,992
2026-04-02 13:02:56.177,1915.183346187,560182535,左脚+右脚,0.9096343354713925,0.9829959093295777,0.9347934722900391,1.208229660987854,-0.12958049774169922,27,1019,993
2026-04-02 13:02:56.178,1915.184408247,560215869,左脚+右脚,0.956861998273135,0.9990456034996475,0.9445532560348511,1.0064626932144165,-0.006035476922988892,27,1020,994
2026-04-02 13:02:56.237,1915.243425061,560249203,左脚+右脚,0.002618919445277035,0.05687259768776945,0.9151384234428406,0.8958169221878052,0.33447137475013733,27,1021,995
2026-04-02 13:02:56.237,1915.244036536,560282537,左脚+右脚,0.046098216010332885,0.12440654669609828,0.8695859313011169,0.702479362487793,0.6972600221633911,27,1022,996
2026-04-02 13:02:56.267,1915.273464692,560315871,左脚+右脚,0.08394693000435907,0.17154276820106906,0.7569742798805237,0.5253794193267822,0.9779995679855347,27,1023,997
2026-04-02 13:02:56.267,1915.273927863,560349205,左脚+右脚,0.119623725248576,0.16167898086858587,0.7135359048843384,1.143054723739624,1.8438770771026611,27,1024,998
2026-04-02 13:02:56.297,1915.303388263,560382539,左脚+右脚,0.13946877870286434,0.13946877870286434,0.735543966293335,1.3836437463760376,1.661217212677002,27,1025,999
2026-04-02 13:02:56.327,1915.333604559,560415873,左脚+右脚,0.15430571598173637,0.1543057159817364,0.7278177738189697,1.232313632965088,1.7963876724243164,27,1026,1000
2026-04-02 13:02:56.387,1915.393696158,560449207,左脚+右脚,0.18835329883343988,0.18835329883343988,0.7221133708953857,0.8243416547775269,2.02071213722229,27,1027,1001
2026-04-02 13:02:56.447,1915.453312303,560482541,左脚+右脚,0.22330148098096358,0.2233014809809636,0.7136192321777344,0.3459247648715973,2.042743682861328,27,1028,1002
2026-04-02 13:02:56.448,1915.454637525,560515875,左脚+右脚,0.2507317828856419,0.20715108507408928,0.8229090571403503,0.648154616355896,2.3490090370178223,27,1029,1003
2026-04-02 13:02:56.477,1915.483682155,560549209,左脚+右脚,0.28095820821548606,0.16763147693681427,0.9067927598953247,1.2328927516937256,2.1656460762023926,27,1030,1004
2026-04-02 13:02:56.507,1915.513672491,560582543,左脚+右脚,0.31040031589294576,0.14702779728931617,0.8832632303237915,1.428062915802002,1.8902945518493652,27,1031,1005
2026-04-02 13:02:56.537,1915.543297393,560615877,左脚+右脚,0.3397003678205123,0.14173372563066045,0.8790015578269958,1.3842370510101318,1.7108638286590576,27,1032,1006
2026-04-02 13:02:56.567,1915.573569767,560649211,左脚+右脚,0.3702332683128625,0.13985343120881222,0.9159870147705078,1.341837763786316,1.6189652681350708,27,1033,1007
2026-04-02 13:02:56.597,1915.603550088,560682545,左脚+右脚,0.39967170831784704,0.14158511902688967,0.8831532001495361,1.3842662572860718,1.7076367139816284,27,1034,1008
2026-04-02 13:02:56.657,1915.663345841,560715879,左脚+右脚,0.4284192232015242,0.1526649172685929,0.8624254465103149,1.2532949447631836,1.7871919870376587,27,1035,1009
2026-04-02 13:02:56.687,1915.69341654,560749213,左脚+右脚,0.4558259951792667,0.1788056217352318,0.8222031593322754,0.8113635778427124,1.6911752223968506,27,1036,1010
2026-04-02 13:02:56.717,1915.723526565,560782547,左脚+右脚,0.4786325800143192,0.19320358841444205,0.6841975450515747,0.5559301376342773,1.4911292791366577,27,1037,1011
2026-04-02 13:02:56.747,1915.753527021,560815881,左脚+右脚,0.5015917606872826,0.1819751113641378,0.6887754201889038,0.6802006959915161,1.4933266639709473,27,1038,1012
2026-04-02 13:02:56.777,1915.783355576,560849215,左脚+右脚,0.5264024086517601,0.16477770991773813,0.7443194389343262,0.9120760560035706,1.5373318195343018,27,1039,1013
2026-04-02 13:02:56.807,1915.813604265,560882549,左脚+右脚,0.5533347634198774,0.14611299486248863,0.8079706430435181,1.1953191757202148,1.5634509325027466,27,1040,1014
2026-04-02 13:02:56.837,1915.843536189,560915883,左脚+右脚,0.5828202593050906,0.12491652098970159,0.8845648765563965,1.3748292922973633,1.3733878135681152,27,1041,1015
2026-04-02 13:02:56.867,1915.873417948,560949217,左脚+右脚,0.6152973282061527,0.11454399899620583,0.9743120670318604,0.8606418371200562,0.7543864250183105,27,1042,1016
2026-04-02 13:02:56.897,1915.903478285,560982551,左脚+右脚,0.6633740710936497,0.09601194824500597,0.961534857749939,0.5073932409286499,0.34956076741218567,27,1043,1017
2026-04-02 13:02:56.927,1915.933561151,561015885,左脚+右脚,0.7109405624590824,0.05563007000917704,0.9513298273086548,0.6393839716911316,0.23305580019950867,27,1044,1018
2026-04-02 13:02:56.988,1915.994337357,561049219,左脚+右脚,0.7539814579211186,0.114170486860426,0.8608179092407227,0.4037315845489502,0.3522145748138428,27,1045,1019
2026-04-02 13:02:57.017,1916.023499699,561082553,左脚+右脚,0.797828458520026,0.07731007613355989,0.8769400119781494,0.5017719268798828,0.26490840315818787,27,1046,1020
2026-04-02 13:02:57.047,1916.053556161,561115887,左脚+右脚,0.8438004302702854,0.9988854428537868,0.919439435005188,0.3805622160434723,-0.0026651090011000633,27,1047,1021
2026-04-02 13:02:57.077,1916.083587299,561149221,左脚+右脚,0.8776162671767185,0.8101989487372896,1.0144751071929932,0.1746426224708557,-0.43949103355407715,27,1048,1022
2026-04-02 13:02:57.109,1916.11538085,561182555,左脚+右脚,0.9125697183333347,0.6599294544396943,1.0486035346984863,-0.510823667049408,-0.8041412234306335,27,1049,1023
2026-04-02 13:02:57.137,1916.143368092,561215889,左脚+右脚,0.9455680179320285,0.6175887456303584,0.9899489879608154,-0.7255612015724182,-0.6609498262405396,27,1050,1024
2026-04-02 13:02:57.167,1916.173592586,561249223,左脚+右脚,0.9767603126886,0.5935398968788608,0.9357688426971436,-0.7523732781410217,-0.5012843608856201,27,1051,1025
2026-04-02 13:02:57.197,1916.203586349,561282557,左脚+右脚,0.006761158279827262,0.5817348865302039,0.9000253677368164,-0.7964276671409607,-0.44921380281448364,27,1052,1026
2026-04-02 13:02:57.228,1916.234313284,561315891,左脚+右脚,0.036766474219412634,0.5876755493157253,0.900159478187561,-0.8038105368614197,-0.49379611015319824,27,1053,1027
2026-04-02 13:02:57.287,1916.293588681,561349225,左脚+右脚,0.06517167366768026,0.5764067769677408,0.8521559834480286,-0.856428325176239,-0.4459507167339325,27,1054,1028
2026-04-02 13:02:57.317,1916.323534106,561382559,左脚+右脚,0.10116858360394938,0.8439973519694649,1.0799072980880737,0.4574083983898163,-0.6822622418403625,27,1055,1029
2026-04-02 13:02:57.347,1916.353286955,561415893,左脚+右脚,0.1352714446904769,0.9552614534395794,1.0230858325958252,0.938486635684967,-0.2709845304489136,27,1056,1030
2026-04-02 13:02:57.407,1916.413432822,561449227,左脚+右脚,0.16709681230013673,0.9927416884166659,0.9547610282897949,1.1626490354537964,-0.05305976793169975,27,1057,1031
2026-04-02 13:02:57.407,1916.414072939,561482561,左脚+右脚,0.19953870651349528,0.9931641761861136,0.9732568264007568,1.0946208238601685,-0.04704371467232704,27,1058,1032
2026-04-02 13:02:57.437,1916.443533123,561515895,左脚+右脚,0.23062567588910562,0.04679496561875325,0.9326090812683105,0.9661664962768555,0.2925529181957245,27,1059,1033
2026-04-02 13:02:57.497,1916.503347996,561549229,左脚+右脚,0.2609584041160852,0.10302597536097585,0.9099818468093872,0.8324331045150757,0.6293210387229919,27,1060,1034
2026-04-02 13:02:57.497,1916.503912775,561582563,左脚+右脚,0.2863697516642521,0.1591222211418354,0.7623404264450073,0.5532261729240417,0.8612092137336731,27,1061,1035
2026-04-02 13:02:57.557,1916.563342207,561615897,左脚+右脚,0.31127148943369687,0.15477449459622122,0.7470521330833435,1.1338557004928589,1.6633435487747192,27,1062,1036
2026-04-02 13:02:57.557,1916.563882984,561649231,左脚+右脚,0.335729963354519,0.13964888539036097,0.7337542176246643,1.455454707145691,1.7514609098434448,27,1063,1037
2026-04-02 13:02:57.617,1916.623633296,561682565,左脚+右脚,0.3602820205412815,0.15294260565398626,0.7365617156028748,1.3117461204528809,1.8775030374526978,27,1064,1038
2026-04-02 13:02:57.677,1916.683401665,561715899,左脚+右脚,0.3850558328352878,0.18277900709643266,0.7432143688201904,0.9375820159912109,2.0862576961517334,27,1065,1039
2026-04-02 13:02:57.677,1916.683965411,561749233,左脚+右脚,0.40933603919769423,0.21310662834272354,0.7284061908721924,0.4966207444667816,2.1038689613342285,27,1066,1040
2026-04-02 13:02:57.707,1916.713702382,561782567,左脚+右脚,0.43371233420794303,0.2293861403395603,0.7312888503074646,0.2903153896331787,2.2289113998413086,27,1067,1041
2026-04-02 13:02:57.737,1916.74369298,561815901,左脚+右脚,0.46434513208493683,0.1676076139194271,0.9189839363098145,1.2281969785690308,2.1566455364227295,27,1068,1042
2026-04-02 13:02:57.767,1916.773657755,561849235,左脚+右脚,0.4934416858079542,0.14256814849432325,0.8728966116905212,1.491088628768921,1.8628169298171997,27,1069,1043
2026-04-02 13:02:57.797,1916.803682434,561882569,左脚+右脚,0.5233653890810916,0.14394143292976352,0.8977110981941223,1.379481554031372,1.754199743270874,27,1070,1044
2026-04-02 13:02:57.827,1916.833406845,561915903,左脚+右脚,0.5541568227333337,0.13835715182393038,0.9237430095672607,1.4134114980697632,1.6730544567108154,27,1071,1045
2026-04-02 13:02:57.857,1916.86359948,561949237,左脚+右脚,0.5851073272747308,0.14552027374518312,0.9285151362419128,1.3833445310592651,1.7954859733581543,27,1072,1046
2026-04-02 13:02:57.917,1916.923612975,561982571,左脚+右脚,0.6144472189468652,0.15003429042213423,0.880196750164032,1.3183730840682983,1.8154072761535645,27,1073,1047
2026-04-02 13:02:57.947,1916.953347003,562015905,左脚+右脚,0.6422050185722619,0.1713496876852694,0.8327339887619019,0.9485406875610352,1.7605922222137451,27,1074,1048
2026-04-02 13:02:57.977,1916.983476102,562049239,左脚+右脚,0.6638242689492811,0.19809198136109885,0.6485775113105774,0.4971615970134735,1.469908356666565,27,1075,1049
2026-04-02 13:02:58.007,1917.013534216,562082573,左脚+右脚,0.6864335266473403,0.18603127373594977,0.6782777309417725,0.6255000829696655,1.4715330600738525,27,1076,1050
2026-04-02 13:02:58.037,1917.043411325,562115907,左脚+右脚,0.7227292803647627,0.17171606401292633,0.7259150743484497,0.8078505396842957,1.507758378982544,27,1077,1051
2026-04-02 13:02:58.067,1917.073439477,562149241,左脚+右脚,0.7621872929456343,0.15180446208976917,0.7891602516174316,1.101032018661499,1.5521467924118042,27,1078,1052
2026-04-02 13:02:58.097,1917.103619768,562182575,左脚+右脚,0.8051462677838911,0.13217966564243955,0.8591794967651367,1.3303083181381226,1.4560914039611816,27,1079,1053
2026-04-02 13:02:58.127,1917.133664371,562215909,左脚+右脚,0.8525428084256758,0.10743202783617128,0.9479308128356934,1.3044687509536743,1.0441621541976929,27,1080,1054
2026-04-02 13:02:58.157,1917.163364775,562249243,左脚+右脚,0.8996488360288252,0.07188493308526339,0.9421205520629883,0.6203041076660156,0.3009169101715088,27,1081,1055
2026-04-02 13:02:58.217,1917.223581131,562282577,左脚+右脚,0.944479942095529,0.07451843810364496,0.8966221213340759,0.4883308708667755,0.24695870280265808,27,1082,1056
2026-04-02 13:02:58.247,1917.253682802,562315911,左脚+右脚,0.9853333470943083,0.07655196209174508,0.8170680999755859,0.38172340393066406,0.1992100030183792,27,1083,1057
2026-04-02 13:02:58.277,1917.283497134,562349245,左脚+右脚,0.02693305887008801,0.03481491927097629,0.8319942355155945,0.4193795919418335,0.09323051571846008,27,1084,1058
2026-04-02 13:02:58.307,1917.313543416,562382579,左脚+右脚,0.05590497530723706,0.9524691998689153,0.8691574931144714,0.3221348524093628,-0.09916986525058746,27,1085,1059
2026-04-02 13:02:58.337,1917.343593906,562415913,左脚+右脚,0.08810685751065706,0.8299246517024835,0.9660564661026001,0.2250438928604126,-0.4098127782344818,27,1086,1060
2026-04-02 13:02:58.367,1917.373594105,562449247,左脚+右脚,0.12262964921419914,0.7197269237815278,1.0356837511062622,-0.15589839220046997,-0.809697687625885,27,1087,1061
2026-04-02 13:02:58.427,1917.433491309,562482581,左脚+右脚,0.15757307884320712,0.6643035407030665,1.0483028888702393,-0.47686395049095154,-0.7983388900756836,27,1088,1062
2026-04-02 13:02:58.427,1917.434089732,562515915,左脚+右脚,0.20262556848153568,0.6050328005366523,0.901049792766571,-0.7124837040901184,-0.5528942346572876,27,1089,1063
2026-04-02 13:02:58.487,1917.49369546,562549249,左脚+右脚,0.24704148647412755,0.5823044959060097,0.8883183598518372,-0.7406742572784424,-0.42126813530921936,27,1090,1064
2026-04-02 13:02:58.517,1917.523430305,562582583,左脚+右脚,0.29029240486249425,0.5789349890574819,0.865018367767334,-0.8497291207313538,-0.4597649574279785,27,1091,1065
2026-04-02 13:02:58.547,1917.553732812,562615917,左脚+右脚,0.325448448233059,0.823366969881799,1.0546813011169434,0.4456585645675659,-0.8972971439361572,27,1092,1066
2026-04-02 13:02:58.637,1917.643262134,562649251,左脚+右脚,0.3589793669901798,0.9231609626914745,1.005927562713623,0.7168323993682861,-0.37574002146720886,27,1093,1067
2026-04-02 13:02:58.638,1917.644369548,562682585,左脚+右脚,0.3894440201642622,0.97456401003372,0.9139395952224731,1.2308963537216187,-0.19841285049915314,27,1094,1068
2026-04-02 13:02:58.667,1917.673505144,562715919,左脚+右脚,0.4200426665666212,0.97870277451459,0.9179593920707703,1.255309820175171,-0.1689884066581726,27,1095,1069
2026-04-02 13:02:58.668,1917.67468293,562749253,左脚+右脚,0.45067433394218576,0.0035456498621170922,0.9189500212669373,1.1751185655593872,0.0261835940182209,27,1096,1070
2026-04-02 13:02:58.727,1917.733584656,562782587,左脚+右脚,0.48011986689989855,0.05251281642331094,0.8833659887313843,1.0641118288040161,0.36442264914512634,27,1097,1071
2026-04-02 13:02:58.728,1917.734193537,562815921,左脚+右脚,0.5074512469492861,0.11341020321073579,0.8199414014816284,0.8072561621665955,0.6974855065345764,27,1098,1072
2026-04-02 13:02:58.787,1917.793699932,562849255,左脚+右脚,0.5292267687839775,0.16684851654951388,0.653265655040741,1.1835963726043701,2.055469274520874,27,1099,1073
2026-04-02 13:02:58.817,1917.823553442,562882589,左脚+右脚,0.5521996585252392,0.15819731956569485,0.689186692237854,1.4546582698822021,2.2357919216156006,27,1100,1074
2026-04-02 13:02:58.847,1917.853487008,562915923,左脚+右脚,0.5753862110498059,0.16684567939608191,0.6955965757369995,1.3005322217941284,2.258450508117676,27,1101,1075
2026-04-02 13:02:58.877,1917.883552631,562949257,左脚+右脚,0.5993451642714449,0.17793210871175225,0.7187685966491699,1.0129402875900269,2.0819568634033203,27,1102,1076
2026-04-02 13:02:58.907,1917.913315518,562982591,左脚+右脚,0.6236094363254814,0.20275658082104558,0.7279281616210938,0.6446186900138855,2.1074488162994385,27,1103,1077
2026-04-02 13:02:58.937,1917.943641369,563015925,左脚+右脚,0.6475188342454541,0.22070739270087436,0.7172819375991821,0.4158805012702942,2.234023094177246,27,1104,1078
2026-04-02 13:02:58.967,1917.973508999,563049259,左脚+右脚,0.6770913211228955,0.17139083509772127,0.8871746063232422,1.2450110912322998,2.3123042583465576,27,1105,1079
2026-04-02 13:02:58.997,1918.003546198,563082593,左脚+右脚,0.7209239659431088,0.15606795309754215,0.8766528964042664,1.3766635656356812,2.055229663848877,27,1106,1080
2026-04-02 13:02:59.027,1918.033663839,563115927,左脚+右脚,0.7644282159926998,0.1447107409306488,0.8700850009918213,1.3426783084869385,1.7244895696640015,27,1107,1081
2026-04-02 13:02:59.087,1918.093304561,563149261,左脚+右脚,0.8108206865909207,0.14521981931469963,0.9278494119644165,1.2907274961471558,1.6687499284744263,27,1108,1082
2026-04-02 13:02:59.117,1918.123606415,563182595,左脚+右脚,0.8563791689994442,0.14704281784200396,0.9111696481704712,1.3557120561599731,1.794877529144287,27,1109,1083
2026-04-02 13:02:59.147,1918.153583172,563215929,左脚+右脚,0.9013184306743252,0.15328885568015777,0.8987852334976196,1.2957783937454224,1.8632694482803345,27,1110,1084
2026-04-02 13:02:59.177,1918.183528676,563249263,左脚+右脚,0.9467487034919368,0.16410149007237684,0.9086054563522339,1.1384508609771729,1.9004461765289307,27,1111,1085
2026-04-02 13:02:59.207,1918.213272129,563282597,左脚+右脚,0.9799203304174053,0.1866242026949924,0.6634325385093689,0.6028798222541809,1.4331239461898804,27,1112,1086
2026-04-02 13:02:59.237,1918.243632142,563315931,左脚+右脚,0.014033639204751314,0.17434827629729507,0.6822661757469177,0.752294659614563,1.4616340398788452,27,1113,1087
2026-04-02 13:02:59.267,1918.27354119,563349265,左脚+右脚,0.05093760467792636,0.15770148823697078,0.738079309463501,1.0047577619552612,1.5338256359100342,27,1114,1088
2026-04-02 13:02:59.327,1918.333204573,563382599,左脚+右脚,0.09042483843589907,0.14395794368251877,0.7897446751594543,1.2796614170074463,1.6276122331619263,27,1115,1089
2026-04-02 13:02:59.327,1918.333722314,563415933,左脚+右脚,0.12432467915120568,0.12432467915120567,0.8703036904335022,1.4359946250915527,1.423859715461731,27,1116,1090
2026-04-02 13:02:59.387,1918.393628997,563449267,左脚+右脚,0.1561939435949211,0.10660551838209155,0.9560779333114624,1.3954706192016602,1.1051636934280396,27,1117,1091
2026-04-02 13:02:59.417,1918.423554773,563482601,左脚+右脚,0.18948183832072063,0.08087318289963659,0.9986368417739868,0.7840620875358582,0.4366605281829834,27,1118,1092
2026-04-02 13:02:59.447,1918.453230562,563515935,左脚+右脚,0.2221855439494336,0.0677026788290544,0.9811111688613892,0.7691907286643982,0.3484828472137451,27,1119,1093
2026-04-02 13:02:59.477,1918.483591368,563549269,左脚+右脚,0.2511961060514335,0.10744517703851078,0.8703168630599976,0.5833833813667297,0.46704837679862976,27,1120,1094
2026-04-02 13:02:59.507,1918.513383831,563582603,左脚+右脚,0.28078004099431475,0.06076134478741006,0.887518048286438,0.6808250546455383,0.27333226799964905,27,1121,1095
2026-04-02 13:02:59.537,1918.543538265,563615937,左脚+右脚,0.31180216449005244,0.9979309637141257,0.9306637048721313,0.535325825214386,-0.0069597018882632256,27,1122,1096
2026-04-02 13:02:59.597,1918.603554884,563649271,左脚+右脚,0.3458613274246736,0.8663520196338778,1.0217748880386353,0.3478584885597229,-0.38787534832954407,27,1123,1097
2026-04-02 13:02:59.627,1918.633538052,563682605,左脚+右脚,0.4049732980877443,0.7264683288749894,1.1822394132614136,-0.15891093015670776,-1.0669405460357666,27,1124,1098
2026-04-02 13:02:59.657,1918.663442926,563715939,左脚+右脚,0.45721311546864946,0.6156757102983291,1.044796347618103,-0.7769870758056641,-0.6908910870552063,27,1125,1099
2026-04-02 13:02:59.657,1918.663992832,563749273,左脚+右脚,0.5058309672028108,0.579342079219124,0.9723570346832275,-0.8202766180038452,-0.44654515385627747,27,1126,1100
2026-04-02 13:02:59.717,1918.723525186,563782607,左脚+右脚,0.5510685680061861,0.5608858342809699,0.9047520160675049,-0.7917701601982117,-0.31859299540519714,27,1127,1101
2026-04-02 13:02:59.747,1918.753465162,563815941,左脚+右脚,0.5813322899490877,0.5558115673840266,0.9079116582870483,-0.7900921106338501,-0.2890101373195648,27,1128,1102
2026-04-02 13:02:59.777,1918.783587843,563849275,左脚+右脚,0.61133959867063,0.5528687944031848,0.9002192616462708,-0.7739591598510742,-0.26699069142341614,27,1129,1103
2026-04-02 13:02:59.808,1918.814779401,563882609,左脚+右脚,0.6409629680464947,0.5603331231555686,0.8887010812759399,-0.7636805772781372,-0.3042130768299103,27,1130,1104
2026-04-02 13:02:59.837,1918.843539847,563915943,左脚+右脚,0.6692218480259462,0.5553789969343177,0.8477663993835449,-0.7731439471244812,-0.28043046593666077,27,1131,1105
2026-04-02 13:02:59.927,1918.933996493,563949277,左脚+右脚,0.7202238617092653,0.8381110392723289,1.0200402736663818,0.5553728342056274,-0.8985244631767273,27,1132,1106
2026-04-02 13:02:59.928,1918.934570535,563982611,左脚+右脚,0.7706101415306612,0.9213724537720279,1.0077255964279175,0.9052071571350098,-0.4875244200229645,27,1133,1107
2026-04-02 13:02:59.957,1918.963545183,564015945,左脚+右脚,0.8176710603386446,0.9911602665098758,0.941218376159668,1.1080530881881714,-0.06160649657249451,27,1134,1108
2026-04-02 13:02:59.987,1918.993522971,564049279,左脚+右脚,0.8613154945522828,0.0702572826994457,0.8728886842727661,0.7497785091400146,0.3543005585670471,27,1135,1109
2026-04-02 13:03:00.017,1919.023613939,564082613,左脚+右脚,0.9055504260212465,0.11458025470633734,0.8846986293792725,0.6891039609909058,0.6043043732643127,27,1136,1110
2026-04-02 13:03:00.047,1919.053288569,564115947,左脚+右脚,0.9486737666279359,0.12600358397261174,0.8624668121337891,0.7078106999397278,0.716793954372406,27,1137,1111
2026-04-02 13:03:00.077,1919.083713099,564149281,左脚+右脚,0.9903505263477845,0.13441008205162872,0.8335351943969727,0.670322060585022,0.7546736598014832,27,1138,1112
2026-04-02 13:03:00.107,1919.113618301,564182615,左脚+右脚,0.02841444589200459,0.15944208992613787,0.7612783908843994,0.5844371318817139,0.9138290882110596,27,1139,1113
2026-04-02 13:03:00.137,1919.143615259,564215949,左脚+右脚,0.060745951309828385,0.20004948696709238,0.6466301083564758,0.43765583634376526,1.3483926057815552,27,1140,1114
2026-04-02 13:03:00.167,1919.173431764,564249283,左脚+右脚,0.08843383766713582,0.21260875121661849,0.5537577271461487,0.4853452146053314,2.0277111530303955,27,1141,1115
2026-04-02 13:03:00.197,1919.203623722,564282617,左脚+右脚,0.11926755286756002,0.2098026299900796,0.6166743040084839,0.5649970769882202,2.189243793487549,27,1142,1116
2026-04-02 13:03:00.227,1919.233608256,564315951,左脚+右脚,0.15011150218549216,0.22283277951068084,0.6168789863586426,0.38338300585746765,2.224133253097534,27,1143,1117
2026-04-02 13:03:00.257,1919.263633041,564349285,左脚+右脚,0.18546453393998585,0.21693698467577532,0.7070606350898743,0.5098536610603333,2.4188671112060547,27,1144,1118
2026-04-02 13:03:00.317,1919.323770781,564382619,左脚+右脚,0.2143150714785143,0.18291323518351468,0.8655161261558533,1.0362046957015991,2.3109183311462402,27,1145,1119
2026-04-02 13:03:00.347,1919.353609176,564415953,左脚+右脚,0.2416596758117561,0.1586029495309305,0.8203381299972534,1.3693004846572876,2.1163783073425293,27,1146,1120
2026-04-02 13:03:00.379,1919.385349416,564449287,左脚+右脚,0.2691497313728218,0.15216657779999743,0.8247016668319702,1.46572744846344,2.0762596130371094,27,1147,1121
2026-04-02 13:03:00.410,1919.416671466,564482621,左脚+右脚,0.29640012857817455,0.1499414796818698,0.8175119161605835,1.444010615348816,1.9859740734100342,27,1148,1122
2026-04-02 13:03:00.437,1919.443605413,564515955,左脚+右脚,0.3237854031473681,0.15320834091058655,0.8215582370758057,1.379992127418518,1.9822248220443726,27,1149,1123
2026-04-02 13:03:00.467,1919.473612519,564549289,左脚+右脚,0.3505714165916328,0.1572813410113545,0.8035804033279419,1.3099123239517212,1.9881929159164429,27,1150,1124
2026-04-02 13:03:00.497,1919.503395246,564582623,左脚+右脚,0.37691187339527255,0.15966118075968078,0.7902137041091919,1.1518306732177734,1.8064826726913452,27,1151,1125
2026-04-02 13:03:00.527,1919.53355978,564615957,左脚+右脚,0.40291670439146804,0.1653470342159327,0.7801449298858643,1.0201826095581055,1.733651041984558,27,1152,1126
2026-04-02 13:03:00.587,1919.593690874,564649291,左脚+右脚,0.42596572515868,0.18545079456010352,0.6914706230163574,0.6685718297958374,1.5570635795593262,27,1153,1127
2026-04-02 13:03:00.617,1919.623253067,564682625,左脚+右脚,0.44403877533975095,0.20235925265513252,0.5421915054321289,0.4235377013683319,1.3724111318588257,27,1154,1128
2026-04-02 13:03:00.647,1919.653652479,564715959,左脚+右脚,0.46092360295358153,0.21406955783471165,0.506544828414917,0.30054253339767456,1.3085681200027466,27,1155,1129
2026-04-02 13:03:00.677,1919.683691475,564749293,左脚+右脚,0.47821326730154806,0.20328730266586667,0.5186899304389954,0.39103344082832336,1.2938127517700195,27,1156,1130
2026-04-02 13:03:00.707,1919.713644782,564782627,左脚+右脚,0.49630832153064863,0.20538495415511965,0.5428516268730164,0.3438906669616699,1.1944555044174194,27,1157,1131
2026-04-02 13:03:00.738,1919.744189822,564815961,左脚+右脚,0.5202295926958607,0.39431395785346407,0.7176381349563599,-0.4073822498321533,0.31882011890411377,27,1158,1132
2026-04-02 13:03:00.767,1919.773556677,564849295,左脚+右脚,0.5449536589533375,0.40301209400765053,0.7417219877243042,-0.2160235047340393,0.15078780055046082,27,1159,1133
2026-04-02 13:03:00.797,1919.803553973,564882629,左脚+右脚,0.5699962246169931,0.08616136161182193,0.751276969909668,0.11056838929653168,0.06648371368646622,27,1160,1134
2026-04-02 13:03:00.827,1919.833621231,564915963,左脚+右脚,0.6092006313552744,0.017191889219807174,0.784088134765625,0.39370831847190857,0.042694490402936935,27,1161,1135
2026-04-02 13:03:00.887,1919.893619008,564949297,左脚+右脚,0.6509675192584878,0.009204515421265323,0.83533775806427,0.4882260859012604,0.028267432004213333,27,1162,1136
2026-04-02 13:03:00.917,1919.923624255,564982631,左脚+右脚,0.6967581826200372,0.019092869589242452,0.9158132672309875,0.5068057179450989,0.06109180673956871,27,1163,1137
2026-04-02 13:03:00.947,1919.953679262,565015965,左脚+右脚,0.7465776401510126,0.9810753970511464,0.9963891506195068,0.41147783398628235,-0.04915941134095192,27,1164,1138
2026-04-02 13:03:00.977,1919.983318043,565049299,左脚+右脚,0.7993897336473352,0.813234626301948,1.0562418699264526,0.25693967938423157,-0.6122980713844299,27,1165,1139
2026-04-02 13:03:01.007,1920.013728596,565082633,左脚+右脚,0.837760466113715,0.7049748114231116,1.151121973991394,-0.2703193426132202,-0.9298959374427795,27,1166,1140
2026-04-02 13:03:01.037,1920.043599786,565115967,左脚+右脚,0.8753626841058618,0.6561280825885355,1.1280665397644043,-0.5720449686050415,-0.8547077178955078,27,1167,1141
2026-04-02 13:03:01.067,1920.073487555,565149301,左脚+右脚,0.911161619201331,0.6514639838529679,1.0739680528640747,-0.5331581234931946,-0.748206615447998,27,1168,1142
2026-04-02 13:03:01.097,1920.10335064,565182635,左脚+右脚,0.944528207952806,0.6448078717418824,1.0009976625442505,-0.5334100723266602,-0.6859566569328308,27,1169,1143
2026-04-02 13:03:01.127,1920.133769608,565215969,左脚+右脚,0.9760250009844985,0.6592394023514452,0.9449037909507751,-0.4309600591659546,-0.6719645857810974,27,1170,1144
2026-04-02 13:03:01.188,1920.194392349,565249303,左脚+右脚,0.0044107673317479446,0.5023198352143152,0.8515729904174805,-0.7856051921844482,-0.011451756581664085,27,1171,1145
2026-04-02 13:03:01.217,1920.223555095,565282637,左脚+右脚,0.04645687915387624,0.4925238705350885,0.8409222364425659,-0.7775847911834717,0.03655308485031128,27,1172,1146
2026-04-02 13:03:01.247,1920.253667024,565315971,左脚+右脚,0.08779952503743642,0.48173721727692476,0.8268529176712036,-0.7760212421417236,0.08944013714790344,27,1173,1147
2026-04-02 13:03:01.277,1920.283635098,565349305,左脚+右脚,0.12877653516831866,0.478395692686066,0.8195402026176453,-0.7838928699493408,0.10706707835197449,27,1174,1148
2026-04-02 13:03:01.307,1920.3133604,565382639,左脚+右脚,0.17012153543534747,0.48988286194832253,0.8269000053405762,-0.8187233209609985,0.05211469903588295,27,1175,1149
2026-04-02 13:03:01.337,1920.343649535,565415973,左脚+右脚,0.21170988954606523,0.49037833049023777,0.8317670822143555,-0.8060398101806641,0.04878837242722511,27,1176,1150
2026-04-02 13:03:01.367,1920.373639327,565449307,左脚+右脚,0.25314407624307145,0.5185585371397351,0.8286837339401245,-0.7586302161216736,-0.0888645201921463,27,1177,1151
2026-04-02 13:03:01.397,1920.40365421,565482641,左脚+右脚,0.29525077022614943,0.581907476956784,0.8421338796615601,-0.633583128452301,-0.3582698404788971,27,1178,1152
2026-04-02 13:03:01.427,1920.433290512,565515975,左脚+右脚,0.3360996899754094,0.6684188994013223,0.816978394985199,-0.42203855514526367,-0.7499402165412903,27,1179,1153
2026-04-02 13:03:01.487,1920.493668402,565549309,左脚+右脚,0.37634745813909043,0.6766884835278495,0.8049553632736206,-0.3908413052558899,-0.7876157760620117,27,1180,1154
2026-04-02 13:03:01.517,1920.523635037,565582643,左脚+右脚,0.4159640786797093,0.6650706085640761,0.7923324108123779,-0.4079350531101227,-0.6904794573783875,27,1181,1155
2026-04-02 13:03:01.548,1920.554239611,565615977,左脚+右脚,0.45541156508031355,0.6649163238931908,0.788949728012085,-0.38228684663772583,-0.645636796951294,27,1182,1156
2026-04-02 13:03:01.577,1920.583411184,565649311,左脚+右脚,0.4962561873346852,0.65605769962908,0.8168924450874329,-0.40805861353874207,-0.6091083884239197,27,1183,1157
2026-04-02 13:03:01.607,1920.613639832,565682645,左脚+右脚,0.5364636895805882,0.6797559318567254,0.8041500449180603,-0.2719891369342804,-0.575713038444519,27,1184,1158
2026-04-02 13:03:01.637,1920.643649921,565715979,左脚+右脚,0.5753684160858678,0.6715761902160526,0.7780945301055908,-0.25880998373031616,-0.48202040791511536,27,1185,1159
2026-04-02 13:03:01.667,1920.673455814,565749313,左脚+右脚,0.6129043457657384,0.6568591695770605,0.7507185935974121,-0.18532077968120575,-0.27966347336769104,27,1186,1160
2026-04-02 13:03:01.697,1920.703607525,565782647,左脚+右脚,0.6556776968390035,0.9756844158892036,0.8554670214653015,0.5815680623054504,-0.08954939991235733,27,1187,1161
2026-04-02 13:03:01.727,1920.733698894,565815981,左脚+右脚,0.6990847436338948,0.0002239175950820694,0.8681409358978271,0.8744074702262878,0.0012302184477448463,27,1188,1162
2026-04-02 13:03:01.757,1920.763409007,565849315,左脚+右脚,0.7401440230757284,0.027600922966041885,0.8211855888366699,0.9199182987213135,0.16115261614322662,27,1189,1163
2026-04-02 13:03:01.818,1920.824631652,565882649,左脚+右脚,0.7780028251558828,0.04168439497421571,0.7571760416030884,0.9305436611175537,0.24944952130317688,27,1190,1164
2026-04-02 13:03:01.847,1920.853613816,565915983,左脚+右脚,0.8131026414782094,0.044113179691403395,0.7019963264465332,0.9975454807281494,0.28379589319229126,27,1191,1165
2026-04-02 13:03:01.877,1920.88355979,565949317,左脚+右脚,0.8463729230314778,0.0742855631180887,0.6654056310653687,1.1132054328918457,0.5609263777732849,27,1192,1166
2026-04-02 13:03:01.907,1920.913480477,565982651,左脚+右脚,0.8787516800314473,0.10619762320428934,0.6475751399993896,1.0600314140319824,0.8350958824157715,27,1193,1167
2026-04-02 13:03:01.937,1920.943675021,566015985,左脚+右脚,0.909775596633582,0.12150588073411193,0.6204783320426941,1.0457277297973633,1.0007908344268799,27,1194,1168
2026-04-02 13:03:01.967,1920.973624212,566049319,左脚+右脚,0.9399775562435674,0.1342407249252893,0.604039192199707,0.9964144229888916,1.1193993091583252,27,1195,1169
2026-04-02 13:03:01.997,1921.003373584,566082653,左脚+右脚,0.9689561007172155,0.15035134376760614,0.5795708894729614,0.9141726493835449,1.26410973072052,27,1196,1170
2026-04-02 13:03:02.027,1921.033544932,566115987,左脚+右脚,0.9919392523914862,0.20084996238719097,0.4596630334854126,0.6187347173690796,1.9394516944885254,27,1197,1171
2026-04-02 13:03:02.057,1921.063570184,566149321,左脚+右脚,0.014995063617854187,0.2188163501426618,0.461116224527359,0.5086517930030823,2.562748432159424,27,1198,1172
2026-04-02 13:03:02.117,1921.123357757,566182655,左脚+右脚,0.04572043545547015,0.2059992525354539,0.6145074367523193,0.813384473323822,2.8667478561401367,27,1199,1173
2026-04-02 13:03:02.147,1921.153608307,566215989,左脚+右脚,0.08358151443305499,0.18563777470769585,0.7572215795516968,1.136124849319458,2.654564380645752,27,1200,1174
2026-04-02 13:03:02.177,1921.183616465,566249323,左脚+右脚,0.12428318388762957,0.1755986900834992,0.8140333890914917,1.229633092880249,2.4358999729156494,27,1201,1175
2026-04-02 13:03:02.207,1921.213672661,566282657,左脚+右脚,0.16611119039359576,0.17039606269173527,0.8365601301193237,1.232722520828247,2.255591869354248,27,1202,1176
2026-04-02 13:03:02.237,1921.243300569,566315991,左脚+右脚,0.1929547322541762,0.1607186308150591,0.8053062558174133,1.2804665565490723,2.0379743576049805,27,1203,1177
2026-04-02 13:03:02.267,1921.273632482,566349325,左脚+右脚,0.21951413678629086,0.15320729028428523,0.7967821359634399,1.3408771753311157,1.9260128736495972,27,1204,1178
2026-04-02 13:03:02.297,1921.303606757,566382659,左脚+右脚,0.24598246144754574,0.14967181124423481,0.7940497398376465,1.363161325454712,1.8681175708770752,27,1205,1179
2026-04-02 13:03:02.327,1921.333607575,566415993,左脚+右脚,0.27222988136115556,0.15035966845851106,0.7874225974082947,1.3452566862106323,1.8604137897491455,27,1206,1180
2026-04-02 13:03:02.387,1921.393766749,566449327,左脚+右脚,0.29807354934516433,0.15665926938597768,0.7753100395202637,1.2656234502792358,1.904724359512329,27,1207,1181
2026-04-02 13:03:02.419,1921.424927892,566482661,左脚+右脚,0.3234728587419081,0.16491000763228844,0.7619792819023132,1.1508370637893677,1.9434503316879272,27,1208,1182
2026-04-02 13:03:02.451,1921.456878524,566515995,左脚+右脚,0.3479040993005324,0.1761269914021926,0.732937216758728,0.9892762899398804,1.9760315418243408,27,1209,1183
2026-04-02 13:03:02.478,1921.484161146,566549329,左脚+右脚,0.36868512161078937,0.20205178778140734,0.6234306693077087,0.5564648509025574,1.7908562421798706,27,1210,1184
2026-04-02 13:03:02.507,1921.513485036,566582663,左脚+右脚,0.3864451480657149,0.2390625453329637,0.5328007936477661,0.11016714572906494,1.6005584001541138,27,1211,1185
2026-04-02 13:03:02.537,1921.543466483,566615997,左脚+右脚,0.4025432609270303,0.26433075302601344,0.4829433858394623,-0.1167915016412735,1.2935595512390137,27,1212,1186
2026-04-02 13:03:02.567,1921.573228547,566649331,左脚+右脚,0.4168806227793583,0.3614542494651502,0.4301208555698395,-0.6491585373878479,0.7702583074569702,27,1213,1187
2026-04-02 13:03:02.597,1921.603479583,566682665,左脚+右脚,0.4320987495531925,0.37125548678295534,0.45654380321502686,-0.6574147343635559,0.6891006827354431,27,1214,1188
2026-04-02 13:03:02.627,1921.633629856,566715999,左脚+右脚,0.44698784080647314,0.36068902459347424,0.4466727375984192,-0.4504337012767792,0.5397063493728638,27,1215,1189
2026-04-02 13:03:02.689,1921.695357154,566749333,左脚+右脚,0.463217527940898,0.3922243531509621,0.48689061403274536,-0.27286583185195923,0.21938374638557434,27,1216,1190
2026-04-02 13:03:02.718,1921.724500256,566782667,左脚+右脚,0.4796620411426116,0.3741473027306974,0.49333539605140686,-0.17027892172336578,0.1721133589744568,27,1217,1191
2026-04-02 13:03:02.747,1921.753599924,566816001,左脚+右脚,0.4969407600909758,0.42837722037328535,0.5183615684509277,-0.10342195630073547,0.04996094852685928,27,1218,1192
2026-04-02 13:03:02.777,1921.783662244,566849335,左脚+右脚,0.5146770440290658,0.4907560719143354,0.5320885181427002,-0.026580920442938805,0.0015455931425094604,27,1219,1193
2026-04-02 13:03:02.807,1921.813454056,566882669,左脚+右脚,0.5434169851492134,0.7779943278534119,0.5747988224029541,0.014891918748617172,-0.08378944545984268,27,1220,1194
2026-04-02 13:03:02.837,1921.843636119,566916003,左脚+右脚,0.5767099820326058,0.8428046843498437,0.6658599376678467,0.11711499094963074,-0.17754888534545898,27,1221,1195
2026-04-02 13:03:02.867,1921.873624388,566949337,左脚+右脚,0.6147459589193551,0.8263404819710009,0.7607195377349854,0.12851977348327637,-0.2470676302909851,27,1222,1196
2026-04-02 13:03:02.897,1921.903623112,566982671,左脚+右脚,0.6551037334154336,0.7344249462077994,0.8071554899215698,-0.05773210525512695,-0.5880557298660278,27,1223,1197
2026-04-02 13:03:02.927,1921.933290618,567016005,左脚+右脚,0.6897016965101449,0.7265888778931293,0.6919592618942261,-0.08142662793397903,-0.5495612621307373,27,1224,1198
2026-04-02 13:03:02.987,1921.993598305,567049339,左脚+右脚,0.719291130226742,0.719291130226742,0.7417888641357422,-0.10994258522987366,-0.5627110004425049,27,1225,1199
2026-04-02 13:03:03.017,1922.023534268,567082673,左脚+右脚,0.7446348980286626,0.7130938206072248,0.7603130340576172,-0.13778074085712433,-0.5834801197052002,27,1226,1200
2026-04-02 13:03:03.047,1922.053657099,567116007,左脚+右脚,0.7707891976057398,0.7048882626651936,0.7846289873123169,-0.17791777849197388,-0.6107960939407349,27,1227,1201
2026-04-02 13:03:03.077,1922.083673637,567149341,左脚+右脚,0.7975345447876958,0.6900429752438955,0.8023604154586792,-0.24803350865840912,-0.6269556879997253,27,1228,1202
2026-04-02 13:03:03.108,1922.114328754,567182675,左脚+右脚,0.8250049109477707,0.6686536002635357,0.8241109848022461,-0.36336660385131836,-0.6479169130325317,27,1229,1203
2026-04-02 13:03:03.137,1922.143643148,567216009,左脚+右脚,0.8526069378076899,0.6751498256685564,0.8280608057975769,-0.33651402592658997,-0.6619858145713806,27,1230,1204
2026-04-02 13:03:03.167,1922.173222026,567249343,左脚+右脚,0.8788181876360286,0.6637608920728182,0.7863374948501587,-0.40809428691864014,-0.6779473423957825,27,1231,1205
2026-04-02 13:03:03.197,1922.203606545,567282677,左脚+右脚,0.9036046798248002,0.6426661533281528,0.743594765663147,-0.5304408669471741,-0.6635168194770813,27,1232,1206
2026-04-02 13:03:03.227,1922.233610811,567316011,左脚+右脚,0.9284676169573177,0.633788156618899,0.7458881139755249,-0.5751284956932068,-0.6424274444580078,27,1233,1207
2026-04-02 13:03:03.317,1922.323458758,567349345,左脚+右脚,0.9534499024568904,0.6423323171052577,0.7494685649871826,-0.547200083732605,-0.6815445423126221,27,1234,1208
2026-04-02 13:03:03.318,1922.32469509,567382679,左脚+右脚,0.9784185146509518,0.6498312055541301,0.7490583658218384,-0.515889585018158,-0.7084797620773315,27,1235,1209
2026-04-02 13:03:03.347,1922.353672367,567416013,左脚+右脚,0.003713370881369693,0.6531970379113715,0.7588456869125366,-0.4990670382976532,-0.716752827167511,27,1236,1210
2026-04-02 13:03:03.377,1922.383596239,567449347,左脚+右脚,0.029758343618999903,0.663169663856024,0.7813491821289062,-0.4295956790447235,-0.7077032923698425,27,1237,1211
2026-04-02 13:03:03.407,1922.413376787,567482681,左脚+右脚,0.06882764748920102,0.4718033835837511,0.7813860774040222,-0.8427410125732422,0.15088579058647156,27,1238,1212
2026-04-02 13:03:03.437,1922.443682813,567516015,左脚+右脚,0.10800169758189816,0.4766982343793576,0.7834810018539429,-0.8413388133049011,0.12406759709119797,27,1239,1213
2026-04-02 13:03:03.467,1922.473626572,567549349,左脚+右脚,0.14723511390079158,0.47630427611333787,0.7846683263778687,-0.8056657314300537,0.12084547430276871,27,1240,1214
2026-04-02 13:03:03.497,1922.503591983,567582683,左脚+右脚,0.18650760106433528,0.4851316464625005,0.785449743270874,-0.783308207988739,0.07339076697826385,27,1241,1215
2026-04-02 13:03:03.527,1922.533369228,567616017,左脚+右脚,0.2252995108782162,0.5018247847427427,0.7758381962776184,-0.7103480696678162,-0.008144824765622616,27,1242,1216
2026-04-02 13:03:03.587,1922.593588924,567649351,左脚+右脚,0.26566579393733636,0.5872814469237979,0.8073256611824036,-0.6377939581871033,-0.38963693380355835,27,1243,1217
2026-04-02 13:03:03.648,1922.654537367,567682685,左脚+右脚,0.3059887354790081,0.6337907123843668,0.8064588308334351,-0.5297892093658447,-0.5918018817901611,27,1244,1218
2026-04-02 13:03:03.649,1922.655169062,567716019,左脚+右脚,0.3444573407589306,0.6664464129904627,0.7693721055984497,-0.4235563278198242,-0.7312820553779602,27,1245,1219
2026-04-02 13:03:03.677,1922.683665788,567749353,左脚+右脚,0.3832521861015667,0.6717169340378318,0.7758969068527222,-0.32650327682495117,-0.6093881130218506,27,1246,1220
2026-04-02 13:03:03.707,1922.713589998,567782687,左脚+右脚,0.4225306396900524,0.6665593244750412,0.7855690717697144,-0.30177924036979675,-0.5218837857246399,27,1247,1221
2026-04-02 13:03:03.740,1922.746152557,567816021,左脚+右脚,0.46248025349963795,0.6626191634588705,0.7989922761917114,-0.32034119963645935,-0.5236289501190186,27,1248,1222
2026-04-02 13:03:03.767,1922.773587649,567849355,左脚+右脚,0.5036477719961513,0.6549206147488247,0.8233503699302673,-0.3610253632068634,-0.5306631326675415,27,1249,1223
2026-04-02 13:03:03.797,1922.803529427,567882689,左脚+右脚,0.5469207500635493,0.6400490342217283,0.8654595613479614,-0.48373690247535706,-0.5851044058799744,27,1250,1224
2026-04-02 13:03:03.827,1922.833534426,567916023,左脚+右脚,0.5894253169714321,0.6422243449044294,0.8500913381576538,-0.5059454441070557,-0.6292864084243774,27,1251,1225
2026-04-02 13:03:03.857,1922.863315464,567949357,左脚+右脚,0.6047239865083406,0.4832747027969351,0.45896008610725403,-1.1597402095794678,0.12232557684183121,27,1252,1226
2026-04-02 13:03:03.917,1922.923569702,567982691,左脚+右脚,0.661409899117441,0.7504518529929517,1.1337182521820068,0.00478329136967659,-1.6848011016845703,27,1253,1227
2026-04-02 13:03:03.947,1922.953548161,568016025,左脚+右脚,0.7089695478696535,0.7366495657009733,0.9511929750442505,-0.14406318962574005,-1.7133948802947998,27,1254,1228
2026-04-02 13:03:03.978,1922.984286579,568049359,左脚+右脚,0.7465773072577013,0.7465773072577013,0.7658159732818604,-0.03430599719285965,-1.594980239868164,27,1255,1229
2026-04-02 13:03:04.007,1923.013589989,568082693,左脚+右脚,0.7701261348263914,0.7437638203003865,0.7064648270606995,-0.05047491937875748,-1.2875224351882935,27,1256,1230
2026-04-02 13:03:04.037,1923.043565606,568116027,左脚+右脚,0.792558760120123,0.7350804545713308,0.6729787588119507,-0.10545593500137329,-1.1216589212417603,27,1257,1231
2026-04-02 13:03:04.067,1923.073570606,568149361,左脚+右脚,0.8139785554743304,0.7535759603359874,0.6425938606262207,0.019817013293504715,-0.8818455934524536,27,1258,1232
2026-04-02 13:03:04.157,1923.163438166,568182695,左脚+右脚,0.8340856260792905,0.7524528545375695,0.6032121181488037,0.009876761585474014,-0.6408088803291321,27,1259,1233
2026-04-02 13:03:04.158,1923.164573152,568216029,左脚+右脚,0.8528314299122983,0.6717434194194926,0.5623741149902344,-0.21839728951454163,-0.40778130292892456,27,1260,1234
2026-04-02 13:03:04.187,1923.193486106,568249363,左脚+右脚,0.8690786467727516,0.5131485249796928,0.48741650581359863,-0.6802329421043396,-0.056325387209653854,27,1261,1235
2026-04-02 13:03:04.217,1923.223432597,568282697,左脚+右脚,0.8837596105274055,0.4604679652459887,0.4404289126396179,-1.1870800256729126,0.3010726571083069,27,1262,1236
2026-04-02 13:03:04.247,1923.253559265,568316031,左脚+右脚,0.8996005323267473,0.4629786071384593,0.4752276539802551,-1.4714171886444092,0.3485795259475708,27,1263,1237
2026-04-02 13:03:04.307,1923.313402,568349365,左脚+右脚,0.9147987600899232,0.47033965556795276,0.45594683289527893,-1.6752861738204956,0.3158740699291229,27,1264,1238
2026-04-02 13:03:04.308,1923.314674863,568382699,左脚+右脚,0.9422918356196576,0.4961507368115489,0.8247922658920288,-2.460784673690796,0.05952724441885948,27,1265,1239
2026-04-02 13:03:04.337,1923.343448762,568416033,左脚+右脚,0.986522570921629,0.3417756447816529,0.8846147060394287,-0.9465382099151611,1.4553583860397339,27,1266,1240
2026-04-02 13:03:04.367,1923.373585971,568449367,左脚+右脚,0.03214863605663121,0.3386573402280516,0.9125213027000427,-0.9244785308837891,1.4842756986618042,27,1267,1241
2026-04-02 13:03:04.397,1923.403539682,568482701,左脚+右脚,0.07898410625621616,0.3373578431404884,0.9367094039916992,-0.91707843542099,1.4995408058166504,27,1268,1242
2026-04-02 13:03:04.427,1923.433295239,568516035,左脚+右脚,0.12716394133731662,0.3355744316064292,0.9635967016220093,-0.8756218552589417,1.4684733152389526,27,1269,1243
2026-04-02 13:03:04.487,1923.493554715,568549369,左脚+右脚,0.1766188449399167,0.3345024862753857,0.989098072052002,-0.8601318597793579,1.4648350477218628,27,1270,1244
2026-04-02 13:03:04.517,1923.523565014,568582703,左脚+右脚,0.22462710209056674,0.341730016321521,0.9601651430130005,-0.9180361032485962,1.4124205112457275,27,1271,1245
2026-04-02 13:03:04.547,1923.553293807,568616037,左脚+右脚,0.2713539368645841,0.34783926202822546,0.9345366954803467,-0.9013732671737671,1.2767306566238403,27,1272,1246
2026-04-02 13:03:04.577,1923.583566998,568649371,左脚+右脚,0.3157350129620725,0.3625452482525245,0.8876215219497681,-0.7376877665519714,0.8632243275642395,27,1273,1247
2026-04-02 13:03:04.607,1923.613585262,568682705,左脚+右脚,0.3542702800767118,0.40117733900594843,0.7707053422927856,-0.8384814858436584,0.599766194820404,27,1274,1248
2026-04-02 13:03:04.637,1923.64359652,568716039,左脚+右脚,0.38665015764400307,0.4554901784827357,0.6475975513458252,-0.8950972557067871,0.25706297159194946,27,1275,1249
2026-04-02 13:03:04.667,1923.673443423,568749373,左脚+右脚,0.4161827630536253,0.461054965125615,0.5906521081924438,-0.8443166613578796,0.21082818508148193,27,1276,1250
2026-04-02 13:03:04.697,1923.703577994,568782707,左脚+右脚,0.44505254991218396,0.4530965269550338,0.5773957371711731,-0.8194427490234375,0.24873533844947815,27,1277,1251
2026-04-02 13:03:04.727,1923.733535979,568816041,左脚+右脚,0.4678480224546288,0.30768547114408584,0.683864176273346,-0.43973445892333984,1.1596347093582153,27,1278,1252
2026-04-02 13:03:04.788,1923.794358516,568849375,左脚+右脚,0.48578924504285004,0.34639706815096577,0.538236677646637,-0.2463453710079193,0.3557288348674774,27,1279,1253
2026-04-02 13:03:04.817,1923.823624001,568882709,左脚+右脚,0.5037344869709506,0.33789425534072826,0.5383572578430176,-0.16104908287525177,0.2613527774810791,27,1280,1254
2026-04-02 13:03:04.847,1923.853524011,568916043,左脚+右脚,0.5220327811178063,0.39100646411812895,0.5489488244056702,-0.11151723563671112,0.0910734012722969,27,1281,1255
2026-04-02 13:03:04.907,1923.91338546,568949377,左脚+右脚,0.5550605015691612,0.7981562860736158,0.6605544090270996,0.032513510435819626,-0.10415663570165634,27,1282,1256
2026-04-02 13:03:04.908,1923.914468018,568982711,左脚+右脚,0.5910981552537773,0.879571396600025,0.7207530736923218,0.14460302889347076,-0.136525958776474,27,1283,1257
2026-04-02 13:03:04.937,1923.943533308,569016045,左脚+右脚,0.6314848737653587,0.9035705581940946,0.8077343702316284,0.2519114911556244,-0.17452676594257355,27,1284,1258
2026-04-02 13:03:04.967,1923.973552287,569049379,左脚+右脚,0.675202162736306,0.9095545321283145,0.8743457794189453,0.2588803768157959,-0.16530871391296387,27,1285,1259
2026-04-02 13:03:04.997,1924.003578733,569082713,左脚+右脚,0.7224248723920677,0.8194469587894653,0.9444541931152344,0.17683207988739014,-0.3792019784450531,27,1286,1260
2026-04-02 13:03:05.027,1924.033463454,569116047,左脚+右脚,0.7471060689725523,0.7471060689725523,0.9806234836578369,-0.011433467268943787,-0.6287268996238708,27,1287,1261
2026-04-02 13:03:05.087,1924.093574298,569149381,左脚+右脚,0.7814122653442666,0.6799567760068115,1.0291858911514282,-0.3349165916442871,-0.7112325429916382,27,1288,1262
2026-04-02 13:03:05.117,1924.123540106,569182715,左脚+右脚,0.8119280453958159,0.669795631561821,0.9154734015464783,-0.3542138338088989,-0.642357349395752,27,1289,1263
2026-04-02 13:03:05.147,1924.153393986,569216049,左脚+右脚,0.8404670195219959,0.6633525075964852,0.8561692237854004,-0.37587770819664,-0.6208166480064392,27,1290,1264
2026-04-02 13:03:05.177,1924.183392314,569249383,左脚+右脚,0.8679721649922972,0.664329397946652,0.8251543641090393,-0.37841933965682983,-0.6337623000144958,27,1291,1265
2026-04-02 13:03:05.207,1924.213540588,569282717,左脚+右脚,0.8936765667237884,0.6623144291875538,0.7711320519447327,-0.39413532614707947,-0.6414902806282043,27,1292,1266
2026-04-02 13:03:05.237,1924.243442367,569316051,左脚+右脚,0.9179253773329701,0.6576701879665579,0.7274643182754517,-0.4214729070663452,-0.6431288123130798,27,1293,1267
2026-04-02 13:03:05.267,1924.273395005,569349385,左脚+右脚,0.9419017390845265,0.665842408266059,0.7192908525466919,-0.38093090057373047,-0.6519704461097717,27,1294,1268
2026-04-02 13:03:05.297,1924.303599193,569382719,左脚+右脚,0.9652023987410511,0.5165856474806194,0.6990197896957397,-0.9191005825996399,-0.09612834453582764,27,1295,1269
2026-04-02 13:03:05.327,1924.333428761,569416053,左脚+右脚,0.9882752176561003,0.5197226390748313,0.692184567451477,-0.9412540793418884,-0.11724189668893814,27,1296,1270
2026-04-02 13:03:05.387,1924.393443126,569449387,左脚+右脚,0.011815162145897284,0.5249885144704161,0.7061983346939087,-0.9107345342636108,-0.14417880773544312,27,1297,1271
2026-04-02 13:03:05.417,1924.423528233,569482721,左脚+右脚,0.03568676078697496,0.5297054111193821,0.7161479592323303,-0.8764869570732117,-0.16551804542541504,27,1298,1272
2026-04-02 13:03:05.447,1924.453594997,569516055,左脚+右脚,0.05993821386874172,0.5557939595655177,0.7275435924530029,-0.7628433704376221,-0.27894705533981323,27,1299,1273
2026-04-02 13:03:05.477,1924.483283089,569549389,左脚+右脚,0.08485893571754746,0.5988107691512197,0.7476216554641724,-0.6522374153137207,-0.4664720594882965,27,1300,1274
2026-04-02 13:03:05.507,1924.513475448,569582723,左脚+右脚,0.10862308903913152,0.6537854239810804,0.712924599647522,-0.4406457543373108,-0.6378648281097412,27,1301,1275
2026-04-02 13:03:05.537,1924.543601911,569616057,左脚+右脚,0.13263608777900987,0.657740698720868,0.7203899621963501,-0.38316068053245544,-0.5852332711219788,27,1302,1276
2026-04-02 13:03:05.567,1924.573593414,569649391,左脚+右脚,0.15683433378120715,0.6598604050834842,0.725947380065918,-0.3240984082221985,-0.5097086429595947,27,1303,1277
2026-04-02 13:03:05.597,1924.603290237,569682725,左脚+右脚,0.1944141354598647,0.6554032268877565,0.7515960335731506,-0.28869715332984924,-0.42712873220443726,27,1304,1278
2026-04-02 13:03:05.657,1924.663551409,569716059,左脚+右脚,0.23365196550270373,0.6562378028291334,0.784756600856781,-0.2716163694858551,-0.40643519163131714,27,1305,1279
2026-04-02 13:03:05.717,1924.723301087,569749393,左脚+右脚,0.2609056369898762,0.03593440760490947,0.8176101446151733,0.286178857088089,0.06573501229286194,27,1306,1280
2026-04-02 13:03:05.718,1924.724329001,569782727,左脚+右脚,0.2928877290525084,0.024922664010023216,0.9594627618789673,0.6592717170715332,0.10409002006053925,27,1307,1281
2026-04-02 13:03:05.747,1924.753525329,569816061,左脚+右脚,0.3255541817782368,0.01514084255332804,0.9799935817718506,0.7915738224983215,0.07553257048130035,27,1308,1282
2026-04-02 13:03:05.777,1924.783558977,569849395,左脚+右脚,0.3550702310043619,0.03565867536911561,0.8854814767837524,0.8696991205215454,0.19818346202373505,27,1309,1283
2026-04-02 13:03:05.807,1924.813526683,569882729,左脚+右脚,0.3827808515665974,0.07666282921331163,0.8313186168670654,0.7034889459609985,0.3677535355091095,27,1310,1284
2026-04-02 13:03:05.837,1924.843428032,569916063,左脚+右脚,0.40820941492299695,0.09653797015664602,0.7628569006919861,0.6976127624511719,0.48401737213134766,27,1311,1285
2026-04-02 13:03:05.897,1924.903355067,569949397,左脚+右脚,0.43136869633575736,0.13943396291283658,0.6947784423828125,0.5930761098861694,0.7117367386817932,27,1312,1286
2026-04-02 13:03:05.898,1924.904535238,569982731,左脚+右脚,0.45204911792656244,0.1772925129698101,0.6204126477241516,0.45892134308815,0.9336920380592346,27,1313,1287
2026-04-02 13:03:05.927,1924.933525963,570016065,左脚+右脚,0.46659390990317323,0.20861485823340922,0.4363437592983246,0.35988160967826843,1.3526626825332642,27,1314,1288
2026-04-02 13:03:05.957,1924.963346869,570049399,左脚+右脚,0.4805163280604329,0.23867774360698157,0.4176725447177887,0.12179601192474365,1.709175705909729,27,1315,1289
2026-04-02 13:03:06.017,1925.023565173,570082733,左脚+右脚,0.49565124476333916,0.2364075430301171,0.4540475010871887,0.15583691000938416,1.820265769958496,27,1316,1290
2026-04-02 13:03:06.047,1925.053530539,570116067,左脚+右脚,0.5113131519593841,0.23313593859454762,0.46985721588134766,0.2004445195198059,1.8846144676208496,27,1317,1291
2026-04-02 13:03:06.077,1925.083369756,570149401,左脚+右脚,0.527823119008347,0.22279521177781772,0.49529901146888733,0.361928790807724,2.0967135429382324,27,1318,1292
2026-04-02 13:03:06.107,1925.113481903,570182735,左脚+右脚,0.5515626814403183,0.19219627276565598,0.712186872959137,0.8471699357032776,2.229095697402954,27,1319,1293
2026-04-02 13:03:06.137,1925.143572133,570216069,左脚+右脚,0.5767613178926753,0.1699028066213652,0.7559590935707092,1.075067400932312,1.9527146816253662,27,1320,1294
2026-04-02 13:03:06.167,1925.17350803,570249403,左脚+右脚,0.6032019104995376,0.16112139918831797,0.7932177782058716,1.1925842761993408,1.9088083505630493,27,1321,1295
2026-04-02 13:03:06.197,1925.203385485,570282737,左脚+右脚,0.628950966044073,0.15689680274556955,0.7724716663360596,1.204607605934143,1.8187804222106934,27,1322,1296
2026-04-02 13:03:06.227,1925.233367708,570316071,左脚+右脚,0.6553617920913345,0.160717182635846,0.7923247814178467,1.119903564453125,1.7823883295059204,27,1323,1297
2026-04-02 13:03:06.287,1925.293455033,570349405,左脚+右脚,0.6812564140993402,0.16834519744272683,0.7768386602401733,1.0580228567123413,1.878015398979187,27,1324,1298
2026-04-02 13:03:06.317,1925.323389177,570382739,左脚+右脚,0.7189846164423273,0.17453915986536916,0.7545640468597412,0.9415537118911743,1.8347502946853638,27,1325,1299
2026-04-02 13:03:06.347,1925.353532734,570416073,左脚+右脚,0.7538592344957635,0.18832311877323082,0.6974923610687256,0.6564128994941711,1.6081956624984741,27,1326,1300
2026-04-02 13:03:06.377,1925.383507312,570449407,左脚+右脚,0.7851572788196848,0.2028068918559898,0.6259608864784241,0.3756977915763855,1.2296565771102905,27,1327,1301
2026-04-02 13:03:06.407,1925.413268892,570482741,左脚+右脚,0.8131808138328837,0.22000764346359708,0.560470700263977,0.20587772130966187,1.0795304775238037,27,1328,1302
2026-04-02 13:03:06.437,1925.443434532,570516075,左脚+右脚,0.8387515610891626,0.21526510188216824,0.5114149451255798,0.23056262731552124,1.0396089553833008,27,1329,1303
2026-04-02 13:03:06.467,1925.473547453,570549409,左脚+右脚,0.863199291272764,0.21040942975398874,0.4889546036720276,0.2565677762031555,1.0100455284118652,27,1330,1304
2026-04-02 13:03:06.497,1925.503536515,570582743,左脚+右脚,0.8878534889656351,0.21818462094015423,0.4930839538574219,0.18385061621665955,0.9074206352233887,27,1331,1305
2026-04-02 13:03:06.527,1925.534020777,570616077,左脚+右脚,0.9142440712887094,0.31455777937124973,0.5278116464614868,-0.22557389736175537,0.5252699851989746,27,1332,1306
2026-04-02 13:03:06.587,1925.593571779,570649411,左脚+右脚,0.9328504598575876,0.4517263942292908,0.5581916570663452,-0.31804776191711426,0.09953906387090683,27,1333,1307
2026-04-02 13:03:06.617,1925.623573035,570682745,左脚+右脚,0.9519897616344736,0.5617977485453272,0.5741790533065796,-0.24570390582084656,-0.10050605237483978,27,1334,1308
2026-04-02 13:03:06.647,1925.653548525,570716079,左脚+右脚,0.9746962086794819,0.7376101481638071,0.6811934113502502,-0.022442130371928215,-0.28769978880882263,27,1335,1309
2026-04-02 13:03:06.677,1925.683409396,570749413,左脚+右脚,5.137884994810271e-05,0.8148706535694545,0.7606551051139832,0.13026957213878632,-0.3017077147960663,27,1336,1310
2026-04-02 13:03:06.707,1925.713327641,570782747,左脚+右脚,0.02819676761210427,0.8241622311205818,0.8443616628646851,0.15805190801620483,-0.31427305936813354,27,1337,1311
2026-04-02 13:03:06.737,1925.743508404,570816081,左脚+右脚,0.05968395436188048,0.8373643279660947,0.9446156024932861,0.22368347644805908,-0.36571767926216125,27,1338,1312
2026-04-02 13:03:06.768,1925.774323453,570849415,左脚+右脚,0.0930945671039866,0.7946393605871652,1.0023183822631836,0.16921566426753998,-0.5874090790748596,27,1339,1313
2026-04-02 13:03:06.797,1925.803531144,570882749,左脚+右脚,0.12711706126114194,0.7277135501863113,1.0206748247146606,-0.10227855294942856,-0.7256248593330383,27,1340,1314
2026-04-02 13:03:06.827,1925.833588127,570916083,左脚+右脚,0.16066421234985656,0.6851317565603507,1.006414532661438,-0.3060646951198578,-0.7088832855224609,27,1341,1315
2026-04-02 13:03:06.887,1925.893417374,570949417,左脚+右脚,0.19254276518404947,0.664801138225366,0.9563565850257874,-0.3885520100593567,-0.6551359295845032,27,1342,1316
2026-04-02 13:03:06.917,1925.923538843,570982751,左脚+右脚,0.2374093866783427,0.6625563371772777,0.8973324298858643,-0.3852352499961853,-0.6291465759277344,27,1343,1317
2026-04-02 13:03:06.947,1925.953545139,571016085,左脚+右脚,0.28053491179526313,0.6656784762798802,0.8625105023384094,-0.37306198477745056,-0.6369954347610474,27,1344,1318
2026-04-02 13:03:06.977,1925.983511983,571049419,左脚+右脚,0.32132527892172796,0.6648830603996233,0.8158073425292969,-0.3927868604660034,-0.6630539298057556,27,1345,1319
2026-04-02 13:03:07.007,1926.013360441,571082753,左脚+右脚,0.35874089066565495,0.7121422258328666,0.74831223487854,-0.15998850762844086,-0.6598618626594543,27,1346,1320
2026-04-02 13:03:07.037,1926.043482721,571116087,左脚+右脚,0.3955052978235529,0.6987094361835592,0.735288143157959,-0.225198432803154,-0.674431562423706,27,1347,1321
2026-04-02 13:03:07.067,1926.073584881,571149421,左脚+右脚,0.4315487152773188,0.48595427569416993,0.7208683490753174,-0.840365469455719,0.07435698062181473,27,1348,1322
2026-04-02 13:03:07.097,1926.103540332,571182755,左脚+右脚,0.4671502775389002,0.49389807952468257,0.7120312452316284,-0.8659936189651489,0.03321803733706474,27,1349,1323
2026-04-02 13:03:07.127,1926.133473576,571216089,左脚+右脚,0.5033852017360971,0.5048593907622934,0.7246984839439392,-0.8837156891822815,-0.026990395039319992,27,1350,1324
2026-04-02 13:03:07.187,1926.193580848,571249423,左脚+右脚,0.5113886738367319,0.5113886738367319,0.7384474277496338,-0.8961061239242554,-0.0642324686050415,27,1351,1325
2026-04-02 13:03:07.217,1926.223418255,571282757,左脚+右脚,0.5207912989870052,0.5207912989870052,0.7482414841651917,-0.8468610644340515,-0.11126384139060974,27,1352,1326
2026-04-02 13:03:07.247,1926.253526495,571316091,左脚+右脚,0.5324689585522565,0.5324689585522565,0.7382733821868896,-0.7762946486473083,-0.16060499846935272,27,1353,1327
2026-04-02 13:03:07.277,1926.283527713,571349425,左脚+右脚,0.5682997811392697,0.6410338467275978,0.7166164517402649,-0.4899977743625641,-0.6002014875411987,27,1354,1328
2026-04-02 13:03:07.307,1926.31352563,571382759,左脚+右脚,0.6030650902346524,0.6678744948810578,0.6953061819076538,-0.38071390986442566,-0.6711269617080688,27,1355,1329
2026-04-02 13:03:07.337,1926.343283345,571416093,左脚+右脚,0.639019398744479,0.6754407909822324,0.7190861701965332,-0.31479117274284363,-0.6220656037330627,27,1356,1330
2026-04-02 13:03:07.367,1926.373503524,571449427,左脚+右脚,0.6618016586333233,0.6618016586333233,0.731917142868042,-0.31070631742477417,-0.5020683407783508,27,1357,1331
2026-04-02 13:03:07.397,1926.403547441,571482761,左脚+右脚,0.6865732953577953,0.6632927718129982,0.7431491017341614,-0.28352630138397217,-0.46788841485977173,27,1358,1332
2026-04-02 13:03:07.427,1926.43352822,571516095,左脚+右脚,0.7133901959289827,0.644357584659596,0.8045070171356201,-0.32203295826911926,-0.41172003746032715,27,1359,1333
2026-04-02 13:03:07.487,1926.493455197,571549429,左脚+右脚,0.7405309484034497,0.62967226545748,0.8142225742340088,-0.13292494416236877,-0.14096784591674805,27,1360,1334
2026-04-02 13:03:07.517,1926.523543034,571582763,左脚+右脚,0.7872462675600964,0.9563771888679578,0.9343063831329346,0.6316410303115845,-0.17759639024734497,27,1361,1335
2026-04-02 13:03:07.547,1926.553556095,571616097,左脚+右脚,0.8345533058672864,0.996743218020026,0.9461407661437988,0.8505041599273682,-0.017406266182661057,27,1362,1336
2026-04-02 13:03:07.578,1926.584663075,571649431,左脚+右脚,0.8778991535931546,0.037779223537119475,0.8669169545173645,0.9123883843421936,0.2207387536764145,27,1363,1337
2026-04-02 13:03:07.607,1926.613655385,571682765,左脚+右脚,0.9174500629931409,0.042254690134611174,0.7910181879997253,0.9133782386779785,0.24835947155952454,27,1364,1338
2026-04-02 13:03:07.637,1926.643628974,571716099,左脚+右脚,0.9551950053006132,0.07565107850897947,0.7548988461494446,0.791631817817688,0.4074442982673645,27,1365,1339
2026-04-02 13:03:07.667,1926.673614321,571749433,左脚+右脚,0.9899342016011198,0.10658897894082886,0.6947839260101318,0.7661964297294617,0.6066710948944092,27,1366,1340
2026-04-02 13:03:07.697,1926.703267434,571782767,左脚+右脚,0.022555549505325123,0.12107082492054652,0.6524269580841064,0.8398114442825317,0.7993363738059998,27,1367,1341
2026-04-02 13:03:07.757,1926.763563551,571816101,左脚+右脚,0.05216150439080791,0.14586560697330275,0.5921190977096558,0.8418095707893372,1.097528338432312,27,1368,1342
2026-04-02 13:03:07.787,1926.793599857,571849435,左脚+右脚,0.07192920601663189,0.21146920192548355,0.3953540325164795,0.4117981493473053,1.667607307434082,27,1369,1343
2026-04-02 13:03:07.817,1926.823366343,571882769,左脚+右脚,0.09274371868667201,0.23239001884652288,0.4162902534008026,0.2273407280445099,2.0462613105773926,27,1370,1344
2026-04-02 13:03:07.847,1926.853656465,571916103,左脚+右脚,0.11461840874251919,0.23122622368992723,0.43749380111694336,0.2560708224773407,2.1607658863067627,27,1371,1345
2026-04-02 13:03:07.877,1926.883617659,571949437,左脚+右脚,0.138081169190975,0.22685138596261617,0.4692552089691162,0.3310537040233612,2.2600388526916504,27,1372,1346
2026-04-02 13:03:07.907,1926.913642049,571982771,左脚+右脚,0.17217907315787867,0.20808154881825797,0.6819580793380737,0.6928417086601257,2.5694539546966553,27,1373,1347
2026-04-02 13:03:07.940,1926.946378799,572016105,左脚+右脚,0.19911099877255356,0.17512359653664505,0.8079577684402466,1.140761375427246,2.2431750297546387,27,1374,1348
2026-04-02 13:03:07.967,1926.973596668,572049439,左脚+右脚,0.22686529761848048,0.16282633183217352,0.8326289653778076,1.330579161643982,2.1813347339630127,27,1375,1349
2026-04-02 13:03:07.997,1927.003540938,572082773,左脚+右脚,0.2544254045317292,0.15288260063540618,0.8268032073974609,1.462916612625122,2.0921928882598877,27,1376,1350
2026-04-02 13:03:08.027,1927.033446089,572116107,左脚+右脚,0.2819616298506379,0.1519928430464195,0.8260867595672607,1.4090443849563599,1.9913485050201416,27,1377,1351
2026-04-02 13:03:08.057,1927.063496958,572149441,左脚+右脚,0.3095619420836091,0.14939282428418324,0.8280093669891357,1.3251371383666992,1.8093386888504028,27,1378,1352
2026-04-02 13:03:08.117,1927.123597997,572182775,左脚+右脚,0.3374236802885652,0.14967926139916357,0.8358521461486816,1.2699284553527832,1.7405195236206055,27,1379,1353
2026-04-02 13:03:08.147,1927.153283208,572216109,左脚+右脚,0.36533439364331166,0.15269916581166568,0.837321400642395,1.2010524272918701,1.713478684425354,27,1380,1354
2026-04-02 13:03:08.177,1927.183424513,572249443,左脚+右脚,0.39191579427616996,0.16297116183053934,0.7974420189857483,1.0567606687545776,1.7359915971755981,27,1381,1355
2026-04-02 13:03:08.207,1927.213495568,572282777,左脚+右脚,0.4132081270843466,0.18762715200082675,0.6387699842453003,0.6430751085281372,1.5560356378555298,27,1382,1356
2026-04-02 13:03:08.237,1927.243301175,572316111,左脚+右脚,0.431327247682186,0.2098321263917944,0.5435736179351807,0.37398818135261536,1.4502356052398682,27,1383,1357
2026-04-02 13:03:08.268,1927.274316597,572349445,左脚+右脚,0.44942818687654734,0.19630317693957205,0.5430281758308411,0.5040388703346252,1.4368280172348022,27,1384,1358
2026-04-02 13:03:08.297,1927.303556484,572382779,左脚+右脚,0.46832352684236767,0.1866179111274267,0.5668601989746094,0.6072884798049927,1.4434442520141602,27,1385,1359
2026-04-02 13:03:08.327,1927.3335874,572416113,左脚+右脚,0.4894881010681113,0.19771918811476263,0.6349372267723083,0.3697502613067627,1.084825038909912,27,1386,1360
2026-04-02 13:03:08.387,1927.393330216,572449447,左脚+右脚,0.5126925508806826,0.3005523672485311,0.6961334943771362,-0.12386144697666168,0.37675216794013977,27,1387,1361
2026-04-02 13:03:08.417,1927.423501127,572482781,左脚+右脚,0.537555499934129,0.20420404982063176,0.7458884716033936,0.08447366952896118,0.28542450070381165,27,1388,1362
2026-04-02 13:03:08.447,1927.453520682,572516115,左脚+右脚,0.5634585063288332,0.08903124937995766,0.7770901918411255,0.3368562161922455,0.21091032028198242,27,1389,1363
2026-04-02 13:03:08.477,1927.483517794,572549449,左脚+右脚,0.6040654043982149,0.051819789323800006,0.8121379613876343,0.6274224519729614,0.2118232101202011,27,1390,1364
2026-04-02 13:03:08.507,1927.513481075,572582783,左脚+右脚,0.6466431836912752,0.06317634127878204,0.851555585861206,0.578016996383667,0.24230533838272095,27,1391,1365
2026-04-02 13:03:08.537,1927.543719058,572616117,左脚+右脚,0.6922013889382005,0.07961932609743534,0.9111641049385071,0.5226548910140991,0.28570616245269775,27,1392,1366
2026-04-02 13:03:08.567,1927.57353812,572649451,左脚+右脚,0.7421340118477464,0.0029487259814966996,0.998652458190918,0.5137775540351868,0.009520047344267368,27,1393,1367
2026-04-02 13:03:08.597,1927.603529618,572682785,左脚+右脚,0.7513773637257324,0.7513773637257324,1.0894453525543213,0.00559646263718605,-0.646657407283783,27,1394,1368
2026-04-02 13:03:08.628,1927.634628139,572716119,左脚+右脚,0.7890983419857727,0.6691305054946126,1.1316293478012085,-0.4867607355117798,-0.8740690350532532,27,1395,1369
2026-04-02 13:03:08.687,1927.693642162,572749453,左脚+右脚,0.8258399324856506,0.6561392715381782,1.102247714996338,-0.5283985733985901,-0.7896145582199097,27,1396,1370
2026-04-02 13:03:08.717,1927.723656582,572782787,左脚+右脚,0.8600857453785644,0.6493642990877095,1.0273743867874146,-0.5060111284255981,-0.6906465291976929,27,1397,1371
2026-04-02 13:03:08.747,1927.753422508,572816121,左脚+右脚,0.8929741340122924,0.6457335495173953,0.9866516590118408,-0.5166301131248474,-0.6724121570587158,27,1398,1372
2026-04-02 13:03:08.777,1927.783654132,572849455,左脚+右脚,0.922268744035791,0.587161384170114,0.878838300704956,-0.6853023171424866,-0.417950838804245,27,1399,1373
2026-04-02 13:03:08.807,1927.813563753,572882789,左脚+右脚,0.9509462532641795,0.5194700692881302,0.860325276851654,-0.7970004081726074,-0.09798960387706757,27,1400,1374
2026-04-02 13:03:08.837,1927.84356422,572916123,左脚+右脚,0.9789919353765554,0.5088042968450099,0.8413704633712769,-0.7975926399230957,-0.044167112559080124,27,1401,1375
2026-04-02 13:03:08.867,1927.873439487,572949457,左脚+右脚,0.006677470330626489,0.5140522317423109,0.8305660486221313,-0.8124780654907227,-0.07192293554544449,27,1402,1376
2026-04-02 13:03:08.897,1927.903671934,572982791,左脚+右脚,0.034210246527424173,0.525832117241758,0.8259832859039307,-0.7645062208175659,-0.12518669664859772,27,1403,1377
2026-04-02 13:03:08.927,1927.93361532,573016125,左脚+右脚,0.061224565629393574,0.5567324956462745,0.810429573059082,-0.6840540170669556,-0.2547195255756378,27,1404,1378
2026-04-02 13:03:08.987,1927.993558811,573049459,左脚+右脚,0.08799256853682867,0.5908848856857053,0.803040087223053,-0.6043930053710938,-0.3882899284362793,27,1405,1379
2026-04-02 13:03:09.017,1928.023618546,573082793,左脚+右脚,0.11497762573185634,0.6602168498822988,0.8095517158508301,-0.4395100176334381,-0.6946471929550171,27,1406,1380
2026-04-02 13:03:09.047,1928.053640972,573116127,左脚+右脚,0.14125128559691777,0.6776723389144446,0.7882097959518433,-0.35434311628341675,-0.7252911329269409,27,1407,1381
2026-04-02 13:03:09.077,1928.083505947,573149461,左脚+右脚,0.16827160092615157,0.6814892738172301,0.8106094598770142,-0.3024199903011322,-0.6586021184921265,27,1408,1382
2026-04-02 13:03:09.107,1928.113465495,573182795,左脚+右脚,0.20980882021211653,0.666699164350891,0.8307443857192993,-0.31720447540283203,-0.5496734380722046,27,1409,1383
2026-04-02 13:03:09.197,1928.203280876,573216129,左脚+右脚,0.23764703445060123,0.9188882011038059,0.835146427154541,0.3253580331802368,-0.18183830380439758,27,1410,1384
2026-04-02 13:03:09.198,1928.204390366,573249463,左脚+右脚,0.26906652224484157,0.028504304974147927,0.9425846338272095,0.6321651935577393,0.11444569379091263,27,1411,1385
2026-04-02 13:03:09.228,1928.23438934,573282797,左脚+右脚,0.3016443786265758,0.04043163716590812,0.9773356914520264,0.7595120072364807,0.19720670580863953,27,1412,1386
2026-04-02 13:03:09.229,1928.235459586,573316131,左脚+右脚,0.3324485239627269,0.04594268073429203,0.9241243600845337,0.8057647347450256,0.23928068578243256,27,1413,1387
2026-04-02 13:03:09.317,1928.323303769,573349465,左脚+右脚,0.36143121294600833,0.09086284436332032,0.8694806694984436,0.6965633630752563,0.44736814498901367,27,1414,1388
2026-04-02 13:03:09.318,1928.324416868,573382799,左脚+右脚,0.38806736839237876,0.1231654402545035,0.7990846633911133,0.6150521636009216,0.6010338664054871,27,1415,1389
2026-04-02 13:03:09.347,1928.353431723,573416133,左脚+右脚,0.4129281120739685,0.1405533806091837,0.7458223104476929,0.563908576965332,0.6864944100379944,27,1416,1390
2026-04-02 13:03:09.377,1928.38337801,573449467,左脚+右脚,0.4358955380561259,0.16873000383463777,0.6890227794647217,0.44692936539649963,0.797814667224884,27,1417,1391
2026-04-02 13:03:09.407,1928.413496498,573482801,左脚+右脚,0.4557252006970154,0.19929322454044168,0.5948898792266846,0.332447350025177,1.007915735244751,27,1418,1392
2026-04-02 13:03:09.437,1928.443984342,573516135,左脚+右脚,0.47025522860311536,0.23712729566508017,0.43590083718299866,0.13357141613960266,1.6478413343429565,27,1419,1393
2026-04-02 13:03:09.467,1928.473553882,573549469,左脚+右脚,0.48491541119836834,0.23618559080034068,0.4398054778575897,0.1623508185148239,1.8657339811325073,27,1420,1394
2026-04-02 13:03:09.497,1928.503528485,573582803,左脚+右脚,0.5004558173062709,0.22991026463880943,0.4662121832370758,0.25184860825538635,1.984587550163269,27,1421,1395
2026-04-02 13:03:09.527,1928.533521917,573616137,左脚+右脚,0.5194816596550054,0.22346688447212307,0.5707752704620361,0.3606550395488739,2.143256425857544,27,1422,1396
2026-04-02 13:03:09.587,1928.593544342,573649471,左脚+右脚,0.5441058921061264,0.1979079282055381,0.7387269735336304,0.7558419704437256,2.2262370586395264,27,1423,1397
2026-04-02 13:03:09.617,1928.623568423,573682805,左脚+右脚,0.5700420108678248,0.17369702946636625,0.7780835628509521,1.0305719375610352,1.982322335243225,27,1424,1398
2026-04-02 13:03:09.647,1928.653532789,573716139,左脚+右脚,0.5967480746152308,0.16226134640312403,0.8011819124221802,1.1863325834274292,1.929418683052063,27,1425,1399
2026-04-02 13:03:09.677,1928.683436627,573749473,左脚+右脚,0.6223870324335801,0.15969992318166185,0.7691687345504761,1.226769208908081,1.925046682357788,27,1426,1400
2026-04-02 13:03:09.707,1928.713611713,573782807,左脚+右脚,0.6485532688341843,0.16183395609993265,0.7849870920181274,1.1979306936264038,1.9366066455841064,27,1427,1401
2026-04-02 13:03:09.737,1928.743552946,573816141,左脚+右脚,0.6743743863942531,0.1630353253330545,0.774633526802063,1.1192665100097656,1.8403429985046387,27,1428,1402
2026-04-02 13:03:09.767,1928.773375286,573849475,左脚+右脚,0.7130144295337107,0.15563245513359683,0.772800862789154,1.0108803510665894,1.5002548694610596,27,1429,1403
2026-04-02 13:03:09.797,1928.803415239,573882809,左脚+右脚,0.7525372204425242,0.15846097950014934,0.7904558181762695,0.8604714870452881,1.3273392915725708,27,1430,1404
2026-04-02 13:03:09.827,1928.83359031,573916143,左脚+右脚,0.7892459658028987,0.16693147642677036,0.734174907207489,0.7340726852416992,1.2763508558273315,27,1431,1405
2026-04-02 13:03:09.887,1928.893621536,573949477,左脚+右脚,0.8183584925773052,0.18505771760393347,0.5822505354881287,0.5035106539726257,1.164703130722046,27,1432,1406
2026-04-02 13:03:09.917,1928.92331926,573982811,左脚+右脚,0.8446532246711163,0.20114179737802843,0.5258946418762207,0.32434359192848206,1.0231449604034424,27,1433,1407
2026-04-02 13:03:09.947,1928.953523244,574016145,左脚+右脚,0.8700019118430523,0.20689817901059157,0.5069737434387207,0.2662237286567688,0.9588892459869385,27,1434,1408
2026-04-02 13:03:09.977,1928.983580904,574049479,左脚+右脚,0.8950361010672955,0.21320836370249405,0.5006837844848633,0.20514532923698425,0.8715627193450928,27,1435,1409
2026-04-02 13:03:10.007,1929.013369341,574082813,左脚+右脚,0.9209007111432461,0.2962041967195081,0.5172922015190125,-0.0871553048491478,0.2917333245277405,27,1436,1410
2026-04-02 13:03:10.037,1929.043445382,574116147,左脚+右脚,0.9394390987597215,0.5392198719054613,0.5561516284942627,-0.1476907581090927,-0.03714984655380249,27,1437,1411
2026-04-02 13:03:10.067,1929.073596693,574149481,左脚+右脚,0.9624865916612058,0.7733773531106849,0.6914247870445251,0.043426577001810074,-0.2935224175453186,27,1438,1412
2026-04-02 13:03:10.097,1929.103576496,574182815,左脚+右脚,0.9868166414143948,0.8754141871003358,0.7299014925956726,0.2699719965457916,-0.2685704827308655,27,1439,1413
2026-04-02 13:03:10.129,1929.135310107,574216149,左脚+右脚,0.013782980764141639,0.9217138211682039,0.8089901804924011,0.4875952899456024,-0.26126033067703247,27,1440,1414
2026-04-02 13:03:10.157,1929.163413458,574249483,左脚+右脚,0.041946330392590124,0.9389336785018225,0.8449004888534546,0.537139892578125,-0.21684278547763824,27,1441,1415
2026-04-02 13:03:10.217,1929.223543268,574282817,左脚+右脚,0.07025217088483866,0.9308448309695696,0.849175214767456,0.3307890295982361,-0.15351811051368713,27,1442,1416
2026-04-02 13:03:10.247,1929.253346425,574316151,左脚+右脚,0.10028595797641174,0.8904949650781675,0.9010136127471924,0.4232579171657562,-0.3479379117488861,27,1443,1417
2026-04-02 13:03:10.277,1929.283582709,574349485,左脚+右脚,0.1323394047461261,0.773847868807777,0.9616034030914307,0.10621793568134308,-0.7035597562789917,27,1444,1418
2026-04-02 13:03:10.307,1929.313421351,574382819,左脚+右脚,0.16480771573804912,0.7088316858506731,0.9740493297576904,-0.17922194302082062,-0.6773419976234436,27,1445,1419
2026-04-02 13:03:10.337,1929.343603091,574416153,左脚+右脚,0.1935805387538979,0.7143255167958148,0.8631846904754639,-0.12949031591415405,-0.5679888725280762,27,1446,1420
2026-04-02 13:03:10.367,1929.373371493,574449487,左脚+右脚,0.22051403991801635,0.7239525039985116,0.8080050349235535,-0.09548517316579819,-0.5782133936882019,27,1447,1421
2026-04-02 13:03:10.397,1929.403526671,574482821,左脚+右脚,0.24525509151243266,0.7502530653889072,0.742231547832489,0.0009329728782176971,-0.5867539644241333,27,1448,1422
2026-04-02 13:03:10.427,1929.433553233,574516155,左脚+右脚,0.26835281324806903,0.7503711716772927,0.6929316520690918,0.0014624819159507751,-0.6270974278450012,27,1449,1423
2026-04-02 13:03:10.487,1929.493387147,574549489,左脚+右脚,0.30169805062237476,0.7278848694221756,0.6669047474861145,-0.09353797882795334,-0.6688224077224731,27,1450,1424
2026-04-02 13:03:10.517,1929.523525409,574582823,左脚+右脚,0.33582638872090076,0.5443804508732951,0.68256676197052,-0.8521610498428345,-0.2439824789762497,27,1451,1425
2026-04-02 13:03:10.547,1929.55352387,574616157,左脚+右脚,0.36857287359657975,0.547610089873616,0.6549296975135803,-0.8424710035324097,-0.2598159611225128,27,1452,1426
2026-04-02 13:03:10.577,1929.58356834,574649491,左脚+右脚,0.4017524547618935,0.5410309828403037,0.6635916233062744,-0.8698396682739258,-0.22935311496257782,27,1453,1427
2026-04-02 13:03:10.637,1929.643346809,574682825,左脚+右脚,0.4353268094104836,0.5428322381522347,0.6714870929718018,-0.8893816471099854,-0.24530397355556488,27,1454,1428
2026-04-02 13:03:10.638,1929.644527559,574716159,左脚+右脚,0.4705114669841835,0.6534616914822444,0.703693151473999,-0.43628624081611633,-0.6288151741027832,27,1455,1429
2026-04-02 13:03:10.667,1929.67352698,574749493,左脚+右脚,0.5059602208179542,0.6556298252782027,0.708975076675415,-0.3848583996295929,-0.5711507797241211,27,1456,1430
2026-04-02 13:03:10.697,1929.703631928,574782827,左脚+右脚,0.540546131853492,0.6473620793708832,0.6917182207107544,-0.3745291531085968,-0.4979267418384552,27,1457,1431
2026-04-02 13:03:10.727,1929.733352892,574816161,左脚+右脚,0.5740260608238289,0.5977824140252654,0.6695985794067383,-0.624244749546051,-0.4403834640979767,27,1458,1432
2026-04-02 13:03:10.787,1929.793601062,574849495,左脚+右脚,0.5892170337083249,0.5183572037051489,0.4557291865348816,-1.4290077686309814,-0.16555903851985931,27,1459,1433
2026-04-02 13:03:10.817,1929.823552725,574882829,左脚+右脚,0.6022893972438881,0.5250540418003508,0.39217090606689453,-1.8733386993408203,-0.29735979437828064,27,1460,1434
2026-04-02 13:03:10.847,1929.853418362,574916163,左脚+右脚,0.6129824287933419,0.5333771471879544,0.32079094648361206,-2.037155866622925,-0.43359702825546265,27,1461,1435
2026-04-02 13:03:10.877,1929.883538504,574949497,左脚+右脚,0.657603410605819,0.7709781268151599,0.8924196362495422,0.23476237058639526,-1.770747184753418,27,1462,1436
2026-04-02 13:03:10.907,1929.913521292,574982831,左脚+右脚,0.696969140295417,0.7699138374387678,0.7873145937919617,0.19969472289085388,-1.587658405303955,27,1463,1437
2026-04-02 13:03:10.938,1929.944315124,575016165,左脚+右脚,0.7324127323669503,0.7640552792949212,0.7088718414306641,0.12885701656341553,-1.4553171396255493,27,1464,1438
2026-04-02 13:03:10.967,1929.973537489,575049499,左脚+右脚,0.763966906790168,0.7813465763798437,0.6310834884643555,0.2416238784790039,-1.210884690284729,27,1465,1439
2026-04-02 13:03:10.997,1930.003435658,575082833,左脚+右脚,0.777470033663908,0.777470033663908,0.5928873419761658,0.17577984929084778,-1.0082939863204956,27,1466,1440
2026-04-02 13:03:11.027,1930.033575538,575116167,左脚+右脚,0.7947330130124085,0.6663658067168493,0.5178893804550171,-0.274173378944397,-0.4728158414363861,27,1467,1441
2026-04-02 13:03:11.087,1930.093408207,575149501,左脚+右脚,0.8091359280530604,0.44219908621105225,0.4320874512195587,-0.7610014081001282,0.2892039120197296,27,1468,1442
2026-04-02 13:03:11.117,1930.123529783,575182835,左脚+右脚,0.8241352640573176,0.44420335346357537,0.44998008012771606,-1.037665843963623,0.37946057319641113,27,1469,1443
2026-04-02 13:03:11.147,1930.153561047,575216169,左脚+右脚,0.8394228252752615,0.4593385558348204,0.4586268365383148,-1.162235140800476,0.30356544256210327,27,1470,1444
2026-04-02 13:03:11.177,1930.183302999,575249503,左脚+右脚,0.8548606507960947,0.48502096205583767,0.463134765625,-1.355804204940796,0.1279810667037964,27,1471,1445
2026-04-02 13:03:11.207,1930.213643579,575282837,左脚+右脚,0.8708256674790374,0.5413093606111462,0.47895050048828125,-1.6548497676849365,-0.439436137676239,27,1472,1446
2026-04-02 13:03:11.237,1930.243676908,575316171,左脚+右脚,0.8938270303591085,0.5769124728783943,0.6900408864021301,-1.7247670888900757,-0.905081033706665,27,1473,1447
2026-04-02 13:03:11.267,1930.273576391,575349505,左脚+右脚,0.9191513352576884,0.5764831802586354,0.7597291469573975,-1.7271336317062378,-0.9003897905349731,27,1474,1448
2026-04-02 13:03:11.297,1930.304064123,575382839,左脚+右脚,0.9682751589004192,0.26177411937657735,0.9824764728546143,-0.1423453837633133,1.9206215143203735,27,1475,1449
2026-04-02 13:03:11.327,1930.333749331,575416173,左脚+右脚,0.0181530587855967,0.26499201374022185,0.9975579977035522,-0.15490196645259857,1.6395697593688965,27,1476,1450
2026-04-02 13:03:11.387,1930.39370089,575449507,左脚+右脚,0.06970632006565651,0.24396668955131634,1.0310652256011963,0.04585496708750725,1.2090457677841187,27,1477,1451
2026-04-02 13:03:11.421,1930.427972441,575482841,左脚+右脚,0.12229972412029824,0.2512898459549684,1.0518680810928345,-0.009296275675296783,1.1470484733581543,27,1478,1452
2026-04-02 13:03:11.447,1930.453716189,575516175,左脚+右脚,0.1741787724677714,0.24527528139842372,1.037580966949463,0.030589986592531204,1.0301390886306763,27,1479,1453
2026-04-02 13:03:11.477,1930.4836365,575549509,左脚+右脚,0.2183912568275126,0.2652861356497193,0.8842496871948242,-0.06838678568601608,0.7098332047462463,27,1480,1454
2026-04-02 13:03:11.507,1930.513621583,575582843,左脚+右脚,0.2516504906598719,0.4444011960630001,0.6651846766471863,-0.2611205577850342,0.09512047469615936,27,1481,1455
2026-04-02 13:03:11.537,1930.543616769,575616177,左脚+右脚,0.28440478672424874,0.535681530212241,0.6550859212875366,-0.43620747327804565,-0.09946706146001816,27,1482,1456
2026-04-02 13:03:11.567,1930.573432894,575649511,左脚+右脚,0.3168384396020564,0.5572355124501696,0.6486730575561523,-0.4116303622722626,-0.1547609120607376,27,1483,1457
2026-04-02 13:03:11.597,1930.603483453,575682845,左脚+右脚,0.348995574611822,0.5497746291643131,0.6431427001953125,-0.2852603793144226,-0.0922403335571289,27,1484,1458
2026-04-02 13:03:11.627,1930.633375317,575716179,左脚+右脚,0.37248279680649365,0.2796695411932599,0.7046166658401489,-0.08535391092300415,0.45254382491111755,27,1485,1459
2026-04-02 13:03:11.687,1930.693364567,575749513,左脚+右脚,0.3983155690614375,0.26335040673253035,0.7749831676483154,-0.06528075039386749,0.776408851146698,27,1486,1460
2026-04-02 13:03:11.717,1930.723348976,575782847,左脚+右脚,0.4258508327587438,0.3080766120003091,0.8260579109191895,-0.3021240830421448,0.7908707857131958,27,1487,1461
2026-04-02 13:03:11.747,1930.753385328,575816181,左脚+右脚,0.45627345671097363,0.013470685632956596,0.9126787185668945,0.5339964032173157,0.04530505836009979,27,1488,1462
2026-04-02 13:03:11.777,1930.783475262,575849515,左脚+右脚,0.4862447821084651,0.009082437436672199,0.8991397619247437,0.49325332045555115,0.028178904205560684,27,1489,1463
2026-04-02 13:03:11.807,1930.813407363,575882849,左脚+右脚,0.5302441142980251,0.9717721655247442,0.8799866437911987,0.3319980204105377,-0.05950870364904404,27,1490,1464
2026-04-02 13:03:11.837,1930.843295466,575916183,左脚+右脚,0.5777235471192989,0.8800687640117567,0.9495886564254761,0.3891667127609253,-0.3651355803012848,27,1491,1465
2026-04-02 13:03:11.867,1930.873428532,575949517,左脚+右脚,0.6308239005986842,0.7562199093442958,1.0620070695877075,0.03159696236252785,-0.8080909252166748,27,1492,1466
2026-04-02 13:03:11.897,1930.903551072,575982851,左脚+右脚,0.6858441316072139,0.7020155322795341,1.1004046201705933,-0.25895068049430847,-0.8327047228813171,27,1493,1467
2026-04-02 13:03:11.927,1930.933373125,576016185,左脚+右脚,0.7218993269387874,0.6745412850198269,1.0816558599472046,-0.3828202486038208,-0.7460038065910339,27,1494,1468
2026-04-02 13:03:11.987,1930.993433724,576049519,左脚+右脚,0.7518238905056311,0.5800545498549032,0.8977369070053101,-0.8494935035705566,-0.467392235994339,27,1495,1469
2026-04-02 13:03:12.017,1931.023451388,576082853,左脚+右脚,0.7814155978941911,0.5774371464528594,0.8877512216567993,-0.851487934589386,-0.4504092037677765,27,1496,1470
2026-04-02 13:03:12.047,1931.053497654,576116187,左脚+右脚,0.8107942584141089,0.5784898849839455,0.8813598155975342,-0.8765257000923157,-0.4710996150970459,27,1497,1471
2026-04-02 13:03:12.077,1931.083563849,576149521,左脚+右脚,0.8223818135298548,0.8223818135298548,1.070817232131958,0.48953714966773987,-1.0011507272720337,27,1498,1472
2026-04-02 13:03:12.107,1931.1133179,576182855,左脚+右脚,0.8752217483557521,0.9001725968564545,1.0567986965179443,0.7304918169975281,-0.5295239686965942,27,1499,1473
2026-04-02 13:03:12.137,1931.143472835,576216189,左脚+右脚,0.9268649470843134,0.982569954663163,1.032863974571228,1.1815303564071655,-0.12991653382778168,27,1500,1474
2026-04-02 13:03:12.167,1931.1736073,576249523,左脚+右脚,0.9749713313616571,0.9908964417646472,0.962127685546875,1.3223707675933838,-0.07572133839130402,27,1501,1475
2026-04-02 13:03:12.197,1931.203658016,576282857,左脚+右脚,0.020366055969124774,0.028130887322802712,0.907894492149353,1.2485747337341309,0.22301481664180756,27,1502,1476
2026-04-02 13:03:12.227,1931.233373374,576316191,左脚+右脚,0.06453563094509218,0.11960727066953647,0.8833914995193481,0.7829552888870239,0.7316166162490845,27,1503,1477
2026-04-02 13:03:12.287,1931.293631015,576349525,左脚+右脚,0.10350869417560671,0.18470926633208734,0.7794612646102905,0.603169858455658,1.3868869543075562,27,1504,1478
2026-04-02 13:03:12.317,1931.323392368,576382859,左脚+右脚,0.14135317027938937,0.16247765235046294,0.7568895220756531,1.140992522239685,1.8613438606262207,27,1505,1479
2026-04-02 13:03:12.347,1931.353339943,576416193,左脚+右脚,0.165874012513683,0.14145401219017864,0.7356252670288086,1.510453701019287,1.8601675033569336,27,1506,1480
2026-04-02 13:03:12.377,1931.383622647,576449527,左脚+右脚,0.19147597372902012,0.1445748901496514,0.7680588364601135,1.5075284242630005,1.9328116178512573,27,1507,1481
2026-04-02 13:03:12.407,1931.41362555,576482861,左脚+右脚,0.21935987691454664,0.1483353990484631,0.8365170955657959,1.2817696332931519,1.725951075553894,27,1508,1482
2026-04-02 13:03:12.437,1931.443618944,576516195,左脚+右脚,0.2454074166255452,0.1809627112689006,0.781426191329956,0.9383045434951782,2.02571439743042,27,1509,1483
2026-04-02 13:03:12.467,1931.473339413,576549529,左脚+右脚,0.2713361841477213,0.2087255837710314,0.7778630256652832,0.5520489811897278,2.0807743072509766,27,1510,1484
2026-04-02 13:03:12.497,1931.503580829,576582863,左脚+右脚,0.3033780398008483,0.15593615815485568,0.961255669593811,1.2239457368850708,1.8239678144454956,27,1511,1485
2026-04-02 13:03:12.527,1931.533604788,576616197,左脚+右脚,0.33733101904762364,0.1443707446295439,1.0185893774032593,1.3319587707519531,1.7032032012939453,27,1512,1486
2026-04-02 13:03:12.587,1931.593371792,576649531,左脚+右脚,0.37139513314140415,0.13521936250970604,1.0219234228134155,1.5210469961166382,1.7300903797149658,27,1513,1487
2026-04-02 13:03:12.617,1931.623627559,576682865,左脚+右脚,0.408853242997056,0.1451380185670074,1.1237432956695557,1.3457218408584595,1.738004207611084,27,1514,1488
2026-04-02 13:03:12.647,1931.653613334,576716199,左脚+右脚,0.44526126206291294,0.14937480272152504,1.092240571975708,1.3362960815429688,1.8241417407989502,27,1515,1489
2026-04-02 13:03:12.677,1931.683603998,576749533,左脚+右脚,0.47955711106829424,0.13984345123448802,1.028875470161438,1.3928136825561523,1.6802546977996826,27,1516,1490
2026-04-02 13:03:12.707,1931.713450308,576782867,左脚+右脚,0.5111438177066304,0.14318798778091835,0.9476011991500854,1.286085844039917,1.6195958852767944,27,1517,1491
2026-04-02 13:03:12.737,1931.743604292,576816201,左脚+右脚,0.540292589072114,0.14599856349805812,0.8744631409645081,1.2540347576141357,1.6378077268600464,27,1518,1492
2026-04-02 13:03:12.767,1931.773622119,576849535,左脚+右脚,0.5696955206033844,0.14019654129685072,0.8820879459381104,1.3336670398712158,1.6161860227584839,27,1519,1493
2026-04-02 13:03:12.797,1931.803648089,576882869,左脚+右脚,0.6009516936577616,0.13952416639489937,0.9376851916313171,1.4366191625595093,1.7260411977767944,27,1520,1494
2026-04-02 13:03:12.857,1931.863538478,576916203,左脚+右脚,0.6343625686603047,0.1332631422314355,1.002326250076294,1.4545953273773193,1.6140596866607666,27,1521,1495
2026-04-02 13:03:12.887,1931.893616976,576949537,左脚+右脚,0.6882044337230183,0.11303200695234034,1.0768373012542725,1.6198314428329468,1.3928579092025757,27,1522,1496
2026-04-02 13:03:12.917,1931.923612006,576982871,左脚+右脚,0.7410068831878163,0.0825012388454506,1.0560489892959595,1.635942816734314,0.9331421852111816,27,1523,1497
2026-04-02 13:03:12.950,1931.956654791,577016205,左脚+右脚,0.7927717111545063,0.03696430035101789,1.0352965593338013,0.9516708850860596,0.22509083151817322,27,1524,1498
2026-04-02 13:03:12.977,1931.983632914,577049539,左脚+右脚,0.8427990935283161,0.012721795661363534,1.0005476474761963,0.5913269519805908,0.047367699444293976,27,1525,1499
2026-04-02 13:03:13.007,1932.013608913,577082873,左脚+右脚,0.8886289052205539,0.9485949599111563,0.9165962338447571,0.6184538006782532,-0.20700153708457947,27,1526,1500
2026-04-02 13:03:13.037,1932.043368601,577116207,左脚+右脚,0.9213066311714309,0.8296667366156898,0.9803317785263062,0.2338239550590515,-0.42744189500808716,27,1527,1501
2026-04-02 13:03:13.067,1932.073727598,577149541,左脚+右脚,0.9534147075849033,0.4794991581533373,0.9632422924041748,-0.8736540675163269,0.11316245794296265,27,1528,1502
2026-04-02 13:03:13.097,1932.103696845,577182875,左脚+右脚,0.9852325332201776,0.5197605074375806,0.9545347690582275,-1.0871118307113647,-0.13567250967025757,27,1529,1503
2026-04-02 13:03:13.157,1932.163389043,577216209,左脚+右脚,0.03437243819606861,0.7816695887410438,1.4741971492767334,0.4463852643966675,-2.2136144638061523,27,1530,1504
2026-04-02 13:03:13.187,1932.19354012,577249543,左脚+右脚,0.09469052672756276,0.5075874118606492,1.2063617706298828,-1.4960821866989136,-0.0713769793510437,27,1531,1505
2026-04-02 13:03:13.217,1932.223680293,577282877,左脚+右脚,0.16116082191837391,0.5017212791375452,1.3294059038162231,-1.8669500350952148,-0.020192068070173264,27,1532,1506
2026-04-02 13:03:13.247,1932.253664749,577316211,左脚+右脚,0.20129761616759062,0.8229694514998067,1.2041038274765015,0.7781652212142944,-1.5766445398330688,27,1533,1507
2026-04-02 13:03:13.277,1932.283302378,577349545,左脚+右脚,0.23566216548654,0.8318410741657166,1.0309364795684814,0.4087786376476288,-0.723609983921051,27,1534,1508
2026-04-02 13:03:13.307,1932.313545972,577382879,左脚+右脚,0.2817382725116865,0.5952175257261989,0.9215221405029297,-0.3506927490234375,-0.23903188109397888,27,1535,1509
2026-04-02 13:03:13.337,1932.343551664,577416213,左脚+右脚,0.3291835161087171,0.5649340930334874,0.9489048719406128,-0.5289565324783325,-0.22863991558551788,27,1536,1510
2026-04-02 13:03:13.367,1932.37361824,577449547,左脚+右脚,0.3778405102131025,0.5957733141982557,0.9731398820877075,-0.6573761105537415,-0.45143717527389526,27,1537,1511
2026-04-02 13:03:13.397,1932.403327344,577482881,左脚+右脚,0.4280667873260633,0.6074354778724658,1.0045255422592163,-1.0605411529541016,-0.8489480018615723,27,1538,1512
2026-04-02 13:03:13.427,1932.433710626,577516215,左脚+右脚,0.47597156485291875,0.5863036753682294,0.9580955505371094,-1.003350853919983,-0.604527473449707,27,1539,1513
2026-04-02 13:03:13.487,1932.493531232,577549549,左脚+右脚,0.5259013386604444,0.5333781805695534,0.9985954761505127,-0.9655747413635254,-0.20552363991737366,27,1540,1514
2026-04-02 13:03:13.517,1932.524064339,577582883,左脚+右脚,0.5799775393840925,0.6707575983792529,1.0815240144729614,-0.8670123219490051,-1.5950275659561157,27,1541,1515
2026-04-02 13:03:13.547,1932.553542096,577616217,左脚+右脚,0.6389172347423688,0.6696241005076264,1.1787939071655273,-0.9457857608795166,-1.71079421043396,27,1542,1516
2026-04-02 13:03:13.577,1932.583732562,577649551,左脚+右脚,0.6868638626771426,0.25736601229708106,1.438398838043213,-0.07816588133573532,1.6876977682113647,27,1543,1517
2026-04-02 13:03:13.607,1932.613687847,577682885,左脚+右脚,0.7235429398255802,0.6692414656840214,1.100372314453125,-0.9770068526268005,-1.7572778463363647,27,1544,1518
2026-04-02 13:03:13.637,1932.643226613,577716219,左脚+右脚,0.7628399523136274,0.6639291490028527,1.1789103746414185,-1.23041570186615,-2.048929452896118,27,1545,1519
2026-04-02 13:03:13.667,1932.673531951,577749553,左脚+右脚,0.8306024940845624,0.24673110965325218,1.3552508354187012,0.026182960718870163,1.2746104001998901,27,1546,1520
2026-04-02 13:03:13.697,1932.7035054,577782887,左脚+右脚,0.8878012331363813,0.27390824627118765,1.143974781036377,-0.10480497777462006,0.692421019077301,27,1547,1521
2026-04-02 13:03:13.727,1932.733553834,577816221,左脚+右脚,0.9214550447501,0.5943235209041595,1.00961434841156,-0.2953885495662689,-0.19891571998596191,27,1548,1522
2026-04-02 13:03:13.787,1932.793579908,577849555,左脚+右脚,0.9562203160958743,0.6529947267207088,1.04295814037323,-0.44625768065452576,-0.6391746401786804,27,1549,1523
2026-04-02 13:03:13.817,1932.823585673,577882889,左脚+右脚,0.9912905367252485,0.6647030492890768,1.0521066188812256,-0.4245533049106598,-0.7148330807685852,27,1550,1524
2026-04-02 13:03:13.847,1932.853258847,577916223,左脚+右脚,0.027016706470375906,0.676253178271222,1.0717850923538208,-0.3705398738384247,-0.7416037321090698,27,1551,1525
2026-04-02 13:03:13.877,1932.883483284,577949557,左脚+右脚,0.06348384937020704,0.7162388126024193,1.094014286994934,-0.1366991400718689,-0.6347237825393677,27,1552,1526
2026-04-02 13:03:13.907,1932.913520007,577982891,左脚+右脚,0.10051700592411125,0.8180564904152705,1.1109946966171265,0.22462031245231628,-0.4928766191005707,27,1553,1527
2026-04-02 13:03:13.937,1932.943508568,578016225,左脚+右脚,0.13057575271903973,0.1305757527190398,1.0779732465744019,0.679156482219696,0.728491485118866,27,1554,1528
2026-04-02 13:03:13.967,1932.973431158,578049559,左脚+右脚,0.18505885051071147,0.19233415639774784,1.089661955833435,0.3097209632396698,0.8170768022537231,27,1555,1529
2026-04-02 13:03:13.997,1933.003611478,578082893,左脚+右脚,0.22614836540201802,0.6961014456452734,1.2326854467391968,-0.6108170747756958,-1.7341729402542114,27,1556,1530
2026-04-02 13:03:14.027,1933.033659522,578116227,左脚+右脚,0.2715302372612506,0.21060543225929992,1.3614561557769775,0.32702234387397766,1.294084906578064,27,1557,1531
2026-04-02 13:03:14.089,1933.095311242,578149561,左脚+右脚,0.3160004441577146,0.9585770541142984,1.334106206893921,2.0039069652557373,-0.5336576104164124,27,1558,1532
2026-04-02 13:03:14.147,1933.153267271,578182895,左脚+右脚,0.3899008338290403,0.757685511951248,1.4780077934265137,0.12667863070964813,-2.621277093887329,27,1559,1533
2026-04-02 13:03:14.147,1933.153847448,578216229,左脚+右脚,0.4578943018752286,0.7626150820451819,1.359869360923767,0.18144753575325012,-2.2843902111053467,27,1560,1534
2026-04-02 13:03:14.177,1933.183524534,578249563,左脚+右脚,0.5180951182681272,0.7744097856430037,1.2040163278579712,0.2769128084182739,-1.7913280725479126,27,1561,1535
2026-04-02 13:03:14.207,1933.213298905,578282897,左脚+右脚,0.5735620920497129,0.7843146758917593,1.1093394756317139,0.40184447169303894,-1.8348255157470703,27,1562,1536
2026-04-02 13:03:14.237,1933.24353921,578316231,左脚+右脚,0.6225872521239468,0.7428437655012803,0.9805032014846802,-0.049847397953271866,-1.1078609228134155,27,1563,1537
2026-04-02 13:03:14.298,1933.30464281,578349565,左脚+右脚,0.6535416945455421,0.5604762788943289,0.9286332726478577,-0.7464922666549683,-0.2981443703174591,27,1564,1538
2026-04-02 13:03:14.299,1933.305133171,578382899,左脚+右脚,0.6844231570400744,0.5141876324815301,0.926443874835968,-1.0178556442260742,-0.09097635000944138,27,1565,1539
2026-04-02 13:03:14.328,1933.334235354,578416233,左脚+右脚,0.7171507283685554,0.5233097868339405,0.9818271398544312,-1.146981954574585,-0.1691981703042984,27,1566,1540
2026-04-02 13:03:14.387,1933.393717633,578449567,左脚+右脚,0.7488858704405973,0.5583219967273048,0.9520542621612549,-1.4004677534103394,-0.5374747514724731,27,1567,1541
2026-04-02 13:03:14.417,1933.423617601,578482901,左脚+右脚,0.779575596713816,0.5449161748101927,0.9206917881965637,-1.4670840501785278,-0.42538952827453613,27,1568,1542
2026-04-02 13:03:14.447,1933.453270096,578516235,左脚+右脚,0.808425740861689,0.5040409536912702,0.8655043244361877,-1.4019670486450195,-0.03560367971658707,27,1569,1543
2026-04-02 13:03:14.477,1933.48353397,578549569,左脚+右脚,0.8545881951489,0.614165360557103,1.384873628616333,-1.2794196605682373,-1.1160904169082642,27,1570,1544
2026-04-02 13:03:14.507,1933.513530843,578582903,左脚+右脚,0.9231453800835161,0.33558438689676023,1.3711436986923218,-0.9612011313438416,1.61176598072052,27,1571,1545
2026-04-02 13:03:14.537,1933.543543869,578616237,左脚+右脚,0.994028052154973,0.31726606032559546,1.4176534414291382,-0.7930660247802734,1.7633527517318726,27,1572,1546
2026-04-02 13:03:14.567,1933.57324131,578649571,左脚+右脚,0.06408958679814614,0.33420857047061997,1.4012306928634644,-0.9027776122093201,1.543985366821289,27,1573,1547
2026-04-02 13:03:14.597,1933.603557124,578682905,左脚+右脚,0.13742257601399696,0.31358603493749476,1.4666597843170166,-0.5799298286437988,1.3734898567199707,27,1574,1548
2026-04-02 13:03:14.627,1933.633490797,578716239,左脚+右脚,0.20235307461400306,0.33199662743362207,1.298609972000122,-0.7126385569572449,1.258621335029602,27,1575,1549
2026-04-02 13:03:14.687,1933.693450834,578749573,左脚+右脚,0.25953298455853735,0.3853675446032358,1.143598198890686,-0.8053072690963745,0.7066753506660461,27,1576,1550
2026-04-02 13:03:14.747,1933.753401818,578782907,左脚+右脚,0.30845659023900307,0.5093038501851381,0.978472113609314,-0.8462017178535461,-0.049523528665304184,27,1577,1551
2026-04-02 13:03:14.747,1933.753886747,578816241,左脚+右脚,0.35801753050465857,0.5913237670219527,0.9912188053131104,-0.8399258255958557,-0.5428850054740906,27,1578,1552
2026-04-02 13:03:14.807,1933.813401144,578849575,左脚+右脚,0.4092159832157639,0.6166229869077682,1.023969054222107,-0.9035435318946838,-0.8131053447723389,27,1579,1553
2026-04-02 13:03:14.807,1933.813952117,578882909,左脚+右脚,0.46087108499188695,0.6376032980956634,1.033102035522461,-0.7528146505355835,-0.8825920224189758,27,1580,1554
2026-04-02 13:03:14.837,1933.84361335,578916243,左脚+右脚,0.5134966159500626,0.6647460679515225,1.0525106191635132,-0.454206645488739,-0.7652323246002197,27,1581,1555
2026-04-02 13:03:14.867,1933.873466463,578949577,左脚+右脚,0.5665700102486161,0.6939285339446829,1.0614678859710693,-0.20258894562721252,-0.5510441660881042,27,1582,1556
2026-04-02 13:03:14.897,1933.903576826,578982911,左脚+右脚,0.6010940178869115,0.26752375087615055,1.0357202291488647,-0.10631874203681946,0.9617072939872742,27,1583,1557
2026-04-02 13:03:14.957,1933.963427991,579016245,左脚+右脚,0.652273063325678,0.9804565816188574,1.0235809087753296,0.5504322052001953,-0.06793206185102463,27,1584,1558
2026-04-02 13:03:14.987,1933.993571818,579049579,左脚+右脚,0.7020832821367132,0.8509901419744051,0.9962043762207031,0.5210002064704895,-0.7077931761741638,27,1585,1559
2026-04-02 13:03:15.018,1934.023959817,579082913,左脚+右脚,0.7680939837930547,0.8252756686866061,1.320214033126831,1.1875554323196411,-2.3207626342773438,27,1586,1560
2026-04-02 13:03:15.077,1934.083307286,579116247,左脚+右脚,0.8190260961655613,0.8190260961655613,1.3528145551681519,0.7562513947486877,-1.6329792737960815,27,1587,1561
2026-04-02 13:03:15.078,1934.084543134,579149581,左脚+右脚,0.8616529141866999,0.8195227483489775,1.2788045406341553,0.7571006417274475,-1.6215242147445679,27,1588,1562
2026-04-02 13:03:15.107,1934.113571551,579182915,左脚+右脚,0.902085216343784,0.8528856259228026,1.2129690647125244,0.8380315899848938,-1.1105389595031738,27,1589,1563
2026-04-02 13:03:15.137,1934.143380916,579216249,左脚+右脚,0.9589143231514927,0.978231091968052,1.1365821361541748,1.4318550825119019,-0.1970769166946411,27,1590,1564
2026-04-02 13:03:15.167,1934.173468635,579249583,左脚+右脚,0.009826911986255293,0.10374448648953155,1.0182517766952515,1.0813875198364258,0.8252295851707458,27,1591,1565
2026-04-02 13:03:15.197,1934.203477766,579282917,左脚+右脚,0.053991048038386946,0.13680241154542933,0.8832827210426331,1.3593395948410034,1.5775282382965088,27,1592,1566
2026-04-02 13:03:15.227,1934.233617706,579316251,左脚+右脚,0.09945315569677318,0.1458540786335582,0.9092421531677246,1.5434166193008423,2.011962652206421,27,1593,1567
2026-04-02 13:03:15.289,1934.295387984,579349585,左脚+右脚,0.146483711898708,0.16147572515826175,0.9406111240386963,1.3727800846099854,2.2081480026245117,27,1594,1568
2026-04-02 13:03:15.317,1934.323609948,579382919,左脚+右脚,0.15974579500204256,0.1597457950020426,0.9115792512893677,1.4121705293655396,2.217388391494751,27,1595,1569
2026-04-02 13:03:15.347,1934.353608947,579416253,左脚+右脚,0.1814608160573402,0.18146081605734016,0.8773969411849976,1.0457674264907837,2.2763707637786865,27,1596,1570
2026-04-02 13:03:15.377,1934.383631082,579449587,左脚+右脚,0.209625945877846,0.18624181185614208,0.8449538946151733,0.9510414600372314,2.245638847351074,27,1597,1571
2026-04-02 13:03:15.407,1934.413367115,579482921,左脚+右脚,0.2373098178623278,0.19670637974448593,0.8305161595344543,0.7116754651069641,2.0452966690063477,27,1598,1572
2026-04-02 13:03:15.437,1934.443585577,579516255,左脚+右脚,0.2714519266206184,0.136462320172496,1.0242632627487183,1.6408028602600098,1.8959615230560303,27,1599,1573
2026-04-02 13:03:15.467,1934.473621237,579549589,左脚+右脚,0.3097077015954414,0.10388928657786455,1.14767324924469,1.8687243461608887,1.4287550449371338,27,1600,1574
2026-04-02 13:03:15.497,1934.503633058,579582923,左脚+右脚,0.34902813473524247,0.11700078582101928,1.1796129941940308,1.7750252485275269,1.6050001382827759,27,1601,1575
2026-04-02 13:03:15.529,1934.53532302,579616257,左脚+右脚,0.3908630057094653,0.14522687508844406,1.2550461292266846,1.478023648262024,1.9110755920410156,27,1602,1576
2026-04-02 13:03:15.587,1934.59368331,579649591,左脚+右脚,0.4292746587513049,0.1515599830546398,1.152349591255188,1.2510029077529907,1.7578355073928833,27,1603,1577
2026-04-02 13:03:15.617,1934.623464772,579682925,左脚+右脚,0.4635707183597644,0.15962893654912366,1.0288817882537842,1.0755367279052734,1.686072826385498,27,1604,1578
2026-04-02 13:03:15.648,1934.654754817,579716259,左脚+右脚,0.49252061286749044,0.1472366757513064,0.868496835231781,1.1261401176452637,1.4947208166122437,27,1605,1579
2026-04-02 13:03:15.678,1934.683846667,579749593,左脚+右脚,0.523479090523537,0.13274944008953846,0.9287543296813965,1.3132256269454956,1.447767972946167,27,1606,1580
2026-04-02 13:03:15.707,1934.71347291,579782927,左脚+右脚,0.5564460658945799,0.12246711979447622,0.9890092611312866,1.4537298679351807,1.4081799983978271,27,1607,1581
2026-04-02 13:03:15.737,1934.743621822,579816261,左脚+右脚,0.5911820077814818,0.12398974045187189,1.0420782566070557,1.463380217552185,1.4449191093444824,27,1608,1582
2026-04-02 13:03:15.768,1934.774299736,579849595,左脚+右脚,0.6276330057698648,0.10020447246490242,1.0935299396514893,1.6935412883758545,1.2337571382522583,27,1609,1583
2026-04-02 13:03:15.798,1934.804256995,579882929,左脚+右脚,0.6819501880723398,0.09840512669789378,1.0863436460494995,1.701736569404602,1.2105169296264648,27,1610,1584
2026-04-02 13:03:15.828,1934.833847406,579916263,左脚+右脚,0.7379966620522898,0.0979423267287669,1.120929479598999,1.7271277904510498,1.221030831336975,27,1611,1585
2026-04-02 13:03:15.888,1934.89412037,579949597,左脚+右脚,0.7919610742646616,0.9786208987385046,1.0792882442474365,0.7012836337089539,-0.09477335214614868,27,1612,1586
2026-04-02 13:03:15.919,1934.925173706,579982931,左脚+右脚,0.8456679467278879,0.8819859054244699,1.0741374492645264,0.571658194065094,-0.5235543251037598,27,1613,1587
2026-04-02 13:03:15.949,1934.955145139,580016265,左脚+右脚,0.888842340699649,0.8245456850642318,1.295231819152832,1.1695314645767212,-2.3116238117218018,27,1614,1588
2026-04-02 13:03:15.978,1934.984162277,580049599,左脚+右脚,0.933292913826124,0.824806023989286,1.3335171937942505,1.065163254737854,-2.0968143939971924,27,1615,1589
2026-04-02 13:03:16.007,1935.013629039,580082933,左脚+右脚,0.9769281391221445,0.8199305778678013,1.3090567588806152,0.7117800712585449,-1.5143238306045532,27,1616,1590
2026-04-02 13:03:16.039,1935.045311997,580116267,左脚+右脚,0.017679147314842547,0.8459982220775065,1.2225302457809448,0.8037760853767395,-1.1669096946716309,27,1617,1591
2026-04-02 13:03:16.068,1935.074364744,580149601,左脚+右脚,0.05582668025475344,0.9593032102838679,1.1444259881973267,1.3999320268630981,-0.3659818768501282,27,1618,1592
2026-04-02 13:03:16.097,1935.103373682,580182935,左脚+右脚,0.09104659198901655,0.04750123939318767,1.056597352027893,1.3976106643676758,0.4299730956554413,27,1619,1593
2026-04-02 13:03:16.128,1935.134326843,580216269,左脚+右脚,0.13330794810435773,0.17669568769366492,0.8452271223068237,0.738760769367218,1.4889055490493774,27,1620,1594
2026-04-02 13:03:16.191,1935.197446969,580249603,左脚+右脚,0.1502548963837733,0.15025489638377326,0.8479807376861572,1.4158650636672974,1.9553489685058594,27,1621,1595
2026-04-02 13:03:16.217,1935.223309923,580282937,左脚+右脚,0.161175290817646,0.16117529081764595,0.8966479301452637,1.382623314857483,2.214646577835083,27,1622,1596
2026-04-02 13:03:16.247,1935.253286697,580316271,左脚+右脚,0.19107612776222607,0.16012365847472407,0.8970251083374023,1.403995156288147,2.216146469116211,27,1623,1597
2026-04-02 13:03:16.278,1935.284292475,580349605,左脚+右脚,0.21888162699801506,0.1902305619586201,0.8341649770736694,0.9627957344055176,2.4420745372772217,27,1624,1598
2026-04-02 13:03:16.308,1935.314298401,580382939,左脚+右脚,0.24626480745735546,0.19822921849758773,0.8214954137802124,0.8405086994171143,2.492126941680908,27,1625,1599
2026-04-02 13:03:16.338,1935.344411816,580416273,左脚+右脚,0.2722389917320289,0.20767972246749605,0.7792255282402039,0.6864304542541504,2.520345687866211,27,1626,1600
2026-04-02 13:03:16.367,1935.373362108,580449607,左脚+右脚,0.3051662306732216,0.15390462159644827,0.9878171682357788,1.5794422626495361,2.2900161743164062,27,1627,1601
2026-04-02 13:03:16.398,1935.404273962,580482941,左脚+右脚,0.3404477259264666,0.12278749624925771,1.058444857597351,2.0582971572875977,2.0018510818481445,27,1628,1602
2026-04-02 13:03:16.428,1935.434371174,580516275,左脚+右脚,0.3799097240712522,0.1035726987887853,1.183859944343567,2.0555009841918945,1.5650882720947266,27,1629,1603
2026-04-02 13:03:16.488,1935.494307143,580549609,左脚+右脚,0.4211895287778257,0.10854188403362126,1.2383941411972046,1.7116702795028687,1.3898009061813354,27,1630,1604
2026-04-02 13:03:16.517,1935.523312742,580582943,左脚+右脚,0.4616543750709572,0.12132852049576193,1.2139453887939453,1.5703390836715698,1.4995094537734985,27,1631,1605
2026-04-02 13:03:16.547,1935.553408845,580616277,左脚+右脚,0.49990174181722385,0.1260347134741944,1.1474210023880005,1.439926028251648,1.4587715864181519,27,1632,1606
2026-04-02 13:03:16.577,1935.583339596,580649611,左脚+右脚,0.5317039450751024,0.13833028681272597,0.9540660977363586,1.194501519203186,1.4134467840194702,27,1633,1607
2026-04-02 13:03:16.607,1935.613629287,580682945,左脚+右脚,0.5622129242366828,0.14202531596796028,0.9152693748474121,1.2754662036895752,1.5823471546173096,27,1634,1608
2026-04-02 13:03:16.637,1935.643351732,580716279,左脚+右脚,0.5938159665213304,0.14493195673333528,0.9480912685394287,1.2841593027114868,1.6540675163269043,27,1635,1609
2026-04-02 13:03:16.667,1935.673344855,580749613,左脚+右脚,0.6274484674877203,0.13827259884554075,1.0089750289916992,1.3657304048538208,1.6148732900619507,27,1636,1610
2026-04-02 13:03:16.697,1935.703310781,580782947,左脚+右脚,0.6820003669208563,0.12283002915068147,1.0910379886627197,1.561513066291809,1.519502878189087,27,1637,1611
2026-04-02 13:03:16.731,1935.737135748,580816281,左脚+右脚,0.7373894851154363,0.10015176237339601,1.1077823638916016,1.7979717254638672,1.3089241981506348,27,1638,1612
2026-04-02 13:03:16.790,1935.796349515,580849615,左脚+右脚,0.7935584406799352,0.0909387723225839,1.123379111289978,1.824574589729309,1.1730637550354004,27,1639,1613
2026-04-02 13:03:16.817,1935.823702799,580882949,左脚+右脚,0.8503658573574102,0.02245145459889777,1.1361483335494995,0.5755104422569275,0.08172817528247833,27,1640,1614
2026-04-02 13:03:16.880,1935.886232343,580916283,左脚+右脚,0.9057586114353215,0.9800956994897853,1.1078550815582275,0.6861393451690674,-0.08626043051481247,27,1641,1615
2026-04-02 13:03:16.886,1935.892512397,580949617,左脚+右脚,0.9494954785452561,0.8409584033624815,1.3121060132980347,1.4046874046325684,-2.1842479705810547,27,1642,1616
2026-04-02 13:03:16.907,1935.913257006,580982951,左脚+右脚,0.9958756368106878,0.8391193565175323,1.3914047479629517,1.0161142349243164,-1.6208950281143188,27,1643,1617
2026-04-02 13:03:16.940,1935.945945762,581016285,左脚+右脚,0.0407149712986028,0.8350093406778629,1.3451800346374512,0.7893849611282349,-1.3345983028411865,27,1644,1618
2026-04-02 13:03:16.968,1935.974357315,581049619,左脚+右脚,0.08361262487831471,0.8387030807892373,1.2869296073913574,0.7718312740325928,-1.238403081893921,27,1645,1619
2026-04-02 13:03:16.998,1936.004043547,581082953,左脚+右脚,0.12350171811841684,0.9534318867700377,1.196672797203064,1.2711498737335205,-0.38292405009269714,27,1646,1620
2026-04-02 13:03:17.059,1936.064899103,581116287,左脚+右脚,0.16066095836423594,0.061292494768409575,1.1147772073745728,1.4798098802566528,0.5998446941375732,27,1647,1621
2026-04-02 13:03:17.091,1936.097136028,581149621,左脚+右脚,0.18934455720049898,0.16501075525229028,0.8605079650878906,0.9617451429367065,1.626473069190979,27,1648,1622
2026-04-02 13:03:17.119,1936.125104347,581182955,左脚+右脚,0.21889058756294608,0.16133572884259678,0.8863809108734131,1.3901748657226562,2.2317473888397217,27,1649,1623
2026-04-02 13:03:17.148,1936.153995473,581216289,左脚+右脚,0.25014035907847443,0.16982129964006498,0.9374931454658508,1.3120203018188477,2.3802216053009033,27,1650,1624
2026-04-02 13:03:17.178,1936.184172779,581249623,左脚+右脚,0.28191645351511996,0.1754501649537409,0.9532828330993652,1.2656831741333008,2.501509428024292,27,1651,1625
2026-04-02 13:03:17.207,1936.21357583,581282957,左脚+右脚,0.31139093843562166,0.18491772341085314,0.8842345476150513,1.1669620275497437,2.6928699016571045,27,1652,1626
2026-04-02 13:03:17.237,1936.243567942,581316291,左脚+右脚,0.340184046898909,0.19575170719001794,0.8637932538986206,0.9094692468643188,2.564081907272339,27,1653,1627
2026-04-02 13:03:17.267,1936.273310883,581349625,左脚+右脚,0.3679325124369339,0.21995404332176516,0.8324539661407471,0.49596598744392395,2.595872163772583,27,1654,1628
2026-04-02 13:03:17.297,1936.303414476,581382959,左脚+右脚,0.40336211331151683,0.15566600984641724,1.0628880262374878,1.4855953454971313,2.2057862281799316,27,1655,1629
2026-04-02 13:03:17.327,1936.333528057,581416293,左脚+右脚,0.4414488455401138,0.12104696245649477,1.1426019668579102,1.707490086555481,1.6247090101242065,27,1656,1630
2026-04-02 13:03:17.387,1936.39330956,581449627,左脚+右脚,0.48039890336456653,0.10485627620617463,1.1685017347335815,1.8862743377685547,1.4604179859161377,27,1657,1631
2026-04-02 13:03:17.417,1936.423637012,581482961,左脚+右脚,0.5211283108339981,0.11124166997008504,1.2218822240829468,1.7278674840927124,1.4522700309753418,27,1658,1632
2026-04-02 13:03:17.447,1936.453572116,581516295,左脚+右脚,0.5643670341120438,0.1307724362801765,1.2971616983413696,1.4917218685150146,1.6040526628494263,27,1659,1633
2026-04-02 13:03:17.477,1936.483544668,581549629,左脚+右脚,0.6036960781361934,0.1327072432241847,1.1798713207244873,1.4073829650878906,1.5507454872131348,27,1660,1634
2026-04-02 13:03:17.508,1936.514296474,581582963,左脚+右脚,0.6357900878534989,0.14731567848339386,0.962820291519165,1.221247911453247,1.6226322650909424,27,1661,1635
2026-04-02 13:03:17.537,1936.543587765,581616297,左脚+右脚,0.6679001987721798,0.14686315543595715,0.9633033275604248,1.2423982620239258,1.6410021781921387,27,1662,1636
2026-04-02 13:03:17.567,1936.573363067,581649631,左脚+右脚,0.718085515573251,0.136974027085566,1.0037063360214233,1.3426463603973389,1.561557412147522,27,1663,1637
2026-04-02 13:03:17.597,1936.603530164,581682965,左脚+右脚,0.7696154118325588,0.1361828103138158,1.0305979251861572,1.48531973361969,1.7102203369140625,27,1664,1638
2026-04-02 13:03:17.627,1936.633361482,581716299,左脚+右脚,0.8257503093030331,0.1207113148523354,1.1226979494094849,1.6953800916671753,1.6063871383666992,27,1665,1639
2026-04-02 13:03:17.687,1936.693526801,581749633,左脚+右脚,0.8827564836289761,0.09798865870867164,1.1401234865188599,1.8445357084274292,1.3048404455184937,27,1666,1640
2026-04-02 13:03:17.717,1936.723533159,581782967,左脚+右脚,0.9393323004987117,0.08978923952697579,1.1315163373947144,1.927892804145813,1.2198997735977173,27,1667,1641
2026-04-02 13:03:17.838,1936.844536186,581816301,左脚+右脚,0.9863093447393363,0.9863093447393363,1.1707537174224854,0.5296322107315063,-0.045672159641981125,27,1668,1642
2026-04-02 13:03:17.839,1936.845728125,581849635,左脚+右脚,0.024283189744371603,0.9262533410773129,1.139215350151062,0.7107714414596558,-0.35513371229171753,27,1669,1643
2026-04-02 13:03:17.868,1936.874534081,581882969,左脚+右脚,0.07068803625366929,0.8167977816927855,1.3921453952789307,0.8355199694633484,-1.8724555969238281,27,1670,1644
2026-04-02 13:03:17.869,1936.875569431,581916303,左脚+右脚,0.1199603112246776,0.8097292313807732,1.478168249130249,0.794675350189209,-2.0171403884887695,27,1671,1645
2026-04-02 13:03:17.898,1936.904575134,581949637,左脚+右脚,0.16647096789938057,0.8079840943761882,1.3953197002410889,0.6205365657806396,-1.6272165775299072,27,1672,1646
2026-04-02 13:03:17.899,1936.905629523,581982971,左脚+右脚,0.21122880296967272,0.7961977331536608,1.3427350521087646,0.49398520588874817,-1.653752326965332,27,1673,1647
2026-04-02 13:03:17.927,1936.933251248,582016305,左脚+右脚,0.2534346135165477,0.930589911599879,1.26617431640625,1.1334023475646973,-0.5282163619995117,27,1674,1648
2026-04-02 13:03:17.988,1936.994570495,582049639,左脚+右脚,0.2924178909963553,0.05029807704185106,1.169498324394226,1.2572462558746338,0.41110891103744507,27,1675,1649
2026-04-02 13:03:18.017,1937.023608212,582082973,左脚+右脚,0.3253663134283011,0.13926934950099706,0.988452672958374,1.2848856449127197,1.538722276687622,27,1676,1650
2026-04-02 13:03:18.047,1937.053566896,582116307,左脚+右脚,0.35826891180934356,0.13102614290974185,0.9870779514312744,1.7294255495071411,1.8656108379364014,27,1677,1651
2026-04-02 13:03:18.077,1937.083393392,582149641,左脚+右脚,0.3913482935931469,0.1453023138318627,0.9923814535140991,1.5991390943527222,2.0697035789489746,27,1678,1652
2026-04-02 13:03:18.107,1937.113573184,582182975,左脚+右脚,0.42510056413274855,0.1497067396753053,1.0125681161880493,1.5616681575775146,2.141144037246704,27,1679,1653
2026-04-02 13:03:18.137,1937.143484194,582216309,左脚+右脚,0.4569093894666617,0.16048117681634924,0.954264760017395,1.4638594388961792,2.322161912918091,27,1680,1654
2026-04-02 13:03:18.167,1937.173354023,582249643,左脚+右脚,0.4877709142075166,0.16880092042330844,0.925845742225647,1.2787680625915527,2.2851192951202393,27,1681,1655
2026-04-02 13:03:18.197,1937.203526759,582282977,左脚+右脚,0.5169362179146394,0.18234468928801076,0.8749591112136841,1.099340796470642,2.4284486770629883,27,1682,1656
2026-04-02 13:03:18.227,1937.233672646,582316311,左脚+右脚,0.5535641224887158,0.13197648283029406,1.09883713722229,1.5920602083206177,1.7381311655044556,27,1683,1657
2026-04-02 13:03:18.287,1937.293634267,582349645,左脚+右脚,0.592866467605649,0.09884689569703918,1.1790703535079956,1.9736247062683105,1.41218900680542,27,1684,1658
2026-04-02 13:03:18.317,1937.323489977,582382979,左脚+右脚,0.6333187373187329,0.0942267449047434,1.213568091392517,2.1057422161102295,1.416154146194458,27,1685,1659
2026-04-02 13:03:18.347,1937.353605583,582416313,左脚+右脚,0.6974220605399396,0.0927151006606504,1.2820664644241333,2.0165531635284424,1.3285326957702637,27,1686,1660
2026-04-02 13:03:18.377,1937.383531465,582449647,左脚+右脚,0.7614288242366102,0.1057223882091207,1.2801352739334106,1.8455392122268677,1.4450112581253052,27,1687,1661
2026-04-02 13:03:18.408,1937.414313001,582482981,左脚+右脚,0.8200495930220869,0.10768249655969744,1.1724153757095337,1.735963225364685,1.3940399885177612,27,1688,1662
2026-04-02 13:03:18.437,1937.443402437,582516315,左脚+右脚,0.8705521197821883,0.1362629177932692,1.0100505352020264,1.3925455808639526,1.605029821395874,27,1689,1663
2026-04-02 13:03:18.467,1937.473561283,582549649,左脚+右脚,0.9200966449286726,0.1441762804140693,0.9908905029296875,1.4502685070037842,1.8498260974884033,27,1690,1664
2026-04-02 13:03:18.497,1937.503543978,582582983,左脚+右脚,0.9707993479277875,0.141365804480674,1.0140540599822998,1.5939884185791016,1.9608211517333984,27,1691,1665
2026-04-02 13:03:18.527,1937.533283249,582616317,左脚+右脚,0.02429190593025954,0.13379205139870243,1.0698511600494385,1.646730661392212,1.8395142555236816,27,1692,1666
2026-04-02 13:03:18.587,1937.593526742,582649651,左脚+右脚,0.08053749518654617,0.12026219554970735,1.1249117851257324,1.8337812423706055,1.727729082107544,27,1693,1667
2026-04-02 13:03:18.617,1937.623585229,582682985,左脚+右脚,0.09962051054002884,0.09962051054002889,1.1169469356536865,2.012895345687866,1.4551336765289307,27,1694,1668
2026-04-02 13:03:18.648,1937.654972303,582716319,左脚+右脚,0.13699634214403275,0.093808407387526,1.1212749481201172,2.0828585624694824,1.3928275108337402,27,1695,1669
2026-04-02 13:03:18.677,1937.683634559,582749653,左脚+右脚,0.17609261810940546,0.07901912575677499,1.1728882789611816,0.8459776639938354,0.4583134651184082,27,1696,1670
2026-04-02 13:03:18.707,1937.713613666,582782987,左脚+右脚,0.21400734722775264,0.972536710854813,1.137441873550415,0.5905237793922424,-0.10292254388332367,27,1697,1671
2026-04-02 13:03:18.737,1937.743642581,582816321,左脚+右脚,0.259665796559672,0.8290229353746548,1.3697534799575806,1.0427086353302002,-1.9245731830596924,27,1698,1672
2026-04-02 13:03:18.768,1937.774461505,582849655,左脚+右脚,0.3059151464716796,0.831732349601648,1.3874804973602295,0.9675371646881104,-1.7154461145401,27,1699,1673
2026-04-02 13:03:18.797,1937.803610977,582882989,左脚+右脚,0.35019853254320266,0.8343156470859479,1.328501582145691,0.8076802492141724,-1.3792136907577515,27,1700,1674
2026-04-02 13:03:18.827,1937.833609687,582916323,左脚+右脚,0.4117353632068837,0.8437701033730001,1.2307366132736206,0.8057783842086792,-1.2056028842926025,27,1701,1675
2026-04-02 13:03:18.887,1937.893319734,582949657,左脚+右脚,0.45081562936466973,0.9693125756992378,1.1724079847335815,1.6031824350357056,-0.31300583481788635,27,1702,1676
2026-04-02 13:03:18.917,1937.923533904,582982991,左脚+右脚,0.48557557602884416,0.05507413992594085,1.042798399925232,1.534839153289795,0.5533838868141174,27,1703,1677
2026-04-02 13:03:18.978,1937.984619224,583016325,左脚+右脚,0.5137924029445852,0.14163369932303627,0.846504807472229,1.2442559003829956,1.5358774662017822,27,1704,1678
2026-04-02 13:03:18.979,1937.985181007,583049659,左脚+右脚,0.542303017180781,0.1431173441878643,0.8553184270858765,1.771010160446167,2.2282400131225586,27,1705,1679
2026-04-02 13:03:19.008,1938.014355559,583082993,左脚+右脚,0.5719866428788706,0.14534924150605938,0.890508770942688,1.7536948919296265,2.271122932434082,27,1706,1680
2026-04-02 13:03:19.038,1938.044628604,583116327,左脚+右脚,0.6024587068971201,0.15028764402800823,0.9141619205474854,1.7178637981414795,2.373445510864258,27,1707,1681
2026-04-02 13:03:19.068,1938.074547475,583149661,左脚+右脚,0.6308707807477518,0.17287417262449917,0.8523622155189514,1.3641972541809082,2.591233253479004,27,1708,1682
2026-04-02 13:03:19.098,1938.104565846,583182995,左脚+右脚,0.6585181289927368,0.1881678896060761,0.8294204473495483,1.0011160373687744,2.4458889961242676,27,1709,1683
2026-04-02 13:03:19.127,1938.133458473,583216329,左脚+右脚,0.683824838600179,0.20218885191051372,0.7592012882232666,0.6923937201499939,2.2351036071777344,27,1710,1684
2026-04-02 13:03:19.188,1938.194615188,583249663,左脚+右脚,0.7346452488517964,0.13482204702457354,1.0164082050323486,1.4497514963150024,1.6407184600830078,27,1711,1685
2026-04-02 13:03:19.218,1938.224483783,583282997,左脚+右脚,0.7887342109298908,0.12811302552974407,1.0817792415618896,1.7166712284088135,1.785175085067749,27,1712,1686
2026-04-02 13:03:19.247,1938.25349352,583316331,左脚+右脚,0.8435039832210743,0.1295498043216632,1.0953954458236694,1.7900588512420654,1.8954460620880127,27,1713,1687
2026-04-02 13:03:19.278,1938.284591996,583349665,左脚+右脚,0.902784980735799,0.1490803344768854,1.1856199502944946,1.5212239027023315,2.068542718887329,27,1714,1688
2026-04-02 13:03:19.308,1938.314620019,583382999,左脚+右脚,0.960875995359441,0.16154701633714164,1.1618202924728394,1.3901629447937012,2.238344192504883,27,1715,1689
2026-04-02 13:03:19.339,1938.345391879,583416333,左脚+右脚,0.01559721370699041,0.17267477482869345,1.0944243669509888,1.0926110744476318,2.0690743923187256,27,1716,1690
2026-04-02 13:03:19.367,1938.373429233,583449667,左脚+右脚,0.057589270076771906,0.16352779449865446,0.8398411273956299,0.9803500175476074,1.6232229471206665,27,1717,1691
2026-04-02 13:03:19.398,1938.404608946,583483001,左脚+右脚,0.0997292174911701,0.15763769296358537,0.8427989482879639,1.0116411447525024,1.542983889579773,27,1718,1692
2026-04-02 13:03:19.428,1938.434600743,583516335,左脚+右脚,0.14261423488618963,0.1612009346653683,0.8577003479003906,1.0292255878448486,1.6491756439208984,27,1719,1693
2026-04-02 13:03:19.487,1938.493460641,583549669,左脚+右脚,0.15432128814566037,0.15432128814566035,0.8971438407897949,1.1169984340667725,1.6286301612854004,27,1720,1694
2026-04-02 13:03:19.518,1938.52458805,583583003,左脚+右脚,0.18666369425960283,0.1380580540651316,0.9702721834182739,1.3318318128585815,1.570492148399353,27,1721,1695
2026-04-02 13:03:19.547,1938.55358999,583616337,左脚+右脚,0.22105441796489458,0.11763286940953943,1.0317217111587524,1.6465040445327759,1.5007179975509644,27,1722,1696
2026-04-02 13:03:19.577,1938.583414518,583649671,左脚+右脚,0.25621104943462114,0.09874891722656526,1.0546989440917969,1.8825583457946777,1.3452767133712769,27,1723,1697
2026-04-02 13:03:19.608,1938.614581894,583683005,左脚+右脚,0.28904673166779576,0.9947442322167153,0.9850704669952393,0.4670986831188202,-0.015430592000484467,27,1724,1698
2026-04-02 13:03:19.638,1938.64458672,583716339,左脚+右脚,0.3216146062583516,0.9196167641627067,0.9770362377166748,0.4653157889842987,-0.25727054476737976,27,1725,1699
2026-04-02 13:03:19.668,1938.674537831,583749673,左脚+右脚,0.36809625732608536,0.7936161894913693,0.9296330213546753,0.3117108643054962,-1.1088109016418457,27,1726,1700
2026-04-02 13:03:19.698,1938.70412124,583783007,左脚+右脚,0.43307654964633685,0.8282167244237546,1.2996058464050293,1.0956363677978516,-2.046952962875366,27,1727,1701
2026-04-02 13:03:19.758,1938.764534282,583816341,左脚+右脚,0.49628092753597003,0.8254036837469578,1.2640875577926636,0.9801126718521118,-1.911577582359314,27,1728,1702
2026-04-02 13:03:19.788,1938.794565206,583849675,左脚+右脚,0.5580948959559987,0.8106116951075876,1.2362793684005737,0.6058561205863953,-1.5132001638412476,27,1729,1703
2026-04-02 13:03:19.817,1938.823338075,583883009,左脚+右脚,0.6178876708716939,0.8971379961990669,1.1958554983139038,1.0861294269561768,-0.819358766078949,27,1730,1704
2026-04-02 13:03:19.848,1938.854550804,583916343,左脚+右脚,0.6747986446590016,0.9882648038632715,1.1382194757461548,1.5723737478256226,-0.11614862084388733,27,1731,1705
2026-04-02 13:03:19.878,1938.884594685,583949677,左脚+右脚,0.7243193756312917,0.06472667260157768,0.9904146194458008,1.1789613962173462,0.5077800750732422,27,1732,1706
2026-04-02 13:03:19.908,1938.91452876,583983011,左脚+右脚,0.7654541741580556,0.16778184863233545,0.8226959705352783,1.0013091564178467,1.7627278566360474,27,1733,1707
2026-04-02 13:03:19.938,1938.944387941,584016345,左脚+右脚,0.8073615472287725,0.17519387430589978,0.8381474614143372,1.0455766916275024,2.0582542419433594,27,1734,1708
2026-04-02 13:03:19.969,1938.975528478,584049679,左脚+右脚,0.8509857099027227,0.17908450740135332,0.8724832534790039,1.0659289360046387,2.2318007946014404,27,1735,1709
2026-04-02 13:03:19.998,1939.00454633,584083013,左脚+右脚,0.8941133778066228,0.18190359080723895,0.8625533580780029,1.0853337049484253,2.3799283504486084,27,1736,1710
2026-04-02 13:03:20.028,1939.034538361,584116347,左脚+右脚,0.936465201851804,0.20903003843928952,0.8470364809036255,0.6270125508308411,2.3816978931427,27,1737,1711
2026-04-02 13:03:20.088,1939.094706234,584149681,左脚+右脚,0.9781701873511861,0.2156635498604892,0.8340997099876404,0.5450354814529419,2.487008810043335,27,1738,1712
2026-04-02 13:03:20.118,1939.124537187,584183015,左脚+右脚,0.018081269738156713,0.21375187066466766,0.7982216477394104,0.4935307204723358,2.1293511390686035,27,1739,1713
2026-04-02 13:03:20.148,1939.154365896,584216349,左脚+右脚,0.06846249508567563,0.1502611768871683,1.0076245069503784,1.488061785697937,2.055225372314453,27,1740,1714
2026-04-02 13:03:20.177,1939.183417697,584249683,左脚+右脚,0.12061869907088987,0.1250774095611804,1.0431240797042847,1.9990077018737793,2.000953197479248,27,1741,1715
2026-04-02 13:03:20.208,1939.21453037,584283017,左脚+右脚,0.16016524839111082,0.12799473534502986,1.1863964796066284,1.6668890714645386,1.7308297157287598,27,1742,1716
2026-04-02 13:03:20.238,1939.2445534,584316351,左脚+右脚,0.20183214155542764,0.14300185513297597,1.2500067949295044,1.2994725704193115,1.6325299739837646,27,1743,1717
2026-04-02 13:03:20.267,1939.273395001,584349685,左脚+右脚,0.2416935226093522,0.14717814298857793,1.1958414316177368,1.2352848052978516,1.638334035873413,27,1744,1718
2026-04-02 13:03:20.297,1939.303708133,584383019,左脚+右脚,0.2769813915859452,0.15837993995612745,1.0586360692977905,1.1110249757766724,1.711925745010376,27,1745,1719
2026-04-02 13:03:20.328,1939.334542933,584416353,左脚+右脚,0.3069392145445735,0.15133374667084767,0.8987346887588501,1.0637763738632202,1.490267038345337,27,1746,1720
2026-04-02 13:03:20.388,1939.394412607,584449687,左脚+右脚,0.3372725268970719,0.15470929397360872,0.9099993705749512,1.105851411819458,1.6208347082138062,27,1747,1721
2026-04-02 13:03:20.418,1939.42463168,584483021,左脚+右脚,0.3691879610986303,0.14674004461583745,0.9574630260467529,1.2277517318725586,1.6190526485443115,27,1748,1722
2026-04-02 13:03:20.448,1939.454616616,584516355,左脚+右脚,0.40286741463053133,0.1341733720759152,1.0103836059570312,1.3957716226577759,1.5667126178741455,27,1749,1723
2026-04-02 13:03:20.478,1939.484356698,584549689,左脚+右脚,0.43891618060775506,0.11283231986076964,1.0814629793167114,1.6590784788131714,1.422988772392273,27,1750,1724
2026-04-02 13:03:20.509,1939.515891443,584583023,左脚+右脚,0.4750625114411901,0.09780036762719616,1.0843899250030518,1.7535879611968994,1.2373930215835571,27,1751,1725
2026-04-02 13:03:20.538,1939.54461365,584616357,左脚+右脚,0.5119867504408747,0.11222371128786157,1.1077271699905396,1.390785574913025,1.1836737394332886,27,1752,1726
2026-04-02 13:03:20.568,1939.574550441,584649691,左脚+右脚,0.5637216330340297,0.9916114467676868,1.0346976518630981,0.5752178430557251,-0.030346017330884933,27,1753,1727
2026-04-02 13:03:20.598,1939.604526868,584683025,左脚+右脚,0.6141992629340083,0.8848968085395134,1.0095525979995728,0.523068904876709,-0.4617503583431244,27,1754,1728
2026-04-02 13:03:20.628,1939.63425485,584716359,左脚+右脚,0.6786353946497828,0.8339302012139215,1.2887226343154907,1.247514009475708,-2.142164468765259,27,1755,1729
2026-04-02 13:03:20.688,1939.694546841,584749693,左脚+右脚,0.7463101328184992,0.8360312625062065,1.3534947633743286,0.9446347951889038,-1.5739244222640991,27,1756,1730
2026-04-02 13:03:20.717,1939.723636749,584783027,左脚+右脚,0.8099712432196527,0.8316604220424276,1.2732222080230713,0.8260637521743774,-1.4661614894866943,27,1757,1731
2026-04-02 13:03:20.748,1939.754204821,584816361,左脚+右脚,0.8473412546969302,0.8473412546969302,1.2334842681884766,0.7942715883255005,-1.1325336694717407,27,1758,1732
2026-04-02 13:03:20.778,1939.784543085,584849695,左脚+右脚,0.9055013987875827,0.9859812081089093,1.1632028818130493,1.574353814125061,-0.13903303444385529,27,1759,1733
2026-04-02 13:03:20.808,1939.814630294,584883029,左脚+右脚,0.9584700796461948,0.025634121242769075,1.0593736171722412,1.7690978050231934,0.2874276041984558,27,1760,1734
2026-04-02 13:03:20.838,1939.844616282,584916363,左脚+右脚,0.9999552312947162,0.1597116995209875,0.8297030329704285,1.0057358741760254,1.5784587860107422,27,1761,1735
2026-04-02 13:03:20.868,1939.87437716,584949697,左脚+右脚,0.04223071967133363,0.1555625636600323,0.8455097675323486,1.4243474006652832,2.111882448196411,27,1762,1736
2026-04-02 13:03:20.898,1939.904617529,584983031,左脚+右脚,0.08607276414402802,0.16415929188665523,0.8768408894538879,1.3745383024215698,2.2964446544647217,27,1763,1737
2026-04-02 13:03:20.928,1939.934603454,585016365,左脚+右脚,0.12977583740719634,0.1617780064443839,0.8740614652633667,1.4786003828048706,2.38846755027771,27,1764,1738
2026-04-02 13:03:20.987,1939.993406723,585049699,左脚+右脚,0.17196783755787687,0.18731694503834934,0.8438400030136108,1.0462077856063843,2.5175750255584717,27,1765,1739
2026-04-02 13:03:21.018,1940.024527465,585083033,左脚+右脚,0.1980129418312398,0.19801294183123985,0.8179086446762085,0.8651046752929688,2.5535900592803955,27,1766,1740
2026-04-02 13:03:21.048,1940.054541332,585116367,左脚+右脚,0.2066377250615457,0.20663772506154568,0.7682508826255798,0.6726036071777344,2.4073052406311035,27,1767,1741
2026-04-02 13:03:21.078,1940.084572054,585149701,左脚+右脚,0.23997637115555,0.14801622757423705,1.0001593828201294,1.6605510711669922,2.226651668548584,27,1768,1742
2026-04-02 13:03:21.108,1940.114545647,585183035,左脚+右脚,0.27735569956538075,0.11924394395896022,1.1213798522949219,1.8764976263046265,1.7454478740692139,27,1769,1743
2026-04-02 13:03:21.138,1940.144593627,585216369,左脚+右脚,0.31532163702087596,0.1214649220305831,1.138978123664856,1.9375447034835815,1.8533296585083008,27,1770,1744
2026-04-02 13:03:21.168,1940.174529178,585249703,左脚+右脚,0.35636960350113106,0.12676720754294205,1.2314389944076538,1.6081652641296387,1.6442809104919434,27,1771,1745
2026-04-02 13:03:21.199,1940.205349618,585283037,左脚+右脚,0.39683310670293365,0.1409761946558088,1.2139050960540771,1.4724608659744263,1.8022938966751099,27,1772,1746
2026-04-02 13:03:21.227,1940.233481231,585316371,左脚+右脚,0.4330438185000121,0.14161255475801568,1.0863213539123535,1.493981122970581,1.8436310291290283,27,1773,1747
2026-04-02 13:03:21.288,1940.294672423,585349705,左脚+右脚,0.46258404734370107,0.15012827981128996,0.886206865310669,1.2642852067947388,1.7430920600891113,27,1774,1748
2026-04-02 13:03:21.318,1940.324370141,585383039,左脚+右脚,0.49301946443952116,0.1468058189684285,0.9130625128746033,1.2674915790557861,1.6728936433792114,27,1775,1749
2026-04-02 13:03:21.348,1940.354422689,585416373,左脚+右脚,0.5240421800080637,0.14540276274479158,0.9306814670562744,1.3806239366531372,1.7892208099365234,27,1776,1750
2026-04-02 13:03:21.378,1940.384534889,585449707,左脚+右脚,0.5572668302321135,0.13724016703600658,0.9967395067214966,1.47156822681427,1.7172999382019043,27,1777,1751
2026-04-02 13:03:21.408,1940.414531247,585483041,左脚+右脚,0.5930912324054737,0.12146232970365911,1.0747320652008057,1.6868590116500854,1.6134873628616333,27,1778,1752
2026-04-02 13:03:21.468,1940.474729902,585516375,左脚+右脚,0.6298797834181487,0.10114454735938304,1.103656530380249,1.8809478282928467,1.387364387512207,27,1779,1753
2026-04-02 13:03:21.469,1940.475611127,585549709,左脚+右脚,0.6847129035257994,0.09538824344425058,1.0966624021530151,1.9411544799804688,1.3261409997940063,27,1780,1754
2026-04-02 13:03:21.497,1940.503566559,585583043,左脚+右脚,0.7386493432783782,0.03710681447614944,1.0787287950515747,0.6335119009017944,0.15043845772743225,27,1781,1755
2026-04-02 13:03:21.528,1940.534565725,585616377,左脚+右脚,0.7923905599379241,0.9914772086531737,1.074824333190918,0.6805646419525146,-0.03647930175065994,27,1782,1756
2026-04-02 13:03:21.588,1940.594604721,585649711,左脚+右脚,0.8155807801349659,0.5810808963968651,0.6957066059112549,-1.15776789188385,-0.646766185760498,27,1783,1757
2026-04-02 13:03:21.618,1940.62453715,585683045,左脚+右脚,0.868470639811327,0.7614529361095176,1.5866957902908325,0.2018757164478302,-2.8005080223083496,27,1784,1758
2026-04-02 13:03:21.678,1940.684280727,585716379,左脚+右脚,0.9187038052344023,0.7524085167571741,1.5069949626922607,0.04113628342747688,-2.718080759048462,27,1785,1759
2026-04-02 13:03:21.679,1940.685323757,585749713,左脚+右脚,0.9481208749874134,0.49273083803184436,0.882512092590332,-1.8010717630386353,0.08231848478317261,27,1786,1760
2026-04-02 13:03:21.738,1940.744540109,585783047,左脚+右脚,0.9846164453291594,0.4689328316301642,1.0948671102523804,-1.9633466005325317,0.38818979263305664,27,1787,1761
2026-04-02 13:03:21.739,1940.745104512,585816381,左脚+右脚,0.02483999612566823,0.8260337616001245,1.2067065238952637,0.7832326292991638,-1.5128079652786255,27,1788,1762
2026-04-02 13:03:21.768,1940.774547779,585849715,左脚+右脚,0.056518541600674335,0.7418492650557318,0.9503563642501831,-0.0203530415892601,-0.39707520604133606,27,1789,1763
2026-04-02 13:03:21.798,1940.80436464,585883049,左脚+右脚,0.10491698267695303,0.5179950559506714,0.9679688215255737,-0.5919252038002014,-0.06721343845129013,27,1790,1764
2026-04-02 13:03:21.828,1940.834634555,585916383,左脚+右脚,0.15485574486491077,0.5043342889115856,0.9987752437591553,-0.7871938347816467,-0.021443061530590057,27,1791,1765
2026-04-02 13:03:21.918,1940.924480828,585949717,左脚+右脚,0.20772519591090077,0.5129887943849414,1.0573890209197998,-0.8786493539810181,-0.07186707854270935,27,1792,1766
2026-04-02 13:03:21.918,1940.92505404,585983051,左脚+右脚,0.25672854664561146,0.5477141451078078,0.9800670146942139,-1.058854579925537,-0.3273063898086548,27,1793,1767
2026-04-02 13:03:21.948,1940.954528773,586016385,左脚+右脚,0.3044226396345794,0.5071522732417395,0.9538818597793579,-0.9357773661613464,-0.042081285268068314,27,1794,1768
2026-04-02 13:03:21.978,1940.984550205,586049719,左脚+右脚,0.34887652280566095,0.5150699555710223,0.8890776634216309,-1.0512958765029907,-0.09984295815229416,27,1795,1769
2026-04-02 13:03:22.008,1941.014358882,586083053,左脚+右脚,0.4200326788687408,0.6626211820806531,1.4231231212615967,-0.9573587775230408,-1.5649409294128418,27,1796,1770
2026-04-02 13:03:22.038,1941.044522511,586116387,左脚+右脚,0.46656116925316055,0.2882637767089959,1.3958547115325928,-0.39739730954170227,1.6209698915481567,27,1797,1771
2026-04-02 13:03:22.098,1941.104547597,586149721,左脚+右脚,0.5130358128014902,0.26921173373219565,1.3942393064498901,-0.1993807852268219,1.6436914205551147,27,1798,1772
2026-04-02 13:03:22.099,1941.105180197,586183055,左脚+右脚,0.5806826202336649,0.6629404936891607,1.3529361486434937,-1.0978187322616577,-1.8026574850082397,27,1799,1773
2026-04-02 13:03:22.128,1941.134304104,586216389,左脚+右脚,0.6491392998162607,0.6602146128617328,1.3691335916519165,-1.1677367687225342,-1.8455548286437988,27,1800,1774
2026-04-02 13:03:22.187,1941.193537913,586249723,左脚+右脚,0.6960342832668325,0.285273664728078,1.4068495035171509,-0.28257808089256287,1.2540489435195923,27,1801,1775
2026-04-02 13:03:22.218,1941.224537902,586283057,左脚+右脚,0.7315229722126028,0.40972289203142476,1.064660668373108,-0.4640599191188812,0.29563602805137634,27,1802,1776
2026-04-02 13:03:22.248,1941.254343724,586316391,左脚+右脚,0.7645930199090343,0.5904086964563837,0.9921014308929443,-0.556364119052887,-0.3550867736339569,27,1803,1777
2026-04-02 13:03:22.278,1941.284668142,586349725,左脚+右脚,0.7989308067424795,0.6239618952891308,1.030133605003357,-0.5808494687080383,-0.5733211636543274,27,1804,1778
2026-04-02 13:03:22.338,1941.34465387,586383059,左脚+右脚,0.8350720552865367,0.6534269399078871,1.0842374563217163,-0.5527495741844177,-0.7963013648986816,27,1805,1779
2026-04-02 13:03:22.339,1941.345320976,586416393,左脚+右脚,0.8713677633070649,0.6759349571354185,1.0888712406158447,-0.38865309953689575,-0.7739814519882202,27,1806,1780
2026-04-02 13:03:22.398,1941.404753187,586449727,左脚+右脚,0.9086468923353852,0.7272874308089614,1.1183738708496094,-0.09072952717542648,-0.6314518451690674,27,1807,1781
2026-04-02 13:03:22.399,1941.405804575,586483061,左脚+右脚,0.9462016173465749,0.7564986464003268,1.1266417503356934,0.02372961863875389,-0.5808266401290894,27,1808,1782
2026-04-02 13:03:22.428,1941.434632536,586516395,左脚+右脚,0.9996538885696432,0.20873378023318778,1.0690454244613647,0.2304321825504303,0.8687218427658081,27,1809,1783
2026-04-02 13:03:22.488,1941.494325146,586549729,左脚+右脚,0.044663481738537625,0.7008570933894411,1.3502877950668335,-0.6125554442405701,-1.920379638671875,27,1810,1784
2026-04-02 13:03:22.517,1941.523518529,586583063,左脚+右脚,0.09673694851633914,0.7493781029920298,1.5622040033340454,-0.008654303848743439,-2.214785099029541,27,1811,1785
2026-04-02 13:03:22.548,1941.554686304,586616397,左脚+右脚,0.14232182187474776,0.9399458604393928,1.3675462007522583,1.7024418115615845,-0.6747143864631653,27,1812,1786
2026-04-02 13:03:22.578,1941.584624349,586649731,左脚+右脚,0.18631511214014895,0.9258769721272577,1.3197987079620361,1.2249374389648438,-0.6156585812568665,27,1813,1787
2026-04-02 13:03:22.608,1941.614438367,586683065,左脚+右脚,0.22939738912023114,0.7830570182023608,1.2924683094024658,0.35779091715812683,-1.6977622509002686,27,1814,1788
2026-04-02 13:03:22.638,1941.644639818,586716399,左脚+右脚,0.27006064338124797,0.9288074373255308,1.2198976278305054,1.1609015464782715,-0.5569415092468262,27,1815,1789
2026-04-02 13:03:22.668,1941.674617369,586749733,左脚+右脚,0.3069927025103272,0.06105272928078547,1.1079617738723755,1.3025543689727783,0.52571040391922,27,1816,1790
2026-04-02 13:03:22.698,1941.704709563,586783067,左脚+右脚,0.33768521232045695,0.13799607652426002,0.920775294303894,1.0527117252349854,1.24037504196167,27,1817,1791
2026-04-02 13:03:22.728,1941.734400765,586816401,左脚+右脚,0.36912123642997946,0.13722888172231565,0.943080723285675,1.544713020324707,1.8024002313613892,27,1818,1792
2026-04-02 13:03:22.788,1941.79458256,586849735,左脚+右脚,0.4014169959489207,0.14467239891712141,0.9688727855682373,1.5387955904006958,1.9753938913345337,27,1819,1793
2026-04-02 13:03:22.818,1941.82469005,586883069,左脚+右脚,0.43526247623202213,0.15665580776001242,1.015364408493042,1.4531880617141724,2.1869001388549805,27,1820,1794
2026-04-02 13:03:22.848,1941.854509684,586916403,左脚+右脚,0.4673538792395295,0.16284650272500892,0.9627420902252197,1.3688675165176392,2.244744062423706,27,1821,1795
2026-04-02 13:03:22.878,1941.884692065,586949737,左脚+右脚,0.4984192757073741,0.17636640632214434,0.9319618940353394,1.1415455341339111,2.288776397705078,27,1822,1796
2026-04-02 13:03:22.908,1941.914653578,586983071,左脚+右脚,0.5282180257900259,0.18729914125191466,0.8939625024795532,0.9587656259536743,2.3064277172088623,27,1823,1797
2026-04-02 13:03:22.939,1941.945413844,587016405,左脚+右脚,0.5627811579171519,0.12920077582120312,1.0368939638137817,1.3112190961837769,1.3823298215866089,27,1824,1798
2026-04-02 13:03:22.968,1941.974533331,587049739,左脚+右脚,0.6013554521663687,0.1076027228269745,1.1572288274765015,1.7344557046890259,1.3913999795913696,27,1825,1799
2026-04-02 13:03:22.998,1942.004713765,587083073,左脚+右脚,0.6409261493150096,0.11075382313874502,1.1871209144592285,1.831437349319458,1.5297653675079346,27,1826,1800
2026-04-02 13:03:23.028,1942.034653109,587116407,左脚+右脚,0.7039841322366099,0.12248475886961857,1.2611596584320068,1.6607526540756226,1.6090729236602783,27,1827,1801
2026-04-02 13:03:23.088,1942.094549638,587149741,左脚+右脚,0.7693872360650401,0.1418154051686147,1.3080620765686035,1.3115088939666748,1.622676968574524,27,1828,1802
2026-04-02 13:03:23.118,1942.124629349,587183075,左脚+右脚,0.8289025215569835,0.13685796297021416,1.1903057098388672,1.3010996580123901,1.5110063552856445,27,1829,1803
2026-04-02 13:03:23.148,1942.154623737,587216409,左脚+右脚,0.8784792093697887,0.14640371002963343,0.9915337562561035,1.1576095819473267,1.5198733806610107,27,1830,1804
2026-04-02 13:03:23.178,1942.184296119,587249743,左脚+右脚,0.9261707572404247,0.14868883187423057,0.9538309574127197,1.1273980140686035,1.5251480340957642,27,1831,1805
2026-04-02 13:03:23.208,1942.214678845,587283077,左脚+右脚,0.9757239608231885,0.1440961537979523,0.9910640716552734,1.2439990043640137,1.5850839614868164,27,1832,1806
2026-04-02 13:03:23.238,1942.244663586,587316411,左脚+右脚,0.028094765371452057,0.13629289626216087,1.047416090965271,1.3017953634262085,1.501003384590149,27,1833,1807
2026-04-02 13:03:23.268,1942.274699447,587349745,左脚+右脚,0.08388600034154484,0.11666807485064182,1.1158246994018555,1.563583254814148,1.407881736755371,27,1834,1808
2026-04-02 13:03:23.298,1942.304426446,587383079,左脚+右脚,0.09792318480751597,0.09792318480751601,1.1355149745941162,1.6675934791564941,1.1786409616470337,27,1835,1809
2026-04-02 13:03:23.328,1942.334693553,587416413,左脚+右脚,0.13576827185890755,0.08954859033996736,1.135352611541748,1.720767617225647,1.0851984024047852,27,1836,1810
2026-04-02 13:03:23.388,1942.39462368,587449747,左脚+右脚,0.1741546763732203,0.08480181155721588,1.1515921354293823,0.8051527738571167,0.4748137295246124,27,1837,1811
2026-04-02 13:03:23.418,1942.424300478,587483081,左脚+右脚,0.21038638092618864,0.9265916501754365,1.0869511365890503,0.732153058052063,-0.3638741672039032,27,1838,1812
2026-04-02 13:03:23.448,1942.454544627,587516415,左脚+右脚,0.25088023481311084,0.8128003846486915,1.214815616607666,0.8020549416542053,-1.926042079925537,27,1839,1813
2026-04-02 13:03:23.478,1942.484545209,587549749,左脚+右脚,0.29634767510038296,0.8170085224056497,1.364023208618164,1.0105884075164795,-2.256760597229004,27,1840,1814
2026-04-02 13:03:23.508,1942.514519251,587583083,左脚+右脚,0.342259106412944,0.8083027395762067,1.377342939376831,0.6146445870399475,-1.6021243333816528,27,1841,1815
2026-04-02 13:03:23.538,1942.544254767,587616417,左脚+右脚,0.4074700448666183,0.8068624110644704,1.3042187690734863,0.5697192549705505,-1.5261809825897217,27,1842,1816
2026-04-02 13:03:23.568,1942.574296655,587649751,左脚+右脚,0.46912129260641017,0.8948384937808063,1.2330249547958374,0.9981470108032227,-0.7758657932281494,27,1843,1817
2026-04-02 13:03:23.598,1942.604622354,587683085,左脚+右脚,0.5079569254074661,0.008595734467370043,1.1650689840316772,1.3443421125411987,0.07267670333385468,27,1844,1818
2026-04-02 13:03:23.627,1942.633243357,587716419,左脚+右脚,0.5406994336599278,0.12648587702910816,0.9822752475738525,0.7946853637695312,0.8096640706062317,27,1845,1819
2026-04-02 13:03:23.688,1942.694491871,587749753,左脚+右脚,0.5708608025068211,0.15121794474507963,0.9048410654067993,1.2539409399032593,1.7539724111557007,27,1846,1820
2026-04-02 13:03:23.718,1942.72452493,587783087,左脚+右脚,0.6019935383155115,0.16007666104656676,0.9339820742607117,1.3550543785095215,2.1374990940093994,27,1847,1821
2026-04-02 13:03:23.748,1942.75455868,587816421,左脚+右脚,0.6334770573928126,0.170584862000947,0.9445055723190308,1.2519855499267578,2.2973103523254395,27,1848,1822
2026-04-02 13:03:23.778,1942.784463433,587849755,左脚+右脚,0.6635740611706344,0.17791978436359868,0.9029101133346558,1.1686261892318726,2.401474714279175,27,1849,1823
2026-04-02 13:03:23.808,1942.814643904,587883089,左脚+右脚,0.6931250446790623,0.19583497715606663,0.8865295052528381,0.804362416267395,2.271523952484131,27,1850,1824
2026-04-02 13:03:23.838,1942.844648337,587916423,左脚+右脚,0.7210228476677505,0.21575421704462533,0.8369340896606445,0.5401903390884399,2.471632957458496,27,1851,1825
2026-04-02 13:03:23.868,1942.874367977,587949757,左脚+右脚,0.7685697738085357,0.17972226710400405,0.9509385228157043,0.9708014726638794,2.0537478923797607,27,1852,1826
2026-04-02 13:03:23.898,1942.904701356,587983091,左脚+右脚,0.8199038688097564,0.14373729640308422,1.026681900024414,1.593415379524231,2.0209059715270996,27,1853,1827
2026-04-02 13:03:23.928,1942.934571093,588016425,左脚+右脚,0.8784836295996277,0.11455366742307121,1.1715952157974243,1.82183837890625,1.5971087217330933,27,1854,1828
2026-04-02 13:03:23.988,1942.99436982,588049759,左脚+右脚,0.9384762052450745,0.1273129842766041,1.1998515129089355,1.5107394456863403,1.5553010702133179,27,1855,1829
2026-04-02 13:03:24.018,1943.024360877,588083093,左脚+右脚,0.0012651149187652422,0.14040052704563688,1.255778193473816,1.345469355583191,1.6347520351409912,27,1856,1830
2026-04-02 13:03:24.048,1943.054530159,588116427,左脚+右脚,0.05990489758592528,0.14027395924574107,1.1727956533432007,1.2881842851638794,1.5626161098480225,27,1857,1831
2026-04-02 13:03:24.078,1943.084595928,588149761,左脚+右脚,0.11092569865327757,0.15678636151967143,1.020416021347046,1.0998551845550537,1.6581192016601562,27,1858,1832
2026-04-02 13:03:24.108,1943.114282669,588183095,左脚+右脚,0.1555190708544683,0.1555190708544683,0.8999952673912048,1.0826548337936401,1.6043083667755127,27,1859,1833
2026-04-02 13:03:24.138,1943.144356984,588216429,左脚+右脚,0.18706638279625093,0.152503892957595,0.946419358253479,1.1440984010696411,1.6279720067977905,27,1860,1834
2026-04-02 13:03:24.168,1943.174559579,588249763,左脚+右脚,0.220155384769721,0.14897667136496348,0.9926700592041016,1.2096726894378662,1.6426562070846558,27,1861,1835
2026-04-02 13:03:24.228,1943.235044473,588283097,左脚+右脚,0.25520292384493665,0.13348926972477024,1.0514261722564697,1.3929232358932495,1.5500494241714478,27,1862,1836
2026-04-02 13:03:24.229,1943.235610051,588316431,左脚+右脚,0.29248208466240083,0.10935656061125501,1.1183748245239258,1.6672711372375488,1.3679708242416382,27,1863,1837
2026-04-02 13:03:24.288,1943.294770757,588349765,左脚+右脚,0.32925126019188083,0.09724407184179454,1.1030752658843994,1.7561235427856445,1.2300102710723877,27,1864,1838
2026-04-02 13:03:24.318,1943.324617799,588383099,左脚+右脚,0.36710549059578096,0.08121432512010972,1.1356269121170044,0.8031502962112427,0.4495493173599243,27,1865,1839
2026-04-02 13:03:24.348,1943.354266266,588416433,左脚+右脚,0.4018264399277003,0.00516669480003559,1.0416284799575806,0.5422145128250122,0.01760825887322426,27,1866,1840
2026-04-02 13:03:24.378,1943.38464731,588449767,左脚+右脚,0.45321637852061103,0.873496748471958,1.0277987718582153,0.5738838911056519,-0.5848284959793091,27,1867,1841
2026-04-02 13:03:24.408,1943.414621915,588483101,左脚+右脚,0.5205855534778864,0.8245258811129224,1.3473834991455078,0.974794864654541,-1.9273147583007812,27,1868,1842
2026-04-02 13:03:24.469,1943.475809762,588516435,左脚+右脚,0.5876807616459161,0.8283379726151021,1.3419041633605957,0.8673481941223145,-1.6174843311309814,27,1869,1843
2026-04-02 13:03:24.470,1943.476288896,588549769,左脚+右脚,0.6509611473785668,0.8344090406718637,1.2656077146530151,0.8548418879508972,-1.4577856063842773,27,1870,1844
2026-04-02 13:03:24.498,1943.504578784,588583103,左脚+右脚,0.7113193259941368,0.8825054780954009,1.2071635723114014,1.028809666633606,-0.9360800385475159,27,1871,1845
2026-04-02 13:03:24.528,1943.534611206,588616437,左脚+右脚,0.7680661009060173,0.9902416598988114,1.1349354982376099,1.696885347366333,-0.104172483086586,27,1872,1846
2026-04-02 13:03:24.589,1943.595167435,588649771,左脚+右脚,0.8176048920856743,0.07608979587152584,0.9907758235931396,1.326143503189087,0.6871821880340576,27,1873,1847
2026-04-02 13:03:24.618,1943.62460502,588683105,左脚+右脚,0.8592226372467309,0.15158375150709755,0.8323549032211304,1.2154206037521362,1.7083773612976074,27,1874,1848
2026-04-02 13:03:24.648,1943.654658066,588716439,左脚+右脚,0.9022119091259271,0.14967102535568286,0.8597854375839233,1.529085636138916,2.0954835414886475,27,1875,1849
2026-04-02 13:03:24.678,1943.684598393,588749773,左脚+右脚,0.9474038766132623,0.16273719261754235,0.9038393497467041,1.3978056907653809,2.288660764694214,27,1876,1850
2026-04-02 13:03:24.708,1943.714319615,588783107,左脚+右脚,0.9931237743603021,0.16471326951931403,0.9143979549407959,1.3850123882293701,2.3323278427124023,27,1877,1851
2026-04-02 13:03:24.738,1943.744671386,588816441,左脚+右脚,0.03539920313227474,0.19350202093482213,0.8455085754394531,0.899444580078125,2.4264020919799805,27,1878,1852
2026-04-02 13:03:24.768,1943.774621962,588849775,左脚+右脚,0.07575368745196162,0.19946058625574553,0.8070896863937378,0.810276210308075,2.4653117656707764,27,1879,1853
2026-04-02 13:03:24.798,1943.80470923,588883109,左脚+右脚,0.11368079049456416,0.21543015722771416,0.7585420608520508,0.5248423218727112,2.3781838417053223,27,1880,1854
2026-04-02 13:03:24.828,1943.834431397,588916443,左脚+右脚,0.13837746580146848,0.13837746580146854,1.0827325582504272,1.4511022567749023,1.7181137800216675,27,1881,1855
2026-04-02 13:03:24.888,1943.894638697,588949777,左脚+右脚,0.17679104208651283,0.11436355228750372,1.1524072885513306,1.9864952564239502,1.737262487411499,27,1882,1856
2026-04-02 13:03:24.918,1943.924639266,588983111,左脚+右脚,0.21500122348172565,0.1326563078872925,1.1463054418563843,1.8579115867614746,2.045850992202759,27,1883,1857
2026-04-02 13:03:24.948,1943.954428849,589016445,左脚+右脚,0.2565163234840145,0.14601490816397045,1.2454530000686646,1.4730786085128784,1.9242950677871704,27,1884,1858
2026-04-02 13:03:24.978,1943.984796654,589049779,左脚+右脚,0.296512001749904,0.15254499153271772,1.1998703479766846,1.3945754766464233,1.9854730367660522,27,1885,1859
2026-04-02 13:03:25.008,1944.014625558,589083113,左脚+右脚,0.33211974103950564,0.15610594408703518,1.0682321786880493,1.3036736249923706,1.9472676515579224,27,1886,1860
2026-04-02 13:03:25.038,1944.044358999,589116447,左脚+右脚,0.36072129010859233,0.15646757364321098,0.8580464720726013,1.0927151441574097,1.6402133703231812,27,1887,1861
2026-04-02 13:03:25.068,1944.074470994,589149781,左脚+右脚,0.3908967077702592,0.1675257482396602,0.9052625298500061,0.9382143616676331,1.645483374595642,27,1888,1862
2026-04-02 13:03:25.098,1944.104608555,589183115,左脚+右脚,0.42139935691856445,0.16068690602732175,0.9150794744491577,1.035528302192688,1.647404670715332,27,1889,1863
2026-04-02 13:03:25.128,1944.134620333,589216449,左脚+右脚,0.45418675541582804,0.14527741726710963,0.9836219549179077,1.2166815996170044,1.5741946697235107,27,1890,1864
2026-04-02 13:03:25.188,1944.194680205,589249783,左脚+右脚,0.4899295588304907,0.1271453934716998,1.0722841024398804,1.4514509439468384,1.4911189079284668,27,1891,1865
2026-04-02 13:03:25.218,1944.224708332,589283117,左脚+右脚,0.5269832193821977,0.10781170431948446,1.1116098165512085,1.8299839496612549,1.471987247467041,27,1892,1866
2026-04-02 13:03:25.248,1944.254629737,589316451,左脚+右脚,0.5637197713027706,0.1096525438582083,1.1020965576171875,1.8021737337112427,1.4842727184295654,27,1893,1867
2026-04-02 13:03:25.278,1944.284302431,589349785,左脚+右脚,0.6132784525523891,0.9795299480041381,0.9911736249923706,0.39599302411079407,-0.051214199513196945,27,1894,1868
2026-04-02 13:03:25.308,1944.314653728,589383119,左脚+右脚,0.6632106284270992,0.889694717153124,0.9986435174942017,0.48144057393074036,-0.39984023571014404,27,1895,1869
2026-04-02 13:03:25.338,1944.344615984,589416453,左脚+右脚,0.7105777869592419,0.8551462210617959,0.9473431706428528,0.4844534695148468,-0.6233702301979065,27,1896,1870
2026-04-02 13:03:25.368,1944.374607598,589449787,左脚+右脚,0.7608331690202466,0.7891785018315851,1.0051076412200928,0.16699369251728058,-0.664620578289032,27,1897,1871
2026-04-02 13:03:25.398,1944.404303336,589483121,左脚+右脚,0.8097146073082842,0.8097146073082842,1.3258086442947388,0.7798417210578918,-1.980021357536316,27,1898,1872
2026-04-02 13:03:25.428,1944.434560566,589516455,左脚+右脚,0.8518108088870602,0.8171697180467948,1.2628860473632812,0.733324408531189,-1.6331615447998047,27,1899,1873
2026-04-02 13:03:25.518,1944.524314585,589549789,左脚+右脚,0.9106010513087028,0.9106010513087028,1.18369722366333,1.2031837701797485,-0.7572050094604492,27,1900,1874
2026-04-02 13:03:25.518,1944.524852406,589583123,左脚+右脚,0.9270058521125466,0.9270058521125466,1.0868604183197021,1.820928931236267,-0.8990851044654846,27,1901,1875
2026-04-02 13:03:25.548,1944.554600433,589616457,左脚+右脚,0.9720032146338227,0.9720032146338227,1.0589848756790161,1.8618375062942505,-0.3309344947338104,27,1902,1876
2026-04-02 13:03:25.578,1944.58449167,589649791,左脚+右脚,0.021447556293368475,0.04353609990590779,0.988886833190918,1.5396113395690918,0.4319823682308197,27,1903,1877
2026-04-02 13:03:25.608,1944.614495622,589683125,左脚+右脚,0.06610456613338007,0.1527429929417999,0.8931401968002319,0.8544468879699707,1.2197091579437256,27,1904,1878
2026-04-02 13:03:25.638,1944.644439588,589716459,左脚+右脚,0.10449352768695369,0.19250397270828426,0.7677792310714722,0.7222104072570801,1.9114186763763428,27,1905,1879
2026-04-02 13:03:25.668,1944.674518222,589749793,左脚+右脚,0.14323991743361963,0.1792281275405075,0.7749277949333191,1.0485219955444336,2.200458526611328,27,1906,1880
2026-04-02 13:03:25.698,1944.70455158,589783127,左脚+右脚,0.18371156064307703,0.18533489108632437,0.809432864189148,0.976772665977478,2.2702829837799072,27,1907,1881
2026-04-02 13:03:25.728,1944.734497728,589816461,左脚+右脚,0.19302167320813213,0.19302167320813213,0.7953736782073975,0.926050066947937,2.475226879119873,27,1908,1882
2026-04-02 13:03:25.788,1944.794615193,589849795,左脚+右脚,0.21803978904650087,0.18923024436615365,0.750543475151062,1.0024157762527466,2.4964687824249268,27,1909,1883
2026-04-02 13:03:25.818,1944.824620796,589883129,左脚+右脚,0.2430989824192273,0.19453728207537646,0.7517758011817932,0.8279679417610168,2.278958559036255,27,1910,1884
2026-04-02 13:03:25.848,1944.854353263,589916463,左脚+右脚,0.27628782217269615,0.16064778366278265,0.9956651926040649,1.4020211696624756,2.2292356491088867,27,1911,1885
2026-04-02 13:03:25.879,1944.885275378,589949797,左脚+右脚,0.30910018309519166,0.14658565402170573,0.9843708276748657,1.485083818435669,1.9544590711593628,27,1912,1886
2026-04-02 13:03:25.908,1944.914730004,589983131,左脚+右脚,0.3428740543580599,0.14537971663141078,1.0132161378860474,1.3798861503601074,1.7877293825149536,27,1913,1887
2026-04-02 13:03:25.938,1944.944664693,590016465,左脚+右脚,0.3753239475147473,0.12891454121029758,0.9734967947006226,1.7242711782455444,1.8112475872039795,27,1914,1888
2026-04-02 13:03:25.969,1944.975384457,590049799,左脚+右脚,0.4087347748335746,0.15081526638571233,1.0023248195648193,1.3631384372711182,1.8965535163879395,27,1915,1889
2026-04-02 13:03:25.998,1945.004639159,590083133,左脚+右脚,0.4394672833339917,0.15389896928388788,0.9219752550125122,1.289534568786621,1.8695400953292847,27,1916,1890
2026-04-02 13:03:26.028,1945.034617143,590116467,左脚+右脚,0.46686150257354453,0.1593646149623855,0.8218265771865845,1.0787694454193115,1.6849621534347534,27,1917,1891
2026-04-02 13:03:26.088,1945.094267738,590149801,左脚+右脚,0.49158779009744996,0.16972490613555774,0.7417886257171631,0.8052069544792175,1.4586880207061768,27,1918,1892
2026-04-02 13:03:26.118,1945.124672092,590183135,左脚+右脚,0.5166293265875724,0.16028372425089912,0.7512460947036743,0.926905632019043,1.4663410186767578,27,1919,1893
2026-04-02 13:03:26.148,1945.154617493,590216469,左脚+右脚,0.543448043113604,0.14896686261871794,0.8045614957809448,1.0819647312164307,1.4690475463867188,27,1920,1894
2026-04-02 13:03:26.178,1945.184366679,590249803,左脚+右脚,0.5726973158574649,0.1356915128599641,0.8774781823158264,1.3335657119750977,1.5259480476379395,27,1921,1895
2026-04-02 13:03:26.208,1945.214315729,590283137,左脚+右脚,0.6049983364797182,0.11649231993628911,0.9690306186676025,1.5465176105499268,1.3894261121749878,27,1922,1896
2026-04-02 13:03:26.238,1945.244683773,590316471,左脚+右脚,0.6587426048970766,0.09080648946287663,1.074885368347168,1.6846903562545776,1.081150770187378,27,1923,1897
2026-04-02 13:03:26.268,1945.274626399,590349805,左脚+右脚,0.7105098766542024,0.04431028631816269,1.035345435142517,0.7619560360908508,0.21779245138168335,27,1924,1898
2026-04-02 13:03:26.298,1945.304344613,590383139,左脚+右脚,0.7612667900777406,0.04774975145059283,1.0151382684707642,0.6695647239685059,0.20713570713996887,27,1925,1899
2026-04-02 13:03:26.328,1945.334312478,590416473,左脚+右脚,0.80856932823425,0.01922849434747204,0.946050763130188,0.6405056118965149,0.077762171626091,27,1926,1900
2026-04-02 13:03:26.388,1945.394705377,590449807,左脚+右脚,0.8555645865655488,0.9569308706174278,0.9399051666259766,0.5563582181930542,-0.1543428897857666,27,1927,1901
2026-04-02 13:03:26.418,1945.424641039,590483141,左脚+右脚,0.8871472400880402,0.854529223343039,0.9474796056747437,0.2870197296142578,-0.37229230999946594,27,1928,1902
2026-04-02 13:03:26.448,1945.454397051,590516475,左脚+右脚,0.9226852737323986,0.7800309131694396,1.0661410093307495,0.15465709567070007,-0.8098862171173096,27,1929,1903
2026-04-02 13:03:26.478,1945.484680921,590549809,左脚+右脚,0.9598078491743949,0.7941368022614086,1.1136772632598877,0.24907684326171875,-0.8750141859054565,27,1930,1904
2026-04-02 13:03:26.508,1945.514608948,590583143,左脚+右脚,0.9916707180397258,0.5930375122445899,0.9558860659599304,-0.8795273303985596,-0.5820030570030212,27,1931,1905
2026-04-02 13:03:26.538,1945.544596295,590616477,左脚+右脚,0.02184939210181902,0.5660550826857855,0.905360221862793,-0.8899046182632446,-0.3921205401420593,27,1932,1906
2026-04-02 13:03:26.568,1945.574363993,590649811,左脚+右脚,0.05100267553891212,0.559518418187461,0.874598503112793,-0.8553479909896851,-0.33566591143608093,27,1933,1907
2026-04-02 13:03:26.598,1945.604670499,590683145,左脚+右脚,0.09352797890271217,0.5468043229029425,0.850506067276001,-0.8214704394340515,-0.24879202246665955,27,1934,1908
2026-04-02 13:03:26.628,1945.634607652,590716479,左脚+右脚,0.13586190367306739,0.56897591247125,0.8466784954071045,-0.7265633344650269,-0.33620160818099976,27,1935,1909
2026-04-02 13:03:26.688,1945.694475228,590749813,左脚+右脚,0.18104155088032753,0.62021779929786,0.9035929441452026,-0.5671777725219727,-0.5340778827667236,27,1936,1910
2026-04-02 13:03:26.718,1945.724684133,590783147,左脚+右脚,0.2185570083515393,0.8531582001322813,1.1254637241363525,0.9049862623214722,-1.195003628730774,27,1937,1911
2026-04-02 13:03:26.748,1945.754626985,590816481,左脚+右脚,0.25261506661341065,0.9253754536035819,1.0217417478561401,1.248807668685913,-0.6325929164886475,27,1938,1912
2026-04-02 13:03:26.779,1945.785386006,590849815,左脚+右脚,0.2858199042535372,0.9649325012929209,0.9961451292037964,1.3187884092330933,-0.2953714430332184,27,1939,1913
2026-04-02 13:03:26.808,1945.814381693,590883149,左脚+右脚,0.31387389525339476,0.9862601564212841,0.8416197299957275,1.3050602674484253,-0.11294656246900558,27,1940,1914
2026-04-02 13:03:26.838,1945.844668317,590916483,左脚+右脚,0.343139664576108,0.03422132559652598,0.8779730796813965,1.1759803295135498,0.25682827830314636,27,1941,1915
2026-04-02 13:03:26.868,1945.8745959,590949817,左脚+右脚,0.3719747029201734,0.08216967204075377,0.8650511503219604,1.1204956769943237,0.6360408663749695,27,1942,1916
2026-04-02 13:03:26.898,1945.904359207,590983151,左脚+右脚,0.3986136637584912,0.12325840277371836,0.7991688251495361,0.975632905960083,0.9545109272003174,27,1943,1917
2026-04-02 13:03:26.928,1945.934647707,591016485,左脚+右脚,0.4223551275786308,0.16145202107641476,0.712243914604187,0.7513238787651062,1.2081202268600464,27,1944,1918
2026-04-02 13:03:26.988,1945.99462732,591049819,左脚+右脚,0.4421185615118889,0.19721259347049186,0.5929030179977417,0.8196756839752197,2.3800432682037354,27,1945,1919
2026-04-02 13:03:27.018,1946.024255276,591083153,左脚+右脚,0.46296776756212593,0.19990009441523196,0.6254761815071106,0.7962160110473633,2.445276975631714,27,1946,1920
2026-04-02 13:03:27.048,1946.054496232,591116487,左脚+右脚,0.4832803569690931,0.21577022096003867,0.6093776822090149,0.5286374688148499,2.4199395179748535,27,1947,1921
2026-04-02 13:03:27.078,1946.084601783,591149821,左脚+右脚,0.502879172807589,0.2393691110986197,0.5879644751548767,0.15828397870063782,2.366142749786377,27,1948,1922
2026-04-02 13:03:27.108,1946.114614234,591183155,左脚+右脚,0.5222619237955956,0.2569140236076558,0.5814825296401978,-0.10401315242052078,2.3927879333496094,27,1949,1923
2026-04-02 13:03:27.139,1946.145299641,591216489,左脚+右脚,0.5495481910761741,0.16122357005126617,0.8185880184173584,1.6005347967147827,2.565423011779785,27,1950,1924
2026-04-02 13:03:27.168,1946.174633592,591249823,左脚+右脚,0.5760199012812522,0.15517664265106443,0.7941513061523438,1.7654104232788086,2.6039345264434814,27,1951,1925
2026-04-02 13:03:27.198,1946.204585717,591283157,左脚+右脚,0.602565219248985,0.15397590429105695,0.7963595390319824,1.7706024646759033,2.569638967514038,27,1952,1926
2026-04-02 13:03:27.228,1946.234622464,591316491,左脚+右脚,0.6294220748003868,0.15007822161705128,0.8057056665420532,1.6092911958694458,2.217290163040161,27,1953,1927
2026-04-02 13:03:27.288,1946.294649151,591349825,左脚+右脚,0.6575299205836205,0.1462789983987854,0.8432353734970093,1.5195168256759644,1.9917964935302734,27,1954,1928
2026-04-02 13:03:27.318,1946.324619438,591383159,左脚+右脚,0.7013938190993217,0.14476218346784755,0.8772779703140259,1.4743684530258179,1.8948910236358643,27,1955,1929
2026-04-02 13:03:27.348,1946.354627516,591416493,左脚+右脚,0.7428002836760429,0.15286536566374173,0.8281292915344238,1.3940271139144897,1.993210792541504,27,1956,1930
2026-04-02 13:03:27.378,1946.384514645,591449827,左脚+右脚,0.7802093031462577,0.163844576966057,0.7481803894042969,1.1197292804718018,1.8623677492141724,27,1957,1931
2026-04-02 13:03:27.408,1946.41467927,591483161,左脚+右脚,0.8065743120964911,0.19452458963847644,0.5273001790046692,0.5527414679527283,1.5210274457931519,27,1958,1932
2026-04-02 13:03:27.438,1946.444631259,591516495,左脚+右脚,0.8319365205820944,0.2068033138853477,0.5072441697120667,0.42000138759613037,1.5092777013778687,27,1959,1933
2026-04-02 13:03:27.468,1946.474578445,591549829,左脚+右脚,0.8582969310339835,0.19490071624314456,0.5272082090377808,0.5662457942962646,1.569735050201416,27,1960,1934
2026-04-02 13:03:27.499,1946.505326286,591583163,左脚+右脚,0.8907187762316612,0.15713197775526777,0.6484369039535522,1.0605674982070923,1.606452226638794,27,1961,1935
2026-04-02 13:03:27.528,1946.534220792,591616497,左脚+右脚,0.9270670952853111,0.13820287184795932,0.726966381072998,1.486911416053772,1.7565993070602417,27,1962,1936
2026-04-02 13:03:27.590,1946.595959667,591649831,左脚+右脚,0.9671116592940239,0.041255288315438156,0.8008912801742554,0.08301681280136108,0.02201446145772934,27,1963,1937
2026-04-02 13:03:27.620,1946.626047951,591683165,左脚+右脚,0.9795527101907818,0.9795527101907818,0.8549121618270874,0.24470117688179016,-0.03161188215017319,27,1964,1938
2026-04-02 13:03:27.650,1946.655768843,591716499,左脚+右脚,0.008507386977840259,0.984550287003025,0.8686403036117554,0.5524721145629883,-0.05379944667220116,27,1965,1939
2026-04-02 13:03:27.677,1946.683331966,591749833,左脚+右脚,0.036229966218639206,0.0016983823604635243,0.8316773772239685,0.48228058218955994,0.0051467325538396835,27,1966,1940
2026-04-02 13:03:27.709,1946.715252216,591783167,左脚+右脚,0.06413375152684131,0.9912794923308464,0.8371135592460632,0.4713893234729767,-0.025854509323835373,27,1967,1941
2026-04-02 13:03:27.739,1946.745251722,591816501,左脚+右脚,0.0941845438235688,0.952544154505955,0.901523768901825,0.4693768322467804,-0.14425663650035858,27,1968,1942
2026-04-02 13:03:27.769,1946.775282625,591849835,左脚+右脚,0.12734246068732816,0.8223326276746813,0.9947375059127808,0.2434518039226532,-0.4982725977897644,27,1969,1943
2026-04-02 13:03:27.829,1946.835339456,591883169,左脚+右脚,0.16257152769502875,0.7578538488286026,1.056872010231018,0.04045980051159859,-0.8192352056503296,27,1970,1944
2026-04-02 13:03:27.830,1946.83653417,591916503,左脚+右脚,0.19524916622575994,0.6938055516746544,0.980329155921936,-0.22938548028469086,-0.6224455237388611,27,1971,1945
2026-04-02 13:03:27.888,1946.894339815,591949837,左脚+右脚,0.22356353812949734,0.7346772135622919,0.8494311571121216,-0.0544407032430172,-0.5637173056602478,27,1972,1946
2026-04-02 13:03:27.949,1946.955280947,591983171,左脚+右脚,0.24977757149474697,0.7736492588065595,0.786421000957489,0.08519607782363892,-0.569127082824707,27,1973,1947
2026-04-02 13:03:27.950,1946.956417508,592016505,左脚+右脚,0.28990448826091364,0.5254633727254178,0.8025383353233337,-0.792167603969574,-0.1278323382139206,27,1974,1948
2026-04-02 13:03:27.978,1946.984493164,592049839,左脚+右脚,0.32959679477946835,0.5264264638051614,0.7938461303710938,-0.8021546006202698,-0.13442933559417725,27,1975,1949
2026-04-02 13:03:28.012,1947.018359628,592083173,左脚+右脚,0.3677508872105368,0.5400982516830568,0.7630818486213684,-0.7935956120491028,-0.20428301393985748,27,1976,1950
2026-04-02 13:03:28.038,1947.04452022,592116507,左脚+右脚,0.40476672464149077,0.5701336472264016,0.7403167486190796,-0.7102252840995789,-0.33493539690971375,27,1977,1951
2026-04-02 13:03:28.068,1947.074327814,592149841,左脚+右脚,0.44407639914290986,0.6058698745228088,0.7861934900283813,-0.5776165127754211,-0.45312339067459106,27,1978,1952
2026-04-02 13:03:28.098,1947.104300233,592183175,左脚+右脚,0.47280074172751985,0.5638967373875261,0.5744868516921997,-0.998929500579834,-0.4240785539150238,27,1979,1953
2026-04-02 13:03:28.128,1947.134408205,592216509,左脚+右脚,0.4957727726651915,0.5515735666633967,0.4594406187534332,-1.328123927116394,-0.44609835743904114,27,1980,1954
2026-04-02 13:03:28.188,1947.194353413,592249843,左脚+右脚,0.5566304978086241,0.7585853798175771,1.2171545028686523,0.09983621537685394,-1.8489586114883423,27,1981,1955
2026-04-02 13:03:28.218,1947.224437315,592283177,左脚+右脚,0.6080840285970457,0.738951454871104,1.0290706157684326,-0.13048017024993896,-1.876554250717163,27,1982,1956
2026-04-02 13:03:28.249,1947.255054885,592316511,左脚+右脚,0.6518834944917448,0.7270249476673535,0.8759893178939819,-0.2626515030860901,-1.8068081140518188,27,1983,1957
2026-04-02 13:03:28.278,1947.284366619,592349845,左脚+右脚,0.6896723922445066,0.7315718120009722,0.7557779550552368,-0.1764339953660965,-1.5169554948806763,27,1984,1958
2026-04-02 13:03:28.308,1947.314438982,592383179,左脚+右脚,0.7255571182920225,0.7275228189157887,0.7176945209503174,-0.16046400368213654,-1.1286388635635376,27,1985,1959
2026-04-02 13:03:28.338,1947.344564154,592416513,左脚+右脚,0.7487586415165353,0.7046484783062485,0.6960456967353821,-0.24581903219223022,-0.8391919136047363,27,1986,1960
2026-04-02 13:03:28.368,1947.374491136,592449847,左脚+右脚,0.7690110004299568,0.5411671580906618,0.6075707674026489,-1.1085526943206787,-0.29330992698669434,27,1987,1961
2026-04-02 13:03:28.399,1947.405903957,592483181,左脚+右脚,0.7906920051926064,0.5073495861948166,0.6504301428794861,-1.4535030126571655,-0.06716879457235336,27,1988,1962
2026-04-02 13:03:28.429,1947.435079701,592516515,左脚+右脚,0.8129403607401935,0.5029702332504351,0.6674506664276123,-1.55842125415802,-0.029087454080581665,27,1989,1963
2026-04-02 13:03:28.488,1947.494385569,592549849,左脚+右脚,0.8361490404957223,0.5157268845253001,0.696260392665863,-1.656280755996704,-0.1642000526189804,27,1990,1964
2026-04-02 13:03:28.518,1947.524245707,592583183,左脚+右脚,0.8592972334577329,0.5289060267242978,0.694445788860321,-1.6165400743484497,-0.29687055945396423,27,1991,1965
2026-04-02 13:03:28.548,1947.554559346,592616517,左脚+右脚,0.8800188438448993,0.5858634716520318,0.6216483116149902,-1.6146079301834106,-0.966738224029541,27,1992,1966
2026-04-02 13:03:28.578,1947.584340711,592649851,左脚+右脚,0.9101500487678932,0.5845553166236636,0.9039361476898193,-1.7570726871490479,-1.0325144529342651,27,1993,1967
2026-04-02 13:03:28.608,1947.61428873,592683185,左脚+右脚,0.9647650099152015,0.29457754478843934,1.092299222946167,-0.5730478763580322,1.9921660423278809,27,1994,1968
2026-04-02 13:03:28.638,1947.644348606,592716519,左脚+右脚,0.0190274989956305,0.2924226226584694,1.0852497816085815,-0.43863239884376526,1.606438159942627,27,1995,1969
2026-04-02 13:03:28.668,1947.674506743,592749853,左脚+右脚,0.07587889198002076,0.2944050388228927,1.1370278596878052,-0.40137800574302673,1.40108060836792,27,1996,1970
2026-04-02 13:03:28.698,1947.70455092,592783187,左脚+右脚,0.13320212725338199,0.29425420458762375,1.1464647054672241,-0.39793410897254944,1.3940479755401611,27,1997,1971
2026-04-02 13:03:28.728,1947.734433418,592816521,左脚+右脚,0.1885562396400855,0.29615480482332734,1.1070822477340698,-0.3933212161064148,1.3180480003356934,27,1998,1972
2026-04-02 13:03:28.788,1947.794421625,592849855,左脚+右脚,0.24099132183727484,0.31563330075861157,1.0487016439437866,-0.48103731870651245,1.0995864868164062,27,1999,1973
2026-04-02 13:03:28.818,1947.824573709,592883189,左脚+右脚,0.2793439036959098,0.43573112467262864,0.767051637172699,-0.685300886631012,0.2928259074687958,27,2000,1974
2026-04-02 13:03:28.848,1947.854460354,592916523,左脚+右脚,0.3150009340399192,0.519547364440675,0.713140606880188,-0.7954436540603638,-0.09819038212299347,27,2001,1975
2026-04-02 13:03:28.878,1947.884391187,592949857,左脚+右脚,0.35058441225227577,0.5375836562183662,0.7116695642471313,-0.8377938866615295,-0.20160232484340668,27,2002,1976
2026-04-02 13:03:28.908,1947.91453772,592983191,左脚+右脚,0.38556407455143193,0.5426157784116704,0.6995932459831238,-0.7755756378173828,-0.21278002858161926,27,2003,1977
2026-04-02 13:03:28.938,1947.944438074,593016525,左脚+右脚,0.42062124673065404,0.533931726408766,0.7011434435844421,-0.6914278864860535,-0.1496868133544922,27,2004,1978
2026-04-02 13:03:28.968,1947.974320212,593049859,左脚+右脚,0.4472814764930493,0.325957297001746,0.7998068928718567,-0.34601303935050964,0.6691087484359741,27,2005,1979
2026-04-02 13:03:28.998,1948.004564447,593083193,左脚+右脚,0.47658553186592323,0.28010048945366317,0.8791216611862183,-0.19606013596057892,1.0242692232131958,27,2006,1980
2026-04-02 13:03:29.028,1948.03457532,593116527,左脚+右脚,0.506524549559125,0.0557260870984044,0.898170530796051,0.7334549427032471,0.26784610748291016,27,2007,1981
2026-04-02 13:03:29.088,1948.094320725,593149861,左脚+右脚,0.5351630554947939,0.0698709380564601,0.8591551780700684,0.5891345739364624,0.276642382144928,27,2008,1982
2026-04-02 13:03:29.118,1948.124440829,593183195,左脚+右脚,0.5636270628724185,0.07425166912041571,0.8539202213287354,0.588462769985199,0.2963598370552063,27,2009,1983
2026-04-02 13:03:29.148,1948.15457784,593216529,左脚+右脚,0.608150892094144,0.021421670452375623,0.8904765844345093,0.5467334389686584,0.07403593510389328,27,2010,1984
2026-04-02 13:03:29.178,1948.184533646,593249863,左脚+右脚,0.6566340313706485,0.8492157024581353,0.9696627855300903,0.2558754086494446,-0.35585689544677734,27,2011,1985
2026-04-02 13:03:29.208,1948.214316779,593283197,左脚+右脚,0.7118323908600894,0.7226301580581069,1.1039671897888184,-0.15105217695236206,-0.8696886897087097,27,2012,1986
2026-04-02 13:03:29.238,1948.244612217,593316531,左脚+右脚,0.7494419481708295,0.6688734052358281,1.1282867193222046,-0.5078905820846558,-0.9085556268692017,27,2013,1987
2026-04-02 13:03:29.268,1948.274712106,593349865,左脚+右脚,0.7846951113495914,0.6429229719947414,1.057594895362854,-0.5939932465553284,-0.7454763054847717,27,2014,1988
2026-04-02 13:03:29.298,1948.304614159,593383199,左脚+右脚,0.8158299114658125,0.5822971681369025,0.9340440034866333,-0.7800830006599426,-0.44363483786582947,27,2015,1989
2026-04-02 13:03:29.358,1948.364665111,593416533,左脚+右脚,0.8456538544449893,0.5564449414578654,0.8947182893753052,-0.7808883190155029,-0.28917205333709717,27,2016,1990
2026-04-02 13:03:29.388,1948.3946669,593449867,左脚+右脚,0.8751052346183545,0.5298494846749058,0.8835414052009583,-0.7987228631973267,-0.15158182382583618,27,2017,1991
2026-04-02 13:03:29.418,1948.424624172,593483201,左脚+右脚,0.9036837862286654,0.517732285232201,0.8573565483093262,-0.7833855152130127,-0.08764403313398361,27,2018,1992
2026-04-02 13:03:29.448,1948.454279591,593516535,左脚+右脚,0.9314508325212882,0.5374009456658835,0.8330113887786865,-0.7518870830535889,-0.18001726269721985,27,2019,1993
2026-04-02 13:03:29.478,1948.484311747,593549869,左脚+右脚,0.9593777861549145,0.5613797151277058,0.8378086090087891,-0.6743376851081848,-0.2737748622894287,27,2020,1994
2026-04-02 13:03:29.508,1948.514480509,593583203,左脚+右脚,0.9864216989630149,0.6736513463578948,0.8113173842430115,-0.38661354780197144,-0.7431363463401794,27,2021,1995
2026-04-02 13:03:29.538,1948.544425594,593616537,左脚+右脚,0.013899491861828706,0.6683069871276672,0.8243337869644165,-0.4278858006000519,-0.7590811252593994,27,2022,1996
2026-04-02 13:03:29.569,1948.575316395,593649871,左脚+右脚,0.041960180436937555,0.6450580478683963,0.8418206572532654,-0.5489915013313293,-0.708288848400116,27,2023,1997
2026-04-02 13:03:29.598,1948.604380772,593683205,左脚+右脚,0.06706061426338408,0.5368970353572771,0.5020086765289307,-1.1534420251846313,-0.2722993791103363,27,2024,1998
2026-04-02 13:03:29.659,1948.665121219,593716539,左脚+右脚,0.08680087391075347,0.5298367857931341,0.3948051929473877,-1.5910249948501587,-0.30181360244750977,27,2025,1999
2026-04-02 13:03:29.688,1948.694479286,593749873,左脚+右脚,0.10297747317489837,0.533101762950851,0.32353198528289795,-2.030843496322632,-0.42858168482780457,27,2026,2000
2026-04-02 13:03:29.718,1948.724285357,593783207,左脚+右脚,0.13747779790100312,0.7602084222557091,1.035009741783142,0.11157284677028656,-1.7370961904525757,27,2027,2001
2026-04-02 13:03:29.748,1948.754252134,593816541,左脚+右脚,0.1659943288916037,0.7569603199118354,0.8554959297180176,0.07068583369255066,-1.615274429321289,27,2028,2002
2026-04-02 13:03:29.778,1948.784292467,593849875,左脚+右脚,0.19019674125847078,0.77917791219703,0.726072371006012,0.26849550008773804,-1.4481010437011719,27,2029,2003
2026-04-02 13:03:29.808,1948.81446983,593883209,左脚+右脚,0.21062981350756543,0.7930294663448518,0.6129921674728394,0.328594833612442,-1.1856293678283691,27,2030,2004
2026-04-02 13:03:29.838,1948.844350302,593916543,左脚+右脚,0.22945215169128635,0.7926638060117649,0.5646701455116272,0.25522053241729736,-0.9291707277297974,27,2031,2005
2026-04-02 13:03:29.869,1948.875367471,593949877,左脚+右脚,0.2527808538430617,0.5185960007366709,0.4665740430355072,-0.6315145492553711,-0.07412512600421906,27,2032,2006
2026-04-02 13:03:29.898,1948.904321048,593983211,左脚+右脚,0.27780626330312946,0.4714593018973805,0.500508189201355,-1.067696452140808,0.193545401096344,27,2033,2007
2026-04-02 13:03:29.929,1948.935304465,594016545,左脚+右脚,0.3014711624735282,0.45304830947529634,0.47329798340797424,-1.114707112312317,0.3387293517589569,27,2034,2008
2026-04-02 13:03:29.988,1948.994586874,594049879,左脚+右脚,0.3258334851616309,0.4715595221105678,0.48724645376205444,-1.2377952337265015,0.22357489168643951,27,2035,2009
2026-04-02 13:03:30.018,1949.024407068,594083213,左脚+右脚,0.350318506991236,0.5043814544307306,0.48970043659210205,-1.3002506494522095,-0.03580428287386894,27,2036,2010
2026-04-02 13:03:30.048,1949.054329417,594116547,左脚+右脚,0.37656634215053775,0.5797460398196792,0.5249567031860352,-1.5967861413955688,-0.8745254874229431,27,2037,2011
2026-04-02 13:03:30.078,1949.084486674,594149881,左脚+右脚,0.4130777454727576,0.586136497481352,0.730228066444397,-1.6376289129257202,-0.9843422770500183,27,2038,2012
2026-04-02 13:03:30.108,1949.114639757,594183215,左脚+右脚,0.4528530425184653,0.5774668051353857,0.795505940914154,-1.713339924812317,-0.9067093133926392,27,2039,2013
2026-04-02 13:03:30.138,1949.14465405,594216549,左脚+右脚,0.4875224537008689,0.26386328106893114,1.040082335472107,-0.15516605973243713,1.7768489122390747,27,2040,2014
2026-04-02 13:03:30.169,1949.175387355,594249883,左脚+右脚,0.5240877217405723,0.25186263677074616,1.096958041191101,-0.01689164713025093,1.44325852394104,27,2041,2015
2026-04-02 13:03:30.198,1949.204448086,594283217,左脚+右脚,0.5611249631994651,0.2606755705176989,1.1111172437667847,-0.09733931720256805,1.448989748954773,27,2042,2016
2026-04-02 13:03:30.228,1949.234605124,594316551,左脚+右脚,0.5977904783043948,0.2579739924108267,1.0999654531478882,-0.06817655265331268,1.359614372253418,27,2043,2017
2026-04-02 13:03:30.288,1949.294316634,594349885,左脚+右脚,0.6324106679711429,0.26861371221666147,1.0386056900024414,-0.1426561325788498,1.2142025232315063,27,2044,2018
2026-04-02 13:03:30.318,1949.324382122,594383219,左脚+右脚,0.6575079268568443,0.35341778865901846,0.7529177665710449,-0.3673388659954071,0.48341819643974304,27,2045,2019
2026-04-02 13:03:30.348,1949.354533218,594416553,左脚+右脚,0.6790767139547752,0.46790025396205953,0.6470636129379272,-0.4988784193992615,0.1020050123333931,27,2046,2020
2026-04-02 13:03:30.378,1949.38438899,594449887,左脚+右脚,0.7006694541726198,0.48853648845556963,0.6477822065353394,-0.5911620259284973,0.042653631418943405,27,2047,2021
2026-04-02 13:03:30.409,1949.415771227,594483221,左脚+右脚,0.7222464905533876,0.4879209900710188,0.6473110914230347,-0.535611629486084,0.040728289633989334,27,2048,2022
2026-04-02 13:03:30.438,1949.444529037,594516555,左脚+右脚,0.744089288150637,0.4419944391301914,0.6552839279174805,-0.39614519476890564,0.1511305719614029,27,2049,2023
2026-04-02 13:03:30.468,1949.474356536,594549889,左脚+右脚,0.7690117802573926,0.2760481571317695,0.7476747632026672,-0.1307828575372696,0.7919391393661499,27,2050,2024
2026-04-02 13:03:30.498,1949.504511618,594583223,左脚+右脚,0.7961661623272982,0.2709987459829789,0.814631462097168,-0.13938547670841217,1.050301432609558,27,2051,2025
2026-04-02 13:03:30.528,1949.534229234,594616557,左脚+右脚,0.839241115883359,0.27689190451356444,0.8614990711212158,-0.1665775328874588,0.9764595031738281,27,2052,2026
2026-04-02 13:03:30.588,1949.59462158,594649891,左脚+右脚,0.8804178552184192,0.08235974226949393,0.8235347867012024,0.6391300559043884,0.36380723118782043,27,2053,2027
2026-04-02 13:03:30.618,1949.624623332,594683225,左脚+右脚,0.9202196077857104,0.14099737487203087,0.7960350513458252,0.3920135200023651,0.47995537519454956,27,2054,2028
2026-04-02 13:03:30.648,1949.654332187,594716559,左脚+右脚,0.9636067406687824,0.06089534386512153,0.867742657661438,0.584381103515625,0.2351842224597931,27,2055,2029
2026-04-02 13:03:30.678,1949.684613683,594749893,左脚+右脚,0.995547057822713,0.888161748779589,0.9582095146179199,0.2249760627746582,-0.19053564965724945,27,2056,2030
2026-04-02 13:03:30.708,1949.714611242,594783227,左脚+右脚,0.03182111743625882,0.727460072874348,1.088221788406372,-0.11167140305042267,-0.7832355499267578,27,2057,2031
2026-04-02 13:03:30.738,1949.744622345,594816561,左脚+右脚,0.07018462581969184,0.6744988131345897,1.1509052515029907,-0.4576806128025055,-0.8912989497184753,27,2058,2032
2026-04-02 13:03:30.768,1949.774377362,594849895,左脚+右脚,0.10720323486662788,0.656585435180087,1.110558271408081,-0.5206021666526794,-0.7827022671699524,27,2059,2033
2026-04-02 13:03:30.798,1949.804773703,594883229,左脚+右脚,0.13972647749917588,0.6154668053414059,0.9756972789764404,-0.6695069074630737,-0.5937487483024597,27,2060,2034
2026-04-02 13:03:30.828,1949.8347303,594916563,左脚+右脚,0.18599303030507647,0.5709987183462066,0.9253310561180115,-0.709358274936676,-0.3392518162727356,27,2061,2035
2026-04-02 13:03:30.888,1949.894376023,594949897,左脚+右脚,0.23120231294171892,0.5648000323162443,0.9041856527328491,-0.6798676252365112,-0.2931913733482361,27,2062,2036
2026-04-02 13:03:30.918,1949.924533423,594983231,左脚+右脚,0.2745914425803908,0.5584565031664553,0.8677825927734375,-0.6717883944511414,-0.2584720849990845,27,2063,2037
2026-04-02 13:03:30.948,1949.954489065,595016565,左脚+右脚,0.3169729616595992,0.5725667865774178,0.8476303815841675,-0.6552801132202148,-0.32135945558547974,27,2064,2038
2026-04-02 13:03:30.978,1949.98436896,595049899,左脚+右脚,0.3590947892619857,0.5837164474359162,0.8424365520477295,-0.6238598823547363,-0.36219078302383423,27,2065,2039
2026-04-02 13:03:31.008,1950.014405367,595083233,左脚+右脚,0.40133812689321124,0.6457643967874267,0.8448667526245117,-0.5404252409934998,-0.7036646008491516,27,2066,2040
2026-04-02 13:03:31.038,1950.044666051,595116567,左脚+右脚,0.4441630091621169,0.6501811140808711,0.8564976453781128,-0.5271834135055542,-0.7273448705673218,27,2067,2041
2026-04-02 13:03:31.068,1950.074613558,595149901,左脚+右脚,0.4843906309558638,0.6501165043384697,0.804552435874939,-0.5498401522636414,-0.7579562067985535,27,2068,2042
2026-04-02 13:03:31.098,1950.104366791,595183235,左脚+右脚,0.5124762918903121,0.5799154191527331,0.5617132186889648,-0.9370758533477783,-0.5145134925842285,27,2069,2043
2026-04-02 13:03:31.128,1950.134653113,595216569,左脚+右脚,0.5365973901106604,0.560194831494851,0.48242196440696716,-1.2081822156906128,-0.48006486892700195,27,2070,2044
2026-04-02 13:03:31.188,1950.194591358,595249903,左脚+右脚,0.5476770500543389,0.5476770500543389,0.3693539500236511,-1.6742520332336426,-0.5171066522598267,27,2071,2045
2026-04-02 13:03:31.248,1950.254635669,595283237,左脚+右脚,0.5518539705032369,0.5518539705032369,0.32668283581733704,-1.853555679321289,-0.6262198090553284,27,2072,2046
2026-04-02 13:03:31.249,1950.255295905,595316571,左脚+右脚,0.5623432187392573,0.5504555611429498,0.3146774470806122,-1.8992652893066406,-0.6231246590614319,27,2073,2047
2026-04-02 13:03:31.278,1950.284618356,595349905,左脚+右脚,0.5727344868733745,0.5547550654626969,0.3117380440235138,-1.9146183729171753,-0.6859784126281738,27,2074,2048
2026-04-02 13:03:31.308,1950.31468863,595383239,左脚+右脚,0.6170448360993724,0.8150833467487941,0.8862069845199585,0.573093056678772,-1.322439432144165,27,2075,2049
2026-04-02 13:03:31.338,1950.344420366,595416573,左脚+右脚,0.6531398830964428,0.8406659885975498,0.7219009399414062,0.6487208604812622,-1.0128275156021118,27,2076,2050
2026-04-02 13:03:31.368,1950.374612491,595449907,左脚+右脚,0.6812569914414746,0.8283584424465372,0.5623421669006348,0.4040430188179016,-0.7532516717910767,27,2077,2051
2026-04-02 13:03:31.398,1950.404608208,595483241,左脚+右脚,0.6980998454644542,0.6812395131913569,0.5052856206893921,-0.19240327179431915,-0.4172826409339905,27,2078,2052
2026-04-02 13:03:31.428,1950.434724287,595516575,左脚+右脚,0.7137907314453782,0.581364797430945,0.4707265794277191,-0.29741591215133667,-0.16684283316135406,27,2079,2053
2026-04-02 13:03:31.488,1950.494536413,595549909,左脚+右脚,0.729305234368072,0.5376373780491053,0.46543508768081665,-0.5230401754379272,-0.12604843080043793,27,2080,2054
2026-04-02 13:03:31.518,1950.524607206,595583243,左脚+右脚,0.74422959865672,0.5484516178962572,0.4477309286594391,-0.8210145235061646,-0.25796061754226685,27,2081,2055
2026-04-02 13:03:31.548,1950.554627808,595616577,左脚+右脚,0.7612208444033326,0.6148268324354985,0.5097373723983765,-1.0211011171340942,-0.898249089717865,27,2082,2056
2026-04-02 13:03:31.578,1950.584220816,595649911,左脚+右脚,0.7793099401547771,0.626851848613069,0.542672872543335,-1.020167350769043,-1.0441882610321045,27,2083,2057
2026-04-02 13:03:31.608,1950.614604007,595683245,左脚+右脚,0.7997688569778463,0.6391738979410814,0.6137675046920776,-0.9651005268096924,-1.1543538570404053,27,2084,2058
2026-04-02 13:03:31.638,1950.644616742,595716579,左脚+右脚,0.8209954061264059,0.6480416398714337,0.6367964744567871,-0.9868881106376648,-1.3237704038619995,27,2085,2059
2026-04-02 13:03:31.668,1950.674597319,595749913,左脚+右脚,0.8487797655815145,0.6663087772594289,0.8335307836532593,-0.9170777797698975,-1.580208420753479,27,2086,2060
2026-04-02 13:03:31.698,1950.704440158,595783247,左脚+右脚,0.8775607464864115,0.6692986109295136,0.8634294271469116,-0.9498439431190491,-1.709867000579834,27,2087,2061
2026-04-02 13:03:31.728,1950.734578755,595816581,左脚+右脚,0.9383049784257272,0.17043519800390106,1.214884638786316,0.6764285564422607,1.2384284734725952,27,2088,2062
2026-04-02 13:03:31.788,1950.794568621,595849915,左脚+右脚,0.9952699182584146,0.16677081120959353,1.1392987966537476,0.6367713809013367,1.1045889854431152,27,2089,2063
2026-04-02 13:03:31.818,1950.8243945,595883249,左脚+右脚,0.04295796137593788,0.15564930891466203,0.9537608623504639,0.47671595215797424,0.7076593041419983,27,2090,2064
2026-04-02 13:03:31.848,1950.854515584,595916583,左脚+右脚,0.07204479102818273,0.07204479102818277,0.750635027885437,0.2550806701183319,0.12405932694673538,27,2091,2065
2026-04-02 13:03:31.878,1950.884533204,595949917,左脚+右脚,0.09615786994028193,0.8873973604603203,0.7233923673629761,0.1010294258594513,-0.08640002459287643,27,2092,2066
2026-04-02 13:03:31.908,1950.914411257,595983251,左脚+右脚,0.12021163428354364,0.889524544782507,0.7216129302978516,0.12956352531909943,-0.10783783346414566,27,2093,2067
2026-04-02 13:03:31.938,1950.944525267,596016585,左脚+右脚,0.14418814703353347,0.018216268725013647,0.7192953824996948,0.25675979256629944,0.029516752809286118,27,2094,2068
2026-04-02 13:03:31.968,1950.97449707,596049919,左脚+右脚,0.16885988438654048,0.11493219541095893,0.74015212059021,0.4779984652996063,0.4210505485534668,27,2095,2069
2026-04-02 13:03:31.998,1951.004561588,596083253,左脚+右脚,0.19502927188603186,0.14291797515315338,0.7850816249847412,0.49802300333976746,0.6249909996986389,27,2096,2070
2026-04-02 13:03:32.028,1951.034291667,596116587,左脚+右脚,0.22443827117014034,0.14367714964477535,0.8822699785232544,0.5186952352523804,0.6573426723480225,27,2097,2071
2026-04-02 13:03:32.088,1951.094560803,596149921,左脚+右脚,0.25580307368962074,0.13425542896200654,0.9409440755844116,0.500219464302063,0.5620648264884949,27,2098,2072
2026-04-02 13:03:32.118,1951.124534742,596183255,左脚+右脚,0.2640773049603007,0.2640773049603007,0.9324721097946167,-0.047556545585393906,0.5362610816955566,27,2099,2073
2026-04-02 13:03:32.150,1951.156334241,596216589,左脚+右脚,0.31395131266217446,0.33295002357649683,0.9974801540374756,-0.26658228039741516,0.46431297063827515,27,2100,2074
2026-04-02 13:03:32.178,1951.184540547,596249923,左脚+右脚,0.3464176527271769,0.9580322038275633,0.9739902019500732,0.33411988615989685,-0.09020505845546722,27,2101,2075
2026-04-02 13:03:32.238,1951.244555685,596283257,左脚+右脚,0.39806367671590065,0.7520667373611303,1.032920479774475,0.008024241775274277,-0.6178946495056152,27,2102,2076
2026-04-02 13:03:32.239,1951.245710664,596316591,左脚+右脚,0.44973347699742533,0.7190781097731047,1.0333960056304932,-0.15671312808990479,-0.7964275479316711,27,2103,2077
2026-04-02 13:03:32.268,1951.274355583,596349925,左脚+右脚,0.5027956835041545,0.6799352568062704,1.0612441301345825,-0.34682902693748474,-0.7362716197967529,27,2104,2078
2026-04-02 13:03:32.298,1951.304378829,596383259,左脚+右脚,0.5488705090294383,0.7182639767649822,0.9214965105056763,-0.11456996202468872,-0.566928505897522,27,2105,2079
2026-04-02 13:03:32.328,1951.334519981,596416593,左脚+右脚,0.5582812591537543,0.5582812591537543,0.8573122024536133,-0.77469402551651,-0.2970863878726959,27,2106,2080
2026-04-02 13:03:32.388,1951.394300638,596449927,左脚+右脚,0.5861687147761094,0.5507045441342218,0.8366236686706543,-0.7345369458198547,-0.24226564168930054,27,2107,2081
2026-04-02 13:03:32.418,1951.424612165,596483261,左脚+右脚,0.6137858156506923,0.5649074545038807,0.8285130262374878,-0.6767257452011108,-0.292378306388855,27,2108,2082
2026-04-02 13:03:32.448,1951.45461423,596516595,左脚+右脚,0.6412219210609503,0.5948722320656888,0.8230831623077393,-0.6023892760276794,-0.40867677330970764,27,2109,2083
2026-04-02 13:03:32.508,1951.514219394,596549929,左脚+右脚,0.6692123258257615,0.5846627728391002,0.8397121429443359,-0.6243547201156616,-0.3674589693546295,27,2110,2084
2026-04-02 13:03:32.538,1951.544675472,596583263,左脚+右脚,0.689377948060106,0.567323844624352,0.6049686670303345,-1.0665854215621948,-0.48016130924224854,27,2111,2085
2026-04-02 13:03:32.539,1951.545650877,596616597,左脚+右脚,0.7577162647391068,0.7703115701274144,1.366766333580017,0.23834744095802307,-1.8574635982513428,27,2112,2086
2026-04-02 13:03:32.568,1951.574591401,596649931,左脚+右脚,0.7967206780259517,0.7485866959433028,1.1701323986053467,-0.01668649911880493,-1.8790500164031982,27,2113,2087
2026-04-02 13:03:32.628,1951.63423725,596683265,左脚+右脚,0.8303779864454972,0.7331233445397356,1.0097192525863647,-0.20137567818164825,-1.8919458389282227,27,2114,2088
2026-04-02 13:03:32.628,1951.634829875,596716599,左脚+右脚,0.8587012096389838,0.7274478689642726,0.849696695804596,-0.255585253238678,-1.7916284799575806,27,2115,2089
2026-04-02 13:03:32.688,1951.694566007,596749933,左脚+右脚,0.8849360807880469,0.7180175396297456,0.7870461344718933,-0.3091237246990204,-1.5175361633300781,27,2116,2090
2026-04-02 13:03:32.718,1951.724525979,596783267,左脚+右脚,0.9103425765181291,0.7124290419423281,0.7621948719024658,-0.2657134532928467,-1.1046063899993896,27,2117,2091
2026-04-02 13:03:32.748,1951.754501326,596816601,左脚+右脚,0.9335813089355536,0.6559299047586864,0.6971619725227356,-0.4593047797679901,-0.6844143271446228,27,2118,2092
2026-04-02 13:03:32.778,1951.784535661,596849935,左脚+右脚,0.9549307072306382,0.5447677854902384,0.6404819488525391,-1.081943392753601,-0.3126224875450134,27,2119,2093
2026-04-02 13:03:32.808,1951.814530493,596883269,左脚+右脚,0.975704608772666,0.511991000231129,0.6232170462608337,-1.4659123420715332,-0.11065374314785004,27,2120,2094
2026-04-02 13:03:32.838,1951.844236634,596916603,左脚+右脚,0.996198600942364,0.5138118753303353,0.6148197650909424,-1.6180886030197144,-0.14077547192573547,27,2121,2095
2026-04-02 13:03:32.868,1951.87453859,596949937,左脚+右脚,0.016125135038763894,0.5194097899517274,0.5977960228919983,-1.7236545085906982,-0.211257204413414,27,2122,2096
2026-04-02 13:03:32.898,1951.904651349,596983271,左脚+右脚,0.0382335806036697,0.5312576250738227,0.6632533669471741,-1.6859098672866821,-0.3354322910308838,27,2123,2097
2026-04-02 13:03:32.928,1951.934614935,597016605,左脚+右脚,0.07029237192319893,0.5769920796608152,0.9617637395858765,-1.7518396377563477,-0.9204053282737732,27,2124,2098
2026-04-02 13:03:32.988,1951.994456495,597049939,左脚+右脚,0.12435472648786566,0.316115180013507,1.081247091293335,-0.8226435780525208,1.8650535345077515,27,2125,2099
2026-04-02 13:03:33.018,1952.024520254,597083273,左脚+右脚,0.17900050919698735,0.3079619048918353,1.092915654182434,-0.6987387537956238,1.8330516815185547,27,2126,2100
2026-04-02 13:03:33.048,1952.054527908,597116607,左脚+右脚,0.23365066688703556,0.3107014442724796,1.0930031538009644,-0.5647759437561035,1.4082953929901123,27,2127,2101
2026-04-02 13:03:33.080,1952.086324603,597149941,左脚+右脚,0.29261844199346565,0.31377239098029125,1.179355502128601,-0.5695729851722717,1.3445653915405273,27,2128,2102
2026-04-02 13:03:33.108,1952.114591322,597183275,左脚+右脚,0.3129476544561498,0.3129476544561498,1.2028944492340088,-0.5551112294197083,1.329567313194275,27,2129,2103
2026-04-02 13:03:33.138,1952.144622134,597216609,左脚+右脚,0.3506231901350133,0.3163936068373911,1.1302660703659058,-0.5759099721908569,1.2995107173919678,27,2130,2104
2026-04-02 13:03:33.168,1952.174732083,597249943,左脚+右脚,0.3852154848280065,0.35030967033615007,1.037768840789795,-0.7059983611106873,0.9677579998970032,27,2131,2105
2026-04-02 13:03:33.198,1952.204297966,597283277,左脚+右脚,0.4277733144464605,0.4377133382054456,0.8511565923690796,-0.9053443670272827,0.37358492612838745,27,2132,2106
2026-04-02 13:03:33.228,1952.234540091,597316611,左脚+右脚,0.46626319560433555,0.5147871135436685,0.7697976231575012,-0.961985170841217,-0.08963628113269806,27,2133,2107
2026-04-02 13:03:33.288,1952.294268734,597349945,左脚+右脚,0.503190818161022,0.5461472831211096,0.738552451133728,-0.9211305379867554,-0.2748289108276367,27,2134,2108
2026-04-02 13:03:33.318,1952.32495135,597383279,左脚+右脚,0.5404313502016179,0.5626118368429633,0.7448106408119202,-0.8611853718757629,-0.3574238419532776,27,2135,2109
2026-04-02 13:03:33.348,1952.354622592,597416613,左脚+右脚,0.5684476791176445,0.5684476791176445,0.7612333297729492,-0.7890245318412781,-0.3619295656681061,27,2136,2110
2026-04-02 13:03:33.378,1952.384610463,597449947,左脚+右脚,0.5971488096667574,0.30716232078915273,0.8610339164733887,-0.3472617268562317,0.9249317049980164,27,2137,2111
2026-04-02 13:03:33.408,1952.414617641,597483281,左脚+右脚,0.6445662149144458,0.041337501367418004,0.9483481049537659,0.6494764089584351,0.1725877821445465,27,2138,2112
2026-04-02 13:03:33.438,1952.444229241,597516615,左脚+右脚,0.6904720493508624,0.039508492235480475,0.9181166887283325,0.729943573474884,0.1850167065858841,27,2139,2113
2026-04-02 13:03:33.468,1952.474537908,597549949,左脚+右脚,0.7349925466729449,0.02514293933813738,0.8904099464416504,0.49159112572669983,0.07831303030252457,27,2140,2114
2026-04-02 13:03:33.498,1952.504623847,597583283,左脚+右脚,0.7803398498250292,0.9683968464605778,0.906946063041687,0.5907077789306641,-0.11886228621006012,27,2141,2115
2026-04-02 13:03:33.528,1952.534686098,597616617,左脚+右脚,0.8269099720670031,0.8653899485279068,0.9314024448394775,0.3492514491081238,-0.3941967785358429,27,2142,2116
2026-04-02 13:03:33.588,1952.594676965,597649951,左脚+右脚,0.8630662330342578,0.7528564282221726,1.0846878290176392,0.014934804290533066,-0.8320505619049072,27,2143,2117
2026-04-02 13:03:33.618,1952.624584531,597683285,左脚+右脚,0.9027512757334358,0.7039180730277073,1.1905512809753418,-0.3077875077724457,-1.0331445932388306,27,2144,2118
2026-04-02 13:03:33.648,1952.654634648,597716619,左脚+右脚,0.9413303105387337,0.6442540190322652,1.1573710441589355,-0.7040546536445618,-0.8989298343658447,27,2145,2119
2026-04-02 13:03:33.678,1952.684406627,597749953,左脚+右脚,0.9753912695599841,0.573627760216854,1.0218287706375122,-0.9671041965484619,-0.48230668902397156,27,2146,2120
2026-04-02 13:03:33.708,1952.71470535,597783287,左脚+右脚,0.007587592636868035,0.5641621208679479,0.9658896923065186,-0.9385356307029724,-0.4002876877784729,27,2147,2121
2026-04-02 13:03:33.738,1952.744655469,597816621,左脚+右脚,0.03856757167510656,0.5478651897860329,0.9293993711471558,-0.9009091854095459,-0.27942028641700745,27,2148,2122
2026-04-02 13:03:33.768,1952.774631851,597849955,左脚+右脚,0.0686268457127856,0.5461370623825172,0.9017782211303711,-0.8291741609573364,-0.2473347783088684,27,2149,2123
2026-04-02 13:03:33.798,1952.804504422,597883289,左脚+右脚,0.11187633955014217,0.5597177919054144,0.8649898767471313,-0.8202970623970032,-0.32309722900390625,27,2150,2124
2026-04-02 13:03:33.828,1952.834225452,597916623,左脚+右脚,0.14628927194607722,0.7947951641250596,1.0323879718780518,0.25508955121040344,-0.8822606801986694,27,2151,2125
2026-04-02 13:03:33.918,1952.924307737,597949957,左脚+右脚,0.17904460711809464,0.8777420777897358,0.9826600551605225,0.832760214805603,-0.8045482635498047,27,2152,2126
2026-04-02 13:03:33.918,1952.924951751,597983291,左脚+右脚,0.2115651556206988,0.971577095433974,0.975616455078125,1.0296306610107422,-0.1858580857515335,27,2153,2127
2026-04-02 13:03:33.948,1952.954535067,598016625,左脚+右脚,0.240184884106442,0.9912222810092141,0.8585918545722961,1.1865822076797485,-0.06550885736942291,27,2154,2128
2026-04-02 13:03:33.978,1952.98449636,598049959,左脚+右脚,0.26890467885665564,0.05377973883510808,0.8615938425064087,0.7785868644714355,0.27358368039131165,27,2155,2129
2026-04-02 13:03:34.010,1953.016384748,598083293,左脚+右脚,0.2968613672607389,0.11987477504918591,0.8387006521224976,0.6798325181007385,0.6373993754386902,27,2156,2130
2026-04-02 13:03:34.038,1953.044563159,598116627,左脚+右脚,0.3217752981536833,0.15888281708868174,0.7474179267883301,0.5626071691513062,0.8729223012924194,27,2157,2131
2026-04-02 13:03:34.068,1953.074613677,598149961,左脚+右脚,0.3438998906168587,0.19495905056771162,0.6637377738952637,0.42239853739738464,1.1723105907440186,27,2158,2132
2026-04-02 13:03:34.098,1953.104597176,598183295,左脚+右脚,0.36645428025258053,0.17600365993570252,0.6766316890716553,0.9008211493492126,1.7958688735961914,27,2159,2133
2026-04-02 13:03:34.128,1953.134368469,598216629,左脚+右脚,0.3895985095057137,0.1739674100578765,0.6943268775939941,1.017282247543335,1.964908480644226,27,2160,2134
2026-04-02 13:03:34.188,1953.194599721,598249963,左脚+右脚,0.41302808407478003,0.186775253511275,0.702887237071991,0.8580262660980225,2.0450685024261475,27,2161,2135
2026-04-02 13:03:34.218,1953.224611455,598283297,左脚+右脚,0.4363573758158333,0.22236354464240507,0.6998787522315979,0.3428702652454376,1.9546617269515991,27,2162,2136
2026-04-02 13:03:34.248,1953.254266098,598316631,左脚+右脚,0.4600679286671923,0.24897429033153368,0.7113165855407715,0.012740220874547958,1.9768177270889282,27,2163,2137
2026-04-02 13:03:34.278,1953.284604021,598349965,左脚+右脚,0.4880819249504056,0.18773137885488184,0.8404198884963989,0.8929731845855713,2.1647238731384277,27,2164,2138
2026-04-02 13:03:34.308,1953.314625977,598383299,左脚+右脚,0.516550732488756,0.16291263629044073,0.8540642261505127,1.3339862823486328,2.1895902156829834,27,2165,2139
2026-04-02 13:03:34.338,1953.344391914,598416633,左脚+右脚,0.544842931464637,0.14999728387556194,0.8487659692764282,1.4567408561706543,2.00495982170105,27,2166,2140
2026-04-02 13:03:34.369,1953.375361168,598449967,左脚+右脚,0.5727618742340055,0.14452665804898823,0.8375682830810547,1.3188517093658447,1.6898517608642578,27,2167,2141
2026-04-02 13:03:34.398,1953.404549448,598483301,左脚+右脚,0.6026593852394071,0.14653293991542615,0.8969253301620483,1.2305868864059448,1.6184128522872925,27,2168,2142
2026-04-02 13:03:34.428,1953.434743712,598516635,左脚+右脚,0.6322282521280892,0.15288169186963244,0.8870660066604614,1.2191927433013916,1.7436095476150513,27,2169,2143
2026-04-02 13:03:34.488,1953.494341049,598549969,左脚+右脚,0.6596096484217293,0.1611165151679531,0.8214418888092041,1.059049129486084,1.6949609518051147,27,2170,2144
2026-04-02 13:03:34.518,1953.524496385,598583303,左脚+右脚,0.6842000770919767,0.17580921798175064,0.7377128601074219,0.7569051384925842,1.5043704509735107,27,2171,2145
2026-04-02 13:03:34.548,1953.554591668,598616637,左脚+右脚,0.7047206926696745,0.20132716510986023,0.6156184673309326,0.42000699043273926,1.330292820930481,27,2172,2146
2026-04-02 13:03:34.578,1953.584541754,598649971,左脚+右脚,0.7379587579124418,0.18328646684864955,0.6647613048553467,0.6053491830825806,1.3585597276687622,27,2173,2147
2026-04-02 13:03:34.608,1953.61443602,598683305,左脚+右脚,0.7734320301168409,0.16260297007922606,0.7094654440879822,0.8716284036636353,1.424436092376709,27,2174,2148
2026-04-02 13:03:34.638,1953.644637837,598716639,左脚+右脚,0.8122277874105421,0.1444664623627972,0.7759151458740234,1.141640543937683,1.461650013923645,27,2175,2149
2026-04-02 13:03:34.668,1953.674650061,598749973,左脚+右脚,0.8550986129396406,0.12817426645628008,0.8574165105819702,1.242707371711731,1.2932933568954468,27,2176,2150
2026-04-02 13:03:34.698,1953.704606181,598783307,左脚+右脚,0.9007880586736646,0.09361084983579797,0.913788914680481,0.5617067217826843,0.3746104836463928,27,2177,2151
2026-04-02 13:03:34.728,1953.734429278,598816641,左脚+右脚,0.9481896478288617,0.04856627362954216,0.9480317831039429,0.6247342824935913,0.19678448140621185,27,2178,2152
2026-04-02 13:03:34.788,1953.794452526,598849975,左脚+右脚,0.9918233383052792,0.02533396397200402,0.8726738095283508,0.6463914513587952,0.1037691980600357,27,2179,2153
2026-04-02 13:03:34.818,1953.824391043,598883309,左脚+右脚,0.02585420198531785,0.025854201985317838,0.871468186378479,0.4023762345314026,0.0659458115696907,27,2180,2154
2026-04-02 13:03:34.848,1953.854401686,598916643,左脚+右脚,0.055322482062298436,0.9657401250582502,0.8840484023094177,0.5185024738311768,-0.11336995661258698,27,2181,2155
2026-04-02 13:03:34.908,1953.914396844,598949977,左脚+右脚,0.08676238643419582,0.8270048567579986,0.9431971311569214,0.25650346279144287,-0.4881168305873871,27,2182,2156
2026-04-02 13:03:34.908,1953.914979629,598983311,左脚+右脚,0.12340527561596867,0.7320946655464289,1.099286675453186,-0.09486758708953857,-0.8396878242492676,27,2183,2157
2026-04-02 13:03:34.938,1953.94451215,599016645,左脚+右脚,0.16201656448137597,0.6936438390501893,1.1583386659622192,-0.31819987297058105,-0.8607499599456787,27,2184,2158
2026-04-02 13:03:34.968,1953.974485457,599049979,左脚+右脚,0.20032218086016015,0.6660078281029769,1.1491684913635254,-0.4802461862564087,-0.8239152431488037,27,2185,2159
2026-04-02 13:03:34.998,1954.004401886,599083313,左脚+右脚,0.24977865206491784,0.5866228653046319,0.9891294240951538,-0.7815331816673279,-0.47301939129829407,27,2186,2160
2026-04-02 13:03:35.028,1954.034339237,599116647,左脚+右脚,0.2959441839386208,0.5663636282333626,0.9233106374740601,-0.7880319356918335,-0.34905806183815,27,2187,2161
2026-04-02 13:03:35.088,1954.094404707,599149981,左脚+右脚,0.34065666782152487,0.5520845930960856,0.894249677658081,-0.7483860850334167,-0.2540494501590729,27,2188,2162
2026-04-02 13:03:35.118,1954.124346499,599183315,左脚+右脚,0.38466393636953666,0.54213537795615,0.8801453709602356,-0.7416626214981079,-0.20107077062129974,27,2189,2163
2026-04-02 13:03:35.148,1954.154339436,599216649,左脚+右脚,0.42736294554960563,0.5792973461631811,0.8539801836013794,-0.6234239339828491,-0.3391546607017517,27,2190,2164
2026-04-02 13:03:35.178,1954.184314657,599249983,左脚+右脚,0.47029106306326224,0.6275341732548607,0.8585623502731323,-0.5051993131637573,-0.5215492844581604,27,2191,2165
2026-04-02 13:03:35.208,1954.214451058,599283317,左脚+右脚,0.5003521053720696,0.5877808959674853,0.6012208461761475,-0.9664991497993469,-0.5946203470230103,27,2192,2166
2026-04-02 13:03:35.238,1954.244213859,599316651,左脚+右脚,0.5697513370443567,0.7746804133623804,1.3879846334457397,0.28743237257003784,-1.8386646509170532,27,2193,2167
2026-04-02 13:03:35.268,1954.274346472,599349985,左脚+右脚,0.6272576718260033,0.7491943658022004,1.1501266956329346,-0.009205695241689682,-1.8185913562774658,27,2194,2168
2026-04-02 13:03:35.298,1954.304468031,599383319,左脚+右脚,0.676307877771972,0.734642692229273,0.9810041189193726,-0.17387717962265015,-1.7963742017745972,27,2195,2169
2026-04-02 13:03:35.328,1954.334264891,599416653,左脚+右脚,0.7160418598581536,0.732161709190106,0.7946796417236328,-0.1898711770772934,-1.6869492530822754,27,2196,2170
2026-04-02 13:03:35.388,1954.394387143,599449987,左脚+右脚,0.730478948965568,0.730478948965568,0.7446637153625488,-0.16622766852378845,-1.3484495878219604,27,2197,2171
2026-04-02 13:03:35.448,1954.45424932,599483321,左脚+右脚,0.7542911873409138,0.7247113095918023,0.714367151260376,-0.166598841547966,-1.0396548509597778,27,2198,2172
2026-04-02 13:03:35.449,1954.455352829,599516655,左脚+右脚,0.7777682648250447,0.7182347975890313,0.7043123245239258,-0.20365144312381744,-1.0067812204360962,27,2199,2173
2026-04-02 13:03:35.478,1954.484419341,599549989,左脚+右脚,0.7990374948729064,0.6286042648931973,0.638076901435852,-0.5655367970466614,-0.5917494893074036,27,2200,2174
2026-04-02 13:03:35.508,1954.514384587,599583323,左脚+右脚,0.8195124791213856,0.4866055707721964,0.6142495274543762,-1.5998799800872803,0.13496418297290802,27,2201,2175
2026-04-02 13:03:35.538,1954.544376952,599616657,左脚+右脚,0.8390912300496286,0.4804587177070272,0.58736252784729,-1.7245217561721802,0.21280983090400696,27,2202,2176
2026-04-02 13:03:35.568,1954.574191807,599649991,左脚+右脚,0.8579928086349354,0.47996750620123013,0.5670473575592041,-1.7496862411499023,0.2213997095823288,27,2203,2177
2026-04-02 13:03:35.599,1954.605359534,599683325,左脚+右脚,0.8759527490684377,0.47787429207369625,0.5387982130050659,-1.747558355331421,0.24452272057533264,27,2204,2178
2026-04-02 13:03:35.628,1954.63435474,599716659,左脚+右脚,0.902334432418047,0.525173638858266,0.7914505004882812,-2.288167953491211,-0.3649696707725525,27,2205,2179
2026-04-02 13:03:35.688,1954.694455271,599749993,左脚+右脚,0.9506266997405873,0.32413042553922544,0.9658453464508057,-0.8891209363937378,1.768823504447937,27,2206,2180
2026-04-02 13:03:35.719,1954.725351853,599783327,左脚+右脚,0.0012541518756734593,0.31057070364622574,1.0125490427017212,-0.74476557970047,1.8615329265594482,27,2207,2181
2026-04-02 13:03:35.748,1954.75431513,599816661,左脚+右脚,0.053008644396959466,0.30958949784029616,1.0350898504257202,-0.7227749824523926,1.8393679857254028,27,2208,2182
2026-04-02 13:03:35.778,1954.784294415,599849995,左脚+右脚,0.10636423688620202,0.31329153599791304,1.067111849784851,-0.6675362586975098,1.5891741514205933,27,2209,2183
2026-04-02 13:03:35.808,1954.81422617,599883329,左脚+右脚,0.15946184855192772,0.3184194406273939,1.0619522333145142,-0.619863748550415,1.3519668579101562,27,2210,2184
2026-04-02 13:03:35.838,1954.844591462,599916663,左脚+右脚,0.2145548866340505,0.3219221677954397,1.101860761642456,-0.6347790956497192,1.3077417612075806,27,2211,2185
2026-04-02 13:03:35.868,1954.874295341,599949997,左脚+右脚,0.26846961837500205,0.3228957041287913,1.0782946348190308,-0.6266791820526123,1.271201729774475,27,2212,2186
2026-04-02 13:03:35.898,1954.904376768,599983331,左脚+右脚,0.313870574648081,0.3500012101388787,0.9080191254615784,-0.6739208102226257,0.9275575876235962,27,2213,2187
2026-04-02 13:03:35.928,1954.934365884,600016665,左脚+右脚,0.34418606322497003,0.4825549475557662,0.6063097715377808,-0.9400585889816284,0.10345494002103806,27,2214,2188
2026-04-02 13:03:35.990,1954.996298759,600049999,左脚+右脚,0.37592535179346676,0.5316973604528793,0.6347857713699341,-0.9521204829216003,-0.19217225909233093,27,2215,2189
2026-04-02 13:03:36.018,1955.024541298,600083333,左脚+右脚,0.40772102933615323,0.5386254330965555,0.6359135508537292,-0.9123894572257996,-0.2258806973695755,27,2216,2190
2026-04-02 13:03:36.048,1955.054439301,600116667,左脚+右脚,0.4392875836440909,0.525290311740507,0.6313310861587524,-0.8463827967643738,-0.13563692569732666,27,2217,2191
2026-04-02 13:03:36.078,1955.084577482,600150001,左脚+右脚,0.4644233312357453,0.3164724946709678,0.7540724277496338,-0.4484376311302185,1.0105235576629639,27,2218,2192
2026-04-02 13:03:36.109,1955.115410157,600183335,左脚+右脚,0.489964243387082,0.26977003408424194,0.7662273645401001,-0.015667639672756195,0.12547998130321503,27,2219,2193
2026-04-02 13:03:36.138,1955.144468103,600216669,左脚+右脚,0.5162361886251954,0.04157898216250396,0.7881583571434021,0.28251779079437256,0.07553361356258392,27,2220,2194
2026-04-02 13:03:36.168,1955.174572349,600250003,左脚+右脚,0.5436875548113373,0.022593952758732654,0.823540985584259,0.5934373736381531,0.0848160907626152,27,2221,2195
2026-04-02 13:03:36.198,1955.204571276,600283337,左脚+右脚,0.5854720827091722,0.03479226847942429,0.8356905579566956,0.5403447151184082,0.12004106491804123,27,2222,2196
2026-04-02 13:03:36.228,1955.234153086,600316671,左脚+右脚,0.6284143354643372,0.04094840861909747,0.858845055103302,0.4133026897907257,0.10874739289283752,27,2223,2197
2026-04-02 13:03:36.288,1955.294673574,600350005,左脚+右脚,0.6741224732149629,0.9529208725503321,0.9141627550125122,0.4254090189933777,-0.12964247167110443,27,2224,2198
2026-04-02 13:03:36.318,1955.324667163,600383339,左脚+右脚,0.7262300934542207,0.7954976138458891,1.0421524047851562,0.17823249101638794,-0.6063970327377319,27,2225,2199
2026-04-02 13:03:36.378,1955.384482302,600416673,左脚+右脚,0.7640498962152986,0.715313196594794,1.1345940828323364,-0.19156116247177124,-0.8649874925613403,27,2226,2200
2026-04-02 13:03:36.378,1955.385079024,600450007,左脚+右脚,0.7961863325187553,0.6722416278068082,0.9640930891036987,-0.32982921600341797,-0.6205010414123535,27,2227,2201
2026-04-02 13:03:36.408,1955.414622935,600483341,左脚+右脚,0.823724393660723,0.7524095107633373,0.8261418342590332,0.008518010377883911,-0.5625954866409302,27,2228,2202
2026-04-02 13:03:36.438,1955.444612205,600516675,左脚+右脚,0.8506477898507305,0.7409034118978965,0.8077018857002258,-0.03393707424402237,-0.5931202173233032,27,2229,2203
2026-04-02 13:03:36.468,1955.474202531,600550009,左脚+右脚,0.8773564603079347,0.5053436730528,0.8012601137161255,-0.8236713409423828,-0.0276653990149498,27,2230,2204
2026-04-02 13:03:36.498,1955.504432448,600583343,左脚+右脚,0.9032091365405905,0.4954010341010795,0.7755802869796753,-0.8281792402267456,0.023937858641147614,27,2231,2205
2026-04-02 13:03:36.529,1955.535222563,600616677,左脚+右脚,0.9283758686134207,0.5022852410018128,0.755001962184906,-0.8877567052841187,-0.012747813016176224,27,2232,2206
2026-04-02 13:03:36.588,1955.594306691,600650011,左脚+右脚,0.9532273258913545,0.5145735400944936,0.7455437183380127,-0.8823256492614746,-0.08101958781480789,27,2233,2207
2026-04-02 13:03:36.618,1955.624529743,600683345,左脚+右脚,0.9787620153177766,0.5386828884962798,0.7660406827926636,-0.8178488612174988,-0.2027886062860489,27,2234,2208
2026-04-02 13:03:36.648,1955.65460125,600716679,左脚+右脚,0.0039498971053946175,0.5658644607448235,0.75563645362854,-0.7228930592536926,-0.31749650835990906,27,2235,2209
2026-04-02 13:03:36.678,1955.684575545,600750013,左脚+右脚,0.029399540637829718,0.6709303322326291,0.763489305973053,-0.40608444809913635,-0.7490027546882629,27,2236,2210
2026-04-02 13:03:36.708,1955.714210788,600783347,左脚+右脚,0.055026829853553394,0.6835343972783103,0.7688186764717102,-0.31528720259666443,-0.7105611562728882,27,2237,2211
2026-04-02 13:03:36.738,1955.744506265,600816681,左脚+右脚,0.08170936566084507,0.6898952573312478,0.80047607421875,-0.27201175689697266,-0.6857044696807861,27,2238,2212
