timestamp_us,phase_onnx,raw_phase_onnx,stride_rate_hz_onnx,cos_value_onnx,sin_value_onnx,total_predictions_onnx,phase_keras,raw_phase_keras,stride_rate_hz_keras,cos_value_keras,sin_value_keras,total_predictions_keras,phase_error_cycle,phase_error_percent,phase_abs_error_percent
527115207,0.686825965844978,0.686825965844978,1.2321953773498535,-0.4168708026409149,-0.99448162317276,1,0.686825957075918,0.686825957075918,1.2321953773498535,-0.4168708920478821,-0.9944816827774048,1,-8.769060033664289e-09,-8.769060033664289e-07,8.769060033664289e-07
527148541,0.7263766000701876,0.6466386661349091,1.1865190267562866,-0.7053816914558411,-0.9289666414260864,2,0.7263765913011275,0.6466386772889607,1.1865190267562866,-0.705381453037262,-0.9289664626121521,2,-8.769060033664289e-09,-8.769060033664289e-07,8.769060033664289e-07
527181875,0.765125841899106,0.6430907253281041,1.1624772548675537,-0.7323533892631531,-0.9211121201515198,3,0.765125837103689,0.6430907932896098,1.1624773740768433,-0.7323530316352844,-0.9211124777793884,3,-4.795417063441221e-09,-4.795417063441221e-07,4.795417063441221e-07
527215209,0.8041466742787651,0.6162514917637407,1.1706249713897705,-0.907707929611206,-0.8130263686180115,4,0.804146665509705,0.6162514593905688,1.170624852180481,-0.9077081680297852,-0.8130262494087219,4,-8.769060033664289e-09,-8.769060033664289e-07,8.769060033664289e-07
527248543,0.8419405410720797,0.6010641350408099,1.1338160037994385,-0.9888069033622742,-0.7285609245300293,5,0.8419405243557336,0.6010641978736326,1.1338157653808594,-0.9888062477111816,-0.7285610437393188,5,-1.6716346085132727e-08,-1.6716346085132727e-06,1.6716346085132727e-06
527281877,0.8811862299873324,0.7048494536510402,1.1773706674575806,-0.3657669425010681,-1.2545474767684937,6,0.8811862092973434,0.7048494513248065,1.177370548248291,-0.3657670319080353,-1.2545477151870728,6,-2.0689989055355795e-08,-2.0689989055355795e-06,2.0689989055355795e-06
527315211,0.9163872629437736,0.8304645527656012,1.0560309886932373,0.4379897117614746,-0.7912209630012512,7,0.9163872382801417,0.8304645757089101,1.0560308694839478,0.43798986077308655,-0.7912209630012512,7,-2.466363191455656e-08,-2.466363191455656e-06,2.466363191455656e-06
527348545,0.9517110059692356,0.8175725284284736,1.059712290763855,0.2301373183727264,-0.5090789794921875,8,0.9517109813056035,0.8175725586316023,1.059712290763855,0.2301374077796936,-0.5090789198875427,8,-2.4663632136601166e-08,-2.4663632136601166e-06,2.4663632136601166e-06
527381879,0.9892271151178968,0.8456020687774879,1.1254832744598389,0.2700380682945251,-0.3941335082054138,9,0.9892270944279078,0.8456019466912847,1.1254833936691284,0.2700378894805908,-0.39413389563560486,9,-2.0689989055355795e-08,-2.0689989055355795e-06,2.0689989055355795e-06
527415213,0.0268550028437268,0.7980682876312409,1.1288366317749023,0.1834733933210373,-0.5888993144035339,10,0.026854982153737827,0.7980683509395082,1.1288366317749023,0.1834736317396164,-0.5888992547988892,10,-2.0689988944333493e-08,-2.0689988944333493e-06,2.0689988944333493e-06
527448547,0.0645786951019259,0.8676795301745746,1.1317107677459717,0.3476289808750152,-0.3811745941638946,11,0.06457867441193688,0.8676795457717966,1.1317107677459717,0.3476288318634033,-0.38117435574531555,11,-2.0689989055355795e-08,-2.0689989055355795e-06,2.0689989055355795e-06
527481881,0.1021816720598828,0.9115655653298288,1.1280893087387085,0.4155488908290863,-0.25801682472229,12,0.10218165534353682,0.9115655633377243,1.128089427947998,0.41554883122444153,-0.25801679491996765,12,-1.6716345974110425e-08,-1.6716345974110425e-06,1.6716345974110425e-06
527515215,0.1378840992881747,0.9351871979279934,1.0710728168487549,0.3928891718387604,-0.169469952583313,13,0.13788408654547163,0.9351872388404734,1.0710729360580444,0.3928893804550171,-0.1694699227809906,13,-1.2742703059398508e-08,-1.2742703059398508e-06,1.2742703059398508e-06
527548549,0.1728665659858675,0.8766724375815018,1.049474000930786,0.2519559562206268,-0.2467156052589416,14,0.17286654926952152,0.8766724233655807,1.0494738817214966,0.25195592641830444,-0.24671562016010284,14,-1.6716345974110425e-08,-1.6716345974110425e-06,1.6716345974110425e-06
527581883,0.2112225522631299,0.7197028247527697,1.150679588317871,-0.13601616024971,-0.705858588218689,15,0.21122253554678388,0.7197028790830526,1.150679588317871,-0.13601592183113098,-0.7058586478233337,15,-1.6716345974110425e-08,-1.6716345974110425e-06,1.6716345974110425e-06
527615217,0.2673054089182508,0.6660954244543147,1.121657133102417,-0.378781646490097,-0.6506645083427429,16,0.26730539220190475,0.6660954207987121,1.121657133102417,-0.3787817358970642,-0.6506646275520325,16,-1.6716346029621576e-08,-1.6716346029621576e-06,1.6716346029621576e-06
527648551,0.3197257568472516,0.6263493683237717,1.048406958580017,-0.2704381644725799,-0.2750632166862488,17,0.31972573417044114,0.6263493420192137,1.0484068393707275,-0.2704382538795471,-0.2750632166862488,17,-2.2676810429445027e-08,-2.2676810429445027e-06,2.2676810429445027e-06
527681885,0.3488910247915875,0.3206990287806294,0.8749580383300781,-0.1690579503774643,0.3552084565162658,18,0.3488910001279556,0.3206990028725734,0.8749579787254333,-0.1690579503774643,0.3552086055278778,18,-2.466363191455656e-08,-2.466363191455656e-06,2.466363191455656e-06
527715219,0.3837397585346194,0.2754010292659013,1.0454620122909546,-0.097009539604187,0.6026619076728821,19,0.38373972989734445,0.27540094485087613,1.045461893081665,-0.09700927883386612,0.6026623249053955,19,-2.863727494029078e-08,-2.863727494029078e-06,2.863727494029078e-06
527748553,0.4176895588670066,0.2225666276016008,1.0184940099716189,0.1130366027355194,0.6492752432823181,20,0.4176895381770177,0.22256660879910603,1.0184942483901978,0.11303669214248657,0.6492753028869629,20,-2.068998888882234e-08,-2.068998888882234e-06,2.068998888882234e-06
527781887,0.4498532583349835,0.1854722742653594,0.9649109840393066,0.1567974090576172,0.3653077185153961,21,0.4498532376449946,0.18547238545909878,0.9649109840393066,0.15679708123207092,0.36530765891075134,21,-2.0689988944333493e-08,-2.0689988944333493e-06,2.0689988944333493e-06
527815221,0.4959247787827145,0.8745083248674306,0.9214304089546204,0.085758626461029,-0.0862901359796524,22,0.49592475809272557,0.8745090483515626,0.9214304089546204,0.0857589840888977,-0.08628971129655838,22,-2.0689988944333493e-08,-2.0689988944333493e-06,2.0689988944333493e-06
527848555,0.5453847368591915,0.8417861507488106,0.989199161529541,0.1285849213600158,-0.1976783573627472,23,0.5453847102087381,0.8417861364254106,0.9891990423202515,0.1285848766565323,-0.1976783275604248,23,-2.6650453399668095e-08,-2.6650453399668095e-06,2.6650453399668095e-06
527881889,0.5988131125801693,0.8171761452637929,1.0685675144195557,0.166872963309288,-0.3715968728065491,24,0.5988130918901804,0.8171761140369527,1.0685676336288452,0.1668730229139328,-0.37159720063209534,24,-2.0689988944333493e-08,-2.0689988944333493e-06,2.0689988944333493e-06
527915223,0.6550115605229031,0.8733487761171425,1.1239689588546753,0.3294187486171722,-0.3363260626792907,25,0.6550115398329142,0.8733487401282459,1.1239689588546753,0.3294185996055603,-0.33632606267929077,25,-2.0689988944333493e-08,-2.0689988944333493e-06,2.0689988944333493e-06
527948557,0.7116391082638394,0.9418399528081156,1.1325509548187256,0.5320802927017212,-0.20358207821846,26,0.7116390935343149,0.9418400344566437,1.1325510740280151,0.5320802927017212,-0.203581765294075,26,-1.472952448899889e-08,-1.472952448899889e-06,1.472952448899889e-06
527981891,0.7664592405193935,0.9573575085296976,1.096402645111084,0.6955234408378601,-0.1909431517124176,27,0.7664592198294046,0.9573575221463954,1.0964025259017944,0.6955236196517944,-0.1909431368112564,27,-2.0689988944333493e-08,-2.0689988944333493e-06,2.0689988944333493e-06
528015225,0.8218586464756619,0.9493923326741344,1.1079881191253662,0.7440840005874634,-0.2449123710393905,28,0.8218586377066018,0.9493923257233029,1.1079883575439453,0.7440842986106873,-0.2449125051498413,28,-8.769060033664289e-09,-8.769060033664289e-07,8.769060033664289e-07
528048559,0.8775981267326962,0.9345121360438836,1.114789605140686,0.7763211131095886,-0.3387732207775116,29,0.8775981179636362,0.9345120968516115,1.114789605140686,0.7763214111328125,-0.33877357840538025,29,-8.769060033664289e-09,-8.769060033664289e-07,8.769060033664289e-07
528081893,0.9336195011967312,0.9351225345637636,1.120427489280701,0.8680486679077148,-0.3748449981212616,30,0.9336194983881357,0.9351225016979415,1.1204276084899902,0.8680487275123596,-0.3748452365398407,30,-2.8085954673073843e-09,-2.8085954673073843e-07,2.8085954673073843e-07
528115227,0.9702703257435452,0.9368009851316352,1.099524736404419,0.8884822726249695,-0.3726015388965606,31,0.9702703149876637,0.9368009882074126,1.0995244979858398,0.888482391834259,-0.37260156869888306,31,-1.0755881518775823e-08,-1.0755881518775823e-06,1.0755881518775823e-06
528148561,0.0037641863061876,0.8471345701478196,1.0048158168792725,0.3439752161502838,-0.4918237924575805,32,0.0037641715766632,0.8471346206467976,1.004815697669983,0.34397536516189575,-0.491823673248291,32,-1.4729524377976588e-08,-1.4729524377976588e-06,1.4729524377976588e-06
528181895,0.0384468058778734,0.8124322152962922,1.0404785871505735,0.237872689962387,-0.5749679803848267,33,0.038446791148348994,0.8124322539127428,1.0404785871505737,0.23787277936935425,-0.5749678015708923,33,-1.4729524377976588e-08,-1.4729524377976588e-06,1.4729524377976588e-06
528215229,0.0685901661747586,0.8416271504514071,0.9043008089065552,0.3560666739940643,-0.548592746257782,34,0.06859014747159117,0.8416271504514071,0.9043006896972656,0.35606667399406433,-0.548592746257782,34,-1.870316745922196e-08,-1.8703167459221959e-06,1.8703167459221959e-06
528248563,0.0946863313549649,0.8538674061689354,0.782884955406189,0.4740881025791168,-0.6202549934387207,35,0.09468631265179747,0.8538674402354176,0.782884955406189,0.47408822178840637,-0.6202548742294312,35,-1.870316745922196e-08,-1.8703167459221959e-06,1.8703167459221959e-06
528281897,0.1199622492029162,0.8379252801745175,0.7582775354385376,0.4165396988391876,-0.6756716966629028,36,0.11996223447339172,0.8379253271402027,0.7582776546478271,0.4165399372577667,-0.6756716370582581,36,-1.472952448899889e-08,-1.472952448899889e-06,1.472952448899889e-06
528315231,0.142996432387222,0.8215719014300966,0.6910254955291748,0.3944189250469208,-0.8171360492706299,37,0.14299642163134052,0.8215718459146867,0.6910256147384644,0.39441874623298645,-0.8171364068984985,37,-1.0755881518775823e-08,-1.0755881518775823e-06,1.0755881518775823e-06
528348565,0.1657016297215116,0.8163288659129354,0.6811559200286865,0.3741509616374969,-0.8451800346374512,38,0.1657016149919871,0.8163288955328942,0.681155800819397,0.37415099143981934,-0.8451796770095825,38,-1.472952448899889e-08,-1.472952448899889e-06,1.472952448899889e-06
528381899,0.1894905289047849,0.8198080795184761,0.7136669754981995,0.3626274168491363,-0.773040771484375,39,0.1894905161620819,0.8198080744893665,0.7136670351028442,0.36262738704681396,-0.773040771484375,39,-1.2742703003887357e-08,-1.2742703003887357e-06,1.2742703003887357e-06
528415233,0.2168779611621193,0.7637820315795593,0.8216229677200317,0.0629166662693023,-0.7247448563575745,40,0.2168779444457733,0.7637821215268144,0.8216228485107422,0.0629170686006546,-0.7247447371482849,40,-1.6716345974110425e-08,-1.6716345974110425e-06,1.6716345974110425e-06
528448567,0.2481838941607765,0.9244121727011004,0.9391779899597168,1.3154197931289673,-0.676371157169342,41,0.24818387148396603,0.9244121784047858,0.9391778111457825,1.3154197931289673,-0.6763710975646973,41,-2.2676810429445027e-08,-2.2676810429445027e-06,2.2676810429445027e-06
528481901,0.2787929654155067,0.9663341880408404,0.9182721376419068,1.7014352083206177,-0.3653677999973297,42,0.2787929407518748,0.9663342063190831,0.918272078037262,1.7014353275299072,-0.3653676211833954,42,-2.466363191455656e-08,-2.466363191455656e-06,2.466363191455656e-06
528515235,0.309400701526194,0.1317056213711401,0.9182320833206176,0.9820261001586914,1.068470120429993,43,0.3094006748757405,0.13170562214990458,0.9182320237159729,0.9820259809494019,1.0684700012207031,43,-2.6650453455179246e-08,-2.6650453455179246e-06,2.6650453455179246e-06
528548569,0.3414352456762285,0.1354823717476638,0.9610363245010376,1.0496001243591309,1.1978367567062378,44,0.34143521505213215,0.13548237396527585,0.961036205291748,1.0495998859405518,1.1978365182876587,44,-3.062409636989116e-08,-3.0624096369891163e-06,3.0624096369891163e-06
528581903,0.3729390700691831,0.1438219628125127,0.9451147317886353,0.7534507513046265,0.9566370844841005,45,0.37293904341872963,0.14382197153226675,0.9451148509979248,0.7534505724906921,0.9566369652748108,45,-2.6650453455179246e-08,-2.6650453455179246e-06,2.6650453455179246e-06
528615237,0.4043941736254982,0.149383516095919,0.9436531066894532,0.7008761167526245,0.9568569660186768,46,0.4043941509486877,0.14938351782205336,0.9436532258987427,0.7008760571479797,0.956856906414032,46,-2.2676810484956178e-08,-2.267681048495618e-06,2.267681048495618e-06
528648571,0.4352290471428525,0.1507874780194586,0.92504620552063,0.7175836563110352,0.9980164170265198,47,0.43522902049239903,0.15078750033850707,0.9250460863113403,0.7175833582878113,0.9980162978172302,47,-2.6650453455179246e-08,-2.6650453455179246e-06,2.6650453455179246e-06
528681905,0.464406637354085,0.1643980378110849,0.8753277063369751,0.624760627746582,1.0473512411117554,48,0.4644066146772745,0.1643979990181965,0.8753278255462646,0.6247610449790955,1.047351360321045,48,-2.2676810484956178e-08,-2.267681048495618e-06,2.267681048495618e-06
528715239,0.4922537008954973,0.174274318950548,0.8354119062423706,0.5529312491416931,1.073064923286438,49,0.4922536742450439,0.1742742772501836,0.835411787033081,0.5529316663742065,1.0730650424957275,49,-2.6650453399668095e-08,-2.6650453399668095e-06,2.6650453399668095e-06
528748573,0.5207072297765704,0.1757509156158711,0.8536058664321899,0.5472860932350159,1.0867549180984497,50,0.5207072031261168,0.17575092979262036,0.8536058664321899,0.5472862720489502,1.0867555141448975,50,-2.6650453510690397e-08,-2.6650453510690397e-06,2.6650453510690397e-06
528781907,0.5486781517698259,0.1776370227231364,0.8391276597976685,0.530166745185852,1.0845674276351929,51,0.5486781211457294,0.17763703700037248,0.8391275405883789,0.5301665663719177,1.0845673084259033,51,-3.0624096480913465e-08,-3.0624096480913465e-06,3.0624096480913465e-06
528815241,0.5740824500753374,0.1861444327012086,0.7621289491653442,0.4353057742118835,1.0261133909225464,52,0.5740824194512409,0.18614443816144488,0.7621289491653442,0.4353058338165283,1.0261136293411255,52,-3.0624096480913465e-08,-3.0624096480913465e-06,3.0624096480913465e-06
528848575,0.5982324679726254,0.2050154756764283,0.7245005369186401,0.2831243276596069,0.9748741388320924,53,0.5982324433089934,0.20501552618851918,0.7245007157325745,0.2831239402294159,0.974873960018158,53,-2.4663632025578863e-08,-2.4663632025578863e-06,2.4663632025578863e-06
528881909,0.6322907010747881,0.1825758983369063,1.0217469930648804,0.626599907875061,1.3895313739776611,54,0.632290684358442,0.18257588643356612,1.0217472314834595,0.6266000866889954,1.3895314931869507,54,-1.6716346085132727e-08,-1.6716346085132727e-06,1.6716346085132727e-06
528915243,0.6678931951556495,0.1820304166387178,1.0680748224258425,0.6178585886955261,1.3577100038528442,55,0.6678931784393034,0.18203035927559086,1.0680748224258423,0.6178591251373291,1.3577098846435547,55,-1.6716346085132727e-08,-1.6716346085132727e-06,1.6716346085132727e-06
528948577,0.7123885095153144,0.1160857311366207,0.8899062871932983,0.5181504487991333,0.463131308555603,56,0.7123884987594328,0.11608577076542086,0.8899064064025879,0.5181503891944885,0.46313148736953735,56,-1.0755881629798125e-08,-1.0755881629798125e-06,1.0755881629798125e-06
528981911,0.7580972671542456,0.1020798924904923,0.9141751527786256,0.5026966333389282,0.3753644526004791,57,0.758097268319293,0.10207987722597922,0.9141753911972046,0.5026964545249939,0.3753642439842224,57,1.1650473918933812e-09,1.1650473918933812e-07,1.1650473918933812e-07
529015245,0.8067185997996619,0.0933176258709582,0.9724266529083252,0.6441848278045654,0.4279037415981293,58,0.8067186009647093,0.09331765309361689,0.9724266529083252,0.6441847681999207,0.4279038608074188,58,1.1650473918933812e-09,1.1650473918933812e-07,1.1650473918933812e-07
529048579,0.8596918582949927,0.0730415712350733,1.0594651699066162,0.7045385837554932,0.3481276333332062,59,0.8596918773414335,0.07304156626924962,1.0594655275344849,0.7045390009880066,0.3481278121471405,59,1.9046440757897187e-08,1.9046440757897187e-06,1.9046440757897187e-06
529081913,0.9175246536765388,0.0494711078197939,1.1566559076309204,0.8881683349609375,0.2853237986564636,60,0.9175246608020505,0.04947105351767554,1.1566556692123413,0.8881677985191345,0.28532329201698303,60,7.125511736205681e-09,7.125511736205681e-07,7.125511736205681e-07
529115247,0.9773165404830269,0.0213717252957965,1.1958377361297607,0.8942275047302246,0.1208061054348945,61,0.9773165595294675,0.02137171586423934,1.1958379745483398,0.8942276835441589,0.12080607563257217,61,1.9046440646874885e-08,1.9046440646874885e-06,1.9046440646874885e-06
529148581,0.9900370773811066,0.9900370773811066,1.2729027271270752,0.9178229570388794,-0.0575298629701137,62,0.9900371616793222,0.9900371616793222,1.2729026079177856,0.9178231358528137,-0.05752938613295555,62,8.429821563016304e-08,8.429821563016304e-06,8.429821563016304e-06
529181915,0.0338317172864004,0.9686005460211168,1.3138391971588137,0.9788691997528076,-0.1956649422645568,63,0.03383180555825893,0.9686006205716643,1.313839316368103,0.9788691997528076,-0.19566446542739868,63,8.827185848936381e-08,8.82718584893638e-06,8.82718584893638e-06
529215249,0.0779653725166047,0.9412506606328956,1.324009656906128,1.0187360048294067,-0.3941143751144409,64,0.07796545681482021,0.9412506849318967,1.3240095376968384,1.0187360048294067,-0.3941141963005066,64,8.429821551914074e-08,8.429821551914074e-06,8.429821551914074e-06
529248583,0.1226640360692068,0.925161436009064,1.340959906578064,1.0744956731796265,-0.5461107492446899,65,0.12266411639377936,0.9251614218607962,1.3409597873687744,1.074495553970337,-0.5461108088493347,65,8.032457254891767e-08,8.032457254891767e-06,8.032457254891767e-06
529281917,0.1671296454607372,0.9056971730485004,1.3339682817459106,0.9636192321777344,-0.6487225890159607,66,0.1671297257853097,0.9056971842502756,1.3339682817459106,0.9636191129684448,-0.6487224102020264,66,8.032457254891767e-08,8.032457254891767e-06,8.032457254891767e-06
529315251,0.2097925441601797,0.7796310233648586,1.2798869609832764,0.1601570546627044,-0.8502776026725769,67,0.20979262448475225,0.7796310219995419,1.2798869609832764,0.16015706956386566,-0.8502777218818665,67,8.032457254891767e-08,8.032457254891767e-06,8.032457254891767e-06
529348585,0.253856926872226,0.7177572942375339,1.3219314813613892,-0.2373759597539901,-1.1556503772735596,68,0.2538570111704415,0.7177572810179744,1.3219316005706787,-0.2373761087656021,-1.1556506156921387,68,8.429821551914074e-08,8.429821551914074e-06,8.429821551914074e-06
529381919,0.3108513173598969,0.7404223962014269,1.139887809753418,-0.0446905754506588,-0.7417448163032532,69,0.3108514016581124,0.7404223849939671,1.139887809753418,-0.044690635055303574,-0.7417449355125427,69,8.429821551914074e-08,8.429821551914074e-06,8.429821551914074e-06
529415253,0.3638716754455293,0.7802922797031084,1.0604071617126465,0.1287579834461212,-0.6683027744293213,70,0.3638717657042092,0.7802922052110939,1.060407280921936,0.12875767052173615,-0.6683028340339661,70,9.025867986345304e-08,9.025867986345304e-06,9.025867986345304e-06
529448587,0.4172215339679444,0.7564548245420404,1.0669971704483032,0.0281175412237644,-0.6929067969322205,71,0.41722163018708885,0.7564547590635209,1.0669972896575928,0.028117258101701736,-0.6929068565368652,71,9.621914442980994e-08,9.621914442980994e-06,9.621914442980994e-06
529481921,0.4676734027404511,0.8349681153845284,1.0090373754501345,0.3505894839763641,-0.5930855870246887,72,0.46767349895959553,0.8349681143043799,1.0090373754501343,0.3505895137786865,-0.5930856466293335,72,9.621914442980994e-08,9.621914442980994e-06,9.621914442980994e-06
529515255,0.525895911170932,0.6120551861129497,1.1644501686096191,-0.8789501190185547,-0.7464559674263,73,0.5258960073900765,0.6120551663565704,1.1644501686096191,-0.8789500594139099,-0.746455729007721,73,9.621914442980994e-08,9.621914442980994e-06,9.621914442980994e-06
529548589,0.5610897041498546,0.52982174860198,1.0558137893676758,-0.8632469773292542,-0.1636713743209839,74,0.561089808316285,0.5298217148562837,1.0558140277862549,-0.8632467985153198,-0.16367115080356598,74,1.0416643037025608e-07,1.0416643037025608e-05,1.0416643037025608e-05
529581923,0.5771952303703112,0.5771952303703112,0.8968935012817383,-1.5362106561660769,-0.8096190690994263,75,0.5771951815195233,0.5771951815195233,0.8968936204910278,-1.5362108945846558,-0.8096185922622681,75,-4.885078785932251e-08,-4.885078785932251e-06,4.885078785932251e-06
529615257,0.6057474526222033,0.5826727267103011,0.8565666675567627,-1.8143153190612795,-1.0374784469604492,76,0.6057474037714154,0.5826726884401996,0.8565666675567627,-1.8143150806427002,-1.037477731704712,76,-4.885078785932251e-08,-4.885078785932251e-06,4.885078785932251e-06
529648591,0.6584347192325846,0.6584347192325846,1.0665682554244995,-0.9635408520698548,-1.4857940673828125,77,0.6584347335611986,0.6584347335611986,1.066568374633789,-0.9635409712791443,-1.4857945442199707,77,1.432861407302255e-08,1.432861407302255e-06,1.432861407302255e-06
529681925,0.6702436201698591,0.6702436201698591,1.1339448690414429,-0.8002098798751831,-1.4608688354492188,78,0.6702436315911917,0.6702436315911917,1.1339449882507324,-0.8002099394798279,-1.4608691930770874,78,1.1421332657413075e-08,1.1421332657413075e-06,1.1421332657413075e-06
529715259,0.708882863613666,0.6753383118494984,1.159177303314209,-0.7450924515724182,-1.4700429439544678,79,0.7088828710613557,0.6753383119198448,1.1591771841049194,-0.745092511177063,-1.4700430631637573,79,7.447689687190007e-09,7.447689687190007e-07,7.447689687190007e-07
529748593,0.7438081336942325,0.6708380423181854,1.0477581024169922,-0.7849065065383911,-1.4457199573516846,80,0.7438081292209932,0.6708380389903027,1.0477577447891235,-0.784906804561615,-1.4457204341888428,80,-4.4732393345015e-09,-4.4732393345015e-07,4.4732393345015e-07
529781927,0.777254473460417,0.6682241198421355,1.003390192985535,-0.8534369468688965,-1.5121793746948242,81,0.7772544650135347,0.668224122292443,1.0033900737762451,-0.8534371852874756,-1.5121798515319824,81,-8.446882304724568e-09,-8.446882304724568e-07,8.446882304724568e-07
529815261,0.8093340548800438,0.6621470477149649,0.9623874425888062,-0.9483749270439148,-1.5399311780929563,82,0.8093340345122326,0.6621470398172689,0.9623870849609375,-0.9483751058578491,-1.539931297302246,82,-2.0367811215393772e-08,-2.036781121539377e-06,2.036781121539377e-06
529848595,0.8444200508720686,0.6680777465636818,1.0525798797607422,-0.8839877247810364,-1.5629514455795288,83,0.8444200305042574,0.6680777425683961,1.0525798797607422,-0.8839878439903259,-1.5629515647888184,83,-2.0367811215393772e-08,-2.036781121539377e-06,2.036781121539377e-06
529881929,0.8811483217206607,0.6663723280667727,1.1018481254577637,-0.897935152053833,-1.5486479997634888,84,0.8811482973792065,0.6663723372355069,1.1018480062484741,-0.8979350328445435,-1.5486479997634888,84,-2.434145418561684e-08,-2.434145418561684e-06,2.434145418561684e-06
529915263,0.9156388077067346,0.6673247153703141,1.0347145795822144,-0.9034505486488342,-1.5798718929290771,85,0.9156387793916374,0.6673247050201856,1.0347144603729248,-0.9034505486488342,-1.579871654510498,85,-2.8315097155839908e-08,-2.8315097155839908e-06,2.8315097155839908e-06
529948597,0.9512523485150944,0.6672099052859496,1.0684062242507937,-0.8559087514877319,-1.4942327737808228,86,0.9512523122527112,0.6672098937295985,1.0684059858322144,-0.8559091687202454,-1.494233250617981,86,-3.6262383207308346e-08,-3.6262383207308346e-06,3.6262383207308346e-06
529981931,0.996517955554228,0.7045397472610833,1.3579682111740112,-0.4699876308441162,-1.6004185676574707,87,0.996517919291845,0.704539766836568,1.3579682111740112,-0.4699874520301819,-1.6004186868667603,87,-3.626238298526374e-08,-3.626238298526374e-06,3.626238298526374e-06
530015265,0.0403929941780378,0.7039682148812866,1.3162511587142944,-0.4986006021499634,-1.675572395324707,88,0.04039295394201181,0.7039682242936909,1.3162510395050049,-0.49860042333602905,-1.675572156906128,88,-4.023602601099796e-08,-4.023602601099796e-06,4.023602601099796e-06
530048599,0.0828786882685631,0.7008835814026848,1.2745708227157593,-0.5469266772270203,-1.7156176567077637,89,0.08287864803253711,0.7008836110806684,1.2745708227157593,-0.5469264388084412,-1.7156180143356323,89,-4.023602595548681e-08,-4.023602595548681e-06,4.023602595548681e-06
530081933,0.1176348202354719,0.666589556333874,1.0426839590072632,-0.7875698804855347,-1.3625860214233398,90,0.1176347760258029,0.6665895615524795,1.0426838397979736,-0.7875698208808899,-1.3625860214233398,90,-4.420966903673218e-08,-4.420966903673218e-06,4.420966903673218e-06
530115267,0.1571137580203026,0.6771266433252772,1.184368133544922,-0.675555408000946,-1.3708311319351196,91,0.15711371381063363,0.6771266434854741,1.1843681335449219,-0.6755552887916565,-1.3708308935165405,91,-4.420966898122103e-08,-4.420966898122103e-06,4.420966898122103e-06
530148601,0.1976654005971561,0.6798093601559538,1.216549277305603,-0.6388868093490601,-1.3534929752349854,92,0.19766535638748706,0.6798093480512076,1.216549277305603,-0.6388870477676392,-1.3534932136535645,92,-4.420966903673218e-08,-4.420966903673218e-06,4.420966903673218e-06
530181935,0.2587437880960117,0.6798071451247089,1.2215677499771118,-0.6504778265953064,-1.3779990673065186,93,0.2587437260049492,0.6798071176056416,1.2215673923492432,-0.6504780054092407,-1.3779988288879395,93,-6.209106245824714e-08,-6.209106245824714e-06,6.209106245824714e-06
530215269,0.3203709495988498,0.6807306786136613,1.2325432300567627,-0.6212536692619324,-1.3361191749572754,94,0.3203708755868584,0.6807306665289886,1.2325429916381836,-0.6212538480758667,-1.336119294166565,94,-7.401199142442749e-08,-7.401199142442749e-06,7.401199142442749e-06
530248603,0.3830822957482944,0.682223700434149,1.2542269229888916,-0.5991866588592529,-1.3209322690963743,95,0.3830822157758385,0.6822237123462522,1.254226803779602,-0.5991865396499634,-1.3209322690963745,95,-7.99724558797621e-08,-7.99724558797621e-06,7.99724558797621e-06
530281937,0.447159082981647,0.6875623682161062,1.2815357446670532,-0.5231558680534363,-1.264411211013794,96,0.44715900300919115,0.6875623596002223,1.2815357446670532,-0.5231560468673706,-1.264411449432373,96,-7.99724558797621e-08,-7.99724558797621e-06,7.99724558797621e-06
530315271,0.5142456901994357,0.7251808283508903,1.341732144355774,-0.1869339644908905,-1.1889963150024414,97,0.5142456221479088,0.7251808132805897,1.341732382774353,-0.18693409860134125,-1.188996434211731,97,-6.805152685807059e-08,-6.805152685807059e-06,6.805152685807059e-06
530348605,0.5804043484655032,0.7470541976316292,1.32317316532135,-0.0215877406299114,-1.1662029027938845,98,0.5804042744535118,0.747054224567636,1.3231730461120605,-0.021587543189525604,-1.1662029027938843,98,-7.401199131340519e-08,-7.401199131340519e-06,7.401199131340519e-06
530381939,0.6446746600595126,0.6990094147527043,1.285406231880188,-0.4411138892173767,-1.329397678375244,99,0.6446745800870568,0.6990094094935597,1.2854061126708984,-0.44111374020576477,-1.3293970823287964,99,-7.997245576873979e-08,-7.99724557687398e-06,7.99724557687398e-06
530415273,0.7083660973039279,0.7386289057776287,1.2738287448883057,-0.055323239415884,-0.7730109095573425,100,0.7083660113710076,0.7386289315132002,1.2738286256790161,-0.05532313510775566,-0.7730112075805664,100,-8.59329202240744e-08,-8.59329202240744e-06,8.59329202240744e-06
530448607,0.7390485736432286,0.7390485736432286,1.2645678520202637,-0.0614622198045253,-0.891808271408081,101,0.7390485802600717,0.7390485802600717,1.2645676136016846,-0.06146218255162239,-0.891808271408081,101,6.616843073459222e-09,6.616843073459222e-07,6.616843073459222e-07
530481941,0.7804153574211014,0.6968388362632242,1.2410035133361816,-0.2284013777971267,-0.6581710577011108,102,0.7804153600643015,0.6968387773181626,1.241003394126892,-0.2284015268087387,-0.6581707000732422,102,2.643200103236154e-09,2.643200103236154e-07,2.643200103236154e-07
530515275,0.8463585687381637,0.9059514729972342,1.3188642263412476,1.3333733081817627,-0.8945537209510803,103,0.8463585654208994,0.9059514959760899,1.318864107131958,1.3333735466003418,-0.8945536017417908,103,-3.317264352098448e-09,-3.317264352098448e-07,3.317264352098448e-07
530548609,0.9012065006000411,0.4495274711969774,1.6454379558563232,-0.3192656338214874,0.1047846749424934,104,0.9012064972827768,0.4495272398603157,1.6454379558563232,-0.31926611065864563,0.10478534549474716,104,-3.317264352098448e-09,-3.317264352098448e-07,3.317264352098448e-07
530581943,0.9509466283224636,0.8111893908362904,1.4922038316726685,0.6338611245155334,-1.5666424036026,105,0.9509466289788421,0.8111893472232148,1.492203950881958,0.6338605284690857,-1.566642165184021,105,6.563785071023176e-10,6.563785071023176e-08,6.563785071023176e-08
530615277,0.994178489119074,0.658572235417572,1.2969558238983154,-0.503176212310791,-0.7773755788803101,106,0.9941784858018096,0.658572187351397,1.2969557046890259,-0.5031763911247253,-0.777375340461731,106,-3.3172644631207504e-09,-3.3172644631207504e-07,3.3172644631207504e-07
530648611,0.0378449790381008,0.6378474862201161,1.3099946975708008,-0.6749875545501709,-0.7938118577003479,107,0.03784497174719337,0.6378475226433034,1.3099945783615112,-0.6749874949455261,-0.7938121557235718,107,-7.290907433343818e-09,-7.290907433343818e-07,7.290907433343818e-07
530681945,0.0825373125774277,0.6143544066063373,1.3407700061798096,-0.7718429565429688,-0.6749265193939209,108,0.08253730131287737,0.6143544092299857,1.34076988697052,-0.7718431353569031,-0.6749266982078552,108,-1.1264550348055735e-08,-1.1264550348055735e-06,1.1264550348055735e-06
530715279,0.1270290844343715,0.6037674153844337,1.334753155708313,-0.8304637670516968,-0.6339337229728699,109,0.1270290572752492,0.6037673827134661,1.3347526788711548,-0.8304638862609863,-0.6339335441589355,109,-2.715912228445916e-08,-2.715912228445916e-06,2.715912228445916e-06
530748613,0.1941616885565334,0.5918762374633071,1.3426520824432373,-0.9383108615875244,-0.6111043095588684,110,0.1941616613974111,0.5918762846802359,1.3426520824432373,-0.9383108019828796,-0.6111046671867371,110,-2.715912228445916e-08,-2.715912228445916e-06,2.715912228445916e-06
530781947,0.2605074338816219,0.5940933740875387,1.32691490650177,-0.99743390083313,-0.6695812344551086,111,0.26050738884110614,0.594093369777527,1.3269145488739014,-0.9974337816238403,-0.6695811152458191,111,-4.504051576148527e-08,-4.504051576148527e-06,4.504051576148527e-06
530815281,0.322473757734161,0.5855633926960182,1.2393264770507812,-1.144233465194702,-0.682176411151886,112,0.32247372461457413,0.5855633905759694,1.2393267154693604,-1.144234299659729,-0.6821768879890442,112,-3.311958685081606e-08,-3.3119586850816063e-06,3.3119586850816063e-06
530848615,0.3831889264486843,0.5894011599548745,1.2143033742904663,-0.8591224551200867,-0.5406920313835144,113,0.383188887368633,0.5894011312495646,1.2143032550811768,-0.8591225147247314,-0.5406918525695801,113,-3.9080051306150665e-08,-3.9080051306150665e-06,3.9080051306150665e-06
530881949,0.4438502125643306,0.626862786708783,1.2132257223129272,-0.7203301787376404,-0.7373924851417542,114,0.4438501675238149,0.6268627404759273,1.2132256031036377,-0.7203306555747986,-0.7373925447463989,114,-4.5040515705974116e-08,-4.5040515705974116e-06,4.5040515705974116e-06
530915283,0.5043524675272518,0.6574681278857937,1.2100450992584229,-0.5908983945846558,-0.8991643786430359,115,0.5043524284472005,0.6574681645165553,1.2100452184677124,-0.5908982157707214,-0.8991645574569702,115,-3.9080051306150665e-08,-3.9080051306150665e-06,3.9080051306150665e-06
530948617,0.562086654971303,0.331361694750356,1.7320256233215332,-0.6636640429496765,1.1831090450286863,116,0.5620866119176087,0.33136173283145565,1.7320255041122437,-0.6636642813682556,1.1831088066101074,116,-4.305369427637373e-08,-4.305369427637373e-06,4.305369427637373e-06
530981951,0.650237048934163,0.665998140529448,1.763007879257202,-0.5709036588668823,-0.9793111085891724,117,0.6502370058804687,0.6659981658176184,1.7630078792572021,-0.5709036588668823,-0.979311466217041,117,-4.305369427637373e-08,-4.305369427637373e-06,4.305369427637373e-06
531015285,0.7078774504564815,0.3368841645684285,1.7292120456695557,-0.5619189739227295,0.9249833822250366,118,0.7078774193237162,0.33688416988796055,1.7292124032974243,-0.5619194507598877,0.9249840974807739,118,-3.113276536570453e-08,-3.113276536570453e-06,3.113276536570453e-06
531048619,0.7493317815366004,0.6144944989678931,1.2436299324035645,-0.6015839576721191,-0.5269812345504761,119,0.749331750403835,0.614494456639639,1.2436299324035645,-0.6015836000442505,-0.5269806385040283,119,-3.113276536570453e-08,-3.113276536570453e-06,3.113276536570453e-06
531081953,0.7903913987380876,0.6253819388489155,1.2317885160446167,-0.4289526343345642,-0.4310163855552673,120,0.7903913676053222,0.6253820161188781,1.2317885160446167,-0.4289523661136627,-0.4310165345668793,120,-3.113276536570453e-08,-3.113276536570453e-06,3.113276536570453e-06
531115287,0.8309951039853308,0.6396881716385784,1.2181111574172974,-0.4333331286907196,-0.5217251181602478,121,0.8309950688789225,0.6396882558058107,1.2181110382080078,-0.4333328604698181,-0.5217253565788269,121,-3.51064083359276e-08,-3.5106408335927597e-06,3.5106408335927597e-06
531148621,0.8713222595753882,0.657162557802144,1.2098146677017212,-0.423207938671112,-0.6413052678108215,122,0.8713222204953369,0.6571625806854774,1.2098145484924316,-0.42320749163627625,-0.6413047909736633,122,-3.9080051306150665e-08,-3.9080051306150665e-06,3.9080051306150665e-06
531181955,0.91153782732314,0.6752859460450606,1.2064670324325562,-0.373873770236969,-0.7370392084121704,123,0.9115377842694458,0.6752859152602564,1.2064669132232666,-0.37387391924858093,-0.7370391488075256,123,-4.305369427637373e-08,-4.305369427637373e-06,4.305369427637373e-06
531215289,0.952077926467122,0.6916606607185352,1.216202974319458,-0.2804610729217529,-0.7305436730384827,124,0.9520778834134277,0.6916607416571089,1.216202974319458,-0.2804607152938843,-0.730543851852417,124,-4.305369427637373e-08,-4.305369427637373e-06,4.305369427637373e-06
531248623,0.9934854679010924,0.7598586593827196,1.242226243019104,0.0348605848848819,-0.5620577931404114,125,0.9934854327946838,0.7598588853347915,1.242226481437683,0.03486139699816704,-0.5620579719543457,125,-3.51064085579722e-08,-3.51064085579722e-06,3.51064085579722e-06
531281957,0.0364394637646887,0.886452582363617,1.288619875907898,0.5271555185317993,-0.4562672972679138,126,0.036439428658280315,0.8864525704780096,1.288619875907898,0.5271549224853516,-0.456266850233078,126,-3.510640839143875e-08,-3.510640839143875e-06,3.510640839143875e-06
531315291,0.0790443512501929,0.8573892444569167,1.2781466245651243,0.4048198759555816,-0.5060190558433533,127,0.07904432011742746,0.8573892181659337,1.278146743774414,0.4048195481300354,-0.5060188174247742,127,-3.113276547672683e-08,-3.113276547672683e-06,3.113276547672683e-06
531348625,0.1197387231094254,0.805938235551801,1.2208311557769775,0.1609193980693817,-0.4388364553451538,128,0.11973869197666004,0.8059381945813525,1.2208311557769775,0.16091936826705933,-0.4388367235660553,128,-3.113276536570453e-08,-3.113276536570453e-06,3.113276536570453e-06
531381959,0.1621141168179724,0.7326453016612138,1.2712618112564087,-0.1749809682369232,-1.5983349084854126,129,0.162114085685207,0.7326453199937102,1.2712618112564087,-0.17498083412647247,-1.5983353853225708,129,-3.113276536570453e-08,-3.113276536570453e-06,3.113276536570453e-06
531415293,0.208575253953796,0.9304636535271886,1.393834114074707,2.1815099716186523,-1.0187888145446775,130,0.20857523474195952,0.930463682557757,1.3938344717025757,2.1815097332000732,-1.01878821849823,130,-1.9211836455035325e-08,-1.9211836455035325e-06,1.9211836455035325e-06
531448627,0.2504949949883037,0.5899941296407405,0.838394820690155,-1.6353344917297363,-1.0377302169799805,131,0.2504949757764673,0.5899941439569931,0.838394820690155,-1.6353347301483154,-1.0377305746078491,131,-1.9211836399524174e-08,-1.9211836399524174e-06,1.9211836399524174e-06
531481961,0.3140265129707866,0.5396175151233152,1.2706303596496582,-1.1284775733947754,-0.2868548035621643,132,0.31402650567987916,0.5396174640635047,1.2706305980682373,-1.1284770965576172,-0.2868542969226837,132,-7.290907433343818e-09,-7.290907433343818e-07,7.290907433343818e-07
531515295,0.3742753409050517,0.7151455741329561,1.2049765586853027,-0.1492539346218109,-0.6706043481826782,133,0.3742753336141443,0.7151455756537382,1.2049765586853027,-0.1492539942264557,-0.6706046462059021,133,-7.290907433343818e-09,-7.290907433343818e-07,7.290907433343818e-07
531548629,0.4355287514828258,0.7015341563276505,1.225068211555481,-0.2108570337295532,-0.6708876490592957,134,0.4355287501523828,0.7015342134099812,1.2250683307647705,-0.21085675060749054,-0.6708875894546509,134,-1.3304430335203676e-09,-1.3304430335203676e-07,1.3304430335203676e-07
531581963,0.4986879669331127,0.6816267542522303,1.2631843090057373,-0.2421550452709198,-0.5285622477531433,135,0.4986879536817407,0.6816268129671896,1.2631840705871582,-0.24215483665466309,-0.5285623073577881,135,-1.3251371999700723e-08,-1.3251371999700723e-06,1.3251371999700723e-06
531615297,0.5643029831551128,0.644291987429113,1.3123003244400024,-0.3419934809207916,-0.4368684589862823,136,0.5643029818246698,0.644292058555347,1.3123005628585815,-0.34199321269989014,-0.4368685185909271,136,-1.3304430890315189e-09,-1.3304430890315189e-07,1.3304430890315189e-07
531648631,0.5907472298836555,0.5907472298836555,1.3704403638839722,-0.5499594211578369,-0.3526476621627807,137,0.5907473422738231,0.5907473422738231,1.3704403638839722,-0.5499587059020996,-0.3526477515697479,137,1.1239016761699361e-07,1.123901676169936e-05,1.123901676169936e-05
531681965,0.6373854524191067,0.558555724979577,1.3991466760635376,-0.7936668395996094,-0.305933266878128,138,0.6373855568619884,0.5585557642212775,1.3991464376449585,-0.7936667203903198,-0.3059334456920624,138,1.0444288167654747e-07,1.0444288167654747e-05,1.0444288167654747e-05
531715299,0.6834322935636685,0.5543960174703328,1.381405234336853,-1.0165619850158691,-0.3616329431533813,139,0.6834323980065502,0.5543960204983995,1.381405234336853,-1.0165623426437378,-0.3616330921649933,139,1.0444288167654747e-07,1.0444288167654747e-05,1.0444288167654747e-05
531748633,0.7267131056682116,0.5848968480700791,1.2984243631362915,-0.9760635495185852,-0.5763888359069824,140,0.7267132021638073,0.5848967612552842,1.2984241247177124,-0.9760632514953613,-0.5763879418373108,140,9.649559573610134e-08,9.649559573610134e-06,9.649559573610134e-06
531781967,0.7698983198698208,0.6455537971217844,1.2955564260482788,-0.600875198841095,-0.7802345156669617,141,0.7698984163654166,0.6455538594058999,1.2955564260482788,-0.6008750796318054,-0.7802349925041199,141,9.649559573610134e-08,9.649559573610134e-06,9.649559573610134e-06
531815301,0.8116878197884406,0.6384349178799408,1.2536849975585938,-0.871798038482666,-1.032970309257507,142,0.8116879162840364,0.6384349574393409,1.2536849975585938,-0.8717978000640869,-1.0329705476760864,142,9.649559573610134e-08,9.649559573610134e-06,9.649559573610134e-06
531848635,0.8889873252606239,0.2886461374840658,1.5459901094436646,-0.3246408402919769,1.3105758428573608,143,0.8889874217562196,0.28864601469526935,1.5459901094436646,-0.3246397376060486,1.3105757236480713,143,9.649559573610134e-08,9.649559573610134e-06,9.649559573610134e-06
531881969,0.945752329259698,0.6767175902559626,1.702950119972229,-0.588978111743927,-1.1874425411224363,144,0.9457524217816509,0.676717609439349,1.7029500007629395,-0.5889779925346375,-1.187442660331726,144,9.252195287690057e-08,9.252195287690057e-06,9.252195287690057e-06
531915303,0.0042611744300371,0.6746732192531375,1.7552653551101685,-0.6000370979309082,-1.1716855764389038,145,0.004261255031060784,0.6746731929748497,1.7552649974822998,-0.6000370979309082,-1.1716850996017456,145,8.060102363316446e-08,8.060102363316446e-06,8.060102363316446e-06
531948637,0.0481847908393389,0.624523553357997,1.3177084922790527,-0.5526258945465088,-0.5493270754814148,146,0.04818487938764851,0.624523544826696,1.3177087306976318,-0.5526260137557983,-0.5493271350860596,146,8.85483095736106e-08,8.85483095736106e-06,8.85483095736106e-06
531981971,0.0940928962127214,0.6210346490135901,1.377243161201477,-0.5377545952796936,-0.511604368686676,147,0.09409298873467406,0.6210347504198774,1.3772432804107666,-0.5377545356750488,-0.5116049647331238,147,9.252195265485597e-08,9.252195265485597e-06,9.252195265485597e-06
532015305,0.139864081769769,0.6304775055828629,1.3731355667114258,-0.5291309356689453,-0.566865861415863,148,0.1398641742917216,0.6304774447686178,1.3731355667114258,-0.5291311740875244,-0.5668656826019287,148,9.252195254383366e-08,9.252195254383366e-06,9.252195254383366e-06
532048639,0.1854340023096249,0.6486229353375018,1.3670976161956787,-0.5044330358505249,-0.6818080544471741,149,0.18543408688429158,0.6486229525905445,1.3670973777770996,-0.504433274269104,-0.6818085312843323,149,8.457466671440983e-08,8.457466671440983e-06,8.457466671440983e-06
532081973,0.2537072128351376,0.6794724277396249,1.365464210510254,-0.3709404766559601,-0.7815534472465515,150,0.2537073152911977,0.6794724624117211,1.3654645681381226,-0.37094026803970337,-0.7815534472465515,150,1.0245606008041364e-07,1.0245606008041364e-05,1.0245606008041364e-05
532115307,0.3224196559484646,0.7203975505976136,1.3742488622665403,-0.1306359767913818,-0.6942346692085266,151,0.3224197524440603,0.7203975275025021,1.374248743057251,-0.1306360810995102,-0.6942346692085266,151,9.649559573610134e-08,9.649559573610134e-06,9.649559573610134e-06
532148641,0.3704215175207302,0.846162761773409,1.4400558471679688,0.3805781602859497,-0.551296591758728,152,0.3704216140163259,0.8461626677163723,1.4400558471679688,0.38057780265808105,-0.5512967705726624,152,9.649559573610134e-08,9.649559573610134e-06,9.649559573610134e-06
532181975,0.4194321439957466,0.8994873210397819,1.4703187942504885,0.6638225317001343,-0.4855700731277466,153,0.4194322365176992,0.8994873479334031,1.4703186750411987,0.6638228893280029,-0.48557016253471375,153,9.252195254383366e-08,9.252195254383366e-06,9.252195254383366e-06
532215309,0.4893823848461952,0.775075710262822,1.3990048170089722,0.1056226193904876,-0.6648279428482056,154,0.4893824833286123,0.7750758905745028,1.3990049362182617,0.10562343895435333,-0.6648282408714294,154,9.848241711019057e-08,9.848241711019057e-06,9.848241711019057e-06
532248643,0.5688370094990577,0.8550658165726196,1.589092493057251,1.3486897945404053,-1.737236499786377,155,0.5688371139419393,0.8550657666309062,1.5890926122665405,1.3486891984939575,-1.7372368574142456,155,1.0444288156552517e-07,1.0444288156552517e-05,1.0444288156552517e-05
532281977,0.6509059892392005,0.7851790384128595,1.6413795948028564,0.6102668642997742,-2.715822696685791,156,0.650906105603011,0.7851790111392213,1.6413798332214355,0.6102662682533264,-2.715822219848633,156,1.1636381047619437e-07,1.1636381047619437e-05,1.1636381047619437e-05
532315311,0.7257451878285255,0.9694725407680144,1.496783971786499,1.4312331676483154,-0.277941346168518,157,0.725745304192336,0.9694725804886621,1.496783971786499,1.4312340021133423,-0.27794113755226135,157,1.1636381047619437e-07,1.1636381047619437e-05,1.1636381047619437e-05
532348645,0.7934047566151465,0.0805550903112159,1.353191375732422,0.80208820104599,0.4446016848087311,158,0.793404872978957,0.08055500790305496,1.3531913757324219,0.8020883202552795,0.4446012079715729,158,1.1636381047619437e-07,1.1636381047619437e-05,1.1636381047619437e-05
532381979,0.8482284472679938,0.1090012737526177,1.0964738130569458,1.515012502670288,1.237396478652954,159,0.8482285636318043,0.10900129628856502,1.0964738130569458,1.515012502670288,1.2373968362808228,159,1.1636381047619437e-07,1.1636381047619437e-05,1.1636381047619437e-05
532415313,0.9067385183071937,0.1168437520089285,1.1702014207839966,1.452913761138916,1.3111395835876465,160,0.9067386406314686,0.11684377570755125,1.1702015399932861,1.4529141187667847,1.3111402988433838,160,1.2232427493152898e-07,1.2232427493152898e-05,1.2232427493152898e-05
532448647,0.9671310530400122,0.126358755821254,1.207850694656372,1.5271207094192505,1.553420901298523,161,0.9671311574828938,0.12635878687640512,1.2078503370285034,1.5271201133728027,1.553420901298523,161,1.0444288156552517e-07,1.0444288156552517e-05,1.0444288156552517e-05
532481981,0.030321173498615,0.1263150511204058,1.263802409172058,1.5396816730499268,1.565338134765625,162,0.03032127794149675,0.12631506939970813,1.263802409172058,1.5396815538406372,1.565338373184204,162,1.0444288178756977e-07,1.0444288178756977e-05,1.0444288178756977e-05
532515315,0.0912477479672277,0.139316172727862,1.2185314893722534,1.4758875370025637,1.7685149908065796,163,0.09124784644964494,0.13931619069858955,1.2185313701629639,1.4758878946304321,1.7685158252716064,163,9.848241722121287e-08,9.848241722121287e-06,9.848241722121287e-06
532548649,0.145566956827625,0.1656488568103593,1.0863841772079468,1.12662935256958,1.9228750467300413,164,0.14556704934957782,0.16564887506011927,1.0863840579986572,1.1266286373138428,1.9228743314743042,164,9.252195276587827e-08,9.252195276587827e-06,9.252195276587827e-06
532581983,0.1905831984924323,0.1905831984924322,0.9545719623565674,0.7937688827514648,2.0264954566955566,165,0.19058320430914494,0.1905832043091449,0.9545721411705017,0.7937687039375305,2.0264952182769775,165,5.816712667083834e-09,5.816712667083834e-07,5.816712667083834e-07
532615317,0.2229591183113105,0.1717061582344623,0.9712775945663452,0.8140214681625366,1.5190485715866089,166,0.2229591281016661,0.17170615268651168,0.9712777137756348,0.8140214085578918,1.5190483331680298,166,9.790355637306902e-09,9.790355637306902e-07,9.790355637306902e-07
532648651,0.2568526995427456,0.1610713895756436,1.0168074369430542,0.8503139615058899,1.3600313663482666,167,0.25685270535945826,0.16107132814173483,1.0168073177337646,0.8503146171569824,1.360031247138977,167,5.816712667083834e-09,5.816712667083834e-07,5.816712667083834e-07
532681985,0.2963277828938809,0.1624607818670879,1.1842525005340576,1.432395100593567,2.3361639976501465,168,0.2963277887105935,0.16246074244602726,1.1842525005340576,1.4323954582214355,2.336163282394409,168,5.816712667083834e-09,5.816712667083834e-07,5.816712667083834e-07
532715319,0.3392258020487474,0.1457525594593249,1.286940574645996,1.6330969333648682,2.126058340072632,169,0.33922580786546,0.14575255083715172,1.286940574645996,1.6330969333648682,2.1260581016540527,169,5.816712667083834e-09,5.816712667083834e-07,5.816712667083834e-07
532748653,0.3876423967130032,0.1407628533947132,1.4524978399276731,1.42503023147583,1.739474534988403,170,0.3876423985560728,0.14076282430029055,1.4524977207183838,1.4250304698944092,1.7394741773605347,170,1.8430695858384638e-09,1.8430695858384638e-07,1.8430695858384638e-07
532781987,0.4319861543423977,0.1500178923873812,1.330312728881836,1.255435347557068,1.7283670902252195,171,0.4319861760536823,0.15001789828618983,1.3303133249282837,1.2554349899291992,1.728366732597351,171,2.1711284547976106e-08,2.1711284547976106e-06,2.1711284547976106e-06
532815321,0.4711522948987331,0.1399760654585889,1.1749842166900637,1.3209435939788818,1.5962576866149902,172,0.47115230468908875,0.13997605013240513,1.1749838590621948,1.3209439516067505,1.5962578058242798,172,9.790355637306902e-09,9.790355637306902e-07,9.790355637306902e-07
532848655,0.5093451273686733,0.1258838430618718,1.1457849740982056,1.5167410373687744,1.5336812734603882,173,0.5093451411326719,0.12588384320002993,1.1457850933074951,1.5167407989501953,1.533681035041809,173,1.376399860752997e-08,1.376399860752997e-06,1.376399860752997e-06
532881989,0.5485723229494737,0.1170421406979278,1.1768158674240112,1.5491623878479004,1.4015039205551147,174,0.5485723247925434,0.11704215288384336,1.1768155097961426,1.5491621494293213,1.4015039205551147,174,1.8430696968607663e-09,1.8430696968607663e-07,1.8430696968607663e-07
532915323,0.5898718329516099,0.1070314143035287,1.238985300064087,1.65755295753479,1.319956660270691,175,0.5898718387683226,0.10703143103705129,1.2389854192733765,1.6575525999069214,1.319956660270691,175,5.816712667083834e-09,5.816712667083834e-07,5.816712667083834e-07
532948657,0.6322247755772915,0.0904254993251473,1.2705882787704468,1.865190505981445,1.190692663192749,176,0.6322247893412901,0.09042548225795348,1.2705885171890259,1.8651903867721558,1.1906923055648804,176,1.376399860752997e-08,1.376399860752997e-06,1.376399860752997e-06
532981991,0.6967044365651456,0.0817493237060895,1.28959321975708,1.998061180114746,1.127217173576355,177,0.6967044503291442,0.08174932019995766,1.28959321975708,1.9980602264404297,1.1272165775299072,177,1.376399860752997e-08,1.376399860752997e-06,1.376399860752997e-06
533015325,0.7633900714166013,0.0832508196057772,1.3337126970291138,1.986055612564087,1.1452772617340088,178,0.7633900792201354,0.08325082567565542,1.3337125778198242,1.986055850982666,1.145277500152588,178,7.803534041173066e-09,7.803534041173066e-07,7.803534041173066e-07
533048659,0.8296389174706784,0.081908858108174,1.324976921081543,2.213259696960449,1.2515488862991333,179,0.829638931234677,0.08190888579069541,1.3249770402908325,2.213259220123291,1.2515491247177124,179,1.376399860752997e-08,1.376399860752997e-06,1.376399860752997e-06
533081993,0.8951004994160977,0.0909869597978054,1.3092316389083862,2.347420215606689,1.5102187395095823,180,0.8951005012591674,0.09098698758000212,1.3092314004898071,2.347419500350952,1.510218858718872,180,1.8430696968607663e-09,1.8430696968607663e-07,1.8430696968607663e-07
533115327,0.9333210997032172,0.5676860557067058,1.1466180086135864,-1.4551622867584229,-0.6590799689292908,181,0.9333210975726439,0.5676860778536796,1.1466178894042969,-1.4551624059677124,-0.6590802669525146,181,-2.1305732733623017e-09,-2.1305732733623017e-07,2.1305732733623017e-07
533148661,0.9906514100479132,0.787161032500979,1.7199093103408811,0.6114592552185059,-2.571021556854248,182,0.9906514118909829,0.7871610571164405,1.719909429550171,0.6114597320556641,-2.571021795272827,182,1.8430696968607663e-09,1.8430696968607663e-07,1.8430696968607663e-07
533181995,0.0454564623283393,0.7803273791400211,1.6441515684127808,0.4690733850002289,-2.431781768798828,183,0.045456468145052,0.7803274092284764,1.6441516876220703,0.4690738618373871,-2.431781768798828,183,5.816712667083834e-09,5.816712667083834e-07,5.816712667083834e-07
533215329,0.0937707992640184,0.7729098978952891,1.4494301080703735,0.2893438041210174,-1.9961673021316528,184,0.09377080508073111,0.7729099161418675,1.4494301080703735,0.28934407234191895,-1.996167540550232,184,5.816712667083834e-09,5.816712667083834e-07,5.816712667083834e-07
533248663,0.1368463170773831,0.6153660553022426,1.29226553440094,-0.6202865242958069,-0.549396812915802,185,0.13684631494680982,0.6153659639677932,1.2922652959823608,-0.6202867031097412,-0.5493963360786438,185,-2.1305732733623017e-09,-2.1305732733623017e-07,2.1305732733623017e-07
533281997,0.2042608213670101,0.5602378607187548,1.3482900857925415,-0.7995397448539734,-0.3179432451725006,186,0.2042608192364369,0.5602376887746008,1.3482900857925415,-0.7995401620864868,-0.31794241070747375,186,-2.1305731623399993e-09,-2.1305731623399993e-07,2.1305731623399993e-07
533315331,0.2739236188180294,0.5432931626174407,1.3932559490203855,-0.9016855359077454,-0.251509815454483,187,0.27392362860838515,0.5432931941605854,1.3932561874389648,-0.9016850590705872,-0.2515098750591278,187,9.790355748329205e-09,9.790355748329205e-07,9.790355748329205e-07
533348665,0.3455926966912594,0.5324106326343006,1.4333815574645996,-1.010405421257019,-0.2086532860994339,188,0.3455927243630086,0.5324106228462893,1.4333819150924683,-1.0104053020477295,-0.20865319669246674,188,2.767174911433301e-08,2.767174911433301e-06,2.767174911433301e-06
533381999,0.415374709392294,0.5275840018313014,1.395640254020691,-1.132170796394348,-0.1982112526893615,189,0.41537473706404315,0.5275839676840343,1.395640254020691,-1.1321710348129272,-0.19821104407310486,189,2.767174911433301e-08,2.767174911433301e-06,2.767174911433301e-06
533415333,0.4822033536679593,0.51104936673668,1.3365728855133057,-1.0681103467941284,-0.0742731615900993,190,0.4822033873001729,0.511049304133991,1.3365730047225952,-1.0681099891662598,-0.07427271455526352,190,3.3632213680689915e-08,3.3632213680689915e-06,3.3632213680689915e-06
533448667,0.5246706577387499,0.4816651177877697,1.2740191221237185,-0.9449021816253662,0.1093382313847541,191,0.5246706873973206,0.4816651948421004,1.2740190029144287,-0.9449020028114319,0.10933774709701538,191,2.9658570710466847e-08,2.9658570710466847e-06,2.9658570710466847e-06
533482001,0.5749425263154051,0.5749425263154051,1.1492809057235718,-1.0617327690124512,-0.5404970049858093,192,0.574942554956404,0.574942554956404,1.1492809057235718,-1.061732530593872,-0.5404971241950989,192,2.864099890587113e-08,2.864099890587113e-06,2.864099890587113e-06
533515335,0.6243274660243181,0.6243274660243181,1.2457470893859863,-1.1089873313903809,-1.0996543169021606,193,0.6243274660243181,0.6243274660243181,1.2457469701766968,-1.1089873313903809,-1.0996543169021606,193,0.0,0.0,0.0
533548669,0.6716643297085374,0.6716643297085374,1.7101068496704102,-0.6633689999580383,-1.237134337425232,194,0.6716643233215536,0.6716643233215536,1.7101069688796997,-0.6633689999580383,-1.2371342182159424,194,-6.386983830708459e-09,-6.386983830708459e-07,6.386983830708459e-07
533582003,0.7264515363583177,0.3409235497644479,1.6436161994934082,-0.8348538875579834,1.2987985610961914,195,0.7264515299713339,0.3409235194941209,1.6436161994934082,-0.8348537683486938,1.29879891872406,195,-6.386983830708459e-09,-6.386983830708459e-07,6.386983830708459e-07
533615337,0.7822263323673815,0.3585692172682044,1.6732438802719116,-0.9179196357727052,1.1301075220108032,196,0.7822263220067546,0.3585691445630296,1.673243761062622,-0.9179186820983887,1.1301074028015137,196,-1.036062691195383e-08,-1.036062691195383e-06,1.036062691195383e-06
533648671,0.8341987374831449,0.4063050195964781,1.5591721534729004,-0.9508816003799438,0.6348834037780762,197,0.834198715201589,0.40630494827956465,1.5591717958450317,-0.9508814811706543,0.6348839402198792,197,-2.2281555933645336e-08,-2.2281555933645336e-06,2.2281555933645336e-06
533682005,0.8753751082628182,0.6144941426336619,1.2352911233901978,-0.7841649055480957,-0.6869171261787415,198,0.8753750939285482,0.6144941263971453,1.2352913618087769,-0.7841647267341614,-0.6869168281555176,198,-1.43342699931992e-08,-1.43342699931992e-06,1.43342699931992e-06
533715339,0.9164059562890938,0.6351601908232021,1.230925440788269,-0.6891677975654602,-0.7832953333854675,199,0.9164059379811809,0.6351602456987471,1.2309253215789795,-0.6891677379608154,-0.7832958102226257,199,-1.8307912963422268e-08,-1.8307912963422268e-06,1.8307912963422268e-06
533748673,0.9584312203933012,0.6306880655851803,1.2607579231262207,-0.7445956468582153,-0.7998151183128357,200,0.9584311981117453,0.6306880706230422,1.2607578039169312,-0.7445957660675049,-0.79981529712677,200,-2.2281555933645336e-08,-2.2281555933645336e-06,2.2281555933645336e-06
533782007,0.0008823398162138,0.6338704051203855,1.273533582687378,-0.7621817588806152,-0.8522546887397766,201,0.0008823215083009206,0.6338703869184958,1.2735337018966675,-0.7621814012527466,-0.8522540926933289,201,-1.8307912852399966e-08,-1.8307912852399966e-06,1.8307912852399966e-06
533815341,0.0445119424074105,0.6405505651617173,1.3088880777359009,-0.6987953186035156,-0.8506729602813721,202,0.04451193204678359,0.640550574197779,1.30888831615448,-0.6987951397895813,-0.8506728410720825,202,-1.036062691195383e-08,-1.036062691195383e-06,1.036062691195383e-06
533848675,0.0887928052156381,0.6577147367817446,1.3284258842468262,-0.448207139968872,-0.6843405365943909,203,0.0887928028022971,0.6577148013402916,1.3284261226654053,-0.4482067823410034,-0.6843405961990356,203,-2.4133409715076937e-09,-2.4133409715076937e-07,2.4133409715076937e-07
533882009,0.1337356054195972,0.7021047232632887,1.3482840061187744,-0.1470032036304474,-0.4736524522304535,204,0.1337356109535422,0.7021050005980991,1.3482842445373535,-0.14700235426425934,-0.4736526310443878,204,5.533944968938442e-09,5.533944968938442e-07,5.533944968938442e-07
533915343,0.1787418567547413,0.6747384727223087,1.3501875400543213,-0.2309455573558807,-0.4514208436012268,205,0.1787418702359722,0.6747386302714967,1.3501877784729004,-0.23094488680362701,-0.4514206349849701,205,1.3481230909384578e-08,1.3481230909384578e-06,1.3481230909384578e-06
533948677,0.2455326818832966,0.6248223020039624,1.335816502571106,-0.6398897171020508,-0.6384624242782593,206,0.24553270728545645,0.6248223019708209,1.335816740989685,-0.6398895978927612,-0.6384623050689697,206,2.5402159820053782e-08,2.5402159820053782e-06,2.5402159820053782e-06
533982011,0.2753490401590798,0.2753490401590798,1.3582162857055664,-0.1121036410331726,0.6978853344917297,207,0.2753489490652729,0.2753489490652729,1.3582162857055664,-0.11210329830646515,0.6978857517242432,207,-9.109380688654412e-08,-9.109380688654412e-06,9.109380688654412e-06
534015345,0.3160167488738829,0.9133708223865198,1.2200312614440918,0.90638267993927,-0.5486330986022949,208,0.31601665380643296,0.9133708808441885,1.2200311422348022,0.9063830375671387,-0.5486328601837158,208,-9.506744996778949e-08,-9.506744996778949e-06,9.506744996778949e-06
534048679,0.3572625471437906,0.8424745639491,1.237373948097229,0.4987882077693939,-0.7595970034599304,209,0.3572624481026976,0.8424745841351787,1.2373738288879395,0.4987882673740387,-0.7595968842506409,209,-9.90410929935237e-08,-9.90410929935237e-06,9.90410929935237e-06
534082013,0.4161746991957162,0.733956107954274,1.1782430410385132,-0.1080758869647979,-1.068475604057312,210,0.41617460015462326,0.7339561457246289,1.1782430410385132,-0.10807561874389648,-1.0684754848480225,210,-9.904109293801255e-08,-9.904109293801255e-06,9.904109293801255e-06
534115347,0.4713610543096994,0.6772176339700599,1.103727102279663,-0.4848115146160126,-0.9851953983306884,211,0.47136095526860644,0.6772176495348543,1.103727102279663,-0.48481136560440063,-0.9851953387260437,211,-9.904109293801255e-08,-9.904109293801255e-06,9.904109293801255e-06
534148681,0.5286018980825876,0.9023031813158634,1.1448168754577637,1.2633717060089111,-0.8902485966682434,212,0.5286017930810302,0.9023031662636636,1.1448167562484741,1.2633717060089111,-0.8902487754821777,212,-1.0500155744885831e-07,-1.050015574488583e-05,1.050015574488583e-05
534182015,0.5821008159006571,0.9492718306857616,1.0699783563613892,1.9060869216918943,-0.6289810538291931,213,0.5821007049386352,0.9492718395719383,1.0699782371520996,1.9060872793197632,-0.6289810538291931,213,-1.1096202190419291e-07,-1.1096202190419291e-05,1.1096202190419291e-05
534215349,0.6335316313589548,0.9666594897981512,1.0286163091659546,2.112743854522705,-0.4491771459579468,214,0.6335315144364685,0.9666595357678041,1.028616189956665,2.1127443313598633,-0.4491766095161438,214,-1.1692248635952751e-07,-1.1692248635952751e-05,1.1692248635952751e-05
534248683,0.6813491238440013,0.0074757041552645,0.9563498497009276,2.159776210784912,0.1015220284461975,215,0.6813489950005859,0.0074756959332839806,0.9563496112823486,2.1597766876220703,0.10152193903923035,215,-1.2884341538121902e-07,-1.2884341538121902e-05,1.2884341538121902e-05
534282017,0.7238310290659403,0.0566254574147426,0.8496381044387817,1.769585371017456,0.6575813889503479,216,0.7238308912818282,0.056625443411753726,0.8496379256248474,1.7695858478546143,0.6575813889503479,216,-1.3778411211973207e-07,-1.3778411211973207e-05,1.3778411211973207e-05
534315351,0.7633811367834543,0.1479801734895908,0.7910021543502808,1.4541988372802734,1.9490301609039309,217,0.7633809930388777,0.14798018142774205,0.7910020351409912,1.4541982412338257,1.949029564857483,217,-1.4374457657506667e-07,-1.4374457657506667e-05,1.4374457657506667e-05
534348685,0.8057289017523264,0.1493799366418577,0.8469552993774414,1.5908269882202148,2.1717419624328613,218,0.8057287639682142,0.14937994536896387,0.846955418586731,1.5908266305923462,2.1717417240142822,218,-1.3778411211973207e-07,-1.3778411211973207e-05,1.3778411211973207e-05
534382019,0.8476291192854379,0.156179961572706,0.8380043506622314,1.4592711925506592,2.181874513626098,219,0.8476289755408614,0.1561799856825886,0.8380042314529419,1.4592711925506592,2.181875228881836,219,-1.4374457657506667e-07,-1.4374457657506667e-05,1.4374457657506667e-05
534415353,0.8892520083273385,0.1645407503940702,0.8324577808380127,1.416460037231445,2.379406213760376,220,0.889251876503691,0.16454074114032416,0.8324580192565918,1.4164597988128662,2.3794054985046387,220,-1.3182364755337517e-07,-1.3182364755337517e-05,1.3182364755337517e-05
534448687,0.9286707235659096,0.1751894879716102,0.7883743047714233,1.1491458415985107,2.261979341506958,221,0.9286705798213332,0.1751894946385958,0.7883740663528442,1.1491457223892212,2.261979341506958,221,-1.4374457646404437e-07,-1.4374457646404437e-05,1.4374457646404437e-05
534482021,0.9684908701265786,0.1790871543007111,0.7964029312133789,0.9575521945953368,2.004971504211426,222,0.9684907293622343,0.1790871322208143,0.7964029908180237,0.9575521945953369,2.0049707889556885,222,-1.4076434429188822e-07,-1.4076434429188822e-05,1.4076434429188822e-05
534515355,0.005437041648719,0.1921172560058841,0.7389234304428101,0.7448468208312988,1.9569342136383057,223,0.005436906844839218,0.19211723805828387,0.7389235496520996,0.7448471188545227,1.9569343328475952,223,-1.3480387978104247e-07,-1.3480387978104247e-05,1.3480387978104247e-05
534548689,0.040638263353202,0.2169588187924166,0.7040244340896606,0.4019588530063629,1.9082856178283687,224,0.040638113648161056,0.21695879386848974,0.7040241360664368,0.40195924043655396,1.9082859754562378,224,-1.4970504091937897e-07,-1.4970504091937897e-05,1.4970504091937897e-05
534582023,0.0899036301458809,0.1695512603256534,0.9853073358535768,1.196418523788452,2.1618165969848637,225,0.08990346851991093,0.16955127304470274,0.9853070974349976,1.1964181661605835,2.161816358566284,225,-1.6162596994107048e-07,-1.6162596994107048e-05,1.6162596994107048e-05
534615357,0.1411826802576515,0.1651897497588042,1.0255810022354126,1.3040778636932373,2.211087465286255,226,0.14118250075028815,0.16518978387642147,1.025580644607544,1.3040775060653687,2.211087942123413,226,-1.7950736330707429e-07,-1.795073633070743e-05,1.795073633070743e-05
534648691,0.1607270031111932,0.1607270031111933,1.0542759895324707,1.3781745433807373,2.1937413215637207,227,0.16072703093626195,0.16072703093626195,1.0542763471603394,1.3781737089157104,2.1937408447265625,227,2.7825068693587696e-08,2.7825068693587696e-06,2.7825068693587696e-06
534682025,0.1953439939953383,0.1649654074404996,1.038509726524353,1.3209575414657593,2.2325096130371094,228,0.19534401784676406,0.16496541258081107,1.0385096073150635,1.3209573030471802,2.2325093746185303,228,2.3851425723364628e-08,2.3851425723364628e-06,2.3851425723364628e-06
534715359,0.2266785332498448,0.1708585723869994,0.9400361776351928,1.0723042488098145,1.975685834884644,229,0.22667856107491346,0.17085858998052728,0.9400362968444824,1.0723037719726562,1.975685477256775,229,2.7825068693587696e-08,2.7825068693587696e-06,2.7825068693587696e-06
534748693,0.2521823633648452,0.1653056142360184,0.7651149034500122,0.8848790526390076,1.502827525138855,230,0.25218239516355684,0.16530563850499294,0.7651150226593018,0.8848788142204285,1.5028276443481445,230,3.1798711663810764e-08,3.1798711663810764e-06,3.1798711663810764e-06
534782027,0.2792651364145176,0.1546897028608789,0.8124831914901733,1.076369285583496,1.577206015586853,231,0.2792651662264078,0.15468971445133486,0.8124831318855286,1.0763695240020752,1.5772066116333008,231,2.981189017869923e-08,2.981189017869923e-06,2.981189017869923e-06
534815361,0.3077923048473892,0.1500685217259612,0.855815052986145,1.1608097553253174,1.599164962768555,232,0.3077923267119933,0.15006851959607356,0.8558148145675659,1.160809874534607,1.5991650819778442,232,2.186460412723079e-08,2.186460412723079e-06,2.186460412723079e-06
534848695,0.3382836052713292,0.1417736923513929,0.9147390127182008,1.333751916885376,1.649312973022461,233,0.33828362713593335,0.14177369368210893,0.9147390127182007,1.3337517976760864,1.6493128538131714,233,2.186460412723079e-08,2.186460412723079e-06,2.186460412723079e-06
534882029,0.3709571390288569,0.1282977849566848,0.98020601272583,1.638437271118164,1.7077828645706177,234,0.370957156919818,0.12829776111231067,0.9802058935165405,1.638438105583191,1.7077832221984863,234,1.7890961157007723e-08,1.7890961157007723e-06,1.7890961157007723e-06
534915363,0.4063578515189387,0.110462992405428,1.0620213747024536,1.8504384756088257,1.5399048328399658,235,0.4063578733835428,0.11046298533095952,1.0620214939117432,1.8504383563995361,1.5399045944213867,235,2.186460412723079e-08,2.186460412723079e-06,2.186460412723079e-06
534948697,0.4420105724471309,0.0875521740705053,1.0695816278457642,2.052682876586914,1.2588114738464355,236,0.4420105903380919,0.08755216735365917,1.0695815086364746,2.052682876586914,1.258811354637146,236,1.789096104598542e-08,1.789096104598542e-06,1.789096104598542e-06
534982031,0.4781514355478185,0.0775092075285812,1.08422589302063,2.135669708251953,1.130937099456787,237,0.4781514534387796,0.07750922181488487,1.0842258930206299,2.135669469833374,1.1309372186660767,237,1.789096104598542e-08,1.789096104598542e-06,1.789096104598542e-06
535015365,0.513580345008522,0.0594105179936956,1.062867283821106,1.1024394035339355,0.4317702054977417,238,0.5135803628994831,0.059410559523462456,1.062867283821106,1.1024391651153564,0.4317704439163208,238,1.789096104598542e-08,1.789096104598542e-06,1.789096104598542e-06
535048699,0.5627539683319626,0.010236957118396,0.983472466468811,0.8373063802719116,0.0539305247366428,239,0.5627539981438525,0.010237002976420136,0.9834727048873901,0.8373063206672668,0.05393076315522194,239,2.9811889956654625e-08,2.9811889956654625e-06,2.9811889956654625e-06
535082033,0.6109155405499038,0.921811753121388,0.9632314443588256,0.66282057762146,-0.3546237051486969,240,0.6109155763222582,0.9218118099256166,0.9632315635681152,0.6628207564353943,-0.3546234965324402,240,3.577235441198923e-08,3.5772354411989227e-06,3.5772354411989227e-06
535115367,0.6645430971123275,0.7859080633995488,1.072551131248474,0.1581859439611435,-0.6891888976097107,241,0.6645431388451464,0.7859079860162826,1.0725512504577637,0.15818564593791962,-0.6891891360282898,241,4.173281886732383e-08,4.173281886732383e-06,4.173281886732383e-06
535148701,0.71198121449924,0.71198121449924,1.2375599145889282,-0.2714240849018097,-1.1145453453063965,242,0.711981218516694,0.711981218516694,1.2375597953796387,-0.2714240550994873,-1.1145453453063965,242,4.017454036109314e-09,4.0174540361093136e-07,4.0174540361093136e-07
535182035,0.7511160864589262,0.6602980881340385,1.1740461587905884,-0.5918131470680237,-0.9364203810691832,243,0.7511160904763803,0.6602980808949823,1.1740461587905884,-0.5918132066726685,-0.9364203810691833,243,4.017454036109314e-09,4.0174540361093136e-07,4.0174540361093136e-07
535215369,0.7874983841337411,0.6219861014572419,1.0914689302444458,-0.7843825817108154,-0.7552237510681152,244,0.7874983841775521,0.6219860823959278,1.0914688110351562,-0.7843825221061707,-0.7552235126495361,244,4.3811065886245615e-11,4.3811065886245615e-09,4.3811065886245615e-09
535248703,0.8232083692309904,0.6023820371723188,1.0712995529174805,-0.899784505367279,-0.6745350360870361,245,0.8232083692748015,0.6023820270523724,1.0712995529174805,-0.8997846245765686,-0.6745350360870361,245,4.3811065886245615e-11,4.3811065886245615e-09,4.3811065886245615e-09
535282037,0.8595517530200529,0.5912798419747548,1.090301513671875,-1.0252397060394287,-0.6622613072395325,246,0.859551757037507,0.5912798504092469,1.0903016328811646,-1.0252395868301392,-0.6622613072395325,246,4.017454036109314e-09,4.0174540361093136e-07,4.0174540361093136e-07
535315371,0.8963173284289885,0.78556064374364,1.1029672622680664,0.2945944368839264,-1.2964704036712646,247,0.8963173324464425,0.7855606778990037,1.1029672622680664,0.2945946753025055,-1.2964701652526855,247,4.017454036109314e-09,4.0174540361093136e-07,4.0174540361093136e-07
535348705,0.9293307755547412,0.8846189771915107,0.990403413772583,0.9966961145401,-0.8829555511474609,248,0.9293307795721952,0.8846189837413784,0.990403413772583,0.9966959953308105,-0.8829553723335266,248,4.017454036109314e-09,4.0174540361093136e-07,4.0174540361093136e-07
535382039,0.9369708610466074,0.9369708610466074,0.9447780847549438,1.457860231399536,-0.6095518469810486,249,0.9369708804803956,0.9369708804803956,0.94477778673172,1.4578605890274048,-0.6095517873764038,249,1.9433788134293195e-08,1.9433788134293195e-06,1.9433788134293195e-06
535415373,0.9661658685591832,0.9661658685591832,0.8742461204528809,1.8680419921875,-0.4032122790813446,250,0.9661658661330931,0.9661658661330931,0.8742462992668152,1.8680419921875,-0.403212308883667,250,-2.426090106588674e-09,-2.426090106588674e-07,2.426090106588674e-07
535448707,0.0070418205986428,0.0070418205986428,0.8438913226127625,1.812411904335022,0.0802426487207412,251,0.0070418524044644215,0.007041852404464498,0.8438913822174072,1.8124117851257324,0.08024300634860992,251,3.1805821643082766e-08,3.1805821643082766e-06,3.1805821643082766e-06
535482041,0.0412797954807687,0.1292231721426773,0.6847594976425171,1.2881803512573242,1.358424425125122,252,0.041279815365661325,0.12922320701033654,0.684759259223938,1.2881803512573242,1.3584250211715698,252,1.988489262139126e-08,1.988489262139126e-06,1.988489262139126e-06
535515375,0.0794151690731454,0.1491224756330117,0.7627074718475342,1.5751354694366455,2.1430397033691406,253,0.07941518001734132,0.149122492876967,0.7627072930335999,1.5751351118087769,2.1430397033691406,253,1.0944195882878205e-08,1.0944195882878205e-06,1.0944195882878205e-06
535548709,0.1179109719524789,0.1511416858070668,0.7699160575866699,1.59068500995636,2.222747325897217,254,0.11791098587690706,0.15114169222770518,0.7699161171913147,1.5906845331192017,2.2227468490600586,254,1.3924428166056657e-08,1.3924428166056657e-06,1.3924428166056657e-06
535582043,0.1561473277340341,0.1580366500296655,0.7647271156311035,1.4750890731811523,2.2621946334838867,255,0.15614734165846222,0.1580366382601278,0.7647271156311035,1.4750893115997314,2.2621946334838867,255,1.3924428055034355e-08,1.3924428055034355e-06,1.3924428055034355e-06
535615377,0.1817428576082,0.1584910419928779,0.7678658962249756,1.3911395072937012,2.1468212604522705,256,0.18174287749309256,0.15849103761111907,0.7678660750389099,1.3911397457122803,2.1468214988708496,256,1.988489262139126e-08,1.988489262139126e-06,1.988489262139126e-06
535648711,0.2084836470216521,0.1759101354258565,0.8022236824035645,0.9895422458648682,1.9698532819747925,257,0.2084836688933662,0.1759101393253137,0.8022237420082092,0.9895423650741577,1.9698536396026611,257,2.1871714106502793e-08,2.1871714106502793e-06,2.1871714106502793e-06
535682045,0.2340966172148793,0.196610593200897,0.768389105796814,0.6577813029289246,1.8867499828338623,258,0.23409664107341482,0.19661059414656312,0.7683891654014587,0.6577811241149902,1.886749505996704,258,2.3858535591614327e-08,2.3858535591614327e-06,2.3858535591614327e-06
535715379,0.2585792449245859,0.2199214064090431,0.7344788312911987,0.3779598772525787,1.976033091545105,259,0.25857926480947846,0.2199213989181512,0.7344787120819092,0.3779599964618683,1.9760332107543945,259,1.988489262139126e-08,1.988489262139126e-06,1.988489262139126e-06
535748713,0.287958088232081,0.1769357971540227,0.8813652992248535,1.0168918371200562,2.0572428703308105,260,0.28795811606425953,0.17693581214614892,0.8813655376434326,1.016891360282898,2.0572423934936523,260,2.7832178561837395e-08,2.7832178561837395e-06,2.7832178561837395e-06
535782047,0.3184734768797962,0.1570820135774049,0.9154616594314576,1.291799545288086,1.9553663730621336,261,0.3184735007383318,0.15708203142742216,0.915461540222168,1.291799545288086,1.955366849899292,261,2.3858535591614327e-08,2.3858535591614327e-06,2.3858535591614327e-06
535815381,0.3520923800398914,0.1694908549389135,1.0085670948028564,1.072111964225769,1.935472011566162,262,0.3520923919774981,0.16949086740403876,1.0085667371749878,1.072111964225769,1.9354723691940308,262,1.1937606680945123e-08,1.1937606680945123e-06,1.1937606680945123e-06
535848715,0.3866195149352162,0.1678206627824055,1.0358140468597412,1.1539466381072998,2.032588481903076,263,0.38661953482010875,0.16782064256130386,1.0358142852783203,1.153947114944458,2.0325887203216553,263,1.988489262139126e-08,1.988489262139126e-06,1.988489262139126e-06
535882049,0.420024882468582,0.1660654375226903,1.0021610260009766,1.1687332391738892,2.0067598819732666,264,0.42002490632711764,0.1660654539691832,1.0021611452102661,1.1687332391738892,2.006760358810425,264,2.3858535591614327e-08,2.3858535591614327e-06,2.3858535591614327e-06
535915383,0.4449043658504892,0.1788614262396893,0.7463845014572144,0.6445756554603577,1.3447376489639282,265,0.4449043857353818,0.17886146639479086,0.7463843822479248,0.6445752382278442,1.3447376489639282,265,1.988489262139126e-08,1.988489262139126e-06,1.988489262139126e-06
535948717,0.4688936061789601,0.1762813073386735,0.719677209854126,0.659945011138916,1.3214073181152344,266,0.4688936201033882,0.1762813417938665,0.7196770310401917,0.6599448323249817,1.321407675743103,266,1.3924428055034355e-08,1.3924428055034355e-06,1.3924428055034355e-06
535982051,0.4953132735818633,0.1628032476840014,0.7925900220870972,0.8665581345558167,1.4201611280441284,267,0.4953132835326485,0.16280327416677617,0.7925899028778076,0.8665579557418823,1.4201613664627075,267,9.950785195833589e-09,9.95078519583359e-07,9.95078519583359e-07
536015385,0.5234333621591338,0.1516083770828286,0.8436026573181152,1.0439391136169434,1.467826247215271,268,0.523433368136276,0.15160839043987143,0.8436025381088257,1.0439393520355225,1.4678268432617188,268,5.977142114588219e-09,5.977142114588219e-07,5.977142114588219e-07
536048719,0.5529952195415903,0.1422973514747794,0.8868557214736938,1.2322492599487305,1.5340913534164429,269,0.5529952195582679,0.1422973589920502,0.8868555426597595,1.232249140739441,1.5340913534164429,269,1.667765925361664e-11,1.667765925361664e-09,1.667765925361664e-09
536082053,0.5841746039321034,0.1280520899255374,0.9353815317153932,1.4734615087509155,1.5310863256454468,270,0.584174611896067,0.1280520830078547,0.9353817701339722,1.4734618663787842,1.5310865640640259,270,7.963963599699753e-09,7.963963599699753e-07,7.963963599699753e-07
536115387,0.6180337138106434,0.1099554733639825,1.0157732963562012,1.6175593137741089,1.3373993635177612,271,0.618033729721893,0.1099554630503673,1.0157735347747803,1.6175596714019775,1.3373994827270508,271,1.591124954014589e-08,1.5911249540145889e-06,1.5911249540145889e-06
536148721,0.6713561363150685,0.0872423628531835,1.066448450088501,1.6826038360595703,1.027358055114746,272,0.6713561522263181,0.08724238429573132,1.066448450088501,1.6826037168502808,1.0273582935333252,272,1.591124954014589e-08,1.5911249540145889e-06,1.5911249540145889e-06
536182055,0.7250637121131032,0.0601804979767557,1.0741515159606934,1.0986621379852295,0.4364330768585205,273,0.7250637101429593,0.060180480865299806,1.0741511583328247,1.098662257194519,0.43643298745155334,273,-1.9701438258579174e-09,-1.9701438258579174e-07,1.9701438258579174e-07
536215389,0.774064654820165,0.021269897541958,0.9800188541412354,0.9722936153411864,0.1307191103696823,274,0.7740646468895567,0.021269952284885988,0.9800187349319458,0.9722938537597656,0.13071948289871216,274,-7.93060828119252e-09,-7.930608281192519e-07,7.930608281192519e-07
536248723,0.8222971506049245,0.9839167389068332,0.9646499156951904,0.7307667136192322,-0.0740993842482566,275,0.8222971426743162,0.9839167180267472,0.9646499156951904,0.7307667136192322,-0.07409948110580444,275,-7.93060828119252e-09,-7.930608281192519e-07,7.930608281192519e-07
536282057,0.8714080817629902,0.9051578433664196,0.982218623161316,0.5757912397384644,-0.3904730975627899,276,0.871408073832382,0.9051578357132432,0.9822186231613159,0.5757911801338196,-0.3904730975627899,276,-7.93060828119252e-09,-7.930608281192519e-07,7.930608281192519e-07
536315391,0.9101319359868774,0.754507984607236,1.1617156267166138,0.0236683674156665,-0.835391104221344,277,0.910131936003555,0.7545079926066005,1.1617158651351929,0.02366841956973076,-0.8353914618492126,277,1.667765925361664e-11,1.667765925361664e-09,1.667765925361664e-09
536348725,0.9499661412964272,0.6770899179604886,1.195026159286499,-0.4322248995304107,-0.8765568137168884,278,0.949966141313105,0.677089939423919,1.195026159286499,-0.43222489953041077,-0.8765571117401123,278,1.66777702759191e-11,1.6677770275919102e-09,1.6677770275919102e-09
536382059,0.9866681384176024,0.6640012487888027,1.101059913635254,-0.4420110285282135,-0.736807644367218,279,0.9866681344606372,0.6640012184939841,1.1010597944259644,-0.44201114773750305,-0.7368075251579285,279,-3.956965199947149e-09,-3.956965199947149e-07,3.956965199947149e-07
536415393,0.0211030689011026,0.6223102042590798,1.0330479145050049,-0.7359637022018433,-0.7114985585212708,280,0.021103068917780243,0.6223102371294462,1.0330480337142944,-0.7359635829925537,-0.7114987373352051,280,1.667765925361664e-11,1.667765925361664e-09,1.667765925361664e-09
536448727,0.0535273161659647,0.6098042238964858,0.9727274179458618,-0.7874574065208435,-0.6498115062713623,281,0.053527308235356334,0.6098041619020595,0.9727271795272827,-0.7874575257301331,-0.6498110890388489,281,-7.930608392214822e-09,-7.930608392214822e-07,7.930608392214822e-07
536482061,0.0862290508677571,0.6029894292823592,0.981052041053772,-0.8160815238952637,-0.6166647672653198,282,0.08622904293714873,0.6029894051093231,0.981052041053772,-0.816081702709198,-0.616664707660675,282,-7.930608392214822e-09,-7.930608392214822e-07,7.930608392214822e-07
536515395,0.1196625796089579,0.5972308455910059,1.003005862236023,-0.7920724153518677,-0.5546790361404419,283,0.11966257167834948,0.597230808630751,1.003005862236023,-0.7920722961425781,-0.5546786785125732,283,-7.930608392214822e-09,-7.930608392214822e-07,7.930608392214822e-07
536548729,0.1697634008655954,0.5948034548547132,1.0020164251327517,-0.7168324589729309,-0.485865831375122,284,0.16976339889545156,0.5948034490112828,1.002016544342041,-0.7168323397636414,-0.4858657121658325,284,-1.9701438258579174e-09,-1.9701438258579174e-07,1.9701438258579174e-07
536582063,0.2033998317648976,0.8712679400448801,1.009092926979065,0.9782618284225464,-1.0252512693405151,285,0.2033998337683967,0.8712679215597683,1.0090930461883545,0.9782618284225464,-1.0252515077590942,285,2.0034991443651506e-09,2.0034991443651506e-07,2.0034991443651506e-07
536615397,0.2334983336061248,0.9233620077758464,0.9029550552368164,1.6003351211547852,-0.83626788854599,286,0.2334983356096239,0.9233620126421874,0.9029550552368164,1.6003352403640747,-0.83626788854599,286,2.0034991443651506e-09,2.0034991443651506e-07,2.0034991443651506e-07
536648731,0.261945711287857,0.9676538111737564,0.8534213304519653,1.779271125793457,-0.3666764199733734,287,0.26194571726499905,0.967653797938537,0.8534214496612549,1.7792712450027466,-0.36667659878730774,287,5.977142114588219e-09,5.977142114588219e-07,5.977142114588219e-07
536682065,0.2884546426067758,0.985571772190737,0.7952679395675659,1.5967214107513428,-0.1451489925384521,288,0.28845464063663195,0.9855717853146378,0.7952677011489868,1.596721887588501,-0.14514890313148499,288,-1.9701438258579174e-09,-1.9701438258579174e-07,1.9701438258579174e-07
536715399,0.312642286929489,0.0242771416406374,0.7256293296813965,1.3767828941345217,0.2116555422544479,289,0.3126422889329882,0.024277051021059304,0.725629448890686,1.3767822980880737,0.2116546481847763,289,2.0034991443651506e-09,2.0034991443651506e-07,2.0034991443651506e-07
536748733,0.3338722693055876,0.1352143910408352,0.636899471282959,0.8433573246002197,0.959202766418457,290,0.3338722693222653,0.13521441960402342,0.6368994116783142,0.8433569669723511,0.9592027068138123,290,1.66777702759191e-11,1.6677770275919102e-09,1.6677770275919102e-09
536782067,0.3543659833202768,0.1616826151235745,0.6148114204406738,1.2829899787902832,2.069714069366455,291,0.35436597737648995,0.1616826267801307,0.6148112416267395,1.2829896211624146,2.069713830947876,291,-5.943786851592137e-09,-5.943786851592137e-07,5.943786851592137e-07
536815401,0.3769686646391956,0.1661695323097241,0.6780804395675659,1.3440059423446655,2.3111844062805176,292,0.3769686666426948,0.16616951804013486,0.678080677986145,1.3440059423446655,2.3111839294433594,292,2.0034991443651506e-09,2.0034991443651506e-07,2.0034991443651506e-07
536848735,0.4001975881189116,0.1686001141019034,0.6968677043914795,1.2653844356536863,2.254523515701294,293,0.4001975881355893,0.1686000821045761,0.6968676447868347,1.2653850317001343,2.254523515701294,293,1.66777702759191e-11,1.6677770275919102e-09,1.6677770275919102e-09
536882069,0.4233320779730884,0.178499195934127,0.6940346956253052,1.0588487386703491,2.196171760559082,294,0.42333207798976613,0.17849918191491765,0.6940346956253052,1.0588489770889282,2.196171760559082,294,1.66777702759191e-11,1.6677770275919102e-09,1.6677770275919102e-09
536915403,0.4458918677896269,0.2068439909893747,0.6767936944961548,0.5900899171829224,2.1225922107696533,295,0.44589186383266166,0.20684402002963748,0.6767935752868652,0.5900894999504089,2.1225922107696533,295,-3.9569652554583e-09,-3.9569652554583e-07,3.9569652554583e-07
536948737,0.467681813948354,0.2308660145192469,0.6536983847618103,0.2554994523525238,2.114974975585937,296,0.4676818099913887,0.23086599248932954,0.6536983847618103,0.2554997205734253,2.1149747371673584,296,-3.956965310969451e-09,-3.9569653109694514e-07,3.9569653109694514e-07
536982071,0.4873944726715494,0.2465839679168284,0.5913797616958618,0.0443548299372196,2.066200256347656,297,0.48739447070140557,0.24658400918387563,0.5913798213005066,0.04435427859425545,2.066199541091919,297,-1.9701438258579174e-09,-1.9701438258579174e-07,1.9701438258579174e-07
537015405,0.5157816695302734,0.1685138401086502,0.8516159057617188,1.2913856506347656,2.2979302406311035,298,0.5157816615996651,0.16851386914909772,0.8516157269477844,1.2913846969604492,2.297929525375366,298,-7.93060828119252e-09,-7.930608281192519e-07,7.930608281192519e-07
537048739,0.5447845585276692,0.1571334435767844,0.870086669921875,1.5290309190750122,2.316084861755371,299,0.5447845565575254,0.1571334228057705,0.8700868487358093,1.5290310382843018,2.316084384918213,299,-1.970143714835615e-09,-1.970143714835615e-07,1.970143714835615e-07
537082073,0.5728298393021035,0.1488772884781901,0.8413584232330322,1.4828437566757202,2.0109734535217285,300,0.5728298413056029,0.14887727656361188,0.8413585424423218,1.4828436374664307,2.0109729766845703,300,2.0034993664097556e-09,2.0034993664097556e-07,2.0034993664097556e-07
537115407,0.6041774836311745,0.152821072747946,0.9404293298721312,1.27132248878479,1.8166882991790767,301,0.604177473713745,0.15282105872710003,0.9404289722442627,1.2713227272033691,1.8166882991790771,301,-9.917429544259448e-09,-9.917429544259448e-07,9.917429544259448e-07
537148741,0.6357100295156248,0.156067233025637,0.9459763765335084,1.2710909843444824,1.897601127624512,302,0.6357100156245523,0.1560672376486217,0.9459762573242188,1.2710909843444824,1.8976012468338013,302,-1.3891072514482516e-08,-1.3891072514482516e-06,1.3891072514482516e-06
537182075,0.6624245809644469,0.1615847768601511,0.8014365434646606,1.0383718013763428,1.672799825668335,303,0.6624245710470174,0.16158476782394637,0.8014366626739502,1.0383715629577637,1.6727992296218872,303,-9.917429544259448e-09,-9.917429544259448e-07,9.917429544259448e-07
537215409,0.6837782270838825,0.184700288242808,0.6406093835830688,0.577607274055481,1.327905297279358,304,0.6837782112059885,0.1847003107093985,0.6406092047691345,0.5776071548461914,1.327905535697937,304,-1.587789399959405e-08,-1.587789399959405e-06,1.587789399959405e-06
537248743,0.715130758993825,0.177930595942772,0.6270506381988525,0.6367505192756653,1.3087198734283447,305,0.7151307431159311,0.17793062001815113,0.6270506381988525,0.6367500424385071,1.3087193965911865,305,-1.587789399959405e-08,-1.587789399959405e-06,1.587789399959405e-06
537282077,0.7476147181918231,0.1647876447658325,0.6496791839599609,0.8037055730819702,1.3548628091812134,306,0.7476146993336968,0.16478764766207443,0.6496791243553162,0.8037057518959045,1.354863166809082,306,-1.8858126282772503e-08,-1.8858126282772503e-06,1.8858126282772503e-06
537315411,0.7846179015566913,0.1506190954075834,0.7400636672973633,1.0639728307724,1.476476788520813,307,0.7846178856787972,0.15061910249660876,0.7400637269020081,1.0639724731445312,1.4764764308929443,307,-1.5877894110616353e-08,-1.5877894110616353e-06,1.5877894110616353e-06
537348745,0.8245487399031727,0.135492317394634,0.7986167669296265,1.3582212924957275,1.550240397453308,308,0.8245487359462075,0.1354923217455947,0.7986170053482056,1.3582215309143066,1.5502407550811768,308,-3.956965199947149e-09,-3.956965199947149e-07,3.956965199947149e-07
537382079,0.8682278282572834,0.1232633807517313,0.8735817670822144,1.5201294422149658,1.4873124361038208,309,0.8682278332410149,0.1232633557956632,0.8735819458961487,1.520129919052124,1.4873124361038208,309,4.983731538565905e-09,4.983731538565905e-07,4.983731538565905e-07
537415413,0.9163323528697102,0.1046750466194492,0.9620904922485352,1.6695258617401123,1.289565920829773,310,0.9163323638139061,0.10467504985918051,0.9620906114578247,1.6695261001586914,1.289566159248352,310,1.0944195993900507e-08,1.0944195993900507e-06,1.0944195993900507e-06
537448747,0.963838548176488,0.0460060733562868,0.9501239061355592,0.69371497631073,0.2063069939613342,311,0.9638385680613808,0.046006087274421535,0.9501240849494934,0.6937151551246643,0.20630711317062378,311,1.9884892843435864e-08,1.9884892843435864e-06,1.9884892843435864e-06
537482081,0.0108671314646808,0.0273889707249351,0.940571665763855,0.7452903985977173,0.1295382976531982,312,0.0108671513495735,0.027388999465440447,0.940571665763855,0.7452904582023621,0.12953844666481018,312,1.988489273241356e-08,1.988489273241356e-06,1.988489273241356e-06
537515415,0.04214973123173,0.9843989727342664,0.9384779930114746,0.679489016532898,-0.0668204873800277,313,0.04214974912980116,0.9843989168024881,0.9384779334068298,0.6794888377189636,-0.06682071089744568,313,1.7898071136279725e-08,1.7898071136279725e-06,1.7898071136279725e-06
537548749,0.0745912042389321,0.9611141593905808,0.9732441902160645,0.6588582992553711,-0.1642584204673767,314,0.07459121816336033,0.9611141661777957,0.9732440710067749,0.6588582396507263,-0.16425837576389313,314,1.392442827707896e-08,1.392442827707896e-06,1.392442827707896e-06
537582083,0.1095121986796466,0.8222500435860711,1.0476298332214355,0.2980514764785766,-0.6108250617980957,315,0.10951221260407484,0.8222500437372368,1.0476298332214355,0.29805150628089905,-0.6108251214027405,315,1.392442827707896e-08,1.392442827707896e-06,1.392442827707896e-06
537615417,0.1485374259084471,0.7096543562105442,1.1707568168640137,-0.2245232462882995,-0.8666422963142395,316,0.1485374438065183,0.709654377098082,1.1707569360733032,-0.22452318668365479,-0.8666425347328186,316,1.7898071247302028e-08,1.7898071247302028e-06,1.7898071247302028e-06
537648751,0.1872528003782042,0.6716801914853063,1.1614612340927124,-0.4298320114612579,-0.8017969131469727,317,0.18725282224991835,0.6716802328413463,1.161461353302002,-0.42983174324035645,-0.8017969131469727,317,2.1871714217525096e-08,2.1871714217525096e-06,2.1871714217525096e-06
537682085,0.2401201652616271,0.6863320796062546,1.057347297668457,-0.2692002952098846,-0.6366522908210754,318,0.2401201871333412,0.6863320859264574,1.057347297668457,-0.26920026540756226,-0.6366522908210754,318,2.1871714106502793e-08,2.1871714106502793e-06,2.1871714106502793e-06
537715419,0.2898565875619658,0.692343602808879,0.9947284460067748,-0.2571216821670532,-0.6784358024597168,319,0.28985660943367997,0.6923436026136496,0.9947284460067749,-0.25712159276008606,-0.6784355640411377,319,2.1871714217525096e-08,2.1871714217525096e-06,2.1871714217525096e-06
537748753,0.3359733389943847,0.5908081682286198,0.9223350286483764,-0.8256650567054749,-0.5298832058906555,320,0.33597336682656326,0.5908081955570583,0.922335147857666,-0.8256651163101196,-0.5298834443092346,320,2.7832178561837395e-08,2.7832178561837395e-06,2.7832178561837395e-06
537782087,0.3811428206294783,0.5806172378995912,0.9033896327018738,-0.8020004630088806,-0.4449625313282013,321,0.3811428454814247,0.5806172619977945,0.903389573097229,-0.8020002841949463,-0.44496259093284607,321,2.4851946389681245e-08,2.4851946389681245e-06,2.4851946389681245e-06
537815421,0.4246032582849273,0.5651268836842576,0.8692087531089783,-0.768761396408081,-0.3334006667137146,322,0.4246032831368736,0.5651268681047716,0.8692087531089783,-0.768761396408081,-0.33340057730674744,322,2.4851946278658943e-08,2.4851946278658943e-06,2.4851946278658943e-06
537848755,0.4669941293329009,0.5479086807386031,0.8478174209594727,-0.7630822062492371,-0.2369013428688049,323,0.46699416014531175,0.5479086814240708,0.8478175401687622,-0.7630821466445923,-0.23690132796764374,323,3.081241084501585e-08,3.0812410845015847e-06,3.0812410845015847e-06
537882089,0.5095450686544188,0.6092583920015016,0.8510187864303589,-0.6691903471946716,-0.5483703017234802,324,0.5095450935063652,0.6092583735084477,0.8510186672210693,-0.6691902875900269,-0.5483701229095459,324,2.4851946389681245e-08,2.4851946389681245e-06,2.4851946389681245e-06
537915423,0.5570997225373991,0.6619774530391761,0.9510930776596068,-0.4235177934169769,-0.6860519647598267,325,0.5570997473893455,0.6619774456838383,0.9510930776596069,-0.42351776361465454,-0.6860518455505371,325,2.4851946389681245e-08,2.4851946389681245e-06,2.4851946389681245e-06
537948757,0.6035048770040282,0.8512736688777307,0.9281030893325806,0.6565225124359131,-0.8885838985443115,326,0.6035048988757423,0.8512737118088096,0.9281030297279358,0.6565227508544922,-0.8885837197303772,326,2.1871714106502793e-08,2.1871714106502793e-06,2.1871714106502793e-06
537982091,0.6488861667245635,0.9139732635058964,0.9076257944107056,1.0444074869155884,-0.6267899870872498,327,0.6488861826358131,0.9139732968952509,0.907625675201416,1.0444074869155884,-0.6267896890640259,327,1.591124965116819e-08,1.5911249651168191e-06,1.5911249651168191e-06
538015425,0.6896341013044127,0.9774262390983404,0.8149586915969849,1.269694209098816,-0.1813046485185623,328,0.6896341052947333,0.9774262270664256,0.8149584531784058,1.2696945667266846,-0.18130479753017426,328,3.990320629476685e-09,3.9903206294766846e-07,3.9903206294766846e-07
538048759,0.7292695390313872,0.0200090871051646,0.7927087545394897,1.1141399145126345,0.1408132314682006,329,0.7292695430217079,0.020009101794568194,0.7927087545394897,1.1141397953033447,0.14081332087516785,329,3.990320629476685e-09,3.9903206294766846e-07,3.9903206294766846e-07
538082093,0.7677459465593108,0.0853876346061392,0.7695281505584717,0.8545979857444763,0.5082213282585144,330,0.7677459505496315,0.08538767206629866,0.7695281505584717,0.8545976281166077,0.5082213878631592,330,3.990320629476685e-09,3.9903206294766846e-07,3.9903206294766846e-07
538115427,0.804557411584259,0.1127490219197117,0.7362293004989624,0.8083906769752502,0.6926212906837463,331,0.8045574096141151,0.11274902963931413,0.7362291812896729,0.8083903193473816,0.6926210522651672,331,-1.9701438258579174e-09,-1.9701438258579174e-07,1.9701438258579174e-07
538148761,0.8398842679589996,0.1490158944060574,0.706537127494812,0.694133460521698,0.9430744051933287,332,0.8398842719493202,0.1490158899683873,0.7065372467041016,0.6941332817077637,0.943074107170105,332,3.990320629476685e-09,3.9903206294766846e-07,3.9903206294766846e-07
538182095,0.8735486852258453,0.1913814762518725,0.6732883453369141,0.5337167382240295,1.382967472076416,333,0.873548677295237,0.19138150285720043,0.673288106918335,0.5337163805961609,1.382967233657837,333,-7.93060828119252e-09,-7.930608281192519e-07,7.930608281192519e-07
538215429,0.9043984638780364,0.1939928112337891,0.6169955730438232,0.7246499061584473,1.9735163450241089,334,0.9043984559474282,0.19399282169078452,0.6169955730438232,0.7246498465538025,1.973516583442688,334,-7.930608170170217e-09,-7.930608170170217e-07,7.930608170170217e-07
538248763,0.936140485319496,0.1964198754309035,0.6348404288291931,0.7246377468109131,2.07053279876709,335,0.9361404803691201,0.19641988032968008,0.6348404884338379,0.724637508392334,2.0705323219299316,335,-4.950375886991765e-09,-4.950375886991765e-07,4.950375886991765e-07
538282097,0.9679215239614256,0.209397503252602,0.6356207728385925,0.5378566980361938,2.0623698234558105,336,0.9679215279517465,0.20939750306662555,0.6356209516525269,0.5378566384315491,2.0623695850372314,336,3.9903208515212896e-09,3.9903208515212896e-07,3.9903208515212896e-07
538315431,0.9979231434196244,0.2242885464772622,0.600032389163971,0.3415829241275787,2.0959858894348145,337,0.9979231503901772,0.22428850833219405,0.6000324487686157,0.34158340096473694,2.0959856510162354,337,6.9705528016328344e-09,6.970552801632834e-07,6.970552801632834e-07
538348765,0.0291556673377761,0.2229347237501194,0.6246504783630371,0.3834926784038543,2.233314037322998,338,0.029155671328096933,0.22293471549810412,0.6246504187583923,0.3834927976131439,2.233314037322998,338,3.9903208515212896e-09,3.9903208515212896e-07,3.9903208515212896e-07
538382099,0.0688653307288894,0.177063360197977,0.7941932678222656,1.0289874076843262,2.0859200954437256,339,0.06886531683781677,0.17706336770943018,0.794192910194397,1.0289870500564575,2.0859196186065674,339,-1.3891072625504819e-08,-1.3891072625504819e-06,1.3891072625504819e-06
538415433,0.1116921084254989,0.1548086271774089,0.8565355539321899,1.3142852783203125,1.9289188385009768,340,0.1116920826134973,0.1548086607644141,0.8565353155136108,1.3142846822738647,1.9289188385009766,340,-2.5812001591685174e-08,-2.5812001591685174e-06,2.5812001591685174e-06
538448767,0.1493529407907909,0.1493529407907909,0.8353335857391357,1.4612293243408203,1.994110107421875,341,0.14935295893545378,0.14935295893545378,0.8353334069252014,1.4612293243408203,1.9941105842590332,341,1.814466288330152e-08,1.8144662883301521e-06,1.8144662883301521e-06
538482101,0.1776077994435415,0.151856158885915,0.8476457595825195,1.4049818515777588,1.981994867324829,342,0.1776078215618474,0.15185613815928228,0.8476458787918091,1.4049817323684692,1.9819941520690918,342,2.211830585352459e-08,2.211830585352459e-06,2.211830585352459e-06
538515435,0.2056263097851858,0.1559238637967033,0.8405553102493286,1.3076871633529663,1.948436975479126,343,0.20562633587713466,0.15592389312885327,0.8405554294586182,1.3076872825622559,1.9484379291534424,343,2.6091948823747657e-08,2.6091948823747657e-06,2.6091948823747657e-06
538548769,0.2329959997265921,0.1590998493083958,0.8210906982421875,1.0870575904846191,1.6917035579681396,344,0.23299602581854092,0.15909982549549312,0.8210906982421875,1.0870579481124878,1.6917035579681396,344,2.6091948823747657e-08,2.6091948823747657e-06,2.6091948823747657e-06
538582103,0.2604121534754223,0.1717455762393355,0.8224846124649048,0.8453129529953003,1.5783805847167969,345,0.26041217956737106,0.17174553086219693,0.8224846124649048,0.8453137874603271,1.578381061553955,345,2.6091948823747657e-08,2.6091948823747657e-06,2.6091948823747657e-06
538615437,0.2847012329826143,0.1814502571969808,0.7286723852157593,0.6557226181030273,1.427092432975769,346,0.28470126304820603,0.18145025304273507,0.7286725044250488,0.6557224988937378,1.4270920753479004,346,3.0065591793970725e-08,3.0065591793970725e-06,3.0065591793970725e-06
538648771,0.3054336993624157,0.1901662981241546,0.621973991394043,0.5110902190208435,1.2948176860809326,347,0.30543372942800745,0.1901663271487828,0.621973991394043,0.5110900402069092,1.2948179244995117,347,3.0065591793970725e-08,3.0065591793970725e-06,3.0065591793970725e-06
538682105,0.3257297007967419,0.1956505988251773,0.6088800430297852,0.4417645633220672,1.2429673671722412,348,0.3257297288755121,0.195650565842301,0.6088799834251404,0.4417649805545807,1.2429677248001099,348,2.807877019783689e-08,2.807877019783689e-06,2.807877019783689e-06
538715439,0.3473759540646658,0.1800479047505299,0.6493875980377197,0.6075294613838196,1.2920751571655271,349,0.3473759841302576,0.18004791713424423,0.6493876576423645,0.6075292825698853,1.2920750379562378,349,3.0065591793970725e-08,3.0065591793970725e-06,3.0065591793970725e-06
538748773,0.3719354638188468,0.163550905561238,0.7367852926254272,0.8496925234794617,1.4073474407196045,350,0.37193550183172447,0.1635509084509951,0.7367855310440063,0.8496923446655273,1.4073472023010254,350,3.801287773441686e-08,3.801287773441686e-06,3.801287773441686e-06
538782107,0.3980034916330761,0.1506607427069679,0.7820408344268799,0.9888534545898438,1.3729908466339111,351,0.3980035296459538,0.1506607477983467,0.7820408344268799,0.9888532161712646,1.372990608215332,351,3.801287773441686e-08,3.801287773441686e-06,3.801287773441686e-06
538815441,0.4245696672528373,0.1567126752647117,0.7969852685928345,0.2786630094051361,0.4196847081184387,352,0.42456970923935794,0.15671266240243978,0.796985387802124,0.27866286039352417,0.41968441009521484,352,4.198652070463993e-08,4.198652070463993e-06,4.198652070463993e-06
538848775,0.4523756155102836,0.0425224902348548,0.8341784477233887,0.3669809699058532,0.1004503741860389,353,0.4523756535231612,0.04252236843737171,0.8341783285140991,0.3669814467430115,0.10045020282268524,353,3.801287762339456e-08,3.801287762339456e-06,3.801287762339456e-06
538882109,0.4810882259139803,0.0093098921159277,0.8613783121109009,0.5248552560806274,0.0307368822395801,354,0.4810882698873224,0.009309914773381901,0.8613784909248352,0.524855375289917,0.03073696419596672,354,4.397334207872916e-08,4.397334207872916e-06,4.397334207872916e-06
538915443,0.5116999754040824,0.0021371746282621,0.918352484703064,0.7182210683822632,0.0096450420096516,355,0.5117000233510676,0.0021371792223929004,0.9183526039123535,0.7182216048240662,0.0096450699493289,355,4.794698515997453e-08,4.794698515997453e-06,4.794698515997453e-06
538948777,0.5584661671250449,0.9851668616347944,0.9353238344192504,0.681881308555603,-0.063735544681549,356,0.5584662031511012,0.9851667771768543,0.9353235960006714,0.6818810701370239,-0.06373588740825653,356,3.602605624930533e-08,3.6026056249305327e-06,3.6026056249305327e-06
538982111,0.6080997773736107,0.926043667669606,0.9926722049713136,0.4401308000087738,-0.2206344157457351,357,0.6080998014787379,0.9260436202117932,0.9926719665527344,0.4401305615901947,-0.22063446044921875,357,2.410512722761382e-08,2.410512722761382e-06,2.410512722761382e-06
539015445,0.6602349170773613,0.777236595060665,1.0427027940750122,0.1076116114854812,-0.622669517993927,358,0.6602349411824885,0.7772365552479472,1.0427027940750122,0.10761149227619171,-0.6226697564125061,358,2.410512722761382e-08,2.410512722761382e-06,2.410512722761382e-06
539048779,0.6998120819521316,0.6998120819521316,1.121863603591919,-0.2372993230819702,-0.7274087071418762,359,0.6998120760586695,0.6998120760586695,1.1218637228012085,-0.2372993528842926,-0.7274087071418762,359,-5.8934621627315664e-09,-5.893462162731566e-07,5.893462162731566e-07
539082113,0.7375667010736832,0.6676993992740883,1.1326385736465454,-0.4301570355892181,-0.756345808506012,360,0.7375666872329351,0.6676993818017842,1.1326383352279663,-0.43015697598457336,-0.7563455104827881,360,-1.3840748103177702e-08,-1.3840748103177702e-06,1.3840748103177702e-06
539115447,0.7730221624168127,0.6686025684405383,1.0636638402938845,-0.3759465515613556,-0.6698446273803711,361,0.7730221446024216,0.6686025610769627,1.0636637210845947,-0.3759464919567108,-0.6698444485664368,361,-1.781439107340077e-08,-1.781439107340077e-06,1.781439107340077e-06
539148781,0.8071544840924312,0.6700152132669275,1.023969650268555,-0.3801330924034118,-0.6916161179542542,362,0.8071544702516831,0.6700151706081552,1.0239697694778442,-0.3801333010196686,-0.6916160583496094,362,-1.3840748103177702e-08,-1.3840748103177702e-06,1.3840748103177702e-06
539182115,0.838053714731571,0.5985475926278014,0.9269769191741944,-0.7876956462860107,-0.5613836646080017,363,0.8380537008908229,0.5985476006143843,0.9269769191741943,-0.7876956462860107,-0.5613837242126465,363,-1.3840748103177702e-08,-1.3840748103177702e-06,1.3840748103177702e-06
539215449,0.8675930097691584,0.5653329198784072,0.8861788511276245,-0.7997766137123108,-0.3480823040008545,364,0.8675929959284103,0.5653329198784072,0.8861788511276245,-0.7997766137123108,-0.3480823040008545,364,-1.3840748103177702e-08,-1.3840748103177702e-06,1.3840748103177702e-06
539248783,0.8969267522287735,0.5572082993434655,0.8800122737884521,-0.7956801652908325,-0.2989970743656158,365,0.8969267383880254,0.5572082928221067,0.8800122737884521,-0.7956801056861877,-0.29899701476097107,365,-1.3840748103177702e-08,-1.3840748103177702e-06,1.3840748103177702e-06
539282117,0.9252769783131648,0.5384299427633858,0.8505067825317383,-0.7891485095024109,-0.1943414658308029,366,0.9252769644724167,0.5384299089316189,0.8505067825317383,-0.78914874792099,-0.19434134662151337,366,-1.3840748103177702e-08,-1.3840748103177702e-06,1.3840748103177702e-06
539315451,0.9529080902529128,0.5492509622612363,0.8289333581924438,-0.7154313921928406,-0.2287408709526062,367,0.9529080724385218,0.5492509335163772,0.8289332389831543,-0.7154315114021301,-0.22874076664447784,367,-1.7814390962378468e-08,-1.7814390962378468e-06,1.7814390962378468e-06
539348785,0.9802569165818262,0.5734735708193048,0.8204647898674011,-0.625755786895752,-0.3113154172897339,368,0.9802568987674352,0.573473576895358,0.8204647898674011,-0.625755786895752,-0.3113154470920563,368,-1.781439107340077e-08,-1.781439107340077e-06,1.781439107340077e-06
539382119,0.010170677800215,0.6579767393427067,0.8974128365516663,-0.4681068062782287,-0.7172976732254028,369,0.01017065799900263,0.6579767229908785,0.8974127769470215,-0.4681067168712616,-0.717297375202179,369,-1.980121239197885e-08,-1.980121239197885e-06,1.980121239197885e-06
539415453,0.0405459995063511,0.6700575380868169,0.911259651184082,-0.4036566019058227,-0.7348778247833252,370,0.04054597970513869,0.6700575544281688,0.911259651184082,-0.40365660190582275,-0.7348780035972595,370,-1.980121239197885e-08,-1.980121239197885e-06,1.980121239197885e-06
539448787,0.0587583238872257,0.564021813556643,0.546369731426239,-1.0921202898025513,-0.4646544158458709,371,0.0587583100464778,0.5640218650405646,0.5463699102401733,-1.0921202898025513,-0.4646548330783844,371,-1.3840747881133098e-08,-1.3840747881133098e-06,1.3840747881133098e-06
539482121,0.0801650459560124,0.5424942255827492,0.4281344413757324,-1.544123291969299,-0.4223641157150268,372,0.08016502913503218,0.5424942281716987,0.42813438177108765,-1.5441234111785889,-0.42236417531967163,372,-1.68209802198227e-08,-1.68209802198227e-06,1.68209802198227e-06
539515455,0.1204854543002812,0.7595832086388593,1.209612250328064,0.1108050644397735,-1.83799147605896,373,0.12048543747930097,0.7595832112101502,1.209612250328064,0.11080509424209595,-1.83799147605896,373,-1.68209802198227e-08,-1.68209802198227e-06,1.68209802198227e-06
539548789,0.1547194614998865,0.7462418214785981,1.0270202159881592,-0.0408565364778041,-1.729910135269165,374,0.15471944467890628,0.7462418248961227,1.0270202159881592,-0.040856488049030304,-1.7299096584320068,374,-1.68209802198227e-08,-1.68209802198227e-06,1.68209802198227e-06
539582123,0.1827049707365401,0.7521828539590123,0.8395652770996094,0.0229527689516544,-1.673413634300232,375,0.1827049539155599,0.7521828532505361,0.8395652770996094,0.022952761501073837,-1.673413634300232,375,-1.682098016431155e-08,-1.682098016431155e-06,1.682098016431155e-06
539615457,0.2075612480434147,0.7676705032453154,0.7456883192062378,0.1726381480693817,-1.548525333404541,376,0.2075612351960775,0.7676705304741993,0.7456884384155273,0.1726384162902832,-1.548525333404541,376,-1.2847337194088482e-08,-1.2847337194088482e-06,1.2847337194088482e-06
539648791,0.2292112166675297,0.7620937046483844,0.6494990587234497,0.0935620367527008,-1.228919506072998,377,0.2292111998465495,0.7620937360976383,0.6494989395141602,0.0935622900724411,-1.2289196252822876,377,-1.682098016431155e-08,-1.682098016431155e-06,1.682098016431155e-06
539682125,0.2564046675952641,0.5449058794954694,0.5438690185546875,-0.8724692463874817,-0.2529163360595703,378,0.25640464779405164,0.5449059204161807,0.5438689589500427,-0.8724691271781921,-0.252916544675827,378,-1.9801212447490002e-08,-1.980121244749e-06,1.980121244749e-06
539715459,0.2859291101487843,0.5111588256365609,0.590488851070404,-1.1842573881149292,-0.083168126642704,379,0.28592909034757186,0.5111588378395963,0.590488851070404,-1.18425714969635,-0.08316820114850998,379,-1.9801212447490002e-08,-1.980121244749e-06,1.980121244749e-06
539748793,0.3158225084336964,0.499021069459497,0.5978679656982422,-1.288453459739685,0.0079251220449805,380,0.3158224975731807,0.4990210900265351,0.5978681445121765,-1.2884535789489746,0.007924956269562244,380,-1.0860515708976948e-08,-1.0860515708976948e-06,1.0860515708976948e-06
539782127,0.3469024623426167,0.5069340621639882,0.6215990781784058,-1.3924955129623413,-0.0607066564261913,381,0.34690245148210097,0.506933997735903,0.6215990781784058,-1.3924953937530518,-0.060706086456775665,381,-1.0860515708976948e-08,-1.0860515708976948e-06,1.0860515708976948e-06
539815461,0.3760720903667179,0.5066607269481331,0.5833925604820251,-1.3911303281784058,-0.0582536272704601,382,0.3760720824864345,0.5066607168649,0.5833926200866699,-1.3911309242248535,-0.058253563940525055,382,-7.880283425798496e-09,-7.880283425798496e-07,7.880283425798496e-07
539848795,0.4051420713456837,0.518840253251736,0.5813996195793152,-1.3668866157531738,-0.1625677347183227,383,0.4051420634654002,0.5188402124408635,0.5813996195793152,-1.3668869733810425,-0.16256742179393768,383,-7.880283481309647e-09,-7.880283481309647e-07,7.880283481309647e-07
539882129,0.4473481262716022,0.5972707787525602,0.8441210985183716,-1.5423592329025269,-1.0806729793548584,384,0.4473481124308543,0.597270709436168,0.844120979309082,-1.542359471321106,-1.0806721448898315,384,-1.3840747881133098e-08,-1.3840747881133098e-06,1.3840747881133098e-06
539915463,0.4968960071595875,0.6033545753221657,0.9909576177597046,-1.6186423301696775,-1.228956937789917,385,0.496895999279304,0.6033545866126176,0.9909577369689941,-1.6186420917510986,-1.228956937789917,385,-7.880283481309647e-09,-7.880283481309647e-07,7.880283481309647e-07
539948797,0.5325174396229155,0.2961974209532522,1.0686429738998413,-0.5039107799530029,1.6869930028915403,386,0.532517431742632,0.296197425110117,1.0686429738998413,-0.5039108991622925,1.6869932413101196,386,-7.880283536820798e-09,-7.880283536820798e-07,7.880283536820798e-07
539982131,0.5698443676027027,0.2917329398549925,1.1198078393936155,-0.3484742939472198,1.2983609437942505,387,0.5698443676697051,0.29173304549464785,1.1198080778121948,-0.34847521781921387,1.2983609437942505,387,6.700240362533805e-11,6.700240362533805e-09,6.700240362533805e-09
540015465,0.6084834799162911,0.2918124096851922,1.1591733694076538,-0.3515760004520416,1.3073097467422483,388,0.6084834680623646,0.29181244741608386,1.1591730117797852,-0.3515762686729431,1.3073095083236694,388,-1.1853926507043866e-08,-1.1853926507043866e-06,1.1853926507043866e-06
540048799,0.6467325831445423,0.2974890741244249,1.1474730968475342,-0.3914737403392792,1.272816181182861,389,0.6467325712906158,0.29748912230224156,1.1474730968475342,-0.3914739787578583,1.2728155851364136,389,-1.1853926507043866e-08,-1.1853926507043866e-06,1.1853926507043866e-06
540082133,0.6827177549394337,0.3002781767549334,1.0795551538467407,-0.3611255586147308,1.1048556566238403,390,0.6827177351382212,0.3002781069389001,1.0795549154281616,-0.36112502217292786,1.1048556566238403,390,-1.9801212447490002e-08,-1.980121244749e-06,1.980121244749e-06
540115467,0.7081184769662586,0.4557533187402025,0.7620216608047485,-0.645976185798645,0.1843623220920562,391,0.7081184531914032,0.45575323095582504,0.762021541595459,-0.6459762454032898,0.1843627244234085,391,-2.377485541771307e-08,-2.377485541771307e-06,2.377485541771307e-06
540148801,0.7316303635629383,0.5365979830069753,0.7053565979003906,-0.7247023582458496,-0.1696474850177765,392,0.7316303437617259,0.5365980169369817,0.7053567171096802,-0.7247022986412048,-0.16964763402938843,392,-1.9801212447490002e-08,-1.980121244749e-06,1.980121244749e-06
540182135,0.7556289936097828,0.5473124959969076,0.7199589014053345,-0.7824277877807617,-0.2396975457668304,393,0.7556289658612844,0.5473124688320838,0.7199586629867554,-0.7824282646179199,-0.23969754576683044,393,-2.7748498387936138e-08,-2.774849838793614e-06,2.774849838793614e-06
540215469,0.779656365016338,0.5533720699210966,0.7208211421966553,-0.7401743531227112,-0.2579579949378967,394,0.779656339254661,0.5533720848119845,0.7208212018013,-0.7401744723320007,-0.2579581141471863,394,-2.5761676902824604e-08,-2.5761676902824604e-06,2.5761676902824604e-06
540248803,0.8042494560273853,0.5537345016867061,0.7377927303314209,-0.6655864715576172,-0.2336645275354385,395,0.8042494262920654,0.5537344502565211,0.7377926111221313,-0.6655866503715515,-0.2336643487215042,395,-2.9735319873047672e-08,-2.973531987304767e-06,2.973531987304767e-06
540282137,0.8292586828263965,0.5444091636628818,0.7502768039703369,-0.5554940700531006,-0.1591521054506302,396,0.8292586550778981,0.5444091698254512,0.7502768635749817,-0.5554942488670349,-0.15915217995643616,396,-2.7748498387936138e-08,-2.774849838793614e-06,2.774849838793614e-06
540315471,0.8724513019117084,0.2819009073958183,0.8638523817062378,-0.1711232364177703,0.8422768712043762,397,0.87245127416321,0.28190082103660724,0.8638523817062378,-0.1711226999759674,0.8422765731811523,397,-2.7748498387936138e-08,-2.774849838793614e-06,2.774849838793614e-06
540348805,0.9190402711423602,0.2829265340430984,0.9317793846130372,-0.2035336196422577,0.9697316884994508,398,0.9190402433938618,0.28292662849192635,0.9317793846130371,-0.20353424549102783,0.9697318077087402,398,-2.7748498387936138e-08,-2.774849838793614e-06,2.774849838793614e-06
540382139,0.9645411754640308,0.0673072512892618,0.9100180864334106,0.8908405900001526,0.4009318351745605,399,0.9645411477155323,0.06730723225229579,0.9100180864334106,0.8908404111862183,0.40093162655830383,399,-2.774849849895844e-08,-2.774849849895844e-06,2.774849849895844e-06
540415473,0.0100589896234239,0.1047616057373895,0.9103562831878662,0.6098376512527466,0.4715771973133087,400,0.010058958894693326,0.10476161105799678,0.9103562235832214,0.609837532043457,0.47157713770866394,400,-3.072873056009229e-08,-3.0728730560092288e-06,3.0728730560092288e-06
540448807,0.0570512319596971,0.0611260622642035,0.939844846725464,0.6555594205856323,0.2649348378181457,401,0.057051207191431,0.06112606345666589,0.9398449659347534,0.6555594801902771,0.26493486762046814,401,-2.4768266104757686e-08,-2.4768266104757686e-06,2.4768266104757686e-06
540482141,0.0917639041932787,0.8825802639931171,1.0413801670074463,0.3274075984954834,-0.2976163029670715,402,0.09176388339865553,0.8825803101445532,1.0413802862167358,0.3274076581001282,-0.297616183757782,402,-2.079462319004577e-08,-2.079462319004577e-06,2.079462319004577e-06
540515475,0.1309573993079231,0.7176638307744017,1.175804853439331,-0.2135599553585052,-1.0366145372390747,403,0.1309573785132999,0.7176638966147266,1.175804853439331,-0.21355950832366943,-1.0366145372390747,403,-2.079462324555692e-08,-2.079462324555692e-06,2.079462324555692e-06
540548809,0.1699757441870735,0.6583825638291728,1.1705503463745115,-0.5828661322593689,-0.8981432318687439,404,0.16997571544516432,0.6583825764790956,1.1705501079559326,-0.5828659534454346,-0.8981431126594543,404,-2.8741909186003056e-08,-2.8741909186003056e-06,2.8741909186003056e-06
540582143,0.2237004026763008,0.658711661191424,1.074493169784546,-0.4922212064266205,-0.7619131803512573,405,0.22370036797392714,0.6587117195732256,1.0744930505752563,-0.49222084879875183,-0.7619132399559021,405,-3.470237364133766e-08,-3.470237364133766e-06,3.470237364133766e-06
540615477,0.2720763012759254,0.5891867402997049,0.9675179719924928,-0.7316210269927979,-0.4590736031532287,406,0.27207627253401623,0.5891867228790308,0.9675180912017822,-0.7316209673881531,-0.4590734541416168,406,-2.8741909186003056e-08,-2.8741909186003056e-06,2.8741909186003056e-06
540648811,0.3187791213385628,0.5750961473174201,0.9340564012527466,-0.7586464285850525,-0.3871271312236786,407,0.3187790896164213,0.575096202086973,0.9340563416481018,-0.7586463093757629,-0.3871273994445801,407,-3.172214146918151e-08,-3.172214146918151e-06,3.172214146918151e-06
540682145,0.3642985627047584,0.5500303839586672,0.9103888273239136,-0.7765755653381348,-0.2524886131286621,408,0.36429852502215254,0.5500303690470423,0.910388708114624,-0.7765754461288452,-0.25248849391937256,408,-3.768260586900496e-08,-3.768260586900496e-06,3.768260586900496e-06
540715479,0.4088362917296455,0.5418331956434281,0.8907545804977417,-0.7570220232009888,-0.2036926448345184,409,0.4088362540470396,0.5418331720502301,0.8907545804977417,-0.7570220828056335,-0.20369254052639008,409,-3.768260586900496e-08,-3.768260586900496e-06,3.768260586900496e-06
540748813,0.4518148168913887,0.5402178472254088,0.8595705032348633,-0.698835551738739,-0.180450439453125,410,0.4518147732483183,0.5402177707646693,0.8595703840255737,-0.6988356113433838,-0.18045009672641754,410,-4.364307037985071e-08,-4.364307037985071e-06,4.364307037985071e-06
540782147,0.4934667870394752,0.5669110015571744,0.833039402961731,-0.6087568402290344,-0.2721565961837768,411,0.4934667374359404,0.566910971151001,0.8330392837524414,-0.6087570190429688,-0.2721565365791321,411,-4.9603534835185314e-08,-4.9603534835185314e-06,4.9603534835185314e-06
540815481,0.5379800841204688,0.647580881929235,0.890265941619873,-0.508083701133728,-0.6774206757545471,412,0.5379800434576307,0.6475808662443225,0.8902661204338074,-0.5080835819244385,-0.6774203777313232,412,-4.066283809667226e-08,-4.066283809667226e-06,4.066283809667226e-06
540848815,0.5821289703242347,0.6366184505388914,0.8829777240753174,-0.4997751414775848,-0.5786405801773071,413,0.5821289356218611,0.6366184599285598,0.8829778432846069,-0.49977508187294006,-0.5786405801773071,413,-3.470237364133766e-08,-3.470237364133766e-06,3.470237364133766e-06
540882149,0.6300799354903266,0.8614284663864993,0.9590193033218384,0.7970798015594482,-0.9460850954055786,414,0.6300798948274885,0.8614284901666612,0.9590191841125488,0.7970797419548035,-0.94608473777771,414,-4.066283809667226e-08,-4.066283809667226e-06,4.066283809667226e-06
540915483,0.6768407925955817,0.9562708099225584,0.9352171421051024,1.0776540040969849,-0.3037777543067932,415,0.6768407578932081,0.95627083282676,0.9352172613143921,1.0776536464691162,-0.3037774860858917,415,-3.470237364133766e-08,-3.470237364133766e-06,3.470237364133766e-06
540948817,0.7226565822951362,0.9939539587601222,0.9163157939910888,1.265286564826965,-0.0480893440544605,416,0.7226565356718335,0.9939539636415826,0.9163155555725098,1.2652868032455444,-0.04808931425213814,416,-4.6623302663029165e-08,-4.6623302663029165e-06,4.6623302663029165e-06
540982151,0.7658536776892707,0.0316480490136059,0.8639419078826904,1.1161373853683472,0.2249169051647186,417,0.7658536340462003,0.03164803392823265,0.8639419674873352,1.1161372661590576,0.22491677105426788,417,-4.364307037985071e-08,-4.364307037985071e-06,4.364307037985071e-06
541015485,0.806624154745774,0.074997367571302,0.8154095411300659,1.0097830295562744,0.5144891142845154,418,0.8066241230236326,0.07499744229631179,0.815409779548645,1.0097829103469849,0.5144896507263184,418,-3.1722141358159206e-08,-3.1722141358159206e-06,3.1722141358159206e-06
541048819,0.8456798478953407,0.0974077016226812,0.781113862991333,0.954675793647766,0.6701306104660034,419,0.8456798280941282,0.09740767640464888,0.7811141014099121,0.9546754360198975,0.6701301336288452,419,-1.9801212447490002e-08,-1.980121244749e-06,1.980121244749e-06
541082153,0.8794967874877021,0.1403277016244569,0.676338791847229,0.7675857543945312,0.931751310825348,420,0.8794967736469541,0.14032770982676127,0.6763389110565186,0.7675855755805969,0.9317511916160583,420,-1.38407479921554e-08,-1.38407479921554e-06,1.38407479921554e-06
541115487,0.9075758144251868,0.2024611210067656,0.5615805387496948,0.5033318996429443,1.634684920310974,421,0.9075758065449033,0.20246112753519804,0.5615806579589844,0.5033318996429443,1.6346851587295532,421,-7.880283425798496e-09,-7.880283425798496e-07,7.880283425798496e-07
541148821,0.9375158414237068,0.1959061364693686,0.598800539970398,0.7467667460441589,2.1118738651275635,422,0.9375158395038877,0.19590615643283646,0.5988006591796875,0.7467664480209351,2.1118738651275635,422,-1.919819081486196e-09,-1.919819081486196e-07,1.919819081486196e-07
541182155,0.968587766586976,0.2001574234672251,0.6214385032653809,0.6995978355407715,2.160409450531006,423,0.9685877646671568,0.20015744333849045,0.6214385032653809,0.6995975375175476,2.160409450531006,423,-1.9198191925084984e-09,-1.9198191925084984e-07,1.9198191925084984e-07
541215489,0.9991778537623452,0.2145381258145373,0.6118017435073853,0.4793491661548614,2.115626573562622,424,0.9991778578029905,0.2145381258145373,0.6118018627166748,0.47934916615486145,2.115626573562622,424,4.040645262826104e-09,4.0406452628261036e-07,4.0406452628261036e-07
541248823,0.0281082555644081,0.2400461940210002,0.5786080360412598,0.1334511339664459,2.131014823913574,425,0.028108259605053476,0.2400461718566361,0.5786080360412598,0.13345147669315338,2.1310155391693115,425,4.040645373848406e-09,4.040645373848406e-07,4.040645373848406e-07
541282157,0.0596357807509468,0.2436790919277411,0.6305505037307739,0.0854462087154388,2.15032958984375,426,0.05963578777182441,0.24367908091615167,0.6305505633354187,0.08544635772705078,2.15032958984375,426,7.020877657026858e-09,7.020877657026858e-07,7.020877657026858e-07
541315491,0.0992866858832405,0.1680966571872089,0.793018102645874,1.2553726434707642,2.220201253890991,427,0.09928669588435035,0.16809663352447177,0.7930181622505188,1.255372405052185,2.2202000617980957,427,1.0001109829183008e-08,1.0001109829183008e-06,1.0001109829183008e-06
541348825,0.1405141457907722,0.1535106858045053,0.8245491981506348,1.4926378726959229,2.152739286422729,428,0.14051412896979193,0.1535106954064906,0.8245486617088318,1.4926375150680542,2.1527390480041504,428,-1.6820980275333852e-08,-1.6820980275333852e-06,1.6820980275333852e-06
541382159,0.1519612566543489,0.151961256654349,0.8176332712173462,1.4893367290496826,2.1039369106292725,429,0.15196126313522212,0.15196126313522215,0.8176331520080566,1.48933744430542,2.103938102722168,429,6.4808731714549594e-09,6.480873171454959e-07,6.480873171454959e-07
541415493,0.1794793025566012,0.1459610046522924,0.8255413770675659,1.3376832008361816,1.7462012767791748,430,0.17947931102429582,0.14596100509196244,0.8255414366722107,1.3376835584640503,1.746201753616333,430,8.467694656566493e-09,8.467694656566493e-07,8.467694656566493e-07
541448827,0.207594777734366,0.1479701151261485,0.8434642553329468,1.2680630683898926,1.6993324756622314,431,0.20759479613616816,0.14797012390037984,0.8434645533561707,1.2680635452270508,1.6993333101272583,431,1.8401802193146466e-08,1.8401802193146466e-06,1.8401802193146466e-06
541482161,0.2357694840344657,0.1537748434873981,0.8452411890029907,1.1953527927398682,1.7301088571548462,432,0.23576950243626785,0.153774853744468,0.8452411890029907,1.1953527927398682,1.7301090955734253,432,1.8401802082124163e-08,1.8401802082124163e-06,1.8401802082124163e-06
541515495,0.2617737865361442,0.1628809333840168,0.780129075050354,0.9707608222961426,1.592681884765625,433,0.2617738009643033,0.16288092660074116,0.7801289558410645,0.9707610607147217,1.592682123184204,433,1.4428159111901095e-08,1.4428159111901095e-06,1.4428159111901095e-06
541548829,0.2835229929201673,0.1800818223081494,0.6524761915206909,0.6491979360580444,1.3814588785171509,434,0.28352300734832636,0.18008180577209104,0.6524761915206909,0.649198055267334,1.3814587593078613,434,1.4428159111901095e-08,1.4428159111901095e-06,1.4428159111901095e-06
541582163,0.3026741242322197,0.1973867511718357,0.5745339393615723,0.4261539876461029,1.2418098449707031,435,0.3026741366735573,0.19738673107237742,0.5745338797569275,0.4261542856693268,1.2418102025985718,435,1.2441337626789561e-08,1.2441337626789561e-06,1.2441337626789561e-06
541615497,0.3220972553802401,0.1829190723421365,0.5826939344406128,0.5656545758247375,1.2616329193115234,436,0.3220972678215777,0.18291906802163727,0.5826939344406128,0.565654456615448,1.2616325616836548,436,1.2441337626789561e-08,1.2441337626789561e-06,1.2441337626789561e-06
541648831,0.3445141072981427,0.1627043200490535,0.6725055575370789,0.8416082859039307,1.3773458003997805,437,0.34451411775265883,0.16270433342013987,0.6725054979324341,0.8416083455085754,1.377346158027649,437,1.0454516141678027e-08,1.0454516141678027e-06,1.0454516141678027e-06
541682165,0.3688308473341535,0.1436616237667264,0.7295022010803223,1.148287296295166,1.4549330472946167,438,0.3688308538150266,0.1436616301084051,0.7295020818710327,1.148287296295166,1.4549331665039062,438,6.4808731714549594e-09,6.480873171454959e-07,6.480873171454959e-07
541715499,0.3951812779816856,0.1307048073613664,0.7905129194259644,1.2031307220458984,1.2926279306411743,439,0.39518128843620176,0.13070482145680853,0.7905130386352539,1.203130841255188,1.292628288269043,439,1.0454516141678027e-08,1.0454516141678027e-06,1.0454516141678027e-06
541748833,0.4232550676577161,0.0858855486734359,0.8422136902809143,0.4363451600074768,0.2613416612148285,440,0.42325507413858926,0.08588552629802071,0.8422135710716248,0.43634524941444397,0.2613416314125061,440,6.4808731714549594e-09,6.480873171454959e-07,6.480873171454959e-07
541782167,0.452928787063844,0.0429716960356674,0.8902115821838379,0.4855004251003265,0.1343657374382019,441,0.4529287875842527,0.04297182065213042,0.8902114033699036,0.4855007231235504,0.1343662291765213,441,5.204087161203574e-10,5.2040871612035744e-08,5.2040871612035744e-08
541815501,0.4824704702608655,0.0159374304640388,0.8862504959106445,0.6621952652931213,0.0665333345532417,442,0.4824704668076312,0.015937442873701985,0.886250376701355,0.6621952652931213,0.06653338670730591,442,-3.4532342541027106e-09,-3.4532342541027106e-07,3.4532342541027106e-07
541848835,0.5132635648958753,0.0154279951274438,0.923792839050293,0.6118890047073364,0.0595011450350284,443,0.5132635594558195,0.015427960357008498,0.9237927794456482,0.6118892431259155,0.059501033276319504,443,-5.440055850236547e-09,-5.440055850236547e-07,5.440055850236547e-07
541882169,0.5603788222782682,0.9539300119607323,0.9423051476478576,0.5249270796775818,-0.1563398838043213,444,0.5603788198184446,0.9539299240200769,0.9423052072525024,0.524927020072937,-0.15634018182754517,444,-2.459823567058095e-09,-2.459823567058095e-07,2.459823567058095e-07
541915503,0.6111992086880277,0.8253015738242949,1.0164077281951904,0.2707560360431671,-0.5289086699485779,445,0.6111992062282041,0.825301566887854,1.0164077281951904,0.27075597643852234,-0.5289086103439331,445,-2.459823567058095e-09,-2.459823567058095e-07,2.459823567058095e-07
541948837,0.6682238902561735,0.7190477192174405,1.140493631362915,-0.1755357831716537,-0.891187310218811,446,0.6682238818358854,0.7190476972483144,1.1404935121536255,-0.1755358874797821,-0.8911871910095215,446,-8.420288022392697e-09,-8.420288022392697e-07,8.420288022392697e-07
541982171,0.7068153148802986,0.6688077121248515,1.1577427387237549,-0.5248817801475525,-0.9380415678024292,447,0.7068153064600106,0.6688077062577891,1.1577427387237549,-0.5248819589614868,-0.9380418062210083,447,-8.420288022392697e-09,-8.420288022392697e-07,8.420288022392697e-07
542015505,0.7445703830235074,0.6558437663170584,1.1326520442962646,-0.5818445682525635,-0.8659986853599548,448,0.7445703746032194,0.6558437889588922,1.1326520442962646,-0.5818443894386292,-0.8659986853599548,448,-8.420288022392697e-09,-8.420288022392697e-07,8.420288022392697e-07
542048839,0.7804044610175361,0.6527577131447202,1.0750223398208618,-0.5205427408218384,-0.7432126402854919,449,0.7804044565708911,0.6527577225744712,1.0750224590301514,-0.5205428004264832,-0.7432128190994263,449,-4.446645052169629e-09,-4.446645052169629e-07,4.446645052169629e-07
542082173,0.8116360074195137,0.5685375297007131,0.9369463920593262,-0.8500384092330933,-0.3904979526996612,450,0.8116359989992257,0.5685375074112407,0.9369462728500366,-0.8500385284423828,-0.3904978632926941,450,-8.420288022392697e-09,-8.420288022392697e-07,8.420288022392697e-07
542115507,0.8410946295572191,0.5208323042451414,0.8837586641311646,-0.7913013696670532,-0.1041715964674949,451,0.8410946191501096,0.5208322233861113,0.8837586045265198,-0.7913012504577637,-0.10417117178440094,451,-1.040710950750423e-08,-1.040710950750423e-06,1.040710950750423e-06
542148841,0.870171277315703,0.501613905876074,0.8722994327545166,-0.7832231521606445,-0.0079425228759646,452,0.8701712629349505,0.5016137316515719,0.872299313545227,-0.783223032951355,-0.007941664196550846,452,-1.4380752477727299e-08,-1.4380752477727299e-06,1.4380752477727299e-06
542182175,0.8982977157744636,0.502956840160014,0.8437931537628174,-0.7734192609786987,-0.0143705261871218,453,0.8982976994068896,0.502956842842166,0.8437930941581726,-0.7734192609786987,-0.014370539225637913,453,-1.6367573962838833e-08,-1.6367573962838833e-06,1.6367573962838833e-06
542215509,0.9258914059314004,0.5088071342584317,0.8278107047080994,-0.7694879174232483,-0.0426245592534542,454,0.9258913895638263,0.5088071704489756,0.8278107047080994,-0.7694879770278931,-0.042624738067388535,454,-1.6367574073861135e-08,-1.6367574073861135e-06,1.6367574073861135e-06
542248843,0.953990191808628,0.5315163075059626,0.8429635763168335,-0.7768287062644958,-0.1558725535869598,455,0.9539901754410541,0.5315162763821992,0.8429635763168335,-0.7768288254737854,-0.1558724194765091,455,-1.636757385181653e-08,-1.636757385181653e-06,1.636757385181653e-06
542282177,0.9815351511948178,0.5822513808327723,0.8263487815856934,-0.6342855095863342,-0.3604780435562134,456,0.9815351368140655,0.5822513921374742,0.8263488411903381,-0.6342855095863342,-0.36047810316085815,456,-1.4380752366704996e-08,-1.4380752366704996e-06,1.4380752366704996e-06
542315511,0.010384280076908,0.6574033523063477,0.8654738664627075,-0.4794682264328003,-0.7289555668830872,457,0.010384265696155692,0.6574033523063477,0.8654738664627075,-0.4794682264328003,-0.7289555668830872,457,-1.4380752311193845e-08,-1.4380752311193845e-06,1.4380752311193845e-06
542348845,0.0403644190145403,0.6563270911141332,0.8994041681289673,-0.462477445602417,-0.6928727030754089,458,0.04036440066014495,0.6563270848151492,0.8994040489196777,-0.46247756481170654,-0.6928728222846985,458,-1.8354395336928064e-08,-1.8354395336928064e-06,1.8354395336928064e-06
542382179,0.0704207565300534,0.8354464216507916,0.9016901254653932,0.3925907015800476,-0.6596049666404724,459,0.07042074214930104,0.8354464418795073,0.9016902446746826,0.39259085059165955,-0.6596050262451172,459,-1.4380752366704996e-08,-1.4380752366704996e-06,1.4380752366704996e-06
542415513,0.102507577927199,0.9963127646147046,0.9626046419143676,0.7323735952377319,-0.0169703625142574,460,0.10250755957280364,0.9963127418409312,0.9626045227050781,0.7323738932609558,-0.016970474272966385,460,-1.8354395336928064e-08,-1.8354395336928064e-06,1.8354395336928064e-06
542448847,0.1345390186620622,0.0279038552014427,0.9609432220458984,0.8640723824501038,0.1530651450157165,461,0.1345390042813099,0.02790377691762058,0.960943341255188,0.8640725016593933,0.15306472778320312,461,-1.4380752255682694e-08,-1.4380752255682694e-06,1.4380752255682694e-06
542482181,0.1647403107000261,0.0302138632589107,0.906038761138916,0.9340940713882446,0.1794891655445099,462,0.16474030029291675,0.03021388905949281,0.9060388803482056,0.9340939521789551,0.17948929965496063,462,-1.0407109340970777e-08,-1.0407109340970777e-06,1.0407109340970777e-06
542515515,0.1949495381030311,0.0566826380250566,0.9062768220901488,0.8555694818496704,0.3182811737060547,463,0.1949495356432077,0.056682670635108394,0.906277060508728,0.8555689454078674,0.3182811737060547,463,-2.459823400524641e-09,-2.459823400524641e-07,2.459823400524641e-07
542548849,0.2229533042423794,0.0973179040135421,0.8401129841804504,0.8126064538955688,0.569721519947052,464,0.22295330376937753,0.0973178906993764,0.8401130437850952,0.8126065135002136,0.5697214603424072,464,-4.730018599019559e-10,-4.730018599019559e-08,4.730018599019559e-08
542582183,0.2476960426482429,0.1395631321752956,0.7422821521759033,0.6641663908958435,0.7983671426773071,465,0.247696038201598,0.13956317188817274,0.7422820329666138,0.6641664505004883,0.7983676195144653,465,-4.446644941147326e-09,-4.4466449411473263e-07,4.4466449411473263e-07
542615517,0.2680837676835924,0.1972123796493901,0.6116317510604858,0.4271722733974457,1.2403491735458374,466,0.26808376323694755,0.19721238435880506,0.6116317510604858,0.4271722733974457,1.240349292755127,466,-4.446644830125024e-09,-4.446644830125024e-07,4.446644830125024e-07
542648851,0.2876077320091794,0.199554896156706,0.5857189297676086,0.609596848487854,1.858445167541504,467,0.2876077275625345,0.19955491602930317,0.5857189297676086,0.6095966696739197,1.858445405960083,467,-4.446644885636175e-09,-4.446644885636175e-07,4.446644885636175e-07
542682185,0.3081969604802996,0.2000330540205235,0.617676854133606,0.6311403512954712,1.9438238143920896,468,0.3081969560336547,0.2000330509246661,0.617676854133606,0.6311404705047607,1.943824052810669,468,-4.446644885636175e-09,-4.446644885636175e-07,4.446644885636175e-07
542715519,0.3283526684753964,0.2086829199062986,0.6046712398529053,0.524645984172821,1.9753508567810056,469,0.32835266601557306,0.2086829133173321,0.60467129945755,0.5246461033821106,1.9753509759902954,469,-2.45982334501349e-09,-2.45982334501349e-07,2.45982334501349e-07
542748853,0.3459064847144356,0.2260701554375062,0.5266144871711731,0.3048287332057953,2.012084007263184,470,0.34590647828096915,0.2260701195432334,0.5266143679618835,0.30482926964759827,2.012084484100342,470,-6.43346642625886e-09,-6.43346642625886e-07,6.43346642625886e-07
542782187,0.3673800891551246,0.2179172449255267,0.6442081332206726,0.4473845064640045,2.189225196838379,471,0.36738007874801526,0.21791724832562717,0.6442080140113831,0.4473845064640045,2.189225435256958,471,-1.0407109340970777e-08,-1.0407109340970777e-06,1.0407109340970777e-06
542815521,0.392183350117293,0.1826584672959694,0.7440978288650513,0.9173502922058104,2.037111282348633,472,0.3921833436838266,0.1826584603220471,0.7440979480743408,0.9173502922058105,2.0371110439300537,472,-6.433466370747709e-09,-6.433466370747709e-07,6.433466370747709e-07
542848855,0.4187747583700091,0.1584015937201503,0.7977422475814819,1.250738501548767,1.927778005599976,473,0.4187747519365427,0.15840155628514277,0.7977422475814819,1.2507394552230835,1.9277784824371338,473,-6.43346642625886e-09,-6.43346642625886e-07,6.43346642625886e-07
542882189,0.4457091277751198,0.1493714091446716,0.8080310821533203,1.3639110326766968,1.861754894256592,474,0.44570912531529633,0.14937139811645866,0.8080312013626099,1.3639107942581177,1.861754298210144,474,-2.4598234560357923e-09,-2.4598234560357923e-07,2.4598234560357923e-07
542915523,0.4725174770666033,0.1540024937595541,0.8042504787445068,1.2794671058654783,1.8575284481048584,475,0.47251747858042287,0.1540024734375688,0.8042505979537964,1.2794677019119263,1.857528805732727,475,1.5138195141872757e-09,1.5138195141872757e-07,1.5138195141872757e-07
542948857,0.4997754003517697,0.1500638346715242,0.8177376985549927,1.1601526737213137,1.598160743713379,476,0.49977540981287527,0.1500638198708619,0.8177379369735718,1.160152554512024,1.5981602668762207,476,9.461105565655714e-09,9.461105565655714e-07,9.461105565655714e-07
542982191,0.526968608887282,0.1459727747681031,0.8157962560653687,1.1117453575134275,1.451486110687256,477,0.5269686183483876,0.1459727467220089,0.8157962560653687,1.1117463111877441,1.4514868259429932,477,9.461105565655714e-09,9.461105565655714e-07,9.461105565655714e-07
543015525,0.5539714521083107,0.1501652087890296,0.8100852966308594,0.954459547996521,1.316572666168213,478,0.5539714615694162,0.1501652456274282,0.8100852966308594,0.9544594287872314,1.316573143005371,478,9.461105565655714e-09,9.461105565655714e-07,9.461105565655714e-07
543048859,0.5773003385377795,0.1700973422859605,0.6998665928840637,0.6843106150627136,1.2465617656707764,479,0.5773003380647775,0.17009734400374757,0.6998662948608398,0.684310793876648,1.246562123298645,479,-4.730019709242583e-10,-4.730019709242583e-08,4.730019709242583e-08
543082193,0.5964222278111051,0.1862190139397869,0.5736566781997681,0.4650335609912872,1.097618818283081,480,0.5964222253512816,0.18621900152202267,0.5736566185951233,0.46503356099128723,1.097618579864502,480,-2.4598234560357923e-09,-2.4598234560357923e-07,2.4598234560357923e-07
543115527,0.614476204505848,0.1942050595593612,0.5416193008422852,0.3707672655582428,1.013926982879639,481,0.6144762020460245,0.19420508049859744,0.5416193008422852,0.3707670271396637,1.0139267444610596,481,-2.4598234560357923e-09,-2.4598234560357923e-07,2.4598234560357923e-07
543148861,0.6332161193999519,0.1804461253350438,0.5621974468231201,0.4929509460926056,1.0552418231964111,482,0.6332161169401285,0.18044612581994404,0.5621974468231201,0.4929508864879608,1.0552417039871216,482,-2.4598234560357923e-09,-2.4598234560357923e-07,2.4598234560357923e-07
543182195,0.6561701740734647,0.1588376900921955,0.6886216402053833,0.7108641266822815,1.1022663116455078,483,0.6561701696268197,0.15883770656530505,0.6886215806007385,0.7108638882637024,1.1022661924362183,483,-4.446644941147326e-09,-4.4466449411473263e-07,4.4466449411473263e-07
543215529,0.693752482127435,0.1450047761934884,0.7516461610794067,0.7615057229995728,0.9817880988121032,484,0.6937524776807901,0.14500479564583665,0.7516461610794067,0.7615054845809937,0.9817880392074585,484,-4.446644941147326e-09,-4.4466449411473263e-07,4.4466449411473263e-07
543248863,0.734271138500459,0.1522309295914678,0.8103731274604797,0.2307808399200439,0.3271906971931457,485,0.7342711370340463,0.15223085958114968,0.8103731870651245,0.2307809293270111,0.3271905183792114,485,-1.466412657968874e-09,-1.466412657968874e-07,1.466412657968874e-07
543282197,0.7775493796579908,0.0296402155819997,0.8655648231506348,0.2745550870895386,0.0517312176525592,486,0.7775493811718103,0.02964008099384042,0.8655648827552795,0.2745552361011505,0.05173100531101227,486,1.5138195141872757e-09,1.5138195141872757e-07,1.5138195141872757e-07
543315531,0.821557440947778,0.9965774159311924,0.8801612257957458,0.3889523148536682,-0.0083656040951609,487,0.8215574424615976,0.9965775068747227,0.8801612257957458,0.38895243406295776,-0.008365384303033352,487,1.5138195141872757e-09,1.5138195141872757e-07,1.5138195141872757e-07
543348865,0.8672924007885526,0.0044413416899347,0.9146991968154908,0.5844831466674805,0.0163146890699863,488,0.8672924052826043,0.0044413386491108505,0.9146992564201355,0.5844831466674805,0.016314677894115448,488,4.4940516863434254e-09,4.4940516863434254e-07,4.4940516863434254e-07
543382199,0.9143905546181272,0.0043307410459222,0.9419630765914916,0.5478800535202026,0.0149119617417454,489,0.9143905561319466,0.0043307550339276345,0.9419630169868469,0.5478799939155579,0.014912008307874203,489,1.5138194031649732e-09,1.5138194031649732e-07,1.5138194031649732e-07
543415533,0.9488052184913772,0.9488052184913772,0.9987409114837646,0.4718500673770904,-0.1572391837835312,490,0.9488052878545743,0.9488052878545743,0.9987409114837646,0.47185012698173523,-0.15723897516727448,490,6.936319707495642e-08,6.936319707495642e-06,6.936319707495642e-06
543448867,0.9830852206085342,0.8113413374751381,1.0284000635147097,0.2401250302791595,-0.5918638706207275,491,0.9830852859980883,0.8113413916209186,1.02839994430542,0.2401251196861267,-0.5918635129928589,491,6.538955410473335e-08,6.538955410473335e-06,6.538955410473335e-06
543482201,0.0207399026090122,0.7061217850681625,1.1296404600143433,-0.2029762268066406,-0.7174864411354065,492,0.020739967998566478,0.7061217895781388,1.1296404600143433,-0.20297613739967346,-0.7174862027168274,492,6.538955432677795e-08,6.5389554326777954e-06,6.5389554326777954e-06
543515535,0.0564494029218174,0.6618805440405113,1.0712850093841553,-0.4396083950996399,-0.7111478447914124,493,0.05644947228501464,0.6618805715905027,1.0712851285934448,-0.4396083354949951,-0.7111480236053467,493,6.936319718597872e-08,6.936319718597872e-06,6.936319718597872e-06
543548869,0.090378421101393,0.6554115512023633,1.017870545387268,-0.4007104635238647,-0.5929197669029236,494,0.09037849443823323,0.6554115844532283,1.0178706645965576,-0.40071040391921997,-0.5929199457168579,494,7.333684026722409e-08,7.333684026722409e-06,7.333684026722409e-06
543582203,0.1224726930791355,0.6573173773173411,0.9628281593322754,-0.4524092674255371,-0.6870080828666687,495,0.12247276641597574,0.6573173773173411,0.9628281593322754,-0.4524092674255371,-0.6870080828666687,495,7.333684026722409e-08,7.333684026722409e-06,7.333684026722409e-06
543615537,0.1649913833075977,0.5607991895835616,0.8503738045692444,-0.7585406303405762,-0.3047423660755157,496,0.1649914596246702,0.5607991863154825,0.8503738641738892,-0.7585407495498657,-0.30474239587783813,496,7.631707255040254e-08,7.631707255040254e-06,7.631707255040254e-06
543648871,0.2063839540416218,0.5207704208693316,0.827851414680481,-0.7737611532211304,-0.1015564426779747,497,0.20638403631915875,0.5207703453908195,0.8278515338897705,-0.7737612724304199,-0.10155608505010605,497,8.227753700573714e-08,8.227753700573714e-06,8.227753700573714e-06
543682205,0.2470230594808079,0.5094426373999541,0.8127821087837219,-0.7933063507080078,-0.0471220426261425,498,0.2470231447385771,0.509442682755735,0.8127821683883667,-0.7933062314987183,-0.04712226241827011,498,8.52577691778933e-08,8.52577691778933e-06,8.52577691778933e-06
543715539,0.2873218939239003,0.5090419043799144,0.8059766888618469,-0.8045547604560852,-0.0457575730979442,499,0.2873219762014372,0.5090418463503567,0.8059766292572021,-0.8045547604560852,-0.04575727880001068,499,8.227753689471484e-08,8.227753689471484e-06,8.227753689471484e-06
543748873,0.3278347954684712,0.5298348259837607,0.8102580308914185,-0.8044729232788086,-0.1525963097810745,500,0.3278348777460081,0.5298348224516011,0.8102580308914185,-0.8044728636741638,-0.15259627997875214,500,8.227753689471484e-08,8.227753689471484e-06,8.227753689471484e-06
543782207,0.3688839152986027,0.5368250633761544,0.8209823966026306,-0.782803475856781,-0.1844270229339599,501,0.36888399459590737,0.5368250176167786,0.8209823369979858,-0.7828035354614258,-0.18442679941654205,501,7.929730472255869e-08,7.92973047225587e-06,7.92973047225587e-06
543815541,0.4100386098557927,0.6325869116406515,0.8230938911437988,-0.5754401683807373,-0.6330946683883667,502,0.4100386951135618,0.6325869190986925,0.8230940103530884,-0.5754401683807373,-0.6330947279930115,502,8.525776906687099e-08,8.5257769066871e-06,8.5257769066871e-06
543848875,0.4524922326737858,0.6364406983627582,0.8490724563598633,-0.4930560290813446,-0.5695739984512329,503,0.45249232389201943,0.6364407161251756,0.8490725755691528,-0.49305596947669983,-0.5695740580558777,503,9.12182336332279e-08,9.12182336332279e-06,9.12182336332279e-06
543882209,0.497766478412769,0.7817456786351423,0.9054849147796632,0.181543543934822,-0.8980544209480286,504,0.4977665636705381,0.7817456984466098,0.9054847955703735,0.18154364824295044,-0.8980543613433838,504,8.525776906687099e-08,8.5257769066871e-06,8.5257769066871e-06
543915543,0.5464681879216648,0.9245782992698554,0.9740341901779176,0.7082646489143372,-0.3632459044456482,505,0.5464682851003629,0.9245782829537517,0.9740344285964966,0.7082644701004028,-0.3632459044456482,505,9.71786980885625e-08,9.71786980885625e-06,9.71786980885625e-06
543948877,0.5954189912015415,0.005907116328731,0.9790160655975342,0.8959668874740601,0.0332695432007312,506,0.5954190764593107,0.005907113436619133,0.9790158271789551,0.8959671258926392,0.03326953575015068,506,8.52577691778933e-08,8.52577691778933e-06,8.52577691778933e-06
543982211,0.6413225040370442,0.0370687749325926,0.9180702567100524,0.9493522644042968,0.2252005785703659,507,0.6413225952552778,0.03706873212006365,0.918070375919342,0.9493521451950073,0.22520028054714203,507,9.12182336332279e-08,9.12182336332279e-06,9.12182336332279e-06
544015545,0.6865973339015461,0.0866554770082103,0.9054965972900392,0.7955818772315979,0.4817450642585754,508,0.6865974310802442,0.08665550066153695,0.9054967164993286,0.7955817580223083,0.4817451536655426,508,9.71786980885625e-08,9.71786980885625e-06,9.71786980885625e-06
544048879,0.7305309609109378,0.0974152165060378,0.8786725401878357,0.8183709383010864,0.5745096802711487,509,0.7305310521291715,0.09741519387799884,0.8786724209785461,0.8183713555335999,0.5745097994804382,509,9.12182336332279e-08,9.12182336332279e-06,9.12182336332279e-06
544082213,0.7713464126521564,0.1276422309492564,0.8163090348243713,0.7322962284088135,0.7570236325263977,510,0.7713464949296933,0.12764216663645364,0.816308856010437,0.7322967052459717,0.7570235133171082,510,8.227753689471484e-08,8.227753689471484e-06,8.227753689471484e-06
544115547,0.8055606708461261,0.1707238164368594,0.6842851638793945,0.519428014755249,0.9550995230674744,511,0.805560753123663,0.17072378644823483,0.6842851638793945,0.5194283127784729,0.9550996422767639,511,8.227753689471484e-08,8.227753689471484e-06,8.227753689471484e-06
544148881,0.8346675918036914,0.2184935229578315,0.5821384191513062,0.3156399428844452,1.5735721588134766,512,0.8346676800416928,0.21849355250745148,0.5821385383605957,0.3156396150588989,1.573572039604187,512,8.823800135004944e-08,8.823800135004944e-06,8.823800135004944e-06
544182215,0.8656140491897083,0.1950940609213595,0.6189291477203369,0.7262165546417236,2.020890712738037,513,0.8656141374277097,0.19509405260676224,0.6189291477203369,0.7262166738510132,2.020890712738037,513,8.823800135004944e-08,8.823800135004944e-06,8.823800135004944e-06
544215549,0.897229270690105,0.2029539533689145,0.6323044300079346,0.6326603293418884,2.077561140060425,514,0.8972293589281064,0.20295395428019822,0.6323044300079346,0.6326603889465332,2.077561378479004,514,8.823800135004944e-08,8.823800135004944e-06,8.823800135004944e-06
544248883,0.9250201389724232,0.2274994780326347,0.5558173656463623,0.2929099500179291,2.058044195175171,515,0.9250202272104245,0.22749947803263473,0.5558173656463623,0.2929099500179291,2.058044195175171,515,8.823800135004944e-08,8.823800135004944e-06,8.823800135004944e-06
544282217,0.954133267753742,0.2396085530645186,0.5822625756263733,0.1371068656444549,2.096937894821167,516,0.9541333530115109,0.23960853284552494,0.5822625160217285,0.13710714876651764,2.096938133239746,516,8.525776895584869e-08,8.525776895584869e-06,8.525776895584869e-06
544315551,0.990644474380634,0.2011493514318533,0.7302241325378418,0.7305574417114258,2.3049302101135254,517,0.990644559638403,0.20114933299854906,0.7302241325378418,0.7305580377578735,2.304931163787842,517,8.525776906687099e-08,8.5257769066871e-06,8.5257769066871e-06
544348885,0.0312138632470584,0.1650632365200178,0.8113877773284912,1.2211079597473145,2.0666544437408447,518,0.031213924662969683,0.16506322414710262,0.811387300491333,1.221108317375183,2.066654682159424,518,6.141591124553258e-08,6.141591124553258e-06,6.141591124553258e-06
544382219,0.0721617654496646,0.1547900238476099,0.818958044052124,1.3920356035232544,2.0425164699554443,519,0.07216183282604036,0.1547900434416164,0.8189581632614136,1.392035722732544,2.0425171852111816,519,6.737637581188949e-08,6.737637581188949e-06,6.737637581188949e-06
544415553,0.1126061872178531,0.1549250091261421,0.8088884353637695,1.3837493658065796,2.03406310081482,520,0.11260624565353211,0.1549250328541171,0.8088882565498352,1.38374924659729,2.0340635776519775,520,5.843567896235413e-08,5.843567896235413e-06,5.843567896235413e-06
544448887,0.1501949442286941,0.1501949442286941,0.812031626701355,1.2864447832107544,1.7752078771591189,521,0.15019492706469978,0.15019492706469983,0.8120318651199341,1.286444902420044,1.7752076387405396,521,-1.716399433693283e-08,-1.716399433693283e-06,1.716399433693283e-06
544482221,0.1771982881287388,0.1514475067300342,0.8101003170013428,1.2481106519699097,1.7511504888534546,522,0.17719826500428007,0.1514474944245774,0.8101001381874084,1.2481107711791992,1.751150369644165,522,-2.312445873675628e-08,-2.312445873675628e-06,2.312445873675628e-06
544515555,0.2043364815771234,0.1537042526579905,0.8141458034515381,1.126837968826294,1.6293972730636597,523,0.20433645050537871,0.15370421570336984,0.814145565032959,1.1268384456634521,1.6293971538543701,523,-3.107174467720242e-08,-3.1071744677202418e-06,3.1071744677202418e-06
544548889,0.2294309032817336,0.1663573032060024,0.7528326511383057,0.8890911340713501,1.533061385154724,524,0.22943088015727486,0.1663573263583501,0.7528328895568848,0.8890908360481262,1.5330613851547241,524,-2.312445873675628e-08,-2.312445873675628e-06,2.312445873675628e-06
544582223,0.2504785550494643,0.1857422715736171,0.6314295530319214,0.5917634963989258,1.3851734399795532,525,0.25047853391182706,0.18574229811201484,0.6314296126365662,0.5917630195617676,1.385172963142395,525,-2.1137637251644747e-08,-2.1137637251644747e-06,2.1137637251644747e-06
544615557,0.2689064634700271,0.2048421932945997,0.5528372526168823,0.3584725558757782,1.22931969165802,526,0.2689064463060328,0.2048421654382842,0.5528373718261719,0.3584728240966797,1.2293198108673096,526,-1.716399433693283e-08,-1.716399433693283e-06,1.716399433693283e-06
544648891,0.2880306971927139,0.187215982324357,0.573727011680603,0.5311279296875,1.2758119106292725,527,0.28803068002871957,0.1872159781086721,0.573727011680603,0.5311278700828552,1.2758116722106934,527,-1.716399433693283e-08,-1.716399433693283e-06,1.716399433693283e-06
544682225,0.3095052493472549,0.1684478154417542,0.6442365646362305,0.7682295441627502,1.3656837940216064,528,0.3095052341700821,0.16844781873885725,0.6442366242408752,0.7682293057441711,1.3656834363937378,528,-1.5177172796310145e-08,-1.5177172796310145e-06,1.5177172796310145e-06
544715559,0.3323758654653681,0.1529141283515079,0.686118483543396,0.9882394075393676,1.413928747177124,529,0.3323758483013738,0.15291411390869314,0.6861184239387512,0.9882397651672363,1.4139289855957031,529,-1.716399433693283e-08,-1.716399433693283e-06,1.716399433693283e-06
544748893,0.3580241077005518,0.175613195545749,0.7694472670555115,0.351369172334671,0.6962191462516785,530,0.358024088549736,0.1756131632212384,0.7694472074508667,0.3513695001602173,0.6962194442749023,530,-1.9150815822044365e-08,-1.9150815822044365e-06,1.9150815822044365e-06
544782227,0.3842735760271204,0.1375483546214254,0.7874840497970581,0.2241913676261901,0.2626559138298034,531,0.3842735568763046,0.13754846774817026,0.7874840497970581,0.22419124841690063,0.26265615224838257,531,-1.9150815822044365e-08,-1.9150815822044365e-06,1.9150815822044365e-06
544815561,0.4118991208930465,0.0486935009351849,0.8287663459777832,0.4447885155677795,0.1404944658279419,532,0.4118990997554092,0.048693520328129514,0.8287662863731384,0.44478851556777954,0.14049452543258667,532,-2.1137637251644747e-08,-2.1137637251644747e-06,2.1137637251644747e-06
544848895,0.4406556678672286,0.0319866686029647,0.8626964092254639,0.6691162586212158,0.1363181173801422,533,0.44065564672959134,0.03198668624842714,0.8626964092254639,0.6691163182258606,0.13631820678710938,533,-2.1137637251644747e-08,-2.1137637251644747e-06,2.1137637251644747e-06
544882229,0.4699977788189702,0.0425505446148519,0.8802633285522461,0.6683965921401978,0.183080792427063,534,0.46999775370768987,0.04255048488923117,0.8802632093429565,0.6683966517448425,0.1830805391073227,534,-2.5111280332890118e-08,-2.511128033289012e-06,2.511128033289012e-06
544915563,0.5008093906302902,0.0238596850664323,0.9243483543395996,0.574573278427124,0.0867881998419761,535,0.5008093575717238,0.023859675062265336,0.9243481159210205,0.5745729804039001,0.0867881178855896,535,-3.3058566328847405e-08,-3.3058566328847405e-06,3.3058566328847405e-06
544948897,0.5497264755626174,0.9243838931812888,0.9783416986465454,0.4384559392929077,-0.225546658039093,536,0.5497264484645156,0.9243839243541101,0.978341817855835,0.4384562373161316,-0.2255467027425766,536,-2.7098101873512803e-08,-2.7098101873512803e-06,2.7098101873512803e-06
544982231,0.6030065906901809,0.7540452359903927,1.0656023025512695,0.015844140201807,-0.6232343912124634,537,0.6030065695525435,0.7540452333476806,1.065602421760559,0.015844125300645828,-0.623234212398529,537,-2.11376374181782e-08,-2.11376374181782e-06,2.11376374181782e-06
545015565,0.6598272217174026,0.677939168740336,1.1364126205444336,-0.3936606645584106,-0.8092055916786194,538,0.6598271946193007,0.677939173736513,1.136412501335144,-0.3936605751514435,-0.8092054724693298,538,-2.7098101873512803e-08,-2.7098101873512803e-06,2.7098101873512803e-06
545048899,0.6975744578102879,0.6635798817284188,1.13241708278656,-0.4779767096042633,-0.7919996380805969,539,0.697574430712186,0.6635798674958233,1.13241708278656,-0.47797659039497375,-0.7919992804527283,539,-2.7098101873512803e-08,-2.7098101873512803e-06,2.7098101873512803e-06
545082233,0.7330564114311986,0.6516884881209039,1.0644586086273191,-0.5061608552932739,-0.7124443650245667,540,0.7330563843330967,0.6516884792720852,1.0644586086273193,-0.5061609148979187,-0.7124443650245667,540,-2.7098101873512803e-08,-2.7098101873512803e-06,2.7098101873512803e-06
545115567,0.7647209140518956,0.61217719547574,0.9499350786209106,-0.6836078763008118,-0.5814625024795532,541,0.7647208889406152,0.6121772023243185,0.9499351382255554,-0.683607816696167,-0.5814625024795532,541,-2.511128038840127e-08,-2.511128038840127e-06,2.511128038840127e-06
545148901,0.7950040969113163,0.5968170791858052,0.9084954857826232,-0.7052153944969177,-0.491126537322998,542,0.7950040698132145,0.5968171171986598,0.9084954261779785,-0.705215334892273,-0.49112674593925476,542,-2.7098101873512803e-08,-2.7098101873512803e-06,2.7098101873512803e-06
545182235,0.8246152950187179,0.5318893076250186,0.8883359432220459,-0.7833425402641296,-0.1590902507305145,543,0.824615271894259,0.5318892296652997,0.8883360624313354,-0.7833425998687744,-0.1590898633003235,543,-2.3124458903289735e-08,-2.3124458903289735e-06,2.3124458903289735e-06
545215569,0.853438706483409,0.5147582702520033,0.8647023439407349,-0.7754519581794739,-0.0721136555075645,544,0.8534386833589501,0.5147582983173582,0.8647023439407349,-0.7754520773887634,-0.07211380451917648,544,-2.3124458903289735e-08,-2.3124458903289735e-06,2.3124458903289735e-06
545248903,0.8818181229491683,0.5352392861510155,0.8513824939727783,-0.7503067851066589,-0.168898269534111,545,0.8818180998247094,0.535239389946816,0.8513824939727783,-0.7503064870834351,-0.16889871656894684,545,-2.3124458903289735e-08,-2.3124458903289735e-06,2.3124458903289735e-06
545282237,0.9102982037126672,0.534950889672722,0.8544024229049683,-0.7438363432884216,-0.1660261452198028,546,0.9102981766145654,0.53495089205867,0.8544023036956787,-0.7438362240791321,-0.16602613031864166,546,-2.7098101873512803e-08,-2.7098101873512803e-06,2.7098101873512803e-06
545315571,0.938422379181748,0.6313890196725802,0.8437252640724182,-0.5147193670272827,-0.5577969551086426,547,0.9384223540704675,0.6313890627621316,0.843725323677063,-0.5147193074226379,-0.5577971935272217,547,-2.5111280499423572e-08,-2.511128049942357e-06,2.511128049942357e-06
545348905,0.9678475790083064,0.6566479366400111,0.8827559947967529,-0.4377029240131378,-0.6586276888847351,548,0.9678475538970259,0.6566479499191407,0.8827559947967529,-0.4377029240131378,-0.6586278080940247,548,-2.5111280499423572e-08,-2.511128049942357e-06,2.511128049942357e-06
545382239,0.9984977774679316,0.6636727011997703,0.9195059537887572,-0.4931889474391937,-0.8182844519615173,549,0.9984977523566512,0.6636726952009475,0.9195059537887573,-0.49318891763687134,-0.8182843327522278,549,-2.511128038840127e-08,-2.511128038840127e-06,2.511128038840127e-06
545415573,0.0150596144655994,0.5251039786623739,0.4968551099300384,-1.233880877494812,-0.1962539553642273,550,0.015059594321372938,0.5251039425335909,0.4968552589416504,-1.2338809967041016,-0.1962536871433258,550,-2.014422645357783e-08,-2.014422645357783e-06,2.014422645357783e-06
545448907,0.0280064516126763,0.529603487571247,0.3884051144123077,-1.630040168762207,-0.3067399859428406,551,0.028006428488217626,0.5296034411853568,0.3884050250053406,-1.6300404071807861,-0.30673953890800476,551,-2.312445868124513e-08,-2.312445868124513e-06,2.312445868124513e-06
545482241,0.0383597962915551,0.5345987525354621,0.3106003403663635,-2.0462663173675537,-0.4519811272621155,552,0.03835976919345342,0.5345987498104606,0.310600221157074,-2.0462660789489746,-0.4519810378551483,552,-2.7098101651468198e-08,-2.70981016514682e-06,2.70981016514682e-06
545515575,0.0717346144576521,0.7675387397864532,1.0012445449829102,0.1878122389316558,-1.6973938941955566,553,0.0717345913331934,0.7675387673924147,1.0012446641921997,0.18781253695487976,-1.6973938941955566,553,-2.312445868124513e-08,-2.312445868124513e-06,2.312445868124513e-06
545548909,0.0999005628486128,0.767862921248898,0.8449784517288208,0.177534133195877,-1.5751450061798096,554,0.09990054369779708,0.767862891952483,0.8449785709381104,0.17753387987613678,-1.5751453638076782,554,-1.9150815711022062e-08,-1.9150815711022062e-06,1.9150815711022062e-06
545582243,0.1235328925509901,0.7908060897798287,0.7089698910713196,0.3614585101604461,-1.3787593841552734,555,0.12353288333428186,0.7908060241480981,0.7089701890945435,0.3614581525325775,-1.3787603378295898,555,-9.216708229953241e-09,-9.216708229953241e-07,9.216708229953241e-07
545615577,0.1437696827311964,0.8077665299181043,0.607103705406189,0.4533195197582245,-1.1936261653900146,556,0.14376967550130965,0.8077665160266889,0.6071037650108337,0.45331940054893494,-1.1936261653900146,556,-7.229886744841707e-09,-7.229886744841707e-07,7.229886744841707e-07
545648911,0.1612554880837253,0.7557331909636169,0.5245741605758667,0.022833976894617,-0.6336032152175903,557,0.16125548284066002,0.7557331465766584,0.5245742201805115,0.022833827883005142,-0.6336039900779724,557,-5.243065315241324e-09,-5.243065315241324e-07,5.243065315241324e-07
545682245,0.1859309929469875,0.4901455858518406,0.4935100972652435,-0.8153504133224487,0.0505487546324729,558,0.1859309877039222,0.49014554317142134,0.49351009726524353,-0.815349817276001,0.05054893717169762,558,-5.243065315241324e-09,-5.243065315241324e-07,5.243065315241324e-07
545715579,0.2118285435298733,0.4756713298305733,0.5179510116577148,-1.0017285346984863,0.15432970225811,559,0.2118285442472724,0.47567134408210804,0.5179511308670044,-1.001729130744934,0.15432970225811005,559,7.173991400932778e-10,7.173991400932778e-08,7.173991400932778e-08
545748913,0.2365824851254276,0.4587351153069948,0.495078831911087,-1.0487515926361084,0.2781764268875122,560,0.23658248733294288,0.45873514117484365,0.4950788617134094,-1.0487518310546875,0.27817630767822266,560,2.207515281682504e-09,2.207515281682504e-07,2.207515281682504e-07
545782247,0.2619780036667637,0.4750508720664368,0.5079103708267212,-1.2052658796310425,0.1905004680156707,561,0.2619780118347434,0.47505094349332644,0.5079104900360107,-1.2052655220031738,0.19049985706806183,561,8.167979625994803e-09,8.167979625994803e-07,8.167979625994803e-07
545815581,0.286538330004578,0.495876024115145,0.4912065267562866,-1.2616734504699707,0.0326994284987449,562,0.28653833966267384,0.49587607060699856,0.491206556558609,-1.2616734504699707,0.03269905969500542,562,9.658095878606332e-09,9.658095878606332e-07,9.658095878606332e-07
545848915,0.3197010966996007,0.5824401224749978,0.6632553339004517,-1.6419421434402466,-0.9357287287712096,563,0.31970110039723193,0.5824401125334977,0.6632552146911621,-1.6419423818588257,-0.9357287287712097,563,3.6976313122494275e-09,3.6976313122494275e-07,3.6976313122494275e-07
545882249,0.3570666107395939,0.5928726823876922,0.7473102807998657,-1.6012179851531982,-1.0571792125701904,564,0.35706660251629624,0.5928726879950985,0.7473100423812866,-1.6012182235717773,-1.0571794509887695,564,-8.223297653930928e-09,-8.223297653930928e-07,8.223297653930928e-07
545915583,0.3970523211220554,0.5843175608841837,0.799714207649231,-1.6728768348693848,-0.9796791076660156,565,0.3970523248196867,0.5843174989922347,0.7997144460678101,-1.6728765964508057,-0.9796780943870544,565,3.6976313122494275e-09,3.6976313122494275e-07,3.6976313122494275e-07
545948917,0.431396644598211,0.2553042448887144,1.030329704284668,-0.0536699555814266,1.6097816228866575,566,0.4313966443221993,0.25530426181215443,1.0303295850753784,-0.05367012694478035,1.6097816228866577,566,-2.7601165797364047e-10,-2.7601165797364047e-08,2.7601165797364047e-08
545982251,0.4682221584379327,0.2469436711436498,1.1047654151916504,0.0262350775301456,1.3659946918487549,567,0.46822216610920697,0.24694371520070396,1.1047656536102295,0.026234690099954605,1.3659942150115967,567,7.671274282472496e-09,7.671274282472496e-07,7.671274282472496e-07
546015585,0.5054655922313185,0.2519838127673335,1.1173030138015747,-0.0168074630200862,1.3483390808105469,568,0.5054655919553068,0.2519838755469263,1.1173027753829956,-0.016807984560728073,1.34833824634552,568,-2.7601165797364047e-10,-2.7601165797364047e-08,2.7601165797364047e-08
546048919,0.5409327956894687,0.246994410756622,1.0640161037445068,0.0240314938127994,1.272388219833374,569,0.540932783492528,0.2469944493213416,1.0640157461166382,0.024031180888414383,1.272387981414795,569,-1.2196940679665147e-08,-1.2196940679665147e-06,1.2196940679665147e-06
546082253,0.571694442913895,0.2725937078674904,0.922849416732788,-0.1222086250782013,0.8550731539726257,570,0.5716944307169544,0.2725936690405074,0.9228494167327881,-0.12220838665962219,0.8550729751586914,570,-1.2196940679665147e-08,-1.2196940679665147e-06,1.2196940679665147e-06
546115587,0.5941791626671604,0.4126353824434602,0.6745415925979614,-0.3261213004589081,0.1994660049676895,571,0.5941791504702197,0.4126353483760556,0.6745415925979614,-0.3261215090751648,0.19946622848510742,571,-1.2196940679665147e-08,-1.2196940679665147e-06,1.2196940679665147e-06
546148921,0.6153035673359684,0.4814011785747967,0.6337321400642395,-0.3931257724761963,0.0461508892476558,572,0.6153035571258492,0.48140109611982806,0.6337321996688843,-0.393125981092453,0.04615112021565437,572,-1.0210119194553613e-08,-1.0210119194553613e-06,1.0210119194553613e-06
546182255,0.636671276177928,0.5104635910883891,0.6410312652587891,-0.509540319442749,-0.0335479155182838,573,0.6366712619941658,0.5104637106070973,0.6410311460494995,-0.5095401406288147,-0.03354828804731369,573,-1.4183762164776681e-08,-1.418376216477668e-06,1.418376216477668e-06
546215589,0.6582697304943851,0.5241694168540344,0.6479536294937134,-0.4195283353328705,-0.0642042756080627,574,0.6582697182974444,0.5241694656114062,0.6479536890983582,-0.41952869296073914,-0.06420446187257767,574,-1.2196940679665147e-08,-1.2196940679665147e-06,1.2196940679665147e-06
546248923,0.6800079815446984,0.4842888778817256,0.6521475315093994,-0.274333506822586,0.0271693877875804,575,0.6800079693477578,0.4842888761860085,0.6521475315093994,-0.27433347702026367,0.02716938778758049,575,-1.2196940679665147e-08,-1.2196940679665147e-06,1.2196940679665147e-06
546282257,0.7050019575019332,0.2437092385060532,0.749819278717041,0.0346138216555118,0.8752663135528564,576,0.7050019492786355,0.24370918866376717,0.7498193979263306,0.03461407497525215,0.8752657771110535,576,-8.223297709442079e-09,-8.223297709442079e-07,8.223297709442079e-07
546315591,0.7321201277633163,0.2571346560384404,0.8135451078414917,-0.0419338010251522,0.9348033666610718,577,0.7321201274873045,0.2571346531644843,0.8135453462600708,-0.04193376004695892,0.9348028302192688,577,-2.7601176899594293e-10,-2.7601176899594293e-08,2.7601176899594293e-08
546348925,0.7613451116144312,0.2725570640662174,0.8767495155334473,-0.1195438802242279,0.8378055691719055,578,0.7613451093515979,0.27255703237198414,0.8767494559288025,-0.11954376101493835,0.8378059267997742,578,-2.262833254107477e-09,-2.262833254107477e-07,2.262833254107477e-07
546382259,0.8051676921903742,0.072015287012245,0.8764516115188599,0.6225799322128296,0.3026511073112488,579,0.8051676869473087,0.07201523788456653,0.8764515519142151,0.6225799918174744,0.30265089869499207,579,-5.243065537285929e-09,-5.243065537285929e-07,5.243065537285929e-07
546415593,0.8496794991552484,0.0866578276149677,0.8902361392974854,0.5637139081954956,0.341354489326477,580,0.8496794939121829,0.0866578373290006,0.8902361392974854,0.5637140274047852,0.3413546085357666,580,-5.243065537285929e-09,-5.243065537285929e-07,5.243065537285929e-07
546448927,0.8973399214803827,0.0191898576038614,0.9532084465026855,0.5473212003707886,0.0663140639662742,581,0.897339913257085,0.019189857800582855,0.9532083868980408,0.5473213791847229,0.06631408631801605,581,-8.223297709442079e-09,-8.223297709442079e-07,8.223297709442079e-07
546482261,0.9326600286225132,0.8044103057387243,1.059603214263916,0.1652435660362243,-0.4643730223178863,582,0.9326600203992155,0.8044102468911076,1.059603214263916,0.16524344682693481,-0.46437323093414307,582,-8.223297709442079e-09,-8.223297709442079e-07,8.223297709442079e-07
546515595,0.9699962589005284,0.7029580715747277,1.120086908340454,-0.2904885113239288,-0.9540090560913086,583,0.9699962506772306,0.7029580788955945,1.120086908340454,-0.29048848152160645,-0.9540091156959534,583,-8.223297820464381e-09,-8.223297820464381e-07,8.223297820464381e-07
546548929,0.0075936131536613,0.6612753618060226,1.127920627593994,-0.5468574166297913,-0.8771678805351257,584,0.007593608904006732,0.6612753618060226,1.1279207468032837,-0.5468574166297913,-0.8771678805351257,584,-4.249654572685557e-09,-4.249654572685557e-07,4.249654572685557e-07
546582263,0.0446484896401217,0.6531490147949248,1.111646294593811,-0.5824081301689148,-0.8359081149101257,585,0.0446484853904671,0.6531490224347931,1.111646294593811,-0.58240807056427,-0.8359081149101257,585,-4.2496546281967085e-09,-4.2496546281967085e-07,4.2496546281967085e-07
546615597,0.0761022421578219,0.5613336849895669,0.943612575531006,-0.8062400221824646,-0.3270544111728668,586,0.0761022379081673,0.5613336789845352,0.9436125755310059,-0.8062399625778198,-0.32705435156822205,586,-4.2496546281967085e-09,-4.2496546281967085e-07,4.2496546281967085e-07
546648931,0.1214474770287325,0.5286856100224119,0.9069046974182128,-0.7803869247436523,-0.1421977281570434,587,0.12144746681861346,0.5286855554832663,0.9069045782089233,-0.7803868055343628,-0.14219743013381958,587,-1.021011902802016e-08,-1.021011902802016e-06,1.021011902802016e-06
546682265,0.1667635950306704,0.5183265189210615,0.9063223600387572,-0.7827111482620239,-0.0905288085341453,588,0.1667635907810158,0.5183265099511372,0.9063224792480469,-0.7827111482620239,-0.09052876383066177,588,-4.2496546281967085e-09,-4.2496546281967085e-07,4.2496546281967085e-07
546715599,0.2118359002331545,0.5234605289827972,0.9014461040496826,-0.7966572046279907,-0.1182907447218895,589,0.2118358930032677,0.5234605680308112,0.9014460444450378,-0.7966572642326355,-0.11829095333814621,589,-7.229886800352858e-09,-7.229886800352858e-07,7.229886800352858e-07
546748933,0.2560225579003146,0.5228624033963141,0.8837331533432007,-0.7623435258865356,-0.1102691814303398,590,0.25602255067042773,0.5228623511155117,0.8837331533432007,-0.7623436450958252,-0.11026894301176071,590,-7.2298868558640095e-09,-7.22988685586401e-07,7.22988685586401e-07
546782267,0.2995924922684481,0.5497538165151155,0.8713986873626709,-0.6775192618370056,-0.2189812958240509,591,0.2995924850385613,0.5497538627418765,0.8713986873626709,-0.6775191426277161,-0.21898147463798523,591,-7.229886800352858e-09,-7.229886800352858e-07,7.229886800352858e-07
546815601,0.3426539394120028,0.6386793092810683,0.8612289428710938,-0.4731580913066864,-0.5623822212219238,592,0.3426539262216515,0.6386792845891115,0.8612288236618042,-0.47315824031829834,-0.5623822212219238,592,-1.3190351311198611e-08,-1.3190351311198611e-06,1.3190351311198611e-06
546848935,0.3879751714924624,0.6574253093535763,0.906424641609192,-0.4357464611530304,-0.6626826524734497,593,0.38797515830211105,0.6574252909401357,0.9064246416091919,-0.43574661016464233,-0.6626827120780945,593,-1.3190351366709763e-08,-1.3190351366709763e-06,1.3190351366709763e-06
546882269,0.418838960216408,0.5674345388732721,0.6172757744789124,-0.981231451034546,-0.4425572156906128,594,0.4188389470260567,0.5674345115425482,0.6172757744789124,-0.9812315702438354,-0.44255706667900085,594,-1.3190351311198611e-08,-1.3190351311198611e-06,1.3190351311198611e-06
546915603,0.4799914243677904,0.7926523572248602,1.223049283027649,0.4229360520839691,-1.5401993989944458,595,0.4799914111774391,0.7926523322971991,1.223049283027649,0.42293569445610046,-1.5401990413665771,595,-1.3190351311198611e-08,-1.3190351311198611e-06,1.3190351311198611e-06
546948937,0.5254118862608721,0.7967311086989027,0.9084092378616332,0.4474218785762787,-1.479767084121704,596,0.5254118820112175,0.7967310957212452,0.9084094166755676,0.4474218189716339,-1.4797673225402832,596,-4.2496546281967085e-09,-4.2496546281967085e-07,4.2496546281967085e-07
546982271,0.5674522283533862,0.8166221443799759,0.8408068418502808,0.4500469863414764,-1.0115835666656494,597,0.5674522181432671,0.816622194800804,0.8408067226409912,0.4500475823879242,-1.0115840435028076,597,-1.021011908353131e-08,-1.021011908353131e-06,1.021011908353131e-06
547015605,0.6075985374907306,0.8231390566510786,0.8029261827468872,0.3545975387096405,-0.7165269255638123,598,0.6075985272806115,0.8231389558924329,0.8029261827468872,0.3545971214771271,-0.7165272235870361,598,-1.021011908353131e-08,-1.021011908353131e-06,1.021011908353131e-06
547048939,0.6471702459315112,0.846421120475171,0.7914341688156128,0.4148390591144562,-0.5988445281982422,599,0.6471702357213921,0.8464209602989152,0.7914341688156128,0.41483837366104126,-0.5988448262214661,599,-1.021011908353131e-08,-1.021011908353131e-06,1.021011908353131e-06
547082273,0.68485393552578,0.8787015371977134,0.753673791885376,0.426410436630249,-0.4070234000682831,600,0.6848539253156609,0.8787015869347847,0.753673791885376,0.4264107346534729,-0.40702342987060547,600,-1.021011908353131e-08,-1.021011908353131e-06,1.021011908353131e-06
547115607,0.7194205048540881,0.9156902872693858,0.6913313865661621,0.2430392205715179,-0.1423138380050659,601,0.7194205035846657,0.9156901981666675,0.6913315653800964,0.24303969740867615,-0.14231429994106293,601,-1.2694224560405587e-09,-1.2694224560405587e-07,1.2694224560405587e-07
547148941,0.7386017206171802,0.340533617153356,0.5754364728927612,-0.5499809980392456,0.8602425456047058,602,0.7386017153741148,0.34053354452065815,0.5754363536834717,-0.5499805212020874,0.8602426648139954,602,-5.243065426263627e-09,-5.243065426263627e-07,5.243065426263627e-07
547182275,0.756320407277311,0.3534297592959894,0.5315605998039246,-1.0462932586669922,1.376707673072815,603,0.7563204040210671,0.353429757199415,0.5315606594085693,-1.0462931394577026,1.3767075538635254,603,-3.2562438301297902e-09,-3.25624383012979e-07,3.25624383012979e-07
547215609,0.7761812510947039,0.3444526160589853,0.5958253145217896,-1.022598385810852,1.515896558761597,604,0.7761812478384601,0.3444525986515124,0.5958253145217896,-1.022598385810852,1.5158969163894653,604,-3.2562438301297902e-09,-3.25624383012979e-07,3.25624383012979e-07
547248943,0.7956831040839007,0.344201921856555,0.5850555896759033,-1.0407029390335083,1.5479885339736938,605,0.7956830988408354,0.34420191909033293,0.5850555300712585,-1.0407028198242188,1.5479884147644043,605,-5.243065315241324e-09,-5.243065315241324e-07,5.243065315241324e-07
547282277,0.8140873613814166,0.3684685953916008,0.5521277189254761,-1.222153663635254,1.3268171548843384,606,0.8140873521647083,0.3684685864352528,0.5521275997161865,-1.2221533060073853,1.3268169164657593,606,-9.216708285464392e-09,-9.216708285464392e-07,9.216708285464392e-07
547315611,0.8305435958365253,0.4368673079663338,0.4936870336532593,-1.8088767528533936,0.7576998472213745,607,0.8305435925802814,0.4368672722741106,0.4936872124671936,-1.8088767528533936,0.7577003240585327,607,-3.2562438301297902e-09,-3.25624383012979e-07,3.25624383012979e-07
547348945,0.8755871000746539,0.2404504395085437,0.9008700847625732,0.1270177066326141,2.1143622398376465,608,0.8755871087393391,0.24045048300916358,0.9008703231811523,0.12701715528964996,2.1143627166748047,608,8.664685191561716e-09,8.664685191561716e-07,8.664685191561716e-07
547382279,0.9233099701861194,0.2322579843197127,0.9544574022293092,0.2396166026592254,2.1405720710754395,609,0.9233099728903401,0.23225795299581914,0.9544572830200195,0.23961710929870605,2.1405727863311768,609,2.7042207362271142e-09,2.704220736227114e-07,2.704220736227114e-07
547415613,0.9694599810103228,0.2278324125788738,0.9230002164840698,0.2823764979839325,2.0142300128936768,610,0.9694599777540791,0.22783243623468752,0.9230000972747803,0.2823762595653534,2.014230489730835,610,-3.2562437191074878e-09,-3.256243719107488e-07,3.256243719107488e-07
547448947,0.0197382154921343,0.2366985750209882,1.0055646896362305,0.1548326909542083,1.8482972383499143,611,0.019738218196355017,0.2366986026594398,1.00556480884552,0.15483243763446808,1.8482980728149414,611,2.7042207362271142e-09,2.704220736227114e-07,2.704220736227114e-07
547482281,0.0702472153166583,0.2387385628466893,1.0101799964904783,0.1309288442134857,1.8472939729690552,612,0.07024720609994999,0.2387386497496868,1.0101797580718994,0.13092777132987976,1.8472931385040283,612,-9.216708285464392e-09,-9.216708285464392e-07,9.216708285464392e-07
547515615,0.1198862793902209,0.2396845938847155,0.9927812814712524,0.1179686486721038,1.817572236061096,613,0.11988626421304813,0.23968454715846124,0.9927811622619629,0.11796920001506805,1.8175724744796753,613,-1.5177172740798994e-08,-1.5177172740798994e-06,1.5177172740798994e-06
547548949,0.1670843842486193,0.246496543939014,0.9439620971679688,0.0370211340487003,1.6815237998962402,614,0.1670843631109821,0.2464965510675663,0.9439619779586792,0.03702107444405556,1.6815245151519775,614,-2.1137637196133596e-08,-2.1137637196133596e-06,2.1137637196133596e-06
547582283,0.2042161288718035,0.2938808736685228,0.7426348924636841,-0.3359908163547516,1.187594652175903,615,0.20421610773416632,0.29388091064804567,0.7426348924636841,-0.33599111437797546,1.1875946521759033,615,-2.1137637196133596e-08,-2.1137637196133596e-06,2.1137637196133596e-06
547615617,0.2360966238240054,0.3362620716033279,0.6376098990440369,-0.5903356075286865,0.98037588596344,616,0.2360966056666004,0.3362620345691299,0.6376099586486816,-0.5903355479240417,0.9803763031959534,616,-1.8157405023977446e-08,-1.8157405023977446e-06,1.8157405023977446e-06
547648951,0.2682445439556887,0.3559507505422425,0.642958402633667,-0.7033367156982422,0.8956369757652283,617,0.2682445228180515,0.35595072341123013,0.6429583430290222,-0.7033366560935974,0.8956372141838074,617,-2.1137637196133596e-08,-2.1137637196133596e-06,2.1137637196133596e-06
547682285,0.3003733607987215,0.3525490437946535,0.6425763368606567,-0.633361279964447,0.8430168628692627,618,0.3003733426413166,0.3525490635093386,0.6425763964653015,-0.6333617568016052,0.8430172801017761,618,-1.8157404912955144e-08,-1.8157404912955144e-06,1.8157404912955144e-06
547715619,0.3324879529932787,0.3468197112654589,0.6422918438911438,-0.546827495098114,0.7851694822311401,619,0.332487937816106,0.3468196609970836,0.6422919034957886,-0.5468273758888245,0.7851698398590088,619,-1.5177172685287843e-08,-1.5177172685287843e-06,1.5177172685287843e-06
547748953,0.3567689540842821,0.2246951590274643,0.7284300327301025,0.1999687850475311,1.24708890914917,620,0.3567689468543954,0.22469519268121588,0.7284302711486816,0.19996845722198486,1.2470885515213013,620,-7.229886689330556e-09,-7.229886689330556e-07,7.229886689330556e-07
547782287,0.3862837635337959,0.1276461950600493,0.8854442834854126,0.4789305627346039,0.495127260684967,621,0.38628376226437366,0.1276461574098686,0.8854444622993469,0.47893044352531433,0.4951269030570984,621,-1.2694222339959538e-09,-1.2694222339959538e-07,1.2694222339959538e-07
547815621,0.4165675583342363,0.1173147809607937,0.908513844013214,0.5668916702270508,0.5146270394325256,622,0.41656755507799265,0.11731480099994265,0.9085137844085693,0.5668917894363403,0.5146272778511047,622,-3.2562436635963365e-09,-3.2562436635963365e-07,3.2562436635963365e-07
547848955,0.4448050998508582,0.1084591468312945,0.8471262454986572,0.5409113168716431,0.4387297928333282,623,0.44480509659461454,0.1084591561172057,0.8471262454986572,0.5409114360809326,0.4387299418449402,623,-3.2562436635963365e-09,-3.2562436635963365e-07,3.2562436635963365e-07
547882289,0.4723674637933224,0.1434194866251951,0.8268709182739258,0.3465984761714935,0.4377850592136383,624,0.47236746053707873,0.14341955960910974,0.8268709182739258,0.3465982675552368,0.43778520822525024,624,-3.2562436635963365e-09,-3.2562436635963365e-07,3.2562436635963365e-07
547915623,0.5017788055399706,0.076901179465107,0.8823402523994446,0.4596327245235443,0.241153210401535,625,0.5017788042705483,0.0769011620835718,0.8823403120040894,0.45963290333747864,0.24115324020385742,625,-1.2694222339959538e-09,-1.2694222339959538e-07,1.2694222339959538e-07
547948957,0.5499097469309617,0.8990827940044783,0.9626188278198242,0.2725131809711456,-0.200402021408081,626,0.549909739701075,0.8990827481586088,0.9626187086105347,0.2725133001804352,-0.20040223002433777,626,-7.229886689330556e-09,-7.229886689330556e-07,7.229886689330556e-07
547982291,0.6055430057505418,0.7480737398252513,1.1126651763916016,-0.0087931863963603,-0.7264910340309143,627,0.6055429925601906,0.7480737039215641,1.112665057182312,-0.00879335030913353,-0.7264910340309143,627,-1.3190351144665158e-08,-1.3190351144665158e-06,1.3190351144665158e-06
548015625,0.6622282507876206,0.6782033359571328,1.1337049007415771,-0.416781336069107,-0.8603594899177551,628,0.662228231636805,0.6782033633045519,1.1337047815322876,-0.4167810380458832,-0.860359251499176,628,-1.915081559999976e-08,-1.915081559999976e-06,1.915081559999976e-06
548048959,0.6964807672162502,0.6682277891011463,1.0275754928588867,-0.375878244638443,-0.6660432815551758,629,0.6964807520390776,0.6682277709716693,1.0275756120681763,-0.3758785128593445,-0.6660435795783997,629,-1.5177172629776692e-08,-1.5177172629776692e-06,1.5177172629776692e-06
548082293,0.7279388867675909,0.605073469408285,0.9437435865402222,-0.6922709941864014,-0.5374924540519714,630,0.7279388715904183,0.6050734437599697,0.9437435865402222,-0.6922709941864014,-0.5374922752380371,630,-1.5177172629776692e-08,-1.5177172629776692e-06,1.5177172629776692e-06
548115627,0.7592034660637029,0.5906867586971594,0.9379373788833618,-0.8693955540657043,-0.5570120215415955,631,0.7592034508865303,0.5906867819050907,0.9379373788833618,-0.8693955540657043,-0.5570122003555298,631,-1.5177172629776692e-08,-1.5177172629776692e-06,1.5177172629776692e-06
548148961,0.8117006920635351,0.8205325498892799,1.049944519996643,0.4817844331264496,-1.0150142908096311,632,0.8117006649654335,0.8205325495026813,1.049944281578064,0.4817843735218048,-1.0150141716003418,632,-2.7098101651468198e-08,-2.70981016514682e-06,2.70981016514682e-06
548182295,0.8634395622074255,0.8911378937018617,1.0347774028778076,0.6040100455284119,-0.4924493432044983,633,0.8634395351093238,0.8911378830352757,1.0347774028778076,0.6040099263191223,-0.4924493134021759,633,-2.7098101651468198e-08,-2.70981016514682e-06,2.70981016514682e-06
548215629,0.91265050399896,0.999488524057128,0.9842188358306884,0.9279232025146484,-0.0029820753261446,634,0.9126504769008582,0.9994885447384568,0.9842188358306885,0.9279229044914246,-0.002981953788548708,634,-2.70981017624905e-08,-2.70981017624905e-06,2.70981017624905e-06
548248963,0.9594522528707632,0.9985576738698064,0.9360349774360656,1.1209502220153809,-0.0101587800309062,635,0.9594522108715003,0.9985576708498967,0.9360346794128418,1.1209503412246704,-0.010158802382647991,635,-4.1999262845315855e-08,-4.1999262845315855e-06,4.1999262845315855e-06
548282297,0.0040607087671407,0.0193583040827189,0.8921691179275513,1.234455943107605,0.1508939713239669,636,0.004060672728342318,0.01935832099306388,0.8921692371368408,1.2344555854797363,0.15089406073093414,636,-3.603879838998125e-08,-3.6038798389981253e-06,3.6038798389981253e-06
548315631,0.0476110034048207,0.0823506388253116,0.8710058927536011,0.9310649633407592,0.5299126505851746,637,0.047610973326486845,0.08235069494763883,0.8710060119628906,0.9310651421546936,0.5299131870269775,637,-3.007833382362435e-08,-3.007833382362435e-06,3.007833382362435e-06
548348965,0.0856839172899373,0.1781890806007435,0.7614582777023315,0.5583440065383911,1.1523234844207764,638,0.08568388721160342,0.1781891131115496,0.7614582777023315,0.5583439469337463,1.1523239612579346,638,-3.00783338791355e-08,-3.00783338791355e-06,3.00783338791355e-06
548382299,0.1208590798437245,0.1599548773962011,0.7035032510757446,1.3098111152648926,2.0626392364501958,639,0.12085905870608737,0.1599548660562705,0.703503429889679,1.3098114728927612,2.0626394748687744,639,-2.1137637140622445e-08,-2.1137637140622445e-06,2.1137637140622445e-06
548415633,0.1551545894782249,0.1551545894782249,0.7297490835189819,1.442711591720581,2.127327442169189,640,0.15515460780498014,0.1551546078049802,0.7297492623329163,1.4427112340927124,2.1273274421691895,640,1.8326755224506996e-08,1.8326755224506996e-06,1.8326755224506996e-06
548448967,0.180042040014317,0.1539830407467363,0.7466235160827637,1.3880442380905151,2.0146334171295166,641,0.18004206430153674,0.15398305990487518,0.746623694896698,1.3880438804626465,2.0146334171295166,641,2.42872197908639e-08,2.42872197908639e-06,2.42872197908639e-06
548482301,0.2056704080741111,0.1672004316912441,0.7688510417938232,1.2364287376403809,2.158241033554077,642,0.20567043236133084,0.16720046767876745,0.7688510417938232,1.2364284992218018,2.1582417488098145,642,2.42872197908639e-08,2.42872197908639e-06,2.42872197908639e-06
548515635,0.2312726573785646,0.1773433630547771,0.768067479133606,1.0438461303710938,2.125457763671875,643,0.23127267769214138,0.17734336999100841,0.7680673599243164,1.0438462495803833,2.125458240509033,643,2.0313576820640833e-08,2.0313576820640833e-06,2.0313576820640833e-06
548548969,0.2576669014136497,0.1969892425301495,0.7918273210525513,0.7431261539459229,2.147975444793701,644,0.25766691974040495,0.19698920762919905,0.7918272614479065,0.7431269288063049,2.1479761600494385,644,1.8326755224506996e-08,1.8326755224506996e-06,1.8326755224506996e-06
548582303,0.289192278846155,0.1604869183269096,0.9457613229751588,1.1912285089492798,1.8898308277130127,645,0.28919229319926726,0.160486899428661,0.9457612037658691,1.1912287473678589,1.8898307085037231,645,1.4353112254283928e-08,1.4353112254283928e-06,1.4353112254283928e-06
548615637,0.3221957918644452,0.1377880299872272,0.990105390548706,1.3123875856399536,1.542251467704773,646,0.32219580621755745,0.13778807248938596,0.990105390548706,1.3123875856399536,1.5422523021697998,646,1.4353112254283928e-08,1.4353112254283928e-06,1.4353112254283928e-06
548648971,0.3581419305642946,0.1452074674685447,1.0783841609954834,1.224273681640625,1.5825796127319336,647,0.3581419449174069,0.14520745317619485,1.0783841609954834,1.2242742776870728,1.5825800895690918,647,1.4353112254283928e-08,1.4353112254283928e-06,1.4353112254283928e-06
548682305,0.3947532769680524,0.1524553010753485,1.098340392112732,1.1599092483520508,1.6493990421295166,648,0.39475329132116466,0.15245532813777518,1.098340392112732,1.1599092483520508,1.6493996381759644,648,1.4353112254283928e-08,1.4353112254283928e-06,1.4353112254283928e-06
548715639,0.4286989248435203,0.1410913640690233,1.018369436264038,1.4187663793563845,1.7391388416290283,649,0.42869893522298963,0.14109135389904873,1.0183693170547485,1.4187668561935425,1.739139199256897,649,1.037946928406086e-08,1.037946928406086e-06,1.037946928406086e-06
548748973,0.4623278415839378,0.168462662432042,1.0088675022125244,1.0241303443908691,1.820996880531311,650,0.4623278559370501,0.16846263769826936,1.008867621421814,1.0241305828094482,1.820996642112732,650,1.4353112254283928e-08,1.4353112254283928e-06,1.4353112254283928e-06
548782307,0.4923025525252525,0.1730007855253633,0.8992413282394409,0.814214825630188,1.5495548248291016,651,0.4923025668783648,0.17300079894088377,0.8992413282394409,0.8142144083976746,1.5495543479919434,651,1.4353112254283928e-08,1.4353112254283928e-06,1.4353112254283928e-06
548815641,0.5187202172120913,0.1633777474773672,0.7925299406051636,0.7984700202941895,1.3192614316940308,652,0.5187202315652036,0.16337775994266493,0.7925299406051636,0.7984696626663208,1.319261074066162,652,1.4353112365306231e-08,1.435311236530623e-06,1.435311236530623e-06
548848975,0.5475006219387555,0.148785114941807,0.8634121417999268,0.9653265476226808,1.3075512647628784,653,0.5475006283445819,0.1487851194171989,0.8634119033813477,0.9653266668319702,1.3075515031814575,653,6.405826424860095e-09,6.405826424860095e-07,6.405826424860095e-07
548882309,0.57703671819374,0.1481582773192977,0.8860828876495361,1.074653148651123,1.4437015056610107,654,0.5770367325468524,0.14815826453981729,0.8860831260681152,1.0746535062789917,1.4437017440795898,654,1.4353112365306231e-08,1.435311236530623e-06,1.435311236530623e-06
548915643,0.608138115867029,0.1381761822070192,0.9330419301986694,1.211503267288208,1.430752515792847,655,0.6081381341937844,0.13817614714172208,0.933042049407959,1.211503505706787,1.430752158164978,655,1.83267553355293e-08,1.8326755335529299e-06,1.8326755335529299e-06
548948977,0.6416197415829206,0.1243711466178651,1.0044487714767456,1.339080810546875,1.3285404443740845,656,0.6416197599096759,0.12437116781373213,1.0044487714767456,1.3390803337097168,1.328540325164795,656,1.83267553355293e-08,1.8326755335529299e-06,1.8326755335529299e-06
548982311,0.6956906434536481,0.083675521232521,1.0814180374145508,1.373584270477295,0.7969818115234375,657,0.6956906498594745,0.08367553239518274,1.0814177989959717,1.3735841512680054,0.7969818711280823,657,6.405826424860095e-09,6.405826424860095e-07,6.405826424860095e-07
549015645,0.7452911969662213,0.0019460558285367,0.9920110702514648,0.772575855255127,0.0094470875337719,658,0.7452911974115832,0.001946105553940897,0.9920109510421753,0.7725759148597717,0.009447329677641392,658,4.453619695254929e-10,4.453619695254929e-08,4.453619695254929e-08
549048979,0.7933119293690227,0.974578464614728,0.9604146480560304,0.4516972005367279,-0.0727686956524849,659,0.7933119357748493,0.9745783834169178,0.9604147672653198,0.45169684290885925,-0.07276887446641922,659,6.405826535882397e-09,6.405826535882397e-07,6.405826535882397e-07
549082313,0.8360860553026699,0.9291208433430452,0.8554825186729431,0.5389184355735779,-0.2572413980960846,660,0.8360860587282641,0.9291209143740642,0.8554824590682983,0.5389185547828674,-0.2572411596775055,660,3.425594252703945e-09,3.425594252703945e-07,3.425594252703945e-07
549115647,0.8818125036001705,0.8887218826524689,0.9145289659500122,0.4543437659740448,-0.3820528388023376,661,0.8818124951048358,0.888721882375218,0.9145287275314331,0.4543435871601105,-0.3820526897907257,661,-8.495334657965259e-09,-8.495334657965259e-07,8.495334657965259e-07
549148981,0.9266404496272904,0.8451139038346533,1.3448383808135986,1.4515860080718994,-2.1326591968536377,662,0.9266404490792418,0.8451138746128646,1.3448386192321777,1.4515862464904785,-2.132660388946533,662,-5.480486064968204e-10,-5.480486064968204e-08,5.480486064968204e-08
549182315,0.9710276272535824,0.8385130226990859,1.331615328788757,1.015503168106079,-1.6337175369262695,663,0.9710276227318907,0.8385130437550571,1.3316152095794678,1.0155037641525269,-1.6337180137634277,663,-4.521691687742191e-09,-4.521691687742191e-07,4.521691687742191e-07
549215649,0.0125686989864213,0.87067879471593,1.2462321519851685,1.0529835224151611,-1.111773133277893,664,0.012568694464729635,0.8706787596842515,1.2462321519851685,1.052983283996582,-1.1117733716964722,664,-4.521691687742191e-09,-4.521691687742191e-07,4.521691687742191e-07
549248983,0.06225828991736,0.4478862973170917,0.9937918186187744,-1.6469987630844116,0.559431254863739,665,0.06225826751427492,0.4478862644809018,0.9937914609909058,-1.6469985246658325,0.5594315528869629,665,-2.2403085053745997e-08,-2.2403085053745997e-06,2.2403085053745997e-06
549282317,0.1162818120559556,0.4504454891848827,1.0804704427719116,-1.964561939239502,0.6322508454322815,666,0.11628179561333499,0.45044550075234946,1.0804705619812012,-1.9645620584487915,0.6322507262229919,666,-1.6442620598411395e-08,-1.6442620598411395e-06,1.6442620598411395e-06
549315651,0.1515966700157029,0.805695835036515,1.0594457387924194,0.620073676109314,-1.6989775896072388,667,0.1515966495994393,0.8056958740591625,1.0594456195831299,0.6200739741325378,-1.6989771127700806,667,-2.0416263568634463e-08,-2.0416263568634463e-06,2.0416263568634463e-06
549348985,0.182640187605272,0.7892146494674743,0.9313055276870728,0.2596559822559356,-1.0324163436889648,668,0.18264016321536541,0.789214593321201,0.9313054084777832,0.25965556502342224,-1.0324162244796753,668,-2.4389906594368682e-08,-2.4389906594368682e-06,2.4389906594368682e-06
549382319,0.2214881734689576,0.5214060591201911,0.7769597172737122,-0.5552332401275635,-0.0751314759254455,669,0.22148814311858656,0.5214061477451563,0.7769595980644226,-0.5552337765693665,-0.0751318633556366,669,-3.0350371049703284e-08,-3.0350371049703284e-06,3.0350371049703284e-06
549415653,0.2620133893331391,0.4839411204160698,0.8105043172836304,-0.7829673290252686,0.0792713239789009,670,0.2620133649432326,0.4839411456162784,0.8105044364929199,-0.7829673886299133,0.07927120476961136,670,-2.438990653885753e-08,-2.438990653885753e-06,2.438990653885753e-06
549448987,0.3047131793340546,0.548417881000453,0.8539958000183105,-0.8977322578430176,-0.2818560600280761,671,0.3047131549441481,0.5484178911782431,0.8539958000183105,-0.8977324366569519,-0.2818561792373657,671,-2.438990653885753e-08,-2.438990653885753e-06,2.438990653885753e-06
549482321,0.3464999394258362,0.5859844276385258,0.8357352018356323,-1.2585986852645874,-0.7548795342445374,672,0.3464999180161619,0.5859844442803828,0.8357352614402771,-1.2585992813110352,-0.7548800706863403,672,-2.140967425567908e-08,-2.140967425567908e-06,2.140967425567908e-06
549515655,0.3881403343519074,0.5431212913709531,0.8328078985214233,-1.2997961044311523,-0.3610435724258423,673,0.38814031890269757,0.543121301910631,0.8328080177307129,-1.2997959852218628,-0.36104363203048706,673,-1.5449209855855628e-08,-1.5449209855855628e-06,1.5449209855855628e-06
549548989,0.4247263388475281,0.4866828872176527,0.7317200899124146,-1.123989462852478,0.0942686721682548,674,0.42472631743785383,0.48668292743932906,0.731719970703125,-1.1239902973175049,0.09426845610141754,674,-2.140967425567908e-08,-2.140967425567908e-06,2.140967425567908e-06
549582323,0.4632179018497966,0.3088375990416886,1.1547468900680542,-0.6381711959838867,1.6468775272369385,675,0.4632178804401223,0.3088375195364624,1.1547468900680542,-0.6381704807281494,1.6468781232833862,675,-2.140967431119023e-08,-2.140967431119023e-06,2.140967431119023e-06
549615657,0.5093436118603252,0.316301906556553,1.383771300315857,-0.6409045457839966,1.4484199285507202,676,0.5093435825033649,0.3163018513488302,1.3837710618972778,-0.6409043669700623,1.4484208822250366,676,-2.9356960307147517e-08,-2.9356960307147517e-06,2.9356960307147517e-06
549648991,0.5555209077040854,0.2951730130031185,1.3853188753128052,-0.4782157838344574,1.6393755674362185,677,0.555520890268054,0.29517304277832207,1.3853192329406738,-0.4782160818576813,1.6393754482269287,677,-1.7436031396478313e-08,-1.7436031396478313e-06,1.7436031396478313e-06
549682325,0.615512344900817,0.6476298582906379,1.1998287439346311,-1.2330946922302246,-1.6451218128204346,678,0.615512321504321,0.6476298638254094,1.1998286247253418,-1.2330946922302246,-1.6451219320297241,678,-2.3396495962835218e-08,-2.3396495962835218e-06,2.3396495962835218e-06
549715659,0.6375686904732283,0.6375686904732283,1.1420180797576904,-1.5055971145629885,-1.7643691301345823,679,0.6375687126246827,0.6375687126246827,1.1420179605484009,-1.5055969953536987,-1.7643694877624512,679,2.2151454448504637e-08,2.2151454448504637e-06,2.2151454448504637e-06
549748993,0.6833473981364465,0.2902994651558037,1.3733612298965454,-0.3310224115848541,1.2792495489120483,680,0.683347420287901,0.2902994614370849,1.3733612298965454,-0.3310224413871765,1.2792497873306274,680,2.2151454448504637e-08,2.2151454448504637e-06,2.2151454448504637e-06
549782327,0.7231759608729578,0.3357533338518419,1.194856882095337,-0.4641576111316681,0.7764362692832947,681,0.7231759830244122,0.3357533410922369,1.194856882095337,-0.46415773034095764,0.7764363884925842,681,2.2151454448504637e-08,2.2151454448504637e-06,2.2151454448504637e-06
549815661,0.7536895216448999,0.5131611412411048,0.9154068231582642,-0.6403829455375671,-0.053076796233654,682,0.7536895437963543,0.5131612798501943,0.9154068231582642,-0.6403835415840149,-0.05307740718126297,682,2.2151454448504637e-08,2.2151454448504637e-06,2.2151454448504637e-06
549848995,0.7826881747388736,0.5746736806093832,0.8699595928192139,-0.6830165386199951,-0.3462521731853485,683,0.7826882008639711,0.574673747289087,0.8699597120285034,-0.6830162405967712,-0.3462523818016052,683,2.6125097418727705e-08,2.6125097418727705e-06,2.6125097418727705e-06
549882329,0.8113531411631799,0.6043771685731586,0.859948992729187,-0.6982423663139343,-0.537248969078064,684,0.8113531712619203,0.6043772972440272,0.8599491119384766,-0.6982421278953552,-0.5372496843338013,684,3.009874038895077e-08,3.0098740388950773e-06,3.0098740388950773e-06
549915663,0.8401229005002873,0.6311039188322779,0.8630927801132202,-0.6126648783683777,-0.6615579128265381,685,0.8401229365594921,0.6311039111131472,0.8630929589271545,-0.6126649379730225,-0.6615579128265381,685,3.6059204844285375e-08,3.6059204844285375e-06,3.6059204844285375e-06
549948997,0.8705927154366072,0.6771834985308685,0.9140944480895996,-0.3629049360752105,-0.737067461013794,686,0.8705927475221691,0.6771834985308685,0.9140943288803101,-0.36290493607521057,-0.737067461013794,686,3.208556187406231e-08,3.2085561874062307e-06,3.2085561874062307e-06
549982331,0.9010627370023624,0.7133014286624573,0.9141006469726562,-0.1355185210704803,-0.5772656202316284,687,0.9010627611406383,0.7133014648929189,0.9141004085540771,-0.13551831245422363,-0.5772653222084045,687,2.413827593361617e-08,2.413827593361617e-06,2.413827593361617e-06
550015665,0.932431707873334,0.7132911577451958,0.9410691261291504,-0.3991987407207489,-1.6999660730361938,688,0.9324317300247885,0.7132911292993258,0.9410690665245056,-0.3991989493370056,-1.6999655961990356,688,2.215145455952694e-08,2.215145455952694e-06,2.215145455952694e-06
550048999,0.9670469622754948,0.6930321786215148,1.0384576320648191,-0.6682595014572144,-1.786541223526001,689,0.9670469884005921,0.6930321832796784,1.0384577512741089,-0.6682594418525696,-1.786541223526001,689,2.6125097307705403e-08,2.6125097307705403e-06,2.6125097307705403e-06
550082333,0.0049239179436262,0.7104342385192319,1.136308670043945,-0.4732441902160644,-1.8642661571502688,690,0.004923944068723651,0.710434243336519,1.1363086700439453,-0.47324416041374207,-1.864266276359558,690,2.6125097418727705e-08,2.6125097418727705e-06,2.6125097418727705e-06
550115667,0.0439043423477705,0.931001541289704,1.1694127321243286,2.008967638015747,-0.9299522638320924,691,0.04390437244651092,0.9310015029793273,1.1694128513336182,2.008967399597168,-0.9299527406692505,691,3.009874038895077e-08,3.0098740388950773e-06,3.0098740388950773e-06
550149001,0.0816090167506432,0.9139535729946116,1.1311402320861816,1.7143516540527344,-1.0291383266448977,692,0.08160905082302664,0.9139535795103569,1.1311403512954712,1.714352011680603,-1.029138445854187,692,3.4072383470196144e-08,3.4072383470196144e-06,3.4072383470196144e-06
550182335,0.1225836854123965,0.8266341658848191,1.2292400598526,0.7681642770767212,-1.470093846321106,693,0.12258372743206594,0.8266341207213408,1.2292402982711792,0.7681636214256287,-1.4700936079025269,693,4.201966941064228e-08,4.201966941064228e-06,4.201966941064228e-06
550215669,0.1601037046257551,0.8456468945838846,1.1256005764007568,0.7319164872169495,-1.067622184753418,694,0.16010373869813854,0.8456469438137388,1.1256003379821777,0.7319173812866211,-1.0676227807998657,694,3.4072383470196144e-08,3.4072383470196144e-06,3.4072383470196144e-06
550249003,0.1957697452052331,0.9493149522658338,1.0699812173843384,1.6064666509628296,-0.5296280980110168,695,0.1957697753039735,0.9493150037135772,1.0699810981750488,1.6064667701721191,-0.5296275615692139,695,3.009874038895077e-08,3.0098740388950773e-06,3.0098740388950773e-06
550282337,0.2280132274770633,0.0189238453398186,0.9673044681549072,1.333402156829834,0.1592956185340881,696,0.22801324962851777,0.018923876748914128,0.9673042297363281,1.3334019184112549,0.15929585695266724,696,2.2151454448504637e-08,2.2151454448504637e-06,2.2151454448504637e-06
550315671,0.2565436105871097,0.1468577903160869,0.8559114933013916,0.7423930764198303,0.9805095195770264,697,0.2565436327385642,0.1468578059537844,0.8559114933013916,0.7423931956291199,0.980509877204895,697,2.2151454448504637e-08,2.2151454448504637e-06,2.2151454448504637e-06
550349005,0.2839532952451603,0.1581281573051443,0.8222905397415161,1.067091464996338,1.6385483741760254,698,0.2839533173966147,0.1581281544695131,0.8222905397415161,1.0670915842056274,1.638548493385315,698,2.2151454448504637e-08,2.2151454448504637e-06,2.2151454448504637e-06
550382339,0.3124328514877852,0.1798663900591928,0.8543866872787476,0.9259783625602722,1.9635238647460935,699,0.31243287761288263,0.17986639333779858,0.8543868064880371,0.9259784817695618,1.9635242223739624,699,2.6125097418727705e-08,2.6125097418727705e-06,2.6125097418727705e-06
550415673,0.3407857200447615,0.1708987693786211,0.8505860567092896,1.0338728427886963,1.9060252904891968,700,0.340785742196216,0.17089877706979095,0.8505859375,1.0338727235794067,1.9060252904891968,700,2.2151454448504637e-08,2.2151454448504637e-06,2.2151454448504637e-06
550449007,0.3680921297216312,0.2047322360716053,0.8191922903060913,0.6536426544189453,2.2358057498931885,701,0.36809214591262124,0.2047322263316508,0.819192111492157,0.653643012046814,2.235806465148926,701,1.6190990104192338e-08,1.6190990104192338e-06,1.6190990104192338e-06
550482341,0.395336415464073,0.2172185346273611,0.8173285722732544,0.470691055059433,2.25281023979187,702,0.39533643364188453,0.21721852186029195,0.8173286318778992,0.4706912934780121,2.252810478210449,702,1.817781147828157e-08,1.817781147828157e-06,1.817781147828157e-06
550515675,0.4201282919390893,0.2263640244140606,0.7437562942504883,0.3276115357875824,2.1897597312927246,703,0.4201283140905438,0.2263640193424863,0.7437564134597778,0.3276115357875824,2.1897592544555664,703,2.2151454448504637e-08,2.2151454448504637e-06,2.2151454448504637e-06
550549009,0.4534528077586389,0.1603358428686821,0.9997354745864868,1.4292442798614502,2.2626681327819824,704,0.45345282593645037,0.16033583529673157,0.9997353553771973,1.4292442798614502,2.2626678943634033,704,1.817781147828157e-08,1.817781147828157e-06,1.817781147828157e-06
550582343,0.4890668929560876,0.1081142461374204,1.068422555923462,1.9710373878479004,1.5916271209716797,705,0.4890669151075421,0.10811421117844001,1.0684226751327515,1.9710373878479004,1.5916264057159424,705,2.2151454448504637e-08,2.2151454448504637e-06,2.2151454448504637e-06
550615677,0.5293879688723779,0.1053545557912136,1.2096322774887085,1.741545796394348,1.3571062088012695,706,0.5293879830765464,0.10535460323872976,1.2096320390701294,1.7415457963943481,1.3571070432662964,706,1.4204168508058501e-08,1.4204168508058501e-06,1.4204168508058501e-06
550649011,0.5720828792397078,0.1078965674006325,1.2808473110198977,1.6439236402511597,1.3237699270248413,707,0.5720828974175194,0.10789655903583154,1.280847430229187,1.6439235210418701,1.3237696886062622,707,1.817781158930387e-08,1.8177811589303872e-06,1.8177811589303872e-06
550682345,0.6111606181605553,0.1192909061146834,1.1723321676254272,1.6118422746658323,1.5001627206802368,708,0.6111606363383669,0.11929094395845434,1.1723321676254272,1.6118422746658325,1.5001634359359741,708,1.817781158930387e-08,1.8177811589303872e-06,1.8177811589303872e-06
550715679,0.6485063374980187,0.1221038384632242,1.1203715801239014,1.462311029434204,1.41003680229187,709,0.6485063596494733,0.12210385815242282,1.120371699333191,1.462310791015625,1.4100369215011597,709,2.2151454670549242e-08,2.215145467054924e-06,2.215145467054924e-06
550749013,0.6972954870208,0.1338904583007817,0.9757829904556274,1.3081417083740234,1.4631059169769287,710,0.6972955151327191,0.13389044465089572,0.975783109664917,1.308141827583313,1.4631057977676392,710,2.8111919125883844e-08,2.8111919125883844e-06,2.8111919125883844e-06
550782347,0.7475910247309898,0.1242953693505912,1.0059107542037964,1.347306251525879,1.3354288339614868,711,0.7475910588033734,0.1242953622472533,1.005910873413086,1.347306251525879,1.3354287147521973,711,3.4072383581218446e-08,3.4072383581218446e-06,3.4072383581218446e-06
550815681,0.799800449703524,0.1212655068343115,1.0441884994506836,1.5330036878585815,1.4626981019973757,712,0.7998004718549786,0.12126548829046475,1.0441882610321045,1.5330040454864502,1.4626981019973755,712,2.215145455952694e-08,2.215145455952694e-06,2.215145455952694e-06
550849015,0.8548406899913048,0.1205039303802385,1.1008048057556152,1.573997139930725,1.4874882698059082,713,0.8548407121427594,0.12050395514940541,1.1008048057556152,1.573996901512146,1.4874885082244873,713,2.215145455952694e-08,2.215145455952694e-06,2.215145455952694e-06
550882349,0.9122327149852012,0.1022088805411401,1.1478404998779297,1.7334694862365725,1.2965742349624634,714,0.9122327609785138,0.10220886473530634,1.147840976715088,1.7334693670272827,1.2965738773345947,714,4.599331260290995e-08,4.599331260290995e-06,4.599331260290995e-06
550915683,0.9683986307128166,0.0898457779745211,1.1233183145523071,1.774902582168579,1.1239763498306274,715,0.9683986826665937,0.08984576271497537,1.1233184337615967,1.774902582168579,1.1239761114120483,715,5.1953777058244555e-08,5.1953777058244555e-06,5.1953777058244555e-06
550949017,0.0252979398711419,0.0794970187443184,1.137986183166504,1.7856202125549316,0.9743170738220216,716,0.025297991824918764,0.07949701502425002,1.137986183166504,1.785620093345642,0.9743169546127319,716,5.195377683619995e-08,5.195377683619995e-06,5.195377683619995e-06
550982351,0.0636864861790236,0.0190033316889954,1.1516563892364502,0.7722150087356567,0.0926442816853523,717,0.06368653813280044,0.01900341803590244,1.1516563892364502,0.7722150683403015,0.09264471381902695,717,5.195377683619995e-08,5.195377683619995e-06,5.195377683619995e-06
551015685,0.1019051870647963,0.906670494762662,1.1465610265731812,0.4398455917835235,-0.2922174632549286,718,0.10190523504493015,0.9066705320670403,1.1465609073638916,0.4398457705974579,-0.2922174334526062,718,4.798013386597688e-08,4.798013386597688e-06,4.798013386597688e-06
551049019,0.1474761367781853,0.8119020539295849,1.3671284914016724,0.7213611602783203,-1.76019549369812,719,0.1474761688637473,0.8119020891802016,1.3671280145645142,0.721361517906189,-1.760195255279541,719,3.208556198508461e-08,3.208556198508461e-06,3.208556198508461e-06
551082353,0.1940326731347934,0.8135455584380735,1.3966960906982422,0.7226004600524902,-1.7126023769378662,720,0.19403268932578344,0.8135455870875761,1.396695613861084,0.7226011753082275,-1.712603211402893,720,1.6190990104192338e-08,1.6190990104192338e-06,1.6190990104192338e-06
551115687,0.2388765614175693,0.8440062245001235,1.3453166484832764,0.9210736751556396,-1.3736915588378906,721,0.23887657760855932,0.8440062579576753,1.3453166484832764,0.921073853969574,-1.373691201210022,721,1.6190989993170035e-08,1.6190989993170035e-06,1.6190989993170035e-06
551149021,0.2814265530252353,0.8676970979766664,1.2764997482299805,1.0219275951385498,-1.1202934980392456,722,0.2814265612689394,0.8676970835473314,1.2764995098114014,1.0219279527664185,-1.1202940940856934,722,8.243704163746202e-09,8.243704163746202e-07,8.243704163746202e-07
551182355,0.3207511704110996,0.9516635160858984,1.1797385215759275,1.3907568454742432,-0.4358670115470886,723,0.32075117468116066,0.9516634663981726,1.1797384023666382,1.3907568454742432,-0.4358674883842468,723,4.270061082500831e-09,4.270061082500831e-07,4.270061082500831e-07
551215689,0.3575022618913547,0.0440192456351191,1.1025327444076538,1.4749025106430054,0.4186604022979736,724,0.3575022741087017,0.044019138091297705,1.102532982826233,1.474902629852295,0.41865935921669006,724,1.2217347022946967e-08,1.2217347022946967e-06,1.2217347022946967e-06
551249023,0.38978154668648,0.1363823192968598,0.9683785438537598,0.9421219825744628,1.087524652481079,725,0.3897815509565411,0.13638232961004657,0.9683783054351807,0.9421214461326599,1.087524175643921,725,4.270061082500831e-09,4.270061082500831e-07,4.270061082500831e-07
551282357,0.4205492338482435,0.1489928408198778,0.9230306148529052,1.3172574043273926,1.7891298532485962,726,0.4205492440787691,0.14899284913227492,0.9230307936668396,1.3172575235366821,1.7891302108764648,726,1.0230525537835433e-08,1.0230525537835433e-06,1.0230525537835433e-06
551315691,0.4515558164262668,0.1472446316073813,0.9301974773406982,1.511629581451416,2.0065879821777344,727,0.45155583460407833,0.14724463755895764,0.9301977157592773,1.5116291046142578,2.006587505340576,727,1.817781147828157e-08,1.817781147828157e-06,1.817781147828157e-06
551349025,0.4828779221518731,0.1563156519393418,0.9396631717681884,1.5048569440841677,2.254189968109131,728,0.4828779423165061,0.1563156519393418,0.9396632313728333,1.5048569440841675,2.254189968109131,728,2.0164633074415406e-08,2.0164633074415406e-06,2.0164633074415406e-06
551382359,0.5142512322409845,0.1573930646547019,0.9411993026733398,1.5500671863555908,2.356300115585327,729,0.514251246445153,0.15739308920602957,0.9411991238594055,1.550066351890564,2.356299638748169,729,1.4204168508058501e-08,1.4204168508058501e-06,1.4204168508058501e-06
551415693,0.5444487493181126,0.1821308618483447,0.9059255123138428,1.0661239624023438,2.3466756343841557,730,0.5444487655091026,0.1821308490572851,0.9059255719184875,1.0661240816116333,2.346675395965576,730,1.6190989993170035e-08,1.6190989993170035e-06,1.6190989993170035e-06
551449027,0.574498101169258,0.1894002829072752,0.9014805555343628,0.9624592065811156,2.4043846130371094,731,0.5744981153734265,0.189400344117361,0.901480495929718,0.9624581336975098,2.4043846130371094,731,1.4204168508058501e-08,1.4204168508058501e-06,1.4204168508058501e-06
551482361,0.608525200778633,0.1401859339089676,1.02081298828125,1.3459711074829102,1.6308751106262207,732,0.6085252189564445,0.14018593303337348,1.0208131074905396,1.345970630645752,1.630874514579773,732,1.817781147828157e-08,1.817781147828157e-06,1.817781147828157e-06
551515695,0.6456202190065281,0.1295617563380718,1.112850546836853,1.5386650562286377,1.629496932029724,733,0.6456202530789116,0.12956178130198298,1.1128510236740112,1.53866446018219,1.6294968128204346,733,3.4072383470196144e-08,3.4072383470196144e-06,3.4072383470196144e-06
551549029,0.7054137210988896,0.1240741783229661,1.195870041847229,1.799208641052246,1.7783970832824707,734,0.7054137611317375,0.12407423687208491,1.1958701610565186,1.799208402633667,1.7783981561660767,734,4.0032847925530746e-08,4.0032847925530746e-06,4.0032847925530746e-06
551582363,0.7638150911474125,0.1271433420764522,1.168027400970459,1.810373067855835,1.85980236530304,735,0.7638151490616538,0.1271433426333204,1.1680277585983276,1.8103725910186768,1.8598018884658813,735,5.791424129153455e-08,5.791424129153455e-06,5.791424129153455e-06
551615697,0.8249062519216435,0.145395508190319,1.2218232154846191,1.3965957164764404,1.809748888015747,736,0.8249062979149558,0.1453954753372117,1.22182297706604,1.3965963125228882,1.809748888015747,736,4.599331238086535e-08,4.599331238086535e-06,4.599331238086535e-06
551649031,0.8823362987184422,0.1423632956227127,1.148600935935974,1.3806802034378052,1.7203402519226074,737,0.882336362593148,0.14236335607966832,1.1486012935638428,1.3806796073913574,1.7203408479690552,737,6.387470574686915e-08,6.387470574686915e-06,6.387470574686915e-06
551682365,0.9333425085687534,0.1523782610617524,1.0201241970062256,1.25586199760437,1.7840086221694946,738,0.9333425843643882,0.1523782760792544,1.0201244354248047,1.2558619976043701,1.7840089797973633,738,7.579563476856066e-08,7.579563476856066e-06,7.579563476856066e-06
551715699,0.9765330295705692,0.151750759273658,0.8638104200363159,1.147727131843567,1.6168174743652344,739,0.976533105366204,0.15175078142929133,0.8638104200363159,1.147727131843567,1.6168179512023926,739,7.579563476856066e-08,7.579563476856066e-06,7.579563476856066e-06
551749033,0.0219321351194279,0.1421184734356879,0.9079821109771729,1.239901423454285,1.5400694608688354,740,0.021932216875527155,0.1421184690651859,0.9079822301864624,1.2399017810821533,1.540069818496704,740,8.175609922389526e-08,8.175609922389526e-06,8.175609922389526e-06
551782367,0.0686843972349064,0.1436676821632418,0.9350452423095704,1.2828484773635864,1.6255555152893066,741,0.06868447899100567,0.14366770070735171,0.9350452423095703,1.2828483581542969,1.6255557537078857,741,8.175609922389526e-08,8.175609922389526e-06,8.175609922389526e-06
551815701,0.1184034209394352,0.1326342026499033,0.9943804740905762,1.4367371797561646,1.5816307067871094,742,0.11840350269553448,0.13263420922226365,0.9943804740905762,1.436737060546875,1.5816307067871094,742,8.175609922389526e-08,8.175609922389526e-06,8.175609922389526e-06
551849035,0.1543981533193485,0.10753663316725,1.0798419713974,1.755868673324585,1.4073797464370728,743,0.15439824302273378,0.10753662397705385,1.079842209815979,1.7558684349060059,1.407379388809204,743,8.97033852753637e-08,8.97033852753637e-06,8.97033852753637e-06
551882369,0.1913408896271285,0.0941668119391599,1.1082820892333984,1.8145288228988647,1.2193151712417605,744,0.1913409872777997,0.09416682623118822,1.1082823276519775,1.8145291805267334,1.2193156480789185,744,9.765067121580984e-08,9.765067121580984e-06,9.765067121580984e-06
551915703,0.2276579361104863,0.0025910107678388,1.0895113945007324,0.9084621667861938,0.0147908898070454,745,0.22765803376115745,0.0025910314768019566,1.0895113945007324,0.9084622263908386,0.01479100901633501,745,9.765067110478753e-08,9.765067110478753e-06,9.765067110478753e-06
551949037,0.2624493301852442,0.9383221170389856,1.0437418222427368,0.7353883981704712,-0.3001669049263,746,0.2624494318095583,0.9383220869124109,1.0437419414520264,0.7353882193565369,-0.3001669943332672,746,1.016243140750106e-07,1.016243140750106e-05,1.016243140750106e-05
551982371,0.3055233181460596,0.8321907185528727,1.292219638824463,1.0806516408920288,-1.903167963027954,747,0.30552342374401675,0.8321907132499029,1.2922197580337524,1.0806517601013184,-1.9031683206558228,747,1.0559795715625597e-07,1.0559795715625597e-05,1.0559795715625597e-05
552015705,0.3503531079435246,0.8214418537309619,1.3448936939239502,1.0599384307861328,-2.200515031814575,748,0.35035322148876774,0.8214418335055216,1.3448939323425293,1.0599384307861328,-2.2005157470703125,748,1.1354524320772441e-07,1.1354524320772441e-05,1.1354524320772441e-05
552049039,0.418392596735944,0.8199510202468484,1.360789775848389,0.7021846771240234,-1.4934111833572388,749,0.4183927043207227,0.8199510202468484,1.3607896566390991,0.7021846771240234,-1.4934111833572388,749,1.0758477864136751e-07,1.075847786413675e-05,1.075847786413675e-05
552082373,0.4837647895955936,0.8041296370050428,1.3074438571929932,0.5492393970489502,-1.552151799201965,750,0.4837649031408368,0.8041296517123585,1.3074439764022827,0.5492395162582397,-1.5521516799926758,750,1.1354524320772441e-07,1.1354524320772441e-05,1.1354524320772441e-05
552115707,0.5457811157846348,0.8654924239372905,1.2403265237808228,0.7986295819282532,-0.9002371430397034,751,0.545781217408949,0.8654924520902653,1.2403262853622437,0.7986297607421875,-0.9002370238304138,751,1.016243141860329e-07,1.016243141860329e-05,1.016243141860329e-05
552149041,0.6036421697282689,0.9924964010574098,1.1572210788726809,1.086306929588318,-0.0512535534799099,752,0.6036422713525831,0.992496305521012,1.1572210788726807,1.0863077640533447,-0.05125424638390541,752,1.016243141860329e-07,1.016243141860329e-05,1.016243141860329e-05
552182375,0.6375340383195774,0.1259338357446997,1.0167560577392578,0.8837192058563232,0.8941509127616882,753,0.6375341319966057,0.1259338459776467,1.0167558193206787,0.8837195634841919,0.8941513895988464,753,9.367702824558677e-08,9.367702824558677e-06,9.367702824558677e-06
552215709,0.6844780783796208,0.1225895357959837,0.9388808012008668,1.3992507457733154,1.3574955463409424,754,0.6844781720566491,0.12258954236404591,0.9388808012008667,1.3992505073547363,1.3574954271316528,754,9.367702824558677e-08,9.367702824558677e-06,9.367702824558677e-06
552249043,0.7314242701673406,0.1255581008836298,0.9389238357543944,1.5941972732543943,1.605417251586914,755,0.7314243638443688,0.1255581067508746,0.9389238357543945,1.594197392463684,1.6054174900054932,755,9.367702824558677e-08,9.367702824558677e-06,9.367702824558677e-06
552282377,0.7794979374551672,0.1352940032863099,0.9614733457565308,1.5254483222961426,1.7367384433746338,756,0.7794980192112664,0.1352939862864418,0.9614731073379517,1.5254484415054321,1.7367382049560547,756,8.175609922389526e-08,8.175609922389526e-06,8.175609922389526e-06
552315711,0.826051358475675,0.1584276161689861,0.9310684204101562,1.3316435813903809,2.053213119506836,757,0.8260514342713097,0.15842762653884288,0.9310683012008667,1.3316437005996704,2.053213596343994,757,7.579563465753836e-08,7.579563465753836e-06,7.579563465753836e-06
552349045,0.8694919924878973,0.191581985958132,0.8688126802444458,0.8406784534454346,2.1865642070770264,758,0.8694920742439964,0.19158196909247313,0.8688127994537354,0.8406788110733032,2.1865644454956055,758,8.175609911287296e-08,8.175609911287296e-06,8.175609911287296e-06
552382379,0.9103514950418372,0.2046738359328923,0.8171900510787964,0.6521862745285034,2.22778868675232,759,0.9103515708374718,0.20467383660357413,0.8171899318695068,0.6521863341331482,2.2277889251708984,759,7.579563454651606e-08,7.5795634546516055e-06,7.5795634546516055e-06
552415713,0.961346916451444,0.1608076101026728,1.019908428192139,1.070043683052063,1.705183506011963,760,0.9613469922470786,0.1608075980476621,1.0199084281921387,1.0700435638427734,1.7051830291748047,760,7.579563465753836e-08,7.579563465753836e-06,7.579563465753836e-06
552449047,0.0145040791177648,0.1068509116833104,1.063143253326416,1.8129527568817136,1.440348982810974,761,0.014504166834328425,0.106850916780368,1.0631434917449951,1.8129526376724243,1.4403489828109741,761,8.771656367922986e-08,8.771656367922986e-06,8.771656367922986e-06
552482381,0.0724325518751043,0.0877742588892453,1.1585694551467896,1.8229224681854248,1.1214138269424438,762,0.0724326395916679,0.08777427746867558,1.1585694551467896,1.8229219913482666,1.1214138269424438,762,8.771656356820756e-08,8.771656356820756e-06,8.771656356820756e-06
552515715,0.0880986962169366,0.0880986962169366,1.2267273664474487,1.527573823928833,0.944020926952362,763,0.08809868167494406,0.08809868167494404,1.2267274856567383,1.5275739431381226,0.9440208077430725,763,-1.4541992554573113e-08,-1.4541992554573113e-06,1.4541992554573113e-06
552549049,0.1019917074010599,0.1019917074010599,1.2348871231079102,1.3828086853027344,1.0313527584075928,764,0.10199172518019028,0.10199172518019027,1.2348870038986206,1.3828091621398926,1.0313533544540405,764,1.7779130390138675e-08,1.7779130390138675e-06,1.7779130390138675e-06
552582383,0.1411061588094461,0.1062838267155689,1.173433542251587,1.2583858966827393,0.9924651980400084,765,0.14110617658857652,0.10628379542738224,1.173433542251587,1.258386254310608,0.992465078830719,765,1.7779130390138675e-08,1.7779130390138675e-06,1.7779130390138675e-06
552615717,0.1751141571169921,0.1242274663638609,1.0202399492263794,1.0225880146026611,1.0127086639404297,766,0.1751141788697655,0.1242275225651586,1.020240068435669,1.0225880146026611,1.012709379196167,766,2.1752773360361743e-08,2.1752773360361743e-06,2.1752773360361743e-06
552649051,0.2058845582769143,0.1331335015502399,0.9231120347976683,1.0749013423919678,1.190788745880127,767,0.20588458201650928,0.133133500695841,0.9231120944023132,1.0749014616012573,1.1907888650894165,767,2.373959495649558e-08,2.373959495649558e-06,2.373959495649558e-06
552682385,0.2367378893659341,0.1390975716425669,0.9255999326705932,1.1582610607147217,1.3840432167053225,768,0.23673791707917202,0.13909757032739423,0.9256000518798828,1.1582611799240112,1.3840433359146118,768,2.7713237926718648e-08,2.771323792671865e-06,2.771323792671865e-06
552715719,0.2691794855560688,0.1259386090128111,0.9732478857040404,1.277099609375,1.2922524213790894,769,0.2691795172429497,0.1259386089257166,0.9732480049133301,1.2770997285842896,1.292252540588379,769,3.1686880896941716e-08,3.1686880896941716e-06,3.1686880896941716e-06
552749053,0.3040905101265339,0.1066389900373665,1.0473307371139526,1.412858247756958,1.119417667388916,770,0.30409054578705774,0.10663898521441251,1.0473308563232422,1.412858486175537,1.1194177865982056,770,3.5660523867164784e-08,3.5660523867164784e-06,3.5660523867164784e-06
552782387,0.3397576275632608,0.0876803608966255,1.0700135231018066,1.507838010787964,0.9263563752174376,771,0.33975766322378465,0.08768035215049767,1.0700135231018066,1.507838487625122,0.9263565540313721,771,3.5660523867164784e-08,3.5660523867164784e-06,3.5660523867164784e-06
552815721,0.3758140149877298,0.0827607815147674,1.0816916227340698,1.50628662109375,0.8624448776245117,772,0.37581405064825363,0.08276076590918888,1.0816916227340698,1.506286859512329,0.8624448180198669,772,3.5660523867164784e-08,3.5660523867164784e-06,3.5660523867164784e-06
552849055,0.4130176606939065,0.9909284326703112,1.1161093711853027,0.870459794998169,-0.0496685616672039,773,0.41301769635443036,0.9909284970497027,1.1161093711853027,0.8704599142074585,-0.049668215215206146,773,3.5660523867164784e-08,3.5660523867164784e-06,3.5660523867164784e-06
552882389,0.4669600072667825,0.9074673331478472,1.0788469314575195,0.6523703932762146,-0.4287189543247223,774,0.4669600488877708,0.9074673379362979,1.078847050666809,0.6523705720901489,-0.42871904373168945,774,4.1620988322499386e-08,4.162098832249939e-06,4.162098832249939e-06
552915723,0.5387260142133463,0.8405344872353324,1.4353201389312744,1.4960039854049685,-2.339918613433838,775,0.538726037952941,0.8405344952552576,1.4353197813034058,1.4960033893585205,-2.3399174213409424,775,2.3739594734450975e-08,2.3739594734450975e-06,2.3739594734450975e-06
552949057,0.609453648643278,0.8284487993441372,1.4145526885986328,0.9827072620391846,-1.8295528888702397,776,0.6094536723828727,0.8284488073923233,1.4145526885986328,0.9827073812484741,-1.8295528888702393,776,2.3739594734450975e-08,2.3739594734450975e-06,2.3739594734450975e-06
552982391,0.6771092656419505,0.8360829790758592,1.3531123399734497,1.0015639066696167,-1.6675498485565186,777,0.6771093072629386,0.8360829540178119,1.3531126976013184,1.0015631914138794,-1.6675492525100708,777,4.162098810045478e-08,4.162098810045478e-06,4.162098810045478e-06
553015725,0.7072197877532074,0.4604843987722764,0.9033156633377076,-1.425743579864502,0.3614469170570373,778,0.7072198293741955,0.4604843673812844,0.9033156633377075,-1.4257432222366333,0.36144712567329407,778,4.162098810045478e-08,4.162098810045478e-06,4.162098810045478e-06
553049059,0.7646828614838923,0.7646828614838923,1.2961056232452393,0.2175206243991851,-2.3511228561401367,779,0.7646828564437241,0.7646828564437241,1.2961053848266602,0.21752050518989563,-2.3511223793029785,779,-5.040168171710491e-09,-5.040168171710491e-07,5.040168171710491e-07
553082393,0.8046794457403824,0.7676495415319323,1.199897527694702,0.1976079642772674,-1.7746214866638184,780,0.8046794407002142,0.7676495368283229,1.1998975276947021,0.19760796427726746,-1.7746219635009766,780,-5.040168171710491e-09,-5.040168171710491e-07,5.040168171710491e-07
553115727,0.840033237454097,0.643194430889399,1.060613751411438,-0.5634856224060059,-0.7096686959266663,781,0.8400332324139288,0.6431943604802894,1.060613751411438,-0.5634860396385193,-0.7096685767173767,781,-5.040168171710491e-09,-5.040168171710491e-07,5.040168171710491e-07
553149061,0.8760671737957005,0.5506157813618037,1.081018090248108,-0.9340771436691284,-0.3075006604194641,782,0.8760671647818894,0.5506158163347078,1.0810179710388184,-0.9340769052505493,-0.30750080943107605,782,-9.013811141933559e-09,-9.013811141933559e-07,9.013811141933559e-07
553182395,0.913355525649389,0.5200632703645165,1.1186505556106567,-1.1692280769348145,-0.1481801122426986,783,0.9133555166355779,0.5200633022496002,1.1186505556106567,-1.1692283153533936,-0.14818038046360016,783,-9.013811141933559e-09,-9.013811141933559e-07,9.013811141933559e-07
553215729,0.9507718963591262,0.496439241973063,1.1224911212921145,-1.3844434022903442,0.030979186296463,784,0.950771899266244,0.49643923212806845,1.122491478919983,-1.3844434022903442,0.030979271978139877,784,2.9071177687356453e-09,2.9071177687356453e-07,2.9071177687356453e-07
553249063,0.984796663440069,0.4956250235683959,1.0207430124282837,-1.4626681804656982,0.0402171052992343,785,0.9847966703208297,0.4956250470611659,1.0207431316375732,-1.4626681804656982,0.04021688923239708,785,6.880760738958713e-09,6.880760738958713e-07,6.880760738958713e-07
553282397,0.0191937489477798,0.5014138217854641,1.0319125652313232,-1.417364478111267,-0.0125912111252546,786,0.019193759802183408,0.5014138376471226,1.0319126844406128,-1.4173638820648193,-0.012591347098350525,786,1.0854403598159479e-08,1.0854403598159479e-06,1.0854403598159479e-06
553315731,0.0549803220399225,0.5959838033887999,1.0735971927642822,-1.228340983390808,-0.8459263443946838,787,0.05498034481525511,0.5959838295811046,1.0735975503921509,-1.228340983390808,-0.8459266424179077,787,2.2775332619850985e-08,2.2775332619850985e-06,2.2775332619850985e-06
553349065,0.1230708979733789,0.3272215646597136,1.3618115186691284,-0.8537558913230896,1.619308352470398,788,0.1230708969068536,0.3272216054166186,1.3618110418319702,-0.8537565469741821,1.619308590888977,788,-1.0665253125097252e-09,-1.0665253125097252e-07,1.0665253125097252e-07
553382399,0.1952474736340845,0.3196871444489478,1.443531513214111,-0.8147112131118774,1.740220546722412,789,0.1952474666070947,0.3196871924939333,1.4435313940048218,-0.8147116303443909,1.740220069885254,789,-7.026989823355478e-09,-7.026989823355478e-07,7.026989823355478e-07
553415733,0.2675381981499994,0.3260657694581964,1.4458144903182983,-0.8191516399383545,1.5814062356948853,790,0.2675381792020807,0.326065722161543,1.4458142518997192,-0.8191510438919067,1.5814062356948853,790,-1.8947918734024682e-08,-1.8947918734024682e-06,1.8947918734024682e-06
553449067,0.3456962668069208,0.6384512694178684,1.5631613731384275,-1.1401771306991575,-1.3512471914291382,791,0.34569624785900205,0.6384512404551546,1.5631613731384277,-1.1401772499084473,-1.3512468338012695,791,-1.8947918734024682e-08,-1.8947918734024682e-06,1.8947918734024682e-06
553482401,0.3961373332309728,0.3340640046053507,1.5132319927215576,-0.7923061847686768,1.3578795194625854,792,0.396137306335768,0.3340640454293117,1.5132317543029785,-0.7923067212104797,1.357879638671875,792,-2.689520478549312e-08,-2.689520478549312e-06,2.689520478549312e-06
553515735,0.4423237406380976,0.3718259849097251,1.3855922222137451,-0.9197552800178528,0.957192063331604,793,0.44232370976924984,0.37182602987515667,1.3855921030044556,-0.9197553992271423,0.9571916460990906,793,-3.086884775571619e-08,-3.086884775571619e-06,3.086884775571619e-06
553549069,0.4987423919804896,0.5360266999602352,1.1283730268478394,-0.9938806891441344,-0.2289002835750579,794,0.4987423551511773,0.536026603717306,1.1283729076385498,-0.9938803315162659,-0.22889956831932068,794,-3.682931226656194e-08,-3.6829312266561942e-06,3.6829312266561942e-06
553582403,0.5540311597951258,0.5974645839958689,1.1057753562927246,-0.9643980264663696,-0.6774697303771973,795,0.554031128926278,0.5974645847034951,1.1057754755020142,-0.9643978476524353,-0.6774696111679077,795,-3.086884781122734e-08,-3.086884781122734e-06,3.086884781122734e-06
553615737,0.6092466675408686,0.6163741551707129,1.104310154914856,-0.8958574533462524,-0.8036572337150574,796,0.6092466307115564,0.6163741351531768,1.1043100357055664,-0.8958572149276733,-0.803656816482544,796,-3.682931226656194e-08,-3.6829312266561942e-06,3.6829312266561942e-06
553649071,0.6435708442978229,0.6435708442978229,1.111915111541748,-0.6498901844024658,-0.822475790977478,797,0.643570857009065,0.643570857009065,1.1119149923324585,-0.649890124797821,-0.8224758505821228,797,1.2711242169949344e-08,1.2711242169949344e-06,1.2711242169949344e-06
553682405,0.6878748988632264,0.6878748988632264,1.1351262331008911,-0.248765230178833,-0.6045966148376465,798,0.6878750095673898,0.6878750095673898,1.1351264715194702,-0.2487647384405136,-0.6045966148376465,798,1.1070416339187261e-07,1.1070416339187261e-05,1.1070416339187261e-05
553715739,0.7444326033005547,0.7444326033005547,1.1492105722427368,-0.016175027936697,-0.4622062444686889,799,0.7444325480559036,0.7444325480559036,1.1492105722427368,-0.01617518439888954,-0.4622061252593994,799,-5.5244651075980755e-08,-5.5244651075980755e-06,5.5244651075980755e-06
553749073,0.7809389104256462,0.6221268370786734,1.0951892137527466,-0.5893450379371643,-0.5684416890144348,800,0.7809388512073522,0.6221268796597182,1.095189094543457,-0.5893452167510986,-0.568442165851593,800,-5.921829404620382e-08,-5.921829404620382e-06,5.921829404620382e-06
553782407,0.8071592956592074,0.5813296705029872,0.7866115570068359,-1.86214017868042,-1.044073462486267,801,0.8071592404145563,0.58132967919559,0.7866116762161255,-1.8621399402618408,-1.044073462486267,801,-5.5244651075980755e-08,-5.5244651075980755e-06,5.5244651075980755e-06
553815741,0.8392759392469556,0.5559854643356965,0.9634993076324464,-2.1116576194763184,-0.7750465273857117,802,0.8392758840023046,0.5559854920490339,0.9634993076324463,-2.1116576194763184,-0.7750469446182251,802,-5.5244651075980755e-08,-5.5244651075980755e-06,5.5244651075980755e-06
553849075,0.8717213024506402,0.5540911233165772,0.9733608961105348,-2.085871934890747,-0.7375319600105286,803,0.8717212511796321,0.5540911435291487,0.9733610153198242,-2.085871934890747,-0.7375322580337524,803,-5.127100810575769e-08,-5.127100810575769e-06,5.127100810575769e-06
553882409,0.9447002221951316,0.2356375257828866,1.4595783948898315,0.1332535445690155,1.4726125001907349,804,0.9447001947659815,0.23563752622392078,1.4595788717269897,0.1332535296678543,1.4726123809814453,804,-2.7429150062374674e-08,-2.7429150062374674e-06,2.7429150062374674e-06
553915743,0.9913672417212954,0.763416507469128,1.400010585784912,0.2026492655277252,-2.39825439453125,805,0.9913672142921452,0.763416539580253,1.400010585784912,0.20264971256256104,-2.398253917694092,805,-2.7429150173396977e-08,-2.7429150173396977e-06,2.7429150173396977e-06
553949077,0.0334653188595603,0.7562847800279976,1.2629423141479492,0.076545625925064,-1.9374237060546875,806,0.033465283483124164,0.7562847950805617,1.2629420757293701,0.07654580473899841,-1.937423586845398,806,-3.537643611384311e-08,-3.5376436113843113e-06,3.5376436113843113e-06
553982411,0.0711654633094301,0.749759662908696,1.1310043334960938,-0.0015632770955562,-1.035225510597229,807,0.07116542395935097,0.7497596342448888,1.1310042142868042,-0.0015634633600711823,-1.0352253913879395,807,-3.935007913957733e-08,-3.935007913957733e-06,3.935007913957733e-06
554015745,0.1093398739704918,0.6666396867549497,1.145232319831848,-0.3315237462520599,-0.5739912390708923,808,0.10933983462041258,0.6666398064098392,1.1452323198318481,-0.33152323961257935,-0.5739913582801819,808,-3.935007919508848e-08,-3.935007919508848e-06,3.935007919508848e-06
554049079,0.1709171344647239,0.6088212840503018,1.2315452098846436,-0.5937832593917847,-0.4838579595088959,809,0.17091709511464476,0.6088214353563575,1.2315452098846436,-0.5937830209732056,-0.48385870456695557,809,-3.935007913957733e-08,-3.935007913957733e-06,3.935007913957733e-06
554082413,0.2338672806629966,0.5555366308841272,1.259002923965454,-0.8243486881256104,-0.2999273836612701,810,0.2338672591943109,0.555536605024157,1.2590032815933228,-0.8243484497070312,-0.29992714524269104,810,-2.1468685718062375e-08,-2.1468685718062375e-06,2.1468685718062375e-06
554115747,0.2931578328022789,0.5066740354601178,1.1858110427856443,-1.005423903465271,-0.0421863794326782,811,0.2931578172940576,0.5066741082526607,1.185811161994934,-1.0054240226745605,-0.04218684509396553,811,-1.5508221318238924e-08,-1.5508221318238924e-06,1.5508221318238924e-06
554149081,0.3474146832833122,0.4635838622370802,1.0851370096206665,-1.0014787912368774,0.233232170343399,812,0.34741466181462644,0.46358375564651794,1.085136890411377,-1.0014783143997192,0.2332327663898468,812,-2.1468685773573526e-08,-2.1468685773573526e-06,2.1468685773573526e-06
554182415,0.4069714774498772,0.6406465453504977,1.1911358833312988,-0.7639405727386475,-0.931121289730072,813,0.4069714559811914,0.6406465736099565,1.1911358833312988,-0.7639403939247131,-0.9311214089393616,813,-2.1468685829084677e-08,-2.1468685829084677e-06,2.1468685829084677e-06
554215749,0.477105425775988,0.671178066194782,1.4026789665222168,-0.8160902261734009,-1.5108461380004885,814,0.47710539834683774,0.6711780350789975,1.4026788473129272,-0.8160902857780457,-1.5108455419540405,814,-2.742915028441928e-08,-2.742915028441928e-06,2.742915028441928e-06
554249083,0.5513861884484124,0.6699558955571346,1.4856152534484863,-0.9260361194610596,-1.683348298072815,815,0.551386172940191,0.6699558877719843,1.4856154918670654,-0.9260363578796387,-1.683348536491394,815,-1.5508221373750075e-08,-1.5508221373750075e-06,1.5508221373750075e-06
554282417,0.6267403413662743,0.6707140617273782,1.5070830583572388,-0.8477882742881775,-1.5586451292037964,816,0.6267403139371239,0.6707140421151843,1.5070828199386597,-0.847788393497467,-1.5586448907852173,816,-2.742915039544158e-08,-2.742915039544158e-06,2.742915039544158e-06
554315751,0.6749873131112996,0.6749873131112996,1.474861979484558,-0.7978959679603577,-1.565650463104248,817,0.6749872889694306,0.6749872889694306,1.474861741065979,-0.7978962063789368,-1.5656503438949585,817,-2.4141868948390766e-08,-2.4141868948390766e-06,2.4141868948390766e-06
554349085,0.7266409327185892,0.2645894376803502,1.549608588218689,-0.0976335108280181,1.0620907545089722,818,0.7266409165240062,0.26458942550204684,1.549608826637268,-0.09763342887163162,1.0620907545089722,818,-1.619458300794463e-08,-1.619458300794463e-06,1.619458300794463e-06
554382419,0.7756368845300617,0.2898483142942641,1.4698785543441772,-0.1620718538761139,0.6337350606918335,819,0.7756368643618358,0.28984854971351154,1.4698784351348877,-0.16207283735275269,0.6337350010871887,819,-2.0168225978167698e-08,-2.0168225978167698e-06,2.0168225978167698e-06
554415753,0.8180553406076374,0.4524745520344471,1.2725536823272705,-0.1870841681957245,0.0575873516499996,820,0.8180553323603404,0.4524740576256286,1.2725540399551392,-0.18708360195159912,0.05758781358599663,820,-8.247296956476191e-09,-8.247296956476191e-07,8.247296956476191e-07
554449087,0.8586099713640156,0.6591849631407939,1.2166389226913452,-0.347917765378952,-0.5420746803283691,821,0.8586099670903616,0.6591848958953795,1.2166390419006348,-0.34791797399520874,-0.5420745015144348,821,-4.273653986253123e-09,-4.273653986253123e-07,4.273653986253123e-07
554482421,0.8982310582793497,0.6896121132311124,1.188632607460022,-0.3285579085350036,-0.8239697813987732,822,0.8982310500320527,0.6896120973870814,1.1886324882507324,-0.32855790853500366,-0.8239695429801941,822,-8.247296956476191e-09,-8.247296956476191e-07,8.247296956476191e-07
554515755,0.9382116883592548,0.7261434717157091,1.1994189023971558,-0.11810302734375,-0.7819952368736267,823,0.9382116880592439,0.7261434806110518,1.1994191408157349,-0.11810298264026642,-0.7819952368736267,823,-3.0001090500775263e-10,-3.000109050077526e-08,3.000109050077526e-08
554549089,0.9804590075807514,0.8175182465360459,1.2674195766448977,0.310397744178772,-0.687244713306427,824,0.9804590112543835,0.8175181518568876,1.267419695854187,0.3103973865509033,-0.6872450113296509,824,3.6736320652153154e-09,3.6736320652153154e-07,3.6736320652153154e-07
554582423,0.024518510659212,0.9071434292530488,1.3217850923538208,0.7962531447410583,-0.5255979895591736,825,0.024518510359201162,0.907143525682442,1.3217849731445312,0.7962535619735718,-0.5255975723266602,825,-3.000108494966014e-10,-3.000108494966014e-08,3.000108494966014e-08
554615757,0.0659864753084125,0.7891149776342945,1.2440389394760132,0.1692655384540558,-0.6748018264770508,826,0.0659864750084016,0.789114974372132,1.2440389394760132,0.16926546394824982,-0.6748015880584717,826,-3.0001090500775263e-10,-3.000109050077526e-08,3.000109050077526e-08
554649091,0.1124145795501015,0.964123043707611,1.3928431272506714,2.6718153953552246,-0.6126981973648071,827,0.11241457527644766,0.9641230704137722,1.3928430080413818,2.6718156337738037,-0.6126977801322937,827,-4.273653875230821e-09,-4.2736538752308206e-07,4.2736538752308206e-07
554682425,0.1623983790076516,0.9691852166828516,1.4995139837265017,2.2895491123199463,-0.4489145576953888,828,0.1623983747339977,0.9691852497367144,1.4995139837265015,2.2895493507385254,-0.448914110660553,828,-4.273653875230821e-09,-4.2736538752308206e-07,4.2736538752308206e-07
554715759,0.2091537564592304,0.9584746484937212,1.4026613235473633,1.8798784017562864,-0.5019233226776123,829,0.20915375615921947,0.9584747078550055,1.4026614427566528,1.8798787593841553,-0.5019226670265198,829,-3.0001090500775263e-10,-3.000109050077526e-08,3.000109050077526e-08
554749093,0.2786365717248859,0.3026270928324164,1.3896563053131104,-0.4471961259841919,1.3027573823928833,830,0.2786365654644105,0.30262701019005694,1.3896561861038208,-0.4471954107284546,1.3027575016021729,830,-6.260475360342355e-09,-6.260475360342355e-07,6.260475360342355e-07
554782427,0.3273850351171436,0.4792407560352834,0.9749692678451538,-1.908360481262207,0.2503367066383362,831,0.32738502289620375,0.4792407794290486,0.9749691486358643,-1.9083608388900757,0.2503364682197571,831,-1.2220939871188108e-08,-1.2220939871188108e-06,1.2220939871188108e-06
554815761,0.3941252797441425,0.7614666907030629,1.334804892539978,0.1660098135471344,-2.300188541412353,832,0.3941252734836671,0.7614666893598958,1.3348050117492676,0.1660098284482956,-2.3001890182495117,832,-6.260475415853506e-09,-6.260475415853506e-07,6.260475415853506e-07
554849095,0.4543435722188892,0.7542491338334241,1.204365849494934,0.0416312552988529,-1.5589637756347656,833,0.4543435719188783,0.7542491504448305,1.2043659687042236,0.041631411761045456,-1.5589635372161865,833,-3.0001090500775263e-10,-3.000109050077526e-08,3.000109050077526e-08
554882429,0.5094147115545216,0.5954760015155485,1.1014227867126465,-0.5644932985305786,-0.3861023187637329,834,0.5094147112545107,0.5954760111304319,1.1014227867126465,-0.5644927024841309,-0.38610196113586426,834,-3.0001090500775263e-10,-3.000109050077526e-08,3.000109050077526e-08
554915763,0.547395732958788,0.5023176751302267,1.1394306421279907,-0.7709464430809021,-0.0112276105210185,835,0.5473957525269919,0.5023176716049231,1.1394312381744385,-0.7709461450576782,-0.011227589100599289,835,1.9568203946107587e-08,1.9568203946107587e-06,1.9568203946107587e-06
554949097,0.586318388541216,0.4800738875387577,1.1676796674728394,-1.0400348901748655,0.1308964490890503,836,0.5863184081094199,0.4800739279287645,1.1676796674728394,-1.0400347709655762,0.1308961659669876,836,1.9568203946107587e-08,1.9568203946107587e-06,1.9568203946107587e-06
554982431,0.623623064120287,0.4519447956720862,1.1191402673721311,-1.2686831951141355,0.3951477408409118,837,0.623623083688491,0.4519447598592242,1.1191402673721313,-1.2686834335327148,0.3951481282711029,837,1.9568203946107587e-08,1.9568203946107587e-06,1.9568203946107587e-06
555015765,0.658814071575477,0.4286156114622592,1.055730223655701,-1.3910155296325684,0.6694021224975586,838,0.658814091143681,0.42861562295269773,1.0557302236557007,-1.3910152912139893,0.6694018840789795,838,1.9568203946107587e-08,1.9568203946107587e-06,1.9568203946107587e-06
555049099,0.6884879737691822,0.4743457975335313,0.8902170658111572,-1.1723188161849976,0.1906199753284454,839,0.6884880012846721,0.4743457721043357,0.8902173042297363,-1.172318458557129,0.19062010943889618,839,2.7515489886553723e-08,2.7515489886553723e-06,2.7515489886553723e-06
555082433,0.7349169164495412,0.3134744299502078,1.3928682804107666,-0.7158821821212769,1.6987990140914917,840,0.7349169240968161,0.31347444295520993,1.3928676843643188,-0.7158819437026978,1.6987980604171753,840,7.647274924416081e-09,7.647274924416081e-07,7.647274924416081e-07
555115767,0.7828723738190276,0.3098864349954394,1.4386637210845947,-0.7360442876815796,1.8629182577133176,841,0.7828723774926596,0.3098863863288696,1.4386636018753052,-0.736043393611908,1.8629176616668701,841,3.673631954193013e-09,3.673631954193013e-07,3.673631954193013e-07
555149101,0.830247770706489,0.2956698060602838,1.4212619066238403,-0.5343851447105408,1.810884475708008,842,0.830247774380121,0.2956698117484327,1.4212619066238403,-0.5343851447105408,1.8108842372894287,842,3.673631954193013e-09,3.673631954193013e-07,3.673631954193013e-07
555182435,0.8757155408061289,0.6507619643932353,1.3640331029891968,-1.1550236940383911,-1.605865478515625,843,0.8757155405061179,0.6507619531923016,1.3640329837799072,-1.1550236940383911,-1.605865240097046,843,-3.000110160300551e-10,-3.000110160300551e-08,3.000110160300551e-08
555215769,0.9226330627597116,0.6423222200408165,1.407525658607483,-1.2908133268356323,-1.6075152158737185,844,0.9226330743806296,0.642322195579081,1.4075260162353516,-1.2908134460449219,-1.6075148582458496,844,1.1620918005661451e-08,1.1620918005661451e-06,1.1620918005661451e-06
555249103,0.9959296037352824,0.3112800506097605,1.4659308195114136,-0.5427473783493042,1.339252233505249,845,0.9959296391980581,0.3112799642795057,1.4659312963485718,-0.5427464842796326,1.3392521142959595,845,3.546277571597756e-08,3.5462775715977557e-06,3.5462775715977557e-06
555282437,0.0581580866969371,0.3649503158220093,1.2445696592330933,-0.6588630676269531,0.7478039264678955,846,0.05815812812017729,0.3649504001702777,1.2445697784423828,-0.6588632464408875,0.7478033304214478,846,4.142324017131216e-08,4.142324017131216e-06,4.142324017131216e-06
555315771,0.1089111258185649,0.4996319492555927,1.0150607824325562,-0.6898041367530823,0.001595196314156,847,0.10891116724180509,0.49963188758557947,1.0150607824325562,-0.6898041367530823,0.00159546360373497,847,4.142324017131216e-08,4.142324017131216e-06,4.142324017131216e-06
555349105,0.1598787058985972,0.5825303076863175,1.019351601600647,-0.779750406742096,-0.4449585974216461,848,0.1598787592427664,0.5825302807517933,1.019351840019226,-0.7797499299049377,-0.4449581503868103,848,5.3344169193003665e-08,5.3344169193003665e-06,5.3344169193003665e-06
555382439,0.211598359505012,0.624276495634257,1.034393072128296,-0.6901915073394775,-0.6839447617530823,849,0.21159841880964567,0.6242764949438446,1.0343931913375854,-0.690190851688385,-0.6839441061019897,849,5.930463364833827e-08,5.930463364833827e-06,5.930463364833827e-06
555415773,0.2645457555449748,0.6572451334821873,1.0589479207992554,-0.4196462631225586,-0.6366263628005981,850,0.264545808889144,0.6572450820115745,1.0589478015899658,-0.41964632272720337,-0.6366260051727295,850,5.3344169193003665e-08,5.3344169193003665e-06,5.3344169193003665e-06
555449107,0.3184115637934947,0.7303392990524187,1.077316164970398,-0.0635691285133361,-0.5119768977165222,851,0.31841162309812837,0.7303392624962367,1.0773162841796875,-0.06356927752494812,-0.5119771361351013,851,5.930463364833827e-08,5.930463364833827e-06,5.930463364833827e-06
555482441,0.3728386093772197,0.7603535252346688,1.0885409116744995,0.0284305550158023,-0.4364193379878998,852,0.37283867464231785,0.7603536114531039,1.088541030883789,0.028430771082639694,-0.4364190101623535,852,6.526509821469517e-08,6.526509821469517e-06,6.526509821469517e-06
555515775,0.428644167343452,0.6998178778518184,1.116111159324646,-0.6470482349395752,-1.9836831092834477,853,0.42864422664808566,0.6998179096106352,1.1161110401153564,-0.647047758102417,-1.9836829900741577,853,5.930463364833827e-08,5.930463364833827e-06,5.930463364833827e-06
555549109,0.5043121863997722,0.7685162123894924,1.5133603811264038,0.3395214378833771,-2.90515661239624,854,0.5043122337834769,0.7685162123894924,1.5133601427078247,0.3395214378833771,-2.9051566123962402,854,4.7383704737669063e-08,4.738370473766906e-06,4.738370473766906e-06
555582443,0.5828030397094035,0.7647194473330137,1.569817066192627,0.2790859043598175,-3.0090250968933105,855,0.5828030870931082,0.7647194364429197,1.569817066192627,0.27908578515052795,-3.009026050567627,855,4.7383704737669063e-08,4.738370473766906e-06,4.738370473766906e-06
555615777,0.6446899940169597,0.9709382094563144,1.237739086151123,1.6243915557861328,-0.2999561429023742,856,0.6446900354401999,0.97093821154198,1.2377389669418335,1.6243916749954224,-0.29995614290237427,856,4.142324017131216e-08,4.142324017131216e-06,4.142324017131216e-06
555649111,0.7079751958049083,0.986806732479851,1.2657040357589722,1.0801198482513428,-0.0897429957985878,857,0.7079752253072196,0.9868066750395647,1.265703797340393,1.080120325088501,-0.08974342793226242,857,2.9502311260642955e-08,2.9502311260642955e-06,2.9502311260642955e-06
555682445,0.7700569559729838,0.795802583130113,1.2416352033615112,0.3295179307460785,-1.113223671913147,858,0.7700569914357596,0.7958025336440665,1.2416353225708008,0.3295174837112427,-1.1132234334945679,858,3.546277571597756e-08,3.5462775715977557e-06,3.5462775715977557e-06
555715779,0.8334897805846476,0.9295064476192074,1.2686564922332764,1.1172447204589844,-0.5299735069274902,859,0.8334898160474233,0.9295064476192074,1.2686564922332764,1.1172447204589844,-0.5299735069274902,859,3.546277571597756e-08,3.5462775715977557e-06,3.5462775715977557e-06
555749113,0.8839839984572673,0.1303148867951535,1.0098843574523926,0.767570436000824,0.8206270933151245,860,0.883984033920043,0.13031495799313683,1.0098843574523926,0.7675701379776001,0.8206275105476379,860,3.546277571597756e-08,3.5462775715977557e-06,3.5462775715977557e-06
555782447,0.930617611566856,0.1565267054016342,0.9326722621917723,1.2727220058441162,1.911950707435608,861,0.9306176619307928,0.15652670767997526,0.9326725602149963,1.2727221250534058,1.911950945854187,861,5.036393679880291e-08,5.036393679880291e-06,5.036393679880291e-06
555815781,0.97860739723809,0.157642959368096,0.9597957134246826,1.3823137283325195,2.1084964275360107,862,0.9786074476020269,0.15764297391318233,0.9597957134246826,1.38231360912323,2.10849666595459,862,5.036393690982521e-08,5.036393690982521e-06,5.036393690982521e-06
555849115,0.0265242566264414,0.1714158585125449,0.9583371877670288,1.2293763160705566,2.2841267585754395,863,0.02652430699037822,0.17141588476729955,0.9583371877670288,1.229375958442688,2.2841269969940186,863,5.036393679880291e-08,5.036393679880291e-06,5.036393679880291e-06
555882449,0.072127424637153,0.1918181094953895,0.9120633602142334,0.9539515972137452,2.4922144412994385,864,0.07212748096155436,0.1918181243320689,0.912063479423523,0.9539512395858765,2.4922142028808594,864,5.6324401365159815e-08,5.6324401365159815e-06,5.6324401365159815e-06
555915783,0.1152306486762308,0.2154547223587374,0.8620644807815552,0.5763366222381592,2.613433361053467,865,0.11523071096109659,0.21545477081985417,0.8620645999908447,0.5763357877731323,2.613433361053467,865,6.228486582049442e-08,6.228486582049442e-06,6.228486582049442e-06
555949117,0.1540601302779459,0.2323979738769457,0.7765896320343018,0.277718037366867,2.500839233398437,866,0.15406019256281167,0.23239798907430267,0.7765896320343018,0.2777177691459656,2.5008389949798584,866,6.228486570947211e-08,6.2284865709472115e-06,6.2284865709472115e-06
555982451,0.189157459099764,0.1606212837446512,1.052919864654541,1.4211821556091309,2.2588672637939453,867,0.18915752535827268,0.1606212986879415,1.0529199838638306,1.421181559562683,2.258866786956787,867,6.625850867969518e-08,6.625850867969518e-06,6.625850867969518e-06
556015785,0.2258525460557881,0.1252853620539451,1.100852608680725,1.9729671478271484,1.98005485534668,868,0.22585260436701088,0.1252854004502641,1.100852370262146,1.9729666709899902,1.980055332183838,868,5.831122273924905e-08,5.831122273924905e-06,5.831122273924905e-06
556049119,0.2651918341315531,0.1050208124704504,1.1801786422729492,1.953711748123169,1.5158634185791016,869,0.26519188449548986,0.10502085490349328,1.1801784038543701,1.953711748123169,1.5158642530441284,869,5.036393679880291e-08,5.036393679880291e-06,5.036393679880291e-06
556082453,0.3057056992845479,0.1145212222075925,1.2154159545898438,1.752293348312378,1.5355106592178345,870,0.3057057337539127,0.11452118621822549,1.2154154777526855,1.7522934675216675,1.5355100631713867,870,3.4469364806888336e-08,3.4469364806888336e-06,3.4469364806888336e-06
556115787,0.3510082572297994,0.133768449832804,1.359076738357544,1.488087773323059,1.6618030071258545,871,0.35100829964645014,0.13376846751674518,1.359076976776123,1.4880876541137695,1.6618032455444336,871,4.241665074733447e-08,4.241665074733447e-06,4.241665074733447e-06
556149121,0.3920830140110595,0.1317855048765561,1.2322427034378052,1.4721922874450684,1.603398323059082,872,0.3920830643749963,0.13178552139476246,1.2322429418563843,1.4721912145614624,1.6033974885940552,872,5.036393679880291e-08,5.036393679880291e-06,5.036393679880291e-06
556182455,0.4283561557130757,0.1507275627295228,1.0881942510604858,1.1623249053955078,1.6152799129486084,873,0.42835620607701247,0.15072756706968643,1.0881942510604858,1.1623246669769287,1.6152796745300293,873,5.036393679880291e-08,5.036393679880291e-06,5.036393679880291e-06
556215789,0.4610845535592976,0.1471484078434874,0.9818519353866576,1.1820905208587646,1.5671743154525757,874,0.4610846078968774,0.1471484056831657,0.9818520545959473,1.182089924812317,1.5671734809875488,874,5.433757976902598e-08,5.433757976902598e-06,5.433757976902598e-06
556249123,0.4942528535521769,0.1481902241933258,0.995048999786377,1.2733575105667114,1.7113603353500366,875,0.4942529078897566,0.1481902243628265,0.995048999786377,1.2733571529388428,1.7113598585128784,875,5.433757976902598e-08,5.433757976902598e-06,5.433757976902598e-06
556282457,0.5290106306072815,0.143842710937944,1.0427333116531372,1.3487114906311035,1.712883710861206,876,0.5290106889185042,0.14384271093794407,1.0427334308624268,1.3487114906311035,1.712883710861206,876,5.831122273924905e-08,5.831122273924905e-06,5.831122273924905e-06
556315791,0.5663364380197469,0.1290247245490064,1.1197742223739624,1.6152312755584717,1.6990612745285034,877,0.5663365003046126,0.12902471513308145,1.119774341583252,1.6152305603027344,1.699060320854187,877,6.228486570947211e-08,6.2284865709472115e-06,6.2284865709472115e-06
556349125,0.6044235239025696,0.1000175433746871,1.1426125764846802,1.892728567123413,1.3754665851593018,878,0.6044235822137922,0.1000175290735516,1.1426124572753906,1.8927289247512817,1.3754665851593018,878,5.8311222628226744e-08,5.8311222628226744e-06,5.8311222628226744e-06
556382459,0.6608006308075531,0.0916150663477699,1.1275421380996704,1.964643239974976,1.2749488353729248,879,0.6608006831583113,0.0916150663477699,1.1275420188903809,1.9646432399749756,1.2749488353729248,879,5.235075817289214e-08,5.235075817289214e-06,5.235075817289214e-06
556415793,0.7174257347580536,0.0647682113766092,1.1325020790100098,0.6052432656288147,0.2608662843704223,880,0.7174257751878829,0.0647681539445356,1.1325018405914307,0.6052429676055908,0.2608658969402313,880,4.042982926222294e-08,4.042982926222294e-06,4.042982926222294e-06
556449127,0.7734012017246826,0.0055120817454338,1.1195093393325806,0.7090221643447876,0.0245656929910182,881,0.7734012361940474,0.005512144014516645,1.119509220123291,0.7090221047401428,0.02456596866250038,881,3.4469364806888336e-08,3.4469364806888336e-06,3.4469364806888336e-06
556482461,0.8338988863433572,0.8338988863433572,1.382541298866272,1.1333136558532717,-1.9469465017318728,882,0.8338988924268436,0.8338988924268436,1.3825414180755615,1.1333138942718506,-1.9469467401504517,882,6.083486381314174e-09,6.083486381314174e-07,6.083486381314174e-07
556515795,0.8797006093467447,0.8287396121238596,1.3740516901016235,0.9964728355407716,-1.847076654434204,883,0.879700623377517,0.8287395912909705,1.3740519285202026,0.9964727163314819,-1.8470770120620728,883,1.403077232176031e-08,1.403077232176031e-06,1.403077232176031e-06
556549129,0.9239539626245868,0.8462366291417034,1.327600598335266,0.840604305267334,-1.2164716720581057,884,0.9239539607607873,0.8462366575480583,1.327600121498108,0.8406045436859131,-1.216471552848816,884,-1.8637995591319623e-09,-1.8637995591319623e-07,1.8637995591319623e-07
556582463,0.9656879388297768,0.821941504952252,1.252019286155701,0.6722251176834106,-1.384458065032959,885,0.9656879409396203,0.821941527291705,1.2520194053649902,0.6722254157066345,-1.3844581842422485,885,2.109843522113408e-09,2.1098435221134082e-07,2.1098435221134082e-07
556615797,0.0057398600384763,0.920012012123016,1.2015576362609863,1.204030990600586,-0.6618033051490784,886,0.005739870095605726,0.9200119939706985,1.2015578746795654,1.204030990600586,-0.6618034839630127,886,1.0057129462559544e-08,1.0057129462559544e-06,1.0057129462559544e-06
556649131,0.0524081121416102,0.0524081121416101,1.0901888608932495,1.6892194747924805,0.5772597193717957,887,0.05240812060705913,0.05240812060705916,1.0901888608932495,1.689219355583191,0.5772597789764404,887,8.465448897432282e-09,8.465448897432282e-07,8.465448897432282e-07
556682465,0.096399904343606,0.1339247824340521,0.879835844039917,1.3859575986862185,1.5508129596710205,888,0.09639991280905497,0.1339247809879904,0.879835844039917,1.3859578371047974,1.5508131980895996,888,8.465449008454584e-09,8.465449008454584e-07,8.465449008454584e-07
556715799,0.1410177956552515,0.1461616489033479,0.8923578262329102,1.7346923351287842,2.2703771591186523,889,0.14101779518000376,0.14616164919998056,0.8923576474189758,1.7346926927566528,2.2703776359558105,889,-4.752477300584701e-10,-4.752477300584701e-08,4.752477300584701e-08
556749133,0.1529315428679387,0.1529315428679387,0.9227567911148072,1.6339139938354492,2.338275909423828,890,0.15293152329467793,0.1529315232946779,0.9227570295333862,1.6339137554168701,2.3382749557495117,890,-1.957326078994015e-08,-1.957326078994015e-06,1.957326078994015e-06
556782467,0.1604530093832775,0.1604530093832775,0.9573521614074708,1.53641676902771,2.4363057613372803,891,0.1604530331256215,0.1604530331256215,0.9573520421981812,1.5364164113998413,2.4363059997558594,891,2.3742343979726854e-08,2.3742343979726854e-06,2.3742343979726854e-06
556815801,0.1716665477678943,0.1716665477678943,0.903477430343628,1.403073787689209,2.616716861724853,892,0.1716665365048947,0.1716665365048947,0.903477668762207,1.403074026107788,2.6167168617248535,892,-1.126299964404609e-08,-1.126299964404609e-06,1.126299964404609e-06
556849135,0.1960661541947496,0.1960661541947496,0.8520808219909668,0.9092774391174316,2.579707145690918,893,0.19606612089594264,0.19606612089594264,0.8520805835723877,0.9092782139778137,2.579707622528076,893,-3.329880693403453e-08,-3.329880693403453e-06,3.329880693403453e-06
556882469,0.2229975155521206,0.1957034996393625,0.8079408407211304,0.9042494297027588,2.5469167232513428,894,0.22299747827967067,0.19570344949547908,0.8079407215118408,0.9042505025863647,2.546917200088501,894,-3.72724499042576e-08,-3.72724499042576e-06,3.72724499042576e-06
556915803,0.2576358925828111,0.1492588238895391,1.039151310920715,1.3735753297805786,1.8721673488616943,895,0.2576358553103612,0.1492588454077487,1.0391513109207153,1.3735748529434204,1.8721672296524048,895,-3.72724499042576e-08,-3.72724499042576e-06,3.72724499042576e-06
556949137,0.2936719468761258,0.1279314111635004,1.0810816287994385,1.7094626426696775,1.7736234664916992,896,0.2936718937091039,0.12793139472741333,1.0810811519622803,1.7094628810882568,1.7736233472824097,896,-5.316702189617217e-08,-5.316702189617217e-06,5.316702189617217e-06
556982471,0.3310860605566474,0.1318050521912573,1.1224234104156494,1.7945504188537598,1.9549678564071653,897,0.33108600738962557,0.13180503371676333,1.1224234104156494,1.7945501804351807,1.9549671411514282,897,-5.316702184066102e-08,-5.316702184066102e-06,5.316702184066102e-06
557015805,0.3709101608920865,0.1406805334998927,1.1947230100631714,1.6306957006454468,1.9884228706359863,898,0.37091010375142164,0.1406805267687648,1.1947228908538818,1.6306959390640259,1.9884229898452759,898,-5.714066486639524e-08,-5.714066486639524e-06,5.714066486639524e-06
557049139,0.4115938078889025,0.1595842115597213,1.22050940990448,1.3230668306350708,2.0728302001953125,899,0.4115937586955236,0.159584216264456,1.220509648323059,1.3230665922164917,2.0728299617767334,899,-4.9193378870437954e-08,-4.919337887043795e-06,4.919337887043795e-06
557082473,0.4500384819039476,0.1613341060517078,1.153340220451355,1.255543231964111,2.015567779541016,900,0.4500384287369258,0.1613340383482445,1.1533401012420654,1.255543828010559,2.015566825866699,900,-5.316702178514987e-08,-5.316702178514987e-06,5.316702178514987e-06
557115807,0.4797746232677273,0.1672012582751818,0.8920842409133911,1.0197842121124268,1.780099868774414,901,0.479774564140241,0.16720125025055163,0.8920840620994568,1.0197843313217163,1.780099868774414,901,-5.9127486295995624e-08,-5.912748629599562e-06,5.912748629599562e-06
557149141,0.5089999329575671,0.1616935183929871,0.8767592906951904,1.07979416847229,1.7421859502792358,902,0.5089998817773667,0.1616934888067063,0.8767595291137695,1.0797947645187378,1.742186188697815,902,-5.118020041106064e-08,-5.118020041106064e-06,5.118020041106064e-06
557182475,0.5396907976795011,0.1490895747660166,0.92072594165802,1.3176933526992798,1.7920022010803225,903,0.5396907544465867,0.14908956506351423,0.9207261800765991,1.3176929950714111,1.792001485824585,903,-4.32329144706145e-08,-4.32329144706145e-06,4.32329144706145e-06
557215809,0.5715282729793363,0.1475901964211222,0.9551242589950562,1.4184718132019043,1.8914586305618288,904,0.5715282297464218,0.14759019321191227,0.9551242589950562,1.4184716939926147,1.8914583921432495,904,-4.32329144706145e-08,-4.32329144706145e-06,4.32329144706145e-06
557249143,0.6059353084890816,0.1360471091067207,1.0322110652923584,1.5876834392547607,1.824938178062439,905,0.6059352692298101,0.1360471173321678,1.032211184501648,1.5876829624176025,1.8249378204345703,905,-3.9259271500391435e-08,-3.9259271500391435e-06,3.9259271500391435e-06
557282477,0.6422181061435515,0.1145703650435121,1.0884839296340942,1.8836874961853027,1.6516780853271484,906,0.642218062910637,0.114570376431947,1.0884838104248047,1.8836874961853027,1.6516783237457275,906,-4.32329144706145e-08,-4.32329144706145e-06,4.32329144706145e-06
557315811,0.6960590413738066,0.1019210989613675,1.0768187046051023,2.024109125137329,1.5082626342773438,907,0.6960589981408921,0.10192109588942148,1.0768187046051025,2.02410888671875,1.5082623958587646,907,-4.32329144706145e-08,-4.32329144706145e-06,4.32329144706145e-06
557349145,0.7493200174499327,0.0793271541733996,1.065219521522522,0.5180622935295105,0.2819616496562958,908,0.7493199742170182,0.07932717473809385,1.065219521522522,0.5180623531341553,0.2819617688655853,908,-4.32329144706145e-08,-4.32329144706145e-06,4.32329144706145e-06
557382479,0.8002099565196806,0.0423587328818099,1.0177987813949585,0.5164958834648132,0.140804648399353,909,0.8002099013658373,0.04235870257679256,1.0177985429763794,0.516495943069458,0.14080455899238586,909,-5.515384338128371e-08,-5.515384338128371e-06,5.515384338128371e-06
557415813,0.8466968706775481,0.9488224918976276,0.9297382831573486,0.4983877837657928,-0.1660225093364715,910,0.8466968155237047,0.9488225618533458,0.9297382831573486,0.4983878433704376,-0.16602228581905365,910,-5.515384338128371e-08,-5.515384338128371e-06,5.515384338128371e-06
557449147,0.8962354293990904,0.9198116120910242,0.9907711744308472,0.5245432257652283,-0.2891791462898254,911,0.896235374245247,0.9198115212269109,0.9907711744308472,0.5245431661605835,-0.2891795039176941,911,-5.515384338128371e-08,-5.515384338128371e-06,5.515384338128371e-06
557482481,0.9324406655161356,0.8433811769005641,1.0861570835113523,0.3748837113380432,-0.563877522945404,912,0.9324406143359351,0.8433812040801636,1.086157202720642,0.374883770942688,-0.5638774037361145,912,-5.118020052208294e-08,-5.118020052208294e-06,5.118020052208294e-06
557515815,0.9661899319816404,0.4569488108603771,1.012477993965149,-0.311176598072052,0.0862877145409584,913,0.966189876827797,0.4569488903164108,1.0124778747558594,-0.31117644906044006,0.08628750592470169,913,-5.515384338128371e-08,-5.515384338128371e-06,5.515384338128371e-06
557549149,0.0164542785812191,0.8081223279305798,1.5079303979873655,0.7665259838104248,-2.0048089027404785,914,0.016454215480089962,0.8081223340017707,1.5079301595687866,0.7665261626243591,-2.0048091411590576,914,-6.310112915519639e-08,-6.310112915519639e-06,6.310112915519639e-06
557582483,0.0593196065752479,0.8054784256059724,1.2859598398208618,0.6564847230911255,-1.8064002990722656,915,0.05931954347411869,0.8054784369882717,1.2859598398208618,0.6564847826957703,-1.8064000606536865,915,-6.310112921070754e-08,-6.310112921070754e-06,6.310112921070754e-06
557615817,0.0992782981722327,0.8004180570342952,1.198760747909546,0.5403159260749817,-1.6481778621673584,916,0.09927823904474653,0.8004180536267798,1.1987608671188354,0.5403159260749817,-1.648177981376648,916,-5.912748618497332e-08,-5.912748618497332e-06,5.912748618497332e-06
557649151,0.1350509992767148,0.8142154895558298,1.0731810331344604,0.6769788861274719,-1.5858066082000732,917,0.1350509520701575,0.8142155127545804,1.073181390762329,0.6769793629646301,-1.5858070850372314,917,-4.720655732981527e-08,-4.720655732981527e-06,4.720655732981527e-06
557682485,0.1671458911427629,0.8334838885844517,0.9628467559814452,0.7786487936973572,-1.3457177877426147,918,0.16714584393620568,0.8334839508293337,0.9628467559814453,0.7786491513252258,-1.345717191696167,918,-4.7206557218792966e-08,-4.720655721879297e-06,4.720655721879297e-06
557715819,0.1955096633760902,0.8452021747460242,0.8509131669998169,0.5903415679931641,-0.8662920594215393,919,0.1955096161695329,0.8452021193549304,0.8509131669998169,0.590341329574585,-0.8662923574447632,919,-4.720655727430412e-08,-4.720655727430412e-06,4.720655727430412e-06
557749153,0.2307356865732642,0.3611349402187346,0.7045204639434814,-0.1521565020084381,0.1812779307365417,920,0.23073564234693922,0.36113490911646945,0.7045205235481262,-0.15215620398521423,0.18127764761447906,920,-4.4226324991125665e-08,-4.4226324991125665e-06,4.4226324991125665e-06
557782487,0.2639730067579719,0.4479115436670701,0.6647464036941528,-0.8831056356430054,0.2998056709766388,921,0.2639729655118791,0.44791145834768,0.6647464632987976,-0.8831053972244263,0.2998061180114746,921,-4.1246092818969515e-08,-4.1246092818969515e-06,4.1246092818969515e-06
557815821,0.2988076390354606,0.4516051161340857,0.6966926455497742,-1.2922823429107666,0.405525654554367,922,0.2988075918289033,0.45160508520907,0.6966925263404846,-1.292282223701477,0.40552589297294617,922,-4.720655727430412e-08,-4.720655727430412e-06,4.720655727430412e-06
557849155,0.336582601222274,0.4582136297904018,0.7554992437362671,-1.6042031049728394,0.4311383664608001,923,0.33658255103548446,0.45821351080207656,0.7554991841316223,-1.6042028665542603,0.43113958835601807,923,-5.018678955748257e-08,-5.018678955748257e-06,5.018678955748257e-06
557882489,0.3739612461655113,0.4581029779697416,0.7475728988647461,-1.588953733444214,0.4282247424125671,924,0.3739611900182573,0.4581029469228879,0.7475727796554565,-1.5889534950256348,0.42822501063346863,924,-5.614725401281717e-08,-5.614725401281717e-06,5.614725401281717e-06
557915823,0.4100368382065269,0.4604573260829278,0.7215118408203125,-1.528091311454773,0.3876702189445495,925,0.41003678801973736,0.4604573725281473,0.721511960029602,-1.5280907154083252,0.3876695930957794,925,-5.018678955748257e-08,-5.018678955748257e-06,5.018678955748257e-06
557949157,0.4568363966076347,0.5193137203076337,0.9359911680221558,-1.799021601676941,-0.2193922996520996,926,0.45683635238130965,0.5193137307309217,0.9359912872314453,-1.7990217208862305,-0.21939243376255035,926,-4.4226325046636816e-08,-4.422632504663682e-06,4.422632504663682e-06
557982491,0.4949663501509798,0.306127748197986,1.143898606300354,-0.7049798369407654,1.9154611825942995,927,0.4949662940037258,0.3061277793957325,1.1438982486724854,-0.7049799561500549,1.9154603481292725,927,-5.614725395730602e-08,-5.614725395730602e-06,5.614725395730602e-06
558015825,0.534232086095092,0.3135511457869898,1.1779720783233645,-0.718988299369812,1.7038743495941162,928,0.534232037895124,0.3135511039903857,1.1779723167419434,-0.7189878225326538,1.7038744688034058,928,-4.8199968016859884e-08,-4.8199968016859884e-06,4.8199968016859884e-06
558049159,0.5759421330222262,0.322733990837731,1.251301407814026,-0.8034711480140686,1.6340036392211914,929,0.5759420848222582,0.3227339535910216,1.2513014078140259,-0.8034707903862,1.6340038776397705,929,-4.8199968016859884e-08,-4.8199968016859884e-06,4.8199968016859884e-06
558082493,0.6150334061710807,0.2939537457065314,1.1727381944656372,-0.4693627655506134,1.656116604804993,930,0.6150333579711127,0.29395372838269596,1.1727381944656372,-0.46936270594596863,1.6561170816421509,930,-4.8199968016859884e-08,-4.8199968016859884e-06,4.8199968016859884e-06
558115827,0.6520139278500052,0.2956591655983422,1.1094156503677368,-0.4739128649234772,1.606356143951416,931,0.6520138756763942,0.29565914115132663,1.1094155311584473,-0.4739125967025757,1.606356143951416,931,-5.217361098708295e-08,-5.217361098708295e-06,5.217361098708295e-06
558149161,0.6875588915277294,0.3119666237523311,1.066348910331726,-0.5700168013572693,1.3892930746078491,932,0.6875588234595466,0.3119666083163759,1.0663484334945679,-0.5700167417526245,1.3892933130264282,932,-6.806818286797522e-08,-6.8068182867975224e-06,6.8068182867975224e-06
558182495,0.7154735030262442,0.3735387826439726,0.8374383449554443,-0.7209565043449402,0.7343178987503052,933,0.7154734289975969,0.3735387638677664,0.83743816614151,-0.7209568023681641,0.7343183755874634,933,-7.402864732330983e-08,-7.402864732330983e-06,7.402864732330983e-06
558215829,0.7408329389024547,0.4542355197957013,0.7607830762863159,-0.9032167196273804,0.2671200037002563,934,0.7408328648738074,0.45423544538693766,0.7607830762863159,-0.9032167792320251,0.26712048053741455,934,-7.402864732330983e-08,-7.402864732330983e-06,7.402864732330983e-06
558249163,0.7656086962947022,0.4831298361658358,0.7432727217674255,-0.8757538199424744,0.093177706003189,935,0.7656086322001624,0.4831299048468933,0.7432730197906494,-0.8757537007331848,0.09317731112241745,935,-6.409453978672985e-08,-6.409453978672985e-06,6.409453978672985e-06
558282497,0.7899536770114075,0.4808098618500789,0.7303494215011597,-0.8446779847145081,0.102343663573265,936,0.7899536149036892,0.48080991023129105,0.7303494811058044,-0.8446780443191528,0.10234341025352478,936,-6.210771830161832e-08,-6.210771830161832e-06,6.210771830161832e-06
558315831,0.8147138438154032,0.4938548199372904,0.742805004119873,-0.7821083664894104,0.0302132405340671,937,0.8147137817076849,0.4938548966780721,0.742805004119873,-0.7821083068847656,0.03021286055445671,937,-6.210771830161832e-08,-6.210771830161832e-06,6.210771830161832e-06
558349165,0.8406017384458354,0.5032182149059561,0.7766368389129639,-0.7195125818252563,-0.0145509885624051,938,0.8406016743512956,0.5032182343962843,0.7766367793083191,-0.7195120453834534,-0.014551065862178802,938,-6.409453978672985e-08,-6.409453978672985e-06,6.409453978672985e-06
558382499,0.883033361189442,0.2785505821889025,0.8486324548721313,-0.1784733533859253,0.9842029809951782,939,0.8830332911344377,0.278550503098842,0.8486323356628418,-0.17847289144992828,0.9842032194137573,939,-7.005500424206446e-08,-7.005500424206446e-06,7.005500424206446e-06
558415833,0.9327281556058696,0.0930833981974736,0.9938958883285522,0.5682152509689331,0.3762364387512207,940,0.9327280855508654,0.0930834796003841,0.9938958883285522,0.5682154297828674,0.3762369751930237,940,-7.005500424206446e-08,-7.005500424206446e-06,7.005500424206446e-06
558449167,0.9776767752099804,0.1061912606212128,0.8989723920822144,0.4065825343132019,0.3202805817127228,941,0.9776766991945116,0.10619126782007819,0.8989722728729248,0.4065825343132019,0.32028061151504517,941,-7.601546880842136e-08,-7.601546880842136e-06,7.601546880842136e-06
558482501,0.021487071268635,0.0778344353087636,0.8762059211730957,0.3876243233680725,0.2062805444002151,942,0.02148699525316644,0.07783444331104787,0.8762059211730957,0.38762447237968445,0.2062806487083435,942,-7.601546858637676e-08,-7.6015468586376755e-06,7.6015468586376755e-06
558515835,0.0662491372752955,0.079244755569281,0.8952413201332092,0.2827515006065368,0.1537012159824371,943,0.06624905827959467,0.0792448360846049,0.8952412605285645,0.2827513515949249,0.1537013202905655,943,-7.899570081404406e-08,-7.899570081404406e-06,7.899570081404406e-06
558549169,0.0985550494520634,0.8794959698552737,0.9691773653030396,0.2341393232345581,-0.2212710082530975,944,0.09855496648271966,0.879495951393994,0.96917724609375,0.23413917422294617,-0.22127091884613037,944,-8.296934372875597e-08,-8.296934372875597e-06,8.296934372875597e-06
558582503,0.1345487248429427,0.7382454225041327,1.0798102617263794,-0.0537958107888698,-0.7270610928535461,945,0.13454864187359897,0.7382454267084049,1.0798102617263794,-0.053795795887708664,-0.7270611524581909,945,-8.296934372875597e-08,-8.296934372875597e-06,8.296934372875597e-06
558615837,0.1701986403791875,0.6781524888173067,1.0694974660873413,-0.3735456764698028,-0.7704808712005615,946,0.1701985574098437,0.6781524987863432,1.0694974660873413,-0.3735456168651581,-0.7704808712005615,946,-8.296934383977828e-08,-8.296934383977828e-06,8.296934383977828e-06
558649171,0.2160131366579503,0.6039220755413082,0.9162899255752563,-0.6821798086166382,-0.5217912793159485,947,0.21601305368860652,0.603922086377172,0.9162899255752563,-0.682179868221283,-0.521791398525238,947,-8.296934378426712e-08,-8.296934378426712e-06,8.296934378426712e-06
558682505,0.2597953946917027,0.5761089716045457,0.8756451606750488,-0.7198055386543274,-0.3730994760990143,948,0.259795311722359,0.5761089460151755,0.8756451606750488,-0.7198054194450378,-0.37309926748275757,948,-8.296934372875597e-08,-8.296934372875597e-06,8.296934372875597e-06
558715839,0.304621875437972,0.5801544567344531,0.8965296149253845,-0.6975260376930237,-0.3843501806259155,949,0.30462178948839597,0.5801544473664713,0.8965295553207397,-0.6975259184837341,-0.384350061416626,949,-8.594957601193443e-08,-8.594957601193443e-06,8.594957601193443e-06
558749173,0.3498104901640385,0.5905481794138245,0.9037722945213318,-0.6528800129890442,-0.4174915552139282,950,0.3498104042144625,0.5905481625061249,0.9037722945213318,-0.652880072593689,-0.41749149560928345,950,-8.594957595642327e-08,-8.594957595642327e-06,8.594957595642327e-06
558782507,0.392141884717223,0.5813956133652909,0.8466278910636902,-0.7185162305831909,-0.4032524228096008,951,0.3921418047281115,0.5813956340605733,0.8466280102729797,-0.7185161709785461,-0.403252512216568,951,-7.998911150108867e-08,-7.998911150108867e-06,7.998911150108867e-06
558815841,0.4409085156052083,0.8644554599829257,0.9753326177597046,0.8129638433456421,-0.9285114407539368,952,0.4409084475370257,0.8644554144362759,0.9753328561782837,0.8129634261131287,-0.9285115003585815,952,-6.806818259041947e-08,-6.806818259041947e-06,6.806818259041947e-06
558849175,0.4877273739902943,0.9374106385377255,0.9363771677017212,1.2255278825759888,-0.5084366202354431,953,0.4877273059221117,0.9374106539944296,0.9363771677017212,1.2255276441574097,-0.508436381816864,953,-6.806818259041947e-08,-6.806818259041947e-06,6.806818259041947e-06
558882509,0.5323428274719685,0.9752730315680902,0.8923090696334839,1.3491064310073853,-0.2113056480884552,954,0.5323427534433214,0.9752730384519832,0.8923089504241943,1.3491069078445435,-0.2113056629896164,954,-7.402864710126522e-08,-7.402864710126522e-06,7.402864710126522e-06
558915843,0.5748045237390965,0.0114318150365155,0.8492339253425598,1.0609160661697388,0.0763350278139114,955,0.5748044497104494,0.011431857963419938,0.8492339253425598,1.0609155893325806,0.07633528113365173,955,-7.402864710126522e-08,-7.402864710126522e-06,7.402864710126522e-06
558949177,0.6025669208694269,0.0864134100077914,0.8328719139099121,0.777081310749054,0.468928724527359,956,0.6025668488276014,0.08641327315066333,0.8328719735145569,0.7770811915397644,0.4689277410507202,956,-7.204182550513138e-08,-7.2041825505131385e-06,7.2041825505131385e-06
558982511,0.6293706766296198,0.1335273421777492,0.8041126728057861,0.6733125448226929,0.7496249675750732,957,0.6293706006141513,0.13352724982389425,0.8041125535964966,0.6733129024505615,0.749624490737915,957,-7.601546847535445e-08,-7.601546847535445e-06,7.601546847535445e-06
559015845,0.6541079631973078,0.1598051946651347,0.7421185970306396,0.5704801678657532,0.8965055346488953,958,0.6541078832081962,0.15980511729427244,0.7421184778213501,0.5704807043075562,0.8965054154396057,958,-7.998911155659982e-08,-7.998911155659982e-06,7.998911155659982e-06
559049179,0.6752665113934646,0.2023592726437801,0.6347564458847046,0.4097361266613006,1.32768976688385,959,0.675266431404353,0.2023592563345041,0.6347564458847046,0.4097362756729126,1.32768976688385,959,-7.998911155659982e-08,-7.998911155659982e-06,7.998911155659982e-06
559082513,0.6963935187984278,0.189013701249375,0.6338102221488953,0.7488459348678589,1.857651710510254,960,0.6963934467566022,0.18901372137422986,0.6338104605674744,0.7488455176353455,1.8576513528823853,960,-7.204182561615369e-08,-7.204182561615369e-06,7.204182561615369e-06
559115847,0.7289766005206874,0.1841110661858014,0.6516616344451904,0.887326180934906,2.019468307495117,961,0.7289765284788617,0.18411107501507226,0.6516616344451904,0.8873259425163269,2.019468069076538,961,-7.204182561615369e-08,-7.204182561615369e-06,7.204182561615369e-06
559149181,0.7623111507821848,0.19643144668277,0.66669100522995,0.7219185829162598,2.063244342803955,962,0.7623110697996626,0.19643143439387203,0.6666908264160156,0.7219187617301941,2.063244342803955,962,-8.098252224364444e-08,-8.098252224364444e-06,8.098252224364444e-06
559182515,0.7964374086786081,0.2236537628744062,0.6825251579284668,0.3346295654773712,2.002964735031128,963,0.796437315775157,0.22365368456801907,0.6825249195098877,0.33463069796562195,2.0029654502868652,963,-9.290345115431364e-08,-9.290345115431364e-06,9.290345115431364e-06
559215849,0.8324284992147257,0.2523270026107449,0.7198218107223511,-0.0299791954457759,2.0502758026123047,964,0.83242840035081,0.25232699670238523,0.7198216915130615,-0.029979122802615166,2.050276041030884,964,-9.886391572067055e-08,-9.886391572067055e-06,9.886391572067055e-06
559249183,0.8739658079076579,0.1702306139212588,0.8307461738586426,1.193132996559143,2.177769660949707,965,0.8739657030832777,0.17023057050935986,0.830746054649353,1.1931331157684326,2.1777684688568115,965,-1.0482438017600515e-07,-1.0482438017600515e-05,1.0482438017600515e-05
559282517,0.9165856144357492,0.1534569311055272,0.8523961305618286,1.4331752061843872,2.0654897689819336,966,0.9165855096113691,0.15345690491174463,0.8523961305618286,1.433176040649414,2.065490245819092,966,-1.0482438006498285e-07,-1.0482438006498285e-05,1.0482438006498285e-05
559315851,0.957326926939564,0.1409083295440397,0.814826250076294,1.5033079385757446,1.8384501934051516,967,0.9573268340361127,0.14090832783662602,0.814826488494873,1.503308653831482,1.8384510278701782,967,-9.290345126533595e-08,-9.290345126533595e-06,9.290345126533595e-06
559349185,0.000718381159382,0.1377155484284524,0.8678290843963623,1.3459235429763794,1.580202579498291,968,0.0007182763350019883,0.1377155205947007,0.8678288459777832,1.3459240198135376,1.580202579498291,968,-1.048243800094717e-07,-1.048243800094717e-05,1.048243800094717e-05
559382519,0.044598551743107,0.1377325560850343,0.8776034116744995,1.3121254444122314,1.5408549308776855,969,0.044598429037333534,0.13773250428310171,0.8776030540466309,1.3121258020401,1.5408543348312378,969,-1.227057734864978e-07,-1.227057734864978e-05,1.227057734864978e-05
559415853,0.086280646078663,0.14465535934328,0.8336418867111206,1.2969003915786743,1.664498805999756,970,0.0862805174124251,0.14465531909297943,0.833641767501831,1.2969005107879639,1.6644980907440186,970,-1.2866623788632126e-07,-1.2866623788632126e-05,1.2866623788632126e-05
559449187,0.1265515110421945,0.159350212612708,0.8054172992706299,1.0803158283233645,1.6870412826538086,971,0.12655137939572436,0.15935025857836801,0.8054172396659851,1.0803158283233643,1.6870423555374146,971,-1.316464701694997e-07,-1.316464701694997e-05,1.316464701694997e-05
559482521,0.1630748054910471,0.1784441491349996,0.7304658889770508,0.7288188934326172,1.510317087173462,972,0.16307466490388017,0.17844411293915877,0.7304657101631165,0.7288194894790649,1.5103174448013306,972,-1.4058716690801276e-07,-1.4058716690801276e-05,1.4058716690801276e-05
559515855,0.1967493406463434,0.1987589426514899,0.6734907031059265,0.4380893409252167,1.3133639097213743,973,0.1967492000591765,0.1987589556510264,0.6734907031059265,0.4380892217159271,1.3133639097213745,973,-1.4058716690801276e-07,-1.4058716690801276e-05,1.4058716690801276e-05
559549189,0.2193633746632705,0.1864844740674666,0.6784210205078125,0.5705562233924866,1.3529620170593262,974,0.21936323804974658,0.1864844759317029,0.678421139717102,0.570556104183197,1.352961778640747,974,-1.366135239377897e-07,-1.366135239377897e-05,1.366135239377897e-05
559582523,0.2437731813916335,0.1665737601531139,0.7322942018508911,0.7946466207504272,1.3745146989822388,975,0.24377304477810963,0.16657373509778411,0.7322942018508911,0.7946469783782959,1.3745148181915283,975,-1.3661352388227854e-07,-1.3661352388227854e-05,1.3661352388227854e-05
559615857,0.2702028405198226,0.1472850169946858,0.7928897738456726,1.0568907260894775,1.4036933183670044,976,0.2702027039062987,0.14728500836860842,0.7928897738456726,1.056890845298767,1.4036933183670044,976,-1.3661352388227854e-07,-1.3661352388227854e-05,1.3661352388227854e-05
559649191,0.2993480971980859,0.1244839823868506,0.8743577003479004,1.1171879768371582,1.1099669933319092,977,0.29934796058456203,0.12448399925861173,0.8743577003479004,1.1171875,1.10996675491333,977,-1.3661352388227854e-07,-1.3661352388227854e-05,1.3661352388227854e-05
559682525,0.3306796840358545,0.0864995500602079,0.9399476051330566,0.4105205833911896,0.2480313181877136,978,0.3306795474223306,0.08649951602594837,0.9399476051330566,0.4105207324028015,0.24803128838539124,978,-1.366135239377897e-07,-1.366135239377897e-05,1.366135239377897e-05
559715859,0.3623987189460565,0.0545543315085531,0.9515710473060608,0.3824864327907562,0.1364949345588684,979,0.3623985863061756,0.054554410881549706,0.9515711665153503,0.38248658180236816,0.1364952027797699,979,-1.3263988091205547e-07,-1.3263988091205547e-05,1.3263988091205547e-05
559749193,0.3920336039392917,0.0164615944030334,0.8890465497970581,0.5190787315368652,0.0538812391459941,980,0.39203347129941085,0.016461578199236715,0.8890465497970581,0.5190786719322205,0.05388117954134941,980,-1.3263988085654432e-07,-1.3263988085654432e-05,1.3263988085654432e-05
559782527,0.420902366591371,0.0488788712332641,0.8660628795623779,0.3102126121520996,0.0983837470412254,981,0.4209022438855976,0.04887897838509667,0.8660631775856018,0.3102128505706787,0.09838405251502991,981,-1.227057733754755e-07,-1.227057733754755e-05,1.227057733754755e-05
559815861,0.4503295810549229,0.957053848234348,0.8828164339065552,0.3300860822200775,-0.0912966653704643,982,0.4503294623227924,0.9570538145084714,0.8828165531158447,0.3300860524177551,-0.0912967324256897,982,-1.1873213046076359e-07,-1.1873213046076359e-05,1.1873213046076359e-05
559849195,0.4968525977461308,0.8216685927783425,0.9304603338241576,0.1979728639125824,-0.4095138907432556,983,0.49685248497446477,0.8216685422311556,0.9304604530334473,0.19797280430793762,-0.40951409935951233,983,-1.1277166600542898e-07,-1.1277166600542898e-05,1.1277166600542898e-05
559882529,0.5495874138205021,0.7515690338435745,1.0546963214874268,0.0080167688429355,-0.8131545782089233,984,0.5495873010488361,0.7515690412492064,1.0546963214874268,0.008016806095838547,-0.8131545186042786,984,-1.1277166600542898e-07,-1.1277166600542898e-05,1.1277166600542898e-05
559915863,0.6045678766100376,0.7170400778753394,1.0996092557907104,-0.1723478883504867,-0.8202918767929077,985,0.6045677638383716,0.7170400953726139,1.0996092557907104,-0.1723477691411972,-0.8202917575836182,985,-1.1277166600542898e-07,-1.1277166600542898e-05,1.1277166600542898e-05
559949197,0.6360794535804559,0.5975847430327804,0.9453473091125488,-0.7317458391189575,-0.5148618817329407,986,0.636079336835147,0.5975847231202476,0.9453471899032593,-0.7317457795143127,-0.5148617029190063,986,-1.1674530897565205e-07,-1.1674530897565205e-05,1.1674530897565205e-05
559982531,0.6662263305513828,0.5816215163526135,0.9044063091278076,-0.7599534392356873,-0.4279277622699737,987,0.6662262177797168,0.5816215406448024,0.9044064283370972,-0.7599533796310425,-0.4279278814792633,987,-1.1277166600542898e-07,-1.1277166600542898e-05,1.1277166600542898e-05
560015865,0.6966082306234805,0.5774105715356312,0.9114570021629332,-0.7627822756767273,-0.4033238291740417,988,0.696608115864993,0.5774105675143999,0.9114569425582886,-0.762782096862793,-0.4033237099647522,988,-1.1475848749054052e-07,-1.1475848749054052e-05,1.1475848749054052e-05
560049199,0.7275965264964868,0.5859429620156669,0.9296488761901855,-0.7546316385269165,-0.452344000339508,989,0.7275964157116422,0.5859430554149667,0.9296489953994751,-0.7546315789222717,-0.4523445665836334,989,-1.1078484452031745e-07,-1.1078484452031745e-05,1.1078484452031745e-05
560082533,0.7614576629329491,0.7114391666761182,1.015834093093872,-0.2281913459300995,-0.9233291745185852,990,0.7614575521481046,0.7114392101651646,1.015834093093872,-0.22819112241268158,-0.9233293533325195,990,-1.1078484452031745e-07,-1.1078484452031745e-05,1.1078484452031745e-05
560115867,0.8134723535705376,0.8670249659736832,1.04029381275177,0.5067839622497559,-0.5602988004684448,991,0.8134722368252286,0.8670249743966676,1.0402936935424805,0.5067839622497559,-0.5602987408638,991,-1.1674530897565205e-07,-1.1674530897565205e-05,1.1674530897565205e-05
560149201,0.8628947845626641,0.9690250816668048,0.9884486198425292,0.9291844964027404,-0.1831573247909546,992,0.8628946618568906,0.9690250541214429,0.9884485006332397,0.9291845560073853,-0.18315750360488892,992,-1.2270577354200896e-07,-1.2270577354200896e-05,1.2270577354200896e-05
560182535,0.9096344700980952,0.9829959212484396,0.9347937107086182,1.2082295417785645,-0.1295803934335708,993,0.9096343354713925,0.9829959093295777,0.9347934722900391,1.208229660987854,-0.12958049774169922,993,-1.3462670267472276e-07,-1.3462670267472276e-05,1.3462670267472276e-05
560215869,0.95686213588007,0.9990455748955248,0.9445533156394958,1.006462812423706,-0.0060356585308909,994,0.956861998273135,0.9990456034996475,0.9445532560348511,1.0064626932144165,-0.006035476922988892,994,-1.3760693495790122e-07,-1.3760693495790122e-05,1.3760693495790122e-05
560249203,0.002619060032444,0.056872544156352,0.9151384830474854,0.8958165645599365,0.3344708979129791,995,0.002618919445277035,0.05687259768776945,0.9151384234428406,0.8958169221878052,0.33447137475013733,995,-1.405871669635239e-07,-1.4058716696352391e-05,1.4058716696352391e-05
560282537,0.0460983595777321,0.1244064720210938,0.8695859909057617,0.7024795413017273,0.6972595453262329,996,0.046098216010332885,0.12440654669609828,0.8695859313011169,0.702479362487793,0.6972600221633911,996,-1.4356739919119121e-07,-1.4356739919119121e-05,1.4356739919119121e-05
560315871,0.0839470586705971,0.1715427426949175,0.7569739818572998,0.5253797173500061,0.977999746799469,997,0.08394693000435907,0.17154276820106906,0.7569742798805237,0.5253794193267822,0.9779995679855347,997,-1.2866623799734356e-07,-1.2866623799734356e-05,1.2866623799734356e-05
560349205,0.1196238419938851,0.1616789706103517,0.7135356664657593,1.1430549621582031,1.843877196311951,998,0.119623725248576,0.16167898086858587,0.7135359048843384,1.143054723739624,1.8438770771026611,998,-1.1674530908667435e-07,-1.1674530908667435e-05,1.1674530908667435e-05
560382539,0.139468811291501,0.139468811291501,0.7355437874794006,1.3836432695388794,1.6612173318862915,999,0.13946877870286434,0.13946877870286434,0.735543966293335,1.3836437463760376,1.661217212677002,999,-3.258863667809919e-08,-3.258863667809919e-06,3.258863667809919e-06
560415873,0.1543057496360353,0.1543057496360354,0.727817714214325,1.2323131561279297,1.796387791633606,1000,0.15430571598173637,0.1543057159817364,0.7278177738189697,1.232313632965088,1.7963876724243164,1000,-3.3654298903229574e-08,-3.3654298903229574e-06,3.3654298903229574e-06
560449207,0.18835328421635,0.18835328421635,0.7221133708953857,0.8243417739868164,2.020711898803711,1001,0.18835329883343988,0.18835329883343988,0.7221133708953857,0.8243416547775269,2.02071213722229,1001,1.461708987182675e-08,1.461708987182675e-06,1.461708987182675e-06
560482541,0.2233015117815499,0.2233015117815499,0.7136192321777344,0.3459243178367615,2.042743444442749,1002,0.22330148098096358,0.2233014809809636,0.7136192321777344,0.3459247648715973,2.042743682861328,1002,-3.0800586303669775e-08,-3.0800586303669775e-06,3.0800586303669775e-06
560515875,0.2507318116994067,0.2071510716198794,0.8229089975357056,0.6481550931930542,2.3490099906921387,1003,0.2507317828856419,0.20715108507408928,0.8229090571403503,0.648154616355896,2.3490090370178223,1003,-2.881376481855824e-08,-2.881376481855824e-06,2.881376481855824e-06
560549209,0.2809582211346789,0.1676314995369867,0.9067922830581664,1.2328927516937256,2.16564679145813,1004,0.28095820821548606,0.16763147693681427,0.9067927598953247,1.2328927516937256,2.1656460762023926,1004,-1.2919192826643666e-08,-1.2919192826643666e-06,1.2919192826643666e-06
560582543,0.3104003367594246,0.1470277937447386,0.8832634687423706,1.428062081336975,1.8902933597564695,1005,0.31040031589294576,0.14702779728931617,0.8832632303237915,1.428062915802002,1.8902945518493652,1005,-2.0866478822600953e-08,-2.0866478822600953e-06,2.0866478822600953e-06
560615877,0.3397003827265267,0.1417337297737695,0.8790013790130615,1.3842371702194214,1.7108640670776367,1006,0.3397003678205123,0.14173372563066045,0.8790015578269958,1.3842370510101318,1.7108638286590576,1006,-1.4906014422777503e-08,-1.4906014422777503e-06,1.4906014422777503e-06
560649211,0.3702332871925199,0.1398534693227471,0.9159871339797974,1.3418374061584473,1.6189656257629397,1007,0.3702332683128625,0.13985343120881222,0.9159870147705078,1.341837763786316,1.6189652681350708,1007,-1.887965739300057e-08,-1.887965739300057e-06,1.887965739300057e-06
560682545,0.3996717271975045,0.1415851529068314,0.8831532001495361,1.3842661380767822,1.7076373100280762,1008,0.39967170831784704,0.14158511902688967,0.8831532001495361,1.3842662572860718,1.7076367139816284,1008,-1.8879657448511722e-08,-1.8879657448511722e-06,1.8879657448511722e-06
560715879,0.4284192500284676,0.1526649165299555,0.862425684928894,1.2532947063446045,1.78719162940979,1009,0.4284192232015242,0.1526649172685929,0.8624254465103149,1.2532949447631836,1.7871919870376587,1009,-2.6826943388957858e-08,-2.682694338895786e-06,2.682694338895786e-06
560749213,0.4558260220062101,0.1788056354146245,0.8222031593322754,0.8113633990287781,1.6911752223968506,1010,0.4558259951792667,0.1788056217352318,0.8222031593322754,0.8113635778427124,1.6911752223968506,1010,-2.6826943388957858e-08,-2.682694338895786e-06,2.682694338895786e-06
560782547,0.4786326048544411,0.1932035590662895,0.6841974854469299,0.555930495262146,1.4911293983459473,1011,0.4786325800143192,0.19320358841444205,0.6841975450515747,0.5559301376342773,1.4911292791366577,1011,-2.4840121903846324e-08,-2.4840121903846324e-06,2.4840121903846324e-06
560815881,0.5015917815537616,0.1819751108958421,0.6887753009796143,0.6802007555961609,1.4933267831802368,1012,0.5015917606872826,0.1819751113641378,0.6887754201889038,0.6802006959915161,1.4933266639709473,1012,-2.0866478989134407e-08,-2.0866478989134407e-06,2.0866478989134407e-06
560849215,0.5264024215709532,0.1647777124723413,0.7443192005157471,0.9120762348175048,1.5373321771621704,1013,0.5264024086517601,0.16477770991773813,0.7443194389343262,0.9120760560035706,1.5373318195343018,1013,-1.2919193048688271e-08,-1.2919193048688271e-06,1.2919193048688271e-06
560882549,0.5533347723654275,0.1461130236935159,0.8079705238342285,1.1953188180923462,1.563451051712036,1014,0.5533347634198774,0.14611299486248863,0.8079706430435181,1.1953191757202148,1.5634509325027466,1014,-8.945550078465203e-09,-8.945550078465203e-07,8.945550078465203e-07
560915883,0.5828202642769977,0.1249165278897357,0.8845647573471069,1.3748291730880735,1.3733878135681152,1015,0.5828202593050906,0.12491652098970159,0.8845648765563965,1.3748292922973633,1.3733878135681152,1015,-4.971907108242135e-09,-4.971907108242135e-07,4.971907108242135e-07
560949217,0.6152973371517028,0.114544027084349,0.97431218624115,0.860641598701477,0.7543864846229553,1016,0.6152973282061527,0.11454399899620583,0.9743120670318604,0.8606418371200562,0.7543864250183105,1016,-8.945550078465203e-09,-8.945550078465203e-07,8.945550078465203e-07
560982551,0.6633740740787353,0.0960120275591908,0.9615347385406494,0.5073930025100708,0.3495609760284424,1017,0.6633740710936497,0.09601194824500597,0.961534857749939,0.5073932409286499,0.34956076741218567,1017,-2.985085623130601e-09,-2.985085623130601e-07,2.985085623130601e-07
561015885,0.710940553523239,0.0556300498140795,0.9513295888900756,0.6393837332725525,0.2330556213855743,1018,0.7109405624590824,0.05563007000917704,0.9513298273086548,0.6393839716911316,0.23305580019950867,1018,8.935843398560905e-09,8.935843398560905e-07,8.935843398560905e-07
561049219,0.7539814489852752,0.1141704052433306,0.8608179092407227,0.4037317633628845,0.352214366197586,1019,0.7539814579211186,0.114170486860426,0.8608179092407227,0.4037315845489502,0.3522145748138428,1019,8.935843398560905e-09,8.935843398560905e-07,8.935843398560905e-07
561082553,0.7978284376632537,0.0773100769599087,0.8769397735595703,0.5017718076705933,0.2649083435535431,1020,0.797828458520026,0.07731007613355989,0.8769400119781494,0.5017719268798828,0.26490840315818787,1020,2.085677230923011e-08,2.085677230923011e-06,2.085677230923011e-06
561115887,0.8438004094135131,0.9988854882940604,0.919439435005188,0.3805623054504394,-0.0026650009676814,1021,0.8438004302702854,0.9988854428537868,0.919439435005188,0.3805622160434723,-0.0026651090011000633,1021,2.085677230923011e-08,2.085677230923011e-06,2.085677230923011e-06
561149221,0.8776162463199462,0.8101988782428996,1.0144751071929932,0.1746425628662109,-0.4394914507865906,1022,0.8776162671767185,0.8101989487372896,1.0144751071929932,0.1746426224708557,-0.43949103355407715,1022,2.085677230923011e-08,2.085677230923011e-06,2.085677230923011e-06
561182555,0.9125696974765624,0.6599294544396943,1.0486035346984863,-0.510823667049408,-0.8041412234306335,1023,0.9125697183333347,0.6599294544396943,1.0486035346984863,-0.510823667049408,-0.8041412234306335,1023,2.085677230923011e-08,2.085677230923011e-06,2.085677230923011e-06
561215889,0.9455679891279702,0.6175886891048747,0.9899487495422364,-0.725561261177063,-0.6609494090080261,1024,0.9455680179320285,0.6175887456303584,0.9899489879608154,-0.7255612015724182,-0.6609498262405396,1024,2.8804058249676245e-08,2.8804058249676245e-06,2.8804058249676245e-06
561249223,0.9767602838845416,0.5935398503139288,0.9357688426971436,-0.7523733973503113,-0.501284122467041,1025,0.9767603126886,0.5935398968788608,0.9357688426971436,-0.7523732781410217,-0.5012843608856201,1025,2.8804058360698548e-08,2.8804058360698548e-06,2.8804058360698548e-06
561282557,0.006761129475769,0.5817348825906752,0.9000253677368164,-0.7964276075363159,-0.4492137432098388,1026,0.006761158279827262,0.5817348865302039,0.9000253677368164,-0.7964276671409607,-0.44921380281448364,1026,2.8804058249676245e-08,2.8804058249676245e-06,2.8804058249676245e-06
561315891,0.0367664454153543,0.5876755783249576,0.900159478187561,-0.8038105964660645,-0.4937963485717773,1027,0.036766474219412634,0.5876755493157253,0.900159478187561,-0.8038105368614197,-0.49379611015319824,1027,2.8804058360698548e-08,2.8804058360698548e-06,2.8804058360698548e-06
561349225,0.065171644863622,0.57640676389678,0.8521559834480286,-0.856428325176239,-0.4459506273269653,1028,0.06517167366768026,0.5764067769677408,0.8521559834480286,-0.856428325176239,-0.4459507167339325,1028,2.8804058249676245e-08,2.8804058249676245e-06,2.8804058249676245e-06
561382559,0.1011685547998911,0.8439973200300814,1.0799072980880735,0.4574081599712372,-0.6822621822357178,1029,0.10116858360394938,0.8439973519694649,1.0799072980880737,0.4574083983898163,-0.6822622418403625,1029,2.8804058249676245e-08,2.8804058249676245e-06,2.8804058249676245e-06
561415893,0.1352714238337046,0.95526146671194,1.0230860710144043,0.9384865164756776,-0.270984411239624,1030,0.1352714446904769,0.9552614534395794,1.0230858325958252,0.938486635684967,-0.2709845304489136,1030,2.085677230923011e-08,2.085677230923011e-06,2.085677230923011e-06
561449227,0.1670967914433644,0.992741712762964,0.9547610282897948,1.1626495122909546,-0.0530596114695072,1031,0.16709681230013673,0.9927416884166659,0.9547610282897949,1.1626490354537964,-0.05305976793169975,1031,2.085677230923011e-08,2.085677230923011e-06,2.085677230923011e-06
561482561,0.1995386896303659,0.9931642061246758,0.9732569456100464,1.094620943069458,-0.0470435135066509,1032,0.19953870651349528,0.9931641761861136,0.9732568264007568,1.0946208238601685,-0.04704371467232704,1032,1.688312933900704e-08,1.6883129339007041e-06,1.6883129339007041e-06
561515895,0.2306256590059763,0.0467949791096745,0.9326090812683104,0.9661664962768556,0.2925530076026916,1033,0.23062567588910562,0.04679496561875325,0.9326090812683105,0.9661664962768555,0.2925529181957245,1033,1.688312933900704e-08,1.6883129339007041e-06,1.6883129339007041e-06
561549229,0.2609583872329559,0.1030260045409311,0.9099818468093872,0.8324328660964966,0.6293210983276367,1034,0.2609584041160852,0.10302597536097585,0.9099818468093872,0.8324331045150757,0.6293210387229919,1034,1.688312933900704e-08,1.6883129339007041e-06,1.6883129339007041e-06
561582563,0.2863697427284087,0.1591222167009101,0.7623406648635864,0.5532260537147522,0.861208975315094,1035,0.2863697516642521,0.1591222211418354,0.7623404264450073,0.5532261729240417,0.8612092137336731,1035,8.935843398560905e-09,8.935843398560905e-07,8.935843398560905e-07
561615897,0.311271478511032,0.1547744765419083,0.7470520734786987,1.1338560581207275,1.6633436679840088,1036,0.31127148943369687,0.15477449459622122,0.7470521330833435,1.1338557004928589,1.6633435487747192,1036,1.092266488367244e-08,1.092266488367244e-06,1.092266488367244e-06
561649231,0.3357299504450327,0.1396488971227994,0.7337541580200195,1.4554545879364014,1.7514610290527344,1037,0.335729963354519,0.13964888539036097,0.7337542176246643,1.455454707145691,1.7514609098434448,1037,1.2909486368783973e-08,1.2909486368783973e-06,1.2909486368783973e-06
561682565,0.3602820056449737,0.1529426151426902,0.73656165599823,1.3117461204528809,1.8775032758712769,1038,0.3602820205412815,0.15294260565398626,0.7365617156028748,1.3117461204528809,1.8775030374526978,1038,1.4896307742873205e-08,1.4896307742873205e-06,1.4896307742873205e-06
561715899,0.38505581793898,0.1827790237596534,0.7432143688201904,0.9375815391540528,2.086257219314575,1039,0.3850558328352878,0.18277900709643266,0.7432143688201904,0.9375820159912109,2.0862576961517334,1039,1.4896307742873205e-08,1.4896307742873205e-06,1.4896307742873205e-06
561749233,0.4093360302618509,0.2131066198006614,0.7284063696861267,0.4966208636760711,2.1038689613342285,1040,0.40933603919769423,0.21310662834272354,0.7284061908721924,0.4966207444667816,2.1038689613342285,1040,8.935843398560905e-09,8.935843398560905e-07,8.935843398560905e-07
561782567,0.4337123292457427,0.2293861469686787,0.7312889695167542,0.2903154194355011,2.228912353515625,1041,0.43371233420794303,0.2293861403395603,0.7312888503074646,0.2903153896331787,2.2289113998413086,1041,4.962200317315535e-09,4.962200317315535e-07,4.962200317315535e-07
561815901,0.4643451310963795,0.1676076432608514,0.918984055519104,1.2281968593597412,2.156646251678467,1042,0.46434513208493683,0.1676076139194271,0.9189839363098145,1.2281969785690308,2.1566455364227295,1042,9.88557347092467e-10,9.885573470924669e-08,9.885573470924669e-08
561849235,0.4934416709116465,0.1425681708612857,0.8728961944580078,1.4910888671875,1.8628177642822263,1043,0.4934416858079542,0.14256814849432325,0.8728966116905212,1.491088628768921,1.8628169298171997,1043,1.4896307742873205e-08,1.4896307742873205e-06,1.4896307742873205e-06
561882569,0.5233653721979624,0.1439414386399403,0.8977110385894775,1.379481077194214,1.7541992664337158,1044,0.5233653890810916,0.14394143292976352,0.8977110981941223,1.379481554031372,1.754199743270874,1044,1.688312922798474e-08,1.6883129227984739e-06,1.6883129227984739e-06
561915903,0.5541568217447764,0.1383571493143879,0.923743486404419,1.4134111404418943,1.6730539798736572,1045,0.5541568227333337,0.13835715182393038,0.9237430095672607,1.4134114980697632,1.6730544567108154,1045,9.885572360701644e-10,9.885572360701644e-08,9.885572360701644e-08
561949237,0.585107332246638,0.1455202977669559,0.9285153150558472,1.383344650268555,1.7954866886138916,1046,0.5851073272747308,0.14552027374518312,0.9285151362419128,1.3833445310592651,1.7954859733581543,1046,-4.9719072192644376e-09,-4.971907219264438e-07,4.971907219264438e-07
561982571,0.6144472219319509,0.1500343121716058,0.8801966905593872,1.3183729648590088,1.815407633781433,1047,0.6144472189468652,0.15003429042213423,0.880196750164032,1.3183730840682983,1.8154072761535645,1047,-2.9850857341529036e-09,-2.9850857341529036e-07,2.9850857341529036e-07
562015905,0.6422050215573476,0.1713496870377809,0.8327339887619019,0.9485405683517456,1.760591983795166,1048,0.6422050185722619,0.1713496876852694,0.8327339887619019,0.9485406875610352,1.7605922222137451,1048,-2.9850857341529036e-09,-2.9850857341529036e-07,2.9850857341529036e-07
562049239,0.6638242739211884,0.1980919813610988,0.6485775709152222,0.4971615970134735,1.469908356666565,1049,0.6638242689492811,0.19809198136109885,0.6485775113105774,0.4971615970134735,1.469908356666565,1049,-4.9719072192644376e-09,-4.971907219264438e-07,4.971907219264438e-07
562082573,0.6864335316192475,0.186031246435659,0.6782777309417725,0.6255003809928894,1.4715330600738523,1050,0.6864335266473403,0.18603127373594977,0.6782777309417725,0.6255000829696655,1.4715330600738525,1050,-4.9719072192644376e-09,-4.971907219264438e-07,4.971907219264438e-07
562115907,0.7227292793762055,0.1717160200176176,0.7259149551391602,0.8078510761260986,1.507758378982544,1051,0.7227292803647627,0.17171606401292633,0.7259150743484497,0.8078505396842957,1.507758378982544,1051,9.885572360701644e-10,9.885572360701644e-08,9.885572360701644e-08
562149241,0.7621872979175415,0.1518044610482389,0.7891603708267212,1.10103178024292,1.5521464347839355,1052,0.7621872929456343,0.15180446208976917,0.7891602516174316,1.101032018661499,1.5521467924118042,1052,-4.9719072192644376e-09,-4.971907219264438e-07,4.971907219264438e-07
562182575,0.8051462906371918,0.1321796662559353,0.8591798543930054,1.330308198928833,1.456091284751892,1053,0.8051462677838911,0.13217966564243955,0.8591794967651367,1.3303083181381226,1.4560914039611816,1053,-2.2853300696290546e-08,-2.2853300696290546e-06,2.2853300696290546e-06
562215909,0.8525428372394409,0.1074320579680178,0.9479309320449828,1.3044689893722534,1.0441627502441406,1054,0.8525428084256758,0.10743202783617128,0.9479308128356934,1.3044687509536743,1.0441621541976929,1054,-2.8813765151625148e-08,-2.881376515162515e-06,2.881376515162515e-06
562249243,0.8996488708030548,0.0718849218113985,0.9421206712722778,0.6203044652938843,0.3009170293807983,1055,0.8996488360288252,0.07188493308526339,0.9421205520629883,0.6203041076660156,0.3009169101715088,1055,-3.477422960695975e-08,-3.477422960695975e-06,3.477422960695975e-06
562282577,0.9444799798499908,0.0745184459269833,0.8966221809387207,0.4883308112621307,0.246958702802658,1056,0.944479942095529,0.07451843810364496,0.8966221213340759,0.4883308708667755,0.24695870280265808,1056,-3.77544617791159e-08,-3.77544617791159e-06,3.77544617791159e-06
562315911,0.98533338484877,0.076551927483684,0.8170680999755859,0.3817234635353088,0.1992099285125732,1057,0.9853333470943083,0.07655196209174508,0.8170680999755859,0.38172340393066406,0.1992100030183792,1057,-3.77544616680936e-08,-3.7754461668093597e-06,3.7754461668093597e-06
562349245,0.026933099604782,0.0348148896250602,0.8319942951202393,0.419379860162735,0.0932304933667182,1058,0.02693305887008801,0.03481491927097629,0.8319942355155945,0.4193795919418335,0.09323051571846008,1058,-4.07346940067832e-08,-4.07346940067832e-06,4.07346940067832e-06
562382579,0.0559050180287526,0.9524692156527396,0.8691575527191162,0.3221349418163299,-0.0991698578000068,1059,0.05590497530723706,0.9524691998689153,0.8691574931144714,0.3221348524093628,-0.09916986525058746,1059,-4.2721515547405886e-08,-4.272151554740589e-06,4.272151554740589e-06
562415913,0.0881069042058156,0.8299246863984742,0.9660565853118896,0.2250440418720245,-0.4098128378391266,1060,0.08810685751065706,0.8299246517024835,0.9660564661026001,0.2250438928604126,-0.4098127782344818,1060,-4.6695158517628954e-08,-4.669515851762895e-06,4.669515851762895e-06
562449247,0.1226296959093576,0.7197268933635209,1.0356837511062622,-0.1558985412120819,-0.8096976280212402,1061,0.12262964921419914,0.7197269237815278,1.0356837511062622,-0.15589839220046997,-0.809697687625885,1061,-4.66951584621178e-08,-4.66951584621178e-06,4.66951584621178e-06
562482581,0.1575731255383656,0.6643035319451692,1.0483028888702393,-0.4768640100955963,-0.7983388900756836,1062,0.15757307884320712,0.6643035407030665,1.0483028888702393,-0.47686395049095154,-0.7983388900756836,1062,-4.6695158517628954e-08,-4.669515851762895e-06,4.669515851762895e-06
562515915,0.2026256181569264,0.6050327978106695,0.9010498523712158,-0.7124838829040527,-0.5528943538665771,1063,0.20262556848153568,0.6050328005366523,0.901049792766571,-0.7124837040901184,-0.5528942346572876,1063,-4.9675390689785104e-08,-4.96753906897851e-06,4.96753906897851e-06
562549249,0.247041533169286,0.5823044800592657,0.8883183002471924,-0.7406743764877319,-0.421268105506897,1064,0.24704148647412755,0.5823044959060097,0.8883183598518372,-0.7406742572784424,-0.42126813530921936,1064,-4.66951584621178e-08,-4.66951584621178e-06,4.66951584621178e-06
562582583,0.2902924515576527,0.5789349717859015,0.865018367767334,-0.8497291207313538,-0.4597648382186889,1065,0.29029240486249425,0.5789349890574819,0.865018367767334,-0.8497291207313538,-0.4597649574279785,1065,-4.66951584621178e-08,-4.66951584621178e-06,4.66951584621178e-06
562615917,0.3254484949282175,0.823366995322588,1.0546813011169434,0.4456587433815002,-0.8972971439361572,1066,0.325448448233059,0.823366969881799,1.0546813011169434,0.4456585645675659,-0.8972971439361572,1066,-4.66951584621178e-08,-4.66951584621178e-06,4.66951584621178e-06
562649251,0.3589794057380523,0.923160963695034,1.005927324295044,0.7168326377868652,-0.3757401406764984,1067,0.3589793669901798,0.9231609626914745,1.005927562713623,0.7168323993682861,-0.37574002146720886,1067,-3.874787252167167e-08,-3.874787252167167e-06,3.874787252167167e-06
562682585,0.3894440469912058,0.974563991798219,0.9139392375946044,1.2308964729309082,-0.1984130144119262,1068,0.3894440201642622,0.97456401003372,0.9139395952224731,1.2308963537216187,-0.19841285049915314,1068,-2.682694355549131e-08,-2.682694355549131e-06,2.682694355549131e-06
562715919,0.4200426914067433,0.9787028117698094,0.9179593324661256,1.2553099393844604,-0.1689881235361099,1069,0.4200426665666212,0.97870277451459,0.9179593920707703,1.255309820175171,-0.1689884066581726,1069,-2.4840122070379778e-08,-2.4840122070379778e-06,2.4840122070379778e-06
562749253,0.4506743567954863,0.0035456717615657,0.9189499616622924,1.175118327140808,0.0261837504804134,1070,0.45067433394218576,0.0035456498621170922,0.9189500212669373,1.1751185655593872,0.0261835940182209,1070,-2.2853300529757092e-08,-2.2853300529757092e-06,2.2853300529757092e-06
562782587,0.4801198857795561,0.0525128588323383,0.8833658695220947,1.0641119480133057,0.364423006772995,1071,0.48011986689989855,0.05251281642331094,0.8833659887313843,1.0641118288040161,0.36442264914512634,1071,-1.8879657559534024e-08,-1.8879657559534024e-06,1.8879657559534024e-06
562815921,0.5074512578816578,0.1134101885150773,0.8199411630630493,0.8072565197944641,0.6974856853485107,1072,0.5074512469492861,0.11341020321073579,0.8199414014816284,0.8072561621665955,0.6974855065345764,1072,-1.093237167459904e-08,-1.093237167459904e-06,1.093237167459904e-06
562849255,0.5292267817031706,0.1668485085663433,0.6532657146453857,1.18359637260437,2.055469036102295,1073,0.5292267687839775,0.16684851654951388,0.653265655040741,1.1835963726043701,2.055469274520874,1073,-1.2919193159710574e-08,-1.2919193159710574e-06,1.2919193159710574e-06
562882589,0.5521996714444324,0.158197317769633,0.689186692237854,1.4546581506729126,2.235791683197021,1074,0.5521996585252392,0.15819731956569485,0.689186692237854,1.4546582698822021,2.2357919216156006,1074,-1.2919193159710574e-08,-1.2919193159710574e-06,1.2919193159710574e-06
562915923,0.5753862239689991,0.1668456910565513,0.6955965757369995,1.3005318641662598,2.2584502696990967,1075,0.5753862110498059,0.16684567939608191,0.6955965757369995,1.3005322217941284,2.258450508117676,1075,-1.2919193159710574e-08,-1.2919193159710574e-06,1.2919193159710574e-06
562949257,0.5993451732169951,0.1779320866057404,0.7187684774398804,1.0129406452178955,2.0819568634033203,1076,0.5993451642714449,0.17793210871175225,0.7187685966491699,1.0129402875900269,2.0819568634033203,1076,-8.945550189487506e-09,-8.945550189487506e-07,8.945550189487506e-07
562982591,0.6236094492446745,0.2027566027584779,0.7279282808303833,0.6446181535720825,2.107448101043701,1077,0.6236094363254814,0.20275658082104558,0.7279281616210938,0.6446186900138855,2.1074488162994385,1077,-1.2919193159710574e-08,-1.2919193159710574e-06,1.2919193159710574e-06
563015925,0.6475188471646472,0.2207073690803085,0.7172819375991821,0.4158808887004852,2.234023332595825,1078,0.6475188342454541,0.22070739270087436,0.7172819375991821,0.4158805012702942,2.234023094177246,1078,-1.2919193159710574e-08,-1.2919193159710574e-06,1.2919193159710574e-06
563049259,0.6770913300684457,0.1713908218867704,0.8871744871139526,1.2450112104415894,2.3123040199279785,1079,0.6770913211228955,0.17139083509772127,0.8871746063232422,1.2450110912322998,2.3123042583465576,1079,-8.945550189487506e-09,-8.945550189487506e-07,8.945550189487506e-07
563082593,0.7209239957502847,0.1560679425173729,0.8766533136367798,1.3766639232635498,2.055229902267456,1080,0.7209239659431088,0.15606795309754215,0.8766528964042664,1.3766635656356812,2.055229663848877,1080,-2.9807175838669764e-08,-2.9807175838669764e-06,2.9807175838669764e-06
563115927,0.7644282636812691,0.1447107111817345,0.8700853586196899,1.3426777124404907,1.7244881391525269,1081,0.7644282159926998,0.1447107409306488,0.8700850009918213,1.3426783084869385,1.7244895696640015,1081,-4.768856931569587e-08,-4.768856931569587e-06,4.768856931569587e-06
563149261,0.8108207223585611,0.1452197821349754,0.9278491735458374,1.290728211402893,1.6687500476837158,1082,0.8108206865909207,0.14521981931469963,0.9278494119644165,1.2907274961471558,1.6687499284744263,1082,-3.576764040502667e-08,-3.576764040502667e-06,3.576764040502667e-06
563182595,0.8563792107275491,0.1470428227824788,0.9111697673797609,1.3557116985321045,1.7948771715164185,1083,0.8563791689994442,0.14704281784200396,0.9111696481704712,1.3557120561599731,1.794877529144287,1083,-4.172810486036127e-08,-4.172810486036127e-06,4.172810486036127e-06
563215929,0.9013184604815012,0.1532888303174721,0.8987849950790405,1.295778751373291,1.863269329071045,1084,0.9013184306743252,0.15328885568015777,0.8987852334976196,1.2957783937454224,1.8632694482803345,1084,-2.980717606071437e-08,-2.980717606071437e-06,2.980717606071437e-06
563249263,0.9467487392595773,0.1641014959639156,0.9086055755615234,1.1384506225585938,1.900445938110352,1085,0.9467487034919368,0.16410149007237684,0.9086054563522339,1.1384508609771729,1.9004461765289307,1085,-3.576764040502667e-08,-3.576764040502667e-06,3.576764040502667e-06
563282597,0.9799203632048136,0.1866241644892069,0.6634324789047241,0.6028804779052734,1.433124542236328,1086,0.9799203304174053,0.1866242026949924,0.6634325385093689,0.6028798222541809,1.4331239461898804,1086,-3.278740823287052e-08,-3.278740823287052e-06,3.278740823287052e-06
563315931,0.0140336690119271,0.1743482459636914,0.682266116142273,0.752295196056366,1.461634397506714,1087,0.014033639204751314,0.17434827629729507,0.6822661757469177,0.752294659614563,1.4616340398788452,1087,-2.980717578315861e-08,-2.9807175783158613e-06,2.9807175783158613e-06
563349265,0.0509376404455666,0.1577014912225141,0.7380794286727905,1.0047576427459717,1.5338255167007446,1088,0.05093760467792636,0.15770148823697078,0.738079309463501,1.0047577619552612,1.5338256359100342,1088,-3.5767640238493215e-08,-3.5767640238493215e-06,3.5767640238493215e-06
563382599,0.0904248712233071,0.1439579349386717,0.7897446155548096,1.2796616554260254,1.6276123523712158,1089,0.09042483843589907,0.14395794368251877,0.7897446751594543,1.2796614170074463,1.6276122331619263,1089,-3.2787408010825914e-08,-3.2787408010825914e-06,3.2787408010825914e-06
563415933,0.1243246593335178,0.1243246593335178,0.8703038692474365,1.4359949827194214,1.423859715461731,1090,0.12432467915120568,0.12432467915120567,0.8703036904335022,1.4359946250915527,1.423859715461731,1090,1.9817687935130834e-08,1.9817687935130834e-06,1.9817687935130834e-06
563449267,0.1561939198035902,0.1066055232610488,0.9560778141021729,1.395470380783081,1.10516357421875,1091,0.1561939435949211,0.10660551838209155,0.9560779333114624,1.3954706192016602,1.1051636934280396,1091,2.3791330905353902e-08,2.3791330905353902e-06,2.3791330905353902e-06
563482601,0.1894818224766758,0.0808732104903927,0.998637080192566,0.7840626239776611,0.4366610050201416,1092,0.18948183832072063,0.08087318289963659,0.9986368417739868,0.7840620875358582,0.4366605281829834,1092,1.5844044853885464e-08,1.5844044853885464e-06,1.5844044853885464e-06
563515935,0.2221855281053887,0.067702661078065,0.9811111688613892,0.7691904306411743,0.348482608795166,1093,0.2221855439494336,0.0677026788290544,0.9811111688613892,0.7691907286643982,0.3484828472137451,1093,1.5844044964907766e-08,1.5844044964907766e-06,1.5844044964907766e-06
563549269,0.2511960941810316,0.1074451839693947,0.8703169822692871,0.5833834409713745,0.4670484662055969,1094,0.2511961060514335,0.10744517703851078,0.8703168630599976,0.5833833813667297,0.46704837679862976,1094,1.1870401883662396e-08,1.1870401883662396e-06,1.1870401883662396e-06
563582603,0.2807800251502699,0.0607612716077567,0.8875179290771484,0.6808249950408936,0.273331880569458,1095,0.28078004099431475,0.06076134478741006,0.887518048286438,0.6808250546455383,0.27333226799964905,1095,1.5844044853885464e-08,1.5844044853885464e-06,1.5844044853885464e-06
563615937,0.3118021486460076,0.9979309041470626,0.9306637048721312,0.5353258848190308,-0.0069599030539393,1096,0.31180216449005244,0.9979309637141257,0.9306637048721313,0.535325825214386,-0.0069597018882632256,1096,1.5844044853885464e-08,1.5844044853885464e-06,1.5844044853885464e-06
563649271,0.3458613155542718,0.8663519593357945,1.0217750072479248,0.3478582501411438,-0.3878753781318664,1097,0.3458613274246736,0.8663520196338778,1.0217748880386353,0.3478584885597229,-0.38787534832954407,1097,1.1870401772640093e-08,1.1870401772640093e-06,1.1870401772640093e-06
563682605,0.404973280256878,0.7264683336405918,1.182239294052124,-0.1589109152555465,-1.0669406652450562,1098,0.4049732980877443,0.7264683288749894,1.1822394132614136,-0.15891093015670776,-1.0669405460357666,1098,1.7830866338996998e-08,1.7830866338996998e-06,1.7830866338996998e-06
563715939,0.4572131095587121,0.6156757436340303,1.044796586036682,-0.7769870162010193,-0.6908913254737854,1099,0.45721311546864946,0.6156757102983291,1.044796347618103,-0.7769870758056641,-0.6908910870552063,1099,5.909937428327794e-09,5.909937428327794e-07,5.909937428327794e-07
563749273,0.505830967253338,0.5793420386784033,0.9723571538925172,-0.82027667760849,-0.4465449154376983,1100,0.5058309672028108,0.579342079219124,0.9723570346832275,-0.8202766180038452,-0.44654515385627747,1100,-5.0527138029110574e-11,-5.0527138029110574e-09,5.0527138029110574e-09
563782607,0.5510685680567132,0.5608858178068621,0.9047520160675048,-0.7917701005935669,-0.3185928761959076,1101,0.5510685680061861,0.5608858342809699,0.9047520160675049,-0.7917701601982117,-0.31859299540519714,1101,-5.0527138029110574e-11,-5.0527138029110574e-09,5.0527138029110574e-09
563815941,0.5813322899996148,0.5558115755213123,0.9079116582870485,-0.7900922298431396,-0.289010226726532,1102,0.5813322899490877,0.5558115673840266,0.9079116582870483,-0.7900921106338501,-0.2890101373195648,1102,-5.0527138029110574e-11,-5.0527138029110574e-09,5.0527138029110574e-09
563849275,0.6113395967343357,0.5528688163100937,0.900219202041626,-0.7739591598510742,-0.2669908106327057,1103,0.61133959867063,0.5528687944031848,0.9002192616462708,-0.7739591598510742,-0.26699069142341614,1103,1.9362943470824234e-09,1.9362943470824234e-07,1.9362943470824234e-07
563882609,0.6409629661102003,0.560333129605671,0.8887010812759399,-0.763680636882782,-0.304213136434555,1104,0.6409629680464947,0.5603331231555686,0.8887010812759399,-0.7636805772781372,-0.3042130768299103,1104,1.9362943470824234e-09,1.9362943470824234e-07,1.9362943470824234e-07
563915943,0.6692218500632948,0.5553789752477096,0.8477665185928345,-0.7731439471244812,-0.2804303467273712,1105,0.6692218480259462,0.5553789969343177,0.8477663993835449,-0.7731439471244812,-0.28043046593666077,1105,-2.0373486231406446e-09,-2.0373486231406446e-07,2.0373486231406446e-07
563949277,0.7202238577861494,0.8381110305199309,1.0200401544570925,0.5553726553916931,-0.898524284362793,1106,0.7202238617092653,0.8381110392723289,1.0200402736663818,0.5553728342056274,-0.8985244631767273,1106,3.92311594321626e-09,3.92311594321626e-07,3.92311594321626e-07
563982611,0.7706101316470808,0.9213724319087744,1.007725477218628,0.905207633972168,-0.4875248372554779,1107,0.7706101415306612,0.9213724537720279,1.0077255964279175,0.9052071571350098,-0.4875244200229645,1107,9.883580398550862e-09,9.883580398550862e-07,9.883580398550862e-07
564015945,0.8176710504550642,0.9911602401361002,0.941218376159668,1.1080533266067505,-0.0616066940128803,1108,0.8176710603386446,0.9911602665098758,0.941218376159668,1.1080530881881714,-0.06160649657249451,1108,9.883580398550862e-09,9.883580398550862e-07,9.883580398550862e-07
564049279,0.8613154906291669,0.0702572326897356,0.8728888034820557,0.7497788667678833,0.3543004393577575,1109,0.8613154945522828,0.0702572826994457,0.8728886842727661,0.7497785091400146,0.3543005585670471,1109,3.92311594321626e-09,3.92311594321626e-07,3.92311594321626e-07
564082613,0.905550416137666,0.1145802575791743,0.8846985101699829,0.6891041398048401,0.6043045520782471,1110,0.9055504260212465,0.11458025470633734,0.8846986293792725,0.6891039609909058,0.6043043732643127,1110,9.883580509573164e-09,9.883580509573164e-07,9.883580509573164e-07
564115947,0.9486737597245878,0.1260035574218375,0.8624668717384338,0.7078107595443726,0.7167937755584717,1111,0.9486737666279359,0.12600358397261174,0.8624668121337891,0.7078106999397278,0.716793954372406,1111,6.90334811537241e-09,6.90334811537241e-07,6.90334811537241e-07
564149281,0.9903505254049008,0.1344100773811868,0.8335353136062622,0.6703219413757324,0.7546734809875488,1112,0.9903505263477845,0.13441008205162872,0.8335351943969727,0.670322060585022,0.7546736598014832,1112,9.428837710601101e-10,9.428837710601101e-08,9.428837710601101e-08
564182615,0.0284144509095853,0.1594420133378644,0.761278510093689,0.584437370300293,0.9138284921646118,1113,0.02841444589200459,0.15944208992613787,0.7612783908843994,0.5844371318817139,0.9138290882110596,1113,-5.017580684274492e-09,-5.017580684274492e-07,5.017580684274492e-07
564215949,0.0607459593076414,0.2000495191254969,0.6466301679611206,0.4376554191112518,1.3483922481536863,1114,0.060745951309828385,0.20004948696709238,0.6466301083564758,0.43765583634376526,1.3483926057815552,1114,-7.997813022964095e-09,-7.997813022964095e-07,7.997813022964095e-07
564249283,0.088433848645181,0.2126087554530877,0.5537577867507935,0.4853452146053314,2.0277113914489746,1115,0.08843383766713582,0.21260875121661849,0.5537577271461487,0.4853452146053314,2.0277111530303955,1115,-1.0978045195120245e-08,-1.0978045195120245e-06,1.0978045195120245e-06
564282617,0.1192675668258375,0.2098026218649059,0.6166743636131287,0.5649971961975098,2.189243793487549,1116,0.11926755286756002,0.2098026299900796,0.6166743040084839,0.5649970769882202,2.189243793487549,1116,-1.3958277478298697e-08,-1.3958277478298697e-06,1.3958277478298697e-06
564315951,0.1501115101833051,0.2228327823666617,0.616878867149353,0.3833830058574676,2.2241334915161133,1117,0.15011150218549216,0.22283277951068084,0.6168789863586426,0.38338300585746765,2.224133253097534,1117,-7.997812967452944e-09,-7.997812967452944e-07,7.997812967452944e-07
564349285,0.1854645389575666,0.2169370034507473,0.7070605754852295,0.5098533630371094,2.4188671112060547,1118,0.18546453393998585,0.21693698467577532,0.7070606350898743,0.5098536610603333,2.4188671112060547,1118,-5.017580739785643e-09,-5.017580739785643e-07,5.017580739785643e-07
564382619,0.2143150824565595,0.1829132658343512,0.8655163049697876,1.0362046957015991,2.310919523239136,1119,0.2143150714785143,0.18291323518351468,0.8655161261558533,1.0362046957015991,2.3109183311462402,1119,-1.0978045195120245e-08,-1.0978045195120245e-06,1.0978045195120245e-06
564415953,0.2416596828161583,0.1586029729504842,0.8203380107879639,1.3692998886108398,2.11637806892395,1120,0.2416596758117561,0.1586029495309305,0.8203381299972534,1.3693004846572876,2.1163783073425293,1120,-7.004402169386026e-09,-7.004402169386026e-07,7.004402169386026e-07
564449287,0.269149738377224,0.1521666244396943,0.8247016668319702,1.4657272100448608,2.076260566711426,1121,0.2691497313728218,0.15216657779999743,0.8247016668319702,1.46572744846344,2.0762596130371094,1121,-7.004402224897177e-09,-7.004402224897177e-07,7.004402224897177e-07
564482621,0.2964001355825768,0.1499414893421713,0.8175119161605835,1.4440102577209473,1.985973834991455,1122,0.29640012857817455,0.1499414796818698,0.8175119161605835,1.444010615348816,1.9859740734100342,1122,-7.004402224897177e-09,-7.004402224897177e-07,7.004402224897177e-07
564515955,0.3237854022044843,0.1532083569046627,0.8215579986572266,1.3799922466278076,1.9822254180908203,1123,0.3237854031473681,0.15320834091058655,0.8215582370758057,1.379992127418518,1.9822248220443726,1123,9.428837710601101e-10,9.428837710601101e-08,9.428837710601101e-08
564549289,0.350571419622392,0.157281314550485,0.8035805225372314,1.3099125623703003,1.9881925582885744,1124,0.3505714165916328,0.1572813410113545,0.8035804033279419,1.3099123239517212,1.9881929159164429,1124,-3.030759199162958e-09,-3.030759199162958e-07,3.030759199162958e-07
564582623,0.3769118803996747,0.1596611569547216,0.7902138233184814,1.1518306732177734,1.8064820766448972,1125,0.37691187339527255,0.15966118075968078,0.7902137041091919,1.1518306732177734,1.8064826726913452,1125,-7.004402169386026e-09,-7.004402169386026e-07,7.004402169386026e-07
564615957,0.4029167113958702,0.1653470275251818,0.7801449298858643,1.0201828479766846,1.7336512804031372,1126,0.40291670439146804,0.1653470342159327,0.7801449298858643,1.0201826095581055,1.733651041984558,1126,-7.004402169386026e-09,-7.004402169386026e-07,7.004402169386026e-07
564649291,0.4259657321630821,0.1854507849984973,0.6914706230163574,0.6685718894004822,1.5570634603500366,1127,0.42596572515868,0.18545079456010352,0.6914706230163574,0.6685718297958374,1.5570635795593262,1127,-7.004402113874875e-09,-7.004402113874875e-07,7.004402113874875e-07
564682625,0.4440387803573316,0.2023592235152818,0.5421914458274841,0.423537939786911,1.372411012649536,1128,0.44403877533975095,0.20235925265513252,0.5421915054321289,0.4235377013683319,1.3724111318588257,1128,-5.017580628763341e-09,-5.017580628763341e-07,5.017580628763341e-07
564715959,0.4609236039975192,0.2140695225639275,0.5065447092056274,0.3005429208278656,1.3085684776306152,1129,0.46092360295358153,0.21406955783471165,0.506544828414917,0.30054253339767456,1.3085681200027466,1129,-1.0439376585402727e-09,-1.0439376585402727e-07,1.0439376585402727e-07
564749293,0.4782132663586642,0.2032872853180382,0.5186898708343506,0.3910337388515472,1.2938132286071775,1130,0.47821326730154806,0.20328730266586667,0.5186899304389954,0.39103344082832336,1.2938127517700195,1130,9.428838820824126e-10,9.428838820824126e-08,9.428838820824126e-08
564782627,0.4963083225745863,0.2053849149296731,0.5428516864776611,0.3438910543918609,1.1944557428359983,1131,0.49630832153064863,0.20538495415511965,0.5428516268730164,0.3438906669616699,1.1944555044174194,1131,-1.0439376585402727e-09,-1.0439376585402727e-07,1.0439376585402727e-07
564815961,0.5202295937397983,0.3943139201808172,0.7176381349563599,-0.4073815941810608,0.3188197612762451,1132,0.5202295926958607,0.39431395785346407,0.7176381349563599,-0.4073822498321533,0.31882011890411377,1132,-1.0439376030291214e-09,-1.0439376030291214e-07,1.0439376030291214e-07
564849295,0.5449536599972751,0.4030121733794462,0.7417219877243042,-0.2160238623619079,0.1507878899574279,1133,0.5449536589533375,0.40301209400765053,0.7417219877243042,-0.2160235047340393,0.15078780055046082,1133,-1.0439376030291214e-09,-1.0439376030291214e-07,1.0439376030291214e-07
564882629,0.5699962296345736,0.0861613583188351,0.7512770891189575,0.11056849360466,0.0664837732911109,1134,0.5699962246169931,0.08616136161182193,0.751276969909668,0.11056838929653168,0.06648371368646622,1134,-5.0175805732521894e-09,-5.017580573252189e-07,5.017580573252189e-07
564915963,0.6092006363728549,0.0171918569769513,0.784088134765625,0.3937081694602966,0.0426943935453891,1135,0.6092006313552744,0.017191889219807174,0.784088134765625,0.39370831847190857,0.042694490402936935,1135,-5.0175805732521894e-09,-5.017580573252189e-07,5.017580573252189e-07
564949297,0.6509675242760684,0.009204446699495,0.83533775806427,0.4882262647151947,0.0282672308385372,1136,0.6509675192584878,0.009204515421265323,0.83533775806427,0.4882260859012604,0.028267432004213333,1136,-5.0175805732521894e-09,-5.017580573252189e-07,5.017580573252189e-07
564982631,0.69675819061785,0.0190928419966562,0.9158133268356324,0.5068057775497437,0.0610917247831821,1137,0.6967581826200372,0.019092869589242452,0.9158132672309875,0.5068057179450989,0.06109180673956871,1137,-7.997812856430642e-09,-7.997812856430642e-07,7.997812856430642e-07
565015965,0.7465776481488254,0.9810754129293816,0.9963891506195068,0.4114777147769928,-0.0491593554615974,1138,0.7465776401510126,0.9810753970511464,0.9963891506195068,0.41147783398628235,-0.04915941134095192,1138,-7.997812856430642e-09,-7.997812856430642e-07,7.997812856430642e-07
565049299,0.7993897416451481,0.8132346194809162,1.0562418699264526,0.2569397985935211,-0.6122984290122986,1139,0.7993897336473352,0.813234626301948,1.0562418699264526,0.25693967938423157,-0.6122980713844299,1139,-7.997812856430642e-09,-7.997812856430642e-07,7.997812856430642e-07
565082633,0.8377604780851708,0.7049747859377165,1.1511220932006836,-0.2703195214271545,-0.9298959970474244,1140,0.837760466113715,0.7049748114231116,1.151121973991394,-0.2703193426132202,-0.9298959374427795,1140,-1.197145582665371e-08,-1.197145582665371e-06,1.197145582665371e-06
565115967,0.8753626921036747,0.6561280646023409,1.1280664205551147,-0.5720449090003967,-0.8547074198722839,1141,0.8753626841058618,0.6561280825885355,1.1280665397644043,-0.5720449686050415,-0.8547077178955078,1141,-7.997812856430642e-09,-7.997812856430642e-07,7.997812856430642e-07
565149301,0.9111616311727868,0.651464011396451,1.0739681720733645,-0.5331581830978394,-0.7482069730758667,1142,0.911161619201331,0.6514639838529679,1.0739680528640747,-0.5331581234931946,-0.748206615447998,1142,-1.197145582665371e-08,-1.197145582665371e-06,1.197145582665371e-06
565182635,0.944528211976976,0.6448079023813675,1.0009974241256714,-0.5334099531173706,-0.6859567761421204,1143,0.944528207952806,0.6448078717418824,1.0009976625442505,-0.5334100723266602,-0.6859566569328308,1143,-4.024169997229876e-09,-4.024169997229876e-07,4.024169997229876e-07
565215969,0.97602500699549,0.6592393673411385,0.94490385055542,-0.4309602677822113,-0.6719645857810974,1144,0.9760250009844985,0.6592394023514452,0.9449037909507751,-0.4309600591659546,-0.6719645857810974,1144,-6.01099148234141e-09,-6.01099148234141e-07,6.01099148234141e-07
565249303,0.0044107733427392,0.5023198208906634,0.8515729904174805,-0.785605251789093,-0.0114516867324709,1145,0.0044107673317479446,0.5023198352143152,0.8515729904174805,-0.7856051921844482,-0.011451756581664085,1145,-6.010991260296805e-09,-6.010991260296805e-07,6.010991260296805e-07
565282637,0.0464568821846352,0.4925238210827081,0.8409221768379211,-0.7775847911834717,0.0365533269941806,1146,0.04645687915387624,0.4925238705350885,0.8409222364425659,-0.7775847911834717,0.03655308485031128,1146,-3.030758977118353e-09,-3.030758977118353e-07,3.030758977118353e-07
565315971,0.0877995340286599,0.4817372306139203,0.8268530368804932,-0.7760213613510132,0.0894400849938392,1147,0.08779952503743642,0.48173721727692476,0.8268529176712036,-0.7760212421417236,0.08944013714790344,1147,-8.991223487964106e-09,-8.991223487964106e-07,8.991223487964106e-07
565349305,0.1287765411793099,0.4783956301784632,0.8195401430130005,-0.783892810344696,0.1070673838257789,1148,0.12877653516831866,0.478395692686066,0.8195402026176453,-0.7838928699493408,0.10706707835197449,1148,-6.010991260296805e-09,-6.010991260296805e-07,6.010991260296805e-07
565382639,0.170121544426571,0.489882823708656,0.826900064945221,-0.8187232613563538,0.0521148927509784,1149,0.17012153543534747,0.48988286194832253,0.8269000053405762,-0.8187233209609985,0.05211469903588295,1149,-8.991223543475257e-09,-8.991223543475257e-07,8.991223543475257e-07
565415973,0.2117098925768243,0.4903783121912419,0.8317669630050659,-0.8060397505760193,0.0487884618341922,1150,0.21170988954606523,0.49037833049023777,0.8317670822143555,-0.8060398101806641,0.04878837242722511,1150,-3.0307590881406554e-09,-3.0307590881406554e-07,3.0307590881406554e-07
565449307,0.2531440792738305,0.5185584905912195,0.8286837339401245,-0.7586300373077393,-0.0888642743229866,1151,0.25314407624307145,0.5185585371397351,0.8286837339401245,-0.7586302161216736,-0.0888645201921463,1151,-3.030759032629504e-09,-3.030759032629504e-07,3.030759032629504e-07
565482641,0.2952507732569085,0.5819074180036738,0.8421338796615601,-0.6335833072662354,-0.3582696318626404,1152,0.29525077022614943,0.581907476956784,0.8421338796615601,-0.633583128452301,-0.3582698404788971,1152,-3.0307590881406554e-09,-3.0307590881406554e-07,3.0307590881406554e-07
565515975,0.3360996959864007,0.6684188945978415,0.8169784545898438,-0.422038584947586,-0.7499402165412903,1153,0.3360996899754094,0.6684188994013223,0.816978394985199,-0.42203855514526367,-0.7499402165412903,1153,-6.0109913158079564e-09,-6.010991315807956e-07,6.010991315807956e-07
565549309,0.3763474611698495,0.676688478586372,0.8049553036689758,-0.3908414244651794,-0.787615954875946,1154,0.37634745813909043,0.6766884835278495,0.8049553632736206,-0.3908413052558899,-0.7876157760620117,1154,-3.0307590881406554e-09,-3.0307590881406554e-07,3.0307590881406554e-07
565582643,0.4159640757500039,0.6650705965305312,0.7923322916030884,-0.4079350531101227,-0.6904793381690979,1155,0.4159640786797093,0.6650706085640761,0.7923324108123779,-0.4079350531101227,-0.6904794573783875,1155,2.9297053671939466e-09,2.9297053671939466e-07,2.9297053671939466e-07
565615977,0.4554115561901437,0.664916307574738,0.7889496088027954,-0.382286936044693,-0.645636796951294,1156,0.45541156508031355,0.6649163238931908,0.788949728012085,-0.38228684663772583,-0.645636796951294,1156,8.890169933550851e-09,8.890169933550851e-07,8.890169933550851e-07
565649311,0.4962561754642831,0.6560576870527095,0.8168923854827881,-0.4080586433410644,-0.6091083288192749,1157,0.4962561873346852,0.65605769962908,0.8168924450874329,-0.40805861353874207,-0.6091083884239197,1157,1.1870402105707001e-08,1.1870402105707e-06,1.1870402105707e-06
565682645,0.5364636806904184,0.6797559587985691,0.8041501045227051,-0.2719890177249908,-0.575713038444519,1158,0.5364636895805882,0.6797559318567254,0.8041500449180603,-0.2719891369342804,-0.575713038444519,1158,8.890169822528549e-09,8.890169822528549e-07,8.890169822528549e-07
565715979,0.5753684101759302,0.6715761708385029,0.7780945897102356,-0.2588100433349609,-0.4820203781127929,1159,0.5753684160858678,0.6715761902160526,0.7780945301055908,-0.25880998373031616,-0.48202040791511536,1159,5.909937539350096e-09,5.909937539350096e-07,5.909937539350096e-07
565749313,0.6129043398558008,0.6568591950645452,0.7507185935974121,-0.1853207349777221,-0.2796635031700134,1160,0.6129043457657384,0.6568591695770605,0.7507185935974121,-0.18532077968120575,-0.27966347336769104,1160,5.909937539350096e-09,5.909937539350096e-07,5.909937539350096e-07
565782647,0.6556776879488336,0.9756844537322892,0.8554669618606567,0.5815680623054504,-0.0895492583513259,1161,0.6556776968390035,0.9756844158892036,0.8554670214653015,0.5815680623054504,-0.08954939991235733,1161,8.890169822528549e-09,8.890169822528549e-07,8.890169822528549e-07
565815981,0.699084734743725,0.000223984829498,0.8681409358978271,0.8744070529937744,0.0012305872514843,1162,0.6990847436338948,0.0002239175950820694,0.8681409358978271,0.8744074702262878,0.0012302184477448463,1162,8.890169822528549e-09,8.890169822528549e-07,8.890169822528549e-07
565849315,0.7401440082250941,0.0276009662364881,0.8211854696273804,0.9199183583259584,0.1611528843641281,1163,0.7401440230757284,0.027600922966041885,0.8211855888366699,0.9199182987213135,0.16115261614322662,1163,1.485063427786315e-08,1.485063427786315e-06,1.485063427786315e-06
565882649,0.778002804344784,0.0416843683034847,0.7571759223937988,0.930543839931488,0.2494494020938873,1164,0.7780028251558828,0.04168439497421571,0.7571760416030884,0.9305436611175537,0.24944952130317688,1164,2.0811098844220055e-08,2.0811098844220055e-06,2.0811098844220055e-06
565915983,0.8131026236473429,0.0441132022924912,0.701996386051178,0.99754536151886,0.2837960124015808,1165,0.8131026414782094,0.044113179691403395,0.7019963264465332,0.9975454807281494,0.28379589319229126,1165,1.7830866561041603e-08,1.7830866561041603e-06,1.7830866561041603e-06
565949317,0.8463728992401468,0.0742855766047818,0.6654055118560791,1.1132056713104248,0.560926616191864,1166,0.8463729230314778,0.0742855631180887,0.6654056310653687,1.1132054328918457,0.5609263777732849,1166,2.3791331016376205e-08,2.3791331016376205e-06,2.3791331016376205e-06
565982651,0.8787516502796519,0.1061976032983253,0.6475750207901001,1.0600323677062988,0.8350964188575745,1167,0.8787516800314473,0.10619762320428934,0.6475751399993896,1.0600314140319824,0.8350958824157715,1167,2.9751795471710807e-08,2.9751795471710807e-06,2.9751795471710807e-06
566015985,0.9097755698620188,0.1215059153576416,0.6204783916473389,1.0457267761230469,1.0007903575897217,1168,0.909775596633582,0.12150588073411193,0.6204783320426941,1.0457277297973633,1.0007908344268799,1168,2.6771563188532355e-08,2.6771563188532355e-06,2.6771563188532355e-06
566049319,0.9399775473533976,0.1342407353147432,0.6040395498275757,0.996413230895996,1.1193981170654297,1169,0.9399775562435674,0.1342407249252893,0.604039192199707,0.9964144229888916,1.1193993091583252,1169,8.890169822528549e-09,8.890169822528549e-07,8.890169822528549e-07
566082653,0.9689560918270456,0.1503513016200905,0.5795708894729614,0.9141732454299928,1.2641098499298096,1170,0.9689561007172155,0.15035134376760614,0.5795708894729614,0.9141726493835449,1.26410973072052,1170,8.890169933550851e-09,8.890169933550851e-07,8.890169933550851e-07
566115987,0.991939239030968,0.2008499712660557,0.4596629440784454,0.61873459815979,1.9394516944885252,1171,0.9919392523914862,0.20084996238719097,0.4596630334854126,0.6187347173690796,1.9394516944885254,1171,1.3360518136273924e-08,1.3360518136273924e-06,1.3360518136273924e-06
566149321,0.0149950502573359,0.2188163316020012,0.461116224527359,0.5086521506309509,2.562748670578003,1172,0.014995063617854187,0.2188163501426618,0.461116224527359,0.5086517930030823,2.562748432159424,1172,1.3360518247296227e-08,1.3360518247296227e-06,1.3360518247296227e-06
566182655,0.0457204220949519,0.2059992525354539,0.6145074367523193,0.813384473323822,2.8667478561401367,1173,0.04572043545547015,0.2059992525354539,0.6145074367523193,0.813384473323822,2.8667478561401367,1173,1.3360518247296227e-08,1.3360518247296227e-06,1.3360518247296227e-06
566215989,0.0835815249143946,0.1856377359026793,0.757222056388855,1.1361252069473269,2.6545634269714355,1174,0.08358151443305499,0.18563777470769585,0.7572215795516968,1.136124849319458,2.654564380645752,1174,-1.0481339629553332e-08,-1.0481339629553332e-06,1.0481339629553332e-06
566249323,0.1242831824480402,0.1755987026168049,0.8140331506729126,1.229633092880249,2.435900449752808,1175,0.12428318388762957,0.1755986900834992,0.8140333890914917,1.229633092880249,2.4358999729156494,1175,1.439589336627023e-09,1.439589336627023e-07,1.439589336627023e-07
566282657,0.166111182993542,0.1703960768506996,0.8365600109100342,1.232722520828247,2.2555923461914062,1176,0.16611119039359576,0.17039606269173527,0.8365601301193237,1.232722520828247,2.255591869354248,1176,7.400053791961625e-09,7.400053791961625e-07,7.400053791961625e-07
566315991,0.1929547347882299,0.1607186576901658,0.8053065538406372,1.2804666757583618,2.037975311279297,1177,0.1929547322541762,0.1607186308150591,0.8053062558174133,1.2804665565490723,2.0379743576049805,1177,-2.5340536891071963e-09,-2.5340536891071963e-07,2.5340536891071963e-07
566349325,0.2195141353467015,0.1532072975069408,0.7967820167541504,1.3408772945404053,1.9260132312774656,1178,0.21951413678629086,0.15320729028428523,0.7967821359634399,1.3408771753311157,1.9260128736495972,1178,1.439589336627023e-09,1.439589336627023e-07,1.439589336627023e-07
566382659,0.2459824560343134,0.149671828081607,0.7940496206283569,1.3631608486175537,1.868117332458496,1179,0.24598246144754574,0.14967181124423481,0.7940497398376465,1.363161325454712,1.8681175708770752,1179,5.413232306850091e-09,5.413232306850091e-07,5.413232306850091e-07
566415993,0.2722298779347448,0.150359647234854,0.7874226570129395,1.345256805419922,1.8604134321212769,1180,0.27222988136115556,0.15035966845851106,0.7874225974082947,1.3452566862106323,1.8604137897491455,1180,3.4264107107162545e-09,3.4264107107162545e-07,3.4264107107162545e-07
566449327,0.2980735339978246,0.1566592602030417,0.775309681892395,1.2656234502792358,1.90472412109375,1181,0.29807354934516433,0.15665926938597768,0.7753100395202637,1.2656234502792358,1.904724359512329,1181,1.534733973240776e-08,1.534733973240776e-06,1.534733973240776e-06
566482661,0.3234728453813899,0.1649100105801025,0.761979341506958,1.150836944580078,1.9434502124786377,1182,0.3234728587419081,0.16491000763228844,0.7619792819023132,1.1508370637893677,1.9434503316879272,1182,1.3360518247296227e-08,1.3360518247296227e-06,1.3360518247296227e-06
566515995,0.3479040859400141,0.1761269990598366,0.732937216758728,0.9892759323120116,1.9760310649871824,1183,0.3479040993005324,0.1761269914021926,0.732937216758728,0.9892762899398804,1.9760315418243408,1183,1.3360518247296227e-08,1.3360518247296227e-06,1.3360518247296227e-06
566549329,0.3686851062634496,0.2020517606258096,0.623430609703064,0.5564651489257812,1.790856122970581,1184,0.36868512161078937,0.20205178778140734,0.6234306693077087,0.5564648509025574,1.7908562421798706,1184,1.5347339843430063e-08,1.5347339843430063e-06,1.5347339843430063e-06
566582663,0.3864451327183751,0.2390625469570778,0.5328007936477661,0.1101671457290649,1.6005586385726929,1185,0.3864451480657149,0.2390625453329637,0.5328007936477661,0.11016714572906494,1.6005584001541138,1185,1.5347339843430063e-08,1.5347339843430063e-06,1.5347339843430063e-06
566615997,0.4025432455796905,0.2643308083913729,0.4829433858394623,-0.1167919337749481,1.2935593128204346,1186,0.4025432609270303,0.26433075302601344,0.4829433858394623,-0.1167915016412735,1.2935595512390137,1186,1.5347339843430063e-08,1.5347339843430063e-06,1.5347339843430063e-06
566649331,0.41688060941884,0.3614542953440366,0.4301209151744842,-0.6491587162017822,0.7702580690383911,1187,0.4168806227793583,0.3614542494651502,0.4301208555698395,-0.6491585373878479,0.7702583074569702,1187,1.3360518247296227e-08,1.3360518247296227e-06,1.3360518247296227e-06
566682665,0.4320987441399602,0.3712554782504867,0.4565440416336059,-0.657414436340332,0.689100444316864,1188,0.4320987495531925,0.37125548678295534,0.45654380321502686,-0.6574147343635559,0.6891006827354431,1188,5.413232306850091e-09,5.413232306850091e-07,5.413232306850091e-07
566715999,0.4469878353932409,0.3606890314874125,0.4466727375984192,-0.4504337906837463,0.5397064089775085,1189,0.44698784080647314,0.36068902459347424,0.4466727375984192,-0.4504337012767792,0.5397063493728638,1189,5.413232306850091e-09,5.413232306850091e-07,5.413232306850091e-07
566749333,0.4632175235210765,0.3922245287094826,0.4868906438350677,-0.2728660404682159,0.219383418560028,1190,0.463217527940898,0.3922243531509621,0.48689061403274536,-0.27286583185195923,0.21938374638557434,1190,4.419821508783173e-09,4.4198215087831727e-07,4.4198215087831727e-07
566782667,0.4796620357293793,0.3741470254543674,0.4933353662490845,-0.1702785789966583,0.172113612294197,1191,0.4796620411426116,0.3741473027306974,0.49333539605140686,-0.17027892172336578,0.1721133589744568,1191,5.413232306850091e-09,5.413232306850091e-07,5.413232306850091e-07
566816001,0.4969407546777435,0.4283773769070962,0.5183615684509277,-0.1034218072891235,0.0499607510864734,1192,0.4969407600909758,0.42837722037328535,0.5183615684509277,-0.10342195630073547,0.04996094852685928,1192,5.413232306850091e-09,5.413232306850091e-07,5.413232306850091e-07
566849335,0.514677044576298,0.490756596130058,0.5320886969566345,-0.0265807174146175,0.0015454934909939,1193,0.5146770440290658,0.4907560719143354,0.5320885181427002,-0.026580920442938805,0.0015455931425094604,1193,-5.472322595068135e-10,-5.4723225950681353e-08,5.4723225950681353e-08
566882669,0.543416988676678,0.7779944062001468,0.5747988820075989,0.0148919560015201,-0.0837894156575203,1194,0.5434169851492134,0.7779943278534119,0.5747988224029541,0.014891918748617172,-0.08378944545984268,1194,-3.5274645426852658e-09,-3.527464542685266e-07,3.527464542685266e-07
566916003,0.5767099915205348,0.8428045304684357,0.6658600568771362,0.1171149313449859,-0.1775491684675216,1195,0.5767099820326058,0.8428046843498437,0.6658599376678467,0.11711499094963074,-0.17754888534545898,1195,-9.487928998019868e-09,-9.487928998019868e-07,9.487928998019868e-07
566949337,0.614745980328213,0.8263405572134892,0.7607197761535645,0.1285199373960495,-0.2470676600933075,1196,0.6147459589193551,0.8263404819710009,0.7607195377349854,0.12851977348327637,-0.2470676302909851,1196,-2.1408857908689072e-08,-2.140885790868907e-06,2.140885790868907e-06
566982671,0.6551037637649882,0.7344249751674943,0.8071556687355042,-0.0577319972217083,-0.5880557298660278,1197,0.6551037334154336,0.7344249462077994,0.8071554899215698,-0.05773210525512695,-0.5880557298660278,1197,-3.0349554647202126e-08,-3.0349554647202126e-06,3.0349554647202126e-06
567016005,0.6897017238794673,0.7265888648336403,0.6919592022895813,-0.081426665186882,-0.5495612025260925,1198,0.6897016965101449,0.7265888778931293,0.6919592618942261,-0.08142662793397903,-0.5495612621307373,1198,-2.7369322364023674e-08,-2.7369322364023674e-06,2.7369322364023674e-06
567049339,0.7192911397447614,0.7192911397447614,0.7417889833450317,-0.1099425852298736,-0.5627111792564392,1199,0.719291130226742,0.719291130226742,0.7417888641357422,-0.10994258522987366,-0.5627110004425049,1199,-9.518019483678586e-09,-9.518019483678586e-07,9.518019483678586e-07
567082673,0.744634907546682,0.713093828520513,0.7603130340576172,-0.1377806961536407,-0.5834800601005554,1200,0.7446348980286626,0.7130938206072248,0.7603130340576172,-0.13778074085712433,-0.5834801197052002,1200,-9.518019483678586e-09,-9.518019483678586e-07,9.518019483678586e-07
567116007,0.7707892071237593,0.7048882513367687,0.7846289873123169,-0.1779178082942962,-0.6107960343360901,1201,0.7707891976057398,0.7048882626651936,0.7846289873123169,-0.17791777849197388,-0.6107960939407349,1201,-9.518019483678586e-09,-9.518019483678586e-07,9.518019483678586e-07
567149341,0.7975345503320723,0.6900429823249221,0.8023602962493896,-0.2480335235595703,-0.6269558072090149,1202,0.7975345447876958,0.6900429752438955,0.8023604154586792,-0.24803350865840912,-0.6269556879997253,1202,-5.544376513455518e-09,-5.544376513455518e-07,5.544376513455518e-07
567182675,0.8250049204657902,0.6686536120791366,0.8241111040115356,-0.3633665740489959,-0.6479169726371765,1203,0.8250049109477707,0.6686536002635357,0.8241109848022461,-0.36336660385131836,-0.6479169130325317,1203,-9.518019483678586e-09,-9.518019483678586e-07,9.518019483678586e-07
567216009,0.8526069473257094,0.6751498311723723,0.8280608057975769,-0.3365139365196228,-0.6619856953620911,1204,0.8526069378076899,0.6751498256685564,0.8280608057975769,-0.33651402592658997,-0.6619858145713806,1204,-9.518019483678586e-09,-9.518019483678586e-07,9.518019483678586e-07
567249343,0.8788181971540481,0.6637608848428989,0.7863374948501587,-0.4080942571163177,-0.6779472231864929,1205,0.8788181876360286,0.6637608920728182,0.7863374948501587,-0.40809428691864014,-0.6779473423957825,1205,-9.518019483678586e-09,-9.518019483678586e-07,9.518019483678586e-07
567282677,0.9036046873559982,0.6426661271605731,0.7435947060585022,-0.5304410457611084,-0.6635168194770813,1206,0.9036046798248002,0.6426661533281528,0.743594765663147,-0.5304408669471741,-0.6635168194770813,1206,-7.531197998567052e-09,-7.531197998567052e-07,7.531197998567052e-07
567316011,0.9284676205148727,0.6337881264072112,0.7458879947662354,-0.5751285552978516,-0.6424272656440735,1207,0.9284676169573177,0.633788156618899,0.7458881139755249,-0.5751284956932068,-0.6424274444580078,1207,-3.557555028343984e-09,-3.557555028343984e-07,3.557555028343984e-07
567349345,0.9534499060144456,0.6423323018468998,0.7494685649871826,-0.5472001433372498,-0.6815444827079773,1208,0.9534499024568904,0.6423323171052577,0.7494685649871826,-0.547200083732605,-0.6815445423126221,1208,-3.5575551393662863e-09,-3.5575551393662863e-07,3.5575551393662863e-07
567382679,0.9784185142348636,0.6498311689389753,0.7490582466125488,-0.5158897042274475,-0.7084795832633972,1209,0.9784185146509518,0.6498312055541301,0.7490583658218384,-0.515889585018158,-0.7084797620773315,1209,4.160881639236891e-10,4.160881639236891e-08,4.160881639236891e-08
567416013,0.0037133704652816,0.6531970406185583,0.7588456869125366,-0.4990669786930084,-0.7167527675628662,1210,0.003713370881369693,0.6531970379113715,0.7588456869125366,-0.4990670382976532,-0.716752827167511,1210,4.160880529013866e-10,4.160880529013866e-08,4.160880529013866e-08
567449347,0.0297583471765548,0.6631696698019336,0.7813493013381958,-0.4295956790447235,-0.7077033519744873,1211,0.029758343618999903,0.663169663856024,0.7813491821289062,-0.4295956790447235,-0.7077032923698425,1211,-3.5575549173216814e-09,-3.5575549173216814e-07,3.5575549173216814e-07
567482681,0.0688276480665237,0.4718034217580381,0.7813860177993774,-0.8427410125732422,0.1508855819702148,1212,0.06882764748920102,0.4718033835837511,0.7813860774040222,-0.8427410125732422,0.15088579058647156,1212,-5.773226896543804e-10,-5.773226896543804e-08,5.773226896543804e-08
567516015,0.1080016981592208,0.4766982205851592,0.7834810018539429,-0.8413388133049011,0.1240676715970039,1213,0.10800169758189816,0.4766982343793576,0.7834810018539429,-0.8413388133049011,0.12406759709119797,1213,-5.773226341432292e-10,-5.7732263414322915e-08,5.7732263414322915e-08
567549349,0.1472351144781142,0.4763043008715943,0.7846683263778687,-0.8056657910346985,0.1208453550934791,1214,0.14723511390079158,0.47630427611333787,0.7846683263778687,-0.8056657314300537,0.12084547430276871,1214,-5.773226341432292e-10,-5.7732263414322915e-08,5.7732263414322915e-08
567582683,0.1865076016416579,0.4851316119473632,0.785449743270874,-0.783308207988739,0.0733909383416175,1215,0.18650760106433528,0.4851316464625005,0.785449743270874,-0.783308207988739,0.07339076697826385,1215,-5.773226341432292e-10,-5.7732263414322915e-08,5.7732263414322915e-08
567616017,0.2252995144357711,0.5018248137988603,0.7758382558822632,-0.7103481292724609,-0.008144955150783,1216,0.2252995108782162,0.5018247847427427,0.7758381962776184,-0.7103480696678162,-0.008144824765622616,1216,-3.5575549173216814e-09,-3.5575549173216814e-07,3.5575549173216814e-07
567649351,0.2656658004751235,0.5872813554679206,0.8073257207870483,-0.6377941966056824,-0.3896365761756897,1217,0.26566579393733636,0.5872814469237979,0.8073256611824036,-0.6377939581871033,-0.38963693380355835,1217,-6.537787144988982e-09,-6.537787144988982e-07,6.537787144988982e-07
567682685,0.3059887479772598,0.6337906884864545,0.8064589500427246,-0.5297892093658447,-0.5918017029762268,1218,0.3059887354790081,0.6337907123843668,0.8064588308334351,-0.5297892093658447,-0.5918018817901611,1218,-1.2498251655834736e-08,-1.2498251655834736e-06,1.2498251655834736e-06
567716019,0.3444573532571822,0.6664464170779876,0.7693721055984497,-0.4235562682151794,-0.7312819957733154,1219,0.3444573407589306,0.6664464129904627,0.7693721055984497,-0.4235563278198242,-0.7312820553779602,1219,-1.2498251600323584e-08,-1.2498251600323584e-06,1.2498251600323584e-06
567749353,0.3832521985998183,0.6717169400853092,0.7758969068527222,-0.3265032470226288,-0.6093881130218506,1220,0.3832521861015667,0.6717169340378318,0.7758969068527222,-0.32650327682495117,-0.6093881130218506,1220,-1.2498251600323584e-08,-1.2498251600323584e-06,1.2498251600323584e-06
567782687,0.4225306581487685,0.6665593632099587,0.7855691909790039,-0.3017790019512176,-0.5218836665153503,1221,0.4225306396900524,0.6665593244750412,0.7855690717697144,-0.30177924036979675,-0.5218837857246399,1221,-1.8458716111169338e-08,-1.8458716111169338e-06,1.8458716111169338e-06
567816021,0.4624802659978896,0.6626191744706128,0.7989921569824219,-0.3203412592411041,-0.5236291289329529,1222,0.46248025349963795,0.6626191634588705,0.7989922761917114,-0.32034119963645935,-0.5236289501190186,1222,-1.2498251655834736e-08,-1.2498251655834736e-06,1.2498251655834736e-06
567849355,0.5036477815141708,0.6549206435967969,0.8233503103256226,-0.3610253036022186,-0.530663251876831,1223,0.5036477719961513,0.6549206147488247,0.8233503699302673,-0.3610253632068634,-0.5306631326675415,1223,-9.518019483678586e-09,-9.518019483678586e-07,9.518019483678586e-07
567882689,0.5469207595815688,0.6400490262596898,0.8654595613479614,-0.483736902475357,-0.5851043462753296,1224,0.5469207500635493,0.6400490342217283,0.8654595613479614,-0.48373690247535706,-0.5851044058799744,1224,-9.518019483678586e-09,-9.518019483678586e-07,9.518019483678586e-07
567916023,0.589425320528987,0.6422243466990469,0.8500912189483643,-0.5059453845024109,-0.6292863488197327,1225,0.5894253169714321,0.6422243449044294,0.8500913381576538,-0.5059454441070557,-0.6292864084243774,1225,-3.5575549173216814e-09,-3.5575549173216814e-07,3.5575549173216814e-07
567949357,0.604723992052717,0.4832747096231647,0.4589601457118988,-1.159740686416626,0.1223255768418312,1226,0.6047239865083406,0.4832747027969351,0.45896008610725403,-1.1597402095794678,0.12232557684183121,1226,-5.544376402433215e-09,-5.544376402433215e-07,5.544376402433215e-07
567982691,0.6614098987013528,0.7504518656935817,1.1337181329727173,0.0047834254801273,-1.6848009824752808,1227,0.661409899117441,0.7504518529929517,1.1337182521820068,0.00478329136967659,-1.6848011016845703,1227,4.160881639236891e-10,4.160881639236891e-08,4.160881639236891e-08
568016025,0.7089695474535653,0.7366495487825119,0.9511929750442504,-0.1440634131431579,-1.713395357131958,1228,0.7089695478696535,0.7366495657009733,0.9511929750442505,-0.14406318962574005,-1.7133948802947998,1228,4.160881639236891e-10,4.160881639236891e-08,4.160881639236891e-08
568049359,0.7465773113448155,0.7465773113448155,0.7658160924911499,-0.0343059562146663,-1.594980239868164,1229,0.7465773072577013,0.7465773072577013,0.7658159732818604,-0.03430599719285965,-1.594980239868164,1229,-4.087114202633302e-09,-4.087114202633302e-07,4.087114202633302e-07
568082693,0.770126140900327,0.7437637854734488,0.7064648866653442,-0.0504752062261104,-1.287522554397583,1230,0.7701261348263914,0.7437638203003865,0.7064648270606995,-0.05047491937875748,-1.2875224351882935,1230,-6.073935687744836e-09,-6.073935687744836e-07,6.073935687744836e-07
568116027,0.7925587661940587,0.7350804839130434,0.6729787588119507,-0.1054557263851165,-1.1216589212417605,1231,0.792558760120123,0.7350804545713308,0.6729787588119507,-0.10545593500137329,-1.1216589212417603,1231,-6.073935687744836e-09,-6.073935687744836e-07,6.073935687744836e-07
568149361,0.813978569495552,0.753575941278404,0.6425940990447998,0.0198169089853763,-0.8818456530570984,1232,0.8139785554743304,0.7535759603359874,0.6425938606262207,0.019817013293504715,-0.8818455934524536,1232,-1.4021221628190972e-08,-1.4021221628190972e-06,1.4021221628190972e-06
568182695,0.8340856401005121,0.7524528980257909,0.6032121181488037,0.0098769403994083,-0.6408091187477112,1233,0.8340856260792905,0.7524528545375695,0.6032121181488037,0.009876761585474014,-0.6408088803291321,1233,-1.4021221628190972e-08,-1.4021221628190972e-06,1.4021221628190972e-06
568216029,0.8528314498939844,0.6717433545213802,0.5623742938041687,-0.2183976471424102,-0.407781571149826,1234,0.8528314299122983,0.6717434194194926,0.5623741149902344,-0.21839728951454163,-0.40778130292892456,1234,-1.9981686083525574e-08,-1.9981686083525574e-06,1.9981686083525574e-06
568249363,0.8690786617873839,0.5131483807593036,0.4874163568019867,-0.6802334189414978,-0.0563248060643672,1235,0.8690786467727516,0.5131485249796928,0.48741650581359863,-0.6802329421043396,-0.056325387209653854,1235,-1.5014632315235588e-08,-1.5014632315235588e-06,1.5014632315235588e-06
568282697,0.8837596255420378,0.4604679878255335,0.4404289126396179,-1.187080144882202,0.3010725080966949,1236,0.8837596105274055,0.4604679652459887,0.4404289126396179,-1.1870800256729126,0.3010726571083069,1236,-1.5014632315235588e-08,-1.5014632315235588e-06,1.5014632315235588e-06
568316031,0.8996005413809152,0.4629786428058788,0.4752274751663208,-1.4714179039001465,0.3485793471336365,1237,0.8996005323267473,0.4629786071384593,0.4752276539802551,-1.4714171886444092,0.3485795259475708,1237,-9.054167859900986e-09,-9.054167859900986e-07,9.054167859900986e-07
568349365,0.9147987671572696,0.4703396186809508,0.4559467732906341,-1.6752864122390747,0.3158745169639587,1238,0.9147987600899232,0.47033965556795276,0.45594683289527893,-1.6752861738204956,0.3158740699291229,1238,-7.067346374789452e-09,-7.067346374789452e-07,7.067346374789452e-07
568382699,0.9422918407001823,0.4961507232180748,0.824792206287384,-2.460784912109375,0.0595274604856967,1239,0.9422918356196576,0.4961507368115489,0.8247922658920288,-2.460784673690796,0.05952724441885948,1239,-5.080524778655615e-09,-5.080524778655615e-07,5.080524778655615e-07
568416033,0.9865225700416892,0.3417756846297528,0.8846145868301392,-0.9465388059616088,1.4553585052490234,1240,0.986522570921629,0.3417756447816529,0.8846147060394287,-0.9465382099151611,1.4553583860397339,1240,8.799397877012893e-10,8.799397877012893e-08,8.799397877012893e-08
568449367,0.0321486262359946,0.3386573253613961,0.9125211238861084,-0.9244787096977234,1.484276294708252,1241,0.03214863605663121,0.3386573402280516,0.9125213027000427,-0.9244785308837891,1.4842756986618042,1241,9.820636637236646e-09,9.820636637236646e-07,9.820636637236646e-07
568482701,0.0789840904751151,0.3373578477446277,0.9367092847824096,-0.9170784950256348,1.4995408058166504,1242,0.07898410625621616,0.3373578431404884,0.9367094039916992,-0.91707843542099,1.4995408058166504,1242,1.5781101092571248e-08,1.5781101092571248e-06,1.5781101092571248e-06
568516035,0.1271639136352866,0.3355744743196715,0.9635964632034302,-0.875622034072876,1.4684727191925049,1243,0.12716394133731662,0.3355744316064292,0.9635967016220093,-0.8756218552589417,1.4684733152389526,1243,2.7702030003240452e-08,2.770203000324045e-06,2.770203000324045e-06
568549369,0.1766188112774223,0.3345025570538124,0.9890979528427124,-0.8601324558258057,1.4648345708847046,1244,0.1766188449399167,0.3345024862753857,0.989098072052002,-0.8601318597793579,1.4648350477218628,1244,3.366249434755275e-08,3.366249434755275e-06,3.366249434755275e-06
568582703,0.2246270565071433,0.3417300167944333,0.9601649045944214,-0.9180363416671752,1.4124208688735962,1245,0.22462710209056674,0.341730016321521,0.9601651430130005,-0.9180361032485962,1.4124205112457275,1245,4.558342348026656e-08,4.558342348026656e-06,4.558342348026656e-06
568616037,0.2713538942613929,0.347839292652734,0.9345367550849916,-0.90137380361557,1.2767308950424194,1246,0.2713539368645841,0.34783926202822546,0.9345366954803467,-0.9013732671737671,1.2767306566238403,1246,4.260319119708811e-08,4.260319119708811e-06,4.260319119708811e-06
568649371,0.3157349763193458,0.3625452355500992,0.8876216411590576,-0.7376876473426819,0.8632243275642395,1247,0.3157350129620725,0.3625452482525245,0.8876215219497681,-0.7376877665519714,0.8632243275642395,1247,3.6642726741753506e-08,3.6642726741753506e-06,3.6642726741753506e-06
568682705,0.3542702374735206,0.4011773048069721,0.7707052230834961,-0.838481605052948,0.5997665524482727,1248,0.3542702800767118,0.40117733900594843,0.7707053422927856,-0.8384814858436584,0.599766194820404,1248,4.260319119708811e-08,4.260319119708811e-06,4.260319119708811e-06
568716039,0.3866501090803473,0.4554902510831933,0.6475974321365356,-0.8950967192649841,0.2570623755455017,1249,0.38665015764400307,0.4554901784827357,0.6475975513458252,-0.8950972557067871,0.25706297159194946,1249,4.856365576344501e-08,4.856365576344501e-06,4.856365576344501e-06
568749373,0.416182708529505,0.4610549122512645,0.5906519889831543,-0.8443165421485901,0.2108284533023834,1250,0.4161827630536253,0.461054965125615,0.5906521081924438,-0.8443166613578796,0.21082818508148193,1250,5.452412032980192e-08,5.452412032980192e-06,5.452412032980192e-06
568782707,0.4450524983682959,0.4530965184375204,0.5773957967758179,-0.8194426894187927,0.2487353682518005,1251,0.44505254991218396,0.4530965269550338,0.5773957371711731,-0.8194427490234375,0.24873533844947815,1251,5.1543888046623465e-08,5.1543888046623465e-06,5.1543888046623465e-06
568816041,0.4678479669370978,0.3076854369915137,0.6838640570640564,-0.4397343099117279,1.159635066986084,1252,0.4678480224546288,0.30768547114408584,0.683864176273346,-0.43973445892333984,1.1596347093582153,1252,5.551753101684653e-08,5.551753101684653e-06,5.551753101684653e-06
568849375,0.4857891915121405,0.346397030007427,0.5382367372512817,-0.2463454306125641,0.3557291030883789,1253,0.48578924504285004,0.34639706815096577,0.538236677646637,-0.2463453710079193,0.3557288348674774,1253,5.3530709531735e-08,5.3530709531735e-06,5.3530709531735e-06
568882709,0.5037344294665982,0.3378942455647995,0.538357138633728,-0.161049336194992,0.2613532245159149,1254,0.5037344869709506,0.33789425534072826,0.5383572578430176,-0.16104908287525177,0.2613527774810791,1254,5.7504352390935765e-08,5.7504352390935765e-06,5.7504352390935765e-06
568916043,0.5220327216266324,0.3910061832375514,0.5489487648010254,-0.1115173995494842,0.0910738632082939,1255,0.5220327811178063,0.39100646411812895,0.5489488244056702,-0.11151723563671112,0.0910734012722969,1255,5.94911738760473e-08,5.94911738760473e-06,5.94911738760473e-06
568949377,0.5550604420779873,0.7981567424677963,0.6605544090270996,0.0325138010084629,-0.1041565164923667,1256,0.5550605015691612,0.7981562860736158,0.6605544090270996,0.032513510435819626,-0.10415663570165634,1256,5.94911738760473e-08,5.94911738760473e-06,5.94911738760473e-06
568982711,0.5910980957626034,0.8795714018807854,0.7207530736923218,0.1446031332015991,-0.1365260481834411,1257,0.5910981552537773,0.879571396600025,0.7207530736923218,0.14460302889347076,-0.136525958776474,1257,5.94911738760473e-08,5.94911738760473e-06,5.94911738760473e-06
569016045,0.6314848172544171,0.903570379541778,0.8077344298362732,0.2519112527370453,-0.1745270192623138,1258,0.6314848737653587,0.9035705581940946,0.8077343702316284,0.2519114911556244,-0.17452676594257355,1258,5.6510941592868846e-08,5.651094159286885e-06,5.651094159286885e-06
569049379,0.6752021002648999,0.909554477559288,0.8743456602096558,0.2588802278041839,-0.1653087437152862,1259,0.675202162736306,0.9095545321283145,0.8743457794189453,0.2588803768157959,-0.16530871391296387,1259,6.247140604820345e-08,6.247140604820345e-06,6.247140604820345e-06
569082713,0.7224248039601971,0.819446907764819,0.9444540739059448,0.1768319457769394,-0.3792020082473755,1260,0.7224248723920677,0.8194469587894653,0.9444541931152344,0.17683207988739014,-0.3792019784450531,1260,6.843187050353805e-08,6.843187050353805e-06,6.843187050353805e-06
569116047,0.7471060578145866,0.7471060578145866,0.9806233644485474,-0.0114335156977176,-0.62872713804245,1261,0.7471060689725523,0.7471060689725523,0.9806234836578369,-0.011433467268943787,-0.6287268996238708,1261,1.1157965662533798e-08,1.1157965662533798e-06,1.1157965662533798e-06
569149381,0.7814122541863009,0.6799567872416808,1.0291858911514282,-0.3349165022373199,-0.7112324833869934,1262,0.7814122653442666,0.6799567760068115,1.0291858911514282,-0.3349165916442871,-0.7112325429916382,1262,1.1157965662533798e-08,1.1157965662533798e-06,1.1157965662533798e-06
569182715,0.8119280362246717,0.6697955856811477,0.915473461151123,-0.3542140424251556,-0.6423572897911072,1263,0.8119280453958159,0.669795631561821,0.9154734015464783,-0.3542138338088989,-0.642357349395752,1263,9.171144177422264e-09,9.171144177422264e-07,9.171144177422264e-07
569216049,0.8404670143244947,0.6633524281464003,0.8561693429946899,-0.375878095626831,-0.6208165884017944,1264,0.8404670195219959,0.6633525075964852,0.8561692237854004,-0.37587770819664,-0.6208166480064392,1264,5.1975012071991955e-09,5.197501207199196e-07,5.197501207199196e-07
569249383,0.8679721578079744,0.6643294045352333,0.8251543045043945,-0.3784193396568298,-0.6337623596191406,1265,0.8679721649922972,0.664329397946652,0.8251543641090393,-0.37841933965682983,-0.6337623000144958,1265,7.184322803333032e-09,7.184322803333032e-07,7.184322803333032e-07
569282717,0.893676561526287,0.6623144494302622,0.7711321115493774,-0.3941351771354675,-0.6414902210235596,1266,0.8936765667237884,0.6623144291875538,0.7711320519447327,-0.39413532614707947,-0.6414902806282043,1266,5.197501318221498e-09,5.197501318221498e-07,5.197501318221498e-07
569316051,0.9179253701486472,0.6576701895695393,0.7274642586708069,-0.4214729368686676,-0.6431288719177246,1267,0.9179253773329701,0.6576701879665579,0.7274643182754517,-0.4214729070663452,-0.6431288123130798,1267,7.1843229143553344e-09,7.184322914355334e-07,7.184322914355334e-07
569349385,0.9419017319002037,0.6658424110085653,0.7192908525466919,-0.3809309899806976,-0.651970624923706,1268,0.9419017390845265,0.665842408266059,0.7192908525466919,-0.38093090057373047,-0.6519704461097717,1268,7.184322803333032e-09,7.184322803333032e-07,7.184322803333032e-07
569382719,0.9652023875830852,0.5165856300304442,0.6990196704864502,-0.9191007018089294,-0.0961282551288604,1269,0.9652023987410511,0.5165856474806194,0.6990197896957397,-0.9191005825996399,-0.09612834453582764,1269,1.1157965884578402e-08,1.1157965884578402e-06,1.1157965884578402e-06
569416053,0.9882752104717776,0.5197226663671042,0.6921846866607666,-0.9412540793418884,-0.1172420606017112,1270,0.9882752176561003,0.5197226390748313,0.692184567451477,-0.9412540793418884,-0.11724189668893814,1270,7.1843226923107295e-09,7.18432269231073e-07,7.18432269231073e-07
569449387,0.0118151569483959,0.5249885142156812,0.7061983942985535,-0.9107343554496764,-0.1441787779331207,1271,0.011815162145897284,0.5249885144704161,0.7061983346939087,-0.9107345342636108,-0.14417880773544312,1271,5.1975014292438004e-09,5.1975014292438e-07,5.1975014292438e-07
569482721,0.0356867555894736,0.5297054235433782,0.7161479592323303,-0.8764868974685669,-0.1655181050300598,1272,0.03568676078697496,0.5297054111193821,0.7161479592323303,-0.8764869570732117,-0.16551804542541504,1272,5.197501318221498e-09,5.197501318221498e-07,5.197501318221498e-07
569516055,0.0599382106580619,0.5557939580920424,0.7275436520576477,-0.7628433108329773,-0.2789470255374908,1273,0.05993821386874172,0.5557939595655177,0.7275435924530029,-0.7628433704376221,-0.27894705533981323,1273,3.210679833109964e-09,3.210679833109964e-07,3.210679833109964e-07
569549389,0.0848589364805106,0.59881075952871,0.7476217746734619,-0.6522374153137207,-0.4664719998836517,1274,0.08485893571754746,0.5988107691512197,0.7476216554641724,-0.6522374153137207,-0.4664720594882965,1274,-7.62963137113104e-10,-7.62963137113104e-08,7.62963137113104e-08
569582723,0.1086230898020946,0.653785410071426,0.712924599647522,-0.4406457543373108,-0.6378647089004517,1275,0.10862308903913152,0.6537854239810804,0.712924599647522,-0.4406457543373108,-0.6378648281097412,1275,-7.629630816019528e-10,-7.629630816019528e-08,7.629630816019528e-08
569616057,0.132636088541973,0.6577406834571802,0.7203899621963501,-0.383160799741745,-0.5852333307266235,1276,0.13263608777900987,0.657740698720868,0.7203899621963501,-0.38316068053245544,-0.5852332711219788,1276,-7.62963137113104e-10,-7.62963137113104e-08,7.62963137113104e-08
569649391,0.1568343385178132,0.659860411134823,0.7259474992752075,-0.3240982294082641,-0.5097084045410156,1277,0.15683433378120715,0.6598604050834842,0.725947380065918,-0.3240984082221985,-0.5097086429595947,1277,-4.736606051825021e-09,-4.736606051825021e-07,4.736606051825021e-07
569682725,0.194414143176703,0.6554032856086582,0.7515960931777954,-0.2886970043182373,-0.4271288514137268,1278,0.1944141354598647,0.6554032268877565,0.7515960335731506,-0.28869715332984924,-0.42712873220443726,1278,-7.716838279492322e-09,-7.716838279492322e-07,7.716838279492322e-07
569716059,0.2336519702393098,0.6562378189636976,0.7847565412521362,-0.2716163098812103,-0.4064351916313171,1279,0.23365196550270373,0.6562378028291334,0.784756600856781,-0.2716163694858551,-0.40643519163131714,1279,-4.736606107336172e-09,-4.736606107336172e-07,4.736606107336172e-07
569749393,0.2609056417264823,0.0359343898431377,0.8176101446151733,0.2861790359020233,0.0657350197434425,1280,0.2609056369898762,0.03593440760490947,0.8176101446151733,0.286178857088089,0.06573501229286194,1280,-4.736606107336172e-09,-4.736606107336172e-07,4.736606107336172e-07
569782727,0.2928877337891145,0.0249226784190249,0.9594627618789672,0.6592718958854675,0.1040901094675064,1281,0.2928877290525084,0.024922664010023216,0.9594627618789673,0.6592717170715332,0.10409002006053925,1281,-4.736606051825021e-09,-4.736606051825021e-07,4.736606051825021e-07
569816061,0.3255541825411999,0.0151408436071825,0.979993462562561,0.7915740013122559,0.0755325928330421,1282,0.3255541817782368,0.01514084255332804,0.9799935817718506,0.7915738224983215,0.07553257048130035,1282,-7.629630816019528e-10,-7.629630816019528e-08,7.629630816019528e-08
569849395,0.355070223820039,0.0356586553189389,0.8854812383651733,0.8696992993354797,0.198183387517929,1283,0.3550702310043619,0.03565867536911561,0.8854814767837524,0.8696991205215454,0.19818346202373505,1283,7.1843229143553344e-09,7.184322914355334e-07,7.184322914355334e-07
569882729,0.3827808404086315,0.076662946915042,0.8313184976577759,0.7034886479377747,0.3677540421485901,1284,0.3827808515665974,0.07666282921331163,0.8313186168670654,0.7034889459609985,0.3677535355091095,1284,1.1157965884578402e-08,1.1157965884578402e-06,1.1157965884578402e-06
569916063,0.408209403765031,0.0965380418132337,0.7628569006919861,0.6976128220558167,0.4840178787708282,1285,0.40820941492299695,0.09653797015664602,0.7628569006919861,0.6976127624511719,0.48401737213134766,1285,1.1157965884578402e-08,1.1157965884578402e-06,1.1157965884578402e-06
569949397,0.4313686851777915,0.1394339511119801,0.6947784423828125,0.5930763483047485,0.7117369174957275,1286,0.43136869633575736,0.13943396291283658,0.6947784423828125,0.5930761098861694,0.7117367386817932,1286,1.1157965884578402e-08,1.1157965884578402e-06,1.1157965884578402e-06
569982731,0.452049100808132,0.1772925082531529,0.6204124689102173,0.4589216411113739,0.9336925745010376,1287,0.45204911792656244,0.1772925129698101,0.6204126477241516,0.45892134308815,0.9336920380592346,1287,1.7118430450935307e-08,1.7118430450935307e-06,1.7118430450935307e-06
570016065,0.4665938868242784,0.2086148359410297,0.4363435804843902,0.3598819077014923,1.3526630401611328,1288,0.46659390990317323,0.20861485823340922,0.4363437592983246,0.35988160967826843,1.3526626825332642,1288,2.3078894795247606e-08,2.3078894795247606e-06,2.3078894795247606e-06
570049399,0.4805163079617702,0.2386777250662385,0.4176726341247558,0.1217962205410003,1.7091758251190186,1289,0.4805163280604329,0.23867774360698157,0.4176725447177887,0.12179601192474365,1.709175705909729,1289,2.009866273411376e-08,2.009866273411376e-06,2.009866273411376e-06
570082733,0.4956512256580873,0.2364075516056465,0.4540475308895111,0.1558367908000946,1.820265531539917,1290,0.49565124476333916,0.2364075430301171,0.4540475010871887,0.15583691000938416,1.820265769958496,1290,1.910525182502454e-08,1.910525182502454e-06,1.910525182502454e-06
570116067,0.5113131298739,0.2331359104772099,0.4698571264743805,0.2004449069499969,1.884614944458008,1291,0.5113131519593841,0.23313593859454762,0.46985721588134766,0.2004445195198059,1.8846144676208496,1291,2.208548410820299e-08,2.208548410820299e-06,2.208548410820299e-06
570149401,0.5278230949360414,0.2227952496455929,0.4952989518642425,0.3619281947612762,2.096713066101074,1292,0.527823119008347,0.22279521177781772,0.49529901146888733,0.361928790807724,2.0967135429382324,1292,2.4072305593314525e-08,2.4072305593314525e-06,2.4072305593314525e-06
570182735,0.5515626593548342,0.1921962690470602,0.7121869325637817,0.8471699953079224,2.229095697402954,1293,0.5515626814403183,0.19219627276565598,0.712186872959137,0.8471699357032776,2.229095697402954,1293,2.208548410820299e-08,2.208548410820299e-06,2.208548410820299e-06
570216069,0.5767612977940126,0.1699028043599209,0.755959153175354,1.0750670433044434,1.952713966369629,1294,0.5767613178926753,0.1699028066213652,0.7559590935707092,1.075067400932312,1.9527146816253662,1294,2.0098662623091457e-08,2.0098662623091457e-06,2.0098662623091457e-06
570249403,0.603201886427232,0.1611213893568978,0.793217658996582,1.19258451461792,1.9088084697723389,1295,0.6032019104995376,0.16112139918831797,0.7932177782058716,1.1925842761993408,1.9088083505630493,1295,2.4072305593314525e-08,2.4072305593314525e-06,2.4072305593314525e-06
570282737,0.6289509419717674,0.1568967641372768,0.7724716663360596,1.2046080827713013,1.8187801837921145,1296,0.628950966044073,0.15689680274556955,0.7724716663360596,1.204607605934143,1.8187804222106934,1296,2.4072305593314525e-08,2.4072305593314525e-06,2.4072305593314525e-06
570316071,0.6553617680190289,0.1607171453553385,0.7923247814178467,1.1199039220809937,1.7823879718780518,1297,0.6553617920913345,0.160717182635846,0.7923247814178467,1.119903564453125,1.7823883295059204,1297,2.4072305593314525e-08,2.4072305593314525e-06,2.4072305593314525e-06
570349405,0.6812563979743207,0.1683451931224359,0.7768388986587524,1.0580228567123413,1.8780152797698972,1298,0.6812564140993402,0.16834519744272683,0.7768386602401733,1.0580228567123413,1.878015398979187,1298,1.6125019541846086e-08,1.6125019541846086e-06,1.6125019541846086e-06
570382739,0.7189845943568433,0.1745391766672152,0.7545639276504517,0.9415537118911744,1.834750771522522,1299,0.7189846164423273,0.17453915986536916,0.7545640468597412,0.9415537118911743,1.8347502946853638,1299,2.2085483997180688e-08,2.208548399718069e-06,2.208548399718069e-06
570416073,0.7538592004893506,0.1883231412690536,0.6974921226501465,0.6564127802848816,1.6081960201263428,1300,0.7538592344957635,0.18832311877323082,0.6974923610687256,0.6564128994941711,1.6081956624984741,1300,3.400641290784989e-08,3.4006412907849892e-06,3.4006412907849892e-06
570449407,0.7851572537539685,0.2028068503037397,0.6259610652923584,0.3756981790065765,1.22965669631958,1301,0.7851572788196848,0.2028068918559898,0.6259608864784241,0.3756977915763855,1.2296565771102905,1301,2.506571628035914e-08,2.506571628035914e-06,2.506571628035914e-06
570482741,0.8131807887671674,0.2200076541713694,0.560470700263977,0.2058776915073394,1.0795307159423828,1302,0.8131808138328837,0.22000764346359708,0.560470700263977,0.20587772130966187,1.0795304775238037,1302,2.506571628035914e-08,2.506571628035914e-06,2.506571628035914e-06
570516075,0.8387515390036786,0.2152651236250914,0.5114150047302246,0.2305624783039093,1.0396089553833008,1303,0.8387515610891626,0.21526510188216824,0.5114149451255798,0.23056262731552124,1.0396089553833008,1303,2.2085483997180688e-08,2.208548399718069e-06,2.208548399718069e-06
570549409,0.86319926918728,0.2104093900516352,0.4889546036720276,0.256568044424057,1.0100455284118652,1304,0.863199291272764,0.21040942975398874,0.4889546036720276,0.2565677762031555,1.0100455284118652,1304,2.2085483997180688e-08,2.208548399718069e-06,2.208548399718069e-06
570582743,0.8878534668801511,0.2181846691155482,0.4930839538574219,0.1838503181934356,0.907420575618744,1305,0.8878534889656351,0.21818462094015423,0.4930839538574219,0.18385061621665955,0.9074206352233887,1305,2.2085483997180688e-08,2.208548399718069e-06,2.208548399718069e-06
570616077,0.9142440581439222,0.3145578348907001,0.5278118252754211,-0.2255741655826568,0.5252701044082642,1306,0.9142440712887094,0.31455777937124973,0.5278116464614868,-0.22557389736175537,0.5252699851989746,1306,1.3144787258667634e-08,1.3144787258667634e-06,1.3144787258667634e-06
570649411,0.9328504467128004,0.4517263230461011,0.5581916570663452,-0.318048357963562,0.0995394065976142,1307,0.9328504598575876,0.4517263942292908,0.5581916570663452,-0.31804776191711426,0.09953906387090683,1307,1.3144787258667634e-08,1.3144787258667634e-06,1.3144787258667634e-06
570682745,0.9519897484896864,0.5617978631739052,0.5741790533065796,-0.245703637599945,-0.1005061492323875,1308,0.9519897616344736,0.5617977485453272,0.5741790533065796,-0.24570390582084656,-0.10050605237483978,1308,1.3144787147645332e-08,1.3144787147645332e-06,1.3144787147645332e-06
570716079,0.9746961935478732,0.737610169409646,0.6811933517456055,-0.0224420987069606,-0.2876998782157898,1309,0.9746962086794819,0.7376101481638071,0.6811934113502502,-0.022442130371928215,-0.28769978880882263,1309,1.5131608743779168e-08,1.5131608743779168e-06,1.5131608743779168e-06
570749413,5.136173151787382e-05,0.8148705352162698,0.7606550455093384,0.130269318819046,-0.3017077445983886,1310,5.137884994810271e-05,0.8148706535694545,0.7606551051139832,0.13026957213878632,-0.3017077147960663,1310,1.7118430228890702e-08,1.7118430228890702e-06,1.7118430228890702e-06
570782747,0.0281967524804955,0.824162206958608,0.8443617224693298,0.1580518782138824,-0.3142731189727783,1311,0.02819676761210427,0.8241622311205818,0.8443616628646851,0.15805190801620483,-0.31427305936813354,1311,1.5131608743779168e-08,1.5131608743779168e-06,1.5131608743779168e-06
570816081,0.0596839392302717,0.8373643951341752,0.944615602493286,0.2236835062503814,-0.3657173812389374,1312,0.05968395436188048,0.8373643279660947,0.9446156024932861,0.22368347644805908,-0.36571767926216125,1312,1.5131608743779168e-08,1.5131608743779168e-06,1.5131608743779168e-06
570849415,0.0930945519723778,0.7946393654506168,1.0023183822631836,0.1692156493663787,-0.5874089598655701,1313,0.0930945671039866,0.7946393605871652,1.0023183822631836,0.16921566426753998,-0.5874090790748596,1313,1.513160885480147e-08,1.513160885480147e-06,1.513160885480147e-06
570882749,0.1271170461295332,0.7277136026545203,1.0206748247146606,-0.1022782921791076,-0.7256247401237488,1314,0.12711706126114194,0.7277135501863113,1.0206748247146606,-0.10227855294942856,-0.7256248593330383,1314,1.5131608743779168e-08,1.5131608743779168e-06,1.5131608743779168e-06
570916083,0.1606642011918908,0.6851317752705435,1.0064146518707275,-0.3060647249221802,-0.7088835835456848,1315,0.16066421234985656,0.6851317565603507,1.006414532661438,-0.3060646951198578,-0.7088832855224609,1315,1.11579657735561e-08,1.11579657735561e-06,1.11579657735561e-06
570949417,0.1925427560129052,0.6648011479402629,0.956356644630432,-0.3885519206523895,-0.6551358699798584,1316,0.19254276518404947,0.664801138225366,0.9563565850257874,-0.3885520100593567,-0.6551359295845032,1316,9.171144288444566e-09,9.171144288444566e-07,9.171144288444566e-07
570982751,0.2374093804874306,0.6625563359455854,0.897332489490509,-0.3852352201938629,-0.6291465163230896,1317,0.2374093866783427,0.6625563371772777,0.8973324298858643,-0.3852352499961853,-0.6291465759277344,1317,6.190912116288416e-09,6.190912116288416e-07,6.190912116288416e-07
571016085,0.2805349056043511,0.6656784670906922,0.8625105023384094,-0.3730621039867401,-0.6369955539703369,1318,0.28053491179526313,0.6656784762798802,0.8625105023384094,-0.37306198477745056,-0.6369954347610474,1318,6.190912005266114e-09,6.190912005266114e-07,6.190912005266114e-07
571049419,0.3213252667703515,0.6648830815807805,0.8158072233200073,-0.3927867412567138,-0.6630539298057556,1319,0.32132527892172796,0.6648830603996233,0.8158073425292969,-0.3927868604660034,-0.6630539298057556,1319,1.2151376460600716e-08,1.2151376460600716e-06,1.2151376460600716e-06
571082753,0.3587408814945107,0.7121422156492883,0.7483122944831848,-0.1599885523319244,-0.6598618626594543,1320,0.35874089066565495,0.7121422258328666,0.74831223487854,-0.15998850762844086,-0.6598618626594543,1320,9.171144288444566e-09,9.171144288444566e-07,9.171144288444566e-07
571116087,0.3955052826919442,0.6987094161613729,0.7352880239486694,-0.2251985669136047,-0.6744316816329956,1321,0.3955052978235529,0.6987094361835592,0.735288143157959,-0.225198432803154,-0.674431562423706,1321,1.5131608743779168e-08,1.5131608743779168e-06,1.5131608743779168e-06
571149421,0.4315486941852455,0.4859542762761967,0.7208682298660278,-0.8403655886650085,0.0743569880723953,1322,0.4315487152773188,0.48595427569416993,0.7208683490753174,-0.840365469455719,0.07435698062181473,1322,2.1092073310136072e-08,2.1092073310136072e-06,2.1092073310136072e-06
571182755,0.4671502564468269,0.4938980800528177,0.7120312452316284,-0.8659934997558594,0.0332180298864841,1323,0.4671502775389002,0.49389807952468257,0.7120312452316284,-0.8659936189651489,0.03321803733706474,1323,2.1092073310136072e-08,2.1092073310136072e-06,2.1092073310136072e-06
571216089,0.5033851866044884,0.5048593176854815,0.7246986031532288,-0.8837155699729919,-0.0269899852573871,1324,0.5033852017360971,0.5048593907622934,0.7246984839439392,-0.8837156891822815,-0.026990395039319992,1324,1.5131608743779168e-08,1.5131608743779168e-06,1.5131608743779168e-06
571249423,0.5113887020450779,0.5113887020450779,0.7384474277496338,-0.8961061835289001,-0.0642326325178146,1325,0.5113886738367319,0.5113886738367319,0.7384474277496338,-0.8961061239242554,-0.0642324686050415,1325,-2.8208345992375428e-08,-2.8208345992375428e-06,2.8208345992375428e-06
571282757,0.5207913417277394,0.5207913417277394,0.7482414841651917,-0.8468610048294067,-0.1112640649080276,1326,0.5207912989870052,0.5207912989870052,0.7482414841651917,-0.8468610644340515,-0.11126384139060974,1326,-4.2740734285118265e-08,-4.2740734285118265e-06,4.2740734285118265e-06
571316091,0.5324689897676678,0.5324689897676678,0.7382733821868896,-0.7762945294380188,-0.1606051325798034,1327,0.5324689585522565,0.5324689585522565,0.7382733821868896,-0.7762946486473083,-0.16060499846935272,1327,-3.1215411255836045e-08,-3.1215411255836045e-06,3.1215411255836045e-06
571349425,0.568299812354681,0.6410338811815528,0.7166164517402649,-0.4899976551532745,-0.6002016067504883,1328,0.5682997811392697,0.6410338467275978,0.7166164517402649,-0.4899977743625641,-0.6002014875411987,1328,-3.1215411255836045e-08,-3.1215411255836045e-06,3.1215411255836045e-06
571382759,0.6030651274105281,0.6678744834678986,0.6953063011169434,-0.380713939666748,-0.6711269021034241,1329,0.6030650902346524,0.6678744948810578,0.6953061819076538,-0.38071390986442566,-0.6711269617080688,1329,-3.717587571117065e-08,-3.7175875711170647e-06,3.7175875711170647e-06
571416093,0.6390194329401225,0.6754407787680787,0.7190861105918884,-0.314791202545166,-0.622065544128418,1330,0.639019398744479,0.6754407909822324,0.7190861701965332,-0.31479117274284363,-0.6220656037330627,1330,-3.41956435390145e-08,-3.4195643539014497e-06,3.4195643539014497e-06
571449427,0.6618016553857358,0.6618016553857358,0.7319172024726868,-0.3107062578201294,-0.5020682215690613,1331,0.6618016586333233,0.6618016586333233,0.731917142868042,-0.31070631742477417,-0.5020683407783508,1331,3.2475875322290904e-09,3.2475875322290904e-07,3.2475875322290904e-07
571482761,0.6865732901233863,0.6632927482186264,0.7431490421295166,-0.2835264503955841,-0.4678885042667389,1332,0.6865732953577953,0.6632927718129982,0.7431491017341614,-0.28352630138397217,-0.46788841485977173,1332,5.234409017340624e-09,5.234409017340624e-07,5.234409017340624e-07
571516095,0.7133901946682166,0.644357604545477,0.8045071363449097,-0.3220328986644745,-0.4117200672626495,1333,0.7133901959289827,0.644357584659596,0.8045070171356201,-0.32203295826911926,-0.41172003746032715,1333,1.2607660471175564e-09,1.2607660471175564e-07,1.2607660471175564e-07
571549429,0.7405309471426836,0.6296722817440372,0.8142225742340088,-0.1329249590635299,-0.1409678906202316,1334,0.7405309484034497,0.62967226545748,0.8142225742340088,-0.13292494416236877,-0.14096784591674805,1334,1.2607660471175564e-09,1.2607660471175564e-07,1.2607660471175564e-07
571582763,0.7872462662993304,0.9563772275770912,0.9343063831329346,0.6316410899162292,-0.177596241235733,1335,0.7872462675600964,0.9563771888679578,0.9343063831329346,0.6316410303115845,-0.17759639024734497,1335,1.2607660471175564e-09,1.2607660471175564e-07,1.2607660471175564e-07
571616097,0.8345533105669848,0.9967432426492736,0.9461408853530884,0.8505040407180786,-0.0174061320722103,1336,0.8345533058672864,0.996743218020026,0.9461407661437988,0.8505041599273682,-0.017406266182661057,1336,-4.699698408217046e-09,-4.6996984082170457e-07,4.6996984082170457e-07
571649431,0.8778991672335498,0.0377792308246801,0.8669171333312988,0.9123883247375488,0.2207387834787368,1337,0.8778991535931546,0.037779223537119475,0.8669169545173645,0.9123883843421936,0.2207387536764145,1337,-1.36403951467301e-08,-1.36403951467301e-06,1.36403951467301e-06
571682765,0.9174500736533038,0.0422547217772465,0.7910181283950806,0.9133781790733336,0.2483596503734588,1338,0.9174500629931409,0.042254690134611174,0.7910181879997253,0.9133782386779785,0.24835947155952454,1338,-1.0660162863551648e-08,-1.0660162863551648e-06,1.0660162863551648e-06
571716099,0.9551950219212404,0.0756509646855197,0.7548989653587341,0.7916318774223328,0.4074436128139496,1339,0.9551950053006132,0.07565107850897947,0.7548988461494446,0.791631817817688,0.4074442982673645,1339,-1.6620627207863947e-08,-1.6620627207863947e-06,1.6620627207863947e-06
571749433,0.9899342122612826,0.1065889402661138,0.6947838068008423,0.7661958336830139,0.6066703200340271,1340,0.9899342016011198,0.10658897894082886,0.6947839260101318,0.7661964297294617,0.6066710948944092,1340,-1.0660162863551648e-08,-1.0660162863551648e-06,1.0660162863551648e-06
571782767,0.0225555661259524,0.1210707822912494,0.652427077293396,0.8398112058639526,0.7993357181549072,1341,0.022555549505325123,0.12107082492054652,0.6524269580841064,0.8398114442825317,0.7993363738059998,1341,-1.66206272633751e-08,-1.6620627263375098e-06,1.6620627263375098e-06
571816101,0.0521615210114352,0.1458656642986525,0.5921190977096558,0.8418090343475342,1.0975284576416016,1342,0.05216150439080791,0.14586560697330275,0.5921190977096558,0.8418095707893372,1.097528338432312,1342,-1.662062731888625e-08,-1.662062731888625e-06,1.662062731888625e-06
571849435,0.0719292196570269,0.2114691858404915,0.3953539729118347,0.4117983281612396,1.667607307434082,1343,0.07192920601663189,0.21146920192548355,0.3953540325164795,0.4117981493473053,1.667607307434082,1343,-1.3640395035707797e-08,-1.3640395035707797e-06,1.3640395035707797e-06
571882769,0.0927437338171832,0.2323900509025256,0.416290283203125,0.2273403108119964,2.0462613105773926,1344,0.09274371868667201,0.23239001884652288,0.4162902534008026,0.2273407280445099,2.0462613105773926,1344,-1.5130511177297024e-08,-1.5130511177297024e-06,1.5130511177297024e-06
571916103,0.1146184223829142,0.231226225967072,0.4374937713146209,0.2560707628726959,2.160765647888184,1345,0.11461840874251919,0.23122622368992723,0.43749380111694336,0.2560708224773407,2.1607658863067627,1345,-1.3640395035707797e-08,-1.3640395035707797e-06,1.3640395035707797e-06
571949437,0.1380811858116023,0.226851418130574,0.469255268573761,0.3310531675815582,2.260038375854492,1346,0.138081169190975,0.22685138596261617,0.4692552089691162,0.3310537040233612,2.2600388526916504,1346,-1.662062731888625e-08,-1.662062731888625e-06,1.662062731888625e-06
571982771,0.1721790867982737,0.2080815872182699,0.681958019733429,0.6928411722183228,2.569454431533813,1347,0.17217907315787867,0.20808154881825797,0.6819580793380737,0.6928417086601257,2.5694539546966553,1347,-1.3640395035707797e-08,-1.3640395035707797e-06,1.3640395035707797e-06
572016105,0.1991110203602346,0.1751236301368749,0.8079580068588257,1.1407607793807983,2.2431750297546387,1348,0.19911099877255356,0.17512359653664505,0.8079577684402466,1.140761375427246,2.2431750297546387,1348,-2.1587681031665085e-08,-2.1587681031665085e-06,2.1587681031665085e-06
572049439,0.2268653231798045,0.1628263423544839,0.8326290845870972,1.330579400062561,2.18133544921875,1349,0.22686529761848048,0.16282633183217352,0.8326289653778076,1.330579161643982,2.1813347339630127,1349,-2.5561324057399304e-08,-2.5561324057399304e-06,2.5561324057399304e-06
572082773,0.2544254340666962,0.1528826724381218,0.8268033266067505,1.462916374206543,2.0921945571899414,1350,0.2544254045317292,0.15288260063540618,0.8268032073974609,1.462916612625122,2.0921928882598877,1350,-2.9534967027622372e-08,-2.953496702762237e-06,2.953496702762237e-06
572116107,0.2819616514383189,0.1519928239998003,0.8260865211486816,1.4090447425842283,1.9913485050201416,1351,0.2819616298506379,0.1519928430464195,0.8260867595672607,1.4090443849563599,1.9913485050201416,1351,-2.1587681031665085e-08,-2.1587681031665085e-06,2.1587681031665085e-06
572149441,0.309561975592219,0.1493928161134375,0.8280097246170044,1.3251370191574097,1.8093383312225344,1352,0.3095619420836091,0.14939282428418324,0.8280093669891357,1.3251371383666992,1.8093386888504028,1352,-3.350860988682314e-08,-3.3508609886823137e-06,3.3508609886823137e-06
572182775,0.3374237137971751,0.1496792392943397,0.8358521461486816,1.269928216934204,1.7405186891555786,1353,0.3374236802885652,0.14967926139916357,0.8358521461486816,1.2699284553527832,1.7405195236206055,1353,-3.350860994233429e-08,-3.350860994233429e-06,3.350860994233429e-06
572216109,0.3653344311255646,0.152699168795569,0.8373215198516846,1.2010525465011597,1.713478922843933,1354,0.36533439364331166,0.15269916581166568,0.837321400642395,1.2010524272918701,1.713478684425354,1354,-3.748225291255736e-08,-3.7482252912557357e-06,3.7482252912557357e-06
572249443,0.3919158377188874,0.162971137559754,0.7974421977996826,1.0567606687545776,1.7359910011291504,1355,0.39191579427616996,0.16297116183053934,0.7974420189857483,1.0567606687545776,1.7359915971755981,1355,-4.344271742340311e-08,-4.344271742340311e-06,4.344271742340311e-06
572282777,0.413208170527064,0.1876271458905494,0.6387699842453003,0.6430752277374268,1.5560357570648191,1356,0.4132081270843466,0.18762715200082675,0.6387699842453003,0.6430751085281372,1.5560356378555298,1356,-4.344271736789196e-08,-4.344271736789196e-06,4.344271736789196e-06
572316111,0.4313272950985464,0.2098322059323877,0.5435737371444702,0.3739873468875885,1.450235366821289,1357,0.431327247682186,0.2098321263917944,0.5435736179351807,0.37398818135261536,1.4502356052398682,1357,-4.741636039362618e-08,-4.741636039362618e-06,4.741636039362618e-06
572349445,0.4494282342929077,0.1963031939600307,0.5430281758308411,0.5040385723114014,1.4368276596069336,1358,0.44942818687654734,0.19630317693957205,0.5430281758308411,0.5040388703346252,1.4368280172348022,1358,-4.741636033811503e-08,-4.741636033811503e-06,4.741636033811503e-06
572382779,0.468323578232371,0.1866179331904835,0.5668603181838989,0.6072879433631897,1.4434435367584229,1359,0.46832352684236767,0.1866179111274267,0.5668601989746094,0.6072884798049927,1.4434442520141602,1359,-5.1390003308338095e-08,-5.1390003308338095e-06,5.1390003308338095e-06
572416113,0.4894881504712931,0.1977191841975259,0.6349371671676636,0.3697502911090851,1.084825038909912,1360,0.4894881010681113,0.19771918811476263,0.6349372267723083,0.3697502613067627,1.084825038909912,1360,-4.940318182322656e-08,-4.940318182322656e-06,4.940318182322656e-06
572449447,0.5126926002838643,0.3005524294260017,0.6961334943771362,-0.12386155128479,0.3767519891262054,1361,0.5126925508806826,0.3005523672485311,0.6961334943771362,-0.12386144697666168,0.37675216794013977,1361,-4.940318176771541e-08,-4.940318176771541e-06,4.940318176771541e-06
572482781,0.5375555493373108,0.2042040730489159,0.7458884716033936,0.084473580121994,0.2854243516921997,1362,0.537555499934129,0.20420404982063176,0.7458884716033936,0.08447366952896118,0.28542450070381165,1362,-4.940318176771541e-08,-4.940318176771541e-06,4.940318176771541e-06
572516115,0.563458551758372,0.089031284828736,0.7770900726318359,0.3368560969829559,0.2109103500843048,1363,0.5634585063288332,0.08903124937995766,0.7770901918411255,0.3368562161922455,0.21091032028198242,1363,-4.542953879749234e-08,-4.542953879749234e-06,4.542953879749234e-06
572549449,0.6040654498277537,0.0518197350334053,0.8121379613876343,0.6274224519729614,0.211822971701622,1364,0.6040654043982149,0.051819789323800006,0.8121379613876343,0.6274224519729614,0.2118232101202011,1364,-4.542953879749234e-08,-4.542953879749234e-06,4.542953879749234e-06
572582783,0.6466432231603495,0.0631764040939669,0.8515554666519165,0.578016996383667,0.2423056066036224,1365,0.6466431836912752,0.06317634127878204,0.851555585861206,0.578016996383667,0.24230533838272095,1365,-3.946907434215774e-08,-3.946907434215774e-06,3.946907434215774e-06
572616117,0.6922014313875071,0.079619316502881,0.911164164543152,0.5226551294326782,0.2857062518596649,1366,0.6922013889382005,0.07961932609743534,0.9111641049385071,0.5226548910140991,0.28570616245269775,1366,-4.244930662533619e-08,-4.244930662533619e-06,4.244930662533619e-06
572649451,0.7421340602575175,0.0029487219235385,0.9986525774002076,0.5137772560119629,0.0095200287178158,1367,0.7421340118477464,0.0029487259814966996,0.998652458190918,0.5137775540351868,0.009520047344267368,1367,-4.8409771080670794e-08,-4.840977108067079e-06,4.840977108067079e-06
572682785,0.7513773639796325,0.7513773639796325,1.0894454717636108,0.005596462637186,-0.6466572880744934,1368,0.7513773637257324,0.7513773637257324,1.0894453525543213,0.00559646263718605,-0.646657407283783,1368,-2.5390012314829846e-10,-2.5390012314829846e-08,2.5390012314829846e-08
572716119,0.7890983382660298,0.6691305243195393,1.131629228591919,-0.4867604672908783,-0.8740687966346741,1369,0.7890983419857727,0.6691305054946126,1.1316293478012085,-0.4867607355117798,-0.8740690350532532,1369,3.7197428470747695e-09,3.7197428470747695e-07,3.7197428470747695e-07
572749453,0.8258399287659077,0.6561392604323667,1.102247714996338,-0.5283985733985901,-0.7896144390106201,1370,0.8258399324856506,0.6561392715381782,1.102247714996338,-0.5283985733985901,-0.7896145582199097,1370,3.7197428470747695e-09,3.7197428470747695e-07,3.7197428470747695e-07
572782787,0.8600857416588216,0.6493642770532282,1.0273743867874146,-0.5060111880302429,-0.6906464099884033,1371,0.8600857453785644,0.6493642990877095,1.0273743867874146,-0.5060111284255981,-0.6906465291976929,1371,3.7197428470747695e-09,3.7197428470747695e-07,3.7197428470747695e-07
572816121,0.8929741302925496,0.6457335590387456,0.9866516590118408,-0.516630232334137,-0.6724123954772949,1372,0.8929741340122924,0.6457335495173953,0.9866516590118408,-0.5166301131248474,-0.6724121570587158,1372,3.7197428470747695e-09,3.7197428470747695e-07,3.7197428470747695e-07
572849455,0.922268740316048,0.5871613365490691,0.878838300704956,-0.6853024363517761,-0.4179506301879883,1373,0.922268744035791,0.587161384170114,0.878838300704956,-0.6853023171424866,-0.417950838804245,1373,3.719742958097072e-09,3.719742958097072e-07,3.719742958097072e-07
572882789,0.950946251531258,0.5194701485064221,0.8603253364562988,-0.7970005869865417,-0.0979900285601615,1374,0.9509462532641795,0.5194700692881302,0.860325276851654,-0.7970004081726074,-0.09798960387706757,1374,1.732921472985538e-09,1.732921472985538e-07,1.732921472985538e-07
572916123,0.978991933643634,0.5088043768824435,0.8413704633712769,-0.7975926399230957,-0.0441675148904323,1375,0.9789919353765554,0.5088042968450099,0.8413704633712769,-0.7975926399230957,-0.044167112559080124,1375,1.7329213619632355e-09,1.7329213619632355e-07,1.7329213619632355e-07
572949457,0.0066774685977051,0.5140521949360229,0.8305660486221313,-0.8124781847000122,-0.0719227567315101,1376,0.006677470330626489,0.5140522317423109,0.8305660486221313,-0.8124780654907227,-0.07192293554544449,1376,1.7329213619632355e-09,1.7329213619632355e-07,1.7329213619632355e-07
572982791,0.0342102408208598,0.5258321182840625,0.8259831666946411,-0.7645062804222107,-0.1251867115497589,1377,0.034210246527424173,0.525832117241758,0.8259832859039307,-0.7645062208175659,-0.12518669664859772,1377,5.7065643321863035e-09,5.706564332186304e-07,5.706564332186304e-07
573016125,0.0612245638964722,0.5567325518786304,0.8104296922683716,-0.6840538382530212,-0.2547197341918945,1378,0.061224565629393574,0.5567324956462745,0.810429573059082,-0.6840540170669556,-0.2547195255756378,1378,1.7329213619632355e-09,1.7329213619632355e-07,1.7329213619632355e-07
573049459,0.0879925648170858,0.5908848420524364,0.8030400276184082,-0.6043931841850281,-0.3882898092269897,1379,0.08799256853682867,0.5908848856857053,0.803040087223053,-0.6043930053710938,-0.3882899284362793,1379,3.7197428470747695e-09,3.7197428470747695e-07,3.7197428470747695e-07
573082793,0.1149776220121134,0.6602168375415158,0.8095517158508301,-0.4395100176334381,-0.6946470737457275,1380,0.11497762573185634,0.6602168498822988,0.8095517158508301,-0.4395100176334381,-0.6946471929550171,1380,3.719742958097072e-09,3.719742958097072e-07,3.719742958097072e-07
573116127,0.1412512818771749,0.6776723438313865,0.7882097959518433,-0.3543431758880615,-0.7252913117408752,1381,0.14125128559691777,0.6776723389144446,0.7882097959518433,-0.35434311628341675,-0.7252911329269409,1381,3.7197428470747695e-09,3.7197428470747695e-07,3.7197428470747695e-07
573149461,0.1682715972064087,0.6814892564593438,0.8106094598770142,-0.302420049905777,-0.6586020588874817,1382,0.16827160092615157,0.6814892738172301,0.8106094598770142,-0.3024199903011322,-0.6586021184921265,1382,3.7197428470747695e-09,3.7197428470747695e-07,3.7197428470747695e-07
573182795,0.2098088194726059,0.6666991772975928,0.8307444453239441,-0.3172044157981872,-0.5496734380722046,1383,0.20980882021211653,0.666699164350891,0.8307443857192993,-0.31720447540283203,-0.5496734380722046,1383,7.395106749186198e-10,7.395106749186198e-08,7.395106749186198e-08
573216129,0.2376470297374476,0.9188881275899108,0.8351463079452515,0.325357973575592,-0.1818384677171707,1384,0.23764703445060123,0.9188882011038059,0.835146427154541,0.3253580331802368,-0.18183830380439758,1384,4.713153645141688e-09,4.713153645141688e-07,4.713153645141688e-07
573249463,0.2690665215053309,0.0285043056005765,0.942584753036499,0.6321650147438049,0.1144456639885902,1385,0.26906652224484157,0.028504304974147927,0.9425846338272095,0.6321651935577393,0.11444569379091263,1385,7.395106749186198e-10,7.395106749186198e-08,7.395106749186198e-08
573282797,0.3016443739134222,0.0404315662811606,0.9773355722427368,0.7595123648643494,0.197206437587738,1386,0.3016443786265758,0.04043163716590812,0.9773356914520264,0.7595120072364807,0.19720670580863953,1386,4.713153645141688e-09,4.713153645141688e-07,4.713153645141688e-07
573316131,0.3324485172627518,0.0459426937500236,0.9241243004798888,0.8057647943496704,0.2392807751893997,1387,0.3324485239627269,0.04594268073429203,0.9241243600845337,0.8057647347450256,0.23928068578243256,1387,6.699975019230919e-09,6.699975019230919e-07,6.699975019230919e-07
573349465,0.3614312122064977,0.0908628512619771,0.8694808483123779,0.6965634822845459,0.4473682641983032,1388,0.36143121294600833,0.09086284436332032,0.8694806694984436,0.6965633630752563,0.44736814498901367,1388,7.395106749186198e-10,7.395106749186198e-08,7.395106749186198e-08
573382799,0.3880673676528682,0.1231654730716829,0.7990846633911133,0.6150525808334351,0.6010345220565796,1389,0.38806736839237876,0.1231654402545035,0.7990846633911133,0.6150521636009216,0.6010338664054871,1389,7.395105638963173e-10,7.395105638963173e-08,7.395105638963173e-08
573416133,0.4129281192817439,0.1405533319866773,0.745822548866272,0.5639091730117798,0.6864947080612183,1390,0.4129281120739685,0.1405533806091837,0.7458223104476929,0.563908576965332,0.6864944100379944,1390,-7.207775376549819e-09,-7.207775376549819e-07,7.207775376549819e-07
573449467,0.4358955412902583,0.1687300165311338,0.6890226602554321,0.446929782629013,0.7978155612945557,1391,0.4358955380561259,0.16873000383463777,0.6890227794647217,0.44692936539649963,0.797814667224884,1391,-3.2341324063267507e-09,-3.2341324063267507e-07,3.2341324063267507e-07
573482801,0.4557252079047908,0.1992932824257774,0.5948899984359741,0.3324470221996307,1.00791597366333,1392,0.4557252006970154,0.19929322454044168,0.5948898792266846,0.332447350025177,1.007915735244751,1392,-7.20777543206097e-09,-7.20777543206097e-07,7.20777543206097e-07
573516135,0.47025523481748,0.2371273118957037,0.4359008073806762,0.1335712373256683,1.647841215133667,1393,0.47025522860311536,0.23712729566508017,0.43590083718299866,0.13357141613960266,1.6478413343429565,1393,-6.214364633994052e-09,-6.214364633994052e-07,6.214364633994052e-07
573549469,0.4849154203929652,0.2361855828475202,0.4398055672645569,0.1623509228229522,1.8657341003417969,1394,0.48491541119836834,0.23618559080034068,0.4398054778575897,0.1623508185148239,1.8657339811325073,1394,-9.194596861661353e-09,-9.194596861661353e-07,9.194596861661353e-07
573582803,0.5004558245140462,0.2299102681491107,0.466212123632431,0.2518485486507416,1.9845874309539795,1395,0.5004558173062709,0.22991026463880943,0.4662121832370758,0.25184860825538635,1.984587550163269,1395,-7.207775376549819e-09,-7.207775376549819e-07,7.207775376549819e-07
573616137,0.5194816668627807,0.2234668501210218,0.5707752704620361,0.3606556355953216,2.143257141113281,1396,0.5194816596550054,0.22346688447212307,0.5707752704620361,0.3606550395488739,2.143256425857544,1396,-7.207775376549819e-09,-7.207775376549819e-07,7.207775376549819e-07
573649471,0.5441058933534373,0.1979079538661578,0.738726794719696,0.7558417320251465,2.226237535476685,1397,0.5441058921061264,0.1979079282055381,0.7387269735336304,0.7558419704437256,2.2262370586395264,1397,-1.2473109212152167e-09,-1.2473109212152167e-07,1.2473109212152167e-07
573682805,0.5700420041678497,0.173697001747245,0.778083324432373,1.0305718183517456,1.9823212623596191,1398,0.5700420108678248,0.17369702946636625,0.7780835628509521,1.0305719375610352,1.982322335243225,1398,6.699975130253222e-09,6.699975130253222e-07,6.699975130253222e-07
573716139,0.5967480679152557,0.1622613667012698,0.8011819124221802,1.1863324642181396,1.929419040679932,1399,0.5967480746152308,0.16226134640312403,0.8011819124221802,1.1863325834274292,1.929418683052063,1399,6.699975130253222e-09,6.699975130253222e-07,6.699975130253222e-07
573749473,0.622387021759962,0.1596999601520453,0.7691686153411865,1.2267687320709229,1.9250469207763672,1400,0.6223870324335801,0.15969992318166185,0.7691687345504761,1.226769208908081,1.925046682357788,1400,1.067361810047629e-08,1.067361810047629e-06,1.067361810047629e-06
573782807,0.6485532581605662,0.1618339544196022,0.7849870920181274,1.1979305744171145,1.9366064071655276,1401,0.6485532688341843,0.16183395609993265,0.7849870920181274,1.1979306936264038,1.9366066455841064,1401,1.067361810047629e-08,1.067361810047629e-06,1.067361810047629e-06
573816141,0.6743743876415639,0.1630352994993374,0.7746338844299316,1.1192666292190552,1.8403425216674805,1402,0.6743743863942531,0.1630353253330545,0.774633526802063,1.1192665100097656,1.8403429985046387,1402,-1.2473108101929142e-09,-1.2473108101929142e-07,1.2473108101929142e-07
573849475,0.7130144456821828,0.1556324347151454,0.7728011608123779,1.010880470275879,1.5002546310424805,1403,0.7130144295337107,0.15563245513359683,0.772800862789154,1.0108803510665894,1.5002548694610596,1403,-1.614847200404057e-08,-1.614847200404057e-06,1.614847200404057e-06
573882809,0.7525372425514607,0.1584609507995004,0.7904559373855591,0.8604719042778015,1.3273394107818604,1404,0.7525372204425242,0.15846097950014934,0.7904558181762695,0.8604714870452881,1.3273392915725708,1404,-2.2108936459375172e-08,-2.2108936459375172e-06,2.2108936459375172e-06
573916143,0.7892459849316029,0.1669315169106613,0.7341748476028442,0.7340719103813171,1.2763502597808838,1405,0.7892459658028987,0.16693147642677036,0.734174907207489,0.7340726852416992,1.2763508558273315,1405,-1.912870417619672e-08,-1.912870417619672e-06,1.912870417619672e-06
573949477,0.8183585206467061,0.1850577281825269,0.582250714302063,0.5035103559494019,1.1647026538848877,1406,0.8183584925773052,0.18505771760393347,0.5822505354881287,0.5035106539726257,1.164703130722046,1406,-2.8069400914709774e-08,-2.8069400914709774e-06,2.8069400914709774e-06
573982811,0.8446532527405172,0.2011417766189978,0.5258946418762207,0.3243438899517059,1.0231454372406006,1407,0.8446532246711163,0.20114179737802843,0.5258946418762207,0.32434359192848206,1.0231449604034424,1407,-2.8069400914709774e-08,-2.8069400914709774e-06,2.8069400914709774e-06
574016145,0.8700019399124532,0.2068981738987623,0.5069737434387207,0.2662238776683807,0.958889663219452,1408,0.8700019118430523,0.20689817901059157,0.5069737434387207,0.2662237286567688,0.9588892459869385,1408,-2.8069400914709774e-08,-2.8069400914709774e-06,2.8069400914709774e-06
574049479,0.8950361231762319,0.2132083424733162,0.5006836652755737,0.2051455080509185,0.8715629577636719,1409,0.8950361010672955,0.21320836370249405,0.5006837844848633,0.20514532923698425,0.8715627193450928,1409,-2.2108936459375172e-08,-2.2108936459375172e-06,2.2108936459375172e-06
574082813,0.9209007302719504,0.296204119997706,0.5172921419143677,-0.0871552228927612,0.2917335629463196,1410,0.9209007111432461,0.2962041967195081,0.5172922015190125,-0.0871553048491478,0.2917333245277405,1410,-1.9128704287219023e-08,-1.9128704287219023e-06,1.9128704287219023e-06
574116147,0.9394391178884256,0.5392198863805495,0.5561516284942627,-0.1476911604404449,-0.0371499620378017,1411,0.9394390987597215,0.5392198719054613,0.5561516284942627,-0.1476907581090927,-0.03714984655380249,1411,-1.9128704065174418e-08,-1.9128704065174418e-06,1.9128704065174418e-06
574149481,0.96248661078991,0.7733773150288308,0.6914247870445251,0.0434264875948429,-0.293522298336029,1412,0.9624865916612058,0.7733773531106849,0.6914247870445251,0.043426577001810074,-0.2935224175453186,1412,-1.9128704287219023e-08,-1.9128704287219023e-06,1.9128704287219023e-06
574182815,0.9868166665035636,0.8754141517790929,0.7299016714096069,0.2699719965457916,-0.268570601940155,1413,0.9868166414143948,0.8754141871003358,0.7299014925956726,0.2699719965457916,-0.2685704827308655,1413,-2.5089168742553625e-08,-2.5089168742553625e-06,2.5089168742553625e-06
574216149,0.0137829998928458,0.9217137979532286,0.8089900016784668,0.4875952303409576,-0.2612603902816772,1414,0.013782980764141639,0.9217138211682039,0.8089901804924011,0.4875952899456024,-0.26126033067703247,1414,-1.912870417619672e-08,-1.912870417619672e-06,1.912870417619672e-06
574249483,0.0419463455476513,0.938933685223179,0.844900369644165,0.5371397733688354,-0.2168427109718322,1415,0.041946330392590124,0.9389336785018225,0.8449004888534546,0.537139892578125,-0.21684278547763824,1415,-1.5155061205973652e-08,-1.5155061205973652e-06,1.5155061205973652e-06
574282817,0.0702521880267213,0.9308448246470332,0.8491752743721008,0.3307890594005584,-0.1535181403160095,1416,0.07025217088483866,0.9308448309695696,0.849175214767456,0.3307890295982361,-0.15351811051368713,1416,-1.7141882635574035e-08,-1.7141882635574035e-06,1.7141882635574035e-06
574316151,0.1002859771051159,0.8904948184097289,0.9010136723518372,0.4232577383518219,-0.3479384183883667,1417,0.10028595797641174,0.8904949650781675,0.9010136127471924,0.4232579171657562,-0.3479379117488861,1417,-1.912870417619672e-08,-1.912870417619672e-06,1.912870417619672e-06
574349485,0.1323394238748302,0.773847802829113,0.9616034030914308,0.1062176823616027,-0.7035600543022156,1418,0.1323394047461261,0.773847868807777,0.9616034030914307,0.10621793568134308,-0.7035597562789917,1418,-1.9128704065174418e-08,-1.9128704065174418e-06,1.9128704065174418e-06
574382819,0.1648077348667533,0.7088317029760048,0.9740493297576904,-0.1792219281196594,-0.6773422360420227,1419,0.16480771573804912,0.7088316858506731,0.9740493297576904,-0.17922194302082062,-0.6773419976234436,1419,-1.912870417619672e-08,-1.912870417619672e-06,1.912870417619672e-06
574416153,0.1935805539089591,0.7143255333715155,0.8631845712661743,-0.1294902265071869,-0.5679887533187866,1420,0.1935805387538979,0.7143255167958148,0.8631846904754639,-0.12949031591415405,-0.5679888725280762,1420,-1.5155061205973652e-08,-1.5155061205973652e-06,1.5155061205973652e-06
574449487,0.220514053086256,0.7239524620751119,0.8080049753189087,-0.0954853296279907,-0.5782133936882019,1421,0.22051403991801635,0.7239525039985116,0.8080050349235535,-0.09548517316579819,-0.5782133936882019,1421,-1.3168239609839816e-08,-1.3168239609839816e-06,1.3168239609839816e-06
574482821,0.2452551066674938,0.7502530794069339,0.7422316074371338,0.0009330250322818,-0.5867542624473572,1422,0.24525509151243266,0.7502530653889072,0.742231547832489,0.0009329728782176971,-0.5867539644241333,1422,-1.51550611504625e-08,-1.51550611504625e-06,1.51550611504625e-06
574516155,0.2683528284031302,0.7503711934581395,0.6929316520690918,0.0014625675976276,-0.6270973682403564,1423,0.26835281324806903,0.7503711716772927,0.6929316520690918,0.0014624819159507751,-0.6270974278450012,1423,-1.51550611504625e-08,-1.51550611504625e-06,1.51550611504625e-06
574549489,0.3016980687576682,0.7278848278940504,0.6669048070907593,-0.0935381650924682,-0.6688224673271179,1424,0.30169805062237476,0.7278848694221756,0.6669047474861145,-0.09353797882795334,-0.6688224077224731,1424,-1.8135293433640953e-08,-1.8135293433640953e-06,1.8135293433640953e-06
574582823,0.3358264128166586,0.5443804721979371,0.6825668811798096,-0.8521609306335449,-0.2439825683832168,1425,0.33582638872090076,0.5443804508732951,0.68256676197052,-0.8521610498428345,-0.2439824789762497,1425,-2.4095757833464404e-08,-2.4095757833464404e-06,2.4095757833464404e-06
574616157,0.3685729006725699,0.5476100867025978,0.6549297571182251,-0.8424710631370544,-0.2598159611225128,1426,0.36857287359657975,0.547610089873616,0.6549296975135803,-0.8424710035324097,-0.2598159611225128,1426,-2.7075990172154007e-08,-2.7075990172154007e-06,2.7075990172154007e-06
574649491,0.4017524848181159,0.5410310032342244,0.6635916829109192,-0.8698396682739258,-0.2293532341718673,1427,0.4017524547618935,0.5410309828403037,0.6635916233062744,-0.8698396682739258,-0.22935311496257782,1427,-3.005622239982131e-08,-3.005622239982131e-06,3.005622239982131e-06
574682825,0.4353268364864737,0.5428322500307377,0.671487033367157,-0.8893817663192749,-0.2453040778636932,1428,0.4353268094104836,0.5428322381522347,0.6714870929718018,-0.8893816471099854,-0.24530397355556488,1428,-2.7075990116642856e-08,-2.7075990116642856e-06,2.7075990116642856e-06
574716159,0.4705114940601737,0.653461712679396,0.703693151473999,-0.4362862408161163,-0.6288153529167175,1429,0.4705114669841835,0.6534616914822444,0.703693151473999,-0.43628624081611633,-0.6288151741027832,1429,-2.7075990172154007e-08,-2.7075990172154007e-06,2.7075990172154007e-06
574749493,0.5059602478939444,0.655629827018352,0.708975076675415,-0.3848583102226257,-0.5711506605148315,1430,0.5059602208179542,0.6556298252782027,0.708975076675415,-0.3848583996295929,-0.5711507797241211,1430,-2.707599022766516e-08,-2.707599022766516e-06,2.707599022766516e-06
574782827,0.5405461529690176,0.6473620900838022,0.6917181015014648,-0.3745292127132416,-0.4979268908500671,1431,0.540546131853492,0.6473620793708832,0.6917182207107544,-0.3745291531085968,-0.4979267418384552,1431,-2.1115525661308254e-08,-2.1115525661308254e-06,2.1115525661308254e-06
574816161,0.5740260819393546,0.5977823692687768,0.6695985794067383,-0.6242448687553406,-0.4403832852840423,1432,0.5740260608238289,0.5977824140252654,0.6695985794067383,-0.624244749546051,-0.4403834640979767,1432,-2.1115525661308254e-08,-2.1115525661308254e-06,2.1115525661308254e-06
574849495,0.5892170538304399,0.5183572038249453,0.4557291567325592,-1.429007887840271,-0.1655590534210205,1433,0.5892170337083249,0.5183572037051489,0.4557291865348816,-1.4290077686309814,-0.16555903851985931,1433,-2.012211497426364e-08,-2.012211497426364e-06,2.012211497426364e-06
574882829,0.6022894153791816,0.5250540227090977,0.3921708464622497,-1.8733384609222408,-0.2973595261573791,1434,0.6022893972438881,0.5250540418003508,0.39217090606689453,-1.8733386993408203,-0.29735979437828064,1434,-1.8135293489152104e-08,-1.8135293489152104e-06,1.8135293489152104e-06
574916163,0.6129824449418139,0.5333771748203526,0.3207908868789673,-2.0371553897857666,-0.4335972964763641,1435,0.6129824287933419,0.5333771471879544,0.32079094648361206,-2.037155866622925,-0.43359702825546265,1435,-1.614847200404057e-08,-1.614847200404057e-06,1.614847200404057e-06
574949497,0.6576034237740588,0.7709781220291869,0.8924195766448975,0.2347622215747833,-1.7707464694976809,1436,0.657603410605819,0.7709781268151599,0.8924196362495422,0.23476237058639526,-1.770747184753418,1436,-1.316823983188442e-08,-1.316823983188442e-06,1.316823983188442e-06
574982831,0.6969691534636568,0.7699138844948954,0.7873145937919617,0.199695199728012,-1.587658405303955,1437,0.696969140295417,0.7699138374387678,0.7873145937919617,0.19969472289085388,-1.587658405303955,1437,-1.316823983188442e-08,-1.316823983188442e-06,1.316823983188442e-06
575016165,0.7324127514956545,0.7640552749157299,0.7088719606399536,0.1288569867610931,-1.4553172588348389,1438,0.7324127323669503,0.7640552792949212,0.7088718414306641,0.12885701656341553,-1.4553171396255493,1438,-1.9128704287219023e-08,-1.9128704287219023e-06,1.9128704287219023e-06
575049499,0.7639669259188723,0.7813466148114213,0.6310834884643555,0.2416242063045501,-1.2108848094940186,1439,0.763966906790168,0.7813465763798437,0.6310834884643555,0.2416238784790039,-1.210884690284729,1439,-1.9128704287219023e-08,-1.9128704287219023e-06,1.9128704287219023e-06
575082833,0.7774700427947419,0.7774700427947419,0.592887282371521,0.1757799088954925,-1.0082939863204956,1440,0.777470033663908,0.777470033663908,0.5928873419761658,0.17577984929084778,-1.0082939863204956,1440,-9.130833866777266e-09,-9.130833866777266e-07,9.130833866777266e-07
575116167,0.7947330221432424,0.6663658008525355,0.5178893804550171,-0.2741735577583313,-0.4728161096572876,1441,0.7947330130124085,0.6663658067168493,0.5178893804550171,-0.274173378944397,-0.4728158414363861,1441,-9.130833866777266e-09,-9.130833866777266e-07,9.130833866777266e-07
575149501,0.8091359431443588,0.4421992014509358,0.432087630033493,-0.7610008716583252,0.2892030775547027,1442,0.8091359280530604,0.44219908621105225,0.4320874512195587,-0.7610014081001282,0.2892039120197296,1442,-1.5091298322111868e-08,-1.5091298322111868e-06,1.5091298322111868e-06
575182835,0.8241352761683838,0.444203302915267,0.4499799907207489,-1.0376659631729126,0.3794609904289245,1443,0.8241352640573176,0.44420335346357537,0.44998008012771606,-1.037665843963623,0.37946057319641113,1443,-1.2111066149955718e-08,-1.2111066149955718e-06,1.2111066149955718e-06
575216169,0.8394228383797383,0.4593385747660836,0.4586268663406372,-1.1622350215911863,0.3035652637481689,1444,0.8394228252752615,0.4593385558348204,0.4586268365383148,-1.162235140800476,0.30356544256210327,1444,-1.3104476837000334e-08,-1.3104476837000334e-06,1.3104476837000334e-06
575249503,0.8548606639005716,0.4850209178268882,0.463134765625,-1.3558039665222168,0.127981424331665,1445,0.8548606507960947,0.48502096205583767,0.463134765625,-1.355804204940796,0.1279810667037964,1445,-1.3104476837000334e-08,-1.3104476837000334e-06,1.3104476837000334e-06
575282837,0.8708256815769251,0.5413093473904332,0.4789505302906036,-1.654849648475647,-0.4394359588623047,1446,0.8708256674790374,0.5413093606111462,0.47895050048828125,-1.6548497676849365,-0.439436137676239,1446,-1.4097887635067252e-08,-1.4097887635067252e-06,1.4097887635067252e-06
575316171,0.8938270424701746,0.5769125037068039,0.6900408267974854,-1.724766731262207,-0.905081272125244,1447,0.8938270303591085,0.5769124728783943,0.6900408864021301,-1.7247670888900757,-0.905081033706665,1447,-1.2111066149955718e-08,-1.2111066149955718e-06,1.2111066149955718e-06
575349505,0.9191513553160404,0.576483232636823,0.7597293853759766,-1.7271332740783691,-0.9003903269767761,1448,0.9191513352576884,0.5764831802586354,0.7597291469573975,-1.7271336317062378,-0.9003897905349731,1448,-2.0058351979379552e-08,-2.005835197937955e-06,2.005835197937955e-06
575382839,0.9682751789587712,0.261774133885083,0.9824764728546144,-0.1423455774784088,1.9206217527389529,1449,0.9682751589004192,0.26177411937657735,0.9824764728546143,-0.1423453837633133,1.9206215143203735,1449,-2.0058352090401854e-08,-2.0058352090401854e-06,2.0058352090401854e-06
575416173,0.0181531026858068,0.2649920016040129,0.9975584745407104,-0.154901772737503,1.6395690441131592,1450,0.0181530587855967,0.26499201374022185,0.9975579977035522,-0.15490196645259857,1.6395697593688965,1450,-4.3900210078273716e-08,-4.390021007827372e-06,4.390021007827372e-06
575449507,0.0697063639658666,0.2439666646487739,1.0310652256011963,0.0458551384508609,1.2090452909469604,1451,0.06970632006565651,0.24396668955131634,1.0310652256011963,0.04585496708750725,1.2090457677841187,1451,-4.3900210078273716e-08,-4.390021007827372e-06,4.390021007827372e-06
575482841,0.1222997680205083,0.2512898282671182,1.0518680810928345,-0.0092961452901363,1.1470481157302856,1452,0.12229972412029824,0.2512898459549684,1.0518680810928345,-0.009296275675296783,1.1470484733581543,1452,-4.3900210078273716e-08,-4.390021007827372e-06,4.390021007827372e-06
575516175,0.1741788282889104,0.2452753394493171,1.037581205368042,0.0305896140635013,1.0301392078399658,1453,0.1741787724677714,0.24527528139842372,1.037580966949463,0.030589986592531204,1.0301390886306763,1453,-5.582113904445407e-08,-5.582113904445407e-06,5.582113904445407e-06
575549509,0.2183913007277227,0.2652862134749892,0.8842494487762451,-0.0683870613574981,0.7098324298858643,1454,0.2183912568275126,0.2652861356497193,0.8842496871948242,-0.06838678568601608,0.7098332047462463,1454,-4.390021013378487e-08,-4.390021013378487e-06,4.390021013378487e-06
575582843,0.2516505256193853,0.4444012115250744,0.665184497833252,-0.26112100481987,0.0951206088066101,1455,0.2516504906598719,0.4444011960630001,0.6651846766471863,-0.2611205577850342,0.09512047469615936,1455,-3.495951339527181e-08,-3.4959513395271813e-06,3.4959513395271813e-06
575616177,0.2844048187035299,0.535681537197312,0.6550858616828918,-0.4362077116966247,-0.0994671359658241,1456,0.28440478672424874,0.535681530212241,0.6550859212875366,-0.43620747327804565,-0.09946706146001816,1456,-3.197928116760451e-08,-3.197928116760451e-06,3.197928116760451e-06
575649511,0.316838465620873,0.5572354972672156,0.6486729383468628,-0.4116304814815521,-0.1547609120607376,1457,0.3168384396020564,0.5572355124501696,0.6486730575561523,-0.4116303622722626,-0.1547609120607376,1457,-2.6018816601247607e-08,-2.6018816601247607e-06,2.6018816601247607e-06
575682845,0.3489955887097097,0.5497747055365184,0.6431424617767334,-0.2852603495121002,-0.0922404751181602,1458,0.348995574611822,0.5497746291643131,0.6431427001953125,-0.2852603793144226,-0.0922403335571289,1458,-1.4097887690578403e-08,-1.4097887690578403e-06,1.4097887690578403e-06
575716179,0.3724828109043813,0.2796694191632852,0.7046166658401489,-0.0853535234928131,0.4525436758995056,1459,0.37248279680649365,0.2796695411932599,0.7046166658401489,-0.08535391092300415,0.45254382491111755,1459,-1.4097887635067252e-08,-1.4097887635067252e-06,1.4097887635067252e-06
575749513,0.3983155791856822,0.2633503894723238,0.7749830484390259,-0.0652807056903839,0.7764093279838562,1460,0.3983155690614375,0.26335040673253035,0.7749831676483154,-0.06528075039386749,0.776408851146698,1460,-1.0124244720355335e-08,-1.0124244720355335e-06,1.0124244720355335e-06
575782847,0.4258508468566315,0.3080765932420053,0.826058030128479,-0.3021241128444671,0.7908711433410645,1461,0.4258508327587438,0.3080766120003091,0.8260579109191895,-0.3021240830421448,0.7908707857131958,1461,-1.4097887690578403e-08,-1.4097887690578403e-06,1.4097887690578403e-06
575816181,0.4562734708088614,0.0134707411454735,0.9126787185668944,0.5339963436126709,0.0453052408993244,1462,0.45627345671097363,0.013470685632956596,0.9126787185668945,0.5339964032173157,0.04530505836009979,1462,-1.4097887746089555e-08,-1.4097887746089555e-06,1.4097887746089555e-06
575849515,0.4862447922327098,0.009082470983632,0.8991396427154541,0.4932533204555511,0.028179008513689,1463,0.4862447821084651,0.009082437436672199,0.8991397619247437,0.49325332045555115,0.028178904205560684,1463,-1.0124244664844184e-08,-1.0124244664844184e-06,1.0124244664844184e-06
575882849,0.5302441244222698,0.9717721350657432,0.8799866437911987,0.3319978415966034,-0.0595087371766567,1464,0.5302441142980251,0.9717721655247442,0.8799866437911987,0.3319980204105377,-0.05950870364904404,1464,-1.0124244664844184e-08,-1.0124244664844184e-06,1.0124244664844184e-06
575916183,0.5777235572435435,0.880068801302304,0.949588656425476,0.3891668319702148,-0.36513552069664,1465,0.5777235471192989,0.8800687640117567,0.9495886564254761,0.3891667127609253,-0.3651355803012848,1465,-1.0124244664844184e-08,-1.0124244664844184e-06,1.0124244664844184e-06
575949517,0.6308239047624644,0.7562199131912513,1.062006950378418,0.031596977263689,-0.8080908060073853,1466,0.6308239005986842,0.7562199093442958,1.0620070695877075,0.03159696236252785,-0.8080909252166748,1466,-4.163780209509582e-09,-4.163780209509582e-07,4.163780209509582e-07
575982851,0.6858441298105296,0.7020154862316517,1.1004045009613037,-0.2589508891105652,-0.8327045440673828,1467,0.6858441316072139,0.7020155322795341,1.1004046201705933,-0.25895068049430847,-0.8327047228813171,1467,1.7966843568473223e-09,1.7966843568473223e-07,1.7966843568473223e-07
576016185,0.7218993251421031,0.6745413056809814,1.0816558599472046,-0.3828202486038208,-0.746004045009613,1468,0.7218993269387874,0.6745412850198269,1.0816558599472046,-0.3828202486038208,-0.7460038065910339,1468,1.7966843568473223e-09,1.7966843568473223e-07,1.7966843568473223e-07
576049519,0.7518238887089468,0.5800545995663332,0.8977369070053101,-0.8494937419891357,-0.4673927128314972,1469,0.7518238905056311,0.5800545498549032,0.8977369070053101,-0.8494935035705566,-0.467392235994339,1469,1.7966843568473223e-09,1.7966843568473223e-07,1.7966843568473223e-07
576082853,0.7814155941106853,0.5774371292946725,0.8877511620521545,-0.8514878749847412,-0.4504090547561645,1470,0.7814155978941911,0.5774371464528594,0.8877512216567993,-0.851487934589386,-0.4504092037677765,1470,3.783505841958856e-09,3.7835058419588563e-07,3.7835058419588563e-07
576116187,0.8107942526437816,0.5784898643058376,0.8813597559928894,-0.8765256404876709,-0.4710994362831116,1471,0.8107942584141089,0.5784898849839455,0.8813598155975342,-0.8765257000923157,-0.4710996150970459,1471,5.77032732707039e-09,5.77032732707039e-07,5.77032732707039e-07
576149521,0.8223818439495613,0.8223818439495613,1.070817232131958,0.4895373284816742,-1.001150608062744,1472,0.8223818135298548,0.8223818135298548,1.070817232131958,0.48953714966773987,-1.0011507272720337,1472,-3.041970642048142e-08,-3.041970642048142e-06,3.041970642048142e-06
576182855,0.8752217787754585,0.9001725813173065,1.0567986965179443,0.7304919958114624,-0.5295242071151733,1473,0.8752217483557521,0.9001725968564545,1.0567986965179443,0.7304918169975281,-0.5295239686965942,1473,-3.041970642048142e-08,-3.041970642048142e-06,3.041970642048142e-06
576216189,0.926864965583091,0.982569934592044,1.032863736152649,1.181530475616455,-0.1299166977405548,1474,0.9268649470843134,0.982569954663163,1.032863974571228,1.1815303564071655,-0.12991653382778168,1474,-1.8498777509812214e-08,-1.8498777509812214e-06,1.8498777509812214e-06
576249523,0.9749713498604348,0.9908964272392884,0.962127685546875,1.3223711252212524,-0.0757214799523353,1475,0.9749713313616571,0.9908964417646472,0.962127685546875,1.3223707675933838,-0.07572133839130402,1475,-1.8498777620834517e-08,-1.8498777620834517e-06,1.8498777620834517e-06
576282857,0.0203660744679023,0.0281308289432543,0.907894492149353,1.248575210571289,0.2230144292116165,1476,0.020366055969124774,0.028130887322802712,0.907894492149353,1.2485747337341309,0.22301481664180756,1476,-1.8498777509812214e-08,-1.8498777509812214e-06,1.8498777509812214e-06
576316191,0.064535640503173,0.1196073132963131,0.8833913207054138,0.7829558253288269,0.7316175103187561,1477,0.06453563094509218,0.11960727066953647,0.8833914995193481,0.7829552888870239,0.7316166162490845,1477,-9.558080826810311e-09,-9.558080826810311e-07,9.558080826810311e-07
576349525,0.1035087037336876,0.1847092770874086,0.7794612646102905,0.6031697988510132,1.3868870735168457,1478,0.10350869417560671,0.18470926633208734,0.7794612646102905,0.603169858455658,1.3868869543075562,1478,-9.558080882321462e-09,-9.558080882321462e-07,9.558080882321462e-07
576382859,0.141353176857238,0.1624776597594776,0.7568894624710083,1.1409924030303955,1.8613438606262207,1479,0.14135317027938937,0.16247765235046294,0.7568895220756531,1.140992522239685,1.8613438606262207,1479,-6.57784859914301e-09,-6.57784859914301e-07,6.57784859914301e-07
576416193,0.1658740151178886,0.1414540095102382,0.735625147819519,1.510453462600708,1.860167145729065,1480,0.165874012513683,0.14145401219017864,0.7356252670288086,1.510453701019287,1.8601675033569336,1480,-2.6042056289199422e-09,-2.604205628919942e-07,2.604205628919942e-07
576449527,0.1914759783200472,0.1445749206658755,0.7680588960647583,1.5075278282165527,1.932811617851257,1481,0.19147597372902012,0.1445748901496514,0.7680588364601135,1.5075284242630005,1.9328116178512573,1481,-4.591027114031476e-09,-4.591027114031476e-07,4.591027114031476e-07
576482861,0.2193598894528597,0.148335379825072,0.836517333984375,1.2817695140838623,1.7259504795074463,1482,0.21935987691454664,0.1483353990484631,0.8365170955657959,1.2817696332931519,1.725951075553894,1482,-1.2538313054477612e-08,-1.2538313054477612e-06,1.2538313054477612e-06
576516195,0.2454074331375012,0.1809627278270313,0.7814263105392456,0.93830406665802,2.0257139205932617,1483,0.2454074166255452,0.1809627112689006,0.781426191329956,0.9383045434951782,2.02571439743042,1483,-1.651195602470068e-08,-1.651195602470068e-06,1.651195602470068e-06
576549529,0.2713362026464989,0.2087255539562514,0.777863085269928,0.5520493984222412,2.080774307250977,1484,0.2713361841477213,0.2087255837710314,0.7778630256652832,0.5520489811897278,2.0807743072509766,1484,-1.8498777565323365e-08,-1.8498777565323365e-06,1.8498777565323365e-06
576582863,0.3033780543259829,0.1559361439042305,0.9612555503845216,1.223946213722229,1.8239681720733645,1485,0.3033780398008483,0.15593615815485568,0.961255669593811,1.2239457368850708,1.8239678144454956,1485,-1.4525134595100297e-08,-1.4525134595100297e-06,1.4525134595100297e-06
576616197,0.3373310375464012,0.1443707100687596,1.0185894966125488,1.3319593667984009,1.703203201293945,1486,0.33733101904762364,0.1443707446295439,1.0185893774032593,1.3319587707519531,1.7032032012939453,1486,-1.8498777565323365e-08,-1.8498777565323365e-06,1.8498777565323365e-06
576649531,0.3713951436928957,0.1352193360669906,1.0219231843948364,1.5210468769073486,1.7300896644592283,1487,0.37139513314140415,0.13521936250970604,1.0219234228134155,1.5210469961166382,1.7300903797149658,1487,-1.0551491569366078e-08,-1.0551491569366078e-06,1.0551491569366078e-06
576682865,0.4088532456012616,0.1451379844431839,1.1237430572509766,1.3457224369049072,1.738004207611084,1488,0.408853242997056,0.1451380185670074,1.1237432956695557,1.3457218408584595,1.738004207611084,1488,-2.604205573408791e-09,-2.604205573408791e-07,2.604205573408791e-07
576716199,0.4452612527461896,0.149374802721525,1.0922402143478394,1.3362960815429688,1.8241417407989504,1489,0.44526126206291294,0.14937480272152504,1.092240571975708,1.3362960815429688,1.8241417407989502,1489,9.316723392771564e-09,9.316723392771564e-07,9.316723392771564e-07
576749533,0.4795571017515708,0.1398434523794247,1.028875470161438,1.3928135633468628,1.680254578590393,1490,0.47955711106829424,0.13984345123448802,1.028875470161438,1.3928136825561523,1.6802546977996826,1490,9.316723392771564e-09,9.316723392771564e-07,9.316723392771564e-07
576782867,0.511143808389907,0.1431879763710654,0.9476011991500854,1.286085844039917,1.619595646858215,1491,0.5111438177066304,0.14318798778091835,0.9476011991500854,1.286085844039917,1.6195958852767944,1491,9.316723392771564e-09,9.316723392771564e-07,9.316723392771564e-07
576816201,0.5402925777685691,0.1459985983010539,0.8744630813598633,1.2540342807769775,1.637807846069336,1492,0.540292589072114,0.14599856349805812,0.8744631409645081,1.2540347576141357,1.6378077268600464,1492,1.1303544877883098e-08,1.1303544877883098e-06,1.1303544877883098e-06
576849535,0.5696955053261965,0.1401965355339461,0.8820878267288208,1.3336670398712158,1.6161859035491943,1493,0.5696955206033844,0.14019654129685072,0.8820879459381104,1.3336670398712158,1.6161860227584839,1493,1.5277187848106166e-08,1.5277187848106166e-06,1.5277187848106166e-06
576882869,0.6009516724201093,0.1395241588519401,0.9376850128173828,1.4366188049316406,1.726040601730347,1494,0.6009516936577616,0.13952416639489937,0.9376851916313171,1.4366191625595093,1.7260411977767944,1494,2.1237652303440768e-08,2.123765230344077e-06,2.123765230344077e-06
576916203,0.6343625474226524,0.1332631480771159,1.002326250076294,1.4545953273773191,1.6140598058700562,1495,0.6343625686603047,0.1332631422314355,1.002326250076294,1.4545953273773193,1.6140596866607666,1495,2.1237652303440768e-08,2.123765230344077e-06,2.123765230344077e-06
576949537,0.688204412485366,0.1130320194764769,1.0768373012542725,1.6198313236236572,1.3928580284118652,1496,0.6882044337230183,0.11303200695234034,1.0768373012542725,1.6198314428329468,1.3928579092025757,1496,2.1237652303440768e-08,2.123765230344077e-06,2.123765230344077e-06
576982871,0.741006850029235,0.0825012369343646,1.0560487508773804,1.6359423398971558,0.9331418871879578,1497,0.7410068831878163,0.0825012388454506,1.0560489892959595,1.635942816734314,0.9331421852111816,1497,3.315858121410997e-08,3.3158581214109972e-06,3.3158581214109972e-06
577016205,0.7927716720354606,0.0369643239510811,1.0352964401245115,0.9516708850860596,0.2250909805297851,1498,0.7927717111545063,0.03696430035101789,1.0352965593338013,0.9516708850860596,0.22509083151817322,1498,3.9119045669444574e-08,3.9119045669444574e-06,3.9119045669444574e-06
577049539,0.8427990544092704,0.0127218310918622,1.0005476474761963,0.5913268327713013,0.0473678223788738,1499,0.8427990935283161,0.012721795661363534,1.0005476474761963,0.5913269519805908,0.047367699444293976,1499,3.9119045669444574e-08,3.9119045669444574e-06,3.9119045669444574e-06
577082873,0.888628863121276,0.9485949600249391,0.9165961742401124,0.6184541583061218,-0.207001656293869,1500,0.8886289052205539,0.9485949599111563,0.9165962338447571,0.6184538006782532,-0.20700153708457947,1500,4.2099277952623027e-08,4.209927795262303e-06,4.209927795262303e-06
577116207,0.921306593045796,0.8296667063209098,0.9803318977355956,0.2338238656520843,-0.4274419248104095,1501,0.9213066311714309,0.8296667366156898,0.9803317785263062,0.2338239550590515,-0.42744189500808716,1501,3.8125634871377656e-08,3.8125634871377656e-06,3.8125634871377656e-06
577149541,0.9534146734329112,0.4794992197032351,0.9632424116134644,-0.8736542463302612,0.1131621375679969,1502,0.9534147075849033,0.4794991581533373,0.9632422924041748,-0.8736540675163269,0.11316245794296265,1502,3.415199212319919e-08,3.4151992123199193e-06,3.4151992123199193e-06
577182875,0.9852324950945426,0.5197604150659663,0.954534649848938,-1.0871117115020752,-0.135671854019165,1503,0.9852325332201776,0.5197605074375806,0.9545347690582275,-1.0871118307113647,-0.13567250967025757,1503,3.812563498239996e-08,3.812563498239996e-06,3.812563498239996e-06
577216209,0.0343724000704337,0.7816695944517527,1.4741971492767334,0.4463854432106018,-2.2136149406433105,1504,0.03437243819606861,0.7816695887410438,1.4741971492767334,0.4463852643966675,-2.2136144638061523,1504,3.8125634871377656e-08,3.8125634871377656e-06,3.8125634871377656e-06
577249543,0.0946905064833213,0.5075874116735045,1.2063621282577517,-1.496082067489624,-0.0713769719004631,1505,0.09469052672756276,0.5075874118606492,1.2063617706298828,-1.4960821866989136,-0.0713769793510437,1505,2.024424150537385e-08,2.024424150537385e-06,2.024424150537385e-06
577282877,0.1611607957136679,0.5017213210526629,1.3294057846069336,-1.8669500350952148,-0.0201925598084926,1506,0.16116082191837391,0.5017212791375452,1.3294059038162231,-1.8669500350952148,-0.020192068070173264,1506,2.6204705960708452e-08,2.620470596070845e-06,2.620470596070845e-06
577316211,0.2012975820155987,0.8229694946698113,1.2041035890579224,0.7781654000282288,-1.5766438245773315,1507,0.20129761616759062,0.8229694514998067,1.2041038274765015,0.7781652212142944,-1.5766445398330688,1507,3.415199190115459e-08,3.415199190115459e-06,3.415199190115459e-06
577349545,0.2356621313345481,0.8318410551954856,1.0309364795684814,0.4087789952754974,-0.7236108183860779,1508,0.23566216548654,0.8318410741657166,1.0309364795684814,0.4087786376476288,-0.723609983921051,1508,3.415199190115459e-08,3.415199190115459e-06,3.415199190115459e-06
577382879,0.2817382323992301,0.5952173985061824,0.92152202129364,-0.3506923019886017,-0.2390311658382415,1509,0.2817382725116865,0.5952175257261989,0.9215221405029297,-0.3506927490234375,-0.23903188109397888,1509,4.011245635648919e-08,4.011245635648919e-06,4.011245635648919e-06
577416213,0.3291834759962607,0.5649340982238038,0.9489048719406128,-0.5289561748504639,-0.2286397814750671,1510,0.3291835161087171,0.5649340930334874,0.9489048719406128,-0.5289565324783325,-0.22863991558551788,1510,4.011245646751149e-08,4.011245646751149e-06,4.011245646751149e-06
577449547,0.3778404641401816,0.5957733938277379,0.973139762878418,-0.6573757529258728,-0.4514374136924743,1511,0.3778405102131025,0.5957733141982557,0.9731398820877075,-0.6573761105537415,-0.45143717527389526,1511,4.6072920922846095e-08,4.6072920922846095e-06,4.6072920922846095e-06
577482881,0.4280667352926779,0.6074355160335778,1.0045254230499268,-1.0605411529541016,-0.8489484190940857,1512,0.4280667873260633,0.6074354778724658,1.0045255422592163,-1.0605411529541016,-0.8489480018615723,1512,5.2033385378180697e-08,5.20333853781807e-06,5.20333853781807e-06
577516215,0.4759715068590689,0.5863036823048233,0.9580954313278198,-1.003350853919983,-0.6045275330543518,1513,0.47597156485291875,0.5863036753682294,0.9580955505371094,-1.003350853919983,-0.604527473449707,1513,5.79938498335153e-08,5.79938498335153e-06,5.79938498335153e-06
577549549,0.5259012747061301,0.5333781382750816,0.9985953569412231,-0.9655747413635254,-0.2055233716964721,1514,0.5259013386604444,0.5333781805695534,0.9985954761505127,-0.9655747413635254,-0.20552363991737366,1514,6.39543142888499e-08,6.39543142888499e-06,6.39543142888499e-06
577582883,0.5799774933111717,0.6707575983792529,1.08152437210083,-0.8670123219490051,-1.5950275659561155,1515,0.5799775393840925,0.6707575983792529,1.0815240144729614,-0.8670123219490051,-1.5950275659561157,1515,4.607292081182379e-08,4.607292081182379e-06,4.607292081182379e-06
577616217,0.6389171946299125,0.6696241230890247,1.178794026374817,-0.945785641670227,-1.7107945680618286,1516,0.6389172347423688,0.6696241005076264,1.1787939071655273,-0.9457857608795166,-1.71079421043396,1516,4.011245635648919e-08,4.011245635648919e-06,4.011245635648919e-06
577649551,0.6868638225646863,0.2573659714512513,1.438398838043213,-0.0781654417514801,1.6876976490020752,1517,0.6868638626771426,0.25736601229708106,1.438398838043213,-0.07816588133573532,1.6876977682113647,1517,4.011245635648919e-08,4.011245635648919e-06,4.011245635648919e-06
577682885,0.7235428957394807,0.669241487687336,1.1003721952438354,-0.977006733417511,-1.7572782039642334,1518,0.7235429398255802,0.6692414656840214,1.100372314453125,-0.9770068526268005,-1.7572778463363647,1518,4.408609943773456e-08,4.408609943773456e-06,4.408609943773456e-06
577716219,0.762839908227528,0.6639291476347041,1.1789103746414185,-1.2304155826568604,-2.048929214477539,1519,0.7628399523136274,0.6639291490028527,1.1789103746414185,-1.23041570186615,-2.048929452896118,1519,4.408609943773456e-08,4.408609943773456e-06,4.408609943773456e-06
577749553,0.8306024559589276,0.246731203881666,1.3552509546279907,0.0261822082102298,1.2746105194091797,1520,0.8306024940845624,0.24673110965325218,1.3552508354187012,0.026182960718870163,1.2746104001998901,1520,3.8125634871377656e-08,3.8125634871377656e-06,3.8125634871377656e-06
577782887,0.8878012069316754,0.2739083594094115,1.143975019454956,-0.1048054993152618,0.6924211382865906,1521,0.8878012331363813,0.27390824627118765,1.143974781036377,-0.10480497777462006,0.692421019077301,1521,2.620470584968615e-08,2.620470584968615e-06,2.620470584968615e-06
577816221,0.92145502649268,0.5943234382700371,1.0096145868301392,-0.2953884601593017,-0.1989154368638992,1522,0.9214550447501,0.5943235209041595,1.00961434841156,-0.2953885495662689,-0.19891571998596191,1522,1.8257420020262316e-08,1.8257420020262316e-06,1.8257420020262316e-06
577849555,0.9562202898911684,0.6529948035321012,1.0429579019546509,-0.4462572634220123,-0.6391746997833252,1523,0.9562203160958743,0.6529947267207088,1.04295814037323,-0.44625768065452576,-0.6391746401786804,1523,2.6204705960708452e-08,2.620470596070845e-06,2.620470596070845e-06
577882889,0.9912905105205426,0.6647030590993512,1.0521066188812256,-0.424553245306015,-0.7148330807685852,1524,0.9912905367252485,0.6647030492890768,1.0521066188812256,-0.4245533049106598,-0.7148330807685852,1524,2.620470584968615e-08,2.620470584968615e-06,2.620470584968615e-06
577916223,0.0270166762920269,0.676253152695047,1.0717849731445312,-0.370539903640747,-0.7416034936904907,1525,0.027016706470375906,0.676253178271222,1.0717850923538208,-0.3705398738384247,-0.7416037321090698,1525,3.017834904195382e-08,3.0178349041953823e-06,3.0178349041953823e-06
577949557,0.0634838191918581,0.7162387625030887,1.094014286994934,-0.1366992592811584,-0.6347233653068542,1526,0.06348384937020704,0.7162388126024193,1.094014286994934,-0.1366991400718689,-0.6347237825393677,1526,3.017834893093152e-08,3.017834893093152e-06,3.017834893093152e-06
577982891,0.1005169717721193,0.8180563715935125,1.110994577407837,0.2246198952198028,-0.4928766787052154,1527,0.10051700592411125,0.8180564904152705,1.1109946966171265,0.22462031245231628,-0.4928766191005707,1527,3.415199190115459e-08,3.415199190115459e-06,3.415199190115459e-06
578016225,0.130575755439579,0.130575755439579,1.077973246574402,0.6791569590568542,0.728492021560669,1528,0.13057575271903973,0.1305757527190398,1.0779732465744019,0.679156482219696,0.728491485118866,1528,-2.7205392383322646e-09,-2.7205392383322646e-07,2.7205392383322646e-07
578049559,0.1850588532312508,0.1923342285211935,1.089661955833435,0.3097204267978668,0.8170765042304993,1529,0.18505885051071147,0.19233415639774784,1.089661955833435,0.3097209632396698,0.8170768022537231,1529,-2.720539349354567e-09,-2.720539349354567e-07,2.720539349354567e-07
578082893,0.2261483720962003,0.69610147395761,1.2326855659484863,-0.6108168959617615,-1.7341734170913696,1530,0.22614836540201802,0.6961014456452734,1.2326854467391968,-0.6108170747756958,-1.7341729402542114,1530,-6.694182319577635e-09,-6.694182319577635e-07,6.694182319577635e-07
578116227,0.2715302519027189,0.2106054565998671,1.3614563941955566,0.3270223140716553,1.2940856218338013,1531,0.2715302372612506,0.21060543225929992,1.3614561557769775,0.32702234387397766,1.294084906578064,1531,-1.4641468315534922e-08,-1.4641468315534922e-06,1.4641468315534922e-06
578149561,0.3160004548255399,0.9585770717960608,1.3341060876846311,2.0039069652557373,-0.5336573719978333,1532,0.3160004441577146,0.9585770541142984,1.334106206893921,2.0039069652557373,-0.5336576104164124,1532,-1.0667825289800703e-08,-1.0667825289800703e-06,1.0667825289800703e-06
578182895,0.3899008385364012,0.7576855492480385,1.478007674217224,0.1266792118549347,-2.621276378631592,1533,0.3899008338290403,0.757685511951248,1.4780077934265137,0.12667863070964813,-2.621277093887329,1533,-4.707360889977252e-09,-4.7073608899772523e-07,4.7073608899772523e-07
578216229,0.457894324463983,0.76261504696858,1.3598697185516355,0.1814470291137695,-2.2843902111053467,1534,0.4578943018752286,0.7626150820451819,1.359869360923767,0.18144753575325012,-2.2843902111053467,1534,-2.258875436700336e-08,-2.258875436700336e-06,2.258875436700336e-06
578249563,0.5180951587382749,0.7744098367521706,1.2040166854858398,0.276913434267044,-1.7913283109664917,1535,0.5180951182681272,0.7744097856430037,1.2040163278579712,0.2769128084182739,-1.7913280725479126,1535,-4.047014778851832e-08,-4.047014778851832e-06,4.047014778851832e-06
578282897,0.5735621444407896,0.7843146626405552,1.109339714050293,0.4018442332744598,-1.8348251581192017,1536,0.5735620920497129,0.7843146758917593,1.1093394756317139,0.40184447169303894,-1.8348255157470703,1536,-5.239107669918752e-08,-5.239107669918752e-06,5.239107669918752e-06
578316231,0.6225872985545591,0.7428436585542075,0.9805030822753906,-0.0498481653630733,-1.1078613996505735,1537,0.6225872521239468,0.7428437655012803,0.9805032014846802,-0.049847397953271866,-1.1078609228134155,1537,-4.643061224385292e-08,-4.643061224385292e-06,4.643061224385292e-06
578349565,0.6535417469366188,0.5604762778581558,0.928633451461792,-0.7464928030967712,-0.2981445789337158,1538,0.6535416945455421,0.5604762788943289,0.9286332726478577,-0.7464922666549683,-0.2981443703174591,1538,-5.239107669918752e-08,-5.239107669918752e-06,5.239107669918752e-06
578382899,0.6844232153916155,0.5141877158579615,0.9264440536499025,-1.017855882644653,-0.0909769088029861,1539,0.6844231570400744,0.5141876324815301,0.926443874835968,-1.0178556442260742,-0.09097635000944138,1539,-5.8351541154522124e-08,-5.835154115452212e-06,5.835154115452212e-06
578416233,0.7171507867200966,0.5233097557502395,0.9818271398544312,-1.146982192993164,-0.1691979765892028,1540,0.7171507283685554,0.5233097868339405,0.9818271398544312,-1.146981954574585,-0.1691981703042984,1540,-5.8351541154522124e-08,-5.835154115452212e-06,5.835154115452212e-06
578449567,0.7488859287921384,0.5583220366837414,0.9520542621612548,-1.4004676342010498,-0.5374751091003418,1541,0.7488858704405973,0.5583219967273048,0.9520542621612549,-1.4004677534103394,-0.5374747514724731,1541,-5.8351541154522124e-08,-5.835154115452212e-06,5.835154115452212e-06
578482901,0.7795756649994647,0.5449162543798738,0.9206920862197876,-1.467084288597107,-0.4253903925418854,1542,0.779575596713816,0.5449161748101927,0.9206917881965637,-1.4670840501785278,-0.42538952827453613,1542,-6.82856486911021e-08,-6.82856486911021e-06,6.82856486911021e-06
578516235,0.8084258190814452,0.5040410014486935,0.8655046224594116,-1.4019670486450195,-0.0356041006743907,1543,0.808425740861689,0.5040409536912702,0.8655043244361877,-1.4019670486450195,-0.03560367971658707,1543,-7.821975622768207e-08,-7.821975622768207e-06,7.821975622768207e-06
578549569,0.8545882654213703,0.6141653858200615,1.384873390197754,-1.2794196605682373,-1.1160907745361328,1544,0.8545881951489,0.614165360557103,1.384873628616333,-1.2794196605682373,-1.1160904169082642,1544,-7.027247028723593e-08,-7.027247028723593e-06,7.027247028723593e-06
578582903,0.923145456316451,0.3355844162934258,1.371143817901611,-0.9612012505531312,1.6117655038833618,1545,0.9231453800835161,0.33558438689676023,1.3711436986923218,-0.9612011313438416,1.61176598072052,1545,-7.623293485359284e-08,-7.623293485359284e-06,7.623293485359284e-06
578616237,0.9940281224274434,0.3172661265456852,1.4176533222198486,-0.7930667996406555,1.7633525133132937,1546,0.994028052154973,0.31726606032559546,1.4176534414291382,-0.7930660247802734,1.7633527517318726,1546,-7.027247039825824e-08,-7.0272470398258235e-06,7.0272470398258235e-06
578649571,0.0640896332287588,0.3342086299938169,1.4012302160263062,-0.902778387069702,1.543985366821289,1547,0.06408958679814614,0.33420857047061997,1.4012306928634644,-0.9027776122093201,1.543985366821289,1547,-4.643061268794213e-08,-4.643061268794213e-06,4.643061268794213e-06
578682905,0.1374226343655386,0.3135861188252946,1.4666600227355957,-0.5799307823181152,1.3734900951385498,1548,0.13742257601399696,0.31358603493749476,1.4666597843170166,-0.5799298286437988,1.3734898567199707,1548,-5.8351541598611334e-08,-5.835154159861133e-06,5.835154159861133e-06
578716239,0.2023531329655447,0.3319966396041249,1.298609972000122,-0.7126386165618896,1.2586212158203125,1549,0.20235307461400306,0.33199662743362207,1.298609972000122,-0.7126385569572449,1.258621335029602,1549,-5.8351541598611334e-08,-5.835154159861133e-06,5.835154159861133e-06
578749573,0.2595330369496145,0.3853676020537759,1.1435980796813965,-0.8053074479103088,0.7066749930381775,1550,0.25953298455853735,0.3853675446032358,1.143598198890686,-0.8053072690963745,0.7066753506660461,1550,-5.239107714327673e-08,-5.239107714327673e-06,5.239107714327673e-06
578782907,0.3084566426300802,0.509303818153701,0.978472113609314,-0.8462018370628357,-0.049523364752531,1551,0.30845659023900307,0.5093038501851381,0.978472113609314,-0.8462017178535461,-0.049523528665304184,1551,-5.239107714327673e-08,-5.239107714327673e-06,5.239107714327673e-06
578816241,0.3580175828957357,0.5913237721709357,0.9912188053131104,-0.8399257659912109,-0.5428850054740906,1552,0.35801753050465857,0.5913237670219527,0.9912188053131104,-0.8399258255958557,-0.5428850054740906,1552,-5.239107714327673e-08,-5.239107714327673e-06,5.239107714327673e-06
578849575,0.4092160236859121,0.6166229741442015,1.0239688158035278,-0.9035434126853944,-0.8131051063537598,1553,0.4092159832157639,0.6166229869077682,1.023969054222107,-0.9035435318946838,-0.8131053447723389,1553,-4.0470148177096377e-08,-4.047014817709638e-06,4.047014817709638e-06
578882909,0.4608711373829641,0.6376032872996532,1.03310227394104,-0.7528150081634521,-0.8825923204421997,1554,0.46087108499188695,0.6376032980956634,1.033102035522461,-0.7528146505355835,-0.8825920224189758,1554,-5.239107714327673e-08,-5.239107714327673e-06,5.239107714327673e-06
578916243,0.5134966683411397,0.6647460103760798,1.0525106191635132,-0.4542069137096405,-0.7652321457862854,1555,0.5134966159500626,0.6647460679515225,1.0525106191635132,-0.454206645488739,-0.7652323246002197,1555,-5.239107714327673e-08,-5.239107714327673e-06,5.239107714327673e-06
578949577,0.5665700566792287,0.6939285627145257,1.0614677667617798,-0.2025887668132782,-0.5510439872741699,1556,0.5665700102486161,0.6939285339446829,1.0614678859710693,-0.20258894562721252,-0.5510441660881042,1556,-4.643061257691983e-08,-4.643061257691983e-06,4.643061257691983e-06
578982911,0.6010940682911672,0.2675237444121756,1.0357203483581543,-0.1063187420368194,0.9617076516151428,1557,0.6010940178869115,0.26752375087615055,1.0357202291488647,-0.10631874203681946,0.9617072939872742,1557,-5.04042556581652e-08,-5.04042556581652e-06,5.04042556581652e-06
579016245,0.6522731077694692,0.9804565285693532,1.02358078956604,0.5504322052001953,-0.0679322481155395,1558,0.652273063325678,0.9804565816188574,1.0235809087753296,0.5504322052001953,-0.06793206185102463,1558,-4.4443791202830596e-08,-4.44437912028306e-06,4.44437912028306e-06
579049579,0.7020833265805044,0.8509901762617968,0.9962043762207032,0.5210002660751343,-0.7077929377555847,1559,0.7020832821367132,0.8509901419744051,0.9962043762207031,0.5210002064704895,-0.7077931761741638,1559,-4.4443791202830596e-08,-4.44437912028306e-06,4.44437912028306e-06
579082913,0.768094028236846,0.8252756882746615,1.320214033126831,1.1875556707382202,-2.3207623958587646,1560,0.7680939837930547,0.8252756686866061,1.320214033126831,1.1875554323196411,-2.3207626342773438,1560,-4.44437913138529e-08,-4.44437913138529e-06,4.44437913138529e-06
579116247,0.8190260995373041,0.8190260995373041,1.3528144359588623,0.7562512159347534,-1.6329787969589231,1561,0.8190260961655613,0.8190260961655613,1.3528145551681519,0.7562513947486877,-1.6329792737960815,1561,-3.3717427738721995e-09,-3.3717427738721995e-07,3.3717427738721995e-07
579149581,0.8616529135847997,0.8195227870923119,1.2788044214248655,0.7571011781692505,-1.6215243339538574,1562,0.8616529141866999,0.8195227483489775,1.2788045406341553,0.7571006417274475,-1.6215242147445679,1562,6.019001963508686e-10,6.019001963508686e-08,6.019001963508686e-08
579182915,0.9020852117682407,0.8528855878234192,1.2129689455032349,0.8380311727523804,-1.1105389595031738,1563,0.902085216343784,0.8528856259228026,1.2129690647125244,0.8380315899848938,-1.1105389595031738,1563,4.575543277596239e-09,4.575543277596239e-07,4.575543277596239e-07
579216249,0.9589143185759496,0.97823111244239,1.1365821361541748,1.4318546056747437,-0.1970766633749008,1564,0.9589143231514927,0.978231091968052,1.1365821361541748,1.4318550825119019,-0.1970769166946411,1564,4.5755431665739366e-09,4.5755431665739366e-07,4.5755431665739366e-07
579249583,0.0098269193316411,0.1037444398028156,1.0182520151138306,1.0813871622085571,0.8252288103103638,1565,0.009826911986255293,0.10374448648953155,1.0182517766952515,1.0813875198364258,0.8252295851707458,1565,-7.345385799606419e-09,-7.345385799606419e-07,7.345385799606419e-07
579282917,0.0539910524035405,0.1368024431917998,0.8832826614379883,1.3593393564224243,1.5775285959243774,1566,0.053991048038386946,0.13680241154542933,0.8832827210426331,1.3593395948410034,1.5775282382965088,1566,-4.365153571939118e-09,-4.3651535719391177e-07,4.3651535719391177e-07
579316251,0.0994531600619267,0.1458540750555126,0.9092421531677246,1.543416142463684,2.011961936950684,1567,0.09945315569677318,0.1458540786335582,0.9092421531677246,1.5434166193008423,2.011962652206421,1567,-4.3651535164279665e-09,-4.3651535164279665e-07,4.3651535164279665e-07
579349585,0.1464837103033971,0.1614757204694497,0.9406110048294068,1.3727803230285645,2.208148241043091,1568,0.146483711898708,0.16147572515826175,0.9406111240386963,1.3727800846099854,2.2081480026245117,1568,1.5953108833954843e-09,1.5953108833954843e-07,1.5953108833954843e-07
579382919,0.1597457889146855,0.1597457889146855,0.9115792512893676,1.412170648574829,2.217388391494751,1569,0.15974579500204256,0.1597457950020426,0.9115792512893677,1.4121705293655396,2.217388391494751,1569,6.087357062867227e-09,6.087357062867227e-07,6.087357062867227e-07
579416253,0.1814608028518164,0.1814608028518164,0.8773971796035767,1.0457675457000732,2.2763705253601074,1570,0.1814608160573402,0.18146081605734016,0.8773969411849976,1.0457674264907837,2.2763707637786865,1570,1.3205523785586593e-08,1.3205523785586593e-06,1.3205523785586593e-06
579449587,0.2096259286986792,0.1862417832008476,0.8449537754058838,0.9510419368743896,2.245638847351074,1571,0.209625945877846,0.18624181185614208,0.8449538946151733,0.9510414600372314,2.245638847351074,1571,1.717916675580966e-08,1.717916675580966e-06,1.717916675580966e-06
579482921,0.2373097986963395,0.1967063689538832,0.8305160999298096,0.7116757035255432,2.0452969074249268,1572,0.2373098178623278,0.19670637974448593,0.8305161595344543,0.7116754651069641,2.0452966690063477,1572,1.9165988351943497e-08,1.9165988351943497e-06,1.9165988351943497e-06
579516255,0.271451919375559,0.1364623159908702,1.024263620376587,1.6408027410507202,1.8959612846374512,1573,0.2714519266206184,0.136462320172496,1.0242632627487183,1.6408028602600098,1.8959615230560303,1573,7.245059441274293e-09,7.245059441274293e-07,7.245059441274293e-07
579549589,0.3097076943503821,0.1038893024096084,1.14767324924469,1.868724584579468,1.428755521774292,1574,0.3097077015954414,0.10388928657786455,1.14767324924469,1.8687243461608887,1.4287550449371338,1574,7.2450593302519906e-09,7.245059330251991e-07,7.245059330251991e-07
579582923,0.3490281433847551,0.1170008219161155,1.179613471031189,1.775024175643921,1.6049998998641968,1575,0.34902813473524247,0.11700078582101928,1.1796129941940308,1.7750252485275269,1.6050001382827759,1575,-8.649512606151433e-09,-8.649512606151433e-07,8.649512606151433e-07
579616257,0.3908630223062638,0.1452268654796359,1.2550463676452637,1.478023648262024,1.9110753536224363,1576,0.3908630057094653,0.14522687508844406,1.2550461292266846,1.478023648262024,1.9110755920410156,1576,-1.6596798491086417e-08,-1.6596798491086417e-06,1.6596798491086417e-06
579649591,0.4292746793217464,0.1515599892518611,1.1523497104644775,1.251002550125122,1.7578351497650146,1577,0.4292746587513049,0.1515599830546398,1.152349591255188,1.2510029077529907,1.7578355073928833,1577,-2.0570441516820637e-08,-2.0570441516820637e-06,2.0570441516820637e-06
579682925,0.4635707429038489,0.1596289430318162,1.0288819074630735,1.0755362510681152,1.6860722303390503,1578,0.4635707183597644,0.15962893654912366,1.0288817882537842,1.0755367279052734,1.686072826385498,1578,-2.4544084542554856e-08,-2.4544084542554856e-06,2.4544084542554856e-06
579716259,0.4925206274774675,0.1472366980458187,0.8684965372085571,1.1261398792266846,1.4947209358215332,1579,0.49252061286749044,0.1472366757513064,0.868496835231781,1.1261401176452637,1.4947208166122437,1579,-1.4609977061486035e-08,-1.4609977061486035e-06,1.4609977061486035e-06
579749593,0.523479105133514,0.1327494407576645,0.9287543296813964,1.313225507736206,1.4477678537368774,1580,0.523479090523537,0.13274944008953846,0.9287543296813965,1.3132256269454956,1.447767972946167,1580,-1.4609977005974883e-08,-1.4609977005974883e-06,1.4609977005974883e-06
579782927,0.5564460805045569,0.1224671273715707,0.9890092611312866,1.4537303447723389,1.408180594444275,1581,0.5564460658945799,0.12246711979447622,0.9890092611312866,1.4537298679351807,1.4081799983978271,1581,-1.4609977005974883e-08,-1.4609977005974883e-06,1.4609977005974883e-06
579816261,0.5911820184178158,0.1239897208402794,1.042078137397766,1.4633803367614746,1.444918870925903,1582,0.5911820077814818,0.12398974045187189,1.0420782566070557,1.463380217552185,1.4449191093444824,1582,-1.0636334035751815e-08,-1.0636334035751815e-06,1.0636334035751815e-06
579849595,0.6276330203798418,0.1002044764388854,1.0935300588607788,1.6935415267944336,1.2337573766708374,1583,0.6276330057698648,0.10020447246490242,1.0935299396514893,1.6935412883758545,1.2337571382522583,1583,-1.4609977005974883e-08,-1.4609977005974883e-06,1.4609977005974883e-06
579882929,0.6819501907613879,0.0984051288348424,1.0863434076309204,1.7017366886138916,1.2105170488357544,1584,0.6819501880723398,0.09840512669789378,1.0863436460494995,1.701736569404602,1.2105169296264648,1584,-2.6890480953056795e-09,-2.6890480953056795e-07,2.6890480953056795e-07
579916263,0.7379966587808733,0.0979423426380957,1.1209293603897097,1.727128267288208,1.2210314273834229,1585,0.7379966620522898,0.0979423267287669,1.120929479598999,1.7271277904510498,1.221030831336975,1585,3.271416471051225e-09,3.271416471051225e-07,3.271416471051225e-07
579949597,0.7919610590723162,0.978620859019647,1.0792880058288574,0.7012836933135986,-0.0947735384106636,1586,0.7919610742646616,0.9786208987385046,1.0792882442474365,0.7012836337089539,-0.09477335214614868,1586,1.519234538172043e-08,1.519234538172043e-06,1.519234538172043e-06
579982931,0.8456679196146135,0.8819859482697452,1.0741372108459473,0.5716583728790283,-0.5235542058944702,1587,0.8456679467278879,0.8819859054244699,1.0741374492645264,0.571658194065094,-0.5235543251037598,1587,2.7113274403411936e-08,2.7113274403411936e-06,2.7113274403411936e-06
580016265,0.8888423175600175,0.8245456719945885,1.2952319383621216,1.169531226158142,-2.3116238117218018,1588,0.888842340699649,0.8245456850642318,1.295231819152832,1.1695314645767212,-2.3116238117218018,1588,2.3139631433188868e-08,2.3139631433188868e-06,2.3139631433188868e-06
580049599,0.9332928867128496,0.8248060024122454,1.333517074584961,1.0651628971099854,-2.0968143939971924,1589,0.933292913826124,0.824806023989286,1.3335171937942505,1.065163254737854,-2.0968143939971924,1589,2.7113274403411936e-08,2.7113274403411936e-06,2.7113274403411936e-06
580082933,0.97692811200887,0.8199305778678013,1.3090567588806152,0.7117800712585449,-1.5143238306045532,1590,0.9769281391221445,0.8199305778678013,1.3090567588806152,0.7117800712585449,-1.5143238306045532,1590,2.7113274514434238e-08,2.711327451443424e-06,2.711327451443424e-06
580116267,0.0176791202015682,0.8459982226946132,1.2225302457809448,0.8037765026092529,-1.1669102907180786,1591,0.017679147314842547,0.8459982220775065,1.2225302457809448,0.8037760853767395,-1.1669096946716309,1591,2.7113274292389633e-08,2.7113274292389633e-06,2.7113274292389633e-06
580149601,0.0558266531414791,0.9593032450243651,1.1444259881973269,1.3999319076538086,-0.3659815192222595,1592,0.05582668025475344,0.9593032102838679,1.1444259881973267,1.3999320268630981,-0.3659818768501282,1592,2.7113274292389633e-08,2.7113274292389633e-06,2.7113274292389633e-06
580182935,0.0910465529548132,0.0475012596657346,1.0565969944000244,1.3976109027862549,0.4299733638763428,1593,0.09104659198901655,0.04750123939318767,1.056597352027893,1.3976106643676758,0.4299730956554413,1593,3.903420331408114e-08,3.903420331408114e-06,3.903420331408114e-06
580216269,0.1333079150306189,0.1766956723556386,0.8452272415161133,0.7387609481811523,1.4889055490493774,1594,0.13330794810435773,0.17669568769366492,0.8452271223068237,0.738760769367218,1.4889055490493774,1594,3.307373885874654e-08,3.3073738858746538e-06,3.3073738858746538e-06
580249603,0.150254884312341,0.150254884312341,0.8479807376861572,1.4158649444580078,1.9553484916687007,1595,0.1502548963837733,0.15025489638377326,0.8479807376861572,1.4158650636672974,1.9553489685058594,1595,1.2071432298199625e-08,1.2071432298199625e-06,1.2071432298199625e-06
580282937,0.1611753000811794,0.1611753000811795,0.8966481685638428,1.3826228380203247,2.214646100997925,1596,0.161175290817646,0.16117529081764595,0.8966479301452637,1.382623314857483,2.214646577835083,1596,-9.26353338481789e-09,-9.26353338481789e-07,9.26353338481789e-07
580316271,0.1910761449730455,0.1601236601062374,0.8970253467559814,1.4039952754974363,2.21614670753479,1597,0.19107612776222607,0.16012365847472407,0.8970251083374023,1.403995156288147,2.216146469116211,1597,-1.721081943628633e-08,-1.7210819436286329e-06,1.7210819436286329e-06
580349605,0.2188816362615485,0.1902305538125782,0.8341647386550903,0.9627959728240968,2.442074775695801,1598,0.21888162699801506,0.1902305619586201,0.8341649770736694,0.9627957344055176,2.4420745372772217,1598,-9.263533440329041e-09,-9.263533440329041e-07,9.263533440329041e-07
580382939,0.246264812747246,0.1982292082442715,0.8214952945709229,0.8405088782310486,2.492126941680908,1599,0.24626480745735546,0.19822921849758773,0.8214954137802124,0.8405086994171143,2.492126941680908,1599,-5.289890525617125e-09,-5.289890525617125e-07,5.289890525617125e-07
580416273,0.2722389950350979,0.2076796810461879,0.7792254686355591,0.6864312887191772,2.520346164703369,1600,0.2722389917320289,0.20767972246749605,0.7792255282402039,0.6864304542541504,2.520345687866211,1600,-3.3030689849944395e-09,-3.3030689849944395e-07,3.3030689849944395e-07
580449607,0.3051662260290046,0.1539046173361501,0.9878169298171996,1.579442024230957,2.290015697479248,1601,0.3051662306732216,0.15390462159644827,0.9878171682357788,1.5794422626495361,2.2900161743164062,1601,4.644217010962848e-09,4.644217010962848e-07,4.644217010962848e-07
580482941,0.3404477292295356,0.1227874775611899,1.0584450960159302,2.0582973957061768,2.001850843429565,1602,0.3404477259264666,0.12278749624925771,1.058444857597351,2.0582971572875977,2.0018510818481445,1602,-3.3030689849944395e-09,-3.3030689849944395e-07,3.3030689849944395e-07
580516275,0.3799097273743212,0.1035726843150815,1.183859944343567,2.0555007457733154,1.5650877952575684,1603,0.3799097240712522,0.1035726987887853,1.183859944343567,2.0555009841918945,1.5650882720947266,1603,-3.3030690405055907e-09,-3.3030690405055907e-07,3.3030690405055907e-07
580549609,0.4211895241336087,0.1085418923693928,1.2383939027786257,1.7116698026657104,1.3898006677627563,1604,0.4211895287778257,0.10854188403362126,1.2383941411972046,1.7116702795028687,1.3898009061813354,1604,4.644217010962848e-09,4.644217010962848e-07,4.644217010962848e-07
580582943,0.4616543664530972,0.1213284883277345,1.2139452695846558,1.5703388452529907,1.4995086193084717,1605,0.4616543750709572,0.12132852049576193,1.2139453887939453,1.5703390836715698,1.4995094537734985,1605,8.617859981185916e-09,8.617859981185916e-07,8.617859981185916e-07
580616277,0.4999017292257209,0.1260347136444005,1.147420883178711,1.4399257898330688,1.4587713479995728,1606,0.49990174181722385,0.1260347134741944,1.1474210023880005,1.439926028251648,1.4587715864181519,1606,1.2591502951408984e-08,1.2591502951408984e-06,1.2591502951408984e-06
580649611,0.5317039344704211,0.1383302868127259,0.9540661573410034,1.194501519203186,1.4134467840194702,1607,0.5317039450751024,0.13833028681272597,0.9540660977363586,1.194501519203186,1.4134467840194702,1607,1.0604681355275147e-08,1.0604681355275147e-06,1.0604681355275147e-06
580682945,0.5622129096583585,0.1420253201966375,0.9152692556381226,1.2754658460617063,1.582346796989441,1608,0.5622129242366828,0.14202531596796028,0.9152693748474121,1.2754662036895752,1.5823471546173096,1608,1.4578324325498215e-08,1.4578324325498215e-06,1.4578324325498215e-06
580716279,0.5938159479693631,0.1449319559786027,0.9480911493301392,1.2841589450836182,1.654067039489746,1609,0.5938159665213304,0.14493195673333528,0.9480912685394287,1.2841593027114868,1.6540675163269043,1609,1.8551967295721283e-08,1.8551967295721283e-06,1.8551967295721283e-06
580749613,0.6274484529093961,0.1382725904301021,1.0089751482009888,1.365730047225952,1.614872694015503,1610,0.6274484674877203,0.13827259884554075,1.0089750289916992,1.3657304048538208,1.6148732900619507,1610,1.4578324214475913e-08,1.4578324214475913e-06,1.4578324214475913e-06
580782947,0.6820003404216032,0.1228300352235397,1.0910377502441406,1.5615129470825195,1.519502878189087,1611,0.6820003669208563,0.12283002915068147,1.0910379886627197,1.561513066291809,1.519502878189087,1611,2.6499253125145117e-08,2.6499253125145117e-06,2.6499253125145117e-06
580816281,0.7373894645766478,0.1001517422893198,1.1077824831008911,1.7979722023010254,1.3089241981506348,1612,0.7373894851154363,0.10015176237339601,1.1077823638916016,1.7979717254638672,1.3089241981506348,1612,2.0538788558788212e-08,2.0538788558788212e-06,2.0538788558788212e-06
580849615,0.7935584261016112,0.0909387649652867,1.1233792304992676,1.824574589729309,1.1730636358261108,1613,0.7935584406799352,0.0909387723225839,1.123379111289978,1.824574589729309,1.1730637550354004,1613,1.4578323992431308e-08,1.4578323992431308e-06,1.4578323992431308e-06
580882949,0.8503658487395507,0.0224513011020353,1.136148452758789,0.5755104422569275,0.0817276090383529,1614,0.8503658573574102,0.02245145459889777,1.1361483335494995,0.5755104422569275,0.08172817528247833,1614,8.617859537096706e-09,8.617859537096706e-07,8.617859537096706e-07
580916283,0.905758614738391,0.980095764159721,1.1078553199768066,0.6861394643783569,-0.0862601622939109,1615,0.9057586114353215,0.9800956994897853,1.1078550815582275,0.6861393451690674,-0.08626043051481247,1615,-3.3030694845948005e-09,-3.3030694845948005e-07,3.3030694845948005e-07
580949617,0.9494954858219684,0.840958378783204,1.3121061325073242,1.4046869277954102,-2.1842479705810547,1616,0.9494954785452561,0.8409584033624815,1.3121060132980347,1.4046874046325684,-2.1842479705810547,1616,-7.276712343795566e-09,-7.276712343795566e-07,7.276712343795566e-07
580982951,0.9958756361401144,0.8391193649204302,1.3914045095443726,1.016114354133606,-1.6208950281143188,1617,0.9958756368106878,0.8391193565175323,1.3914047479629517,1.0161142349243164,-1.6208950281143188,1617,6.70573374605965e-10,6.70573374605965e-08,6.70573374605965e-08
581016285,0.0407149706280294,0.8350093445314953,1.3451800346374512,0.7893847227096558,-1.3345978260040283,1618,0.0407149712986028,0.8350093406778629,1.3451800346374512,0.7893849611282349,-1.3345983028411865,1618,6.70573374605965e-10,6.70573374605965e-08,6.70573374605965e-08
581049619,0.0836126083131694,0.8387031222062632,1.2869291305541992,0.7718318700790405,-1.2384033203125,1619,0.08361262487831471,0.8387030807892373,1.2869296073913574,0.7718312740325928,-1.238403081893921,1619,1.6565145255498237e-08,1.6565145255498237e-06,1.6565145255498237e-06
581082953,0.1235016975796285,0.9534318573836849,1.1966726779937744,1.2711501121520996,-0.3829243779182434,1620,0.12350171811841684,0.9534318867700377,1.196672797203064,1.2711498737335205,-0.38292405009269714,1620,2.0538788336743607e-08,2.0538788336743607e-06,2.0538788336743607e-06
581116287,0.1606609497463766,0.0612925092015376,1.1147775650024414,1.4798096418380735,0.599844753742218,1621,0.16066095836423594,0.061292494768409575,1.1147772073745728,1.4798098802566528,0.5998446941375732,1621,8.617859315052101e-09,8.617859315052101e-07,8.617859315052101e-07
581149621,0.1893445525562826,0.165010793356593,0.8605080842971802,0.9617445468902588,1.6264729499816897,1622,0.18934455720049898,0.16501075525229028,0.8605079650878906,0.9617451429367065,1.626473069190979,1622,4.644216344829033e-09,4.644216344829033e-07,4.644216344829033e-07
581182955,0.2188905829187297,0.1613356997242495,0.8863809108734131,1.3901755809783936,2.231747627258301,1623,0.21889058756294608,0.16133572884259678,0.8863809108734131,1.3901748657226562,2.2317473888397217,1623,4.644216344829033e-09,4.644216344829033e-07,4.644216344829033e-07
581216289,0.2501403524474366,0.1698212751861627,0.937493085861206,1.312020778656006,2.3802216053009038,1624,0.25014035907847443,0.16982129964006498,0.9374931454658508,1.3120203018188477,2.3802216053009033,1624,6.631037829940567e-09,6.631037829940567e-07,6.631037829940567e-07
581249623,0.281916454831368,0.1754501589872017,0.9532830715179444,1.26568341255188,2.501509666442871,1625,0.28191645351511996,0.1754501649537409,0.9532828330993652,1.2656831741333008,2.501509428024292,1625,-1.3162480549944178e-09,-1.3162480549944178e-07,1.3162480549944178e-07
581282957,0.3113909357782268,0.1849177210388881,0.8842344284057617,1.1669623851776123,2.692870616912842,1626,0.31139093843562166,0.18491772341085314,0.8842345476150513,1.1669620275497437,2.6928699016571045,1626,2.657394859717499e-09,2.657394859717499e-07,2.657394859717499e-07
581316291,0.3401840482151571,0.1957517175826368,0.8637933731079102,0.9094688892364502,2.5640814304351807,1627,0.340184046898909,0.19575170719001794,0.8637932538986206,0.9094692468643188,2.564081907272339,1627,-1.3162480549944178e-09,-1.3162480549944178e-07,1.3162480549944178e-07
581349625,0.367932513753182,0.2199540696641666,0.8324539661407471,0.4959654510021209,2.595871686935425,1628,0.3679325124369339,0.21995404332176516,0.8324539661407471,0.49596598744392395,2.595872163772583,1628,-1.3162480549944178e-09,-1.3162480549944178e-07,1.3162480549944178e-07
581382959,0.4033621186014079,0.155666037622071,1.0628881454467771,1.4855951070785522,2.20578670501709,1629,0.40336211331151683,0.15566600984641724,1.0628880262374878,1.4855953454971313,2.2057862281799316,1629,-5.289891080728637e-09,-5.289891080728637e-07,5.289891080728637e-07
581416293,0.4414488587772909,0.1210469327329813,1.1426022052764893,1.707489848136902,1.6247081756591797,1630,0.4414488455401138,0.12104696245649477,1.1426019668579102,1.707490086555481,1.6247090101242065,1630,-1.3237177076685924e-08,-1.3237177076685924e-06,1.3237177076685924e-06
581449627,0.4803989205753866,0.1048562469928292,1.168501853942871,1.886275053024292,1.4604179859161377,1631,0.48039890336456653,0.10485627620617463,1.1685017347335815,1.8862743377685547,1.4604179859161377,1631,-1.7210820046908992e-08,-1.7210820046908992e-06,1.7210820046908992e-06
581482961,0.5211283200975322,0.1112416905772182,1.2218819856643677,1.7278668880462646,1.4522699117660522,1632,0.5211283108339981,0.11124166997008504,1.2218822240829468,1.7278674840927124,1.4522700309753418,1632,-9.263534050951705e-09,-9.263534050951705e-07,9.263534050951705e-07
581516295,0.5643670274810059,0.1307724231507661,1.2971612215042114,1.4917222261428833,1.6040527820587158,1633,0.5643670341120438,0.1307724362801765,1.2971616983413696,1.4917218685150146,1.6040526628494263,1633,6.6310379409628695e-09,6.631037940962869e-07,6.631037940962869e-07
581549629,0.6036960754787984,0.1327072176292313,1.1798714399337769,1.4073832035064695,1.5507452487945557,1634,0.6036960781361934,0.1327072432241847,1.1798713207244873,1.4073829650878906,1.5507454872131348,1634,2.6573949707398015e-09,2.6573949707398015e-07,2.6573949707398015e-07
581582963,0.635790081222461,0.1473156486260346,0.9628201723098756,1.2212483882904053,1.6226322650909424,1635,0.6357900878534989,0.14731567848339386,0.962820291519165,1.221247911453247,1.6226322650909424,1635,6.6310379409628695e-09,6.631037940962869e-07,6.631037940962869e-07
581616297,0.6679002040620707,0.1468631552273211,0.9633036851882936,1.2423979043960571,1.6410017013549805,1636,0.6679001987721798,0.14686315543595715,0.9633033275604248,1.2423982620239258,1.6410021781921387,1636,-5.2898909697063345e-09,-5.289890969706335e-07,5.289890969706335e-07
581649631,0.7180855208631419,0.1369740311332783,1.0037063360214231,1.342646598815918,1.5615577697753906,1637,0.718085515573251,0.136974027085566,1.0037063360214233,1.3426463603973389,1.561557412147522,1637,-5.2898909697063345e-09,-5.289890969706335e-07,5.289890969706335e-07
581682965,0.7696154171224497,0.1361828056532262,1.0305979251861572,1.4853196144104004,1.7102200984954834,1638,0.7696154118325588,0.1361828103138158,1.0305979251861572,1.48531973361969,1.7102203369140625,1638,-5.2898909697063345e-09,-5.289890969706335e-07,5.289890969706335e-07
581716299,0.8257503324743174,0.120711309884101,1.1226983070373535,1.695380449295044,1.6063873767852783,1639,0.8257503093030331,0.1207113148523354,1.1226979494094849,1.6953800916671753,1.6063871383666992,1639,-2.317128433571014e-08,-2.317128433571014e-06,2.317128433571014e-06
581749633,0.8827565068002604,0.0979886598765832,1.14012348651886,1.8445361852645876,1.3048408031463623,1640,0.8827564836289761,0.09798865870867164,1.1401234865188599,1.8445357084274292,1.3048404455184937,1640,-2.317128433571014e-08,-2.317128433571014e-06,2.317128433571014e-06
581782967,0.9393323057886028,0.0897892388122112,1.1315159797668457,1.9278924465179443,1.2198995351791382,1641,0.9393323004987117,0.08978923952697579,1.1315163373947144,1.927892804145813,1.2198997735977173,1641,-5.289891080728637e-09,-5.289891080728637e-07,5.289891080728637e-07
581816301,0.98630928933456,0.98630928933456,1.1707535982131958,0.5296323895454407,-0.0456723608076572,1642,0.9863093447393363,0.9863093447393363,1.1707537174224854,0.5296322107315063,-0.045672159641981125,1642,5.540477632237639e-08,5.540477632237639e-06,5.540477632237639e-06
581849635,0.0242831263923095,0.9262532983674722,1.139215111732483,0.7107712626457214,-0.3551338613033294,1643,0.024283189744371603,0.9262533410773129,1.139215350151062,0.7107714414596558,-0.35513371229171753,1643,6.335206215180023e-08,6.335206215180023e-06,6.335206215180023e-06
581882969,0.0706879768752502,0.8167977765587981,1.3921455144882202,0.8355197906494141,-1.872455358505249,1644,0.07068803625366929,0.8167977816927855,1.3921453952789307,0.8355199694633484,-1.8724555969238281,1644,5.9378419070554855e-08,5.9378419070554855e-06,5.9378419070554855e-06
581916303,0.1199602597935445,0.8097292022659939,1.478168487548828,0.7946751117706299,-2.017140865325928,1645,0.1199603112246776,0.8097292313807732,1.478168249130249,0.794675350189209,-2.0171403884887695,1645,5.143113313010872e-08,5.143113313010872e-06,5.143113313010872e-06
581949637,0.1664709085209614,0.8079841312114937,1.3953194618225098,0.6205370426177979,-1.6272166967391968,1646,0.16647096789938057,0.8079840943761882,1.3953197002410889,0.6205365657806396,-1.6272165775299072,1646,5.937841918157716e-08,5.937841918157716e-06,5.937841918157716e-06
581982971,0.2112287475648966,0.7961977553133466,1.3427351713180542,0.4939855635166168,-1.653752684593201,1647,0.21122880296967272,0.7961977331536608,1.3427350521087646,0.49398520588874817,-1.653752326965332,1647,5.540477610033179e-08,5.540477610033179e-06,5.540477610033179e-06
582016305,0.2534345581117716,0.9305899459813938,1.26617431640625,1.1334023475646973,-0.5282160639762878,1648,0.2534346135165477,0.930589911599879,1.26617431640625,1.1334023475646973,-0.5282163619995117,1648,5.540477610033179e-08,5.540477610033179e-06,5.540477610033179e-06
582049639,0.2924178236706502,0.0502981572716617,1.1694979667663574,1.257245659828186,0.4111094176769256,1649,0.2924178909963553,0.05029807704185106,1.169498324394226,1.2572462558746338,0.41110891103744507,1649,6.732570501100099e-08,6.732570501100099e-06,6.732570501100099e-06
582082973,0.325366242128953,0.1392693531703995,0.9884525537490844,1.2848858833312988,1.5387226343154907,1650,0.3253663134283011,0.13926934950099706,0.988452672958374,1.2848856449127197,1.538722276687622,1650,7.129934809224636e-08,7.129934809224636e-06,7.129934809224636e-06
582116307,0.3582688444836385,0.1310261593184061,0.987078070640564,1.7294251918792725,1.8656108379364011,1651,0.35826891180934356,0.13102614290974185,0.9870779514312744,1.7294255495071411,1.8656108379364014,1651,6.732570501100099e-08,6.732570501100099e-06,6.732570501100099e-06
582149641,0.3913482342147277,0.1453023044418223,0.9923816919326782,1.5991387367248535,2.0697028636932373,1652,0.3913482935931469,0.1453023138318627,0.9923814535140991,1.5991390943527222,2.0697035789489746,1652,5.937841918157716e-08,5.937841918157716e-06,5.937841918157716e-06
582182975,0.4251005047543293,0.1497067285846337,1.012568116188049,1.561668038368225,2.141143560409546,1653,0.42510056413274855,0.1497067396753053,1.0125681161880493,1.5616681575775146,2.141144037246704,1653,5.937841929259946e-08,5.937841929259946e-06,5.937841929259946e-06
582216309,0.4569093300882425,0.1604812060505388,0.954264760017395,1.4638588428497314,2.322161912918091,1654,0.4569093894666617,0.16048117681634924,0.954264760017395,1.4638594388961792,2.322161912918091,1654,5.937841918157716e-08,5.937841918157716e-06,5.937841918157716e-06
582249643,0.4877708548290974,0.1688009259922745,0.925845742225647,1.2787678241729736,2.28511905670166,1655,0.4877709142075166,0.16880092042330844,0.925845742225647,1.2787680625915527,2.2851192951202393,1655,5.937841929259946e-08,5.937841929259946e-06,5.937841929259946e-06
582282977,0.5169361585362202,0.1823447158372687,0.8749591112136841,1.0993402004241943,2.428448438644409,1656,0.5169362179146394,0.18234468928801076,0.8749591112136841,1.099340796470642,2.4284486770629883,1656,5.937841918157716e-08,5.937841918157716e-06,5.937841918157716e-06
582316311,0.5535640670839396,0.1319764087097816,1.0988372564315796,1.5920597314834597,1.7381290197372437,1657,0.5535641224887158,0.13197648283029406,1.09883713722229,1.5920602083206177,1.7381311655044556,1657,5.540477621135409e-08,5.540477621135409e-06,5.540477621135409e-06
582349645,0.5928664122008728,0.0988468539319162,1.1790703535079956,1.9736244678497317,1.4121880531311035,1658,0.592866467605649,0.09884689569703918,1.1790703535079956,1.9736247062683105,1.41218900680542,1658,5.540477621135409e-08,5.540477621135409e-06,5.540477621135409e-06
582382979,0.6333186858875997,0.0942267241520243,1.2135682106018066,2.1057424545288086,1.416153907775879,1659,0.6333187373187329,0.0942267449047434,1.213568091392517,2.1057422161102295,1.416154146194458,1659,5.143113324113102e-08,5.143113324113102e-06,5.143113324113102e-06
582416313,0.6974220150692708,0.0927150961836985,1.2820665836334229,2.0165529251098637,1.3285324573516846,1660,0.6974220605399396,0.0927151006606504,1.2820664644241333,2.0165531635284424,1.3285326957702637,1660,4.547066878579642e-08,4.547066878579642e-06,4.547066878579642e-06
582449647,0.7614287847264058,0.1057223968061239,1.2801353931427002,1.845538854598999,1.4450111389160156,1661,0.7614288242366102,0.1057223882091207,1.2801352739334106,1.8455392122268677,1.4450112581253052,1661,3.951020433046182e-08,3.951020433046182e-06,3.951020433046182e-06
582482981,0.8200495356304891,0.107682479344622,1.172415018081665,1.7359628677368164,1.3940393924713137,1662,0.8200495930220869,0.10768249655969744,1.1724153757095337,1.735963225364685,1.3940399885177612,1662,5.7391597807487926e-08,5.739159780748793e-06,5.739159780748793e-06
582516315,0.8705520564301259,0.1362628858582526,1.0100504159927368,1.3925459384918213,1.605029582977295,1663,0.8705521197821883,0.1362629177932692,1.0100505352020264,1.3925455808639526,1.605029821395874,1663,6.335206237384483e-08,6.335206237384483e-06,6.335206237384483e-06
582549649,0.9200965875370748,0.1441762804140693,0.990890622138977,1.4502685070037842,1.8498260974884035,1664,0.9200966449286726,0.1441762804140693,0.9908905029296875,1.4502685070037842,1.8498260974884033,1664,5.7391597807487926e-08,5.739159780748793e-06,5.739159780748793e-06
582582983,0.9707993084175832,0.1413658117728446,1.0140544176101685,1.5939886569976809,1.9608216285705569,1665,0.9707993479277875,0.141365804480674,1.0140540599822998,1.5939884185791016,1.9608211517333984,1665,3.951020433046182e-08,3.951020433046182e-06,3.951020433046182e-06
582616317,0.024291878340984,0.1337920565242585,1.0698513984680176,1.646730661392212,1.8395143747329712,1666,0.02429190593025954,0.13379205139870243,1.0698511600494385,1.646730661392212,1.8395142555236816,1666,2.7589275530814916e-08,2.7589275530814916e-06,2.7589275530814916e-06
582649651,0.0805374616368061,0.1202621955497073,1.1249116659164429,1.8337812423706052,1.727729082107544,1667,0.08053749518654617,0.12026219554970735,1.1249117851257324,1.8337812423706055,1.727729082107544,1667,3.354974009717182e-08,3.354974009717182e-06,3.354974009717182e-06
582682985,0.0996205077802356,0.0996205077802356,1.116946816444397,2.0128955841064453,1.4551337957382202,1668,0.09962051054002884,0.09962051054002889,1.1169469356536865,2.012895345687866,1.4551336765289307,1668,2.759793282791634e-09,2.759793282791634e-07,2.759793282791634e-07
582716319,0.1369963354105965,0.0938084220228775,1.1212748289108276,2.0828590393066406,1.392828106880188,1669,0.13699634214403275,0.093808407387526,1.1212749481201172,2.0828585624694824,1.3928275108337402,1669,6.733436253014702e-09,6.733436253014702e-07,6.733436253014702e-07
582749653,0.1760926193232552,0.0790190387035591,1.1728885173797607,0.8459777235984802,0.4583128988742828,1670,0.17609261810940546,0.07901912575677499,1.1728882789611816,0.8459776639938354,0.4583134651184082,1670,-1.2138497429425854e-09,-1.2138497429425854e-07,1.2138497429425854e-07
582782987,0.2140073524152454,0.9725366972129182,1.1374419927597046,0.5905237793922424,-0.1029225960373878,1671,0.21400734722775264,0.972536710854813,1.137441873550415,0.5905237793922424,-0.10292254388332367,1671,-5.187492768676805e-09,-5.187492768676805e-07,5.187492768676805e-07
582816321,0.2596658017471647,0.8290229283904692,1.3697534799575806,1.042708396911621,-1.9245729446411133,1672,0.259665796559672,0.8290229353746548,1.3697534799575806,1.0427086353302002,-1.9245731830596924,1672,-5.187492713165653e-09,-5.187492713165653e-07,5.187492713165653e-07
582849655,0.3059151556328154,0.8317323558438612,1.387480616569519,0.967537522315979,-1.7154465913772583,1673,0.3059151464716796,0.831732349601648,1.3874804973602295,0.9675371646881104,-1.7154461145401,1673,-9.161135794411024e-09,-9.161135794411024e-07,9.161135794411024e-07
582882989,0.3501985417043384,0.8343156343516756,1.328501582145691,0.8076798915863037,-1.3792133331298828,1674,0.35019853254320266,0.8343156470859479,1.328501582145691,0.8076802492141724,-1.3792136907577515,1674,-9.161135738899873e-09,-9.161135738899873e-07,9.161135738899873e-07
582916323,0.4117353723680195,0.8437700960473249,1.2307366132736206,0.8057786226272583,-1.2056033611297607,1675,0.4117353632068837,0.8437701033730001,1.2307366132736206,0.8057783842086792,-1.2056028842926025,1675,-9.161135794411024e-09,-9.161135794411024e-07,9.161135794411024e-07
582949657,0.4508156544203774,0.9693125402511004,1.1724084615707395,1.603182673454285,-0.3130062520503998,1676,0.45081562936466973,0.9693125756992378,1.1724079847335815,1.6031824350357056,-0.31300583481788635,1676,-2.5055707675303296e-08,-2.5055707675303296e-06,2.5055707675303296e-06
582982991,0.4855755971109088,0.0550741946225896,1.0427982807159424,1.534839153289795,0.5533844828605652,1677,0.48557557602884416,0.05507413992594085,1.042798399925232,1.534839153289795,0.5533838868141174,1677,-2.1082064649569077e-08,-2.1082064649569077e-06,2.1082064649569077e-06
583016325,0.5137924200530068,0.141633689032639,0.8465046882629395,1.2442562580108645,1.535877704620361,1678,0.5137924029445852,0.14163369932303627,0.846504807472229,1.2442559003829956,1.5358774662017822,1678,-1.710842167934601e-08,-1.7108421679346009e-06,1.7108421679346009e-06
583049659,0.5423030342892027,0.1431173076601004,0.8553184270858765,1.7710109949111938,2.2282400131225586,1679,0.542303017180781,0.1431173441878643,0.8553184270858765,1.771010160446167,2.2282400131225586,1679,-1.710842167934601e-08,-1.7108421679346009e-06,1.7108421679346009e-06
583082993,0.5719866520400063,0.1453492652887101,0.8905085325241089,1.7536945343017578,2.271123170852661,1680,0.5719866428788706,0.14534924150605938,0.890508770942688,1.7536948919296265,2.271122932434082,1680,-9.161135738899873e-09,-9.161135738899873e-07,9.161135738899873e-07
583116327,0.6024587160582558,0.1502876487236519,0.9141619205474854,1.7178640365600586,2.373445987701416,1681,0.6024587068971201,0.15028764402800823,0.9141619205474854,1.7178637981414795,2.373445510864258,1681,-9.161135738899873e-09,-9.161135738899873e-07,9.161135738899873e-07
583149661,0.630870803816638,0.1728741840903447,0.8523626327514648,1.364197015762329,2.591233253479004,1682,0.6308707807477518,0.17287417262449917,0.8523622155189514,1.3641972541809082,2.591233253479004,1682,-2.306888613468061e-08,-2.306888613468061e-06,2.306888613468061e-06
583182995,0.6585181600089088,0.1881678781416125,0.8294206857681274,1.0011166334152222,2.445889949798584,1683,0.6585181289927368,0.1881678896060761,0.8294204473495483,1.0011160373687744,2.4458889961242676,1683,-3.1016172075126747e-08,-3.1016172075126747e-06,3.1016172075126747e-06
583216329,0.683824869616351,0.2021888683270809,0.7592012882232666,0.6923935413360596,2.235103845596313,1684,0.683824838600179,0.20218885191051372,0.7592012882232666,0.6923937201499939,2.2351036071777344,1684,-3.1016172075126747e-08,-3.1016172075126747e-06,3.1016172075126747e-06
583249663,0.7346452798679685,0.1348220240731459,1.0164082050323486,1.4497514963150024,1.6407179832458496,1685,0.7346452488517964,0.13482204702457354,1.0164082050323486,1.4497514963150024,1.6407184600830078,1685,-3.1016172075126747e-08,-3.1016172075126747e-06,3.1016172075126747e-06
583282997,0.7887342538669919,0.1281130998684252,1.0817794799804688,1.7166712284088137,1.7851767539978027,1686,0.7887342109298908,0.12811302552974407,1.0817792415618896,1.7166712284088135,1.785175085067749,1686,-4.293710109681825e-08,-4.293710109681825e-06,4.293710109681825e-06
583316331,0.843504008276782,0.1295497781617535,1.0953950881958008,1.7900593280792236,1.8954459428787231,1687,0.8435039832210743,0.1295498043216632,1.0953954458236694,1.7900588512420654,1.8954460620880127,1687,-2.5055707619792145e-08,-2.5055707619792145e-06,2.5055707619792145e-06
583349665,0.9027850117519712,0.1490803880509812,1.1856200695037842,1.5212228298187256,2.068542718887329,1688,0.902784980735799,0.1490803344768854,1.1856199502944946,1.5212239027023315,2.068542718887329,1688,-3.101617218614905e-08,-3.101617218614905e-06,3.101617218614905e-06
583382999,0.9608760204151486,0.16154704080446,1.1618201732635498,1.390162467956543,2.238344192504883,1689,0.960875995359441,0.16154701633714164,1.1618202924728394,1.3901629447937012,2.238344192504883,1689,-2.5055707619792145e-08,-2.5055707619792145e-06,2.5055707619792145e-06
583416333,0.0155972208813046,0.1726747672559677,1.09442400932312,1.0926110744476318,2.0690741539001465,1690,0.01559721370699041,0.17267477482869345,1.0944243669509888,1.0926110744476318,2.0690743923187256,1690,-7.1743141982771874e-09,-7.174314198277187e-07,7.174314198277187e-07
583449667,0.0575892712906216,0.1635278064549395,0.8398410081863403,0.9803497791290284,1.623222827911377,1691,0.057589270076771906,0.16352779449865446,0.8398411273956299,0.9803500175476074,1.6232229471206665,1691,-1.2138496874314342e-09,-1.2138496874314342e-07,1.2138496874314342e-07
583483001,0.0997292306259488,0.1576376902867344,0.842799186706543,1.011641025543213,1.5429836511611938,1692,0.0997292174911701,0.15763769296358537,0.8427989482879639,1.0116411447525024,1.542983889579773,1692,-1.313477870912294e-08,-1.313477870912294e-06,1.313477870912294e-06
583516335,0.1426142480209683,0.16120091704845,0.8577003479003906,1.0292260646820068,1.649176001548767,1693,0.14261423488618963,0.1612009346653683,0.8577003479003906,1.0292255878448486,1.6491756439208984,1693,-1.313477870912294e-08,-1.313477870912294e-06,1.313477870912294e-06
583549669,0.1543212802229362,0.1543212802229362,0.897144079208374,1.116998553276062,1.6286301612854004,1694,0.15432128814566037,0.15432128814566035,0.8971438407897949,1.1169984340667725,1.6286301612854004,1694,7.922724143405446e-09,7.922724143405446e-07,7.922724143405446e-07
583583003,0.1866636903105216,0.1380580491737671,0.9702723026275636,1.331831693649292,1.570491909980774,1695,0.18666369425960283,0.1380580540651316,0.9702721834182739,1.3318318128585815,1.570492148399353,1695,3.949081284204681e-09,3.949081284204681e-07,3.949081284204681e-07
583616337,0.2210544179894564,0.1176328636726874,1.031721830368042,1.6465041637420654,1.5007179975509644,1696,0.22105441796489458,0.11763286940953943,1.0317217111587524,1.6465040445327759,1.5007179975509644,1696,-2.4561797040689726e-11,-2.4561797040689726e-09,2.4561797040689726e-09
583649671,0.2562110454855399,0.0987489401041306,1.054698824882507,1.8825581073760984,1.345276951789856,1697,0.25621104943462114,0.09874891722656526,1.0546989440917969,1.8825583457946777,1.3452767133712769,1697,3.949081284204681e-09,3.949081284204681e-07,3.949081284204681e-07
583683005,0.2890467316923576,0.9947441387787582,0.9850705862045288,0.4670988023281097,-0.0154308704659342,1698,0.28904673166779576,0.9947442322167153,0.9850704669952393,0.4670986831188202,-0.015430592000484467,1698,-2.4561852551840957e-11,-2.4561852551840957e-09,2.4561852551840957e-09
583716339,0.3216146062829134,0.9196167477229084,0.9770362377166748,0.4653157293796539,-0.2572705745697021,1699,0.3216146062583516,0.9196167641627067,0.9770362377166748,0.4653157889842987,-0.25727054476737976,1699,-2.4561797040689726e-11,-2.4561797040689726e-09,2.4561797040689726e-09
583749673,0.3680962513901827,0.7936161696692777,0.9296329021453856,0.3117107152938843,-1.1088109016418457,1700,0.36809625732608536,0.7936161894913693,0.9296330213546753,0.3117108643054962,-1.1088109016418457,1700,5.935902658293912e-09,5.935902658293912e-07,5.935902658293912e-07
583783007,0.4330765556313631,0.8282167290886085,1.2996060848236084,1.0956370830535889,-2.0469541549682617,1701,0.43307654964633685,0.8282167244237546,1.2996058464050293,1.0956363677978516,-2.046952962875366,1701,-5.985026252375292e-09,-5.985026252375292e-07,5.985026252375292e-07
583816341,0.4962809335209963,0.8254036916060792,1.2640875577926636,0.9801127910614014,-1.911577582359314,1702,0.49628092753597003,0.8254036837469578,1.2640875577926636,0.9801126718521118,-1.911577582359314,1702,-5.985026252375292e-09,-5.985026252375292e-07,5.985026252375292e-07
583849675,0.5580949198224184,0.8106116875311032,1.2362797260284424,0.60585618019104,-1.5132005214691162,1703,0.5580948959559987,0.8106116951075876,1.2362793684005737,0.6058561205863953,-1.5132001638412476,1703,-2.38664197294014e-08,-2.38664197294014e-06,2.38664197294014e-06
583883009,0.6178876887776491,0.8971379991286533,1.1958553791046145,1.0861297845840454,-0.8193590044975281,1704,0.6178876708716939,0.8971379961990669,1.1958554983139038,1.0861294269561768,-0.819358766078949,1704,-1.7905955163044496e-08,-1.7905955163044496e-06,1.7905955163044496e-06
583916343,0.6747986625649568,0.9882647886579092,1.1382194757461548,1.5723742246627808,-0.1161488071084022,1705,0.6747986446590016,0.9882648038632715,1.1382194757461548,1.5723737478256226,-0.11614862084388733,1705,-1.7905955163044496e-08,-1.7905955163044496e-06,1.7905955163044496e-06
583949677,0.7243193875767824,0.0647266337591208,0.9904145002365112,1.1789616346359253,0.5077798366546631,1706,0.7243193756312917,0.06472667260157768,0.9904146194458008,1.1789613962173462,0.5077800750732422,1706,-1.1945490707709894e-08,-1.1945490707709894e-06,1.1945490707709894e-06
583983011,0.7654541920640108,0.1677818534475366,0.8226960897445679,1.0013086795806885,1.76272714138031,1707,0.7654541741580556,0.16778184863233545,0.8226959705352783,1.0013091564178467,1.7627278566360474,1707,-1.7905955163044496e-08,-1.7905955163044496e-06,1.7905955163044496e-06
584016345,0.8073615561940309,0.1751938890771867,0.8381472826004028,1.045576572418213,2.0582544803619385,1708,0.8073615472287725,0.17519387430589978,0.8381474614143372,1.0455766916275024,2.0582542419433594,1708,-8.965258424531442e-09,-8.965258424531442e-07,8.965258424531442e-07
584049679,0.8509857069470522,0.1790845353997019,0.8724830150604248,1.065928339958191,2.2318005561828613,1709,0.8509857099027227,0.17908450740135332,0.8724832534790039,1.0659289360046387,2.2318007946014404,1709,2.9556704861377625e-09,2.9556704861377625e-07,2.9556704861377625e-07
584083013,0.8941133748509523,0.1819036117662736,0.8625533580780029,1.0853331089019775,2.37992787361145,1710,0.8941133778066228,0.18190359080723895,0.8625533580780029,1.0853337049484253,2.3799283504486084,1710,2.9556704861377625e-09,2.9556704861377625e-07,2.9556704861377625e-07
584116347,0.936465204856598,0.2090300454938106,0.847036600112915,0.627012312412262,2.381697416305542,1711,0.936465201851804,0.20903003843928952,0.8470364809036255,0.6270125508308411,2.3816978931427,1711,-3.0047939691968395e-09,-3.0047939691968395e-07,3.0047939691968395e-07
584149681,0.9781701933362124,0.2156636008144646,0.8340997695922852,0.545034646987915,2.487008810043335,1712,0.9781701873511861,0.2156635498604892,0.8340997099876404,0.5450354814529419,2.487008810043335,1712,-5.985026252375292e-09,-5.985026252375292e-07,5.985026252375292e-07
584183015,0.0180812727429506,0.2137519256277686,0.7982215881347656,0.4935299456119537,2.1293511390686035,1713,0.018081269738156713,0.21375187066466766,0.7982216477394104,0.4935307204723358,2.1293511390686035,1713,-3.004793858174537e-09,-3.004793858174537e-07,3.004793858174537e-07
584216349,0.0684624980904696,0.1502611950565926,1.0076245069503784,1.4880614280700684,2.055225372314453,1714,0.06846249508567563,0.1502611768871683,1.0076245069503784,1.488061785697937,2.055225372314453,1714,-3.0047939691968395e-09,-3.0047939691968395e-07,3.0047939691968395e-07
584249683,0.1206187080361483,0.1250773905790259,1.0431241989135742,1.9990081787109373,2.000953197479248,1715,0.12061869907088987,0.1250774095611804,1.0431240797042847,1.9990077018737793,2.000953197479248,1715,-8.965258424531442e-09,-8.965258424531442e-07,8.965258424531442e-07
584283017,0.1601652692772982,0.1279947465090091,1.186396837234497,1.666888952255249,1.730829834938049,1716,0.16016524839111082,0.12799473534502986,1.1863964796066284,1.6668890714645386,1.7308297157287598,1716,-2.0886187390711797e-08,-2.0886187390711797e-06,2.0886187390711797e-06
584316351,0.201832162441615,0.1430018933211158,1.2500067949295044,1.299472689628601,1.632530927658081,1717,0.20183214155542764,0.14300185513297597,1.2500067949295044,1.2994725704193115,1.6325299739837646,1717,-2.0886187335200646e-08,-2.0886187335200646e-06,2.0886187335200646e-06
584349685,0.2416935434955396,0.1471781725213173,1.1958414316177368,1.2352843284606934,1.638334035873413,1718,0.2416935226093522,0.14717814298857793,1.1958414316177368,1.2352848052978516,1.638334035873413,1718,-2.0886187390711797e-08,-2.0886187390711797e-06,2.0886187390711797e-06
584383019,0.2769814204194186,0.1583799290072164,1.0586363077163696,1.1110254526138306,1.7119262218475342,1719,0.2769813915859452,0.15837993995612745,1.0586360692977905,1.1110249757766724,1.711925745010376,1719,-2.8833473386669084e-08,-2.8833473386669084e-06,2.8833473386669084e-06
584416353,0.3069392433780469,0.15133377921313,0.8987346887588501,1.063775658607483,1.4902666807174685,1720,0.3069392145445735,0.15133374667084767,0.8987346887588501,1.0637763738632202,1.490267038345337,1720,-2.8833473386669084e-08,-2.8833473386669084e-06,2.8833473386669084e-06
584449687,0.3372725597041882,0.1547093364485695,0.9099994897842408,1.1058506965637207,1.6208345890045166,1721,0.3372725268970719,0.15470929397360872,0.9099993705749512,1.105851411819458,1.6208347082138062,1721,-3.2807116301381e-08,-3.2807116301381e-06,3.2807116301381e-06
584483021,0.3691879899321036,0.1467400369283076,0.9574629068374634,1.2277514934539795,1.619052171707153,1722,0.3691879610986303,0.14674004461583745,0.9574630260467529,1.2277517318725586,1.6190526485443115,1722,-2.8833473331157933e-08,-2.8833473331157933e-06,2.8833473331157933e-06
584516355,0.4028674315430757,0.1341733547682387,1.0103832483291626,1.3957715034484863,1.5667121410369873,1723,0.40286741463053133,0.1341733720759152,1.0103836059570312,1.3957716226577759,1.5667126178741455,1723,-1.6912544364977578e-08,-1.6912544364977578e-06,1.6912544364977578e-06
584549689,0.4389162014939424,0.1128323000945615,1.081463098526001,1.6590784788131714,1.4229884147644043,1724,0.43891618060775506,0.11283231986076964,1.0814629793167114,1.6590784788131714,1.422988772392273,1724,-2.0886187335200646e-08,-2.0886187335200646e-06,2.0886187335200646e-06
584583023,0.4750625323273775,0.0978003676271961,1.0843899250030518,1.7535879611968994,1.2373930215835571,1725,0.4750625114411901,0.09780036762719616,1.0843899250030518,1.7535879611968994,1.2373930215835571,1725,-2.0886187390711797e-08,-2.0886187390711797e-06,2.0886187390711797e-06
584616357,0.5119867713270622,0.1122237235760448,1.1077271699905396,1.3907852172851562,1.183673620223999,1726,0.5119867504408747,0.11222371128786157,1.1077271699905396,1.390785574913025,1.1836737394332886,1726,-2.0886187446222948e-08,-2.088618744622295e-06,2.088618744622295e-06
584649691,0.5637216479597525,0.9916114740395746,1.0346975326538086,0.5752180218696594,-0.0303459279239177,1727,0.5637216330340297,0.9916114467676868,1.0346976518630981,0.5752178430557251,-0.030346017330884933,1727,-1.4925722879866044e-08,-1.4925722879866044e-06,1.4925722879866044e-06
584683025,0.6141992659388023,0.8848967713527816,1.0095523595809937,0.5230687260627747,-0.4617504179477691,1728,0.6141992629340083,0.8848968085395134,1.0095525979995728,0.523068904876709,-0.4617503583431244,1728,-3.0047939691968395e-09,-3.0047939691968395e-07,3.0047939691968395e-07
584716359,0.6786354095755057,0.8339301868969174,1.2887228727340698,1.2475138902664185,-2.142164707183838,1729,0.6786353946497828,0.8339302012139215,1.2887226343154907,1.247514009475708,-2.142164468765259,1729,-1.4925722879866044e-08,-1.4925722879866044e-06,1.4925722879866044e-06
584749693,0.7463101596651511,0.8360312589629224,1.3534950017929075,0.9446346759796144,-1.5739243030548096,1730,0.7463101328184992,0.8360312625062065,1.3534947633743286,0.9446347951889038,-1.5739244222640991,1730,-2.684665190155755e-08,-2.684665190155755e-06,2.684665190155755e-06
584783027,0.8099712700663046,0.8316604349072189,1.2732222080230713,0.8260641098022461,-1.466161847114563,1731,0.8099712432196527,0.8316604220424276,1.2732222080230713,0.8260637521743774,-1.4661614894866943,1731,-2.684665190155755e-08,-2.684665190155755e-06,2.684665190155755e-06
584816361,0.8473413040612907,0.8473413040612907,1.2334842681884766,0.7942723631858826,-1.1325340270996094,1732,0.8473412546969302,0.8473412546969302,1.2334842681884766,0.7942715883255005,-1.1325336694717407,1732,-4.936436048819104e-08,-4.936436048819104e-06,4.936436048819104e-06
584849695,0.9055014362310142,0.9859811455086528,1.1632026433944702,1.5743541717529297,-0.1390336900949478,1733,0.9055013987875827,0.9859812081089093,1.1632028818130493,1.574353814125061,-0.13903303444385529,1733,-3.744343146649953e-08,-3.7443431466499533e-06,3.7443431466499533e-06
584883029,0.9584701111291618,0.0256340865013819,1.0593734979629517,1.7690980434417725,0.2874272465705871,1734,0.9584700796461948,0.025634121242769075,1.0593736171722412,1.7690978050231934,0.2874276041984558,1734,-3.148296701116493e-08,-3.148296701116493e-06,3.148296701116493e-06
584916363,0.9999552657579156,0.1597116544304126,0.8297030925750732,1.0057363510131836,1.578458547592163,1735,0.9999552312947162,0.1597116995209875,0.8297030329704285,1.0057358741760254,1.5784587860107422,1735,-3.4463199405365685e-08,-3.4463199405365685e-06,3.4463199405365685e-06
584949697,0.0422307422136039,0.1555625556188539,0.8455095291137695,1.4243478775024414,2.1118829250335693,1736,0.04223071967133363,0.1555625636600323,0.8455097675323486,1.4243474006652832,2.111882448196411,1736,-2.2542270272651876e-08,-2.2542270272651876e-06,2.2542270272651876e-06
584983031,0.086072783706066,0.164159263871363,0.8768408298492432,1.374539136886597,2.29644513130188,1737,0.08607276414402802,0.16415929188665523,0.8768408894538879,1.3745383024215698,2.2964446544647217,1737,-1.9562037989473424e-08,-1.9562037989473424e-06,1.9562037989473424e-06
585016365,0.1297758569692343,0.16177799359157,0.8740614652633667,1.4786005020141602,2.388467311859131,1738,0.12977583740719634,0.1617780064443839,0.8740614652633667,1.4786003828048706,2.38846755027771,1738,-1.9562037989473424e-08,-1.9562037989473424e-06,1.9562037989473424e-06
585049699,0.1719678511594504,0.1873169589762997,0.8438398838043213,1.0462074279785156,2.5175747871398926,1739,0.17196783755787687,0.18731694503834934,0.8438400030136108,1.0462077856063843,2.5175750255584717,1739,-1.3601573534138822e-08,-1.3601573534138822e-06,1.3601573534138822e-06
585083033,0.1980129375331794,0.1980129375331794,0.8179086446762085,0.8651049137115479,2.5535905361175537,1740,0.1980129418312398,0.19801294183123985,0.8179086446762085,0.8651046752929688,2.5535900592803955,1740,4.298060352070365e-09,4.2980603520703653e-07,4.2980603520703653e-07
585116367,0.2066377226958761,0.206637722695876,0.7682508230209351,0.6726038455963135,2.407305955886841,1741,0.2066377250615457,0.20663772506154568,0.7682508826255798,0.6726036071777344,2.4073052406311035,1741,2.3656696601648264e-09,2.3656696601648264e-07,2.3656696601648264e-07
585149701,0.2399763767371663,0.1480162167160705,1.0001596212387085,1.6605509519577026,2.226651191711426,1742,0.23997637115555,0.14801622757423705,1.0001593828201294,1.6605510711669922,2.226651668548584,1742,-5.58161628028131e-09,-5.58161628028131e-07,5.58161628028131e-07
585183035,0.2773556971997111,0.1192438963082639,1.1213796138763428,1.8764979839324951,1.7454471588134766,1743,0.27735569956538075,0.11924394395896022,1.1213798522949219,1.8764976263046265,1.7454478740692139,1743,2.3656696601648264e-09,2.3656696601648264e-07,2.3656696601648264e-07
585216369,0.3153216267079203,0.1214649082458693,1.1389778852462769,1.9375455379486084,1.853330135345459,1744,0.31532163702087596,0.1214649220305831,1.138978123664856,1.9375447034835815,1.8533296585083008,1744,1.0312955600610962e-08,1.0312955600610962e-06,1.0312955600610962e-06
585249703,0.3563695971618185,0.1267671849894976,1.2314391136169434,1.6081647872924805,1.644279956817627,1745,0.35636960350113106,0.12676720754294205,1.2314389944076538,1.6081652641296387,1.6442809104919434,1745,6.339312630387894e-09,6.339312630387894e-07,6.339312630387894e-07
585283037,0.3968330963899781,0.1409761751800285,1.2139049768447876,1.4724607467651367,1.802293300628662,1746,0.39683310670293365,0.1409761946558088,1.2139050960540771,1.4724608659744263,1.8022938966751099,1746,1.0312955600610962e-08,1.0312955600610962e-06,1.0312955600610962e-06
585316371,0.4330438042134136,0.1416125772492885,1.086321234703064,1.493980884552002,1.8436312675476076,1747,0.4330438185000121,0.14161255475801568,1.0863213539123535,1.493981122970581,1.8436310291290283,1747,1.428659857083403e-08,1.428659857083403e-06,1.428659857083403e-06
585349705,0.4625840370307455,0.1501282512818436,0.8862069845199585,1.264285683631897,1.743092060089111,1748,0.46258404734370107,0.15012827981128996,0.886206865310669,1.2642852067947388,1.7430920600891113,1748,1.0312955600610962e-08,1.0312955600610962e-06,1.0312955600610962e-06
585383039,0.4930194521397441,0.1468058207144905,0.9130624532699584,1.2674914598464966,1.672893524169922,1749,0.49301946443952116,0.1468058189684285,0.9130625128746033,1.2674915790557861,1.6728936433792114,1749,1.2299777085722496e-08,1.2299777085722496e-06,1.2299777085722496e-06
585416373,0.5240421716819296,0.1454027745199156,0.930681586265564,1.3806238174438477,1.789220929145813,1750,0.5240421800080637,0.14540276274479158,0.9306814670562744,1.3806239366531372,1.7892208099365234,1750,8.326134115499428e-09,8.326134115499428e-07,8.326134115499428e-07
585449707,0.5572668179323365,0.1372401515607213,0.996739387512207,1.4715688228607178,1.717300295829773,1751,0.5572668302321135,0.13724016703600658,0.9967395067214966,1.47156822681427,1.7172999382019043,1751,1.2299777085722496e-08,1.2299777085722496e-06,1.2299777085722496e-06
585483041,0.5930912280529826,0.1214623411954076,1.0747323036193848,1.686858892440796,1.6134874820709229,1752,0.5930912324054737,0.12146232970365911,1.0747320652008057,1.6868590116500854,1.6134873628616333,1752,4.352491034254058e-09,4.352491034254058e-07,4.352491034254058e-07
585516375,0.6298797750920146,0.101144534293881,1.1036564111709597,1.880947828292847,1.387364149093628,1753,0.6298797834181487,0.10114454735938304,1.103656530380249,1.8809478282928467,1.387364387512207,1753,8.326134004477126e-09,8.326134004477126e-07,8.326134004477126e-07
585549709,0.6847128951996654,0.0953882567718521,1.0966624021530151,1.9411544799804688,1.3261412382125854,1754,0.6847129035257994,0.09538824344425058,1.0966624021530151,1.9411544799804688,1.3261409997940063,1754,8.326134004477126e-09,8.326134004477126e-07,8.326134004477126e-07
585583043,0.7386493349522442,0.0371067643309409,1.0787287950515747,0.6335117220878601,0.1504382044076919,1755,0.7386493432783782,0.03710681447614944,1.0787287950515747,0.6335119009017944,0.15043845772743225,1755,8.326134004477126e-09,8.326134004477126e-07,8.326134004477126e-07
585616377,0.7923905694931835,0.9914771720415618,1.0748246908187866,0.680564284324646,-0.0364794395864009,1756,0.7923905599379241,0.9914772086531737,1.074824333190918,0.6805646419525146,-0.03647930175065994,1756,-9.555259472548983e-09,-9.555259472548983e-07,9.555259472548983e-07
585649711,0.8155807896902254,0.5810808596600683,0.6957066059112549,-1.1577677726745603,-0.6467657685279846,1757,0.8155807801349659,0.5810808963968651,0.6957066059112549,-1.15776789188385,-0.646766185760498,1757,-9.555259472548983e-09,-9.555259472548983e-07,9.555259472548983e-07
585683045,0.8684706573138724,0.7614529348794339,1.5866960287094116,0.2018757462501526,-2.800508737564087,1758,0.868470639811327,0.7614529361095176,1.5866957902908325,0.2018757164478302,-2.8005080223083496,1758,-1.750254541299512e-08,-1.7502545412995119e-06,1.7502545412995119e-06
585716379,0.9187038187633048,0.7524085143514309,1.5069948434829712,0.0411362387239933,-2.718080520629883,1759,0.9187038052344023,0.7524085167571741,1.5069949626922607,0.04113628342747688,-2.718080759048462,1759,-1.352890244277205e-08,-1.352890244277205e-06,1.352890244277205e-06
585749713,0.9481208964636018,0.492730848367478,0.8825123310089111,-1.8010718822479248,0.0823183730244636,1760,0.9481208749874134,0.49273083803184436,0.882512092590332,-1.8010717630386353,0.08231848478317261,1760,-2.1476188383218187e-08,-2.1476188383218187e-06,2.1476188383218187e-06
585783047,0.9846164668053478,0.4689328280587257,1.0948671102523804,-1.9633457660675049,0.3881896734237671,1761,0.9846164453291594,0.4689328316301642,1.0948671102523804,-1.9633466005325317,0.38818979263305664,1761,-2.1476188383218187e-08,-2.1476188383218187e-06,2.1476188383218187e-06
585816381,0.0248400136282136,0.8260337667206843,1.206706404685974,0.7832326292991638,-1.512807846069336,1762,0.02483999612566823,0.8260337616001245,1.2067065238952637,0.7832326292991638,-1.5128079652786255,1762,-1.7502545357483967e-08,-1.7502545357483967e-06,1.7502545357483967e-06
585849715,0.0565185511559337,0.7418494266986055,0.950356125831604,-0.0203526280820369,-0.3970750272274017,1763,0.056518541600674335,0.7418492650557318,0.9503563642501831,-0.0203530415892601,-0.39707520604133606,1763,-9.55525936152668e-09,-9.55525936152668e-07,9.55525936152668e-07
585883049,0.1049169922322124,0.5179950422723707,0.9679688215255736,-0.5919246077537537,-0.0672133192420005,1764,0.10491698267695303,0.5179950559506714,0.9679688215255737,-0.5919252038002014,-0.06721343845129013,1764,-9.55525936152668e-09,-9.55525936152668e-07,9.55525936152668e-07
585916383,0.1548557603806347,0.5043341393713741,0.9987753629684448,-0.7871936559677124,-0.0214423164725303,1765,0.15485574486491077,0.5043342889115856,0.9987752437591553,-0.7871938347816467,-0.021443061530590057,1765,-1.5515723927883585e-08,-1.5515723927883585e-06,1.5515723927883585e-06
585949717,0.2077252114266247,0.5129887300361886,1.0573890209197998,-0.8786493539810181,-0.0718667209148407,1766,0.20772519591090077,0.5129887943849414,1.0573890209197998,-0.8786493539810181,-0.07186707854270935,1766,-1.5515723927883585e-08,-1.5515723927883585e-06,1.5515723927883585e-06
585983051,0.2567285621613354,0.5477141499419469,0.980067014694214,-1.0588539838790894,-0.3273062407970428,1767,0.25672854664561146,0.5477141451078078,0.9800670146942139,-1.058854579925537,-0.3273063898086548,1767,-1.5515723927883585e-08,-1.5515723927883585e-06,1.5515723927883585e-06
586016385,0.3044226670712322,0.5071523666463316,0.953882098197937,-0.9357773065567015,-0.0420818328857421,1768,0.3044226396345794,0.5071522732417395,0.9538818597793579,-0.9357773661613464,-0.042081285268068314,1768,-2.743665283855279e-08,-2.743665283855279e-06,2.743665283855279e-06
586049719,0.3488765293806881,0.5150699091581747,0.8890772461891174,-1.0512959957122805,-0.0998426601290702,1769,0.34887652280566095,0.5150699555710223,0.8890776634216309,-1.0512958765029907,-0.09984295815229416,1769,-6.575027133859379e-09,-6.575027133859379e-07,6.575027133859379e-07
586083053,0.4200326735228389,0.6626211732586182,1.4231228828430176,-0.9573588967323304,-1.5649409294128418,1770,0.4200326788687408,0.6626211820806531,1.4231231212615967,-0.9573587775230408,-1.5649409294128418,1770,5.345901943343279e-09,5.345901943343279e-07,5.345901943343279e-07
586116387,0.4665611718545447,0.2882637763883796,1.395854949951172,-0.3973971307277679,1.6209691762924194,1771,0.46656116925316055,0.2882637767089959,1.3958547115325928,-0.39739730954170227,1.6209698915481567,1771,-2.601384163636311e-09,-2.601384163636311e-07,2.601384163636311e-07
586149721,0.5130358114292314,0.269211695129824,1.3942391872406006,-0.1993803083896637,1.643690824508667,1772,0.5130358128014902,0.26921173373219565,1.3942393064498901,-0.1993807852268219,1.6436914205551147,1772,1.3722588620979081e-09,1.3722588620979081e-07,1.3722588620979081e-07
586183055,0.5806826129009416,0.6629404703113027,1.352936029434204,-1.0978187322616575,-1.802656888961792,1773,0.5806826202336649,0.6629404936891607,1.3529361486434937,-1.0978187322616577,-1.8026574850082397,1773,7.33272331743251e-09,7.33272331743251e-07,7.33272331743251e-07
586216389,0.6491392984440019,0.660214627544158,1.369133710861206,-1.167736530303955,-1.8455548286437988,1774,0.6491392998162607,0.6602146128617328,1.3691335916519165,-1.1677367687225342,-1.8455548286437988,1774,1.3722588620979081e-09,1.3722588620979081e-07,1.3722588620979081e-07
586249723,0.6960342739472876,0.2852736589496739,1.4068492650985718,-0.2825781404972076,1.2540494203567505,1775,0.6960342832668325,0.285273664728078,1.4068495035171509,-0.28257808089256287,1.2540489435195923,1775,9.319544913566347e-09,9.319544913566347e-07,9.319544913566347e-07
586283057,0.7315229668667008,0.409722869574642,1.0646607875823977,-0.4640600085258484,0.2956361770629883,1776,0.7315229722126028,0.40972289203142476,1.064660668373108,-0.4640599191188812,0.29563602805137634,1776,5.345901943343279e-09,5.345901943343279e-07,5.345901943343279e-07
586316391,0.7645930066158463,0.5904085786499914,0.9921011924743652,-0.5563639998435974,-0.3550861179828644,1777,0.7645930199090343,0.5904086964563837,0.9921014308929443,-0.556364119052887,-0.3550867736339569,1777,1.3293187994811717e-08,1.3293187994811717e-06,1.3293187994811717e-06
586349725,0.7989307934492915,0.62396191194129,1.030133605003357,-0.5808495283126831,-0.5733213424682617,1778,0.7989308067424795,0.6239618952891308,1.030133605003357,-0.5808494687080383,-0.5733211636543274,1778,1.3293187994811717e-08,1.3293187994811717e-06,1.3293187994811717e-06
586383059,0.8350720499406347,0.6534269894695762,1.0842376947402954,-0.5527494549751282,-0.7963017225265503,1779,0.8350720552865367,0.6534269399078871,1.0842374563217163,-0.5527495741844177,-0.7963013648986816,1779,5.345902054365581e-09,5.345902054365581e-07,5.345902054365581e-07
586416393,0.8713677579611628,0.6759349277911951,1.0888712406158447,-0.3886533081531524,-0.773981511592865,1780,0.8713677633070649,0.6759349571354185,1.0888712406158447,-0.38865309953689575,-0.7739814519882202,1780,5.345902054365581e-09,5.345902054365581e-07,5.345902054365581e-07
586449727,0.9086468949367692,0.7272874531628268,1.1183741092681885,-0.0907294452190399,-0.6314519047737122,1781,0.9086468923353852,0.7272874308089614,1.1183738708496094,-0.09072952717542648,-0.6314518451690674,1781,-2.6013839971028574e-09,-2.6013839971028574e-07,2.6013839971028574e-07
586483061,0.946201623921602,0.7564986178262937,1.126641869544983,0.0237295068800449,-0.580826461315155,1782,0.9462016173465749,0.7564986464003268,1.1266417503356934,0.02372961863875389,-0.5808266401290894,1782,-6.575027078348228e-09,-6.575027078348228e-07,6.575027078348228e-07
586516395,0.9996538951446702,0.2087337844004868,1.0690454244613647,0.2304320633411407,0.8687214851379395,1783,0.9996538885696432,0.20873378023318778,1.0690454244613647,0.2304321825504303,0.8687218427658081,1783,-6.575026967325925e-09,-6.575026967325925e-07,6.575026967325925e-07
586549729,0.0446634883135645,0.7008570824126155,1.3502877950668335,-0.612555742263794,-1.9203801155090328,1784,0.044663481738537625,0.7008570933894411,1.3502877950668335,-0.6125554442405701,-1.920379638671875,1784,-6.575026856303623e-09,-6.575026856303623e-07,6.575026856303623e-07
586583063,0.0967369511177231,0.7493780993780884,1.562203884124756,-0.0086543522775173,-2.214784622192383,1785,0.09673694851633914,0.7493781029920298,1.5622040033340454,-0.008654303848743439,-2.214785099029541,1785,-2.601383941591706e-09,-2.601383941591706e-07,2.601383941591706e-07
586616397,0.1423218284497747,0.939945833187521,1.367546319961548,1.7024427652359009,-0.6747151017189026,1786,0.14232182187474776,0.9399458604393928,1.3675462007522583,1.7024418115615845,-0.6747143864631653,1786,-6.575026967325925e-09,-6.575026967325925e-07,6.575026967325925e-07
586649731,0.1863151187151759,0.925877003168978,1.319798707962036,1.224937915802002,-0.6156585216522217,1787,0.18631511214014895,0.9258769721272577,1.3197987079620361,1.2249374389648438,-0.6156585812568665,1787,-6.575026967325925e-09,-6.575026967325925e-07,6.575026967325925e-07
586683065,0.2293973956952581,0.7830569955423231,1.2924683094024658,0.3577905893325805,-1.6977618932724,1788,0.22939738912023114,0.7830570182023608,1.2924683094024658,0.35779091715812683,-1.6977622509002686,1788,-6.575026967325925e-09,-6.575026967325925e-07,6.575026967325925e-07
586716399,0.2700606539299179,0.92880749764778,1.219897747039795,1.1609013080596924,-0.5569408535957336,1789,0.27006064338124797,0.9288074373255308,1.2198976278305054,1.1609015464782715,-0.5569415092468262,1789,-1.0548669937548993e-08,-1.0548669937548993e-06,1.0548669937548993e-06
586749733,0.3069927130589971,0.0610527230180399,1.1079617738723757,1.3025543689727783,0.5257103443145752,1790,0.3069927025103272,0.06105272928078547,1.1079617738723755,1.3025543689727783,0.52571040391922,1790,-1.0548669937548993e-08,-1.0548669937548993e-06,1.0548669937548993e-06
586783067,0.3376852188954839,0.1379960525403472,0.9207751750946044,1.052711844444275,1.2403748035430908,1791,0.33768521232045695,0.13799607652426002,0.920775294303894,1.0527117252349854,1.24037504196167,1791,-6.575026967325925e-09,-6.575026967325925e-07,6.575026967325925e-07
586816401,0.3691212489654709,0.1372289007964256,0.9430809020996094,1.5447125434875488,1.8024001121521,1792,0.36912123642997946,0.13722888172231565,0.943080723285675,1.544713020324707,1.8024002313613892,1792,-1.2535491422660527e-08,-1.2535491422660527e-06,1.2535491422660527e-06
586849735,0.4014170124580551,0.144672430818104,0.9688729047775269,1.5387952327728271,1.9753942489624023,1793,0.4014169959489207,0.14467239891712141,0.9688727855682373,1.5387955904006958,1.9753938913345337,1793,-1.6509134392883595e-08,-1.6509134392883595e-06,1.6509134392883595e-06
586883069,0.4352624927411565,0.1566558097399754,1.015364408493042,1.453188180923462,2.18690037727356,1794,0.43526247623202213,0.15665580776001242,1.015364408493042,1.4531880617141724,2.1869001388549805,1794,-1.6509134392883595e-08,-1.6509134392883595e-06,1.6509134392883595e-06
586916403,0.4673538957486639,0.1628465362361472,0.9627420902252196,1.3688671588897705,2.2447445392608643,1795,0.4673538792395295,0.16284650272500892,0.9627420902252197,1.3688675165176392,2.244744062423706,1795,-1.6509134392883595e-08,-1.6509134392883595e-06,1.6509134392883595e-06
586949737,0.4984192922165085,0.1763663797694863,0.9319618940353394,1.1415460109710691,2.288776397705078,1796,0.4984192757073741,0.17636640632214434,0.9319618940353394,1.1415455341339111,2.288776397705078,1796,-1.6509134392883595e-08,-1.6509134392883595e-06,1.6509134392883595e-06
586983071,0.5282180462728032,0.187299164659265,0.8939626216888428,0.9587650299072266,2.306427240371704,1797,0.5282180257900259,0.18729914125191466,0.8939625024795532,0.9587656259536743,2.3064277172088623,1797,-2.0482777363106663e-08,-2.0482777363106663e-06,2.0482777363106663e-06
587016405,0.5627811783999292,0.1292008100863876,1.0368939638137815,1.3112190961837769,1.3823304176330566,1798,0.5627811579171519,0.12920077582120312,1.0368939638137817,1.3112190961837769,1.3823298215866089,1798,-2.0482777363106663e-08,-2.0482777363106663e-06,2.0482777363106663e-06
587049739,0.6013554845700749,0.1076027401609201,1.15722918510437,1.7344554662704468,1.3914000988006592,1799,0.6013554521663687,0.1076027228269745,1.1572288274765015,1.7344557046890259,1.3913999795913696,1799,-3.240370627377587e-08,-3.2403706273775867e-06,3.2403706273775867e-06
587083073,0.6409261737714299,0.1107538169653383,1.1871206760406494,1.8314380645751955,1.5297658443450928,1800,0.6409261493150096,0.11075382313874502,1.1871209144592285,1.831437349319458,1.5297653675079346,1800,-2.445642033332973e-08,-2.445642033332973e-06,2.445642033332973e-06
587116407,0.7039841507325658,0.1224847643954915,1.2611595392227173,1.6607524156570437,1.6090728044509888,1801,0.7039841322366099,0.12248475886961857,1.2611596584320068,1.6607526540756226,1.6090729236602783,1801,-1.849595587799513e-08,-1.849595587799513e-06,1.849595587799513e-06
587149741,0.7693872605214604,0.141815396740128,1.308062195777893,1.311509132385254,1.6226770877838137,1802,0.7693872360650401,0.1418154051686147,1.3080620765686035,1.3115088939666748,1.622676968574524,1802,-2.445642033332973e-08,-2.445642033332973e-06,2.445642033332973e-06
587183075,0.8289025519738683,0.1368579351308681,1.1903058290481567,1.3011000156402588,1.511006236076355,1803,0.8289025215569835,0.13685796297021416,1.1903057098388672,1.3010996580123901,1.5110063552856445,1803,-3.0416884788664333e-08,-3.0416884788664333e-06,3.0416884788664333e-06
587216409,0.878479233826209,0.1464036961123279,0.991533637046814,1.1576097011566162,1.5198732614517212,1804,0.8784792093697887,0.14640371002963343,0.9915337562561035,1.1576095819473267,1.5198733806610107,1804,-2.445642022230743e-08,-2.445642022230743e-06,2.445642022230743e-06
587249743,0.9261707638154516,0.1486888518113645,0.9538305997848512,1.127397894859314,1.5251482725143433,1805,0.9261707572404247,0.14868883187423057,0.9538309574127197,1.1273980140686035,1.5251480340957642,1805,-6.575026856303623e-09,-6.575026856303623e-07,6.575026856303623e-07
587283077,0.9757239673982152,0.1440961331702764,0.9910640716552734,1.2439992427825928,1.5850838422775269,1806,0.9757239608231885,0.1440961537979523,0.9910640716552734,1.2439990043640137,1.5850839614868164,1806,-6.5750267452813205e-09,-6.57502674528132e-07,6.57502674528132e-07
587316411,0.0280947719464788,0.1362928953047578,1.047416090965271,1.301795482635498,1.5010035037994385,1807,0.028094765371452057,0.13629289626216087,1.047416090965271,1.3017953634262085,1.501003384590149,1807,-6.5750267452813205e-09,-6.57502674528132e-07,6.57502674528132e-07
587349745,0.0838860069165715,0.1166680755179416,1.1158246994018557,1.5635833740234375,1.4078818559646606,1808,0.08388600034154484,0.11666807485064182,1.1158246994018555,1.563583254814148,1.407881736755371,1808,-6.575026634259018e-09,-6.575026634259018e-07,6.575026634259018e-07
587383079,0.0979231879454273,0.0979231879454273,1.1355149745941162,1.667593240737915,1.178640842437744,1809,0.09792318480751597,0.09792318480751601,1.1355149745941162,1.6675934791564941,1.1786409616470337,1809,-3.1379113196727815e-09,-3.1379113196727815e-07,3.1379113196727815e-07
587416413,0.13576826307589,0.0895485961671603,1.1353522539138794,1.720767855644226,1.0851986408233645,1810,0.13576827185890755,0.08954859033996736,1.135352611541748,1.720767617225647,1.0851984024047852,1810,8.783017535485271e-09,8.783017535485271e-07,8.783017535485271e-07
587449747,0.1741546596429167,0.0848018290410502,1.1515918970108032,0.8051527738571167,0.474813848733902,1811,0.1741546763732203,0.08480181155721588,1.1515921354293823,0.8051527738571167,0.4748137295246124,1811,1.673030358695371e-08,1.673030358695371e-06,1.673030358695371e-06
587483081,0.2103863681695281,0.926591613871604,1.0869512557983398,0.7321529388427734,-0.3638743162155151,1812,0.21038638092618864,0.9265916501754365,1.0869511365890503,0.732153058052063,-0.3638741672039032,1812,1.275666050570834e-08,1.275666050570834e-06,1.275666050570834e-06
587516415,0.2508802141091643,0.8128003818544323,1.214815378189087,0.8020550012588501,-1.926042318344116,1813,0.25088023481311084,0.8128003846486915,1.214815616607666,0.8020549416542053,-1.926042079925537,1813,2.0703946557176778e-08,2.0703946557176778e-06,2.0703946557176778e-06
587549749,0.2963476663173654,0.8170085323325477,1.3640235662460327,1.0105890035629272,-2.2567615509033203,1814,0.29634767510038296,0.8170085224056497,1.364023208618164,1.0105884075164795,-2.256760597229004,1814,8.783017535485271e-09,8.783017535485271e-07,8.783017535485271e-07
587583083,0.3422590936562835,0.8083027168850344,1.3773428201675415,0.6146440505981445,-1.6021236181259155,1815,0.342259106412944,0.8083027395762067,1.377342939376831,0.6146445870399475,-1.6021243333816528,1815,1.275666050570834e-08,1.275666050570834e-06,1.275666050570834e-06
587616417,0.4074700261494933,0.8068623496712005,1.3042186498641968,0.5697185397148132,-1.526180863380432,1816,0.4074700448666183,0.8068624110644704,1.3042187690734863,0.5697192549705505,-1.5261809825897217,1816,1.871712496104294e-08,1.8717124961042941e-06,1.8717124961042941e-06
587649751,0.4691212858102142,0.8948384806377747,1.2330251932144165,0.9981465339660645,-0.7758655548095703,1817,0.46912129260641017,0.8948384937808063,1.2330249547958374,0.9981470108032227,-0.7758657932281494,1817,6.796196050373737e-09,6.796196050373737e-07,6.796196050373737e-07
587683085,0.5079569265585561,0.0085957685301519,1.1650692224502563,1.3443418741226196,0.0726769790053367,1818,0.5079569254074661,0.008595734467370043,1.1650689840316772,1.3443421125411987,0.07267670333385468,1818,-1.1510900010947012e-09,-1.1510900010947012e-07,1.1510900010947012e-07
587716419,0.5406994348110178,0.1264858657563142,0.9822752475738524,0.7946851253509521,0.809663712978363,1819,0.5406994336599278,0.12648587702910816,0.9822752475738525,0.7946853637695312,0.8096640706062317,1819,-1.1510900010947012e-09,-1.1510900010947012e-07,1.1510900010947012e-07
587749753,0.5708608036579111,0.1512179365505883,0.9048410654067992,1.2539408206939695,1.753972053527832,1820,0.5708608025068211,0.15121794474507963,0.9048410654067993,1.2539409399032593,1.7539724111557007,1820,-1.1510900010947012e-09,-1.1510900010947012e-07,1.1510900010947012e-07
587783087,0.60199353747978,0.1600766610465667,0.9339820146560668,1.3550543785095217,2.1374990940093994,1821,0.6019935383155115,0.16007666104656676,0.9339820742607117,1.3550543785095215,2.1374990940093994,1821,8.357314840168328e-10,8.357314840168328e-08,8.357314840168328e-08
587816421,0.6334770605307241,0.1705848700868798,0.9445056915283204,1.251985788345337,2.2973110675811768,1822,0.6334770573928126,0.170584862000947,0.9445055723190308,1.2519855499267578,2.2973103523254395,1822,-3.137911486206235e-09,-3.137911486206235e-07,3.137911486206235e-07
587849755,0.6635740643085459,0.1779197653710766,0.9029101133346558,1.1686264276504517,2.401474475860596,1823,0.6635740611706344,0.17791978436359868,0.9029101133346558,1.1686261892318726,2.401474714279175,1823,-3.137911486206235e-09,-3.137911486206235e-07,3.137911486206235e-07
587883089,0.6931250498037954,0.1958349697342677,0.8865295648574829,0.8043625354766846,2.271523952484131,1824,0.6931250446790623,0.19583497715606663,0.8865295052528381,0.804362416267395,2.271523952484131,1824,-5.124733082340072e-09,-5.124733082340072e-07,5.124733082340072e-07
587916423,0.7210228527924836,0.2157542390233713,0.8369340896606445,0.5401899814605713,2.471632957458496,1825,0.7210228476677505,0.21575421704462533,0.8369340896606445,0.5401903390884399,2.471632957458496,1825,-5.124733082340072e-09,-5.124733082340072e-07,5.124733082340072e-07
587949757,0.7685697640321076,0.1797222520021814,0.9509382247924804,0.9708017110824584,2.0537478923797607,1826,0.7685697738085357,0.17972226710400405,0.9509385228157043,0.9708014726638794,2.0537478923797607,1826,9.776428111507585e-09,9.776428111507585e-07,9.776428111507585e-07
587983091,0.8199038530728638,0.1437372781447001,1.0266817808151243,1.593415379524231,2.0209054946899414,1827,0.8199038688097564,0.14373729640308422,1.026681900024414,1.593415379524231,2.0209059715270996,1827,1.5736892566842187e-08,1.5736892566842187e-06,1.5736892566842187e-06
588016425,0.878483625783664,0.1145536976700991,1.1715954542160034,1.8218375444412231,1.5971086025238037,1828,0.8784836295996277,0.11455366742307121,1.1715952157974243,1.82183837890625,1.5971087217330933,1828,3.815963656172983e-09,3.8159636561729826e-07,3.8159636561729826e-07
588049759,0.9384762073895752,0.1273130456043067,1.199851632118225,1.5107392072677612,1.5553020238876345,1829,0.9384762052450745,0.1273129842766041,1.1998515129089355,1.5107394456863403,1.5553010702133179,1829,-2.144500688139317e-09,-2.144500688139317e-07,2.144500688139317e-07
588083093,0.0012651051423371,0.1404004892048504,1.2557779550552368,1.3454697132110596,1.6347516775131226,1830,0.0012651149187652422,0.14040052704563688,1.255778193473816,1.345469355583191,1.6347520351409912,1830,9.776428111507585e-09,9.776428111507585e-07,9.776428111507585e-07
588116427,0.0599048758885682,0.1402739477155246,1.1727954149246216,1.2881836891174316,1.562615156173706,1831,0.05990489758592528,0.14027395924574107,1.1727956533432007,1.2881842851638794,1.5626161098480225,1831,2.169735702217679e-08,2.169735702217679e-06,2.169735702217679e-06
588149761,0.110925670995456,0.1567863537333332,1.0204159021377563,1.099854826927185,1.658118486404419,1832,0.11092569865327757,0.15678636151967143,1.020416021347046,1.0998551845550537,1.6581192016601562,1832,2.7657821588533693e-08,2.7657821588533693e-06,2.7657821588533693e-06
588183095,0.1555190602860348,0.1555190602860348,0.8999955654144287,1.0826553106307983,1.604308843612671,1833,0.1555190708544683,0.1555190708544683,0.8999952673912048,1.0826548337936401,1.6043083667755127,1833,1.0568433461699556e-08,1.0568433461699556e-06,1.0568433461699556e-06
588216429,0.1870663722278174,0.1525039062413579,0.946419358253479,1.1440982818603516,1.62797212600708,1834,0.18706638279625093,0.152503892957595,0.946419358253479,1.1440984010696411,1.6279720067977905,1834,1.0568433461699556e-08,1.0568433461699556e-06,1.0568433461699556e-06
588249763,0.2201553742012874,0.1489766768798285,0.9926700592041016,1.2096726894378662,1.642656326293945,1835,0.220155384769721,0.14897667136496348,0.9926700592041016,1.2096726894378662,1.6426562070846558,1835,1.0568433572721858e-08,1.0568433572721858e-06,1.0568433572721858e-06
588283097,0.2552029053292172,0.1334892737507152,1.0514259338378906,1.3929235935211182,1.550049901008606,1836,0.25520292384493665,0.13348926972477024,1.0514261722564697,1.3929232358932495,1.5500494241714478,1836,1.8515719402145692e-08,1.8515719402145692e-06,1.8515719402145692e-06
588316431,0.2924820661466814,0.1093565266058938,1.1183748245239258,1.6672711372375488,1.3679702281951904,1837,0.29248208466240083,0.10935656061125501,1.1183748245239258,1.6672711372375488,1.3679708242416382,1837,1.8515719402145692e-08,1.8515719402145692e-06,1.8515719402145692e-06
588349765,0.3292512377025183,0.0972440761846444,1.10307514667511,1.7561237812042236,1.2300105094909668,1838,0.32925126019188083,0.09724407184179454,1.1030752658843994,1.7561235427856445,1.2300102710723877,1838,2.2489362594413365e-08,2.2489362594413365e-06,2.2489362594413365e-06
588383099,0.3671054601591325,0.0812143272689793,1.1356266736984253,0.8031500577926636,0.4495491981506347,1839,0.36710549059578096,0.08121432512010972,1.1356269121170044,0.8031502962112427,0.4495493173599243,1839,3.04366485348595e-08,3.04366485348595e-06,3.04366485348595e-06
588416433,0.4018264174383378,0.0051666260264368,1.0416287183761597,0.5422143936157227,0.0176080204546451,1840,0.4018264399277003,0.00516669480003559,1.0416284799575806,0.5422145128250122,0.01760825887322426,1840,2.2489362483391062e-08,2.2489362483391062e-06,2.2489362483391062e-06
588449767,0.4532163560312486,0.8734967564262552,1.027798771858215,0.5738838315010071,-0.5848283767700195,1841,0.45321637852061103,0.873496748471958,1.0277987718582153,0.5738838911056519,-0.5848284959793091,1841,2.248936237236876e-08,2.248936237236876e-06,2.248936237236876e-06
588483101,0.520585530988524,0.8245258654352017,1.3473834991455078,0.974794626235962,-1.9273147583007808,1842,0.5205855534778864,0.8245258811129224,1.3473834991455078,0.974794864654541,-1.9273147583007812,1842,2.248936237236876e-08,2.248936237236876e-06,2.248936237236876e-06
588516435,0.5876807331960893,0.8283379621845611,1.3419040441513062,0.867348313331604,-1.6174848079681396,1843,0.5876807616459161,0.8283379726151021,1.3419041633605957,0.8673481941223145,-1.6174843311309814,1843,2.8449826827703362e-08,2.844982682770336e-06,2.844982682770336e-06
588549769,0.6509611010473466,0.834409049519741,1.2656073570251465,0.8548420667648315,-1.457785725593567,1844,0.6509611473785668,0.8344090406718637,1.2656077146530151,0.8548418879508972,-1.4577856063842773,1844,4.633122019370717e-08,4.633122019370717e-06,4.633122019370717e-06
588583103,0.7113192856233812,0.8825054670969353,1.207163691520691,1.0288097858428955,-0.936080276966095,1845,0.7113193259941368,0.8825054780954009,1.2071635723114014,1.028809666633606,-0.9360800385475159,1845,4.037075562735026e-08,4.037075562735026e-06,4.037075562735026e-06
588616437,0.7680660486143327,0.99024163829239,1.1349352598190308,1.696885585784912,-0.1041727289557457,1846,0.7680661009060173,0.9902416598988114,1.1349354982376099,1.696885347366333,-0.104172483086586,1846,5.229168464904177e-08,5.229168464904177e-06,5.229168464904177e-06
588649771,0.8176048219125962,0.0760897503480517,0.990775465965271,1.326143741607666,0.687181830406189,1847,0.8176048920856743,0.07608979587152584,0.9907758235931396,1.326143503189087,0.6871821880340576,1847,7.017307812606788e-08,7.017307812606788e-06,7.017307812606788e-06
588683105,0.8592225611131883,0.1515837420059037,0.8323547840118408,1.215420842170715,1.708377480506897,1848,0.8592226372467309,0.15158375150709755,0.8323549032211304,1.2154206037521362,1.7083773612976074,1848,7.613354258140248e-08,7.613354258140248e-06,7.613354258140248e-06
588716439,0.902211838952849,0.1496710076311324,0.8597855567932129,1.529085993766785,2.0954835414886475,1849,0.9022119091259271,0.14967102535568286,0.8597854375839233,1.529085636138916,2.0954835414886475,1849,7.017307812606788e-08,7.017307812606788e-06,7.017307812606788e-06
588749773,0.9474038124006486,0.1627371469906434,0.9038394689559937,1.3978068828582764,2.288661241531372,1850,0.9474038766132623,0.16273719261754235,0.9038393497467041,1.3978056907653809,2.288660764694214,1850,6.421261367073328e-08,6.421261367073328e-06,6.421261367073328e-06
588783107,0.9931237161081528,0.1647132755332571,0.9143980741500854,1.3850122690200806,2.3323278427124023,1851,0.9931237743603021,0.16471326951931403,0.9143979549407959,1.3850123882293701,2.3323278427124023,1851,5.8252149326420977e-08,5.825214932642098e-06,5.825214932642098e-06
588816441,0.0353991508405899,0.1935020227127321,0.8455086946487427,0.8994444608688354,2.4264018535614014,1852,0.03539920313227474,0.19350202093482213,0.8455085754394531,0.899444580078125,2.4264020919799805,1852,5.2291684871086375e-08,5.2291684871086375e-06,5.2291684871086375e-06
588849775,0.0757536351602768,0.1994606014340559,0.8070896863937378,0.8102757930755615,2.465311288833618,1853,0.07575368745196162,0.19946058625574553,0.8070896863937378,0.810276210308075,2.4653117656707764,1853,5.229168476006407e-08,5.229168476006407e-06,5.229168476006407e-06
588883109,0.1136807441633438,0.2154301534240533,0.7585421800613403,0.524842381477356,2.3781838417053223,1854,0.11368079049456416,0.21543015722771416,0.7585420608520508,0.5248423218727112,2.3781838417053223,1854,4.633122041575177e-08,4.633122041575177e-06,4.633122041575177e-06
588916443,0.1383775087835541,0.1383775087835541,1.082732319831848,1.4511029720306396,1.7181155681610107,1855,0.13837746580146848,0.13837746580146854,1.0827325582504272,1.4511022567749023,1.7181137800216675,1855,-4.2982085612930376e-08,-4.298208561293038e-06,4.298208561293038e-06
588949777,0.1767910930158844,0.1143635969400629,1.1524075269699097,1.9864954948425293,1.7372636795043943,1856,0.17679104208651283,0.11436355228750372,1.1524072885513306,1.9864952564239502,1.737262487411499,1856,-5.092937155337651e-08,-5.092937155337651e-06,5.092937155337651e-06
588983111,0.2150012863320261,0.1326563406622433,1.146305799484253,1.857911467552185,2.045851707458496,1857,0.21500122348172565,0.1326563078872925,1.1463054418563843,1.8579115867614746,2.045850992202759,1857,-6.285030040853457e-08,-6.2850300408534565e-06,6.2850300408534565e-06
589016445,0.256516390307958,0.1460149023332194,1.245453119277954,1.4730790853500366,1.9242955446243288,1858,0.2565163234840145,0.14601490816397045,1.2454530000686646,1.4730786085128784,1.9242950677871704,1858,-6.682394348977994e-08,-6.6823943489779936e-06,6.6823943489779936e-06
589049779,0.2965120765211334,0.1525450396008048,1.1998705863952637,1.3945749998092651,1.9854736328125,1859,0.296512001749904,0.15254499153271772,1.1998703479766846,1.3945754766464233,1.9854730367660522,1859,-7.477122943022607e-08,-7.477122943022607e-06,7.477122943022607e-06
589083113,0.3321198038898061,0.1561059485912047,1.0682318210601809,1.3036736249923706,1.947267770767212,1860,0.33211974103950564,0.15610594408703518,1.0682321786880493,1.3036736249923706,1.9472676515579224,1860,-6.285030046404572e-08,-6.285030046404572e-06,6.285030046404572e-06
589116447,0.3607213509720713,0.1564675763174318,0.8580464124679565,1.09271502494812,1.6402132511138916,1861,0.36072129010859233,0.15646757364321098,0.8580464720726013,1.0927151441574097,1.6402133703231812,1861,-6.086347897893418e-08,-6.086347897893418e-06,6.086347897893418e-06
589149781,0.3908967706205596,0.1675257593835307,0.9052625894546508,0.9382144808769226,1.6454838514328003,1862,0.3908967077702592,0.1675257482396602,0.9052625298500061,0.9382143616676331,1.645483374595642,1862,-6.285030040853457e-08,-6.2850300408534565e-06,6.2850300408534565e-06
589183115,0.4213994157952219,0.160686921594247,0.9150793552398682,1.035528302192688,1.647405028343201,1863,0.42139935691856445,0.16068690602732175,0.9150794744491577,1.035528302192688,1.647404670715332,1863,-5.88766574383115e-08,-5.88766574383115e-06,5.88766574383115e-06
589216449,0.4541868142924855,0.1452774340710108,0.9836219549179076,1.2166812419891355,1.5741945505142212,1864,0.45418675541582804,0.14527741726710963,0.9836219549179077,1.2166815996170044,1.5741946697235107,1864,-5.88766574383115e-08,-5.88766574383115e-06,5.88766574383115e-06
589249783,0.4899296137335052,0.1271453996574964,1.0722839832305908,1.451451063156128,1.491119146347046,1865,0.4899295588304907,0.1271453934716998,1.0722841024398804,1.4514509439468384,1.4911189079284668,1865,-5.490301446808843e-08,-5.490301446808843e-06,5.490301446808843e-06
589283117,0.5269832862061411,0.1078116954241319,1.1116101741790771,1.8299843072891235,1.4719873666763306,1866,0.5269832193821977,0.10781170431948446,1.1116098165512085,1.8299839496612549,1.471987247467041,1866,-6.682394337875763e-08,-6.682394337875763e-06,6.682394337875763e-06
589316451,0.563719838126714,0.1096525508712039,1.1020965576171875,1.802173137664795,1.4842723608016968,1867,0.5637197713027706,0.1096525438582083,1.1020965576171875,1.8021737337112427,1.4842727184295654,1867,-6.682394337875763e-08,-6.682394337875763e-06,6.682394337875763e-06
589349785,0.6132785193763325,0.9795298805701276,0.9911736249923706,0.3959932029247284,-0.0512143932282924,1868,0.6132784525523891,0.9795299480041381,0.9911736249923706,0.39599302411079407,-0.051214199513196945,1868,-6.682394337875763e-08,-6.682394337875763e-06,6.682394337875763e-06
589383119,0.663210701211507,0.8896947520373556,0.9986436367034912,0.4814407527446747,-0.3998402059078216,1869,0.6632106284270992,0.889694717153124,0.9986435174942017,0.48144057393074036,-0.39984023571014404,1869,-7.278440783409224e-08,-7.2784407834092235e-06,7.2784407834092235e-06
589416453,0.7105778627238819,0.8551462442657238,0.9473432302474976,0.4844537079334259,-0.623370349407196,1870,0.7105777869592419,0.8551462210617959,0.9473431706428528,0.4844534695148468,-0.6233702301979065,1870,-7.576464000624838e-08,-7.5764640006248385e-06,7.5764640006248385e-06
589449787,0.760833250745351,0.7891784817776222,1.0051077604293823,0.1669935286045074,-0.6646202802658081,1871,0.7608331690202466,0.7891785018315851,1.0051076412200928,0.16699369251728058,-0.664620578289032,1871,-8.172510446158299e-08,-8.172510446158299e-06,8.172510446158299e-06
589483121,0.8097146378480091,0.8097146378480091,1.32580828666687,0.7798420190811157,-1.9800209999084477,1872,0.8097146073082842,0.8097146073082842,1.3258086442947388,0.7798417210578918,-1.980021357536316,1872,-3.0539724971134774e-08,-3.0539724971134774e-06,3.0539724971134774e-06
589516455,0.8518108354531422,0.8171697160753606,1.2628859281539917,0.7333241701126099,-1.6331610679626465,1873,0.8518108088870602,0.8171697180467948,1.2628860473632812,0.733324408531189,-1.6331615447998047,1873,-2.6566082000911706e-08,-2.6566082000911706e-06,2.6566082000911706e-06
589549789,0.910601079546685,0.910601079546685,1.1836974620819092,1.2031837701797483,-0.7572047114372253,1874,0.9106010513087028,0.9106010513087028,1.18369722366333,1.2031837701797485,-0.7572050094604492,1874,-2.823798217477247e-08,-2.823798217477247e-06,2.823798217477247e-06
589583123,0.9270058396516956,0.9270058396516956,1.0868605375289917,1.820928692817688,-0.8990851640701294,1875,0.9270058521125466,0.9270058521125466,1.0868604183197021,1.820928931236267,-0.8990851044654846,1875,1.2460851017692676e-08,1.2460851017692676e-06,1.2460851017692676e-06
589616457,0.9720032301649316,0.9720032301649316,1.0589851140975952,1.861837387084961,-0.3309342861175537,1876,0.9720032146338227,0.9720032146338227,1.0589848756790161,1.8618375062942505,-0.3309344947338104,1876,-1.553110895446963e-08,-1.553110895446963e-06,1.553110895446963e-06
589649791,0.0214475658640131,0.0435361020631943,0.9888867139816284,1.539611577987671,0.4319824576377868,1877,0.021447556293368475,0.04353609990590779,0.988886833190918,1.5396113395690918,0.4319823682308197,1877,-9.57064461015733e-09,-9.57064461015733e-07,9.57064461015733e-07
589683125,0.0661045608028636,0.1527429512039628,0.8931398987770081,0.8544473648071289,1.2197091579437256,1878,0.06610456613338007,0.1527429929417999,0.8931401968002319,0.8544468879699707,1.2197091579437256,1878,5.330516472668023e-09,5.330516472668023e-07,5.330516472668023e-07
589716459,0.1044935163959727,0.1925039771499392,0.7677791118621826,0.7222105264663696,1.911419153213501,1879,0.10449352768695369,0.19250397270828426,0.7677792310714722,0.7222104072570801,1.9114186763763428,1879,1.1290981039024928e-08,1.1290981039024928e-06,1.1290981039024928e-06
589749793,0.1432399091228709,0.1792281134870421,0.7749278545379639,1.0485222339630127,2.200458526611328,1880,0.14323991743361963,0.1792281275405075,0.7749277949333191,1.0485219955444336,2.200458526611328,1880,8.310748755846475e-09,8.310748755846475e-07,8.310748755846475e-07
589783127,0.1837115642532573,0.1853349042058537,0.809433102607727,0.9767725467681884,2.2702832221984863,1881,0.18371156064307703,0.18533489108632437,0.809432864189148,0.976772665977478,2.2702829837799072,1881,-3.610180265845031e-09,-3.610180265845031e-07,3.610180265845031e-07
589816461,0.1930216967417869,0.1930216967417869,0.7953740358352661,0.9260496497154236,2.475226879119873,1882,0.19302167320813213,0.19302167320813213,0.7953736782073975,0.926050066947937,2.475226879119873,1882,-2.353365480267655e-08,-2.353365480267655e-06,2.353365480267655e-06
589849795,0.2180398125801556,0.1892302456550109,0.750543475151062,1.002415657043457,2.496468544006348,1883,0.21803978904650087,0.18923024436615365,0.750543475151062,1.0024157762527466,2.4964687824249268,1883,-2.353365469165425e-08,-2.353365469165425e-06,2.353365469165425e-06
589883129,0.2430989999924176,0.1945373044826058,0.7517756223678589,0.8279674053192139,2.2789580821990967,1884,0.2430989824192273,0.19453728207537646,0.7517758011817932,0.8279679417610168,2.278958559036255,1884,-1.7573190291830798e-08,-1.7573190291830798e-06,1.7573190291830798e-06
589916463,0.2762878317986005,0.1606477789452245,0.9956649541854858,1.402020812034607,2.2292349338531494,1885,0.27628782217269615,0.16064778366278265,0.9956651926040649,1.4020211696624756,2.2292356491088867,1885,-9.625904351384662e-09,-9.625904351384662e-07,9.625904351384662e-07
589949797,0.30910018477381,0.1465856722420056,0.9843705892562866,1.4850831031799316,1.9544585943222048,1886,0.30910018309519166,0.14658565402170573,0.9843708276748657,1.485083818435669,1.9544590711593628,1886,-1.6786183554273748e-09,-1.6786183554273748e-07,1.6786183554273748e-07
589983131,0.3428740560366783,0.1453796981970262,1.0132161378860474,1.3798863887786863,1.787729263305664,1887,0.3428740543580599,0.14537971663141078,1.0132161378860474,1.3798861503601074,1.7877293825149536,1887,-1.678618410938526e-09,-1.678618410938526e-07,1.678618410938526e-07
590016465,0.3753239611142946,0.1289145092956827,0.9734971523284912,1.7242714166641235,1.8112471103668213,1888,0.3753239475147473,0.12891454121029758,0.9734967947006226,1.7242711782455444,1.8112475872039795,1888,-1.359954732160773e-08,-1.359954732160773e-06,1.359954732160773e-06
590049799,0.408734788433122,0.1508152540179128,1.0023248195648191,1.3631383180618286,1.8965530395507808,1889,0.4087347748335746,0.15081526638571233,1.0023248195648193,1.3631384372711182,1.8965535163879395,1889,-1.3599547377118881e-08,-1.3599547377118881e-06,1.3599547377118881e-06
590083133,0.4394672889862531,0.1538989576639959,0.9219750165939332,1.2895346879959106,1.8695399761199951,1890,0.4394672833339917,0.15389896928388788,0.9219752550125122,1.289534568786621,1.8695400953292847,1890,-5.652261381161594e-09,-5.652261381161594e-07,5.652261381161594e-07
590116467,0.4668614963048769,0.1593646085825829,0.8218262195587158,1.0787699222564695,1.6849627494812012,1891,0.46686150257354453,0.1593646149623855,0.8218265771865845,1.0787694454193115,1.6849621534347534,1891,6.268667585018761e-09,6.268667585018761e-07,6.268667585018761e-07
590149801,0.4915877798551394,0.1697249310581409,0.7417885065078735,0.8052066564559937,1.4586880207061768,1892,0.49158779009744996,0.16972490613555774,0.7417886257171631,0.8052069544792175,1.4586880207061768,1892,1.024231055524183e-08,1.024231055524183e-06,1.024231055524183e-06
590183135,0.5166293203189048,0.160283718407052,0.7512462139129639,0.926905632019043,1.4663408994674685,1893,0.5166293265875724,0.16028372425089912,0.7512460947036743,0.926905632019043,1.4663410186767578,1893,6.268667585018761e-09,6.268667585018761e-07,6.268667585018761e-07
590216469,0.5434480408185793,0.1489668687855531,0.8045616149902344,1.0819647312164309,1.4690476655960083,1894,0.543448043113604,0.14896686261871794,0.8045614957809448,1.0819647312164307,1.4690475463867188,1894,2.295024614795693e-09,2.2950246147956932e-07,2.2950246147956932e-07
590249803,0.5726973155492617,0.1356915366139442,0.8774782419204712,1.3335658311843872,1.5259486436843872,1895,0.5726973158574649,0.1356915128599641,0.8774781823158264,1.3335657119750977,1.5259480476379395,1895,3.082031296841592e-10,3.082031296841592e-08,3.082031296841592e-08
590283137,0.6049983401451582,0.1164923185571567,0.969030737876892,1.5465173721313477,1.3894258737564087,1896,0.6049983364797182,0.11649231993628911,0.9690306186676025,1.5465176105499268,1.3894261121749878,1896,-3.6654399515612113e-09,-3.6654399515612113e-07,3.6654399515612113e-07
590316471,0.6587425966415876,0.0908064968433349,1.0748851299285889,1.684689998626709,1.0811506509780884,1897,0.6587426048970766,0.09080648946287663,1.074885368347168,1.6846903562545776,1.081150770187378,1897,8.255488959107993e-09,8.255488959107993e-07,8.255488959107993e-07
590349805,0.710509874359178,0.0443102542541159,1.0353455543518066,0.7619560956954956,0.2177923023700714,1898,0.7105098766542024,0.04431028631816269,1.035345435142517,0.7619560360908508,0.21779245138168335,1898,2.2950243927510883e-09,2.2950243927510883e-07,2.2950243927510883e-07
590383139,0.7612667818222517,0.0477497320548614,1.0151381492614746,0.6695647239685059,0.2071356177330017,1899,0.7612667900777406,0.04774975145059283,1.0151382684707642,0.6695647239685059,0.20713570713996887,1899,8.25548884808569e-09,8.25548884808569e-07,8.25548884808569e-07
590416473,0.8085693199787611,0.0192285270303249,0.946050763130188,0.6405054330825806,0.0777622833847999,1900,0.80856932823425,0.01922849434747204,0.946050763130188,0.6405056118965149,0.077762171626091,1900,8.25548884808569e-09,8.25548884808569e-07,8.25548884808569e-07
590449807,0.8555645812902922,0.956930818294052,0.9399052262306212,0.5563580989837646,-0.1543430536985397,1901,0.8555645865655488,0.9569308706174278,0.9399051666259766,0.5563582181930542,-0.1543428897857666,1901,5.275256564907238e-09,5.275256564907238e-07,5.275256564907238e-07
590483141,0.8871472328259622,0.854529182048932,0.9474795460700988,0.2870197594165802,-0.372292548418045,1902,0.8871472400880402,0.854529223343039,0.9474796056747437,0.2870197296142578,-0.37229230999946594,1902,7.262078050018772e-09,7.262078050018772e-07,7.262078050018772e-07
590516475,0.9226852664703206,0.7800308940597012,1.0661410093307495,0.1546570062637329,-0.8098862767219543,1903,0.9226852737323986,0.7800309131694396,1.0661410093307495,0.15465709567070007,-0.8098862171173096,1903,7.262078050018772e-09,7.262078050018772e-07,7.262078050018772e-07
590549809,0.959807837938674,0.7941367943922805,1.113677144050598,0.2490768134593963,-0.8750142455101013,1904,0.9598078491743949,0.7941368022614086,1.1136772632598877,0.24907684326171875,-0.8750141859054565,1904,1.1235720909219538e-08,1.1235720909219538e-06,1.1235720909219538e-06
590583143,0.9916707087908264,0.5930375272469371,0.9558861255645752,-0.8795273303985596,-0.5820031762123108,1905,0.9916707180397258,0.5930375122445899,0.9558860659599304,-0.8795273303985596,-0.5820030570030212,1905,9.248899424108004e-09,9.248899424108004e-07,9.248899424108004e-07
590616477,0.0218493788792766,0.5660550559054041,0.9053601026535034,-0.8899046182632446,-0.392120361328125,1906,0.02184939210181902,0.5660550826857855,0.905360221862793,-0.8899046182632446,-0.3921205401420593,1906,1.3222542394331072e-08,1.3222542394331072e-06,1.3222542394331072e-06
590649811,0.0510026623163697,0.5595183855841532,0.874598503112793,-0.8553480505943298,-0.3356657326221466,1907,0.05100267553891212,0.559518418187461,0.874598503112793,-0.8553479909896851,-0.33566591143608093,1907,1.3222542394331072e-08,1.3222542394331072e-06,1.3222542394331072e-06
590683145,0.0935279656801697,0.54680427850649,0.850506067276001,-0.8214703798294067,-0.248791754245758,1908,0.09352797890271217,0.5468043229029425,0.850506067276001,-0.8214704394340515,-0.24879202246665955,1908,1.3222542505353374e-08,1.3222542505353374e-06,1.3222542505353374e-06
590716479,0.135861890450525,0.5689758921658954,0.8466784954071045,-0.7265635132789612,-0.3362015783786773,1909,0.13586190367306739,0.56897591247125,0.8466784954071045,-0.7265633344650269,-0.33620160818099976,1909,1.3222542394331072e-08,1.3222542394331072e-06,1.3222542394331072e-06
590749813,0.1810415316973206,0.6202177904328141,0.9035928249359132,-0.5671777725219727,-0.5340778231620789,1910,0.18104155088032753,0.62021779929786,0.9035929441452026,-0.5671777725219727,-0.5340778827667236,1910,1.9183006960687976e-08,1.9183006960687976e-06,1.9183006960687976e-06
590783147,0.2185569851948894,0.8531582102222501,1.125463604927063,0.9049863815307616,-1.195003628730774,1911,0.2185570083515393,0.8531582001322813,1.1254637241363525,0.9049862623214722,-1.195003628730774,1911,2.3156649930911044e-08,2.3156649930911044e-06,2.3156649930911044e-06
590816481,0.2526150434567608,0.9253753867897354,1.02174174785614,1.2488071918487549,-0.6325933337211609,1912,0.25261506661341065,0.9253754536035819,1.0217417478561401,1.248807668685913,-0.6325929164886475,1912,2.3156649930911044e-08,2.3156649930911044e-06,2.3156649930911044e-06
590849815,0.2858198890441733,0.9649325133502368,0.9961453676223756,1.3187878131866455,-0.2953712046146393,1913,0.2858199042535372,0.9649325012929209,0.9961451292037964,1.3187884092330933,-0.2953714430332184,1913,1.5209363879442606e-08,1.5209363879442606e-06,1.5209363879442606e-06
590883149,0.3138738800440309,0.986260134984581,0.8416197299957275,1.3050600290298462,-0.1129467189311981,1914,0.31387389525339476,0.9862601564212841,0.8416197299957275,1.3050602674484253,-0.11294656246900558,1914,1.5209363879442606e-08,1.5209363879442606e-06,1.5209363879442606e-06
590916483,0.3431396513535656,0.0342213232068186,0.8779731392860413,1.1759806871414185,0.2568283379077911,1915,0.343139664576108,0.03422132559652598,0.8779730796813965,1.1759803295135498,0.25682827830314636,1915,1.3222542394331072e-08,1.3222542394331072e-06,1.3222542394331072e-06
590949817,0.3719746877108095,0.0821697369374995,0.8650510907173157,1.1204955577850342,0.6360414028167725,1916,0.3719747029201734,0.08216967204075377,0.8650511503219604,1.1204956769943237,0.6360408663749695,1916,1.5209363879442606e-08,1.5209363879442606e-06,1.5209363879442606e-06
590983151,0.3986136485491273,0.123258447701196,0.7991688251495361,0.9756330251693726,0.95451158285141,1917,0.3986136637584912,0.12325840277371836,0.7991688251495361,0.975632905960083,0.9545109272003174,1917,1.5209363990464908e-08,1.5209363990464908e-06,1.5209363990464908e-06
591016485,0.4223551083956239,0.1614520377819183,0.7122437953948975,0.7513242959976196,1.2081211805343628,1918,0.4223551275786308,0.16145202107641476,0.712243914604187,0.7513238787651062,1.2081202268600464,1918,1.9183006960687976e-08,1.9183006960687976e-06,1.9183006960687976e-06
591049819,0.4421185463025249,0.1972125556209383,0.5929031372070312,0.819676399230957,2.3800435066223145,1919,0.4421185615118889,0.19721259347049186,0.5929030179977417,0.8196756839752197,2.3800432682037354,1919,1.5209363990464908e-08,1.5209363990464908e-06,1.5209363990464908e-06
591083153,0.4629677483791189,0.1999001028161991,0.625476062297821,0.7962157130241394,2.445276498794556,1920,0.46296776756212593,0.19990009441523196,0.6254761815071106,0.7962160110473633,2.445276975631714,1920,1.9183006960687976e-08,1.9183006960687976e-06,1.9183006960687976e-06
591116487,0.4832803357992646,0.2157702555782354,0.6093776226043701,0.5286368131637573,2.4199390411376958,1921,0.4832803569690931,0.21577022096003867,0.6093776822090149,0.5286374688148499,2.4199395179748535,1921,2.1169828556821813e-08,2.1169828556821813e-06,2.1169828556821813e-06
591149821,0.502879149650939,0.2393690613470627,0.5879644155502319,0.1582847535610199,2.366143226623535,1922,0.502879172807589,0.2393691110986197,0.5879644751548767,0.15828397870063782,2.366142749786377,1922,2.3156649930911044e-08,2.3156649930911044e-06,2.3156649930911044e-06
591183155,0.5222619006389456,0.2569140191559271,0.5814825296401978,-0.1040130853652954,2.3927879333496094,1923,0.5222619237955956,0.2569140236076558,0.5814825296401978,-0.10401315242052078,2.3927879333496094,1923,2.3156649930911044e-08,2.3156649930911044e-06,2.3156649930911044e-06
591216489,0.5495481758668102,0.1612235354249796,0.8185882568359375,1.600535869598389,2.565423488616944,1924,0.5495481910761741,0.16122357005126617,0.8185880184173584,1.6005347967147827,2.565423011779785,1924,1.5209363990464908e-08,1.5209363990464908e-06,1.5209363990464908e-06
591249823,0.5760198900455312,0.1551766526345041,0.7941514253616333,1.7654101848602295,2.603934526443481,1925,0.5760199012812522,0.15517664265106443,0.7941513061523438,1.7654104232788086,2.6039345264434814,1925,1.123572102024184e-08,1.123572102024184e-06,1.123572102024184e-06
591283157,0.602565204039621,0.1539759049633368,0.7963594198226929,1.7706029415130615,2.5696396827697754,1926,0.602565219248985,0.15397590429105695,0.7963595390319824,1.7706024646759033,2.569638967514038,1926,1.5209363990464908e-08,1.5209363990464908e-06,1.5209363990464908e-06
591316491,0.6294220595910228,0.150078204803703,0.8057056665420532,1.6092915534973145,2.217290163040161,1927,0.6294220748003868,0.15007822161705128,0.8057056665420532,1.6092911958694458,2.217290163040161,1927,1.5209363990464908e-08,1.5209363990464908e-06,1.5209363990464908e-06
591349825,0.6575299053742565,0.14627899901957,0.8432353734970093,1.5195175409317017,1.9917974472045896,1928,0.6575299205836205,0.1462789983987854,0.8432353734970093,1.5195168256759644,1.9917964935302734,1928,1.5209363990464908e-08,1.5209363990464908e-06,1.5209363990464908e-06
591383159,0.7013938098504222,0.144762176530631,0.8772780895233154,1.4743682146072388,1.894890546798706,1929,0.7013938190993217,0.14476218346784755,0.8772779703140259,1.4743684530258179,1.8948910236358643,1929,9.248899535130306e-09,9.248899535130306e-07,9.248899535130306e-07
591416493,0.7428002744271434,0.1528653464875762,0.8281292915344238,1.3940274715423584,1.993210792541504,1930,0.7428002836760429,0.15286536566374173,0.8281292915344238,1.3940271139144897,1.993210792541504,1930,9.248899535130306e-09,9.248899535130306e-07,9.248899535130306e-07
591449827,0.7802093177392161,0.1638445724672408,0.7481808662414551,1.1197292804718018,1.8623676300048828,1931,0.7802093031462577,0.163844576966057,0.7481803894042969,1.1197292804718018,1.8623677492141724,1931,-1.4592958397230404e-08,-1.4592958397230404e-06,1.4592958397230404e-06
591483161,0.8065743117882883,0.1945245791025633,0.5272998809814453,0.5527418851852417,1.5210282802581787,1932,0.8065743120964911,0.19452458963847644,0.5273001790046692,0.5527414679527283,1.5210274457931519,1932,3.082027966172518e-10,3.082027966172518e-08,3.082027966172518e-08
591516495,0.8319365232541239,0.2068033018881604,0.5072442293167114,0.4200014770030975,1.509277582168579,1933,0.8319365205820944,0.2068033138853477,0.5072441697120667,0.42000138759613037,1.5092777013778687,1933,-2.6720294865612004e-09,-2.6720294865612004e-07,2.6720294865612004e-07
591549829,0.8582969277455484,0.1949006995901656,0.5272080898284912,0.5662461519241333,1.5697355270385742,1934,0.8582969310339835,0.19490071624314456,0.5272082090377808,0.5662457942962646,1.569735050201416,1934,3.288435079795704e-09,3.288435079795704e-07,3.288435079795704e-07
591583163,0.8907187789036906,0.1571320050664524,0.6484370231628418,1.0605672597885132,1.606452465057373,1935,0.8907187762316612,0.15713197775526777,0.6484369039535522,1.0605674982070923,1.606452226638794,1935,-2.672029375538898e-09,-2.672029375538898e-07,2.672029375538898e-07
591616497,0.927067091996876,0.1382028878267432,0.7269662618637085,1.486911416053772,1.7565996646881104,1936,0.9270670952853111,0.13820287184795932,0.726966381072998,1.486911416053772,1.7565993070602417,1936,3.288435079795704e-09,3.288435079795704e-07,3.288435079795704e-07
591649831,0.9671116500451242,0.0412549390959198,0.8008911609649658,0.0830171406269073,0.0220143534243106,1937,0.9671116592940239,0.041255288315438156,0.8008912801742554,0.08301681280136108,0.02201446145772934,1937,9.248899646152609e-09,9.248899646152609e-07,9.248899646152609e-07
591683165,0.9795527975703904,0.9795527975703904,0.854912281036377,0.2447008788585662,-0.0316117070615291,1938,0.9795527101907818,0.9795527101907818,0.8549121618270874,0.24470117688179016,-0.03161188215017319,1938,-8.737960854876548e-08,-8.737960854876548e-06,8.737960854876548e-06
591716499,0.0085074703838059,0.9845503803322362,0.8686401844024658,0.5524724125862122,-0.0537991486489772,1939,0.008507386977840259,0.984550287003025,0.8686403036117554,0.5524721145629883,-0.05379944667220116,1939,-8.340596563405356e-08,-8.340596563405356e-06,8.340596563405356e-06
591749833,0.0362300516114263,0.0016982693842949,0.8316774368286133,0.4822804629802704,0.0051463888958096,1940,0.036229966218639206,0.0016983823604635243,0.8316773772239685,0.48228058218955994,0.0051467325538396835,1940,-8.539278706365394e-08,-8.539278706365394e-06,8.539278706365394e-06
591783167,0.064133834932807,0.9912795398035056,0.8371134996414185,0.4713889062404632,-0.0258543454110622,1941,0.06413375152684131,0.9912794923308464,0.8371135592460632,0.4713893234729767,-0.025854509323835373,1941,-8.340596568956471e-08,-8.340596568956471e-06,8.340596568956471e-06
591816501,0.09418462126907,0.9525441118979358,0.9015235900878906,0.4693767726421356,-0.1442567557096481,1942,0.0941845438235688,0.952544154505955,0.901523768901825,0.4693768322467804,-0.14425663650035858,1942,-7.744550117871896e-08,-7.744550117871896e-06,7.744550117871896e-06
591849835,0.1273425421064724,0.8223326130065627,0.9947376251220704,0.2434518635272979,-0.4982728362083435,1943,0.12734246068732816,0.8223326276746813,0.9947375059127808,0.2434518039226532,-0.4982725977897644,1943,-8.141914420445318e-08,-8.141914420445318e-06,8.141914420445318e-06
591883169,0.1625716091141729,0.7578538130335049,1.056872010231018,0.0404596216976642,-0.8192353248596191,1944,0.16257152769502875,0.7578538488286026,1.056872010231018,0.04045980051159859,-0.8192352056503296,1944,-8.141914414894202e-08,-8.141914414894202e-06,8.141914414894202e-06
591916503,0.1952492476449042,0.6938055483201102,0.980329155921936,-0.229385495185852,-0.6224455237388611,1945,0.19524916622575994,0.6938055516746544,0.980329155921936,-0.22938548028469086,-0.6224455237388611,1945,-8.141914425996433e-08,-8.141914425996433e-06,8.141914425996433e-06
591949837,0.2235636195486416,0.7346772434018873,0.8494311571121216,-0.05444061383605,-0.5637174844741821,1946,0.22356353812949734,0.7346772135622919,0.8494311571121216,-0.0544407032430172,-0.5637173056602478,1946,-8.141914425996433e-08,-8.141914425996433e-06,8.141914425996433e-06
591983171,0.2497776509270697,0.7736492147786567,0.7864209413528442,0.0851958990097045,-0.5691269636154175,1947,0.24977757149474697,0.7736492588065595,0.786421000957489,0.08519607782363892,-0.569127082824707,1947,-7.943232271934164e-08,-7.943232271934164e-06,7.943232271934164e-06
592016505,0.2899045676932364,0.5254634135749164,0.8025383353233337,-0.792167603969574,-0.1278325468301773,1948,0.28990448826091364,0.5254633727254178,0.8025383353233337,-0.792167603969574,-0.1278323382139206,1948,-7.943232277485279e-08,-7.94323227748528e-06,7.94323227748528e-06
592049839,0.3295968682513266,0.5264264896553271,0.7938460111618042,-0.8021547794342041,-0.1344294995069503,1949,0.32959679477946835,0.5264264638051614,0.7938461303710938,-0.8021546006202698,-0.13442933559417725,1949,-7.347185826400704e-08,-7.347185826400704e-06,7.347185826400704e-06
592083173,0.3677509636626273,0.5400982434411936,0.7630819082260132,-0.7935954928398132,-0.2042829394340515,1950,0.3677508872105368,0.5400982516830568,0.7630818486213684,-0.7935956120491028,-0.20428301393985748,1950,-7.645209049167434e-08,-7.645209049167434e-06,7.645209049167434e-06
592116507,0.404766798113349,0.5701336636165506,0.7403166890144348,-0.7102252840995789,-0.3349354863166809,1951,0.40476672464149077,0.5701336472264016,0.7403167486190796,-0.7102252840995789,-0.33493539690971375,1951,-7.347185820849589e-08,-7.347185820849589e-06,7.347185820849589e-06
592149841,0.4440764696345358,0.6058698846895544,0.7861934304237366,-0.5776165127754211,-0.4531234502792358,1952,0.44407639914290986,0.6058698745228088,0.7861934900283813,-0.5776165127754211,-0.45312339067459106,1952,-7.049162592531744e-08,-7.049162592531744e-06,7.049162592531744e-06
592183175,0.4728008181796103,0.5638967219020438,0.5744869709014893,-0.9989295601844788,-0.4240784645080566,1953,0.47280074172751985,0.5638967373875261,0.5744868516921997,-0.998929500579834,-0.4240785539150238,1953,-7.645209043616319e-08,-7.645209043616319e-06,7.645209043616319e-06
592216509,0.495772850607398,0.5515735570355716,0.4594406485557556,-1.328123927116394,-0.446098268032074,1954,0.4957727726651915,0.5515735666633967,0.4594406187534332,-1.328123927116394,-0.44609835743904114,1954,-7.794220652224126e-08,-7.794220652224126e-06,7.794220652224126e-06
592249843,0.5566305757508306,0.7585853856597964,1.2171545028686523,0.0998362898826599,-1.848958730697632,1955,0.5566304978086241,0.7585853798175771,1.2171545028686523,0.09983621537685394,-1.8489586114883423,1955,-7.794220657775242e-08,-7.794220657775242e-06,7.794220657775242e-06
592283177,0.6080841124997167,0.7389514617178209,1.0290707349777222,-0.1304800808429718,-1.876554131507873,1956,0.6080840285970457,0.738951454871104,1.0290706157684326,-0.13048017024993896,-1.876554250717163,1956,-8.390267103308702e-08,-8.390267103308702e-06,8.390267103308702e-06
592316511,0.6518835843548803,0.7270249322422648,0.8759894371032715,-0.2626516819000244,-1.8068081140518188,1957,0.6518834944917448,0.7270249476673535,0.8759893178939819,-0.2626515030860901,-1.8068081140518188,1957,-8.986313548842162e-08,-8.986313548842162e-06,8.986313548842162e-06
592349845,0.6896724850878744,0.7315717573691012,0.7557780146598816,-0.1764346063137054,-1.5169562101364136,1958,0.6896723922445066,0.7315718120009722,0.7557779550552368,-0.1764339953660965,-1.5169554948806763,1958,-9.284336777160007e-08,-9.284336777160007e-06,9.284336777160007e-06
592383179,0.725557208155158,0.7275227615285009,0.7176944613456726,-0.1604644358158111,-1.1286389827728271,1959,0.7255571182920225,0.7275228189157887,0.7176945209503174,-0.16046400368213654,-1.1286388635635376,1959,-8.986313548842162e-08,-8.986313548842162e-06,8.986313548842162e-06
592416513,0.7487587373401352,0.7046484045363459,0.6960458755493164,-0.2458194196224212,-0.8391917943954468,1960,0.7487586415165353,0.7046484783062485,0.6960456967353821,-0.24581903219223022,-0.8391919136047363,1960,-9.582359994375622e-08,-9.582359994375622e-06,9.582359994375622e-06
592449847,0.7690110922799138,0.5411672213710683,0.6075706481933594,-1.1085530519485474,-0.2933104932308197,1961,0.7690110004299568,0.5411671580906618,0.6075707674026489,-1.1085526943206787,-0.29330992698669434,1961,-9.184995697353315e-08,-9.184995697353315e-06,9.184995697353315e-06
592483181,0.7906920990293849,0.5073496238547203,0.6504302024841309,-1.453503131866455,-0.0671691447496414,1962,0.7906920051926064,0.5073495861948166,0.6504301428794861,-1.4535030126571655,-0.06716879457235336,1962,-9.383677845864469e-08,-9.383677845864469e-06,9.383677845864469e-06
592516515,0.8129404605374364,0.5029702527257031,0.6674508452415466,-1.558421611785889,-0.0290876515209674,1963,0.8129403607401935,0.5029702332504351,0.6674506664276123,-1.55842125415802,-0.029087454080581665,1963,-9.979724291397929e-08,-9.979724291397929e-06,9.979724291397929e-06
592549849,0.8361491422797867,0.5157269534666489,0.6962604522705078,-1.6562811136245728,-0.1642008125782013,1964,0.8361490404957223,0.5157268845253001,0.696260392665863,-1.656280755996704,-0.1642000526189804,1964,-1.0178406439909082e-07,-1.0178406439909082e-05,1.0178406439909082e-05
592583183,0.8592973392154404,0.5289059992684044,0.6944459080696106,-1.6165406703948977,-0.2968703806400299,1965,0.8592972334577329,0.5289060267242978,0.694445788860321,-1.6165400743484497,-0.29687055945396423,1965,-1.057577074803362e-07,-1.057577074803362e-05,1.057577074803362e-05
592616517,0.8800189496026067,0.5858634759769208,0.6216483116149902,-1.6146079301834106,-0.9667382836341858,1966,0.8800188438448993,0.5858634716520318,0.6216483116149902,-1.6146079301834106,-0.966738224029541,1966,-1.057577074803362e-07,-1.057577074803362e-05,1.057577074803362e-05
592649851,0.9101501485651362,0.5845553038807896,0.903935968875885,-1.7570728063583374,-1.0325143337249756,1967,0.9101500487678932,0.5845553166236636,0.9039361476898193,-1.7570726871490479,-1.0325144529342651,1967,-9.979724302500159e-08,-9.97972430250016e-06,9.97972430250016e-06
592683185,0.9647651097124446,0.2945775214740581,1.092299222946167,-0.5730476975440979,1.992166519165039,1968,0.9647650099152015,0.29457754478843934,1.092299222946167,-0.5730478763580322,1.9921660423278809,1968,-9.979724302500159e-08,-9.97972430250016e-06,9.97972430250016e-06
592716519,0.0190275868719447,0.2924226246463077,1.0852495431900024,-0.4386325180530548,1.6064385175704956,1969,0.0190274989956305,0.2924226226584694,1.0852497816085815,-0.43863239884376526,1.606438159942627,1969,-8.787631422535469e-08,-8.787631422535469e-06,8.787631422535469e-06
592749853,0.0758789798563349,0.2944050200512061,1.1370278596878052,-0.4013778269290924,1.40108060836792,1970,0.07587889198002076,0.2944050388228927,1.1370278596878052,-0.40137800574302673,1.40108060836792,1970,-8.787631411433239e-08,-8.787631411433239e-06,8.787631411433239e-06
592783187,0.1332021912878382,0.2942542108798281,1.146464228630066,-0.3979341685771942,1.3940479755401611,1971,0.13320212725338199,0.29425420458762375,1.1464647054672241,-0.39793410897254944,1.3940479755401611,1971,-6.403445618197168e-08,-6.403445618197168e-06,6.403445618197168e-06
592816521,0.1885563036745418,0.2961548779499549,1.1070822477340698,-0.3933214843273163,1.3180466890335083,1972,0.1885562396400855,0.29615480482332734,1.1070822477340698,-0.3933212161064148,1.3180480003356934,1972,-6.403445629299398e-08,-6.403445629299398e-06,6.403445629299398e-06
592849855,0.2409914037531245,0.3156332500707751,1.0487020015716553,-0.4810371100902557,1.0995869636535645,1973,0.24099132183727484,0.31563330075861157,1.0487016439437866,-0.48103731870651245,1.0995864868164062,1973,-8.191584965899779e-08,-8.191584965899779e-06,8.191584965899779e-06
592883189,0.2793439885919917,0.4357311913965291,0.7670516967773438,-0.6853015422821045,0.292825847864151,1974,0.2793439036959098,0.43573112467262864,0.767051637172699,-0.685300886631012,0.2928259074687958,1974,-8.489608194217624e-08,-8.489608194217624e-06,8.489608194217624e-06
592916523,0.3150010219162333,0.5195474599940245,0.7131406664848328,-0.7954440116882324,-0.0981909111142158,1975,0.3150009340399192,0.519547364440675,0.713140606880188,-0.7954436540603638,-0.09819038212299347,1975,-8.787631411433239e-08,-8.787631411433239e-06,8.787631411433239e-06
592949857,0.3505845060890544,0.5375837179626122,0.7116696834564209,-0.8377940058708191,-0.2016026973724365,1976,0.35058441225227577,0.5375836562183662,0.7116695642471313,-0.8377938866615295,-0.20160232484340668,1976,-9.383677862517814e-08,-9.383677862517814e-06,9.383677862517814e-06
592983191,0.3855641713684428,0.5426158176708737,0.6995933055877686,-0.7755757570266724,-0.2127802670001983,1977,0.38556407455143193,0.5426157784116704,0.6995932459831238,-0.7755756378173828,-0.21278002858161926,1977,-9.681701085284544e-08,-9.681701085284544e-06,9.681701085284544e-06
593016525,0.4206213465278972,0.5339318205470254,0.7011435031890869,-0.6914277672767639,-0.1496872156858444,1978,0.42062124673065404,0.533931726408766,0.7011434435844421,-0.6914278864860535,-0.1496868133544922,1978,-9.97972431360239e-08,-9.97972431360239e-06,9.97972431360239e-06
593049859,0.4472815782771139,0.3259572171656851,0.7998069524765015,-0.3460128605365753,0.6691092252731323,1979,0.4472814764930493,0.325957297001746,0.7998068928718567,-0.34601303935050964,0.6691087484359741,1979,-1.0178406462113543e-07,-1.0178406462113543e-05,1.0178406462113543e-05
593083193,0.4765856356368093,0.2801004683047542,0.879121720790863,-0.1960599720478058,1.0242691040039062,1980,0.47658553186592323,0.28010048945366317,0.8791216611862183,-0.19606013596057892,1.0242692232131958,1980,-1.0377088605073581e-07,-1.0377088605073581e-05,1.0377088605073581e-05
593116527,0.5065246513431896,0.0557261648009928,0.8981704711914062,0.7334553003311157,0.2678466439247131,1981,0.506524549559125,0.0557260870984044,0.898170530796051,0.7334549427032471,0.26784610748291016,1981,-1.0178406462113543e-07,-1.0178406462113543e-05,1.0178406462113543e-05
593149861,0.5351631572788585,0.0698709364508115,0.8591551780700684,0.5891343355178833,0.2766422629356384,1982,0.5351630554947939,0.0698709380564601,0.8591551780700684,0.5891345739364624,0.276642382144928,1982,-1.0178406462113543e-07,-1.0178406462113543e-05,1.0178406462113543e-05
593183195,0.56362716068284,0.0742516692599491,0.8539201021194458,0.5884625911712646,0.2963597476482391,1983,0.5636270628724185,0.07425166912041571,0.8539202213287354,0.588462769985199,0.2963598370552063,1983,-9.781042153989006e-08,-9.781042153989006e-06,9.781042153989006e-06
593216529,0.6081509899045655,0.0214217130487826,0.8904765844345093,0.5467334389686584,0.0740360841155052,1984,0.608150892094144,0.021421670452375623,0.8904765844345093,0.5467334389686584,0.07403593510389328,1984,-9.781042153989006e-08,-9.781042153989006e-06,9.781042153989006e-06
593249863,0.6566341232206055,0.8492157189425698,0.9696626663208008,0.2558753788471222,-0.3558567762374878,1985,0.6566340313706485,0.8492157024581353,0.9696627855300903,0.2558754086494446,-0.35585689544677734,1985,-9.184995708455546e-08,-9.184995708455546e-06,9.184995708455546e-06
593283197,0.711832488670511,0.7226301668074298,1.103967308998108,-0.1510521173477172,-0.8696886301040649,1986,0.7118323908600894,0.7226301580581069,1.1039671897888184,-0.15105217695236206,-0.8696886897087097,1986,-9.781042153989006e-08,-9.781042153989006e-06,9.781042153989006e-06
593316531,0.7494420459812511,0.6688733972806039,1.1282867193222046,-0.5078906416893005,-0.9085556268692015,1987,0.7494419481708295,0.6688734052358281,1.1282867193222046,-0.5078905820846558,-0.9085556268692017,1987,-9.781042153989006e-08,-9.781042153989006e-06,9.781042153989006e-06
593349865,0.7846952131336559,0.6429229843985969,1.0575950145721436,-0.5939932465553284,-0.7454764246940613,1988,0.7846951113495914,0.6429229719947414,1.057594895362854,-0.5939932465553284,-0.7454763054847717,1988,-1.0178406451011313e-07,-1.0178406451011313e-05,1.0178406451011313e-05
593383199,0.815830013249877,0.5822971917403144,0.9340440034866332,-0.7800829410552979,-0.443634957075119,1989,0.8158299114658125,0.5822971681369025,0.9340440034866333,-0.7800830006599426,-0.44363483786582947,1989,-1.0178406451011313e-07,-1.0178406451011313e-05,1.0178406451011313e-05
593416533,0.8456539582158754,0.5564449428433503,0.89471834897995,-0.7808883786201477,-0.2891720831394195,1990,0.8456538544449893,0.5564449414578654,0.8947182893753052,-0.7808883190155029,-0.28917205333709717,1990,-1.0377088610624696e-07,-1.0377088610624696e-05,1.0377088610624696e-05
593449867,0.8751053383892407,0.5298495168913542,0.8835414052009583,-0.7987229228019714,-0.1515820026397705,1991,0.8751052346183545,0.5298494846749058,0.8835414052009583,-0.7987228631973267,-0.15158182382583618,1991,-1.0377088610624696e-07,-1.0377088610624696e-05,1.0377088610624696e-05
593483201,0.90368388801273,0.5177322746104809,0.8573564887046814,-0.7833854556083679,-0.0876439735293388,1992,0.9036837862286654,0.517732285232201,0.8573565483093262,-0.7833855152130127,-0.08764403313398361,1992,-1.0178406462113543e-07,-1.0178406462113543e-05,1.0178406462113543e-05
593516535,0.9314509343053528,0.5374008954567069,0.8330113887786865,-0.751887321472168,-0.1800170689821243,1993,0.9314508325212882,0.5374009456658835,0.8330113887786865,-0.7518870830535889,-0.18001726269721985,1993,-1.0178406451011313e-07,-1.0178406451011313e-05,1.0178406451011313e-05
593549869,0.9593778879389792,0.5613798460663241,0.8378086090087891,-0.6743372678756714,-0.2737753391265869,1994,0.9593777861549145,0.5613797151277058,0.8378086090087891,-0.6743376851081848,-0.2737748622894287,1994,-1.0178406462113543e-07,-1.0178406462113543e-05,1.0178406462113543e-05
593583203,0.9864218007470796,0.6736513566075355,0.8113173842430115,-0.386613517999649,-0.7431364059448242,1995,0.9864216989630149,0.6736513463578948,0.8113173842430115,-0.38661354780197144,-0.7431363463401794,1995,-1.0178406473215773e-07,-1.0178406473215773e-05,1.0178406473215773e-05
593616537,0.0138995936458934,0.6683069871276672,0.8243337869644165,-0.4278858006000519,-0.7590811252593994,1996,0.013899491861828706,0.6683069871276672,0.8243337869644165,-0.4278858006000519,-0.7590811252593994,1996,-1.0178406467664658e-07,-1.0178406467664658e-05,1.0178406467664658e-05
593649871,0.0419602842078237,0.6450580478683963,0.8418207168579102,-0.5489915013313293,-0.708288848400116,1997,0.041960180436937555,0.6450580478683963,0.8418206572532654,-0.5489915013313293,-0.708288848400116,1997,-1.0377088616175811e-07,-1.0377088616175811e-05,1.0377088616175811e-05
593683205,0.0670607239947347,0.5368970663012949,0.5020087957382202,-1.1534419059753418,-0.272299587726593,1998,0.06706061426338408,0.5368970353572771,0.5020086765289307,-1.1534420251846313,-0.2722993791103363,1998,-1.0973135061709272e-07,-1.0973135061709272e-05,1.0973135061709272e-05
593716539,0.0868009896025686,0.5298368189368354,0.3948053121566772,-1.5910247564315796,-0.3018139004707336,1999,0.08680087391075347,0.5298367857931341,0.3948051929473877,-1.5910249948501587,-0.30181360244750977,1999,-1.1569181512793847e-07,-1.1569181512793847e-05,1.1569181512793847e-05
593749873,0.1029775873765974,0.5331017622538705,0.3235319554805755,-2.0308432579040527,-0.4285816252231598,2000,0.10297747317489837,0.533101762950851,0.32353198528289795,-2.030843496322632,-0.42858168482780457,2000,-1.142016990418604e-07,-1.142016990418604e-05,1.142016990418604e-05
593783207,0.1374779081290591,0.7602084208960551,1.0350096225738523,0.1115728318691253,-1.7370961904525757,2001,0.13747779790100312,0.7602084222557091,1.035009741783142,0.11157284677028656,-1.7370961904525757,2001,-1.1022805601612617e-07,-1.1022805601612617e-05,1.1022805601612617e-05
593816541,0.1659944391196597,0.7569603300961412,0.8554959297180176,0.0706859529018402,-1.6152747869491575,2002,0.1659943288916037,0.7569603199118354,0.8554959297180176,0.07068583369255066,-1.615274429321289,2002,-1.1022805601612617e-07,-1.1022805601612617e-05,1.1022805601612617e-05
593849875,0.1901968554601698,0.7791778900308788,0.7260724902153015,0.2684952914714813,-1.448101043701172,2003,0.19019674125847078,0.77917791219703,0.726072371006012,0.26849550008773804,-1.4481010437011719,2003,-1.1420169898634924e-07,-1.1420169898634924e-05,1.1420169898634924e-05
593883209,0.2106299316829074,0.793029520862456,0.6129922866821289,0.328595370054245,-1.1856297254562378,2004,0.21062981350756543,0.7930294663448518,0.6129921674728394,0.328594833612442,-1.1856293678283691,2004,-1.1817534195657231e-07,-1.1817534195657231e-05,1.1817534195657231e-05
593916543,0.2294522678798068,0.7926638883750927,0.5646700859069824,0.2552210986614227,-0.9291709065437316,2005,0.22945215169128635,0.7926638060117649,0.5646701455116272,0.25522053241729736,-0.9291707277297974,2005,-1.1618852047146078e-07,-1.1618852047146078e-05,1.1618852047146078e-05
593949877,0.2527809685414661,0.5185959421445308,0.4665740132331848,-0.6315149068832397,-0.0741249322891235,2006,0.2527808538430617,0.5185960007366709,0.4665740430355072,-0.6315145492553711,-0.07412512600421906,2006,-1.146984043853827e-07,-1.146984043853827e-05,1.146984043853827e-05
593983211,0.2778063750213016,0.4714593377029348,0.5005081295967102,-1.0676960945129397,0.1935450881719589,2007,0.27780626330312946,0.4714593018973805,0.500508189201355,-1.067696452140808,0.193545401096344,2007,-1.117181721577154e-07,-1.117181721577154e-05,1.117181721577154e-05
594016545,0.3014712697213519,0.453048282745175,0.4732978940010071,-1.1147066354751587,0.3387294113636017,2008,0.3014711624735282,0.45304830947529634,0.47329798340797424,-1.114707112312317,0.3387293517589569,2008,-1.0724782373294772e-07,-1.0724782373294772e-05,1.0724782373294772e-05
594049879,0.3258335849588741,0.4715595054024433,0.4872463047504425,-1.2377941608428955,0.2235748320817947,2009,0.3258334851616309,0.4715595221105678,0.48724645376205444,-1.2377952337265015,0.22357489168643951,2009,-9.979724319153505e-08,-9.979724319153505e-06,9.979724319153505e-06
594083213,0.3503185948675502,0.5043814186740387,0.4897001981735229,-1.3002501726150513,-0.0358039774000644,2010,0.350318506991236,0.5043814544307306,0.48970043659210205,-1.3002506494522095,-0.03580428287386894,2010,-8.787631416984354e-08,-8.787631416984354e-06,8.787631416984354e-06
594116547,0.3765664330070842,0.5797460128348326,0.5249567627906799,-1.5967860221862793,-0.8745250701904297,2011,0.37656634215053775,0.5797460398196792,0.5249567031860352,-1.5967861413955688,-0.8745254874229431,2011,-9.085654645302199e-08,-9.085654645302199e-06,9.085654645302199e-06
594149881,0.4130778303688396,0.586136534919026,0.7302279472351074,-1.6376290321350098,-0.984342873096466,2012,0.4130777454727576,0.586136497481352,0.730228066444397,-1.6376289129257202,-0.9843422770500183,2012,-8.489608199768739e-08,-8.489608199768739e-06,8.489608199768739e-06
594183215,0.4528531244343151,0.5774667270254216,0.7955058813095093,-1.7133400440216064,-0.906708300113678,2013,0.4528530425184653,0.5774668051353857,0.795505940914154,-1.713339924812317,-0.9067093133926392,2013,-8.191584977002009e-08,-8.191584977002009e-06,8.191584977002009e-06
594216549,0.4875225395903616,0.2638632502035081,1.0400824546813965,-0.1551657021045684,1.7768487930297852,2014,0.4875224537008689,0.26386328106893114,1.040082335472107,-0.15516605973243713,1.7768489122390747,2014,-8.588949274024316e-08,-8.588949274024316e-06,8.588949274024316e-06
594249883,0.5240877996827791,0.2518625817303645,1.096957802772522,-0.0168911479413509,1.44325852394104,2015,0.5240877217405723,0.25186263677074616,1.096958041191101,-0.01689164713025093,1.44325852394104,2015,-7.794220679979702e-08,-7.794220679979702e-06,7.794220679979702e-06
594283217,0.5611250371680289,0.2606755723909456,1.1111171245574951,-0.0973393023014068,1.4489892721176147,2016,0.5611249631994651,0.2606755705176989,1.1111172437667847,-0.09733931720256805,1.448989748954773,2016,-7.396856371855165e-08,-7.396856371855165e-06,7.396856371855165e-06
594316551,0.5977905482993154,0.2579740588724499,1.0999653339385986,-0.0681771337985992,1.359614610671997,2017,0.5977904783043948,0.2579739924108267,1.0999654531478882,-0.06817655265331268,1.359614372253418,2017,-6.999492063730628e-08,-6.999492063730628e-06,6.999492063730628e-06
594349885,0.6324107339924205,0.2686136966879727,1.038605570793152,-0.142655998468399,1.2142024040222168,2018,0.6324106679711429,0.26861371221666147,1.0386056900024414,-0.1426561325788498,1.2142025232315063,2018,-6.602127766708321e-08,-6.602127766708321e-06,6.602127766708321e-06
594383219,0.657507996851765,0.3534178844381092,0.7529178857803345,-0.3673389852046966,0.4834177494049072,2019,0.6575079268568443,0.35341778865901846,0.7529177665710449,-0.3673388659954071,0.48341819643974304,2019,-6.999492063730628e-08,-6.999492063730628e-06,6.999492063730628e-06
594416553,0.6790767799760529,0.4679001612423278,0.6470634937286377,-0.4988786876201629,0.1020053699612617,2020,0.6790767139547752,0.46790025396205953,0.6470636129379272,-0.4988784193992615,0.1020050123333931,2020,-6.602127766708321e-08,-6.602127766708321e-06,6.602127766708321e-06
594449887,0.7006695162202545,0.4885363652708941,0.6477820873260498,-0.591161847114563,0.0426540784537792,2021,0.7006694541726198,0.48853648845556963,0.6477822065353394,-0.5911620259284973,0.042653631418943405,2021,-6.204763469686014e-08,-6.204763469686014e-06,6.204763469686014e-06
594483221,0.7222465446537364,0.487920948633771,0.6473108530044556,-0.5356114506721497,0.0407284162938594,2022,0.7222464905533876,0.4879209900710188,0.6473110914230347,-0.535611629486084,0.040728289633989334,2022,-5.410034875641401e-08,-5.410034875641401e-06,5.410034875641401e-06
594516555,0.7440893442378073,0.4419943293830898,0.6552839875221252,-0.3961451947689056,0.1511308848857879,2023,0.744089288150637,0.4419944391301914,0.6552839279174805,-0.39614519476890564,0.1511305719614029,2023,-5.608717024152554e-08,-5.608717024152554e-06,5.608717024152554e-06
594549889,0.7690118383313843,0.2760481988802439,0.747674822807312,-0.1307830512523651,0.7919390201568604,2024,0.7690117802573926,0.2760481571317695,0.7476747632026672,-0.1307828575372696,0.7919391393661499,2024,-5.8073991726637075e-08,-5.8073991726637075e-06,5.8073991726637075e-06
594583223,0.796166216427647,0.2709987824439701,0.8146313428878784,-0.1393856108188629,1.0503005981445312,2025,0.7961661623272982,0.2709987459829789,0.814631462097168,-0.13938547670841217,1.050301432609558,2025,-5.410034875641401e-08,-5.410034875641401e-06,5.410034875641401e-06
594616557,0.8392411521023143,0.2768918831615992,0.8614987134933472,-0.1665774285793304,0.9764596819877625,2026,0.839241115883359,0.27689190451356444,0.8614990711212158,-0.1665775328874588,0.9764595031738281,2026,-3.62189552793879e-08,-3.62189552793879e-06,3.62189552793879e-06
594649891,0.8804178884571422,0.0823597430455013,0.8235347270965576,0.6391299962997437,0.363807201385498,2027,0.8804178552184192,0.08235974226949393,0.8235347867012024,0.6391300559043884,0.36380723118782043,2027,-3.3238722996209447e-08,-3.3238722996209447e-06,3.3238722996209447e-06
594683225,0.9202196410244334,0.1409973758661916,0.7960350513458252,0.3920137584209442,0.4799556732177734,2028,0.9202196077857104,0.14099737487203087,0.7960350513458252,0.3920135200023651,0.47995537519454956,2028,-3.3238722996209447e-08,-3.3238722996209447e-06,3.3238722996209447e-06
594716559,0.9636067649668086,0.060895331257482,0.8677424788475037,0.5843811631202698,0.2351841926574707,2029,0.9636067406687824,0.06089534386512153,0.867742657661438,0.584381103515625,0.2351842224597931,2029,-2.4298026257696392e-08,-2.4298026257696392e-06,2.4298026257696392e-06
594749893,0.9955470821207392,0.8881616916531317,0.95820951461792,0.2249760925769806,-0.1905358135700225,2030,0.995547057822713,0.888161748779589,0.9582095146179199,0.2249760627746582,-0.19053564965724945,2030,-2.429802614667409e-08,-2.429802614667409e-06,2.429802614667409e-06
594783227,0.031821141734285,0.7274600554859398,1.088221788406372,-0.111671507358551,-0.7832356691360474,2031,0.03182111743625882,0.727460072874348,1.088221788406372,-0.11167140305042267,-0.7832355499267578,2031,-2.429802620218524e-08,-2.429802620218524e-06,2.429802620218524e-06
594816561,0.0701846501177181,0.6744988042573563,1.1509052515029907,-0.4576805531978607,-0.8912987112998962,2032,0.07018462581969184,0.6744988131345897,1.1509052515029907,-0.4576806128025055,-0.8912989497184753,2032,-2.4298026257696392e-08,-2.4298026257696392e-06,2.4298026257696392e-06
594849895,0.1072032631382971,0.6565854295911886,1.1105583906173706,-0.5206021666526794,-0.7827022075653076,2033,0.10720323486662788,0.656585435180087,1.110558271408081,-0.5206021666526794,-0.7827022671699524,2033,-2.827166922791946e-08,-2.827166922791946e-06,2.827166922791946e-06
594883229,0.1397265057708451,0.615466776308659,0.9756972789764404,-0.6695070862770081,-0.5937486886978149,2034,0.13972647749917588,0.6154668053414059,0.9756972789764404,-0.6695069074630737,-0.5937487483024597,2034,-2.827166922791946e-08,-2.827166922791946e-06,2.827166922791946e-06
594916563,0.1859930615569779,0.5709987403504795,0.9253311157226562,-0.7093583345413208,-0.3392519652843475,2035,0.18599303030507647,0.5709987183462066,0.9253310561180115,-0.709358274936676,-0.3392518162727356,2035,-3.125190140007561e-08,-3.125190140007561e-06,3.125190140007561e-06
594949897,0.2312023441936204,0.5648000205510124,0.9041856527328492,-0.6798676252365112,-0.2931913137435913,2036,0.23120231294171892,0.5648000323162443,0.9041856527328491,-0.6798676252365112,-0.2931913733482361,2036,-3.125190151109791e-08,-3.1251901511097913e-06,3.1251901511097913e-06
594983231,0.2745914797927568,0.5584564691009442,0.867782711982727,-0.6717885136604309,-0.2584719657897949,2037,0.2745914425803908,0.5584565031664553,0.8677825927734375,-0.6717883944511414,-0.2584720849990845,2037,-3.7212365966432515e-08,-3.7212365966432515e-06,3.7212365966432515e-06
595016565,0.3169730048324296,0.5725667747954803,0.847630500793457,-0.6552800536155701,-0.3213593661785126,2038,0.3169729616595992,0.5725667865774178,0.8476303815841675,-0.6552801132202148,-0.32135945558547974,2038,-4.3172830366255965e-08,-4.3172830366255965e-06,4.3172830366255965e-06
595049899,0.3590948234941193,0.5837163575594392,0.8424363732337952,-0.6238601803779602,-0.3621904850006103,2039,0.3590947892619857,0.5837164474359162,0.8424365520477295,-0.6238598823547363,-0.36219078302383423,2039,-3.423213362774291e-08,-3.423213362774291e-06,3.423213362774291e-06
595083233,0.4013381611253449,0.6457643792170211,0.8448667526245117,-0.540425181388855,-0.7036643624305725,2040,0.40133812689321124,0.6457643967874267,0.8448667526245117,-0.5404252409934998,-0.7036646008491516,2040,-3.423213368325406e-08,-3.4232133683254062e-06,3.4232133683254062e-06
595116567,0.4441630433942505,0.6501810931354303,0.8564976453781128,-0.527183473110199,-0.7273447513580322,2041,0.4441630091621169,0.6501811140808711,0.8564976453781128,-0.5271834135055542,-0.7273448705673218,2041,-3.423213362774291e-08,-3.423213362774291e-06,3.423213362774291e-06
595149901,0.4843906741286942,0.6501164879377477,0.8045526146888733,-0.5498402714729309,-0.7579562067985535,2042,0.4843906309558638,0.6501165043384697,0.804552435874939,-0.5498401522636414,-0.7579562067985535,2042,-4.3172830366255965e-08,-4.3172830366255965e-06,4.3172830366255965e-06
595183235,0.5124763350631425,0.579915418389471,0.5617132186889648,-0.937075972557068,-0.5145135521888733,2043,0.5124762918903121,0.5799154191527331,0.5617132186889648,-0.9370758533477783,-0.5145134925842285,2043,-4.3172830421767117e-08,-4.317283042176712e-06,4.317283042176712e-06
595216569,0.5365974303032586,0.5601948654005842,0.4824219048023224,-1.2081822156906128,-0.4800651669502258,2044,0.5365973901106604,0.560194831494851,0.48242196440696716,-1.2081822156906128,-0.48006486892700195,2044,-4.0192598138588664e-08,-4.0192598138588664e-06,4.0192598138588664e-06
595249903,0.5476770739399603,0.5476770739399603,0.3693538904190063,-1.674251914024353,-0.5171068906784058,2045,0.5476770500543389,0.5476770500543389,0.3693539500236511,-1.6742520332336426,-0.5171066522598267,2045,-2.3885621480701502e-08,-2.3885621480701502e-06,2.3885621480701502e-06
595283237,0.5518539659096242,0.5518539659096242,0.3266827464103699,-1.853555679321289,-0.6262197494506836,2046,0.5518539705032369,0.5518539705032369,0.32668283581733704,-1.853555679321289,-0.6262198090553284,2046,4.593612712433526e-09,4.593612712433526e-07,4.593612712433526e-07
595316571,0.5623432111654124,0.5504555521242175,0.314677357673645,-1.8992652893066408,-0.6231245398521423,2047,0.5623432187392573,0.5504555611429498,0.3146774470806122,-1.8992652893066406,-0.6231246590614319,2047,7.573844884589676e-09,7.573844884589676e-07,7.573844884589676e-07
595349905,0.5727344832731726,0.554755083026852,0.3117381632328033,-1.9146183729171755,-0.6859786510467529,2048,0.5727344868733745,0.5547550654626969,0.3117380440235138,-1.9146183729171753,-0.6859784126281738,2048,3.6002019143666075e-09,3.6002019143666075e-07,3.6002019143666075e-07
595383239,0.6170448324991705,0.8150833793595683,0.8862069845199585,0.5730935335159302,-1.3224397897720337,2049,0.6170448360993724,0.8150833467487941,0.8862069845199585,0.573093056678772,-1.322439432144165,2049,3.6002019143666075e-09,3.6002019143666075e-07,3.6002019143666075e-07
595416573,0.6531398854567053,0.8406660000143171,0.7219010591506958,0.6487210392951965,-1.0128276348114014,2050,0.6531398830964428,0.8406659885975498,0.7219009399414062,0.6487208604812622,-1.0128275156021118,2050,-2.3602625409679945e-09,-2.3602625409679945e-07,2.3602625409679945e-07
595449907,0.6812569997622016,0.8283585060163374,0.5623422861099243,0.4040434062480926,-0.7532516717910767,2051,0.6812569914414746,0.8283584424465372,0.5623421669006348,0.4040430188179016,-0.7532516717910767,2051,-8.320726996302596e-09,-8.320726996302596e-07,8.320726996302596e-07
595483241,0.6980998498115383,0.6812395345478098,0.5052855014801025,-0.1924029290676117,-0.4172820448875427,2052,0.6980998454644542,0.6812395131913569,0.5052856206893921,-0.19240327179431915,-0.4172826409339905,2052,-4.3470840260795285e-09,-4.3470840260795285e-07,4.3470840260795285e-07
595516575,0.7137907338056407,0.5813644836628851,0.4707265198230743,-0.297416090965271,-0.1668421626091003,2053,0.7137907314453782,0.581364797430945,0.4707265794277191,-0.29741591215133667,-0.16684283316135406,2053,-2.3602625409679945e-09,-2.3602625409679945e-07,2.3602625409679945e-07
595549909,0.7293052367283346,0.5376371812310949,0.4654350876808166,-0.5230402946472168,-0.1260477751493454,2054,0.729305234368072,0.5376373780491053,0.46543508768081665,-0.5230401754379272,-0.12604843080043793,2054,-2.3602625409679945e-09,-2.3602625409679945e-07,2.3602625409679945e-07
595583243,0.7442295960499288,0.5484516390716412,0.4477307796478271,-0.8210140466690063,-0.2579605877399444,2055,0.74422959865672,0.5484516178962572,0.4477309286594391,-0.8210145235061646,-0.25796061754226685,2055,2.6067912273219918e-09,2.606791227321992e-07,2.606791227321992e-07
595616577,0.7612208437833629,0.6148268533850556,0.5097374320030212,-1.0211011171340942,-0.8982493281364441,2056,0.7612208444033326,0.6148268324354985,0.5097373723983765,-1.0211011171340942,-0.898249089717865,2056,6.199697422104578e-10,6.199697422104578e-08,6.199697422104578e-08
595649911,0.7793099355611643,0.6268518207241044,0.5426727533340454,-1.0201677083969116,-1.0441882610321045,2057,0.7793099401547771,0.626851848613069,0.542672872543335,-1.020167350769043,-1.0441882610321045,2057,4.593612712433526e-09,4.593612712433526e-07,4.593612712433526e-07
595683245,0.7997688444369476,0.6391738608314608,0.6137672662734985,-0.965100884437561,-1.1543537378311155,2058,0.7997688569778463,0.6391738979410814,0.6137675046920776,-0.9651005268096924,-1.1543538570404053,2058,1.2540898652879662e-08,1.2540898652879662e-06,1.2540898652879662e-06
595716579,0.8209953915986857,0.6480416146616916,0.6367964148521423,-0.9868881702423096,-1.3237700462341309,2059,0.8209954061264059,0.6480416398714337,0.6367964744567871,-0.9868881106376648,-1.3237704038619995,2059,1.4527720137991196e-08,1.4527720137991196e-06,1.4527720137991196e-06
595749913,0.8487797470801514,0.6663087779811103,0.8335306644439697,-0.9170778393745422,-1.5802085399627686,2060,0.8487797655815145,0.6663087772594289,0.8335307836532593,-0.9170777797698975,-1.580208420753479,2060,1.8501363108214264e-08,1.8501363108214264e-06,1.8501363108214264e-06
595783247,0.8775607359323344,0.669298623648604,0.8634296655654907,-0.9498437643051147,-1.709867000579834,2061,0.8775607464864115,0.6692986109295136,0.8634294271469116,-0.9498439431190491,-1.709867000579834,2061,1.0554077056745825e-08,1.0554077056745825e-06,1.0554077056745825e-06
595816581,0.9383049440297924,0.1704352838730027,1.2148841619491575,0.6764280796051025,1.2384291887283323,2062,0.9383049784257272,0.17043519800390106,1.214884638786316,0.6764285564422607,1.2384284734725952,2062,3.4395934878084233e-08,3.4395934878084233e-06,3.4395934878084233e-06
595849915,0.9952698838624796,0.1667707770078053,1.1392987966537476,0.636771559715271,1.104588747024536,2063,0.9952699182584146,0.16677081120959353,1.1392987966537476,0.6367713809013367,1.1045889854431152,2063,3.4395934989106536e-08,3.4395934989106536e-06,3.4395934989106536e-06
595883249,0.0429579448613961,0.1556491510013089,0.9537612199783324,0.4767162501811981,0.7076582312583923,2064,0.04295796137593788,0.15564930891466203,0.9537608623504639,0.47671595215797424,0.7076593041419983,2064,1.6514541734125032e-08,1.6514541734125032e-06,1.6514541734125032e-06
595916583,0.0720450161848444,0.0720450161848445,0.7506349086761475,0.2550806105136871,0.1240597441792488,2065,0.07204479102818273,0.07204479102818277,0.750635027885437,0.2550806701183319,0.12405932694673538,2065,-2.2515666164846238e-07,-2.2515666164846238e-05,2.2515666164846238e-05
595949917,0.0961580950969436,0.8873979273531721,0.7233923673629761,0.1010303199291229,-0.0864001661539077,2066,0.09615786994028193,0.8873973604603203,0.7233923673629761,0.1010294258594513,-0.08640002459287643,2066,-2.2515666164846238e-07,-2.2515666164846238e-05,2.2515666164846238e-05
595983251,0.1202118594402054,0.8895245752776245,0.7216129302978516,0.1295637190341949,-0.1078379526734352,2067,0.12021163428354364,0.889524544782507,0.7216129302978516,0.12956352531909943,-0.10783783346414566,2067,-2.2515666175948468e-07,-2.2515666175948468e-05,2.2515666175948468e-05
596016585,0.1441883721901952,0.0182160541292771,0.7192953824996948,0.2567597329616546,0.0295163951814174,2068,0.14418814703353347,0.018216268725013647,0.7192953824996948,0.25675979256629944,0.029516752809286118,2068,-2.2515666175948468e-07,-2.2515666175948468e-05,2.2515666175948468e-05
596049919,0.1688601095432022,0.1149320969739496,0.74015212059021,0.4779990613460541,0.4210505485534668,2069,0.16885988438654048,0.11493219541095893,0.74015212059021,0.4779984652996063,0.4210505485534668,2069,-2.2515666175948468e-07,-2.2515666175948468e-05,2.2515666175948468e-05
596083253,0.1950295010163366,0.1429180215712724,0.7850817441940308,0.4980227053165436,0.6249909996986389,2070,0.19502927188603186,0.14291797515315338,0.7850816249847412,0.49802300333976746,0.6249909996986389,2070,-2.2913030472970775e-07,-2.2913030472970775e-05,2.2913030472970775e-05
596116587,0.224438496326802,0.1436771716029416,0.8822698593139648,0.5186956524848938,0.6573433876037598,2071,0.22443827117014034,0.14367714964477535,0.8822699785232544,0.5186952352523804,0.6573426723480225,2071,-2.2515666164846238e-07,-2.2515666164846238e-05,2.2515666164846238e-05
596149921,0.2558033028199254,0.1342554436530927,0.9409441947937012,0.5002195835113525,0.562065064907074,2072,0.25580307368962074,0.13425542896200654,0.9409440755844116,0.500219464302063,0.5620648264884949,2072,-2.291303046741966e-07,-2.291303046741966e-05,2.291303046741966e-05
596183255,0.2640772842954499,0.2640772842954499,0.9324719905853271,-0.0475564859807491,0.5362612009048462,2073,0.2640773049603007,0.2640773049603007,0.9324721097946167,-0.047556545585393906,0.5362610816955566,2073,2.0664850719498418e-08,2.0664850719498418e-06,2.0664850719498418e-06
596216589,0.3139512919973237,0.3329501291505767,0.9974801540374756,-0.2665825188159942,0.4643126726150512,2074,0.31395131266217446,0.33295002357649683,0.9974801540374756,-0.26658228039741516,0.46431297063827515,2074,2.0664850719498418e-08,2.0664850719498418e-06,2.0664850719498418e-06
596249923,0.3464176320623262,0.9580322743509934,0.9739902019500732,0.3341200053691864,-0.090204931795597,2075,0.3464176527271769,0.9580322038275633,0.9739902019500732,0.33411988615989685,-0.09020505845546722,2075,2.0664850719498418e-08,2.0664850719498418e-06,2.0664850719498418e-06
596283257,0.3980636500905855,0.75206677461512,1.0329203605651855,0.0080243833363056,-0.6178944110870361,2076,0.39806367671590065,0.7520667373611303,1.032920479774475,0.008024241775274277,-0.6178946495056152,2076,2.662531517483302e-08,2.662531517483302e-06,2.662531517483302e-06
596316591,0.4497334563325746,0.7190780970851485,1.0333961248397827,-0.1567132174968719,-0.7964276671409607,2077,0.44973347699742533,0.7190781097731047,1.0333960056304932,-0.15671312808990479,-0.7964275479316711,2077,2.0664850719498418e-08,2.0664850719498418e-06,2.0664850719498418e-06
596349925,0.5027956628393038,0.6799352313603928,1.0612441301345823,-0.3468290865421295,-0.7362714409828186,2078,0.5027956835041545,0.6799352568062704,1.0612441301345825,-0.34682902693748474,-0.7362716197967529,2078,2.0664850719498418e-08,2.0664850719498418e-06,2.0664850719498418e-06
596383259,0.5488704764436586,0.7182640129368167,0.9214962720870972,-0.1145698279142379,-0.566928505897522,2079,0.5488705090294383,0.7182639767649822,0.9214965105056763,-0.11456996202468872,-0.566928505897522,2079,3.2585779741189924e-08,3.2585779741189924e-06,3.2585779741189924e-06
596416593,0.5582812299777461,0.5582812299777461,0.8573122024536133,-0.7746939063072205,-0.2970861792564392,2080,0.5582812591537543,0.5582812591537543,0.8573122024536133,-0.77469402551651,-0.2970863878726959,2080,2.9176008164988332e-08,2.917600816498833e-06,2.917600816498833e-06
596449927,0.5861686816264583,0.5507045692891026,0.8366235494613647,-0.7345368266105652,-0.2422657310962677,2081,0.5861687147761094,0.5507045441342218,0.8366236686706543,-0.7345369458198547,-0.24226564168930054,2081,3.31496511352114e-08,3.31496511352114e-06,3.31496511352114e-06
596483261,0.6137857805142197,0.5649074391925586,0.828512966632843,-0.6767259240150452,-0.292378306388855,2082,0.6137858156506923,0.5649074545038807,0.8285130262374878,-0.6767257452011108,-0.292378306388855,2082,3.5136472620322934e-08,3.5136472620322934e-06,3.5136472620322934e-06
596516595,0.6412218819508347,0.5948722555585009,0.8230830430984497,-0.6023892164230347,-0.4086768627166748,2083,0.6412219210609503,0.5948722320656888,0.8230831623077393,-0.6023892760276794,-0.40867677330970764,2083,3.9110115590546e-08,3.9110115590546e-06,3.9110115590546e-06
596549929,0.6692122867156459,0.584662767196612,0.8397121429443359,-0.6243547201156616,-0.3674589395523071,2084,0.6692123258257615,0.5846627728391002,0.8397121429443359,-0.6243547201156616,-0.3674589693546295,2084,3.9110115590546e-08,3.9110115590546e-06,3.9110115590546e-06
596583263,0.6893779069631689,0.5673238934309583,0.6049686074256897,-1.0665855407714844,-0.4801617562770843,2085,0.689377948060106,0.567323844624352,0.6049686670303345,-1.0665854215621948,-0.48016130924224854,2085,4.1096937075657536e-08,4.109693707565754e-06,4.109693707565754e-06
596616597,0.7577162236421697,0.7703115764413078,1.366766333580017,0.2383475005626678,-1.8574634790420528,2086,0.7577162647391068,0.7703115701274144,1.366766333580017,0.23834744095802307,-1.8574635982513428,2086,4.1096937075657536e-08,4.109693707565754e-06,4.109693707565754e-06
596649931,0.7967206369290146,0.7485866909417402,1.170132398605347,-0.0166865549981594,-1.8790496587753296,2087,0.7967206780259517,0.7485866959433028,1.1701323986053467,-0.01668649911880493,-1.8790500164031982,2087,4.1096937075657536e-08,4.109693707565754e-06,4.109693707565754e-06
596683265,0.8303779413749172,0.7331233263156622,1.0097191333770752,-0.2013758718967437,-1.891945600509644,2088,0.8303779864454972,0.7331233445397356,1.0097192525863647,-0.20137567818164825,-1.8919458389282227,2088,4.5070580045880604e-08,4.50705800458806e-06,4.50705800458806e-06
596716599,0.8587011665552252,0.7274478541295262,0.8496967554092407,-0.2555854916572571,-1.7916289567947388,2089,0.8587012096389838,0.7274478689642726,0.849696695804596,-0.255585253238678,-1.7916284799575806,2089,4.308375856076907e-08,4.308375856076907e-06,4.308375856076907e-06
596749933,0.8849360357174668,0.7180175254023862,0.7870460748672485,-0.3091239631175995,-1.5175366401672363,2090,0.8849360807880469,0.7180175396297456,0.7870461344718933,-0.3091237246990204,-1.5175361633300781,2090,4.5070580045880604e-08,4.50705800458806e-06,4.50705800458806e-06
596783267,0.9103425314475492,0.7124290132215867,0.7621948719024658,-0.2657137215137481,-1.1046066284179688,2091,0.9103425765181291,0.7124290419423281,0.7621948719024658,-0.2657134532928467,-1.1046063899993896,2091,4.50705799348583e-08,4.50705799348583e-06,4.50705799348583e-06
596816601,0.9335812658517952,0.6559298444026456,0.6971620321273804,-0.4593053162097931,-0.6844145655632019,2092,0.9335813089355536,0.6559299047586864,0.6971619725227356,-0.4593047797679901,-0.6844143271446228,2092,4.3083758338724465e-08,4.3083758338724465e-06,4.3083758338724465e-06
596849935,0.9549306661337011,0.5447678455520297,0.6404820084571838,-1.0819435119628906,-0.3126229643821716,2093,0.9549307072306382,0.5447677854902384,0.6404819488525391,-1.081943392753601,-0.3126224875450134,2093,4.1096937075657536e-08,4.109693707565754e-06,4.109693707565754e-06
596883269,0.975704563702086,0.511990948586859,0.6232169270515442,-1.4659124612808228,-0.1106532737612724,2094,0.975704608772666,0.511991000231129,0.6232170462608337,-1.4659123420715332,-0.11065374314785004,2094,4.50705799348583e-08,4.50705799348583e-06,4.50705799348583e-06
596916603,0.996198555871784,0.513811821821892,0.6148197650909424,-1.6180890798568726,-0.1407749652862548,2095,0.996198600942364,0.5138118753303353,0.6148197650909424,-1.6180886030197144,-0.14077547192573547,2095,4.5070580045880604e-08,4.50705800458806e-06,4.50705800458806e-06
596949937,0.0161250879813625,0.5194098238404065,0.5977959632873535,-1.7236545085906982,-0.2112575769424438,2096,0.016125135038763894,0.5194097899517274,0.5977960228919983,-1.7236545085906982,-0.211257204413414,2096,4.7057401419969835e-08,4.7057401419969835e-06,4.7057401419969835e-06
596983271,0.0382335395067328,0.5312576727383445,0.6632535457611084,-1.6859102249145508,-0.3354328870773315,2097,0.0382335806036697,0.5312576250738227,0.6632533669471741,-1.6859098672866821,-0.3354322910308838,2097,4.109693685361293e-08,4.109693685361293e-06,4.109693685361293e-06
597016605,0.070292330826262,0.5769921008791894,0.9617637395858764,-1.7518396377563477,-0.9204056262969972,2098,0.07029237192319893,0.5769920796608152,0.9617637395858765,-1.7518396377563477,-0.9204053282737732,2098,4.1096936964635233e-08,4.109693696463523e-06,4.109693696463523e-06
597049939,0.1243546734699998,0.3161151607305726,1.081246852874756,-0.822643518447876,1.8650540113449097,2099,0.12435472648786566,0.316115180013507,1.081247091293335,-0.8226435780525208,1.8650535345077515,2099,5.301786587530444e-08,5.301786587530444e-06,5.301786587530444e-06
597083273,0.1790004502186571,0.3079619279323078,1.0929155349731443,-0.698738694190979,1.8330507278442385,2100,0.17900050919698735,0.3079619048918353,1.092915654182434,-0.6987387537956238,1.8330516815185547,2100,5.897833021961674e-08,5.897833021961674e-06,5.897833021961674e-06
597116607,0.2336506019482408,0.3107014592636605,1.0930030345916748,-0.5647764801979065,1.4082963466644287,2101,0.23365066688703556,0.3107014442724796,1.0930031538009644,-0.5647759437561035,1.4082953929901123,2101,6.493879478597364e-08,6.493879478597364e-06,6.493879478597364e-06
597149941,0.2926183651337419,0.3137724070982275,1.179355263710022,-0.5695730447769165,1.3445651531219482,2102,0.29261844199346565,0.31377239098029125,1.179355502128601,-0.5695729851722717,1.3445653915405273,2102,7.685972369664285e-08,7.685972369664285e-06,7.685972369664285e-06
597183275,0.3129476382950897,0.3129476382950897,1.2028942108154297,-0.5551108717918396,1.3295668363571167,2103,0.3129476544561498,0.3129476544561498,1.2028944492340088,-0.5551112294197083,1.329567313194275,2103,1.6161060045760678e-08,1.6161060045760678e-06,1.6161060045760678e-06
597216609,0.3506231700003103,0.3163935282102296,1.1302659511566162,-0.5759092569351196,1.299510836601257,2104,0.3506231901350133,0.3163936068373911,1.1302660703659058,-0.5759099721908569,1.2995107173919678,2104,2.0134703015983746e-08,2.0134703015983746e-06,2.0134703015983746e-06
597249943,0.3852154686669464,0.3503096162184354,1.0377689599990845,-0.7059979438781738,0.9677581191062928,2105,0.3852154848280065,0.35030967033615007,1.037768840789795,-0.7059983611106873,0.9677579998970032,2105,1.6161060045760678e-08,1.6161060045760678e-06,1.6161060045760678e-06
597283277,0.4277732982854004,0.4377132876123497,0.8511565923690796,-0.9053441286087036,0.3735851645469665,2106,0.4277733144464605,0.4377133382054456,0.8511565923690796,-0.9053443670272827,0.37358492612838745,2106,1.6161060045760678e-08,1.6161060045760678e-06,1.6161060045760678e-06
597316611,0.4662631824235077,0.5147871636475474,0.769797682762146,-0.961985170841217,-0.0896365866065025,2107,0.46626319560433555,0.5147871135436685,0.7697976231575012,-0.961985170841217,-0.08963628113269806,2107,1.3180827762582226e-08,1.3180827762582226e-06,1.3180827762582226e-06
597349945,0.5031908049801941,0.5461472330156408,0.738552451133728,-0.9211305975914,-0.2748286128044128,2108,0.503190818161022,0.5461472831211096,0.738552451133728,-0.9211305379867554,-0.2748289108276367,2108,1.3180827873604528e-08,1.3180827873604528e-06,1.3180827873604528e-06
597383279,0.5404313459614868,0.5626117453617568,0.7448108196258545,-0.8611859083175659,-0.3574234843254089,2109,0.5404313502016179,0.5626118368429633,0.7448106408119202,-0.8611853718757629,-0.3574238419532776,2109,4.240131135091474e-09,4.240131135091474e-07,4.240131135091474e-07
597416613,0.5684475710860124,0.5684475710860124,0.7612332105636597,-0.7890247106552124,-0.3619289994239807,2110,0.5684476791176445,0.5684476791176445,0.7612333297729492,-0.7890245318412781,-0.3619295656681061,2110,1.0803163208450428e-07,1.0803163208450428e-05,1.0803163208450428e-05
597449947,0.5971487056087683,0.3071623747082126,0.8610340356826782,-0.3472621738910675,0.9249319434165956,2111,0.5971488096667574,0.30716232078915273,0.8610339164733887,-0.3472617268562317,0.9249317049980164,2111,1.0405798911428121e-07,1.0405798911428121e-05,1.0405798911428121e-05
597483281,0.6445661078762244,0.0413374885832134,0.9483480453491212,0.649476170539856,0.1725876629352569,2112,0.6445662149144458,0.041337501367418004,0.9483481049537659,0.6494764089584351,0.1725877821445465,2112,1.0703822139745967e-07,1.0703822139745967e-05,1.0703822139745967e-05
597516615,0.6904719303917121,0.0395085227218927,0.9181164503097534,0.7299436330795288,0.1850168704986572,2113,0.6904720493508624,0.039508492235480475,0.9181166887283325,0.729943573474884,0.1850167065858841,2113,1.1895915030812887e-07,1.1895915030812887e-05,1.1895915030812887e-05
597549949,0.734992433674259,0.02514294468867,0.8904100656509399,0.491591066122055,0.0783130377531051,2114,0.7349925466729449,0.02514293933813738,0.8904099464416504,0.49159112572669983,0.07831303030252457,2114,1.1299868585279427e-07,1.1299868585279427e-05,1.1299868585279427e-05
597583283,0.7803397308658789,0.9683968599656804,0.9069459438323976,0.5907077789306641,-0.1188622340559959,2115,0.7803398498250292,0.9683968464605778,0.906946063041687,0.5907077789306641,-0.11886228621006012,2115,1.1895915030812887e-07,1.1895915030812887e-05,1.1895915030812887e-05
597616617,0.8269098471473884,0.8653898722469096,0.931402325630188,0.3492512702941894,-0.3941969573497772,2116,0.8269099720670031,0.8653899485279068,0.9314024448394775,0.3492514491081238,-0.3941967785358429,2116,1.2491961476346347e-07,1.2491961476346347e-05,1.2491961476346347e-05
597649951,0.863066112088286,0.752856435550206,1.0846879482269287,0.014934841543436,-0.8320505023002625,2117,0.8630662330342578,0.7528564282221726,1.0846878290176392,0.014934804290533066,-0.8320505619049072,2117,1.209459717932404e-07,1.209459717932404e-05,1.209459717932404e-05
597683285,0.902751154787464,0.7039180671946197,1.1905512809753418,-0.3077874779701233,-1.0331443548202517,2118,0.9027512757334358,0.7039180730277073,1.1905512809753418,-0.3077875077724457,-1.0331445932388306,2118,1.209459717932404e-07,1.209459717932404e-05,1.209459717932404e-05
597716619,0.941330189592762,0.644254020450201,1.1573710441589355,-0.704054594039917,-0.8989297747612,2119,0.9413303105387337,0.6442540190322652,1.1573710441589355,-0.7040546536445618,-0.8989298343658447,2119,1.209459716822181e-07,1.209459716822181e-05,1.209459716822181e-05
597749953,0.9753911486140124,0.5736278034211226,1.0218287706375122,-0.967104196548462,-0.4823070168495178,2120,0.9753912695599841,0.573627760216854,1.0218287706375122,-0.9671041965484619,-0.48230668902397156,2120,1.209459716822181e-07,1.209459716822181e-05,1.209459716822181e-05
597783287,0.0075874716908963,0.5641621123159581,0.9658896923065186,-0.9385356307029724,-0.4002876281738281,2121,0.007587592636868035,0.5641621208679479,0.9658896923065186,-0.9385356307029724,-0.4002876877784729,2121,1.209459716822181e-07,1.209459716822181e-05,1.209459716822181e-05
597816621,0.0385674487423133,0.5478652220702207,0.929399311542511,-0.9009088277816772,-0.2794203758239746,2122,0.03856757167510656,0.5478651897860329,0.9293993711471558,-0.9009091854095459,-0.27942028641700745,2122,1.2293279327835194e-07,1.2293279327835194e-05,1.2293279327835194e-05
597849955,0.0686267188063494,0.5461371001680506,0.9017781019210817,-0.8291740417480469,-0.2473349571228027,2123,0.0686268457127856,0.5461370623825172,0.9017782211303711,-0.8291741609573364,-0.2473347783088684,2123,1.26906436248575e-07,1.26906436248575e-05,1.26906436248575e-05
597883289,0.111876212643706,0.559717756865544,0.8649898767471313,-0.8202970623970032,-0.3230970203876495,2124,0.11187633955014217,0.5597177919054144,0.8649898767471313,-0.8202970623970032,-0.32309722900390625,2124,1.269064361375527e-07,1.269064361375527e-05,1.269064361375527e-05
597916623,0.146289141065998,0.7947951811017092,1.0323878526687622,0.255089670419693,-0.8822607398033142,2125,0.14628927194607722,0.7947951641250596,1.0323879718780518,0.25508955121040344,-0.8822606801986694,2125,1.3088007921879807e-07,1.3088007921879807e-05,1.3088007921879807e-05
597949957,0.1790444802116584,0.8777420730954031,0.982660174369812,0.8327598571777344,-0.8045479655265808,2126,0.17904460711809464,0.8777420777897358,0.9826600551605225,0.832760214805603,-0.8045482635498047,2126,1.26906436248575e-07,1.26906436248575e-05,1.26906436248575e-05
597983291,0.2115650366615486,0.9715770899820696,0.975616693496704,1.0296305418014526,-0.1858581006526947,2127,0.2115651556206988,0.971577095433974,0.975616455078125,1.0296306610107422,-0.1858580857515335,2127,1.1895915019710657e-07,1.1895915019710657e-05,1.1895915019710657e-05
598016625,0.2401847750813992,0.9912222965349432,0.85859215259552,1.1865816116333008,-0.0655087083578109,2128,0.240184884106442,0.9912222810092141,0.8585918545722961,1.1865822076797485,-0.06550885736942291,2128,1.090250427715489e-07,1.090250427715489e-05,1.090250427715489e-05
598049959,0.2689045698316128,0.0537797470439884,0.8615938425064087,0.7785865664482117,0.2735836207866668,2129,0.26890467885665564,0.05377973883510808,0.8615938425064087,0.7785868644714355,0.27358368039131165,2129,1.090250427715489e-07,1.090250427715489e-05,1.090250427715489e-05
598083293,0.2968612502884101,0.1198747629781818,0.8387004137039185,0.6798328757286072,0.6373996138572693,2130,0.2968613672607389,0.11987477504918591,0.8387006521224976,0.6798325181007385,0.6373993754386902,2130,1.1697232882301734e-07,1.1697232882301734e-05,1.1697232882301734e-05
598116627,0.3217751811813545,0.1588827978048632,0.7474179267883301,0.5626070499420166,0.872921884059906,2131,0.3217752981536833,0.15888281708868174,0.7474179267883301,0.5626071691513062,0.8729223012924194,2131,1.1697232871199503e-07,1.1697232871199503e-05,1.1697232871199503e-05
598149961,0.343899777618173,0.1949590155982566,0.6637378931045532,0.4223986566066742,1.1723101139068604,2132,0.3438998906168587,0.19495905056771162,0.6637377738952637,0.42239853739738464,1.1723105907440186,2132,1.1299868574177196e-07,1.1299868574177196e-05,1.1299868574177196e-05
598183295,0.3664541632802518,0.1760036515355506,0.6766315698623657,0.9008214473724364,1.79586923122406,2133,0.36645428025258053,0.17600365993570252,0.6766316890716553,0.9008211493492126,1.7958688735961914,2133,1.1697232871199503e-07,1.1697232871199503e-05,1.1697232871199503e-05
598216629,0.3895983925333849,0.1739673908860484,0.6943268775939941,1.017282485961914,1.9649083614349363,2134,0.3895985095057137,0.1739674100578765,0.6943268775939941,1.017282247543335,1.964908480644226,2134,1.1697232871199503e-07,1.1697232871199503e-05,1.1697232871199503e-05
598249963,0.4130279611419868,0.1867752036409312,0.7028870582580566,0.8580272197723389,2.0450689792633057,2135,0.41302808407478003,0.186775253511275,0.702887237071991,0.8580262660980225,2.0450685024261475,2135,1.2293279327835194e-07,1.2293279327835194e-05,1.2293279327835194e-05
598283297,0.4363572528830401,0.2223635453447795,0.6998787522315979,0.3428702354431152,1.9546616077423096,2136,0.4363573758158333,0.22236354464240507,0.6998787522315979,0.3428702652454376,1.9546617269515991,2136,1.2293279316732963e-07,1.2293279316732963e-05,1.2293279316732963e-05
598316631,0.4600678077212206,0.2489742659242122,0.7113166451454163,0.0127405263483524,1.9768180847167969,2137,0.4600679286671923,0.24897429033153368,0.7113165855407715,0.012740220874547958,1.9768177270889282,2137,1.209459716822181e-07,1.209459716822181e-05,1.209459716822181e-05
598349965,0.4880818040044339,0.187731392524256,0.8404198884963989,0.8929730653762817,2.164724111557007,2138,0.4880819249504056,0.18773137885488184,0.8404198884963989,0.8929731845855713,2.1647238731384277,2138,1.209459716822181e-07,1.209459716822181e-05,1.209459716822181e-05
598383299,0.5165506035954983,0.1629126368743615,0.8540639877319336,1.33398699760437,2.189591407775879,2139,0.516550732488756,0.16291263629044073,0.8540642261505127,1.3339862823486328,2.1895902156829834,2139,1.2889325773368654e-07,1.2889325773368654e-05,1.2889325773368654e-05
598416633,0.5448427946240932,0.1499972501021073,0.8487657308578491,1.4567413330078125,2.0049595832824707,2140,0.544842931464637,0.14999728387556194,0.8487659692764282,1.4567408561706543,2.00495982170105,2140,1.3684054378515498e-07,1.3684054378515498e-05,1.3684054378515498e-05
598449967,0.5727617373934617,0.1445266789813181,0.8375682830810547,1.318851351737976,1.6898517608642578,2141,0.5727618742340055,0.14452665804898823,0.8375682830810547,1.3188517093658447,1.6898517608642578,2141,1.3684054378515498e-07,1.3684054378515498e-05,1.3684054378515498e-05
598483301,0.6026592444252203,0.1465329345752034,0.8969252109527588,1.2305872440338137,1.6184132099151611,2142,0.6026593852394071,0.14653293991542615,0.8969253301620483,1.2305868864059448,1.6184128522872925,2142,1.4081418675537805e-07,1.4081418675537805e-05,1.4081418675537805e-05
598516635,0.6322281113139024,0.1528816663190922,0.8870660066604614,1.2191927433013916,1.7436089515686035,2143,0.6322282521280892,0.15288169186963244,0.8870660066604614,1.2191927433013916,1.7436095476150513,2143,1.4081418675537805e-07,1.4081418675537805e-05,1.4081418675537805e-05
598549969,0.6596095036338996,0.1611165020871091,0.8214417695999146,1.0590492486953735,1.6949608325958252,2144,0.6596096484217293,0.1611165151679531,0.8214418888092041,1.059049129486084,1.6949609518051147,2144,1.4478782972560111e-07,1.4478782972560111e-05,1.4478782972560111e-05
598583303,0.68419993627779,0.1758092178870236,0.7377129793167114,0.7569049596786499,1.504370093345642,2145,0.6842000770919767,0.17580921798175064,0.7377128601074219,0.7569051384925842,1.5043704509735107,2145,1.4081418675537805e-07,1.4081418675537805e-05,1.4081418675537805e-05
598616637,0.7047205518554878,0.2013271417285425,0.6156184673309326,0.4200073182582855,1.3302931785583496,2146,0.7047206926696745,0.20132716510986023,0.6156184673309326,0.42000699043273926,1.330292820930481,2146,1.4081418675537805e-07,1.4081418675537805e-05,1.4081418675537805e-05
598649971,0.7379586141180229,0.1832864901525126,0.6647612452507019,0.6053489446640015,1.3585597276687622,2147,0.7379587579124418,0.18328646684864955,0.6647613048553467,0.6053491830825806,1.3585597276687622,2147,1.437944189275342e-07,1.437944189275342e-05,1.437944189275342e-05
598683305,0.7734318833421897,0.1626029372456907,0.7094653844833374,0.8716288805007935,1.4244362115859983,2148,0.7734320301168409,0.16260297007922606,0.7094654440879822,0.8716284036636353,1.424436092376709,2148,1.4677465121071265e-07,1.4677465121071265e-05,1.4677465121071265e-05
598716639,0.8122276465963554,0.1444664595959961,0.775915265083313,1.141640305519104,1.4616496562957764,2149,0.8122277874105421,0.1444664623627972,0.7759151458740234,1.141640543937683,1.461650013923645,2149,1.4081418675537805e-07,1.4081418675537805e-05,1.4081418675537805e-05
598749973,0.8550984721254539,0.1281742670529704,0.8574165105819702,1.242707133293152,1.2932931184768677,2150,0.8550986129396406,0.12817426645628008,0.8574165105819702,1.242707371711731,1.2932933568954468,2150,1.4081418675537805e-07,1.4081418675537805e-05,1.4081418675537805e-05
598783307,0.9007879118990134,0.0936108401062678,0.9137887954711914,0.5617064833641052,0.3746102750301361,2151,0.9007880586736646,0.09361084983579797,0.913788914680481,0.5617067217826843,0.3746104836463928,2151,1.4677465121071265e-07,1.4677465121071265e-05,1.4677465121071265e-05
598816641,0.9481895070146752,0.0485662563619793,0.9480319023132324,0.6247342824935913,0.1967844069004058,2152,0.9481896478288617,0.04856627362954216,0.9480317831039429,0.6247342824935913,0.19678448140621185,2152,1.4081418653333344e-07,1.4081418653333344e-05,1.4081418653333344e-05
598849975,0.9918231945108604,0.0253339596236569,0.872673749923706,0.6463913321495056,0.1037691608071327,2153,0.9918233383052792,0.02533396397200402,0.8726738095283508,0.6463914513587952,0.1037691980600357,2153,1.437944188165119e-07,1.437944188165119e-05,1.437944188165119e-05
598883309,0.0258541875402267,0.0258541875402268,0.8714683055877686,0.4023761451244354,0.0659457594156265,2154,0.02585420198531785,0.025854201985317838,0.871468186378479,0.4023762345314026,0.0659458115696907,2154,1.4445091123249654e-08,1.4445091123249654e-06,1.4445091123249654e-06
598916643,0.0553224656303858,0.9657401436211271,0.884048342704773,0.5185021162033081,-0.1133698150515556,2155,0.055322482062298436,0.9657401250582502,0.8840484023094177,0.5185024738311768,-0.11336995661258698,2155,1.6431912608361188e-08,1.6431912608361188e-06,1.6431912608361188e-06
598949977,0.0867623660286402,0.8270047846135905,0.9431970119476318,0.256503164768219,-0.4881168007850647,2156,0.08676238643419582,0.8270048567579986,0.9431971311569214,0.25650346279144287,-0.4881168305873871,2156,2.0405555578584256e-08,2.0405555578584256e-06,2.0405555578584256e-06
598983311,0.1234052552104131,0.7320946655464289,1.099286675453186,-0.0948675870895385,-0.8396878242492676,2157,0.12340527561596867,0.7320946655464289,1.099286675453186,-0.09486758708953857,-0.8396878242492676,2157,2.0405555578584256e-08,2.0405555578584256e-06,2.0405555578584256e-06
599016645,0.1620165440758204,0.6936438377865837,1.1583386659622192,-0.3181999027729034,-0.8607500195503235,2158,0.16201656448137597,0.6936438390501893,1.1583386659622192,-0.31819987297058105,-0.8607499599456787,2158,2.0405555578584256e-08,2.0405555578584256e-06,2.0405555578584256e-06
599049979,0.2003221604546045,0.6660078316876621,1.1491684913635254,-0.4802461266517639,-0.8239151835441589,2159,0.20032218086016015,0.6660078281029769,1.1491684913635254,-0.4802461862564087,-0.8239152431488037,2159,2.0405555689606558e-08,2.040555568960656e-06,2.040555568960656e-06
599083313,0.2497786316593622,0.5866228573557928,0.9891294240951538,-0.7815331220626831,-0.4730193018913269,2160,0.24977865206491784,0.5866228653046319,0.9891294240951538,-0.7815331816673279,-0.47301939129829407,2160,2.0405555689606558e-08,2.040555568960656e-06,2.040555568960656e-06
599116647,0.2959441694935297,0.5663636142863082,0.9233107566833496,-0.788032054901123,-0.3490580320358276,2161,0.2959441839386208,0.5663636282333626,0.9233106374740601,-0.7880319356918335,-0.34905806183815,2161,1.4445091123249654e-08,1.4445091123249654e-06,1.4445091123249654e-06
599149981,0.3406566533764338,0.552084556964379,0.894249677658081,-0.7483862042427063,-0.2540493011474609,2162,0.34065666782152487,0.5520845930960856,0.894249677658081,-0.7483860850334167,-0.2540494501590729,2162,1.4445091123249654e-08,1.4445091123249654e-06,1.4445091123249654e-06
599183315,0.3846639189442133,0.5421353754804183,0.8801453113555908,-0.7416625022888184,-0.2010707259178161,2163,0.38466393636953666,0.54213537795615,0.8801453709602356,-0.7416626214981079,-0.20107077062129974,2163,1.7425323406428106e-08,1.7425323406428106e-06,1.7425323406428106e-06
599216649,0.4273629281242823,0.579297347196893,0.8539801836013794,-0.6234238147735596,-0.3391546010971069,2164,0.42736294554960563,0.5792973461631811,0.8539801836013794,-0.6234239339828491,-0.3391546607017517,2164,1.7425323406428106e-08,1.7425323406428106e-06,1.7425323406428106e-06
599249983,0.4702910456379389,0.6275342102024405,0.8585623502731323,-0.5051991939544678,-0.52154940366745,2165,0.47029106306326224,0.6275341732548607,0.8585623502731323,-0.5051993131637573,-0.5215492844581604,2165,1.7425323406428106e-08,1.7425323406428106e-06,1.7425323406428106e-06
599283317,0.5003520790060496,0.5877809332091523,0.6012206673622131,-0.9664990305900574,-0.5946205854415894,2166,0.5003521053720696,0.5877808959674853,0.6012208461761475,-0.9664991497993469,-0.5946203470230103,2166,2.6366020033918858e-08,2.6366020033918858e-06,2.6366020033918858e-06
599316651,0.5697512987574076,0.7746803862937824,1.3879843950271606,0.2874320149421692,-1.838664412498474,2167,0.5697513370443567,0.7746804133623804,1.3879846334457397,0.28743237257003784,-1.8386646509170532,2167,3.8286949055610364e-08,3.828694905561036e-06,3.828694905561036e-06
599349985,0.6272576394995188,0.7491944179641705,1.150126814842224,-0.0092050991952419,-1.8185913562774656,2168,0.6272576718260033,0.7491943658022004,1.1501266956329346,-0.009205695241689682,-1.8185913562774658,2168,3.232648448925346e-08,3.232648448925346e-06,3.232648448925346e-06
599383319,0.6763078454454875,0.7346426960257646,0.9810041189193726,-0.1738770902156829,-1.796373724937439,2169,0.676307877771972,0.734642692229273,0.9810041189193726,-0.17387717962265015,-1.7963742017745972,2169,3.232648448925346e-08,3.232648448925346e-06,3.232648448925346e-06
599416653,0.7160418305119014,0.7321616911427158,0.7946797013282776,-0.1898713707923889,-1.6869492530822754,2170,0.7160418598581536,0.732161709190106,0.7946796417236328,-0.1898711770772934,-1.6869492530822754,2170,2.9346252206075008e-08,2.9346252206075008e-06,2.9346252206075008e-06
599449987,0.7304789558474184,0.7304789558474184,0.744664192199707,-0.166227638721466,-1.3484498262405396,2171,0.730478948965568,0.730478948965568,0.7446637153625488,-0.16622766852378845,-1.3484495878219604,2171,-6.881850422857383e-09,-6.881850422857383e-07,6.881850422857383e-07
599483321,0.7542912021700502,0.7247112377958838,0.7143673896789551,-0.166599303483963,-1.0396547317504885,2172,0.7542911873409138,0.7247113095918023,0.714367151260376,-0.166598841547966,-1.0396548509597778,2172,-1.4829136363303519e-08,-1.4829136363303519e-06,1.4829136363303519e-06
599516655,0.7777682736937166,0.7182347808839351,0.7043121457099915,-0.2036515772342682,-1.0067813396453855,2173,0.7777682648250447,0.7182347975890313,0.7043123245239258,-0.20365144312381744,-1.0067812204360962,2173,-8.868671907968917e-09,-8.868671907968917e-07,8.868671907968917e-07
599549989,0.7990375017547569,0.6286042652643372,0.6380768418312073,-0.5655367374420166,-0.5917494297027588,2174,0.7990374948729064,0.6286042648931973,0.638076901435852,-0.5655367970466614,-0.5917494893074036,2174,-6.881850422857383e-09,-6.881850422857383e-07,6.881850422857383e-07
599583323,0.8195124899768791,0.4866056693521251,0.6142496466636658,-1.5998796224594116,0.1349631547927856,2175,0.8195124791213856,0.4866055707721964,0.6142495274543762,-1.5998799800872803,0.13496418297290802,2175,-1.0855493504102753e-08,-1.0855493504102753e-06,1.0855493504102753e-06
599616657,0.8390912448787651,0.480458757076731,0.5873626470565796,-1.7245211601257324,0.2128093242645263,2176,0.8390912300496286,0.4804587177070272,0.58736252784729,-1.7245217561721802,0.21280983090400696,2176,-1.4829136474325821e-08,-1.4829136474325821e-06,1.4829136474325821e-06
599649991,0.8579928234640719,0.4799675102690718,0.5670473575592041,-1.7496867179870603,0.22139972448349,2177,0.8579928086349354,0.47996750620123013,0.5670473575592041,-1.7496862411499023,0.2213997095823288,2177,-1.4829136474325821e-08,-1.4829136474325821e-06,1.4829136474325821e-06
599683325,0.8759527658843956,0.4778743426528534,0.5387982726097107,-1.747558355331421,0.2445221543312072,2178,0.8759527490684377,0.47787429207369625,0.5387982130050659,-1.747558355331421,0.24452272057533264,2178,-1.6815957959437355e-08,-1.6815957959437355e-06,1.6815957959437355e-06
599716659,0.902334445260362,0.5251736105574067,0.7914503812789917,-2.288167953491211,-0.364969253540039,2179,0.902334432418047,0.525173638858266,0.7914505004882812,-2.288167953491211,-0.3649696707725525,2179,-1.2842314989214287e-08,-1.2842314989214287e-06,1.2842314989214287e-06
599749993,0.9506267185433668,0.3241304213034825,0.9658454656600952,-0.8891207575798035,1.768823266029358,2180,0.9506266997405873,0.32413042553922544,0.9658453464508057,-0.8891209363937378,1.768823504447937,2180,-1.880277944454889e-08,-1.880277944454889e-06,1.880277944454889e-06
599783327,0.0012541647179884,0.3105706500505077,1.0125489234924316,-0.744765043258667,1.8615334033966064,2181,0.0012541518756734593,0.31057070364622574,1.0125490427017212,-0.74476557970047,1.8615329265594482,2181,-1.2842314933703136e-08,-1.2842314933703136e-06,1.2842314933703136e-06
599816661,0.0530086751206679,0.309589470393364,1.0350902080535889,-0.7227748036384583,1.839368462562561,2182,0.053008644396959466,0.30958949784029616,1.0350898504257202,-0.7227749824523926,1.8393679857254028,2182,-3.0723708410729245e-08,-3.0723708410729245e-06,3.0723708410729245e-06
599849995,0.1063642676099104,0.3132914708461591,1.067111849784851,-0.6675355434417725,1.5891742706298828,2183,0.10636423688620202,0.31329153599791304,1.067111849784851,-0.6675362586975098,1.5891741514205933,2183,-3.0723708355218093e-08,-3.0723708355218093e-06,3.0723708355218093e-06
599883329,0.1594618673547072,0.3184194391833755,1.061951994895935,-0.6198635697364807,1.3519665002822876,2184,0.15946184855192772,0.3184194406273939,1.0619522333145142,-0.619863748550415,1.3519668579101562,2184,-1.880277944454889e-08,-1.880277944454889e-06,1.880277944454889e-06
599916663,0.2145548875554365,0.3219222603565482,1.1018604040145874,-0.6347795724868774,1.3077408075332642,2185,0.2145548866340505,0.3219221677954397,1.101860761642456,-0.6347790956497192,1.3077417612075806,2185,-9.213859675227809e-10,-9.213859675227809e-08,9.213859675227809e-08
599949997,0.2684695894940657,0.3228956861183191,1.078294038772583,-0.626679003238678,1.271201729774475,2186,0.26846961837500205,0.3228957041287913,1.0782946348190308,-0.6266791820526123,1.271201729774475,2186,2.888093630915023e-08,2.888093630915023e-06,2.888093630915023e-06
599983331,0.3138705278857512,0.3500012666690412,0.9080187678337096,-0.673920750617981,0.927556812763214,2187,0.313870574648081,0.3500012101388787,0.9080191254615784,-0.6739208102226257,0.9275575876235962,2187,4.676232978617634e-08,4.676232978617634e-06,4.676232978617634e-06
600016665,0.3441860194428724,0.4825548968090191,0.6063098311424255,-0.9400589466094972,0.1034552827477455,2188,0.34418606322497003,0.4825549475557662,0.6063097715377808,-0.9400585889816284,0.10345494002103806,2188,4.378209761402019e-08,4.378209761402019e-06,4.378209761402019e-06
600049999,0.3759253020509047,0.5316973922033711,0.6347856521606445,-0.9521199464797974,-0.1921723484992981,2189,0.37592535179346676,0.5316973604528793,0.6347857713699341,-0.9521204829216003,-0.19217225909233093,2189,4.974256206935479e-08,4.974256206935479e-06,4.974256206935479e-06
600083333,0.4077209766133589,0.5386254797028758,0.6359134912490845,-0.912389636039734,-0.2258810251951217,2190,0.40772102933615323,0.5386254330965555,0.6359135508537292,-0.9123894572257996,-0.2258806973695755,2190,5.272279435253324e-08,5.272279435253324e-06,5.272279435253324e-06
600116667,0.4392875279410643,0.5252903096392221,0.6313310265541077,-0.8463833332061768,-0.1356370002031326,2191,0.4392875836440909,0.525290311740507,0.6313310861587524,-0.8463827967643738,-0.13563692569732666,2191,5.5703026635711694e-08,5.5703026635711694e-06,5.5703026635711694e-06
600150001,0.4644232795063617,0.3164724611413682,0.7540725469589233,-0.4484374821186065,1.010523796081543,2192,0.4644233312357453,0.3164724946709678,0.7540724277496338,-0.4484376311302185,1.0105235576629639,2192,5.1729383665488626e-08,5.172938366548863e-06,5.172938366548863e-06
600183335,0.4899641916576984,0.2697700177824267,0.7662273645401001,-0.0156676135957241,0.1254798769950866,2193,0.489964243387082,0.26977003408424194,0.7662273645401001,-0.015667639672756195,0.12547998130321503,2193,5.1729383665488626e-08,5.172938366548863e-06,5.172938366548863e-06
600216669,0.5162361349089903,0.0415791495156934,0.7881582975387573,0.2825179100036621,0.0755339637398719,2194,0.5162361886251954,0.04157898216250396,0.7881583571434021,0.28251779079437256,0.07553361356258392,2194,5.371620503957786e-08,5.371620503957786e-06,5.371620503957786e-06
600250003,0.5436875030819538,0.0225938229642553,0.8235410451889038,0.5934370756149292,0.0848155543208122,2195,0.5436875548113373,0.022593952758732654,0.823540985584259,0.5934373736381531,0.0848160907626152,2195,5.1729383554466324e-08,5.172938355446632e-06,5.172938355446632e-06
600283337,0.5854720279995563,0.0347923084422146,0.8356904983520508,0.5403444766998291,0.1200411543250083,2196,0.5854720827091722,0.03479226847942429,0.8356905579566956,0.5403447151184082,0.12004106491804123,2196,5.4709615837644776e-08,5.470961583764478e-06,5.470961583764478e-06
600316671,0.6284142807547214,0.0409485280926763,0.858845055103302,0.4133023917675018,0.1087476462125778,2197,0.6284143354643372,0.04094840861909747,0.858845055103302,0.4133026897907257,0.10874739289283752,2197,5.4709615837644776e-08,5.470961583764478e-06,5.470961583764478e-06
600350005,0.6741224125448825,0.9529207301097284,0.9141626358032228,0.4254086315631866,-0.1296427696943283,2198,0.6741224732149629,0.9529208725503321,0.9141627550125122,0.4254090189933777,-0.12964247167110443,2198,6.067008040400168e-08,6.067008040400168e-06,6.067008040400168e-06
600383339,0.7262300447050692,0.7954976456130802,1.0421526432037354,0.1782326400279998,-0.6063970923423767,2199,0.7262300934542207,0.7954976138458891,1.0421524047851562,0.17823249101638794,-0.6063970327377319,2199,4.8749151493332477e-08,4.874915149333248e-06,4.874915149333248e-06
600416673,0.7640498434925042,0.715313165231801,1.1345939636230469,-0.1915613412857055,-0.8649874925613403,2200,0.7640498962152986,0.715313196594794,1.1345940828323364,-0.19156116247177124,-0.8649874925613403,2200,5.2722794463555545e-08,5.2722794463555545e-06,5.2722794463555545e-06
600450007,0.7961862758223178,0.6722416464393572,0.9640929698944092,-0.3298291862010956,-0.6205011606216431,2201,0.7961863325187553,0.6722416278068082,0.9640930891036987,-0.32982921600341797,-0.6205010414123535,2201,5.669643743377861e-08,5.669643743377861e-06,5.669643743377861e-06
600483341,0.8237243369642856,0.7524095086234275,0.8261418342590332,0.008517999202013,-0.5625952482223511,2202,0.823724393660723,0.7524095107633373,0.8261418342590332,0.008518010377883911,-0.5625954866409302,2202,5.669643743377861e-08,5.669643743377861e-06,5.669643743377861e-06
600516675,0.8506477331542931,0.7409034339021132,0.8077018857002258,-0.0339369885623455,-0.5931201577186584,2203,0.8506477898507305,0.7409034118978965,0.8077018857002258,-0.03393707424402237,-0.5931202173233032,2203,5.669643743377861e-08,5.669643743377861e-06,5.669643743377861e-06
600550009,0.8773564036114972,0.5053436198996357,0.8012601137161255,-0.8236712217330933,-0.0276651196181774,2204,0.8773564603079347,0.5053436730528,0.8012601137161255,-0.8236713409423828,-0.0276653990149498,2204,5.669643743377861e-08,5.669643743377861e-06,5.669643743377861e-06
600583343,0.9032090798441532,0.4954010723432206,0.7755802869796753,-0.8281792998313904,0.0239376612007617,2205,0.9032091365405905,0.4954010341010795,0.7755802869796753,-0.8281792402267456,0.023937858641147614,2205,5.669643732275631e-08,5.669643732275631e-06,5.669643732275631e-06
600616677,0.9283758139038047,0.5022852478189425,0.7550020217895508,-0.8877565860748291,-0.0127478493377566,2206,0.9283758686134207,0.5022852410018128,0.755001962184906,-0.8877567052841187,-0.012747813016176224,2206,5.470961594866708e-08,5.470961594866708e-06,5.470961594866708e-06
600650011,0.9532272711817386,0.5145735090885217,0.7455437183380127,-0.8823255896568298,-0.0810194090008735,2207,0.9532273258913545,0.5145735400944936,0.7455437183380127,-0.8823256492614746,-0.08101958781480789,2207,5.470961594866708e-08,5.470961594866708e-06,5.470961594866708e-06
600683345,0.9787619606081608,0.5386829404011999,0.7660406827926636,-0.8178488612174988,-0.2027888894081115,2208,0.9787620153177766,0.5386828884962798,0.7660406827926636,-0.8178488612174988,-0.2027886062860489,2208,5.4709615837644776e-08,5.470961583764478e-06,5.470961583764478e-06
600716679,0.0039498423957786,0.5658644497440671,0.75563645362854,-0.7228930592536926,-0.3174964487552643,2209,0.0039498971053946175,0.5658644607448235,0.75563645362854,-0.7228930592536926,-0.31749650835990906,2209,5.470961605968938e-08,5.470961605968938e-06,5.470961605968938e-06
600750013,0.0293994899018567,0.6709303766920867,0.7634894251823425,-0.4060842096805572,-0.7490028142929077,2210,0.029399540637829718,0.6709303322326291,0.763489305973053,-0.40608444809913635,-0.7490027546882629,2210,5.073597297844401e-08,5.073597297844401e-06,5.073597297844401e-06
600783347,0.0550267771307589,0.6835343991617633,0.7688186168670654,-0.3152871131896972,-0.7105609774589539,2211,0.055026829853553394,0.6835343972783103,0.7688186764717102,-0.31528720259666443,-0.7105611562728882,2211,5.2722794463555545e-08,5.2722794463555545e-06,5.2722794463555545e-06
600816681,0.0817093129380506,0.6898952800032592,0.80047607421875,-0.2720116674900055,-0.6857045292854309,2212,0.08170936566084507,0.6898952573312478,0.80047607421875,-0.27201175689697266,-0.6857044696807861,2212,5.2722794463555545e-08,5.2722794463555545e-06,5.2722794463555545e-06
