timestamp_us,phase_onnx,raw_phase_onnx,stride_rate_hz_onnx,cos_value_onnx,sin_value_onnx,total_predictions_onnx,phase_keras,raw_phase_keras,stride_rate_hz_keras,cos_value_keras,sin_value_keras,total_predictions_keras,phase_error_cycle,phase_error_percent,phase_abs_error_percent
183915083,0.637166629329075,0.637166629329075,0.4262608289718628,-0.3534432351589203,-0.4120779037475586,1,0.6371666587130581,0.6371666587130581,0.426260769367218,-0.3534432053565979,-0.41207802295684814,1,2.9383983135566893e-08,2.9383983135566893e-06,2.9383983135566893e-06
183948417,0.6513732990570362,0.6370982468978654,0.4262000918388366,-0.3536176681518554,-0.4119229912757873,2,0.6513733214871441,0.63709828954962,0.42619988322257996,-0.3536175787448883,-0.4119231104850769,2,2.2430107882165373e-08,2.2430107882165373e-06,2.2430107882165373e-06
183981751,0.6655779760030405,0.6371973785442386,0.4261403083801269,-0.3532033264636993,-0.4119592308998108,3,0.6655779984331484,0.6371973965587878,0.42614030838012695,-0.35320329666137695,-0.41195929050445557,3,2.2430107882165373e-08,2.2430107882165373e-06,2.2430107882165373e-06
184015085,0.6797822883673008,0.6370228928750021,0.4261293709278106,-0.353665292263031,-0.4115840196609497,4,0.6797823078171765,0.6370229071657331,0.4261292815208435,-0.35366538166999817,-0.41158419847488403,4,1.9449875710009223e-08,1.9449875710009223e-06,1.9449875710009223e-06
184048419,0.6939889402138686,0.6369409822782544,0.4261995553970337,-0.3536696135997772,-0.4111607670783996,5,0.6939889596637443,0.6369409890492346,0.4261995553970337,-0.35366976261138916,-0.41116097569465637,5,1.9449875710009223e-08,1.9449875710009223e-06,1.9449875710009223e-06
184081753,0.708191427682588,0.6368293713745699,0.4260746240615845,-0.353853315114975,-0.410791277885437,6,0.708191446139053,0.636829296428806,0.4260745942592621,-0.3538535237312317,-0.4107911288738251,6,1.8456465022964608e-08,1.8456465022964608e-06,1.8456465022964608e-06
184115087,0.7223951459872221,0.6369788308612959,0.4261115491390228,-0.3536403477191925,-0.4113245606422424,7,0.7223951654370979,0.6369787920087868,0.4261115789413452,-0.35364049673080444,-0.41132453083992004,7,1.9449875821031526e-08,1.9449875821031526e-06,1.9449875821031526e-06
184148421,0.7365959257828688,0.6367761031846805,0.4260233938694,-0.3540718257427215,-0.4107668399810791,8,0.7365959472195661,0.6367762123738238,0.4260234534740448,-0.35407161712646484,-0.41076716780662537,8,2.143669730614306e-08,2.143669730614306e-06,2.143669730614306e-06
184181755,0.750793712431937,0.6366339231027974,0.4259335994720459,-0.3543598651885986,-0.4103591442108154,9,0.750793734862045,0.6366339402557759,0.4259336292743683,-0.35435986518859863,-0.4103592336177826,9,2.2430107993187676e-08,2.2430107993187676e-06,2.2430107993187676e-06
184215089,0.7649925540832178,0.6365882136494394,0.4259652495384216,-0.3545153141021728,-0.4103008806705475,10,0.764992579493558,0.6365881823549084,0.4259653389453888,-0.35451540350914,-0.4103008210659027,10,2.5410340276366128e-08,2.541034027636613e-06,2.541034027636613e-06
184248423,0.7791870783713952,0.63653705106314,0.4258357286453247,-0.354366272687912,-0.4098619818687439,11,0.7791871067619678,0.6365370136737868,0.42583581805229187,-0.3543661832809448,-0.40986168384552,11,2.839057255954458e-08,2.839057255954458e-06,2.839057255954458e-06
184281757,0.7933770518449441,0.6363559872735127,0.4256992042064667,-0.3547172248363495,-0.4093257486820221,12,0.7933770772552844,0.6363559524181741,0.4256991147994995,-0.3547174334526062,-0.40932580828666687,12,2.5410340276366128e-08,2.541034027636613e-06,2.541034027636613e-06
184315091,0.8075697095143294,0.6365285863217691,0.4257797300815582,-0.3543131947517395,-0.4097565412521362,13,0.8075697369114911,0.6365285218804168,0.425779789686203,-0.3543134331703186,-0.40975648164749146,13,2.7397161761477662e-08,2.739716176147766e-06,2.739716176147766e-06
184348425,0.8217591803220406,0.6363164880180727,0.4256841242313385,-0.3546232581138611,-0.4090121686458587,14,0.8217592087126132,0.6363165052375115,0.4256841540336609,-0.3546232581138611,-0.4090122580528259,14,2.839057255954458e-08,2.839057255954458e-06,2.839057255954458e-06
184381759,0.8359445592708881,0.6363184831826987,0.4255613684654236,-0.3547305762767792,-0.4091463088989258,15,0.8359445866680499,0.6363185251084645,0.4255613386631012,-0.3547305166721344,-0.4091464579105377,15,2.7397161872499964e-08,2.7397161872499964e-06,2.7397161872499964e-06
184415093,0.8501285146621361,0.6362794653020646,0.425518661737442,-0.3548247814178467,-0.409052312374115,16,0.8501285440461195,0.6362794463288042,0.4255187213420868,-0.35482484102249146,-0.4090522825717926,16,2.93839833576115e-08,2.93839833576115e-06,2.93839833576115e-06
184448427,0.8643124929018313,0.6362429364291791,0.4255193471908569,-0.3545480072498321,-0.4085437655448913,17,0.8643125193055825,0.6362429081890151,0.42551925778388977,-0.3545481860637665,-0.40854382514953613,17,2.640375118545535e-08,2.640375118545535e-06,2.640375118545535e-06
184481761,0.8784965973046913,0.6362076831097861,0.4255231320858001,-0.35469850897789,-0.4085343480110168,18,0.8784966247018533,0.6362076261467358,0.42552316188812256,-0.35469868779182434,-0.4085342586040497,18,2.7397161983522267e-08,2.7397161983522267e-06,2.7397161983522267e-06
184515095,0.8926778516121203,0.6361029117337549,0.4254376292228699,-0.354861706495285,-0.408179223537445,19,0.8926778790092823,0.6361029471205324,0.4254376292228699,-0.35486167669296265,-0.408179372549057,19,2.7397161983522267e-08,2.7397161983522267e-06,2.7397161983522267e-06
184548429,0.9068549047855032,0.6359451394755344,0.4253115952014923,-0.3554520606994629,-0.4080406427383423,20,0.9068549292024332,0.6359451599492375,0.42531150579452515,-0.35545215010643005,-0.408040851354599,20,2.441692992238842e-08,2.441692992238842e-06,2.441692992238842e-06
184581763,0.9210354080744082,0.6358750508706061,0.4254150986671448,-0.3554443120956421,-0.4076691269874573,21,0.921035428517695,0.6358751010458968,0.4254149794578552,-0.35544437170028687,-0.40766945481300354,21,2.044328684114305e-08,2.044328684114305e-06,2.044328684114305e-06
184615097,0.9352155020780856,0.6359219994709213,0.425402820110321,-0.3552355468273163,-0.4076724052429199,22,0.9352155225213724,0.6359219738682305,0.42540282011032104,-0.35523563623428345,-0.40767237544059753,22,2.044328684114305e-08,2.044328684114305e-06,2.044328684114305e-06
184648431,0.949392538363486,0.6357958130587225,0.4253110885620117,-0.3556185066699981,-0.4074591994285583,23,0.9493925568199513,0.6357958615986234,0.42531102895736694,-0.3556186258792877,-0.4074595868587494,23,1.8456465245009213e-08,1.8456465245009213e-06,1.8456465245009213e-06
184681765,0.963569849823663,0.6358269075769591,0.4253193438053131,-0.3553731143474579,-0.4073386490345001,24,0.9635698702669498,0.6358269174266888,0.4253194034099579,-0.35537317395210266,-0.4073387682437897,24,2.044328684114305e-08,2.044328684114305e-06,2.044328684114305e-06
184715099,0.9777446946449572,0.6358005311259052,0.4252453446388244,-0.3552864193916321,-0.4071030616760254,25,0.9777447160816547,0.6358005162147431,0.42524537444114685,-0.35528653860092163,-0.40710312128067017,25,2.1436697528187665e-08,2.1436697528187665e-06,2.1436697528187665e-06
184748433,0.991912231936802,0.6356778905472115,0.4250261187553406,-0.3558025360107422,-0.4070608615875244,26,0.9919122503932671,0.6356778905472115,0.4250260293483734,-0.3558025360107422,-0.4070608615875244,26,1.845646513398691e-08,1.845646513398691e-06,1.845646513398691e-06
184781767,0.0060803801762554,0.6357452528234289,0.425044447183609,-0.3554746806621551,-0.4070333242416382,27,0.006080398632720696,0.6357452825283108,0.425044447183609,-0.35547465085983276,-0.40703344345092773,27,1.8456465245009213e-08,1.8456465245009213e-06,1.8456465245009213e-06
184815101,0.0202483704634004,0.635564818478261,0.4250397086143493,-0.355842262506485,-0.4065230786800384,28,0.020248386933044184,0.635564814360394,0.4250396490097046,-0.3558424115180969,-0.4065232276916504,28,1.646964375989768e-08,1.6469643759897679e-06,1.6469643759897679e-06
184848435,0.0344154209839794,0.6355790171796853,0.4250115156173706,-0.3558224737644195,-0.4065736532211303,29,0.03441543347998022,0.6355790204874152,0.42501139640808105,-0.3558225631713867,-0.4065737724304199,29,1.249600078967461e-08,1.249600078967461e-06,1.249600078967461e-06
184881769,0.0485824854123089,0.6353540600311074,0.425011932849884,-0.3559428751468658,-0.4055531322956085,30,0.04858249890172043,0.6353540336049949,0.4250119626522064,-0.3559429943561554,-0.4055531322956085,30,1.3489411587741529e-08,1.3489411587741529e-06,1.3489411587741529e-06
184915103,0.0627457748798026,0.6352983719343164,0.4248986840248108,-0.3561377823352813,-0.4054889380931854,31,0.06274578936262487,0.6352983242762722,0.4248987138271332,-0.3561382591724396,-0.4054892361164093,31,1.4482822274786145e-08,1.4482822274786145e-06,1.4482822274786145e-06
184948437,0.0769105425424867,0.6354494970457685,0.4249430298805237,-0.3558877110481262,-0.4059810638427734,32,0.076910557025309,0.6354494234737911,0.4249430298805237,-0.35588786005973816,-0.4059808552265167,32,1.4482822274786145e-08,1.4482822274786145e-06,1.4482822274786145e-06
184981771,0.0910711110579464,0.635221631786616,0.4248170554637909,-0.3564003705978393,-0.4053935110569,33,0.09107112653417944,0.6352215525929359,0.4248170852661133,-0.356400728225708,-0.4053935110569,33,1.5476233072853063e-08,1.5476233072853063e-06,1.5476233072853063e-06
185015105,0.1052302282003058,0.6351469325974086,0.4247735142707824,-0.3566252291202545,-0.4052655398845672,34,0.10523024367653885,0.6351469814079441,0.42477351427078247,-0.35662513971328735,-0.4052656888961792,34,1.5476233072853063e-08,1.5476233072853063e-06,1.5476233072853063e-06
185048439,0.1193863134530676,0.635048280355037,0.4246825575828552,-0.3566537201404571,-0.4047917127609253,35,0.11938633091612219,0.6350483156916136,0.4246826171875,-0.35665348172187805,-0.40479162335395813,35,1.7463054557964597e-08,1.7463054557964597e-06,1.7463054557964597e-06
185081773,0.133542999719331,0.6350436125626695,0.4247005879878998,-0.3564339280128479,-0.4045183360576629,36,0.1335430171823855,0.6350435694959291,0.4247005879878998,-0.35643401741981506,-0.4045182168483734,36,1.7463054557964597e-08,1.7463054557964597e-06,1.7463054557964597e-06
185115107,0.1476957600263251,0.6350070427376638,0.4245828092098236,-0.3566949665546417,-0.404627114534378,37,0.14769577649596888,0.6350071668496466,0.4245827794075012,-0.35669466853141785,-0.40462741255760193,37,1.646964375989768e-08,1.6469643759897679e-06,1.6469643759897679e-06
185148441,0.168925933137287,0.634980328798769,0.4246034622192383,-0.3565886914730072,-0.4043697118759155,38,0.16892595258716303,0.6349803668306442,0.42460352182388306,-0.35658857226371765,-0.4043697714805603,38,1.944987604307613e-08,1.944987604307613e-06,1.944987604307613e-06
185181775,0.1901552986053122,0.6348382370500643,0.4245873093605041,-0.3568989038467407,-0.4039938449859619,39,0.19015531805518823,0.6348383371775579,0.42458730936050415,-0.35689863562583923,-0.40399405360221863,39,1.944987604307613e-08,1.944987604307613e-06,1.944987604307613e-06
185215109,0.211383011534561,0.634939047547427,0.4245542585849762,-0.3567547500133514,-0.4043465554714203,40,0.21138303098443706,0.6349390921660698,0.4245542585849762,-0.3567546010017395,-0.40434661507606506,40,1.944987604307613e-08,1.944987604307613e-06,1.944987604307613e-06
185248443,0.2326110806015624,0.6348670110465959,0.4245613813400268,-0.3566829264163971,-0.4038965106010437,41,0.23261109856132228,0.6348670797679961,0.42456135153770447,-0.35668274760246277,-0.40389665961265564,41,1.7959759901486905e-08,1.7959759901486905e-06,1.7959759901486905e-06
185281777,0.2538328688291205,0.6348314352503228,0.4244357645511627,-0.3569516837596893,-0.4040187895298004,42,0.2538328852987643,0.6348314628404234,0.42443573474884033,-0.3569517433643341,-0.40401899814605713,42,1.646964387091998e-08,1.646964387091998e-06,1.646964387091998e-06
185315111,0.2750547315624846,0.6348261826147554,0.4244372546672821,-0.3567645847797394,-0.4037801623344421,43,0.27505474505189614,0.634826103000244,0.42443719506263733,-0.3567647337913513,-0.40377992391586304,43,1.3489411587741529e-08,1.3489411587741529e-06,1.3489411587741529e-06
185348445,0.2962740566280974,0.6347557361471483,0.4243865013122558,-0.3569489419460296,-0.4036286175251007,44,0.29627407160762503,0.6347556821376439,0.42438653111457825,-0.35694900155067444,-0.403628408908844,44,1.4979527618308452e-08,1.4979527618308452e-06,1.4979527618308452e-06
185381779,0.3174878146198882,0.6346907998130351,0.4242751598358154,-0.357079803943634,-0.403444766998291,45,0.317487832579648,0.6346907523767954,0.4242752194404602,-0.3570798337459564,-0.4034445583820343,45,1.7959759901486905e-08,1.7959759901486905e-06,1.7959759901486905e-06
185415113,0.3387061621693267,0.6346664902342452,0.4243669509887695,-0.3572095036506653,-0.4034671187400818,46,0.3387061786389704,0.6346665092495661,0.42436692118644714,-0.3572094440460205,-0.4034671485424042,46,1.6469643648875376e-08,1.6469643648875376e-06,1.6469643648875376e-06
185448447,0.3599224503782882,0.6346413605859438,0.4243257641792297,-0.357242077589035,-0.4033755660057068,47,0.3599224698281641,0.6346413430771336,0.4243258237838745,-0.35724207758903503,-0.4033754765987396,47,1.944987593205383e-08,1.944987593205383e-06,1.944987593205383e-06
185481781,0.3811383824494971,0.6346968244371729,0.4243186414241791,-0.357098251581192,-0.4034963846206665,48,0.3811384018993731,0.6346967623068155,0.4243186414241791,-0.35709840059280396,-0.40349623560905457,48,1.944987593205383e-08,1.944987593205383e-06,1.944987593205383e-06
185515115,0.4023557331112518,0.6346325629221938,0.4243470132350921,-0.3572964370250702,-0.4033920168876648,49,0.4023557495808955,0.6346325811834514,0.4243469536304474,-0.3572964072227478,-0.40339207649230957,49,1.6469643648875376e-08,1.6469643648875376e-06,1.6469643648875376e-06
185548449,0.4235713746098175,0.6345683740490511,0.4243128299713135,-0.357323557138443,-0.4030949771404266,50,0.42357139256957727,0.6345683843792462,0.42431285977363586,-0.35732337832450867,-0.4030948281288147,50,1.7959759790464602e-08,1.7959759790464602e-06,1.7959759790464602e-06
185581783,0.4447812836316718,0.6345457390564346,0.424198180437088,-0.357359379529953,-0.403019905090332,51,0.4447812956309672,0.6345457411663109,0.42419806122779846,-0.35735952854156494,-0.40302008390426636,51,1.199929533513e-08,1.199929533513e-06,1.199929533513e-06
185615117,0.4659902047065391,0.6345068893396262,0.4241784214973449,-0.3573164939880371,-0.4027734398841858,52,0.4659902152157183,0.6345068834934375,0.4241783916950226,-0.3573164939880371,-0.4027734100818634,52,1.0509179193540774e-08,1.0509179193540774e-06,1.0509179193540774e-06
185648451,0.4872000138906135,0.6345235087752887,0.424196183681488,-0.3574850559234619,-0.4030482172966003,53,0.4872000243997927,0.634523515361943,0.42419618368148804,-0.3574850261211395,-0.40304821729660034,53,1.0509179193540774e-08,1.0509179193540774e-06,1.0509179193540774e-06
185681785,0.5084067266133918,0.6343930047692432,0.4241342544555664,-0.3575707376003265,-0.4024795293807983,54,0.508406737122571,0.6343929791586922,0.4241342544555664,-0.3575708270072937,-0.40247949957847595,54,1.0509179193540774e-08,1.0509179193540774e-06,1.0509179193540774e-06
185715119,0.529617507353176,0.6343194231569307,0.4242156147956848,-0.3578003048896789,-0.402363121509552,55,0.5296175193524714,0.6343194524046563,0.4242156445980072,-0.35780006647109985,-0.40236300230026245,55,1.199929533513e-08,1.199929533513e-06,1.199929533513e-06
185748453,0.5508310567287101,0.6343958684133524,0.4242709875106811,-0.3573818206787109,-0.4022814631462097,56,0.5508310687280055,0.6343959321050313,0.42427098751068115,-0.3573816120624542,-0.4022815525531769,56,1.199929533513e-08,1.199929533513e-06,1.199929533513e-06
185781787,0.5720436226276054,0.6345032890318242,0.4242513179779053,-0.3572745025157928,-0.4027077555656433,57,0.5720436390972491,0.6345032150466345,0.42425140738487244,-0.3572748899459839,-0.4027078151702881,57,1.6469643648875376e-08,1.6469643648875376e-06,1.6469643648875376e-06
185815121,0.5932608704713478,0.6344392626601127,0.4243449568748474,-0.357461929321289,-0.402592658996582,58,0.5932608899212237,0.6344393058214879,0.4243450164794922,-0.3574618399143219,-0.4025927782058716,58,1.944987593205383e-08,1.944987593205383e-06,1.944987593205383e-06
185848455,0.6144816707519187,0.6343964213029464,0.4244160056114197,-0.3576684892177582,-0.4026069641113281,59,0.6144816946721431,0.6343964432313243,0.42441609501838684,-0.35766854882240295,-0.40260714292526245,59,2.3920224356821507e-08,2.3920224356821507e-06,2.3920224356821507e-06
185881789,0.6344028395283101,0.6344028395283101,0.4243502020835876,-0.3576781451702118,-0.4026505351066589,60,0.6344028336794241,0.6344028336794241,0.4243502914905548,-0.3576781451702118,-0.40265050530433655,60,-5.848886042159052e-09,-5.848886042159052e-07,5.848886042159052e-07
185915123,0.6485470127928136,0.6343441984762839,0.4243251979351043,-0.3576812148094177,-0.4023553133010864,61,0.648547004957106,0.6343443111538773,0.4243251383304596,-0.35768091678619385,-0.4023555517196655,61,-7.835707527270586e-09,-7.835707527270586e-07,7.835707527270586e-07
185948457,0.662691044992991,0.6342518631350347,0.4243209660053253,-0.3578716218471527,-0.402099460363388,62,0.662691035170462,0.6342519055904834,0.42432090640068054,-0.35787156224250793,-0.402099609375,62,-9.82252901238212e-09,-9.82252901238212e-07,9.82252901238212e-07
185981791,0.6768378875521697,0.6342157122883214,0.4244052767753601,-0.3577978610992431,-0.4018327593803406,63,0.6768378777296407,0.6342156889291197,0.4244052767753601,-0.35779809951782227,-0.4018329083919525,63,-9.82252901238212e-09,-9.82252901238212e-07,9.82252901238212e-07
186015125,0.6909903061258671,0.6343478529721618,0.4245725572109222,-0.3574965298175812,-0.4021661579608917,64,0.6909902953099273,0.6343478881106088,0.42457252740859985,-0.3574965298175812,-0.40216633677482605,64,-1.0815939810449038e-08,-1.0815939810449038e-06,1.0815939810449038e-06
186048459,0.7051450761028009,0.6345424523933096,0.4246430993080139,-0.3571754097938537,-0.402795672416687,65,0.7051450662802718,0.6345424918189059,0.4246431291103363,-0.35717546939849854,-0.4027959406375885,65,-9.82252901238212e-09,-9.82252901238212e-07,9.82252901238212e-07
186081793,0.7192984801399586,0.6343837382397255,0.4246021211147308,-0.3575722873210907,-0.4024340808391571,66,0.7192984703174296,0.6343837850572963,0.42460212111473083,-0.3575722873210907,-0.4024343192577362,66,-9.82252901238212e-09,-9.82252901238212e-07,9.82252901238212e-07
186115127,0.7334541968373336,0.634522145933794,0.4246715009212494,-0.3572161793708801,-0.4027381241321563,67,0.7334541860213938,0.6345221612383112,0.424671471118927,-0.3572162687778473,-0.4027383029460907,67,-1.0815939810449038e-08,-1.0815939810449038e-06,1.0815939810449038e-06
186148461,0.7476090254255015,0.6344066819638985,0.4246448576450348,-0.3573346138000488,-0.4022833704948425,68,0.7476090146095616,0.6344067097620557,0.4246448576450348,-0.3573346734046936,-0.40228357911109924,68,-1.0815939810449038e-08,-1.0815939810449038e-06,1.0815939810449038e-06
186181795,0.7617654007542012,0.6344378157510857,0.4246912598609924,-0.3573678135871887,-0.4024792909622192,69,0.7617653899382614,0.6344377967206896,0.42469125986099243,-0.3573678731918335,-0.40247926115989685,69,-1.0815939810449038e-08,-1.0815939810449038e-06,1.0815939810449038e-06
186215129,0.775918612069674,0.6344708702620545,0.4245963394641876,-0.3575972318649292,-0.4029061794281006,70,0.7759185992669128,0.6344709162781396,0.42459627985954285,-0.3575972616672516,-0.4029064476490021,70,-1.2802761295560572e-08,-1.2802761295560572e-06,1.2802761295560572e-06
186248463,0.7900729071962711,0.6344882423298659,0.4246288537979126,-0.3575005829334259,-0.4028858542442322,71,0.7900728963803313,0.6344882057775403,0.4246289134025574,-0.3575006425380707,-0.4028857350349426,71,-1.0815939810449038e-08,-1.0815939810449038e-06,1.0815939810449038e-06
186281797,0.804228831516492,0.634294162641061,0.4246777296066284,-0.3579021692276001,-0.402349054813385,72,0.8042288197071414,0.6342942028935108,0.42467769980430603,-0.3579021990299225,-0.4023492932319641,72,-1.1809350608515956e-08,-1.1809350608515956e-06,1.1809350608515956e-06
186315131,0.8183880301185327,0.6345386215042531,0.4247759580612182,-0.3575655519962311,-0.4032160937786102,73,0.8183880193025928,0.6345386039857794,0.42477598786354065,-0.3575655519962311,-0.40321600437164307,73,-1.081593992147134e-08,-1.081593992147134e-06,1.081593992147134e-06
186348465,0.8325487963227308,0.6345484252705456,0.424822986125946,-0.3575338423252105,-0.4032303690910339,74,0.8325487835199694,0.6345483938356317,0.42482292652130127,-0.35753393173217773,-0.40323030948638916,74,-1.2802761406582874e-08,-1.2802761406582874e-06,1.2802761406582874e-06
186381799,0.8467098396885272,0.6345471394243845,0.4248313009738922,-0.3572932183742523,-0.4029524326324463,75,0.8467098268857658,0.6345471028715275,0.4248313009738922,-0.3572932779788971,-0.40295231342315674,75,-1.2802761406582874e-08,-1.2802761406582874e-06,1.2802761406582874e-06
186415133,0.8608716132112221,0.6346668753558182,0.4248532056808471,-0.3571498990058899,-0.4034017622470855,76,0.8608716014018715,0.6346668885386112,0.42485323548316956,-0.3571498394012451,-0.40340176224708557,76,-1.1809350608515956e-08,-1.1809350608515956e-06,1.1809350608515956e-06
186448467,0.8750316442914681,0.6345176483370325,0.4248009324073791,-0.3576324880123138,-0.4031845331192016,77,0.8750316334755281,0.6345175715606779,0.42480096220970154,-0.35763275623321533,-0.4031844437122345,77,-1.081593992147134e-08,-1.081593992147134e-06,1.081593992147134e-06
186481801,0.8891890925037738,0.6345039621230932,0.4247234463691711,-0.3577403426170349,-0.4032362699508667,78,0.8891890836746553,0.6345039299550013,0.4247235059738159,-0.35774046182632446,-0.4032362401485443,78,-8.829118436359806e-09,-8.829118436359806e-07,8.829118436359806e-07
186515135,0.9034341833857572,0.6340048294033463,0.4273527264595032,-0.3603784143924713,-0.4036527276039123,79,0.9034341745566388,0.6340048235655908,0.4273527264595032,-0.3603784143924713,-0.40365269780158997,79,-8.829118436359806e-09,-8.829118436359806e-07,8.829118436359806e-07
186548469,0.9176804762947436,0.6339128133514249,0.4273887872695923,-0.3601435720920563,-0.4029205441474914,80,0.9176804654788037,0.6339128198952986,0.4273887276649475,-0.3601435422897339,-0.40292054414749146,80,-1.081593992147134e-08,-1.081593992147134e-06,1.081593992147134e-06
186581803,0.931929411676315,0.6339985549534644,0.4274680614471435,-0.3595617115497589,-0.4027059972286224,81,0.9319293948999107,0.633998567358661,0.42746788263320923,-0.3595616817474365,-0.4027060270309448,81,-1.6776404376805942e-08,-1.6776404376805942e-06,1.6776404376805942e-06
186615137,0.9461753489442544,0.6339347619113058,0.4273781180381775,-0.3597719371318817,-0.4026165008544922,82,0.9461753301810284,0.6339347391949126,0.4273780584335327,-0.3597719073295593,-0.40261635184288025,82,-1.876322597293978e-08,-1.8763225972939779e-06,1.8763225972939779e-06
186648471,0.9604209285843248,0.6340637839592089,0.4273673892021179,-0.3593762516975403,-0.4028304815292358,83,0.9604209118079204,0.6340637628753969,0.4273674488067627,-0.3593764007091522,-0.4028305411338806,83,-1.6776404376805942e-08,-1.6776404376805942e-06,1.6776404376805942e-06
186681805,0.974665030029205,0.6340539379524839,0.427323043346405,-0.3593316376209259,-0.4027303159236908,84,0.9746650112659792,0.6340539117231232,0.42732298374176025,-0.35933175683021545,-0.4027303159236908,84,-1.8763225861917476e-08,-1.8763225861917476e-06,1.8763225861917476e-06
186715139,0.988911297109512,0.6341247323610508,0.4273880124092102,-0.3588761687278747,-0.4025801718235016,85,0.9889112763594646,0.6341247731764146,0.42738795280456543,-0.35887593030929565,-0.4025801122188568,85,-2.075004734702901e-08,-2.075004734702901e-06,2.075004734702901e-06
186748473,0.0031540465223665,0.6339980420984993,0.4272824823856354,-0.3591798543930053,-0.4022757112979889,86,0.003154026765729956,0.6339979786006631,0.42728251218795776,-0.3591800630092621,-0.40227562189102173,86,-1.9756636548962092e-08,-1.975663654896209e-06,1.975663654896209e-06
186781807,0.0173981966443732,0.6343225988769543,0.427324503660202,-0.3585591614246368,-0.4032326936721802,87,0.017398172914093707,0.6343225952381664,0.4273243844509125,-0.3585593104362488,-0.4032328426837921,87,-2.373027951918516e-08,-2.373027951918516e-06,2.373027951918516e-06
186815141,0.031640733467328,0.6342664386218854,0.4272761046886444,-0.3585672974586487,-0.402955412864685,88,0.03164070973704852,0.6342663707015814,0.4272761046886444,-0.3585674464702606,-0.40295523405075073,88,-2.373027946367401e-08,-2.373027946367401e-06,2.373027946367401e-06
186848475,0.0458821914462124,0.634441893447315,0.4272437393665313,-0.3585555255413055,-0.4038377702236175,89,0.0458821697027544,0.6344418861430745,0.42724379897117615,-0.3585555851459503,-0.40383780002593994,89,-2.1743458034073626e-08,-2.1743458034073626e-06,2.1743458034073626e-06
186881809,0.060125500149317,0.6345715221316657,0.4272992610931396,-0.3581826984882355,-0.4040802717208862,90,0.0601254793992698,0.6345715337850872,0.42729929089546204,-0.3581826984882355,-0.404080331325531,90,-2.0750047180495557e-08,-2.0750047180495557e-06,2.0750047180495557e-06
186915143,0.0743714930482581,0.6347795980499215,0.4273797869682312,-0.3577570915222168,-0.4046646952629089,91,0.07437147428503234,0.6347796542109952,0.427379846572876,-0.35775694251060486,-0.4046648144721985,91,-1.8763225750895174e-08,-1.8763225750895174e-06,1.8763225750895174e-06
186948477,0.0886224698889131,0.6346662342716274,0.4275293052196502,-0.3586287796497345,-0.4050688743591308,92,0.08862244913886586,0.6346661789564858,0.4275292456150055,-0.35862889885902405,-0.4050687253475189,92,-2.0750047236006708e-08,-2.0750047236006708e-06,2.0750047236006708e-06
186981811,0.1028722317882254,0.6347849514835631,0.4274928569793701,-0.3584925532341003,-0.4055240750312805,93,0.10287221103817819,0.6347849959192575,0.4274928569793701,-0.3584924042224884,-0.4055241346359253,93,-2.0750047236006708e-08,-2.0750047236006708e-06,2.0750047236006708e-06
187015145,0.1171205562221879,0.6349703869640674,0.4274497330188751,-0.3582188189029693,-0.4061671197414398,94,0.11712053447872994,0.6349703834971665,0.42744970321655273,-0.3582187294960022,-0.40616700053215027,94,-2.1743457923051324e-08,-2.1743457923051324e-06,2.1743457923051324e-06
187048479,0.1313683809705451,0.6350748483264101,0.4274347424507141,-0.3580311834812164,-0.4064918756484985,95,0.13136835624685483,0.6350748919730886,0.42743465304374695,-0.3580310642719269,-0.4064919650554657,95,-2.4723690261740927e-08,-2.4723690261740927e-06,2.4723690261740927e-06
187081813,0.1456145983803148,0.6352898216083462,0.4273865222930908,-0.3577548265457153,-0.4072859287261963,96,0.1456145726632138,0.635289928743661,0.42738649249076843,-0.3577547073364258,-0.4072863459587097,96,-2.5717101004296694e-08,-2.5717101004296694e-06,2.5717101004296694e-06
187115147,0.1669901874530191,0.6354630954034657,0.4275117814540863,-0.3575150668621063,-0.4079077839851379,97,0.16699015726556973,0.6354630682090217,0.42751169204711914,-0.35751500725746155,-0.4079075753688812,97,-3.018744937355322e-08,-3.018744937355322e-06,3.018744937355322e-06
187148481,0.1883598399031038,0.6356196743816636,0.4273930490016937,-0.3574881851673126,-0.408687561750412,98,0.1883598082255383,0.6356197039621369,0.42739301919937134,-0.35748815536499023,-0.40868768095970154,98,-3.1677565459631296e-08,-3.1677565459631296e-06,3.1677565459631296e-06
187181815,0.2097285416591043,0.635841198057534,0.4273740351200104,-0.3572022020816803,-0.4095094203948974,99,0.20972851147165494,0.6358412547375172,0.42737406492233276,-0.35720202326774597,-0.4095095098018646,99,-3.018744931804207e-08,-3.018744931804207e-06,3.018744931804207e-06
187215149,0.2310885217654581,0.6359788853909818,0.4271996021270752,-0.3571510016918182,-0.4101665019989013,100,0.2310884915780087,0.6359788779636404,0.4271996021270752,-0.357151061296463,-0.41016653180122375,100,-3.018744942906437e-08,-3.0187449429064372e-06,3.0187449429064372e-06
187248483,0.2524488475787516,0.6363389724421242,0.4272065162658691,-0.3564434051513672,-0.4112288355827331,101,0.2524488129209538,0.6363389970315347,0.427206426858902,-0.3564433455467224,-0.41122889518737793,101,-3.46577977983209e-08,-3.46577977983209e-06,3.46577977983209e-06
187281817,0.2738017272817964,0.636434791899319,0.4270575940608978,-0.3565391600131988,-0.41184002161026,102,0.27380169262399867,0.6364348480071444,0.4270575940608978,-0.35653918981552124,-0.4118403494358063,102,-3.465779774280975e-08,-3.465779774280975e-06,3.465779774280975e-06
187315151,0.2951538634168978,0.6367138935942259,0.4270427227020263,-0.3562150001525879,-0.4129267036914825,103,0.2951538302492161,0.6367139588016002,0.42704275250434875,-0.3562149107456207,-0.41292694211006165,103,-3.3167681712242825e-08,-3.3167681712242825e-06,3.3167681712242825e-06
187348485,0.3165046226847048,0.6369905506605444,0.4270151853561401,-0.3560761511325836,-0.4142193794250488,104,0.31650459100713924,0.6369905949061607,0.4270152151584625,-0.3560760021209717,-0.4142194390296936,104,-3.16775655706536e-08,-3.16775655706536e-06,3.16775655706536e-06
187381819,0.3378476303684588,0.6380603353517118,0.4268601536750793,-0.3523472249507904,-0.4154988825321197,105,0.33784760316124157,0.6380603751940914,0.4268602430820465,-0.3523470461368561,-0.41549888253211975,105,-2.720721720139707e-08,-2.720721720139707e-06,2.720721720139707e-06
187415153,0.3591893103587503,0.637944105813773,0.4268335998058319,-0.3525899946689605,-0.4151701331138611,106,0.3591892846416493,0.6379440726266734,0.4268336296081543,-0.3525901436805725,-0.4151701331138611,106,-2.5717101004296694e-08,-2.5717101004296694e-06,2.5717101004296694e-06
187448487,0.3805276197063799,0.6378992069404841,0.4267661869525909,-0.3526667654514313,-0.4150231778621673,107,0.38052759249916274,0.6378992713121242,0.42676615715026855,-0.3526665270328522,-0.41502323746681213,107,-2.720721714588592e-08,-2.720721714588592e-06,2.720721714588592e-06
187481821,0.4018688332903261,0.6380366657613521,0.4268242716789245,-0.3524284660816192,-0.4154694080352783,108,0.4018688090633412,0.638036610038203,0.42682433128356934,-0.3524286150932312,-0.41546928882598877,108,-2.4226984862707468e-08,-2.422698486270747e-06,2.422698486270747e-06
187515155,0.4232030641901369,0.6380235428723522,0.4266846179962158,-0.352613091468811,-0.4156175851821899,109,0.42320304145326815,0.6380235515201531,0.4266846477985382,-0.35261300206184387,-0.41561752557754517,109,-2.2736868776629393e-08,-2.2736868776629393e-06,2.2736868776629393e-06
187548489,0.4445427042114611,0.6379888064426498,0.4267928004264831,-0.3528189063072204,-0.4156762361526489,110,0.44454268445482453,0.6379887961864857,0.42679286003112793,-0.35281887650489807,-0.41567614674568176,110,-1.9756636548962092e-08,-1.975663654896209e-06,1.975663654896209e-06
187581823,0.4658801045882578,0.6379686708208123,0.4267480075359344,-0.3529354035854339,-0.4157068729400635,111,0.4658800863217374,0.6379687775335523,0.42674803733825684,-0.3529350757598877,-0.4157070517539978,111,-1.8266520407372866e-08,-1.8266520407372866e-06,1.8266520407372866e-06
187615157,0.4872173321115847,0.6380470169541624,0.4267445504665375,-0.3528041541576385,-0.4159671366214752,112,0.4872173183154126,0.6380469729616749,0.42674463987350464,-0.35280412435531616,-0.41596686840057373,112,-1.379617209362749e-08,-1.379617209362749e-06,1.379617209362749e-06
187648491,0.508557948158967,0.6380477775455087,0.4268123209476471,-0.3526503145694732,-0.415789783000946,113,0.5085579298924466,0.6380477248844708,0.42681223154067993,-0.35265037417411804,-0.41578957438468933,113,-1.8266520407372866e-08,-1.8266520407372866e-06,1.8266520407372866e-06
187681825,0.5298992854225512,0.6379815323820057,0.4268267452716827,-0.3527020812034607,-0.4155001044273376,114,0.5298992656659146,0.6379815486599272,0.42682671546936035,-0.35270193219184875,-0.4155000150203705,114,-1.9756636548962092e-08,-1.975663654896209e-06,1.975663654896209e-06
187715159,0.5512432139980669,0.6381770110778116,0.4268785715103149,-0.3522530794143677,-0.4160057306289673,115,0.5512431972216626,0.6381769885862505,0.4268786311149597,-0.3522530794143677,-0.41600561141967773,115,-1.677640426578364e-08,-1.677640426578364e-06,1.677640426578364e-06
187748493,0.5725827020275468,0.6381797791407859,0.4267897605895996,-0.3523634970188141,-0.4161508083343506,116,0.5725826867412587,0.6381798327814481,0.426789790391922,-0.3523634076118469,-0.4161509871482849,116,-1.5286288124194414e-08,-1.5286288124194414e-06,1.5286288124194414e-06
187781827,0.5939218577611322,0.6381062675758513,0.4267831146717071,-0.3526313602924347,-0.4160773158073425,117,0.5939218439649602,0.638106259365302,0.42678314447402954,-0.35263127088546753,-0.4160771667957306,117,-1.3796171982605188e-08,-1.3796171982605188e-06,1.3796171982605188e-06
187815161,0.6152571406829233,0.6381081471111716,0.4267056584358215,-0.3526299893856048,-0.4160856604576111,118,0.6152571268867513,0.6381082022100459,0.42670565843582153,-0.352629691362381,-0.4160856008529663,118,-1.3796171982605188e-08,-1.3796171982605188e-06,1.3796171982605188e-06
187848495,0.6365988683569307,0.6381346321556302,0.4268345534801483,-0.3526153862476349,-0.4162088334560394,119,0.6365988545607587,0.6381346423832466,0.4268345534801483,-0.3526154160499573,-0.4162089228630066,119,-1.3796171982605188e-08,-1.3796171982605188e-06,1.3796171982605188e-06
187881829,0.6508263450729722,0.6381565106258225,0.4268243014812469,-0.352400928735733,-0.4160716533660888,120,0.6508263292899787,0.6381565652892182,0.4268242418766022,-0.3524008095264435,-0.4160718023777008,120,-1.578299346771672e-08,-1.5782993467716722e-06,1.5782993467716722e-06
187915163,0.6650515995291744,0.638113908198783,0.4267576336860657,-0.3527689278125763,-0.4162801504135132,121,0.6650515837461809,0.6381138999943017,0.4267576336860657,-0.35276883840560913,-0.41628000140190125,121,-1.578299346771672e-08,-1.5782993467716722e-06,1.5782993467716722e-06
187948497,0.679278657025881,0.6381595591008556,0.4268117249011993,-0.3525679409503937,-0.4162850081920624,122,0.679278643229709,0.6381596346570567,0.4268117845058441,-0.3525677025318146,-0.41628512740135193,122,-1.3796171982605188e-08,-1.3796171982605188e-06,1.3796171982605188e-06
187981831,0.6935069791344676,0.6381700057598673,0.4268496632575989,-0.3526754975318908,-0.4164674282073974,123,0.6935069673251171,0.6381700511727761,0.42684972286224365,-0.35267531871795654,-0.41646745800971985,123,-1.1809350497493654e-08,-1.1809350497493654e-06,1.1809350497493654e-06
188015165,0.707737087395576,0.638167448428755,0.4269032478332519,-0.3524473011493683,-0.4161843955516815,124,0.7077370706191718,0.6381674918386158,0.42690309882164,-0.35244718194007874,-0.4161844849586487,124,-1.6776404154761337e-08,-1.6776404154761337e-06,1.6776404154761337e-06
188048499,0.7219662091998134,0.6381381170465186,0.4268736541271209,-0.3524402678012848,-0.4160206019878387,125,0.7219661914299984,0.6381381538286516,0.4268736243247986,-0.3524401783943176,-0.4160206913948059,125,-1.7769814952828256e-08,-1.7769814952828256e-06,1.7769814952828256e-06
188081833,0.7361937236654633,0.638062276647092,0.4268254339694977,-0.3526175916194916,-0.415827989578247,126,0.736193706889059,0.6380622454879774,0.42682546377182007,-0.35261768102645874,-0.4158279299736023,126,-1.677640426578364e-08,-1.677640426578364e-06,1.677640426578364e-06
188115167,0.7504248352714254,0.6380468535900579,0.4269333481788635,-0.3525579571723938,-0.4156759977340698,127,0.7504248175016104,0.6380469271830098,0.42693331837654114,-0.3525577783584595,-0.41567617654800415,127,-1.7769815063850558e-08,-1.7769815063850558e-06,1.7769815063850558e-06
188148501,0.764650014228411,0.6381117549080404,0.4267553687095642,-0.3526694476604461,-0.4161513447761535,128,0.764649999438828,0.6381117844782977,0.42675545811653137,-0.35266923904418945,-0.4161512553691864,128,-1.4789582891694408e-08,-1.4789582891694408e-06,1.4789582891694408e-06
188181835,0.7788788032400483,0.6381137156821524,0.4268636703491211,-0.3527297377586365,-0.4162328839302063,129,0.7788787894438761,0.6381137508682222,0.4268637001514435,-0.35272952914237976,-0.4162328243255615,129,-1.3796172204649793e-08,-1.3796172204649793e-06,1.3796172204649793e-06
188215169,0.7931072485315674,0.6381084685854282,0.4268533587455749,-0.3526531457901001,-0.4161146879196167,130,0.7931072347353952,0.6381084348520754,0.42685335874557495,-0.3526531457901001,-0.4161145091056824,130,-1.3796172204649793e-08,-1.3796172204649793e-06,1.3796172204649793e-06
188248503,0.8073370011516287,0.6380763338368867,0.4268925786018371,-0.3525626957416534,-0.4158377051353454,131,0.807336985368635,0.6380763660076991,0.4268925189971924,-0.3525625765323639,-0.41583773493766785,131,-1.5782993689761327e-08,-1.5782993689761327e-06,1.5782993689761327e-06
188281837,0.8215634596216553,0.6380198409098552,0.4267937541007995,-0.3525691330432892,-0.415546178817749,132,0.8215634438386616,0.6380199231646534,0.42679375410079956,-0.3525688648223877,-0.4155462980270386,132,-1.5782993689761327e-08,-1.5782993689761327e-06,1.5782993689761327e-06
188315171,0.8357909363376969,0.6380377167505881,0.4268243014812469,-0.3525902926921844,-0.4156657457351684,133,0.8357909205547032,0.6380377008702103,0.42682430148124695,-0.35259026288986206,-0.4156656265258789,133,-1.5782993689761327e-08,-1.5782993689761327e-06,1.5782993689761327e-06
188348505,0.8500236910450333,0.6382423760700402,0.4269826412200928,-0.3523083627223968,-0.4164176881313324,134,0.8500236732752181,0.6382424000739957,0.426982581615448,-0.35230815410614014,-0.41641756892204285,134,-1.776981517487286e-08,-1.776981517487286e-06,1.776981517487286e-06
188381839,0.8642540347444886,0.6382344721699849,0.4269103109836578,-0.3524644076824188,-0.4165601730346679,135,0.8642540139944411,0.6382344364395451,0.4269102215766907,-0.3524644672870636,-0.4165600538253784,135,-2.0750047458051313e-08,-2.0750047458051313e-06,2.0750047458051313e-06
188415173,0.8784867646165564,0.6379086566977443,0.4269818961620331,-0.3530135750770569,-0.415481299161911,136,0.8784867418796874,0.6379087196589361,0.4269818365573883,-0.3530135452747345,-0.4154815971851349,136,-2.2736868943162847e-08,-2.2736868943162847e-06,2.2736868943162847e-06
188448507,0.8927180669573818,0.638001868755905,0.4269390702247619,-0.3527210652828216,-0.4156301021575928,137,0.8927180442205128,0.6380018196991439,0.42693907022476196,-0.3527211844921112,-0.4156299829483032,137,-2.2736868943162847e-08,-2.2736868943162847e-06,2.2736868943162847e-06
188481841,0.9069547436503445,0.6381446128655739,0.4271003007888794,-0.3526264727115631,-0.4162748456001282,138,0.9069547219068862,0.6381447032460986,0.4271003305912018,-0.3526262938976288,-0.41627511382102966,138,-2.174345825611823e-08,-2.174345825611823e-06,2.174345825611823e-06
188515175,0.9211912703382844,0.6382759628106748,0.4270958006381988,-0.3522509634494781,-0.4165280759334564,139,0.9211912515750584,0.6382759485077292,0.427095890045166,-0.3522510528564453,-0.4165281057357788,139,-1.876322597293978e-08,-1.8763225972939779e-06,1.8763225972939779e-06
188548509,0.9354296100008362,0.6382737251168789,0.4271501898765564,-0.3522419035434723,-0.4165054857730865,140,0.9354295902441996,0.6382737373712836,0.427150160074234,-0.3522418737411499,-0.41650551557540894,140,-1.9756636659984395e-08,-1.9756636659984395e-06,1.9756636659984395e-06
188581843,0.9496651402977976,0.6382490715939135,0.427065908908844,-0.3524286448955536,-0.4165953993797302,141,0.9496651185543395,0.6382491012053328,0.4270658493041992,-0.3524284362792969,-0.41659530997276306,141,-2.1743458034073626e-08,-2.1743458034073626e-06,2.1743458034073626e-06
188615177,0.9639004729060208,0.6383007057893767,0.4270599782466888,-0.3523292541503906,-0.4167520403861999,142,0.9639004521559733,0.6383006741732857,0.42706000804901123,-0.35232919454574585,-0.41675180196762085,142,-2.0750047458051313e-08,-2.0750047458051313e-06,2.0750047458051313e-06
188648511,0.9781337809431428,0.6383013225873251,0.4269992411136627,-0.3523211181163788,-0.4167456924915313,143,0.9781337621799169,0.6383013884174533,0.4269993007183075,-0.35232099890708923,-0.4167459011077881,143,-1.876322597293978e-08,-1.8763225972939779e-06,1.8763225972939779e-06
188681845,0.992368618832814,0.6382147341734989,0.4270451366901397,-0.352232277393341,-0.4161811470985412,144,0.9923685990761775,0.6382146846131573,0.4270451068878174,-0.3522322475910187,-0.4161808490753174,144,-1.9756636548962092e-08,-1.975663654896209e-06,1.975663654896209e-06
188715179,0.006608074095634,0.6383805348989224,0.4271836578845978,-0.352157324552536,-0.4169726967811584,145,0.006608055332408158,0.6383805120220463,0.42718368768692017,-0.3521571755409241,-0.41697239875793457,145,-1.8763225861917476e-08,-1.8763225861917476e-06,1.8763225861917476e-06
188748513,0.0208441686498993,0.6384004726650703,0.4270828366279602,-0.3522360324859619,-0.4171718955039978,146,0.020844150880084244,0.6384005430188959,0.4270828664302826,-0.35223594307899475,-0.4171721637248993,146,-1.7769815063850558e-08,-1.7769815063850558e-06,1.7769815063850558e-06
188781847,0.0350772015122447,0.6383158227358521,0.4269909858703613,-0.352720707654953,-0.4172954559326172,147,0.03507718175560813,0.6383158461772573,0.42699092626571655,-0.3527206778526306,-0.41729554533958435,147,-1.9756636548962092e-08,-1.975663654896209e-06,1.975663654896209e-06
188815181,0.0493101578819626,0.638438111543169,0.4269886910915375,-0.3524441421031952,-0.4176186919212341,148,0.0493101371319153,0.6384381314429965,0.4269886612892151,-0.352444052696228,-0.41761869192123413,148,-2.075004729151786e-08,-2.075004729151786e-06,2.075004729151786e-06
188848515,0.0635480644174291,0.6384654164550365,0.4271371960639953,-0.3521119952201843,-0.4173703789710998,149,0.0635480456542033,0.638465475169272,0.42713725566864014,-0.3521117568016052,-0.41737040877342224,149,-1.8763225806406325e-08,-1.8763225806406325e-06,1.8763225806406325e-06
188881849,0.0777846685914073,0.6384792167669704,0.4270981252193451,-0.3522623181343078,-0.4176220297813415,150,0.07778465082159222,0.6384792901688426,0.4270981550216675,-0.35226213932037354,-0.4176222085952759,150,-1.7769815063850558e-08,-1.7769815063850558e-06,1.7769815063850558e-06
188915183,0.0920171679921819,0.6384731483726268,0.4269749820232391,-0.3524031043052673,-0.4177566170692444,151,0.09201714922895611,0.6384732381290945,0.42697495222091675,-0.35240277647972107,-0.41775670647621155,151,-1.8763225806406325e-08,-1.8763225806406325e-06,1.8763225806406325e-06
188948517,0.1062538109091792,0.6385134602400532,0.4270992875099182,-0.3520133793354034,-0.4175091385841369,152,0.10625379214595339,0.6385134455275177,0.4270992875099182,-0.35201331973075867,-0.417508989572525,152,-1.8763225806406325e-08,-1.8763225806406325e-06,1.8763225806406325e-06
188981851,0.120489707774706,0.6385104619761208,0.427076905965805,-0.3522010743618011,-0.4177157878875732,153,0.12048969000489097,0.6385104758994025,0.42707693576812744,-0.35220083594322205,-0.41771557927131653,153,-1.7769815008339407e-08,-1.7769815008339407e-06,1.7769815008339407e-06
189015185,0.1347253086038305,0.638473762732445,0.4270680248737335,-0.3522292673587799,-0.4175538122653961,154,0.1347252908340154,0.6384737826428895,0.4270680248737335,-0.35222917795181274,-0.4175538122653961,154,-1.7769815063850558e-08,-1.7769815063850558e-06,1.7769815063850558e-06
189048519,0.1489584040510529,0.6384090300714385,0.4269928634166717,-0.3523715734481811,-0.4173779487609863,155,0.1489583862812378,0.6384090734166007,0.42699286341667175,-0.3523714542388916,-0.4173780381679535,155,-1.7769815063850558e-08,-1.7769815063850558e-06,1.7769815063850558e-06
189081853,0.1703099277484291,0.6384352353181557,0.427030473947525,-0.3523578643798828,-0.417501151561737,156,0.17030990997861406,0.6384351925912026,0.427030473947525,-0.35235780477523804,-0.4175008535385132,156,-1.7769815063850558e-08,-1.7769815063850558e-06,1.7769815063850558e-06
189115187,0.1916655805575722,0.6385062295561592,0.4271130561828613,-0.3520650565624237,-0.4175319373607635,157,0.19166556278775712,0.6385062973849086,0.42711305618286133,-0.3520648777484894,-0.4175320863723755,157,-1.7769815063850558e-08,-1.7769815063850558e-06,1.7769815063850558e-06
189148521,0.2130156305301064,0.6384927904331017,0.4270009994506836,-0.3523409068584442,-0.417787492275238,158,0.21301560978005907,0.6384929255992452,0.4270009398460388,-0.3523404002189636,-0.4177876114845276,158,-2.075004734702901e-08,-2.075004734702901e-06,2.075004734702901e-06
189181855,0.2343667518961304,0.6386353221650839,0.4270224273204803,-0.3520384132862091,-0.4181881546974182,159,0.23436673710654757,0.6386353172890968,0.4270225465297699,-0.3520382344722748,-0.4181879162788391,159,-1.4789582836183257e-08,-1.4789582836183257e-06,1.4789582836183257e-06
189215189,0.2557181072103852,0.6385462054086661,0.4270271062850952,-0.3522408306598663,-0.4179533720016479,160,0.25571809987138294,0.6385462920468787,0.42702725529670715,-0.35224059224128723,-0.4179535508155823,160,-7.339002239259429e-09,-7.339002239259429e-07,7.339002239259429e-07
189248523,0.2770687800514572,0.6384235479669742,0.4270134568214416,-0.3525952100753784,-0.4177201390266418,161,0.27706877420257114,0.6384235458994661,0.42701348662376404,-0.3525952696800232,-0.4177201986312866,161,-5.848886042159052e-09,-5.848886042159052e-07,5.848886042159052e-07
189281857,0.2984194514024132,0.6384420474418799,0.4270134270191192,-0.3525022864341736,-0.417708545923233,162,0.2984194470436432,0.638442167660686,0.42701345682144165,-0.3525020480155945,-0.4177089035511017,162,-4.358770011592128e-09,-4.358770011592128e-07,4.358770011592128e-07
189315191,0.3197742459046715,0.6385954742490738,0.427095890045166,-0.3523539006710052,-0.4183502793312073,163,0.31977424303601765,0.6385954976409544,0.4270959198474884,-0.35235387086868286,-0.41835036873817444,163,-2.868653870002902e-09,-2.868653870002902e-07,2.868653870002902e-07
189348525,0.3411299329864853,0.6386255493366872,0.4271137416362762,-0.3522410690784454,-0.4183767437934875,164,0.34112992862771535,0.6386256390722871,0.42711371183395386,-0.35224074125289917,-0.4183768332004547,164,-4.358769956080977e-09,-4.3587699560809767e-07,4.3587699560809767e-07
189381859,0.3624835055935257,0.6384947571091065,0.4270714521408081,-0.3525820970535278,-0.4180839657783508,165,0.3624835027248719,0.6384947842697325,0.4270714819431305,-0.35258179903030396,-0.4180837571620941,165,-2.8686538144917506e-09,-2.8686538144917506e-07,2.8686538144917506e-07
189415193,0.3838409733641021,0.6385042047854421,0.4271493554115295,-0.352392166852951,-0.4179090857505798,166,0.38384096900533227,0.6385042816591515,0.42714932560920715,-0.3523920476436615,-0.4179093539714813,166,-4.358769845058674e-09,-4.358769845058674e-07,4.358769845058674e-07
189448527,0.4051945221292846,0.6385281421485569,0.4270709753036499,-0.3523425161838531,-0.4179777503013611,167,0.40519451777051474,0.6385281606249988,0.4270709753036499,-0.35234230756759644,-0.41797760128974915,167,-4.358769845058674e-09,-4.358769845058674e-07,4.358769845058674e-07
189481861,0.426546908603894,0.6385615389605764,0.4270477294921875,-0.3522972762584686,-0.4181020855903625,168,0.426546902755008,0.6385615725012466,0.4270476996898651,-0.35229727625846863,-0.4181022644042969,168,-5.8488859866479e-09,-5.8488859866479e-07,5.8488859866479e-07
189515195,0.447897630618798,0.6385431539135472,0.4270144402980804,-0.3523529469966888,-0.4180701375007629,169,0.44789762327979593,0.6385432502877787,0.42701441049575806,-0.3523525893688202,-0.4180702269077301,169,-7.339002072725975e-09,-7.339002072725975e-07,7.339002072725975e-07
189548529,0.4692414325344436,0.6384861714950192,0.426876038312912,-0.3525694906711578,-0.4180232584476471,170,0.46924142519544154,0.6384862734261434,0.426876038312912,-0.3525691330432892,-0.41802337765693665,170,-7.339002072725975e-09,-7.339002072725975e-07,7.339002072725975e-07
189581863,0.4905892592537276,0.6383787541423003,0.4269565343856811,-0.3527271449565887,-0.4176379144191742,171,0.4905892534048417,0.6383788907033457,0.42695656418800354,-0.3527267575263977,-0.4176381826400757,171,-5.848885875625598e-09,-5.848885875625598e-07,5.848885875625598e-07
189615197,0.5119354081022612,0.6383646685806552,0.4269229769706726,-0.3529681861400604,-0.4178482890129089,172,0.5119354037434914,0.6383646675520618,0.426923006772995,-0.3529682159423828,-0.4178483188152313,172,-4.358769789547523e-09,-4.358769789547523e-07,4.358769789547523e-07
189648531,0.5332831781971328,0.6383465407070458,0.4269554018974304,-0.3528434932231903,-0.4176041781902313,173,0.5332831783087113,0.6383466064108072,0.4269554913043976,-0.35284337401390076,-0.41760438680648804,173,1.1157852419785286e-10,1.1157852419785286e-08,1.1157852419785286e-08
189681865,0.5546305474507682,0.6383708354559847,0.4269473850727081,-0.3526217043399811,-0.4174709320068359,174,0.5546305505425789,0.638370734511946,0.4269474446773529,-0.35262203216552734,-0.417470782995224,174,3.0918106963540026e-09,3.0918106963540026e-07,3.0918106963540026e-07
189715199,0.5759763878452652,0.6384774341601476,0.4269168078899383,-0.3524572551250458,-0.4178436398506164,175,0.5759763864667274,0.6384774596521403,0.4269167184829712,-0.3524571657180786,-0.41784366965293884,175,-1.3785377284136757e-09,-1.3785377284136757e-07,1.3785377284136757e-07
189748533,0.5973176014292114,0.6382962347465502,0.4268242716789245,-0.3530084788799286,-0.417531669139862,176,0.5973176089913704,0.6382961787372214,0.4268244504928589,-0.3530084788799286,-0.4175313711166382,176,7.562159010099379e-09,7.562159010099379e-07,7.562159010099379e-07
189781867,0.6186588403451316,0.6384120994194386,0.4268247783184051,-0.352994829416275,-0.4181325435638428,177,0.6186588523776391,0.6384122002332214,0.4268248677253723,-0.35299450159072876,-0.4181326925754547,177,1.2032507434867057e-08,1.2032507434867057e-06,1.2032507434867057e-06
189815201,0.6384116437877196,0.6384116437877196,0.4268991649150848,-0.3526484668254852,-0.4177198410034179,178,0.6384116473192007,0.6384116473192007,0.42689913511276245,-0.35264852643013,-0.41771993041038513,178,3.5314811075437547e-09,3.5314811075437547e-07,3.5314811075437547e-07
189848535,0.6526415851558227,0.6383433238083178,0.4268982410430908,-0.3529787063598633,-0.4177470803260803,179,0.6526415867004823,0.6383433375195,0.42689818143844604,-0.35297879576683044,-0.41774725914001465,179,1.5446596224322207e-09,1.5446596224322207e-07,1.5446596224322207e-07
189881869,0.6668705460275192,0.6383862250345176,0.4268688261508941,-0.3527112007141113,-0.4176588058471679,180,0.6668705485655896,0.6383861653736433,0.42686885595321655,-0.3527114689350128,-0.41765880584716797,180,2.538070420499139e-09,2.538070420499139e-07,2.538070420499139e-07
189915203,0.6810995168333231,0.6385177420473884,0.426869124174118,-0.3525134623050689,-0.4181250929832458,181,0.6810995203648043,0.6385178621780585,0.42686915397644043,-0.35251322388648987,-0.4181254506111145,181,3.5314811075437547e-09,3.5314811075437547e-07,3.5314811075437547e-07
189948537,0.6953295456215719,0.6384172267723056,0.4269008636474609,-0.3528264462947845,-0.4179604053497314,182,0.6953295501464637,0.6384172288375858,0.4269008934497833,-0.35282638669013977,-0.41796034574508667,182,4.5248917945883704e-09,4.5248917945883704e-07,4.5248917945883704e-07
189981871,0.7095617609068731,0.6385583652582404,0.4269664585590362,-0.3527222275733948,-0.4185894727706909,183,0.7095617664251757,0.6385583942191368,0.42696648836135864,-0.3527221977710724,-0.41858959197998047,183,5.518302592655289e-09,5.518302592655289e-07,5.518302592655289e-07
190015205,0.7237939463898518,0.6385923289242224,0.4269655644893646,-0.3525329530239105,-0.4185460805892944,184,0.7237939529015652,0.6385923910358715,0.426965594291687,-0.3525327742099762,-0.418546199798584,184,6.511713390722207e-09,6.511713390722207e-07,6.511713390722207e-07
190048539,0.7380241609459101,0.6385382481623252,0.4269064366817474,-0.3528164327144623,-0.4185938835144043,185,0.7380241644773913,0.6385382715386512,0.4269063472747803,-0.3528164029121399,-0.41859397292137146,185,3.531481218566057e-09,3.531481218566057e-07,3.531481218566057e-07
190081873,0.7522547818069635,0.6385472706750679,0.426918625831604,-0.3526378571987152,-0.4184301495552063,186,0.7522547863318555,0.6385473181137773,0.4269186556339264,-0.3526376187801361,-0.4184301197528839,186,4.524892016632975e-09,4.5248920166329754e-07,4.5248920166329754e-07
190115207,0.7664853212083358,0.6385652284322658,0.4269161820411682,-0.3525818288326263,-0.4184594750404358,187,0.7664853257332278,0.6385652793760839,0.4269161820411682,-0.352581650018692,-0.41845953464508057,187,4.524892016632975e-09,4.5248920166329754e-07,4.5248920166329754e-07
190148541,0.7807137178227284,0.6384289508027966,0.4268518984317779,-0.352674663066864,-0.4178430438041687,188,0.7807137233410312,0.6384289197252395,0.42685192823410034,-0.3526747524738312,-0.4178429841995239,188,5.518302814699894e-09,5.518302814699894e-07,5.518302814699894e-07
190181875,0.7949494845514474,0.6385855731312117,0.4270730018615722,-0.3526010811328888,-0.4185909032821655,189,0.7949494851026965,0.638585628605474,0.4270728528499603,-0.35260093212127686,-0.4185910224914551,189,5.512490464099074e-10,5.5124904640990735e-08,5.5124904640990735e-08
190215209,0.8091788825238723,0.6383976375303594,0.4268819391727447,-0.3529854714870453,-0.4180443882942199,190,0.8091788850619428,0.6383976039732246,0.4268819987773895,-0.3529854714870453,-0.41804420948028564,190,2.5380705315214414e-09,2.5380705315214414e-07,2.5380705315214414e-07
190248543,0.8234103577181675,0.6384605024204908,0.4269442558288574,-0.3526475727558136,-0.4179790318012237,191,0.8234103562825951,0.6384605152665532,0.42694413661956787,-0.3526473641395569,-0.41797885298728943,191,-1.4355724387016267e-09,-1.4355724387016267e-07,1.4355724387016267e-07
190281877,0.8376390155995864,0.6385731059164692,0.4268597364425659,-0.3523657619953155,-0.4182450473308563,192,0.8376390131706032,0.6385731268596995,0.42685970664024353,-0.352365642786026,-0.41824501752853394,192,-2.428983236768545e-09,-2.428983236768545e-07,2.428983236768545e-07
190315211,0.8518707768961766,0.6385019509690437,0.4269528388977051,-0.3524776101112366,-0.4179984033107757,193,0.8518707734737826,0.6385019286001655,0.4269528090953827,-0.3524776101112366,-0.4179982841014862,193,-3.422394034835463e-09,-3.422394034835463e-07,3.422394034835463e-07
190348545,0.8660992509966075,0.638404257540583,0.4268542230129242,-0.3528006374835968,-0.417860746383667,194,0.8660992485676241,0.6384042229373585,0.4268542528152466,-0.3528006672859192,-0.41786059737205505,194,-2.4289833477908473e-09,-2.4289833477908473e-07,2.4289833477908473e-07
190381879,0.8803322639907379,0.6383676247894252,0.4269903898239136,-0.3528509438037872,-0.4177252352237701,195,0.8803322625551653,0.6383676272994911,0.42699041962623596,-0.3528510332107544,-0.4177253544330597,195,-1.4355726607462316e-09,-1.4355726607462316e-07,1.4355726607462316e-07
190415213,0.8945631888354798,0.6383676112337138,0.4269277453422546,-0.3530285060405731,-0.4179353713989258,196,0.8945631893867286,0.6383675888550233,0.4269278049468994,-0.3530285060405731,-0.41793525218963623,196,5.512488243653024e-10,5.512488243653024e-08,5.512488243653024e-08
190448547,0.9087921407664796,0.6385238535510886,0.4268685579299927,-0.3526070415973663,-0.4182686805725097,197,0.9087921423111391,0.6385238933250301,0.42686858773231506,-0.352606862783432,-0.41826868057250977,197,1.5446595114099182e-09,1.5446595114099182e-07,1.5446595114099182e-07
190481881,0.9230228709027152,0.6384989540120015,0.4269219040870666,-0.3525523245334625,-0.4180710315704345,198,0.9230228734407855,0.6384989372381498,0.42692193388938904,-0.3525523245334625,-0.4180709421634674,198,2.5380703094768364e-09,2.5380703094768364e-07,2.5380703094768364e-07
190515215,0.9372554855391364,0.6385145340101179,0.4269784390926361,-0.3525168001651764,-0.4181119501590729,199,0.9372554880772067,0.6385146247610738,0.4269784390926361,-0.35251644253730774,-0.41811200976371765,199,2.5380703094768364e-09,2.5380703094768364e-07,2.5380703094768364e-07
190548549,0.9514858401661096,0.6385080428948928,0.4269106388092041,-0.3524929285049438,-0.4180490374565124,200,0.9514858436975909,0.6385080930820356,0.4269106686115265,-0.35249245166778564,-0.4180487394332886,200,3.5314813295883596e-09,3.5314813295883596e-07,3.5314813295883596e-07
190581883,0.965721895977356,0.6387378048154211,0.4270816743373871,-0.3520598709583282,-0.4187606573104858,201,0.9657218985154264,0.6387378802217876,0.4270816445350647,-0.35205963253974915,-0.4187607765197754,201,2.538070420499139e-09,2.538070420499139e-07,2.538070420499139e-07
190615217,0.9799525963112692,0.638532887296563,0.426921010017395,-0.3525132238864898,-0.4182055592536926,202,0.9799526008361611,0.6385328206089834,0.4269210696220398,-0.3525133728981018,-0.4182053804397583,202,4.524891905610673e-09,4.524891905610673e-07,4.524891905610673e-07
190648551,0.9941869454428532,0.6385929455297394,0.427030473947525,-0.3523037135601043,-0.4182772040367126,203,0.9941869499677453,0.6385929455297394,0.427030473947525,-0.35230371356010437,-0.41827720403671265,203,4.524892016632975e-09,4.5248920166329754e-07,4.5248920166329754e-07
190681885,0.0084181524162469,0.6385530270452809,0.4269362092018127,-0.3526444733142853,-0.418468713760376,204,0.008418153960906727,0.6385529314248719,0.4269361197948456,-0.3526446521282196,-0.4184684157371521,204,1.5446598444768256e-09,1.5446598444768256e-07,1.5446598444768256e-07
190715219,0.02264969118883,0.6385530681954431,0.4269461631774902,-0.3525644242763519,-0.4183739423751831,205,0.02264969074666824,0.638553076910395,0.42694610357284546,-0.35256433486938477,-0.41837388277053833,205,-4.421617516570109e-10,-4.421617516570109e-08,4.421617516570109e-08
190748553,0.0368778960749485,0.638593678892712,0.4268461465835571,-0.352535218000412,-0.4185559749603271,206,0.03687789861301905,0.6385936733090494,0.4268462359905243,-0.352535218000412,-0.41855594515800476,206,2.5380705315214414e-09,2.5380705315214414e-07,2.5380705315214414e-07
190781887,0.0511103905086694,0.6386562443612642,0.4269748330116272,-0.3522172272205353,-0.418512225151062,207,0.051110394040150706,0.6386562565791729,0.4269748628139496,-0.3522171974182129,-0.4185122549533844,207,3.5314813295883596e-09,3.5314813295883596e-07,3.5314813295883596e-07
190815221,0.0653455572172978,0.6386839412840093,0.4270550012588501,-0.352265328168869,-0.4187172651290893,208,0.0653455597553683,0.6386839601306562,0.4270549714565277,-0.35226526856422424,-0.41871729493141174,208,2.5380705315214414e-09,2.5380705315214414e-07,2.5380705315214414e-07
190848555,0.079583006783821,0.6386263641167461,0.427123486995697,-0.35239377617836,-0.4185624718666076,209,0.0795830063416593,0.6386263742347549,0.42712339758872986,-0.3523938059806824,-0.41856256127357483,209,-4.4216169614585965e-10,-4.4216169614585965e-08,4.4216169614585965e-08
190881889,0.0938156800314762,0.6385470076295088,0.426980197429657,-0.3526948988437652,-0.4184964299201965,210,0.09381567859590378,0.6385470117974515,0.4269801676273346,-0.3526947796344757,-0.418496310710907,210,-1.4355724387016267e-09,-1.4355724387016267e-07,1.4355724387016267e-07
190915223,0.1080483721539356,0.638550912446259,0.4269807636737823,-0.3526092767715454,-0.4184156656265259,211,0.1080483707183632,0.6385510310913535,0.42698076367378235,-0.35260891914367676,-0.4184158742427826,211,-1.4355724387016267e-09,-1.4355724387016267e-07,1.4355724387016267e-07
190948557,0.1222822444483616,0.6384938770724264,0.4270161688327789,-0.3526482582092285,-0.4181577265262604,212,0.12228224301278916,0.6384938536732271,0.42701616883277893,-0.3526482880115509,-0.4181576371192932,212,-1.4355724387016267e-09,-1.4355724387016267e-07,1.4355724387016267e-07
190981891,0.136514803453781,0.6385781564842419,0.4269767701625824,-0.3524205982685089,-0.4183370769023895,213,0.13651480201820856,0.6385781774243442,0.4269767701625824,-0.35242047905921936,-0.41833704710006714,213,-1.4355724387016267e-09,-1.4355724387016267e-07,1.4355724387016267e-07
191015225,0.150742231492696,0.6384714540894436,0.4268228411674499,-0.352682888507843,-0.4180792570114136,214,0.15074223204394505,0.6384713681432321,0.4268229007720947,-0.3526829481124878,-0.41807886958122253,214,5.512490464099074e-10,5.5124904640990735e-08,5.5124904640990735e-08
191048559,0.1720951767608502,0.6385192676054317,0.4270589053630829,-0.3526599705219269,-0.4183070063591003,215,0.1720951788022153,0.6385192466810821,0.4270589351654053,-0.35266008973121643,-0.41830703616142273,215,2.041365076976831e-09,2.041365076976831e-07,2.041365076976831e-07
191081893,0.193449303691087,0.638576292496471,0.4270825386047363,-0.3523893058300018,-0.4182899892330169,216,0.19344930573245211,0.6385762984467664,0.42708253860473633,-0.35238945484161377,-0.4182901978492737,216,2.041365076976831e-09,2.041365076976831e-07,2.041365076976831e-07
191115227,0.2148035900637486,0.6385987357281573,0.4270857274532318,-0.3525716960430145,-0.4186262786388397,217,0.2148035906149976,0.638598749338394,0.4270856976509094,-0.3525717854499817,-0.41862645745277405,217,5.512490464099074e-10,5.5124904640990735e-08,5.5124904640990735e-08
191148561,0.2361576931521275,0.638681250631282,0.4270820617675781,-0.3525671660900116,-0.4190616607666015,218,0.2361576937033765,0.638681273986343,0.4270820617675781,-0.3525671362876892,-0.4190617501735687,218,5.512490464099074e-10,5.5124904640990735e-08,5.5124904640990735e-08
191181895,0.2575137929961064,0.6385845712941844,0.4271219968795776,-0.3526116609573364,-0.4185981154441833,219,0.2575137965275876,0.6385845806975852,0.4271220564842224,-0.35261139273643494,-0.41859784722328186,219,3.531481218566057e-09,3.531481218566057e-07,3.531481218566057e-07
191215229,0.2788697363778927,0.6385644983224781,0.4271188676357269,-0.3525218069553375,-0.4183843433856964,220,0.27886973990937397,0.6385645464522045,0.42711886763572693,-0.3525213897228241,-0.4183841049671173,220,3.5314813295883596e-09,3.5314813295883596e-07,3.5314813295883596e-07
191248563,0.3002286942645886,0.6385014378666675,0.4271791577339172,-0.3528394401073456,-0.4184247553348541,221,0.3002286948158376,0.6385014088956145,0.42717909812927246,-0.35283946990966797,-0.4184246361255646,221,5.512490464099074e-10,5.5124904640990735e-08,5.5124904640990735e-08
191281897,0.3215848745748379,0.6385404608366139,0.4271236062049866,-0.3526725471019745,-0.4184349775314331,222,0.32158487363597077,0.6385404186103703,0.4271235764026642,-0.35267263650894165,-0.41843485832214355,222,-9.3886715069047e-10,-9.3886715069047e-08,9.3886715069047e-08
191315231,0.3429465146705486,0.6385705078849828,0.4272328019142151,-0.3525510132312774,-0.4184510707855224,223,0.3429465107514493,0.638570507519798,0.4272327423095703,-0.3525508642196655,-0.41845089197158813,223,-3.91909932284662e-09,-3.91909932284662e-07,3.91909932284662e-07
191348565,0.3643088387295582,0.6388404285743285,0.427246481180191,-0.3521918356418609,-0.4194664359092712,224,0.3643088333203427,0.6388404463436206,0.42724645137786865,-0.3521918058395386,-0.419466495513916,224,-5.409215519946997e-09,-5.409215519946997e-07,5.409215519946997e-07
191381899,0.3856706308171131,0.6386825562470173,0.4272358417510986,-0.3525895774364471,-0.4190952777862549,225,0.3856706283881299,0.638682631882094,0.4272359013557434,-0.35258948802948,-0.41909557580947876,225,-2.428983236768545e-09,-2.428983236768545e-07,2.428983236768545e-07
191415233,0.4070305751606801,0.6386464438045767,0.4271988868713379,-0.3526211678981781,-0.4189398288726806,226,0.40703057124158065,0.6386464880952107,0.4271988570690155,-0.35262101888656616,-0.41893988847732544,226,-3.919099433868922e-09,-3.919099433868922e-07,3.919099433868922e-07
191448567,0.4283942909881451,0.6386396156372083,0.4272743165493011,-0.3525154292583465,-0.418777734041214,227,0.42839428110858124,0.638639649831364,0.4272741973400116,-0.35251525044441223,-0.4187777042388916,227,-9.879563833692373e-09,-9.879563833692373e-07,9.879563833692373e-07
191481901,0.4497504623576977,0.6387538823681022,0.4271234273910522,-0.3525149822235107,-0.4193879961967468,228,0.44975045247813383,0.638753866712948,0.42712342739105225,-0.35251495242118835,-0.4193878769874573,228,-9.879563889203524e-09,-9.879563889203524e-07,9.879563889203524e-07
191515235,0.4711072089120724,0.638526456975316,0.4271349310874939,-0.3530131578445434,-0.4187643229961395,229,0.4711072035028569,0.6385264712575989,0.42713502049446106,-0.3530130684375763,-0.41876429319381714,229,-5.409215519946997e-09,-5.409215519946997e-07,5.409215519946997e-07
191548569,0.4924652131244518,0.6385996298396377,0.4271600842475891,-0.3529362380504608,-0.4190638959407806,230,0.49246520622512024,0.6385996511020265,0.4271600544452667,-0.3529362678527832,-0.4190640449523926,230,-6.899331550513921e-09,-6.899331550513921e-07,6.899331550513921e-07
191581903,0.513818197135625,0.6386268555872372,0.4270596802234649,-0.3530506789684295,-0.41934534907341,231,0.5138181932165258,0.6386268688256038,0.42705973982810974,-0.3530506193637848,-0.41934534907341003,231,-3.9190992673354685e-09,-3.9190992673354685e-07,3.9190992673354685e-07
191615237,0.5351738842174388,0.638497844584891,0.4271137416362762,-0.3530450761318207,-0.4186494350433349,232,0.5351738802983396,0.6384978038205291,0.42711374163627625,-0.3530452847480774,-0.41864946484565735,232,-3.9190992673354685e-09,-3.9190992673354685e-07,3.9190992673354685e-07
191648571,0.5565364735171177,0.6387036077551455,0.427251785993576,-0.3526929914951324,-0.4193307757377624,233,0.5565364740683667,0.6387036328933979,0.4272518754005432,-0.35269275307655334,-0.4193306267261505,233,5.512490464099074e-10,5.5124904640990735e-08,5.5124904640990735e-08
191681905,0.5778999375149585,0.638628816588229,0.4272692799568176,-0.3527810871601105,-0.4190356135368347,234,0.5778999365760915,0.6386288096240027,0.42726925015449524,-0.3527809679508209,-0.4190354347229004,234,-9.388669841570163e-10,-9.388669841570163e-08,9.388669841570163e-08
191715239,0.5992600576922275,0.6387266718890492,0.4272024035453796,-0.3527742326259613,-0.4195507764816284,235,0.5992600642039411,0.6387266329073726,0.4272025525569916,-0.3527742326259613,-0.4195505678653717,235,6.511713612766812e-09,6.511713612766812e-07,6.511713612766812e-07
191748573,0.6206213818833209,0.6385654808451708,0.4272264838218689,-0.3527875542640686,-0.4187049865722656,236,0.6206213883950346,0.6385655366653094,0.4272264838218689,-0.3527875542640686,-0.4187052845954895,236,6.511713612766812e-09,6.511713612766812e-07,6.511713612766812e-07
191781907,0.6384929841822233,0.6384929841822233,0.4270630776882171,-0.3531683683395386,-0.4187696874141693,237,0.6384929709444387,0.6384929709444387,0.42706310749053955,-0.35316842794418335,-0.4187696874141693,237,-1.323778464623615e-08,-1.323778464623615e-06,1.323778464623615e-06
191815241,0.6527318980361866,0.6385149699195154,0.4271674156188965,-0.3531801700592041,-0.4189010858535766,238,0.6527318867852234,0.6385149601861193,0.42716747522354126,-0.35318028926849365,-0.4189011752605438,238,-1.1250963161124616e-08,-1.1250963161124616e-06,1.1250963161124616e-06
191848575,0.6669688767260161,0.6385625938986421,0.4271093606948852,-0.353028804063797,-0.4189758896827698,239,0.6669688664684637,0.6385626336217424,0.42710939049720764,-0.35302862524986267,-0.4189758896827698,239,-1.025755247408e-08,-1.025755247408e-06,1.025755247408e-06
191881909,0.6812089141275334,0.6387816037408709,0.4272011220455169,-0.3526506721973419,-0.4196978211402893,240,0.6812089048633916,0.6387816270638809,0.42720115184783936,-0.35265064239501953,-0.41969791054725647,240,-9.264141787035385e-09,-9.264141787035385e-07,9.264141787035385e-07
191915243,0.6954465534355091,0.6386687940357789,0.427129179239273,-0.3530552685260772,-0.4195751547813415,241,0.6954465451647781,0.6386688480330424,0.42712920904159546,-0.3530550003051758,-0.41957512497901917,241,-8.270730988968467e-09,-8.270730988968467e-07,8.270730988968467e-07
191948577,0.7096863693064299,0.6387366130389768,0.4271944761276245,-0.3528659045696258,-0.419713020324707,242,0.7096863600422881,0.6387366350112267,0.4271944463253021,-0.3528657555580139,-0.41971296072006226,242,-9.264141787035385e-09,-9.264141787035385e-07,9.264141787035385e-07
191981911,0.7239237155582355,0.6386364647032052,0.4271203875541687,-0.3531440198421478,-0.419507622718811,243,0.7239237062940937,0.638636499172887,0.4271203875541687,-0.35314399003982544,-0.419507771730423,243,-9.264141787035385e-09,-9.264141787035385e-07,9.264141787035385e-07
192015245,0.7381604081457701,0.6386030776741152,0.4271007776260376,-0.352984219789505,-0.4191392958164215,244,0.7381604018618606,0.6386030999772235,0.42710086703300476,-0.352984219789505,-0.41913941502571106,244,-6.283909503856933e-09,-6.283909503856933e-07,6.283909503856933e-07
192048579,0.7523988749648975,0.6387105370887669,0.427154004573822,-0.3526898920536041,-0.4193641543388366,245,0.7523988666941666,0.6387104241629357,0.42715394496917725,-0.3526902496814728,-0.41936397552490234,245,-8.270730988968467e-09,-8.270730988968467e-07,8.270730988968467e-07
192081913,0.766631343569939,0.6386054439753514,0.4269740581512451,-0.3532716035842895,-0.4194931983947754,246,0.7666313343057973,0.6386054895880089,0.42697402834892273,-0.35327157378196716,-0.4194934070110321,246,-9.264141676013082e-09,-9.264141676013082e-07,9.264141676013082e-07
192115247,0.7808663374250975,0.638376277447195,0.4270498156547546,-0.353607565164566,-0.4186671376228332,247,0.7808663261741343,0.6383762576102235,0.42704975605010986,-0.3536076545715332,-0.41866713762283325,247,-1.1250963161124616e-08,-1.1250963161124616e-06,1.1250963161124616e-06
192148581,0.7951002305811491,0.6385726884466691,0.4270167946815491,-0.3532214164733886,-0.4192584455013275,248,0.7951002173433644,0.6385726152987397,0.4270167350769043,-0.353221595287323,-0.4192582666873932,248,-1.323778464623615e-08,-1.323778464623615e-06,1.323778464623615e-06
192181915,0.8093364801074908,0.6385572784054435,0.4270874857902527,-0.3529299795627594,-0.4188302159309387,249,0.8093364658762955,0.6385572438807615,0.4270874559879303,-0.3529300093650818,-0.4188300669193268,249,-1.4231195333280766e-08,-1.4231195333280766e-06,1.4231195333280766e-06
192215249,0.823574748244469,0.6385472758947228,0.4271480441093445,-0.3530491888523102,-0.418918251991272,250,0.8235747310330414,0.6385472020299241,0.4271479547023773,-0.35304954648017883,-0.41891828179359436,250,-1.721142761645922e-08,-1.7211427616459218e-06,1.7211427616459218e-06
192248583,0.8378097669348961,0.6385846750507997,0.4270505607128143,-0.3531844019889831,-0.4192785918712616,251,0.8378097467432363,0.6385845733468458,0.42705047130584717,-0.3531847596168518,-0.41927847266197205,251,-2.0191659788615368e-08,-2.019165978861537e-06,2.019165978861537e-06
192281917,0.8520457720821942,0.6386671397398316,0.4270801544189453,-0.3527836501598358,-0.4192435145378113,252,0.8520457518905344,0.6386671564606758,0.4270801544189453,-0.3527836501598358,-0.41924360394477844,252,-2.0191659788615368e-08,-2.019165978861537e-06,2.019165978861537e-06
192315251,0.866277632719859,0.6384778623794911,0.4269558191299438,-0.3533262312412262,-0.4188761115074157,253,0.866277609547967,0.6384778968995853,0.4269557297229767,-0.3533262014389038,-0.4188762605190277,253,-2.317189207179382e-08,-2.317189207179382e-06,2.317189207179382e-06
192348585,0.8805115695859835,0.6385163967471192,0.4270181059837341,-0.3532353043556213,-0.4189741015434265,254,0.8805115404536269,0.6385164190632036,0.4270179271697998,-0.35323530435562134,-0.41897422075271606,254,-2.9132356638150725e-08,-2.9132356638150725e-06,2.9132356638150725e-06
192381919,0.8947455034718758,0.6385393522269804,0.4270180165767669,-0.3531321585178375,-0.418974369764328,255,0.8947454713592868,0.6385394003552989,0.4270179271697998,-0.3531322181224823,-0.41897469758987427,255,-3.211258892132918e-08,-3.2112588921329177e-06,3.2112588921329177e-06
192415253,0.90898125033238,0.6385994633514287,0.4270724058151245,-0.3531025946140289,-0.4192605316638946,256,0.9089812172263803,0.638599435480376,0.4270723760128021,-0.35310259461402893,-0.4192603826522827,256,-3.3105999719396095e-08,-3.3105999719396095e-06,3.3105999719396095e-06
192448587,0.9232180313334708,0.6385280452326105,0.4271034300327301,-0.3532298505306244,-0.4190298616886139,257,0.9232179972340605,0.6385281320219729,0.4271034002304077,-0.3532297611236572,-0.41903021931648254,257,-3.409941029541841e-08,-3.409941029541841e-06,3.409941029541841e-06
192481921,0.9374530291622724,0.638538883657352,0.4270499348640442,-0.3531924188137054,-0.4190433621406555,258,0.9374529930760405,0.6385389320617996,0.4270498752593994,-0.35319215059280396,-0.41904330253601074,258,-3.6086231891552245e-08,-3.6086231891552245e-06,3.6086231891552245e-06
192515255,0.951690645621801,0.6385675315018358,0.4271284937858581,-0.3532040417194366,-0.4192102551460266,259,0.9516906085421584,0.6385674670482331,0.42712846398353577,-0.3532041311264038,-0.4192100167274475,259,-3.707964257859686e-08,-3.707964257859686e-06,3.707964257859686e-06
192548589,0.9659274286097136,0.6386112937821278,0.4271034896373749,-0.3528469800949096,-0.4190202355384826,260,0.9659273925234816,0.6386113582699001,0.42710351943969727,-0.3528468906879425,-0.41902047395706177,260,-3.608623200257455e-08,-3.6086232002574548e-06,3.6086232002574548e-06
192581923,0.9801642304724302,0.6384819102970396,0.4271040558815002,-0.3533414304256439,-0.4189157485961914,261,0.980164191405966,0.6384819346890829,0.4271039664745331,-0.35334137082099915,-0.4189158082008362,261,-3.90664641747307e-08,-3.90664641747307e-06,3.90664641747307e-06
192615257,0.9944004919197008,0.638436188093906,0.4270878434181213,-0.3531803786754608,-0.4184808135032654,262,0.9944004528532367,0.6384362445704426,0.42708784341812134,-0.3531801998615265,-0.41848090291023254,262,-3.9066464063708395e-08,-3.9066464063708395e-06,3.9066464063708395e-06
192648591,0.0086375669703728,0.6385366570405746,0.4271122515201568,-0.3530060350894928,-0.4188103377819061,263,0.008637529890730189,0.6385367734823424,0.42711231112480164,-0.3530057370662689,-0.4188106060028076,263,-3.707964263410801e-08,-3.707964263410801e-06,3.707964263410801e-06
192681925,0.0228746648694919,0.6384803611753197,0.4271129369735718,-0.3533926010131836,-0.418968141078949,264,0.02287462778984925,0.6384804723631143,0.4271129369735718,-0.35339245200157166,-0.4189685583114624,264,-3.707964263410801e-08,-3.707964263410801e-06,3.707964263410801e-06
192715259,0.0371102031137393,0.638499377913335,0.4270661473274231,-0.3532872796058655,-0.4189448356628418,265,0.03711016404727519,0.6384993611744842,0.4270660877227783,-0.3532872796058655,-0.41894474625587463,265,-3.9066464119219546e-08,-3.906646411921955e-06,3.906646411921955e-06
192748593,0.051349714007561,0.6385043445172289,0.4271853268146515,-0.3532266616821289,-0.4188994765281677,266,0.051349675934507656,0.6385043504901581,0.4271853566169739,-0.35322681069374084,-0.41889968514442444,266,-3.807305332115263e-08,-3.8073053321152628e-06,3.8073053321152628e-06
192781927,0.0655864562656329,0.6384906177347561,0.427102267742157,-0.353341668844223,-0.4189625382423401,267,0.06558641719916881,0.6384906299299218,0.4271022379398346,-0.35334163904190063,-0.4189625680446625,267,-3.9066464063708395e-08,-3.9066464063708395e-06,3.9066464063708395e-06
192815261,0.0798220203385598,0.638468520419597,0.4270669221878052,-0.3532951772212982,-0.4187894165515899,268,0.0798219842523279,0.6384684604597872,0.42706701159477234,-0.35329529643058777,-0.41878923773765564,268,-3.6086231891552245e-08,-3.6086231891552245e-06,3.6086231891552245e-06
192848595,0.0940583493377612,0.6385916596282046,0.4270898699760437,-0.3530720174312591,-0.4191825091838836,269,0.0940583122581186,0.63859170527487,0.4270898401737213,-0.35307198762893677,-0.4191827178001404,269,-3.707964257859686e-08,-3.707964257859686e-06,3.707964257859686e-06
192881929,0.1082975602215376,0.6385635162137795,0.4271763265132904,-0.3531281352043152,-0.4190987050533294,270,0.10829752711553793,0.6385635203811564,0.42717644572257996,-0.35312801599502563,-0.4190985858440399,270,-3.3105999663884944e-08,-3.3105999663884944e-06,3.3105999663884944e-06
192915263,0.1225333835746692,0.6385438542156092,0.4270747005939483,-0.3533037602901459,-0.4192020297050476,271,0.12253335344890179,0.6385438806781365,0.4270747900009155,-0.3533036410808563,-0.4192020297050476,271,-3.012576743621764e-08,-3.0125767436217643e-06,3.0125767436217643e-06
192948597,0.1367698178754098,0.638486313753653,0.4270930290222168,-0.3533890843391418,-0.4189957678318023,272,0.13676978774964235,0.638486298452431,0.4270930290222168,-0.3533892035484314,-0.41899582743644714,272,-3.012576743621764e-08,-3.0125767436217643e-06,3.0125767436217643e-06
192981931,0.1510069257086363,0.638566491606166,0.4271132349967956,-0.353264570236206,-0.4192765355110168,273,0.15100689856310112,0.6385664271628704,0.4271133244037628,-0.3532646596431732,-0.41927629709243774,273,-2.714553515303919e-08,-2.714553515303919e-06,2.714553515303919e-06
193015265,0.1723626276916113,0.6387389573979168,0.4271140396595001,-0.3529728353023529,-0.4198527634143829,274,0.17236259756584388,0.6387389216084269,0.42711398005485535,-0.35297274589538574,-0.41985246539115906,274,-3.012576743621764e-08,-3.0125767436217643e-06,3.0125767436217643e-06
193048599,0.1937231829827871,0.6387306502369743,0.4272111058235168,-0.3527916371822357,-0.4195927679538727,275,0.19372315732736808,0.6387306719167948,0.427211195230484,-0.35279133915901184,-0.4195925295352936,275,-2.5655419011449965e-08,-2.5655419011449965e-06,2.5655419011449965e-06
193081933,0.2150819739764776,0.6386129014146326,0.4271758198738098,-0.3532459139823913,-0.4195025861263275,276,0.21508194832105856,0.6386129111650436,0.4271758198738098,-0.3532457947731018,-0.41950249671936035,276,-2.5655419011449965e-08,-2.5655419011449965e-06,2.5655419011449965e-06
193115267,0.2364430344170179,0.6386205655464691,0.4272212088108063,-0.3532619774341583,-0.4195626676082611,277,0.23644300876159888,0.6386205422213324,0.4272212088108063,-0.3532620072364807,-0.41956257820129395,277,-2.5655419011449965e-08,-2.5655419011449965e-06,2.5655419011449965e-06
193148601,0.2578001609510031,0.6386286209459306,0.4271425306797027,-0.3531083166599273,-0.4194232523441314,278,0.2578001278450034,0.6386285708006653,0.4271423816680908,-0.35310831665992737,-0.41942298412323,278,-3.3105999719396095e-08,-3.3105999719396095e-06,3.3105999719396095e-06
193181935,0.279155874854907,0.6387626238945677,0.4271142780780792,-0.3529902994632721,-0.4200003147125244,279,0.27915584919948794,0.6387625939706304,0.42711442708969116,-0.35299035906791687,-0.42000022530555725,279,-2.5655419066961116e-08,-2.5655419066961116e-06,2.5655419066961116e-06
193215269,0.3005124113029089,0.6386054479295031,0.4271307289600372,-0.3532072603702545,-0.4194168150424957,280,0.3005123856474898,0.63860540021953,0.42713072896003723,-0.3532073497772217,-0.4194166660308838,280,-2.5655419122472267e-08,-2.5655419122472267e-06,2.5655419122472267e-06
193248603,0.3218744313782301,0.6387689193947023,0.4272404015064239,-0.3529975414276123,-0.4200426638126373,281,0.32187440870304324,0.6387689360800184,0.4272404611110687,-0.3529975414276123,-0.4200427532196045,281,-2.2675186839293815e-08,-2.2675186839293815e-06,2.2675186839293815e-06
193281937,0.3432334354585256,0.6386855394957673,0.4271800816059112,-0.3532040417194366,-0.4198416173458099,282,0.3432334127833388,0.6386854994875837,0.42718008160591125,-0.35320407152175903,-0.4198414385318756,282,-2.2675186783782664e-08,-2.2675186783782664e-06,2.2675186783782664e-06
193315271,0.3645958682960119,0.6387023673030476,0.4272486567497253,-0.3529786169528961,-0.4196637272834778,283,0.3645958471109412,0.6387023697151383,0.42724868655204773,-0.3529787063598633,-0.41966384649276733,283,-2.118507075321574e-08,-2.118507075321574e-06,2.118507075321574e-06
193348605,0.3859549558228102,0.6387410573209822,0.4271817505359649,-0.353013664484024,-0.419912576675415,284,0.3859549331476233,0.6387410361200251,0.4271817207336426,-0.35301363468170166,-0.4199124276638031,284,-2.2675186894804966e-08,-2.2675186894804966e-06,2.2675186894804966e-06
193381939,0.4073106548255529,0.6387812624582541,0.4271139800548553,-0.3529615700244903,-0.4200659990310669,285,0.4073106276800177,0.6387813201859822,0.4271138906478882,-0.3529615104198456,-0.420066237449646,285,-2.7145535208550342e-08,-2.714553520855034e-06,2.714553520855034e-06
193415273,0.428667468435153,0.6388534510507233,0.4271362721920013,-0.3529795706272125,-0.420474499464035,286,0.42866743830938553,0.6388534134717558,0.42713621258735657,-0.3529796898365021,-0.42047443985939026,286,-3.0125767491728794e-08,-3.0125767491728794e-06,3.0125767491728794e-06
193448607,0.4500236666267957,0.6386377128741928,0.4271239638328552,-0.3531941175460815,-0.4195738136768341,287,0.4500236379911444,0.6386376529913244,0.4271239936351776,-0.3531942367553711,-0.4195736348628998,287,-2.8635651294628417e-08,-2.8635651294628417e-06,2.8635651294628417e-06
193481941,0.4713796860045042,0.6386678085939634,0.4271203875541687,-0.3531987369060516,-0.4197403788566589,288,0.47137965736885284,0.6386677553444424,0.4271203875541687,-0.3531988263130188,-0.4197402000427246,288,-2.8635651350139568e-08,-2.863565135013957e-06,2.863565135013957e-06
193515275,0.4927372521227445,0.6386879395132765,0.4271513223648071,-0.3530369102954864,-0.4196557998657226,289,0.492737220506861,0.6386878608266979,0.42715126276016235,-0.3530370891094208,-0.41965559124946594,289,-3.161588352229572e-08,-3.161588352229572e-06,3.161588352229572e-06
193548609,0.5140969103640165,0.6386181600248254,0.4271931648254394,-0.3534147441387176,-0.4197312295436859,290,0.5140968757679008,0.6386182146573657,0.4271931052207947,-0.35341477394104004,-0.4197315573692322,290,-3.459611574996302e-08,-3.459611574996302e-06,3.459611574996302e-06
193581943,0.5354572168058004,0.6386659585758223,0.4272061288356781,-0.3532030582427978,-0.4197356104850769,291,0.5354571822096846,0.6386658955641944,0.4272061288356781,-0.35320326685905457,-0.41973552107810974,291,-3.459611574996302e-08,-3.459611574996302e-06,3.459611574996302e-06
193615277,0.5568166172569837,0.6387078844147802,0.4271880090236664,-0.3532316982746124,-0.4199941754341125,292,0.5568165841509841,0.6387078910294028,0.42718803882598877,-0.35323166847229004,-0.41999417543411255,292,-3.310599960837379e-08,-3.3105999608373793e-06,3.3105999608373793e-06
193648611,0.578180909759387,0.6388178479762242,0.4272858500480652,-0.3528617918491363,-0.4201433062553406,293,0.5781808796336196,0.6388178291764662,0.42728590965270996,-0.35286185145378113,-0.4201432764530182,293,-3.012576732519534e-08,-3.012576732519534e-06,3.012576732519534e-06
193681945,0.5995396635001745,0.6385724659768676,0.4271750748157501,-0.353417158126831,-0.4194895923137665,294,0.5995396348645232,0.6385725488223515,0.4271751046180725,-0.3534168601036072,-0.41948968172073364,294,-2.8635651294628417e-08,-2.8635651294628417e-06,2.8635651294628417e-06
193715279,0.6208996227449026,0.638583876830275,0.4271991848945617,-0.3533825576305389,-0.4195095598697662,295,0.6208995926191352,0.6385838681317042,0.4271991550922394,-0.3533826470375061,-0.419509619474411,295,-3.012576743621764e-08,-3.0125767436217643e-06,3.0125767436217643e-06
193748613,0.6386134208719244,0.6386134208719244,0.4272381365299225,-0.3532728850841522,-0.4195373952388763,296,0.6386133602901851,0.6386133602901851,0.4272380471229553,-0.3532731831073761,-0.41953742504119873,296,-6.058173929179844e-08,-6.058173929179844e-06,6.058173929179844e-06
193781947,0.6528541745225896,0.6387884482808832,0.4272226095199585,-0.3530456721782684,-0.420204609632492,297,0.6528541149342612,0.638788488254157,0.4272226393222809,-0.35304564237594604,-0.4202047884464264,297,-5.9588328493731524e-08,-5.958832849373152e-06,5.958832849373152e-06
193815281,0.667094857641092,0.6386990265230879,0.4272204935550689,-0.3531734943389892,-0.4198775291442871,298,0.6670947960659419,0.6386990707319191,0.4272204339504242,-0.3531733453273773,-0.4198775887489319,298,-6.157515008986536e-08,-6.157515008986536e-06,6.157515008986536e-06
193848615,0.6813351046522766,0.6385608650341913,0.4272074103355407,-0.3535041213035583,-0.4195307493209839,299,0.6813350470507696,0.6385609050723291,0.4272075295448303,-0.35350409150123596,-0.4195309281349182,299,-5.760150700861999e-08,-5.760150700861999e-06,5.760150700861999e-06
193881949,0.6955792557676941,0.6386115681047098,0.4273245334625244,-0.3530957996845245,-0.4193171858787536,300,0.6955791991595979,0.6386115820400031,0.4273245632648468,-0.35309556126594543,-0.41931697726249695,300,-5.660809621055307e-08,-5.660809621055307e-06,5.660809621055307e-06
193915283,0.7098202736656178,0.6386487357227574,0.4272305369377136,-0.3531406819820404,-0.4195693135261535,301,0.7098202190443431,0.638648755243151,0.4272305965423584,-0.3531404435634613,-0.41956913471221924,301,-5.462127472544154e-08,-5.462127472544154e-06,5.462127472544154e-06
193948617,0.7240628134688049,0.6387774053434684,0.4272761940956116,-0.352912575006485,-0.4199870228767395,302,0.7240627608343516,0.6387774508998927,0.42727625370025635,-0.3529125452041626,-0.4199872314929962,302,-5.2634453240330004e-08,-5.263445324033e-06,5.263445324033e-06
193981951,0.738306797691217,0.6387062321072414,0.4273195266723633,-0.3532078862190246,-0.4199570119380951,303,0.7383067460501744,0.63870623556807,0.42731955647468567,-0.35320794582366943,-0.41995710134506226,303,-5.164104255328539e-08,-5.164104255328539e-06,5.164104255328539e-06
194015285,0.7525483987212488,0.6387097703706716,0.4272480309009552,-0.3532496690750122,-0.4200256466865539,304,0.7525483460867955,0.6387097105373161,0.4272480010986328,-0.35324978828430176,-0.42002546787261963,304,-5.2634453240330004e-08,-5.263445324033e-06,5.263445324033e-06
194048619,0.7667905669888168,0.6386650123297655,0.4272650480270386,-0.3534068465232849,-0.4199727177619934,305,0.7667905173345957,0.6386650133777647,0.42726513743400574,-0.3534068167209625,-0.419972687959671,305,-4.9654221068173854e-08,-4.965422106817385e-06,4.965422106817385e-06
194081953,0.7810292513648975,0.6385623867271495,0.4271605312824249,-0.3535076081752777,-0.4195430278778076,306,0.7810292046909088,0.6385623324264242,0.4271606206893921,-0.35350772738456726,-0.4195428788661957,306,-4.66739887849954e-08,-4.66739887849954e-06,4.66739887849954e-06
194115287,0.795273473012478,0.638723896023908,0.4273266494274139,-0.3531998097896576,-0.4200420379638672,307,0.7952734243516677,0.6387239071485673,0.42732658982276917,-0.3531998097896576,-0.42004209756851196,307,-4.8660810270106936e-08,-4.8660810270106936e-06,4.8660810270106936e-06
194148621,0.8095168770830142,0.6387149340152898,0.4273021221160888,-0.353134423494339,-0.4199162721633911,308,0.8095168254419718,0.638714878980099,0.4273020327091217,-0.35313472151756287,-0.4199163317680359,308,-5.1641042442263085e-08,-5.1641042442263085e-06,5.1641042442263085e-06
194181955,0.8237591397246031,0.6387121453549636,0.4272678792476654,-0.3532719016075134,-0.4200648069381714,309,0.8237590890769714,0.6387120733507141,0.4272679090499878,-0.35327205061912537,-0.4200645983219147,309,-5.064763175521847e-08,-5.064763175521847e-06,5.064763175521847e-06
194215289,0.8379993648807514,0.6386513137099132,0.4272067546844482,-0.3534913957118988,-0.4199998080730438,310,0.8379993142331197,0.6386513129928374,0.42720675468444824,-0.35349157452583313,-0.42000001668930054,310,-5.064763175521847e-08,-5.064763175521847e-06,5.064763175521847e-06
194248623,0.8522379032254526,0.6385836870438855,0.4271561503410339,-0.353362500667572,-0.4194847345352173,311,0.8522378545646423,0.638583733341626,0.4271562099456787,-0.3533622920513153,-0.4194847345352173,311,-4.8660810270106936e-08,-4.8660810270106936e-06,4.8660810270106936e-06
194281957,0.8664808999975829,0.6386119494093967,0.4272899031639099,-0.3534376919269562,-0.419725239276886,312,0.8664808543170048,0.6386118342211748,0.4272899925708771,-0.35343796014785767,-0.4197249412536621,312,-4.5680578097950786e-08,-4.568057809795079e-06,4.568057809795079e-06
194315291,0.8807212165475199,0.6385564851910609,0.4272094964981079,-0.3535410165786743,-0.4195511043071747,313,0.8807211728537633,0.6385564678084714,0.4272095561027527,-0.35354119539260864,-0.41955122351646423,313,-4.369375661283925e-08,-4.369375661283925e-06,4.369375661283925e-06
194348625,0.8949621678869237,0.6385408948952098,0.4272285401821136,-0.3537401854991913,-0.4197040200233459,314,0.8949621222063455,0.6385409724849535,0.42722848057746887,-0.35374003648757935,-0.41970425844192505,314,-4.568057820897309e-08,-4.568057820897309e-06,4.568057820897309e-06
194381959,0.90919995421969,0.6385499800017651,0.4271335899829864,-0.3537666201591491,-0.4197840094566345,315,0.909199911519344,0.6385499393214173,0.4271336793899536,-0.3537668287754059,-0.4197840392589569,315,-4.270034603681694e-08,-4.270034603681694e-06,4.270034603681694e-06
194415293,0.9234383584539404,0.638541377377039,0.4271521270275116,-0.3536489903926849,-0.4195984005928039,316,0.9234383197272373,0.6385413272432308,0.42715224623680115,-0.35364899039268494,-0.41959813237190247,316,-3.872670306659387e-08,-3.872670306659387e-06,3.872670306659387e-06
194448627,0.9376796316584258,0.6386108036717366,0.4272381961345672,-0.3534592688083648,-0.4197447299957275,317,0.9376795939251337,0.6386108677011282,0.42723822593688965,-0.35345903038978577,-0.4197447896003723,317,-3.773329215750465e-08,-3.773329215750465e-06,3.773329215750465e-06
194481961,0.9519211035450608,0.6386288914146688,0.4272441565990448,-0.353588730096817,-0.4199953377246856,318,0.9519210668051793,0.6386288945496091,0.4272441864013672,-0.35358864068984985,-0.4199952483177185,318,-3.6739881470460034e-08,-3.6739881470460034e-06,3.6739881470460034e-06
194515295,0.9661677799105952,0.6387713250218907,0.4274002909660339,-0.3530401289463043,-0.4201062321662903,319,0.966167746150946,0.6387712241481966,0.4274003803730011,-0.35304030776023865,-0.420105904340744,319,-3.375964918728158e-08,-3.375964918728158e-06,3.375964918728158e-06
194548629,0.9804074457764932,0.6386637897756282,0.4271899759769439,-0.3532389104366302,-0.4197666049003601,320,0.9804074120168441,0.6386638061511215,0.42718997597694397,-0.3532387614250183,-0.41976651549339294,320,-3.375964907625928e-08,-3.375964907625928e-06,3.375964907625928e-06
194581963,0.9946489385247536,0.6387007006680312,0.4272447824478149,-0.3530125916004181,-0.4196951985359192,321,0.9946489027782831,0.6387006839664013,0.42724472284317017,-0.3530125916004181,-0.419695109128952,321,-3.574647045034851e-08,-3.574647045034851e-06,3.574647045034851e-06
194615297,0.0088909885764427,0.6385744021727644,0.4272615015506744,-0.3533501327037811,-0.4194203913211822,322,0.008890953823383008,0.6385743290524826,0.4272615313529968,-0.35335031151771545,-0.4194202125072479,322,-3.4753059707792744e-08,-3.4753059707792744e-06,3.4753059707792744e-06
194648631,0.0231371950586942,0.6386680276306239,0.4273861944675445,-0.3531045615673065,-0.4196296334266662,323,0.02313716129904524,0.6386681004240298,0.42738622426986694,-0.35310423374176025,-0.41962963342666626,323,-3.375964896523698e-08,-3.3759648965236977e-06,3.3759648965236977e-06
194681965,0.0373849870244967,0.6387698000484286,0.4274337589740753,-0.3527312278747558,-0.4197304844856262,324,0.03738495624507999,0.6387698390097074,0.4274338483810425,-0.35273122787475586,-0.41973069310188293,324,-3.0779416682058525e-08,-3.0779416682058525e-06,3.0779416682058525e-06
194715299,0.051627200988959,0.638661950414249,0.4272664189338684,-0.3529916107654571,-0.4194628894329071,325,0.05162717318977451,0.6386619215114061,0.42726650834083557,-0.35299164056777954,-0.41946277022361755,325,-2.7799184509902375e-08,-2.7799184509902375e-06,2.7799184509902375e-06
194748633,0.0658700437824237,0.6387703462317446,0.4272852838039398,-0.3526438176631927,-0.4196293950080871,326,0.06587001995688216,0.6387703202308963,0.42728540301322937,-0.35264360904693604,-0.4196290075778961,326,-2.3825541539679307e-08,-2.3825541539679307e-06,2.3825541539679307e-06
194781967,0.0801116140167224,0.6386451510292801,0.4272471070289612,-0.3529650270938873,-0.4193414449691772,327,0.08011159019118086,0.6386450810144577,0.4272471070289612,-0.3529651165008545,-0.41934117674827576,327,-2.3825541539679307e-08,-2.3825541539679307e-06,2.3825541539679307e-06
194815301,0.0943556101600634,0.6386418712887144,0.4273198843002319,-0.3529597222805023,-0.4193176031112671,328,0.09435558633452193,0.6386418590951046,0.42731988430023193,-0.3529597520828247,-0.4193175733089447,328,-2.3825541484168156e-08,-2.3825541484168156e-06,2.3825541484168156e-06
194848635,0.1086008818428027,0.6385825485747885,0.4273581504821777,-0.3529447615146637,-0.4189827442169189,329,0.10860086000408267,0.6385825771494125,0.4273582100868225,-0.35294458270072937,-0.41898268461227417,329,-2.1838720054567773e-08,-2.1838720054567773e-06,2.1838720054567773e-06
194881969,0.1228467734138476,0.6384817670880321,0.4273767471313476,-0.3533495664596557,-0.4189246296882629,330,0.12284675058171685,0.6384817768103773,0.42737671732902527,-0.3533494472503662,-0.4189245402812958,330,-2.283213074161239e-08,-2.283213074161239e-06,2.283213074161239e-06
194915303,0.1370914500435499,0.6385723483408768,0.4273402988910675,-0.3532378375530243,-0.4192761182785034,331,0.1370914252245976,0.6385723814231722,0.42734023928642273,-0.35323768854141235,-0.4192761182785034,331,-2.4818952282235074e-08,-2.4818952282235074e-06,2.4818952282235074e-06
194948637,0.1513347825885125,0.6386646000824466,0.4272999763488769,-0.3528459370136261,-0.4193039536476135,332,0.15133475776956018,0.6386646655822562,0.42729997634887695,-0.35284581780433655,-0.41930416226387024,332,-2.4818952337746225e-08,-2.4818952337746225e-06,2.4818952337746225e-06
194981971,0.172701986777813,0.6386282686966154,0.4273440837860107,-0.3526867032051086,-0.4189205765724182,333,0.1727019604687446,0.6386283342492678,0.42734405398368835,-0.3526865839958191,-0.4189207851886749,333,-2.63090684238243e-08,-2.63090684238243e-06,2.63090684238243e-06
195015305,0.1940659708261795,0.638576180930899,0.4272796809673309,-0.3528468310832977,-0.4188324809074402,334,0.19406594451711112,0.638576185467539,0.42727968096733093,-0.3528468608856201,-0.41883254051208496,334,-2.630906836831315e-08,-2.630906836831315e-06,2.630906836831315e-06
195048639,0.2154336205601998,0.6386282066757857,0.4273529946804046,-0.3526922762393951,-0.418926864862442,335,0.21543359276101523,0.6386282220227464,0.4273529648780823,-0.3526921570301056,-0.41892680525779724,335,-2.7799184565413526e-08,-2.7799184565413526e-06,2.7799184565413526e-06
195081973,0.2367965570569344,0.6384441373472436,0.4272587299346924,-0.3532074391841888,-0.4185552895069122,336,0.23679652925774985,0.6384441125200225,0.4272587299346924,-0.3532073497772217,-0.41855505108833313,336,-2.7799184509902375e-08,-2.7799184509902375e-06,2.7799184509902375e-06
195115307,0.2581571585417099,0.6385393829798736,0.4272120296955108,-0.3529511392116546,-0.4187597632408142,337,0.25815713223264153,0.6385394837332422,0.42721205949783325,-0.3529508113861084,-0.41875991225242615,337,-2.630906836831315e-08,-2.630906836831315e-06,2.630906836831315e-06
195148641,0.2795181102037735,0.638508940391824,0.427219033241272,-0.3531812131404876,-0.4188701212406158,338,0.2795180838947051,0.6385089738747951,0.427219033241272,-0.35318121314048767,-0.41887030005455017,338,-2.630906836831315e-08,-2.630906836831315e-06,2.630906836831315e-06
195181975,0.3008799693465538,0.6384507571829126,0.4272371828556061,-0.3533088266849518,-0.4187107682228088,339,0.30087994750783376,0.6384507507683814,0.42723727226257324,-0.3533085286617279,-0.4187103807926178,339,-2.1838720054567773e-08,-2.1838720054567773e-06,2.1838720054567773e-06
195215309,0.3222442439675637,0.6385024408543272,0.4272854924201965,-0.353153258562088,-0.418802261352539,340,0.32224421914861134,0.6385025175637846,0.42728543281555176,-0.35315313935279846,-0.41880252957344055,340,-2.4818952337746225e-08,-2.4818952337746225e-06,2.4818952337746225e-06
195248643,0.3436078405857392,0.6386013596580282,0.4272719323635101,-0.3529522716999054,-0.4190921783447265,341,0.34360781576678684,0.6386013910266309,0.42727193236351013,-0.35295233130455017,-0.41909241676330566,341,-2.4818952337746225e-08,-2.4818952337746225e-06,2.4818952337746225e-06
195281977,0.3649705207825012,0.6386240703490556,0.4272536039352417,-0.3529360294342041,-0.4191942811012268,342,0.36497049149320054,0.6386241034559272,0.42725351452827454,-0.35293588042259216,-0.4191942811012268,342,-2.92893006514916e-08,-2.92893006514916e-06,2.92893006514916e-06
195315311,0.3863285831094094,0.6385782908469042,0.4271612465381622,-0.3529151678085327,-0.418924868106842,343,0.38632855829045704,0.6385782755150824,0.4271613359451294,-0.35291528701782227,-0.4189249277114868,343,-2.4818952337746225e-08,-2.4818952337746225e-06,2.4818952337746225e-06
195348645,0.407690621066124,0.6386467962999598,0.4272407591342926,-0.3530681431293487,-0.4194727540016174,344,0.40769059475705555,0.6386468387709657,0.4272407293319702,-0.35306820273399353,-0.4194730520248413,344,-2.630906847933545e-08,-2.630906847933545e-06,2.630906847933545e-06
195381979,0.4290435678243943,0.6385471345906801,0.4270589351654053,-0.3533631265163421,-0.4192900061607361,345,0.42904354449555804,0.6385472509054428,0.42705899477005005,-0.3533628284931183,-0.4192902743816376,345,-2.332883625166815e-08,-2.332883625166815e-06,2.332883625166815e-06
195415313,0.4503980896354027,0.638646196661534,0.427090436220169,-0.3530590534210205,-0.4194587469100952,346,0.45039807077691485,0.6386462144223,0.42709052562713623,-0.3530590236186981,-0.41945880651474,346,-1.8858487826900472e-08,-1.8858487826900472e-06,1.8858487826900472e-06
195448647,0.471749276566536,0.6386021474343462,0.4270237386226654,-0.353149265050888,-0.4193302989006042,347,0.471749256217932,0.6386021697273404,0.427023708820343,-0.35314926505088806,-0.4193304181098938,347,-2.0348603968489698e-08,-2.03486039684897e-06,2.03486039684897e-06
195481981,0.4931011802435227,0.6386086503874022,0.4270380735397339,-0.3532486259937286,-0.4194830656051636,348,0.49310115840480256,0.6386087179375206,0.4270380437374115,-0.3532484471797943,-0.4194832146167755,348,-2.1838720110078924e-08,-2.1838720110078924e-06,2.1838720110078924e-06
195515315,0.5144609651446648,0.6387498565013313,0.4271956980228424,-0.3529670536518097,-0.4199042618274688,349,0.5144609433059447,0.6387498588997649,0.4271956980228424,-0.35296714305877686,-0.4199043810367584,349,-2.1838720054567773e-08,-2.1838720054567773e-06,2.1838720054567773e-06
195548649,0.5358180112123795,0.6386134143462795,0.4271409213542938,-0.3530623912811279,-0.4192873835563659,350,0.5358179863934271,0.6386132990370221,0.42714086174964905,-0.3530626595020294,-0.4192870855331421,350,-2.4818952337746225e-08,-2.4818952337746225e-06,2.4818952337746225e-06
195581983,0.5571712440729447,0.6387460714653321,0.4270646572113037,-0.352802038192749,-0.4196876883506775,351,0.5571712177638762,0.6387461032306878,0.4270646274089813,-0.35280176997184753,-0.41968753933906555,351,-2.630906847933545e-08,-2.630906847933545e-06,2.630906847933545e-06
195615317,0.5785247749567338,0.6387010098927552,0.4270706176757812,-0.3528427481651306,-0.4194949269294739,352,0.5785247486476653,0.638700949985515,0.42707061767578125,-0.35284286737442017,-0.41949474811553955,352,-2.630906847933545e-08,-2.630906847933545e-06,2.630906847933545e-06
195648651,0.5998775414109536,0.6386946613475762,0.4270553290843963,-0.352931261062622,-0.4195661842823028,353,0.599877513611769,0.6386946125898185,0.427055299282074,-0.3529313802719116,-0.4195660650730133,353,-2.7799184620924677e-08,-2.7799184620924677e-06,2.7799184620924677e-06
195681985,0.6212319306016274,0.6386486858782917,0.4270877838134765,-0.3530400693416595,-0.419449508190155,354,0.6212319042925589,0.6386487290678691,0.42708781361579895,-0.35303995013237,-0.4194495975971222,354,-2.630906847933545e-08,-2.630906847933545e-06,2.630906847933545e-06
195715319,0.6385704838772881,0.6385704838772881,0.4270004630088806,-0.3532814383506775,-0.4193179011344909,355,0.6385704615820977,0.6385704615820977,0.4270005524158478,-0.3532814383506775,-0.4193177819252014,355,-2.2295190360566153e-08,-2.2295190360566153e-06,2.2295190360566153e-06
195748653,0.6528065009455152,0.6387704338252083,0.4270805120468139,-0.3527237176895141,-0.4197249412536621,356,0.6528064786503248,0.6387704592608963,0.42708051204681396,-0.352723628282547,-0.4197249710559845,356,-2.2295190360566153e-08,-2.2295190360566153e-06,2.2295190360566153e-06
195781987,0.6670410954495537,0.6385606979214046,0.4270378351211548,-0.3534554541110992,-0.4194720983505249,357,0.6670410731543633,0.6385607069837633,0.4270378351211548,-0.353455513715744,-0.41947221755981445,357,-2.2295190360566153e-08,-2.2295190360566153e-06,2.2295190360566153e-06
195815321,0.6812769158224531,0.6385274886542156,0.4270746111869812,-0.3533262908458709,-0.4191412925720215,358,0.6812768945206734,0.6385275074617648,0.4270746409893036,-0.3533262312412262,-0.41914132237434387,358,-2.1301779673521537e-08,-2.1301779673521537e-06,2.1301779673521537e-06
195848655,0.6955112679342695,0.6386237315411589,0.4270305633544922,-0.353158563375473,-0.4194567799568176,359,0.6955112476259006,0.6386238057181417,0.4270305931568146,-0.3531583547592163,-0.41945692896842957,359,-2.030836898647692e-08,-2.030836898647692e-06,2.030836898647692e-06
195881989,0.70974514618916,0.6385192784405431,0.4270163476467132,-0.3531947135925293,-0.4189413487911224,360,0.709745125880791,0.6385192443118293,0.42701634764671326,-0.3531948924064636,-0.4189413785934448,360,-2.030836898647692e-08,-2.030836898647692e-06,2.030836898647692e-06
195915323,0.7239774469077853,0.6385876405023789,0.4269690215587616,-0.3532090783119201,-0.4193237423896789,361,0.7239774275928271,0.6385876168078694,0.426969051361084,-0.3532089591026306,-0.41932347416877747,361,-1.9314958188410003e-08,-1.9314958188410003e-06,1.9314958188410003e-06
195948657,0.738211449339019,0.6384580056390491,0.4270200729370117,-0.3534215688705444,-0.4188830852508545,362,0.7382114260504179,0.6384580676506793,0.42701995372772217,-0.3534213900566101,-0.41888320446014404,362,-2.328860115863307e-08,-2.328860115863307e-06,2.328860115863307e-06
195981991,0.7524465097526976,0.6386472628134976,0.4270518124103546,-0.352826863527298,-0.4191885888576507,363,0.7524464894443286,0.6386472495673228,0.4270519018173218,-0.35282692313194275,-0.41918858885765076,363,-2.030836898647692e-08,-2.030836898647692e-06,2.030836898647692e-06
196015325,0.7666795674503116,0.6386831455738761,0.426991730928421,-0.3530113101005554,-0.419599711894989,364,0.7666795461485318,0.6386831285512082,0.42699170112609863,-0.3530111610889435,-0.4195994436740875,364,-2.130177978454384e-08,-2.130177978454384e-06,2.130177978454384e-06
196048659,0.7809142006973693,0.6386410764982627,0.4270389974117279,-0.3529174923896789,-0.4192631840705871,365,0.7809141774087679,0.6386410698767868,0.42703893780708313,-0.35291752219200134,-0.41926318407058716,365,-2.3288601380677676e-08,-2.3288601380677676e-06,2.3288601380677676e-06
196081993,0.7951505853275725,0.6387748159253647,0.4270915389060974,-0.3528572916984558,-0.4199073612689972,366,0.7951505600521497,0.6387749120639075,0.42709147930145264,-0.35285693407058716,-0.41990745067596436,366,-2.527542286578921e-08,-2.527542286578921e-06,2.527542286578921e-06
196115327,0.8093851768513788,0.6386065885237626,0.4270377457141876,-0.3530357778072357,-0.4192192852497101,367,0.8093851515759559,0.6386066226676212,0.4270377457141876,-0.3530355989933014,-0.4192192554473877,367,-2.527542286578921e-08,-2.527542286578921e-06,2.527542286578921e-06
196148661,0.823623346640693,0.6387869070004055,0.4271450936794281,-0.3528843224048614,-0.4200043082237243,368,0.8236233193784487,0.6387868826363106,0.4271450340747833,-0.3528843820095062,-0.4200042486190796,368,-2.7262244350900744e-08,-2.7262244350900744e-06,2.7262244350900744e-06
196181995,0.8378556821286945,0.6386547235530315,0.4269700646400451,-0.3532112836837768,-0.4196852445602417,369,0.8378556538730394,0.6386547722877174,0.4269700348377228,-0.3532111644744873,-0.41968536376953125,369,-2.8255655148967662e-08,-2.8255655148967662e-06,2.8255655148967662e-06
196215329,0.8520921631197402,0.6385667569884935,0.427094429731369,-0.3531343340873718,-0.4191233813762665,370,0.8520921328772635,0.6385668148368606,0.42709437012672424,-0.35313427448272705,-0.4191236197948456,370,-3.02424767451015e-08,-3.02424767451015e-06,3.02424767451015e-06
196248663,0.8663310650527745,0.6387153792036502,0.4271670579910278,-0.3528430461883545,-0.4195721745491028,371,0.866331033816887,0.6387153269793986,0.42716702818870544,-0.35284310579299927,-0.41957196593284607,371,-3.1235887432146114e-08,-3.1235887432146114e-06,3.1235887432146114e-06
196281997,0.8805706613799203,0.6387266683584584,0.4271878898143768,-0.3530023097991943,-0.4198220074176788,372,0.8805706321308544,0.6387266105994533,0.4271879494190216,-0.3530023694038391,-0.41982176899909973,372,-2.924906594703458e-08,-2.924906594703458e-06,2.924906594703458e-06
196315331,0.894810391817517,0.6387086782076112,0.4271919131278991,-0.352701187133789,-0.419367641210556,373,0.8948103615750403,0.638708703652754,0.4271918833255768,-0.3527010977268219,-0.4193676710128784,373,-3.0242476634079196e-08,-3.0242476634079196e-06,3.0242476634079196e-06
196348665,0.9090486202180652,0.6386560673186493,0.427146852016449,-0.352932870388031,-0.4193616211414337,374,0.9090485929558209,0.6386559854411965,0.42714694142341614,-0.3529331386089325,-0.41936150193214417,374,-2.7262244350900744e-08,-2.7262244350900744e-06,2.7262244350900744e-06
196381999,0.9232928110699128,0.6386149217317488,0.4273257255554199,-0.3529808223247528,-0.4191985726356506,375,0.9232927838076682,0.638614844375432,0.4273257255554199,-0.3529811203479767,-0.41919851303100586,375,-2.726224457294535e-08,-2.726224457294535e-06,2.726224457294535e-06
196415333,0.9375343971987832,0.6386284055382208,0.4272475838661194,-0.353062242269516,-0.4193673729896545,376,0.9375343699365388,0.6386284010122858,0.4272475838661194,-0.3530622124671936,-0.41936731338500977,376,-2.7262244350900744e-08,-2.7262244350900744e-06,2.7262244350900744e-06
196448667,0.9517771535655132,0.6386108447402441,0.4272826910018921,-0.3530217111110687,-0.4192253351211548,377,0.9517771272966793,0.6386108537984883,0.4272827208042145,-0.3530217707157135,-0.41922545433044434,377,-2.6268833885900733e-08,-2.6268833885900733e-06,2.6268833885900733e-06
196482001,0.9660222593486576,0.6387581132355209,0.427353173494339,-0.3526067733764648,-0.41951984167099,378,0.9660222330798239,0.6387581418515561,0.427353173494339,-0.3526065945625305,-0.4195197820663452,378,-2.6268833663856128e-08,-2.626883366385613e-06,2.626883366385613e-06
196515335,0.9802640461464992,0.6387311816502641,0.4272536039352417,-0.3526954054832458,-0.4194811582565307,379,0.9802640248447191,0.6387311893292715,0.42725375294685364,-0.3526953458786011,-0.4194811284542084,379,-2.1301780117610747e-08,-2.1301780117610747e-06,2.1301780117610747e-06
196548669,0.9945134881675513,0.6388878000313272,0.4274832606315613,-0.3522683084011078,-0.4198111891746521,380,0.9945134678591818,0.6388878254849677,0.42748329043388367,-0.3522682189941406,-0.4198112189769745,380,-2.030836943056613e-08,-2.030836943056613e-06,2.030836943056613e-06
196582003,0.0087576015333603,0.6388158667692805,0.4273234009742737,-0.352726936340332,-0.4199721217155456,381,0.008757582218401616,0.6388158580259924,0.42732343077659607,-0.3527270257472992,-0.41997218132019043,381,-1.9314958688010364e-08,-1.9314958688010364e-06,1.9314958688010364e-06
196615337,0.0230021321316829,0.638847240455774,0.4273359179496765,-0.3525306284427643,-0.4199064373970032,382,0.023002114803545658,0.6388472947718462,0.4273359775543213,-0.35253050923347473,-0.4199065864086151,382,-1.732813725840998e-08,-1.7328137258409981e-06,1.7328137258409981e-06
196648671,0.0372515314360728,0.6389756342357311,0.4274819791316986,-0.3521259427070617,-0.4201121628284454,383,0.03725151510134636,0.6389756053710183,0.427482008934021,-0.35212597250938416,-0.4201120436191559,383,-1.6334726460343063e-08,-1.6334726460343063e-06,1.6334726460343063e-06
196682005,0.0514955732763082,0.6388165931227721,0.4273212552070617,-0.3525808453559875,-0.4198020696640014,384,0.05149555296793877,0.6388166087550237,0.4273211359977722,-0.35258087515830994,-0.419802188873291,384,-2.030836943056613e-08,-2.030836943056613e-06,2.030836943056613e-06
196715339,0.0657417529364696,0.6388780199482724,0.4273853898048401,-0.3527494072914123,-0.4203320741653442,385,0.06574173262810011,0.6388779378974379,0.4273853898048401,-0.3527495265007019,-0.42033177614212036,385,-2.0308369486077282e-08,-2.0308369486077282e-06,2.0308369486077282e-06
196748673,0.079987634573407,0.6389233431769756,0.4273764491081238,-0.3525047600269317,-0.420283555984497,386,0.07998761426503757,0.6389232801311,0.4273764491081238,-0.3525049686431885,-0.4202834665775299,386,-2.030836943056613e-08,-2.030836943056613e-06,2.030836943056613e-06
196782007,0.0942351245423427,0.6388982241944519,0.4274246990680694,-0.3522913157939911,-0.4198944568634033,387,0.09423510622079471,0.6388982451503076,0.42742475867271423,-0.35229119658470154,-0.41989442706108093,387,-1.8321548000965748e-08,-1.8321548000965748e-06,1.8321548000965748e-06
196815341,0.1084792339345088,0.6387930415230854,0.4273232817649841,-0.3527927100658417,-0.4199281334877014,388,0.1084792166063716,0.6387929673568009,0.4273233115673065,-0.3527929186820984,-0.4199279844760895,388,-1.732813720289883e-08,-1.732813720289883e-06,1.732813720289883e-06
196848675,0.1227237645328313,0.6389053516863057,0.4273359179496765,-0.3526494801044464,-0.4203595817089081,389,0.12272374819810489,0.6389052955047685,0.4273359477519989,-0.3526498079299927,-0.42035967111587524,389,-1.6334726404831912e-08,-1.6334726404831912e-06,1.6334726404831912e-06
196882009,0.1369729015767843,0.6388865358846172,0.4274741113185882,-0.3527194559574127,-0.4203420579433441,390,0.13697288126841484,0.6388866110831002,0.4274739921092987,-0.3527192175388336,-0.42034217715263367,390,-2.030836943056613e-08,-2.030836943056613e-06,2.030836943056613e-06
196915343,0.151218707714505,0.6387833352160343,0.4273741841316223,-0.3528747856616974,-0.4199738204479217,391,0.15121868839954633,0.6387833296535259,0.4273742139339447,-0.3528747856616974,-0.41997379064559937,391,-1.9314958632499213e-08,-1.9314958632499213e-06,1.9314958632499213e-06
196948677,0.172594329569764,0.6389043941196731,0.4275124371051788,-0.3525879085063934,-0.4202810525894165,392,0.17259430727457303,0.6389044573799239,0.42751237750053406,-0.35258784890174866,-0.420281320810318,392,-2.2295190971188816e-08,-2.2295190971188816e-06,2.2295190971188816e-06
196982011,0.1939598842005203,0.6388980135380844,0.4273110926151275,-0.3526453971862793,-0.4203153550624847,393,0.1939598529646327,0.638898069103873,0.42731091380119324,-0.3526453971862793,-0.4203156530857086,393,-3.123588759867957e-08,-3.123588759867957e-06,3.123588759867957e-06
197015345,0.2153304739336441,0.6388663513347111,0.4274117946624756,-0.3526266813278198,-0.420123279094696,394,0.21533044120764036,0.6388664466717815,0.4274117648601532,-0.3526265025138855,-0.4201235771179199,394,-3.2726003740268794e-08,-3.2726003740268794e-06,3.2726003740268794e-06
197048679,0.2366997657756279,0.6389449855233045,0.4273858368396759,-0.3524743616580963,-0.4203633964061737,395,0.23669973155950805,0.6389450474969878,0.4273858070373535,-0.352474182844162,-0.42036351561546326,395,-3.421611982634687e-08,-3.421611982634687e-06,3.421611982634687e-06
197082013,0.2580607457498978,0.6388560598527485,0.4272195994853973,-0.3527581989765167,-0.4202247858047485,396,0.25806071302389405,0.6388561572898539,0.4272196292877197,-0.3527579605579376,-0.42022502422332764,396,-3.2726003740268794e-08,-3.2726003740268794e-06,3.2726003740268794e-06
197115347,0.2794302178959321,0.6388632793138159,0.4273894429206848,-0.3526661694049835,-0.4201538562774658,397,0.27943018367981215,0.638863366716242,0.4273894131183624,-0.35266590118408203,-0.42015400528907776,397,-3.421611993736917e-08,-3.421611993736917e-06,3.421611993736917e-06
197148681,0.300796003494687,0.6387127181117169,0.4273157119750976,-0.3529749512672424,-0.4197147786617279,398,0.30079596927856705,0.6387127056215438,0.42731571197509766,-0.3529748320579529,-0.4197145700454712,398,-3.421611993736917e-08,-3.421611993736917e-06,3.421611993736917e-06
197182015,0.3221631570200394,0.6389519247011965,0.4273430705070495,-0.352488100528717,-0.4204170107841491,399,0.3221631213138034,0.6389519930921888,0.4273430407047272,-0.3524877429008484,-0.4204169511795044,399,-3.5706235967936095e-08,-3.5706235967936095e-06,3.5706235967936095e-06
197215349,0.3435312806109856,0.6387983317555749,0.4273624718189239,-0.3525790274143219,-0.4197021126747131,400,0.3435312419245174,0.6387983442148402,0.4273624122142792,-0.35257914662361145,-0.41970232129096985,400,-3.8686468195603396e-08,-3.86864681956034e-06,3.86864681956034e-06
197248683,0.364900243137307,0.6389061113489609,0.4273792505264282,-0.352520078420639,-0.4202094078063965,401,0.3649002044508388,0.6389060782235565,0.4273792505264282,-0.352520227432251,-0.4202094078063965,401,-3.8686468195603396e-08,-3.86864681956034e-06,3.86864681956034e-06
197282017,0.3862664191464852,0.6389053537126117,0.4273235201835632,-0.3526739478111267,-0.4203887581825256,402,0.386266380460017,0.6389053293571649,0.42732352018356323,-0.3526740074157715,-0.42038869857788086,402,-3.8686468195603396e-08,-3.86864681956034e-06,3.86864681956034e-06
197315351,0.4076287432054948,0.6387957917801997,0.427246481180191,-0.3529506325721741,-0.4201308488845825,403,0.4076287030289104,0.6387958585034883,0.42724645137786865,-0.3529506325721741,-0.42013120651245117,403,-4.0176584392703774e-08,-4.017658439270377e-06,4.017658439270377e-06
197348685,0.4289960874657105,0.6388563795712384,0.4273468852043152,-0.3527347445487976,-0.4201985597610473,404,0.42899604430889393,0.6388563628953224,0.4273468255996704,-0.3527347445487976,-0.4201984703540802,404,-4.3156816564859923e-08,-4.315681656485992e-06,4.315681656485992e-06
197382019,0.4503513498644303,0.6386842169398661,0.4271052479743957,-0.3533115684986114,-0.4199623465538025,405,0.45035130372738147,0.6386841754757466,0.427105188369751,-0.3533119559288025,-0.4199625849723816,405,-4.6137048848038376e-08,-4.6137048848038376e-06,4.6137048848038376e-06
197415353,0.4717080189327668,0.6385006249972391,0.4271333813667297,-0.3537754416465759,-0.4195303916931152,406,0.4717079713056018,0.638500724502393,0.42713335156440735,-0.35377514362335205,-0.41953057050704956,406,-4.76271649896276e-08,-4.76271649896276e-06,4.76271649896276e-06
197448687,0.4930700613598298,0.6385373855468016,0.4272408485412597,-0.3536257445812225,-0.4195494651794433,407,0.4930700122425487,0.6385373911179202,0.4272408187389374,-0.35362574458122253,-0.41954949498176575,407,-4.9117281075705677e-08,-4.911728107570568e-06,4.911728107570568e-06
197482021,0.514430259023137,0.6387038289481373,0.4272039532661438,-0.3532851636409759,-0.4200360178947449,408,0.5144302054355075,0.6387037966232291,0.42720386385917664,-0.35328513383865356,-0.42003580927848816,408,-5.3587629444962204e-08,-5.35876294449622e-06,5.35876294449622e-06
197515355,0.5357887370924425,0.6386636218464669,0.4271695613861084,-0.3533677458763122,-0.419918805360794,409,0.5357886864850452,0.6386636371679388,0.4271696209907532,-0.3533676266670227,-0.4199187457561493,409,-5.0607397272806054e-08,-5.060739727280605e-06,5.060739727280605e-06
197548689,0.5571503295044374,0.6387368484151097,0.4272318482398987,-0.3530569970607757,-0.4199415743350982,410,0.5571502833673885,0.6387368637580111,0.42723193764686584,-0.3530568778514862,-0.4199415147304535,410,-4.613704895906068e-08,-4.613704895906068e-06,4.613704895906068e-06
197582023,0.5785113616327715,0.6386635244301408,0.4272206425666809,-0.3532918691635132,-0.4198281168937683,411,0.5785113154957225,0.638663613883357,0.4272206425666809,-0.3532915413379669,-0.4198282063007355,411,-4.613704895906068e-08,-4.613704895906068e-06,4.613704895906068e-06
197615357,0.5998705489973497,0.6385377153220863,0.4271837472915649,-0.3535668849945068,-0.4194813966751098,412,0.5998705043504169,0.6385377514924054,0.42718377709388733,-0.35356664657592773,-0.4194813072681427,412,-4.464693281747145e-08,-4.464693281747145e-06,4.464693281747145e-06
197648691,0.6212305618862581,0.6386789949241872,0.4272002577781677,-0.3532632887363434,-0.4198769927024841,413,0.6212305157492092,0.6386790182338209,0.42720022797584534,-0.353263258934021,-0.4198770821094513,413,-4.613704895906068e-08,-4.613704895906068e-06,4.613704895906068e-06
197682025,0.6387002139977028,0.6387002139977028,0.427191823720932,-0.35337033867836,-0.4201179146766662,414,0.6387002449573449,0.6387002449573449,0.4271918535232544,-0.3533702492713928,-0.42011797428131104,414,3.095964207222579e-08,3.095964207222579e-06,3.095964207222579e-06
197715359,0.6529380629153461,0.6386250682342229,0.4271354675292969,-0.3535777926445007,-0.4199618697166443,415,0.6529380938749881,0.6386251235392915,0.4271354675292969,-0.3535776436328888,-0.41996198892593384,415,3.095964207222579e-08,3.095964207222579e-06,3.095964207222579e-06
197748693,0.6671783933730334,0.6386981067418318,0.4272099137306213,-0.3532085716724396,-0.4199143052101135,416,0.667178418372211,0.6386981519973565,0.427209734916687,-0.35320839285850525,-0.4199143350124359,416,2.4999177616891188e-08,2.499917761689119e-06,2.499917761689119e-06
197782027,0.6814184575966408,0.6386493464589184,0.4272019267082214,-0.353431761264801,-0.419918417930603,417,0.6814184835892292,0.6386492529028518,0.4272019565105438,-0.35343173146247864,-0.41991788148880005,417,2.5992588414958107e-08,2.5992588414958107e-06,2.5992588414958107e-06
197815361,0.6956592519771466,0.638553394327519,0.4272238314151764,-0.3535387516021728,-0.4195318818092346,418,0.6956592769763243,0.6385534186920325,0.427223801612854,-0.3535386919975281,-0.4195319414138794,418,2.499917772791349e-08,2.499917772791349e-06,2.499917772791349e-06
197848695,0.7099013258706937,0.6387016751709048,0.4272622168064117,-0.3531648218631744,-0.4198814034461975,419,0.7099013488830499,0.6387016211919696,0.42726215720176697,-0.3531650900840759,-0.4198814332485199,419,2.3012356242801957e-08,2.3012356242801957e-06,2.3012356242801957e-06
197882029,0.7241395622185279,0.6385773387121731,0.4271470904350281,-0.353467732667923,-0.4195756912231445,420,0.7241395862242949,0.6385773209595103,0.42714712023735046,-0.35346776247024536,-0.41957563161849976,420,2.4005766929846573e-08,2.4005766929846573e-06,2.4005766929846573e-06
197915363,0.7383786081961204,0.6385192494671716,0.427171379327774,-0.3537773489952087,-0.4196322858333587,421,0.7383786351821195,0.6385192647552027,0.4271714687347412,-0.3537772297859192,-0.419632226228714,421,2.6985999102002722e-08,2.6985999102002722e-06,2.6985999102002722e-06
197948697,0.7526155878793607,0.6385762571933306,0.4271093904972076,-0.3536408245563507,-0.4197753667831421,422,0.7526156158587706,0.6385762613581696,0.42710942029953003,-0.35364070534706116,-0.41977524757385254,422,2.797940990006964e-08,2.797940990006964e-06,2.797940990006964e-06
197982031,0.7668508509488314,0.6384523864709168,0.4270578920841217,-0.3539324700832367,-0.4194585680961609,423,0.7668508809150628,0.6384523398204782,0.4270579516887665,-0.35393252968788147,-0.41945838928222656,423,2.9966231385181175e-08,2.9966231385181175e-06,2.9966231385181175e-06
198015365,0.7810870607387433,0.638564598306053,0.4270862936973572,-0.3535632789134979,-0.419620931148529,424,0.7810870916983854,0.6385644681778253,0.42708632349967957,-0.3535638153553009,-0.4196208715438843,424,3.095964207222579e-08,3.095964207222579e-06,3.095964207222579e-06
198048699,0.7953260520787447,0.6385493353348151,0.4271697402000427,-0.3535433113574981,-0.4195155799388885,425,0.7953260800581546,0.6385492406205232,0.42716965079307556,-0.35354331135749817,-0.41951507329940796,425,2.797940990006964e-08,2.797940990006964e-06,2.797940990006964e-06
198082033,0.8095648010265241,0.6387938881496664,0.4271624684333801,-0.3531340658664703,-0.4203389883041382,426,0.809564829005934,0.638793825170611,0.4271624684333801,-0.35313427448272705,-0.420338898897171,426,2.797940990006964e-08,2.797940990006964e-06,2.797940990006964e-06
198115367,0.8238011508873512,0.6386772213474515,0.4270904958248138,-0.3535626232624054,-0.4202232658863067,427,0.8238011798601719,0.6386771646940734,0.42709052562713623,-0.3535626530647278,-0.4202229976654053,427,2.897282069813656e-08,2.897282069813656e-06,2.897282069813656e-06
198148701,0.8380408326478213,0.638658783747539,0.4271904528141022,-0.3534469604492187,-0.4199870228767395,428,0.838040861620642,0.6386587792311413,0.4271904528141022,-0.35344693064689636,-0.4199869632720947,428,2.897282069813656e-08,2.897282069813656e-06,2.897282069813656e-06
198182035,0.8522792656909833,0.63853460345961,0.4271529912948608,-0.3537124693393707,-0.4196374714374542,429,0.852279294663804,0.6385345877877899,0.42715299129486084,-0.35371243953704834,-0.4196373522281647,429,2.897282069813656e-08,2.897282069813656e-06,2.897282069813656e-06
198215369,0.8665173897834033,0.6386164124366365,0.4271437227725982,-0.353681743144989,-0.4200389683246612,430,0.8665174177628132,0.6386163616641599,0.4271436929702759,-0.35368192195892334,-0.4200389087200165,430,2.797940990006964e-08,2.797940990006964e-06,2.797940990006964e-06
198248703,0.8807572076411456,0.6386879558190784,0.4271945357322693,-0.3534413874149322,-0.4201366901397705,431,0.8807572366139663,0.6386879875103988,0.4271945655345917,-0.35344111919403076,-0.42013654112815857,431,2.897282069813656e-08,2.897282069813656e-06,2.897282069813656e-06
198282037,0.8949954946529279,0.6385670872900022,0.4271486103534698,-0.3537886440753937,-0.4199017286300659,432,0.8949955236257486,0.6385670330346314,0.42714861035346985,-0.3537887632846832,-0.419901579618454,432,2.897282069813656e-08,2.897282069813656e-06,2.897282069813656e-06
198315371,0.9092334250302524,0.6385587433165645,0.4271379113197326,-0.3537104427814483,-0.4197642505168915,433,0.9092334540030731,0.6385586528868299,0.42713791131973267,-0.353710800409317,-0.4197641909122467,433,2.897282069813656e-08,2.897282069813656e-06,2.897282069813656e-06
198348705,0.9234757701249332,0.6385939125459841,0.4272703528404236,-0.3536208570003509,-0.4198461771011352,434,0.9234758020779861,0.6385938972430586,0.42727044224739075,-0.3536209762096405,-0.41984623670578003,434,3.195305287029271e-08,3.195305287029271e-06,3.195305287029271e-06
198382039,0.9377136915615608,0.6385971703306297,0.4271376430988312,-0.3534291088581085,-0.4196359515190124,435,0.937713722521203,0.6385970488658488,0.4271376132965088,-0.35342955589294434,-0.4196358323097229,435,3.095964218324809e-08,3.0959642183248093e-06,3.0959642183248093e-06
198415373,0.9519538253239206,0.6387036455271606,0.4272040128707886,-0.3533790111541748,-0.4201466143131256,436,0.9519538592637948,0.6387036785867977,0.42720410227775574,-0.35337886214256287,-0.4201466143131256,436,3.393987424438194e-08,3.393987424438194e-06,3.393987424438194e-06
198448707,0.966192479897679,0.6385813290956597,0.4271596372127533,-0.3535591065883636,-0.4197055101394653,437,0.966192514830964,0.6385811996551942,0.4271596670150757,-0.3535594642162323,-0.41970524191856384,437,3.493328504244886e-08,3.493328504244886e-06,3.493328504244886e-06
198482041,0.9804308652571252,0.6386044336582821,0.4271515607833862,-0.3535497486591339,-0.4198180735111236,438,0.9804309011838209,0.6386044733192568,0.4271515905857086,-0.3535495698451996,-0.41981807351112366,438,3.5926695729493474e-08,3.5926695729493474e-06,3.5926695729493474e-06
198515375,0.994669369825861,0.6386506879316255,0.4271551370620727,-0.3534726202487945,-0.419974148273468,439,0.9946694107196105,0.6386506416550648,0.4271552860736847,-0.35347282886505127,-0.419974148273468,439,4.089374949778346e-08,4.089374949778346e-06,4.089374949778346e-06
198548709,0.0089078704209537,0.6387077882931571,0.4271550178527832,-0.3532607555389404,-0.4200282096862793,440,0.008907912308113941,0.6387078690193468,0.4271550476551056,-0.35326051712036133,-0.42002835869789124,440,4.1887160184828076e-08,4.188716018482808e-06,4.188716018482808e-06
198582043,0.0231494257540912,0.6387472265500604,0.4272466599941253,-0.3531370759010315,-0.4200924336910248,441,0.023149472608305185,0.6387472119748133,0.4272468090057373,-0.3531370162963867,-0.42009228467941284,441,4.685421395311806e-08,4.685421395311806e-06,4.685421395311806e-06
198615377,0.037391446003458,0.6387444444228014,0.4272606074810028,-0.353033035993576,-0.4199537634849548,442,0.03739149484449344,0.6387445053281184,0.4272606670856476,-0.3530328869819641,-0.4199539124965668,442,4.8841035438229596e-08,4.88410354382296e-06,4.88410354382296e-06
198648711,0.0516315718185316,0.6386637044193795,0.4272037744522095,-0.3531169593334198,-0.4196212291717529,443,0.051631621652977834,0.6386636392940688,0.42720380425453186,-0.3531172275543213,-0.41962119936943054,443,4.9834446236296515e-08,4.9834446236296515e-06,4.9834446236296515e-06
198682045,0.0658704658042799,0.6385826396602174,0.4271668195724487,-0.3533916473388672,-0.4195137321949005,444,0.06587051464531538,0.63858259753573,0.42716678977012634,-0.35339173674583435,-0.41951361298561096,444,4.8841035438229596e-08,4.88410354382296e-06,4.88410354382296e-06
198715379,0.0801106849999637,0.6385308306109332,0.4272065758705139,-0.35341277718544,-0.4192617535591125,445,0.08011073384099918,0.6385307909282849,0.4272065758705139,-0.3534129559993744,-0.41926175355911255,445,4.8841035438229596e-08,4.88410354382296e-06,4.88410354382296e-06
198748713,0.0943479686668923,0.6387324722911004,0.4271185100078583,-0.3529903590679168,-0.4198388755321502,446,0.09434802048816002,0.6387324754527155,0.42711859941482544,-0.3529902696609497,-0.4198387861251831,446,5.182126772140805e-08,5.182126772140805e-06,5.182126772140805e-06
198782047,0.1085851917357654,0.6385200385351972,0.4271166920661926,-0.3533903062343597,-0.4191774129867553,447,0.10858524653726534,0.63851999950128,0.4271167814731598,-0.35339030623435974,-0.41917720437049866,447,5.48014998935642e-08,5.48014998935642e-06,5.48014998935642e-06
198815381,0.1228272696029555,0.6386345641320559,0.4272623360157013,-0.3532051146030426,-0.4195700287818908,448,0.12282732440445539,0.6386345418533601,0.4272623360157013,-0.3532051146030426,-0.4195699095726013,448,5.48014998935642e-08,5.48014998935642e-06,5.48014998935642e-06
198848715,0.137066299685976,0.6386455133788025,0.4271709024906158,-0.3534033596515655,-0.419864147901535,449,0.13706635150724367,0.638645496681884,0.4271708130836487,-0.35340335965156555,-0.41986405849456787,449,5.182126772140805e-08,5.182126772140805e-06,5.182126772140805e-06
198882049,0.1513045539152037,0.6386129757239971,0.427147626876831,-0.3533742427825928,-0.4196553826332092,450,0.15130460275623914,0.6386129071555466,0.4271475374698639,-0.3533744513988495,-0.4196552634239197,450,4.8841035438229596e-08,4.88410354382296e-06,4.88410354382296e-06
198915383,0.172665064502896,0.6385878181112976,0.4272102117538452,-0.3534511029720306,-0.4196120202541351,451,0.1726651148340475,0.6385877846932048,0.4272102415561676,-0.35345110297203064,-0.4196118414402008,451,5.033115146879652e-08,5.033115146879652e-06,5.033115146879652e-06
198948717,0.1940318514596831,0.6387366835444886,0.4273357391357422,-0.3529468178749084,-0.4198096394538879,452,0.19403190179083463,0.6387366281857547,0.4273357391357422,-0.3529469668865204,-0.4198095202445984,452,5.033115146879652e-08,5.033115146879652e-06,5.033115146879652e-06
198982051,0.2153938298117529,0.6387360660957104,0.4272395670413971,-0.3531291484832763,-0.4200232028961181,453,0.21539387716267225,0.6387360369359225,0.4272395074367523,-0.3531290292739868,-0.4200229048728943,453,4.735091940766267e-08,4.735091940766267e-06,4.735091940766267e-06
199015385,0.2367533122193228,0.6386604517207972,0.4271896481513977,-0.3532154262065887,-0.4197208285331726,454,0.23675335957024213,0.6386603935546715,0.4271896481513977,-0.3532158136367798,-0.41972097754478455,454,4.735091929664037e-08,4.735091929664037e-06,4.735091929664037e-06
199048719,0.2581099589359175,0.6387082092489587,0.4271329343318939,-0.3530093133449554,-0.4197314977645874,455,0.2581100047967207,0.6387082116591496,0.42713290452957153,-0.3530094027519226,-0.41973161697387695,455,4.5860803155051144e-08,4.586080315505114e-06,4.586080315505114e-06
199082053,0.279469623137654,0.638719074980245,0.427193284034729,-0.3529864549636841,-0.4197624921798706,456,0.27946967048857324,0.6387190018693474,0.4271933138370514,-0.3529866337776184,-0.4197623133659363,456,4.735091918561807e-08,4.735091918561807e-06,4.735091918561807e-06
199115387,0.3008280863057982,0.638680915378659,0.4271692633628845,-0.3532504737377167,-0.4198720455169678,457,0.3008281351468336,0.6386808788393625,0.4271692931652069,-0.35325056314468384,-0.4198719561100006,457,4.8841035438229596e-08,4.88410354382296e-06,4.88410354382296e-06
199148721,0.3221893389713179,0.6386811751902892,0.4272250533103943,-0.3530760705471039,-0.4196661412715912,458,0.3221893878123533,0.6386811180465628,0.4272250533103943,-0.35307642817497253,-0.41966626048088074,458,4.8841035438229596e-08,4.88410354382296e-06,4.88410354382296e-06
199182055,0.3435424317609679,0.6386186216524289,0.4270618557929992,-0.3533585369586944,-0.4196669459342956,459,0.34354248060200326,0.6386186216524289,0.42706185579299927,-0.35335853695869446,-0.41966694593429565,459,4.8841035438229596e-08,4.88410354382296e-06,4.88410354382296e-06
199215389,0.3648994271647345,0.6387764648875143,0.4271399080753326,-0.3529141545295715,-0.4199838638305664,460,0.3648994760057699,0.6387764495341204,0.42713990807533264,-0.3529142737388611,-0.4199839234352112,460,4.8841035438229596e-08,4.88410354382296e-06,4.88410354382296e-06
199248723,0.3862496619116675,0.6386741944617749,0.4270046949386596,-0.3532131016254425,-0.4197916388511657,461,0.38624971075270287,0.6386741502519876,0.42700469493865967,-0.35321325063705444,-0.419791579246521,461,4.8841035438229596e-08,4.88410354382296e-06,4.88410354382296e-06
199282057,0.4076029201042067,0.638622707471055,0.4270651638507843,-0.3532279133796692,-0.4195336699485779,462,0.407602967455126,0.6386226876232932,0.4270651340484619,-0.35322800278663635,-0.4195336699485779,462,4.735091929664037e-08,4.735091929664037e-06,4.735091929664037e-06
199315391,0.4289565389048468,0.6387581352134051,0.4270723760128021,-0.3530568778514862,-0.420055478811264,463,0.42895658178541773,0.6387581585157764,0.42707228660583496,-0.3530568480491638,-0.4200555682182312,463,4.288057087187269e-08,4.288057087187269e-06,4.288057087187269e-06
199348725,0.4503114183437239,0.6386582697226697,0.4270975887775421,-0.3528558909893036,-0.419281929731369,464,0.45031145675394646,0.638658260674586,0.42709749937057495,-0.3528558313846588,-0.41928181052207947,464,3.8410222558127316e-08,3.841022255812732e-06,3.841022255812732e-06
199382059,0.4716670175086866,0.6386712209912122,0.4271119832992553,-0.3528694808483124,-0.4193673431873321,465,0.4716670544287931,0.6386711962816671,0.427111953496933,-0.3528693914413452,-0.41936710476875305,465,3.692010652756039e-08,3.6920106527560392e-06,3.6920106527560392e-06
199415393,0.4930193637501608,0.6387344159846886,0.427046924829483,-0.3525972664356231,-0.4193817377090454,466,0.49301939918015114,0.6387344177999903,0.42704689502716064,-0.35259705781936646,-0.4193814992904663,466,3.5429990274948864e-08,3.5429990274948864e-06,3.5429990274948864e-06
199448727,0.5143754159104239,0.6386245555358212,0.4271210432052612,-0.352862685918808,-0.4191097617149353,467,0.5143754438898336,0.6386245311385141,0.4271208941936493,-0.35286274552345276,-0.4191097021102905,467,2.7979409678025036e-08,2.7979409678025036e-06,2.7979409678025036e-06
199482061,0.5357306857597243,0.6387267810293267,0.4271053969860077,-0.3525760769844055,-0.4193156957626343,468,0.5357307152292501,0.6387267911184666,0.4271054267883301,-0.3525761067867279,-0.41931578516960144,468,2.9469525819614262e-08,2.946952581961426e-06,2.946952581961426e-06
199515395,0.557086271513642,0.6387274878153287,0.4271117150783539,-0.352494865655899,-0.419222891330719,469,0.5570862994930517,0.6387274854072034,0.4271116852760315,-0.3524947762489319,-0.41922277212142944,469,2.7979409678025036e-08,2.7979409678025036e-06,2.7979409678025036e-06
199548729,0.5784419094216239,0.6388020020506677,0.4271127581596374,-0.3525212109088897,-0.4196529388427734,470,0.5784419374010336,0.6388019432051706,0.42711275815963745,-0.35252130031585693,-0.4196527302265167,470,2.7979409678025036e-08,2.7979409678025036e-06,2.7979409678025036e-06
199582063,0.5997956206094633,0.6388271619865102,0.4270742237567901,-0.3523418009281158,-0.4195740222930908,471,0.5997956441185247,0.6388272661910055,0.427074134349823,-0.35234153270721436,-0.4195742607116699,471,2.350906136427966e-08,2.350906136427966e-06,2.350906136427966e-06
199615397,0.6211539794694793,0.6388775857388392,0.4271671772003174,-0.3522461950778961,-0.4197301268577575,472,0.6211540029785406,0.6388776255227624,0.4271671772003174,-0.3522460162639618,-0.41973012685775757,472,2.350906136427966e-08,2.350906136427966e-06,2.350906136427966e-06
199648731,0.6388124008549194,0.6388124008549194,0.4270180463790893,-0.3524839580059051,-0.4196642637252807,473,0.6388124040375562,0.6388124040375562,0.42701810598373413,-0.352483868598938,-0.4196641743183136,473,3.1826368207532596e-09,3.1826368207532596e-07,3.1826368207532596e-07
199682065,0.6530475755108337,0.6387238027158078,0.4270552396774292,-0.3524748980998993,-0.4191794395446777,474,0.6530475777000598,0.6387238417322392,0.4270552098751068,-0.3524748980998993,-0.41917964816093445,474,2.189226133708644e-09,2.1892261337086438e-07,2.1892261337086438e-07
199715399,0.6672859419954758,0.63883157929841,0.4271509945392608,-0.3524191677570343,-0.419689804315567,475,0.6672859402110589,0.638831518583395,0.4271508753299713,-0.3524194657802582,-0.4196898341178894,475,-1.7844168365144242e-09,-1.7844168365144242e-07,1.7844168365144242e-07
199748733,0.6815221646997274,0.6387998159790131,0.4270866811275482,-0.3524482250213623,-0.4195543527603149,476,0.681522160928489,0.6387997706432162,0.42708662152290344,-0.35244840383529663,-0.41955432295799255,476,-3.771238321625958e-09,-3.771238321625958e-07,3.771238321625958e-07
199782067,0.6957619944783986,0.6388174884439463,0.4271948933601379,-0.3523595333099365,-0.4195433557033539,477,0.6957619907071603,0.6388175396157059,0.42719489336013794,-0.35235950350761414,-0.419543594121933,477,-3.771238321625958e-09,-3.771238321625958e-07,3.771238321625958e-07
199815401,0.7099969436300735,0.6387598408503483,0.4270484745502472,-0.3525899350643158,-0.4195090532302856,478,0.7099969388654245,0.6387598718659888,0.4270484447479248,-0.35258984565734863,-0.4195091128349304,478,-4.764649008670574e-09,-4.764649008670574e-07,4.764649008670574e-07
199848735,0.7242342809411824,0.6386998689231743,0.4271201193332672,-0.3526051044464111,-0.419206291437149,479,0.7242342771699442,0.63869983894905,0.4271201491355896,-0.3526051640510559,-0.4192062020301819,479,-3.771238210603656e-09,-3.7712382106036557e-07,3.7712382106036557e-07
199882069,0.7384720017088393,0.6388702082770201,0.4271316230297088,-0.3522891104221344,-0.4197417497634887,480,0.7384719989310119,0.6388702140788738,0.42713165283203125,-0.35228925943374634,-0.4197419583797455,480,-2.7778274125367375e-09,-2.7778274125367375e-07,2.7778274125367375e-07
199915403,0.7527057716819584,0.6387740100493754,0.427013099193573,-0.3526000380516052,-0.4195969104766845,481,0.7527057669173095,0.6387740267522302,0.4270130395889282,-0.3526000380516052,-0.41959699988365173,481,-4.7646488976482715e-09,-4.7646488976482715e-07,4.7646488976482715e-07
199948737,0.7669425497028172,0.6387304571641308,0.4271033406257629,-0.3525262176990509,-0.4192760586738586,482,0.766942541957936,0.6387305073158193,0.4271032512187958,-0.3525262176990509,-0.41927632689476013,482,-7.744881180826724e-09,-7.744881180826724e-07,7.744881180826724e-07
199982071,0.7811778356207351,0.638549836735542,0.4270585775375366,-0.3530300259590149,-0.4189091920852661,483,0.7811778308560862,0.6385498760860888,0.4270586669445038,-0.35302969813346863,-0.4189090132713318,483,-4.7646488976482715e-09,-4.7646488976482715e-07,4.7646488976482715e-07
200015405,0.7954115221473514,0.6386084228418047,0.4270105957984924,-0.3528833389282226,-0.4190480709075928,484,0.7954115173827025,0.6386083817119896,0.42701059579849243,-0.35288339853286743,-0.41904792189598083,484,-4.7646488976482715e-09,-4.7646488976482715e-07,4.7646488976482715e-07
200048739,0.8096466828955153,0.6385761906656544,0.4270548224449157,-0.3528389036655426,-0.4188231229782104,485,0.8096466771374556,0.6385762373952873,0.4270547926425934,-0.3528388440608978,-0.4188233017921448,485,-5.75805969571519e-09,-5.75805969571519e-07,5.75805969571519e-07
200082073,0.82388270989785,0.6387909707317804,0.4270808100700378,-0.3526511490345001,-0.4197485446929931,486,0.8238826991727365,0.6387909354924606,0.4270806610584259,-0.35265135765075684,-0.41974860429763794,486,-1.0725113464005176e-08,-1.0725113464005176e-06,1.0725113464005176e-06
200115407,0.8381181021107177,0.6388006948449849,0.4270617663860321,-0.3525111675262451,-0.4196339845657348,487,0.8381180893987827,0.6388007690665416,0.42706170678138733,-0.3525109589099884,-0.4196341335773468,487,-1.271193494911671e-08,-1.271193494911671e-06,1.271193494911671e-06
200148741,0.8523515402846475,0.6387042119625763,0.4270031452178955,-0.352834403514862,-0.4195021390914917,488,0.8523515265793018,0.6387042172245537,0.4270031154155731,-0.3528342545032501,-0.41950199007987976,488,-1.3705345747183628e-08,-1.3705345747183628e-06,1.3705345747183628e-06
200182075,0.8665859559747517,0.6387109107567479,0.427032470703125,-0.3528615534305572,-0.4195702672004699,489,0.8665859402825845,0.6387109974461771,0.4270324110984802,-0.3528614640235901,-0.4195706248283386,489,-1.5692167232295162e-08,-1.5692167232295162e-06,1.5692167232295162e-06
200215409,0.8808196464750111,0.6388118296998808,0.427010715007782,-0.3527351915836334,-0.4199603199958801,490,0.8808196287960224,0.6388118463868935,0.4270106554031372,-0.3527351915836334,-0.4199604094028473,490,-1.7678988717406696e-08,-1.7678988717406696e-06,1.7678988717406696e-06
200248743,0.8950546204619546,0.6387436674737657,0.4270492196083069,-0.3527842462062835,-0.4196536540985107,491,0.8950546027829659,0.6387437193984655,0.4270492196083069,-0.35278403759002686,-0.41965368390083313,491,-1.7678988717406696e-08,-1.7678988717406696e-06,1.7678988717406696e-06
200282077,0.9092906385235924,0.638881465646514,0.4270805418491363,-0.3525573313236236,-0.4201216697692871,492,0.9092906168709608,0.6388814857531002,0.4270804226398468,-0.35255739092826843,-0.42012184858322144,492,-2.1652631576607462e-08,-2.165263157660746e-06,2.165263157660746e-06
200315411,0.9235246230734327,0.6387527453795934,0.4270195364952087,-0.3529561758041382,-0.4199067950248718,493,0.9235246024142119,0.6387528272069048,0.42701956629753113,-0.3529559075832367,-0.4199069142341614,493,-2.0659220889562846e-08,-2.0659220889562846e-06,2.0659220889562846e-06
200348745,0.937760017273122,0.638766625193403,0.4270618259906769,-0.3528893291950226,-0.4199016094207763,494,0.9377599936336688,0.6387666596319301,0.4270617365837097,-0.3528892993927002,-0.4199017584323883,494,-2.3639453172741298e-08,-2.36394531727413e-06,2.36394531727413e-06
200382079,0.951995745258822,0.6386747243891793,0.4270718395709991,-0.3526605069637298,-0.4191377162933349,495,0.9519957176457258,0.6386748554446867,0.4270717203617096,-0.35266026854515076,-0.4191381335258484,495,-2.761309625398667e-08,-2.761309625398667e-06,2.761309625398667e-06
200415413,0.96623407995432,0.6388226787112923,0.4271500408649444,-0.3524755835533142,-0.4197093248367309,496,0.966234052341224,0.6388226877191336,0.42715004086494446,-0.352475643157959,-0.4197094440460205,496,-2.7613096031942064e-08,-2.7613096031942064e-06,2.7613096031942064e-06
200448747,0.9804715334944863,0.6389147447649677,0.4271236062049866,-0.3524208962917328,-0.4201374650001526,497,0.9804715029011579,0.6389148221506392,0.4271235167980194,-0.3524205982685089,-0.42013752460479736,497,-3.059332842614282e-08,-3.059332842614282e-06,3.059332842614282e-06
200482081,0.9947097549411594,0.6387867040051489,0.4271466434001922,-0.3527635931968689,-0.4198595285415649,498,0.994709724347831,0.6387867434660934,0.42714664340019226,-0.35276326537132263,-0.4198593497276306,498,-3.059332842614282e-08,-3.059332842614282e-06,3.059332842614282e-06
200515415,0.0089444348785221,0.6387357230872974,0.4270403981208801,-0.3531481325626373,-0.4200439453125,499,0.008944405278604517,0.6387356904738903,0.4270404279232025,-0.353147953748703,-0.42004355788230896,499,-2.959991757256475e-08,-2.959991757256475e-06,2.959991757256475e-06
200548749,0.0231796244355976,0.6388351881813589,0.427055686712265,-0.3526803851127624,-0.4200202226638794,500,0.023179593842269273,0.6388352655349968,0.4270556569099426,-0.3526800870895386,-0.42002028226852417,500,-3.0593328315120516e-08,-3.0593328315120516e-06,3.0593328315120516e-06
200582083,0.0374195009045739,0.6387435890139745,0.4271962940692901,-0.3527965247631073,-0.4196678400039673,501,0.03741947031124561,0.6387436067703367,0.42719629406929016,-0.3527964949607849,-0.41966789960861206,501,-3.0593328315120516e-08,-3.0593328315120516e-06,3.0593328315120516e-06
200615417,0.051657123324567,0.6388493002315389,0.4271286725997925,-0.3526730835437774,-0.4200871586799621,502,0.05165709372464944,0.6388492724305379,0.42712870240211487,-0.35267308354377747,-0.4200870096683502,502,-2.959991757256475e-08,-2.959991757256475e-06,2.959991757256475e-06
200648751,0.0658925284517745,0.6388414067036423,0.4270621538162231,-0.3527748882770538,-0.4201661050319671,503,0.06589249785844613,0.6388414509283735,0.42706212401390076,-0.3527747392654419,-0.42016616463661194,503,-3.059332837063167e-08,-3.0593328370631667e-06,3.0593328370631667e-06
200682085,0.0801292647493819,0.63897893157399,0.4271020889282226,-0.3524893224239349,-0.4205633997917175,504,0.08012923614287504,0.638978980090682,0.42710214853286743,-0.35248905420303345,-0.42056334018707275,504,-2.8606506830008982e-08,-2.860650683000898e-06,2.860650683000898e-06
200715419,0.0943638542863666,0.638701782870088,0.4270376861095428,-0.3531243801116943,-0.4198338985443115,505,0.09436382667327055,0.6387018013603585,0.42703771591186523,-0.3531241714954376,-0.4198337495326996,505,-2.7613096031942064e-08,-2.7613096031942064e-06,2.7613096031942064e-06
200748753,0.1086014737261275,0.6387525492308991,0.4271285831928253,-0.35298952460289,-0.4199454188346863,506,0.10860144511962065,0.6387526000685049,0.42712855339050293,-0.3529893457889557,-0.41994547843933105,506,-2.8606506830008982e-08,-2.860650683000898e-06,2.860650683000898e-06
200782087,0.1228408137533008,0.6387929110777653,0.4271802008152008,-0.3529147803783417,-0.4200727343559265,507,0.12284078812702626,0.6387928975692561,0.42718029022216797,-0.3529146909713745,-0.4200725555419922,507,-2.562627454683053e-08,-2.562627454683053e-06,2.562627454683053e-06
200815421,0.1370840797397434,0.6389120228628966,0.427297979593277,-0.3524493873119354,-0.4201568365097046,508,0.13708405312005809,0.6389119608709364,0.4272979497909546,-0.35244956612586975,-0.42015671730041504,508,-2.6619685344897448e-08,-2.661968534489745e-06,2.661968534489745e-06
200848755,0.151324683385386,0.6388395986552613,0.4272181093692779,-0.3529543578624725,-0.4203701615333557,509,0.15132465577228993,0.6388397124709231,0.42721807956695557,-0.3529539704322815,-0.42037031054496765,509,-2.7613096031942064e-08,-2.7613096031942064e-06,2.7613096031942064e-06
200882089,0.1726855560712953,0.6389108523808393,0.4272174537181854,-0.352851003408432,-0.4206293225288391,510,0.1726855284581992,0.6389108389235787,0.4272174537181854,-0.35285091400146484,-0.4206291437149048,510,-2.7613096087453215e-08,-2.7613096087453215e-06,2.7613096087453215e-06
200915423,0.1940457269125123,0.6389806472226528,0.4272034168243408,-0.3529261350631714,-0.4210937917232513,511,0.19404570227964849,0.6389806982013204,0.4272034764289856,-0.352926105260849,-0.42109403014183044,511,-2.4632863804274763e-08,-2.4632863804274763e-06,2.4632863804274763e-06
200948757,0.2154069184832712,0.6389229282924908,0.4272238314151764,-0.3527806103229522,-0.4206102192401886,512,0.21540689385040732,0.6389229127029147,0.4272238314151764,-0.3527805805206299,-0.42061010003089905,512,-2.4632863859785914e-08,-2.4632863859785914e-06,2.4632863859785914e-06
200982091,0.2367724701337953,0.6387993391054225,0.4273110330104828,-0.3530672490596771,-0.4202886819839477,513,0.23677244550093146,0.6387993642457139,0.4273110330104828,-0.353067010641098,-0.4202885329723358,513,-2.4632863859785914e-08,-2.4632863859785914e-06,2.4632863859785914e-06
201015425,0.2581412955694337,0.6389266522277127,0.4273765087127685,-0.3527538478374481,-0.4205982983112335,514,0.25814126795633763,0.6389267041229412,0.4273764491081238,-0.3527536392211914,-0.4205983281135559,514,-2.7613096087453215e-08,-2.7613096087453215e-06,2.7613096087453215e-06
201048759,0.2795051678590913,0.6388703761262566,0.4272774457931518,-0.3530137836933136,-0.4206060767173767,515,0.2795051402459952,0.6388703295750848,0.42727744579315186,-0.3530138432979584,-0.4206058979034424,515,-2.7613096087453215e-08,-2.7613096087453215e-06,2.7613096087453215e-06
201082093,0.300871688085093,0.638877201088588,0.4273304045200348,-0.3530587255954742,-0.4206962585449219,516,0.3008716604719969,0.6388771810085411,0.4273304045200348,-0.35305866599082947,-0.42069607973098755,516,-2.7613096087453215e-08,-2.7613096087453215e-06,2.7613096087453215e-06
201115427,0.3222326784901758,0.6388386448075911,0.427219808101654,-0.3529898822307586,-0.4204073548316955,517,0.3222326568375441,0.6388386712766048,0.4272199273109436,-0.3529897630214691,-0.42040735483169556,517,-2.1652631687629764e-08,-2.1652631687629764e-06,2.1652631687629764e-06
201148761,0.3435985534958978,0.6389767010963683,0.4273175001144409,-0.3525561094284057,-0.4206311106681824,518,0.3435985363136145,0.6389767120074423,0.4273175895214081,-0.3525559604167938,-0.4206309914588928,518,-1.7182283318373237e-08,-1.7182283318373237e-06,1.7182283318373237e-06
201182095,0.3649609878235002,0.6389388755791343,0.4272486865520477,-0.3525477051734924,-0.4204180836677551,519,0.3649609751115652,0.6389388456668129,0.4272487759590149,-0.3525477647781372,-0.42041799426078796,519,-1.2711935004627861e-08,-1.2711935004627861e-06,1.2711935004627861e-06
201215429,0.3863218709402223,0.6388794200099626,0.4272176623344421,-0.3527578115463257,-0.4203495979309082,520,0.38632186269863567,0.6388793843093965,0.4272177517414093,-0.3527577221393585,-0.4203492999076843,520,-8.241586635371334e-09,-8.241586635371334e-07,8.241586635371334e-07
201248763,0.4076816156082292,0.6390146795827905,0.4271948933601379,-0.3523675799369812,-0.4206100106239319,521,0.4076816118369909,0.6390146837074511,0.4271949827671051,-0.3523673117160797,-0.420609712600708,521,-3.771238266114807e-09,-3.771238266114807e-07,3.771238266114807e-07
201282097,0.4290399834089418,0.6389770375215101,0.4271673560142517,-0.3528521955013275,-0.4209861755371094,522,0.42903998261793574,0.6389770550413205,0.4271674156188965,-0.3528520166873932,-0.4209860563278198,522,-7.910060384475059e-10,-7.91006038447506e-08,7.91006038447506e-08
201315431,0.4503986417822977,0.638825983859703,0.4271731674671173,-0.3532381653785705,-0.4206351041793823,523,0.4503986424814077,0.6388260214173332,0.4271731972694397,-0.353238046169281,-0.4206351637840271,523,6.991099921194177e-10,6.991099921194177e-08,6.991099921194177e-08
201348765,0.4717563777737756,0.6389223762859533,0.4271547198295593,-0.3530917763710022,-0.4209782481193542,524,0.47175637400253734,0.6389225011022082,0.42715463042259216,-0.35309138894081116,-0.42097845673561096,524,-3.771238266114807e-09,-3.771238266114807e-07,3.771238266114807e-07
201382099,0.4931200608186861,0.6390750717421039,0.4272736608982086,-0.3526801764965057,-0.4213078022003174,525,0.4931200525770994,0.6390750364876776,0.42727357149124146,-0.35268038511276245,-0.42130786180496216,525,-8.241586690882485e-09,-8.241586690882485e-07,8.241586690882485e-07
201415433,0.5144838198595186,0.6390979085159724,0.4272751808166504,-0.3526324927806854,-0.4213736653327942,526,0.5144838160882803,0.6390979371564738,0.42727527022361755,-0.3526323139667511,-0.4213736057281494,526,-3.771238321625958e-09,-3.771238321625958e-07,3.771238321625958e-07
201448767,0.5358457549982211,0.6390367122008052,0.4272387027740478,-0.3528258800506592,-0.4212755262851715,527,0.5358457527170988,0.639036672330164,0.42723873257637024,-0.35282590985298157,-0.4212753474712372,527,-2.2811222910590345e-09,-2.2811222910590345e-07,2.2811222910590345e-07
201482101,0.5572074994020602,0.6390427721495064,0.4272348880767822,-0.3526495397090912,-0.4210975468158722,528,0.5572074971209379,0.6390427401225104,0.4272348880767822,-0.35264965891838074,-0.4210975170135498,528,-2.2811222910590345e-09,-2.2811222910590345e-07,2.2811222910590345e-07
201515435,0.5785705253057619,0.639089604086087,0.4272605180740356,-0.3527228832244873,-0.421436995267868,529,0.5785705230246396,0.6390896017840766,0.42726051807403564,-0.35272279381752014,-0.4214368760585785,529,-2.2811222910590345e-09,-2.2811222910590345e-07,2.2811222910590345e-07
201548769,0.5999354958109995,0.6390274476199334,0.4272994101047516,-0.3525455594062805,-0.4208910465240478,530,0.5999354980002256,0.6390274254304054,0.42729949951171875,-0.3525455594062805,-0.4208909273147583,530,2.189226133708644e-09,2.1892261337086438e-07,2.1892261337086438e-07
201582103,0.6212957202963968,0.6390339625909527,0.4272044897079468,-0.3525992631912231,-0.4209901690483093,531,0.6212957254658552,0.6390339636666658,0.42720454931259155,-0.35259923338890076,-0.42099013924598694,531,5.169458416887096e-09,5.169458416887096e-07,5.169458416887096e-07
201615437,0.6390101771167531,0.6390101771167531,0.4273150265216827,-0.3527687489986419,-0.4210646748542785,532,0.6390102191546152,0.6390102191546152,0.4273149371147156,-0.3527686595916748,-0.4210647940635681,532,4.20378620802353e-08,4.20378620802353e-06,4.20378620802353e-06
201648771,0.6532555133711909,0.6391340890014825,0.4273600876331329,-0.3525530099868774,-0.4214733242988586,533,0.6532555544156422,0.6391341939810722,0.42736005783081055,-0.35255271196365356,-0.42147353291511536,533,4.104445128216838e-08,4.104445128216838e-06,4.104445128216838e-06
201682105,0.6674993495754018,0.6391411222409877,0.4273150861263275,-0.3525041043758392,-0.4214527010917663,534,0.6674993876396209,0.6391411288628869,0.42731499671936035,-0.35250407457351685,-0.42145270109176636,534,3.806421911001223e-08,3.806421911001223e-06,3.806421911001223e-06
201715439,0.6817414959879333,0.639162394085379,0.427264392375946,-0.3522942960262298,-0.4213162660598755,535,0.6817415350455632,0.6391624869557058,0.42726442217826843,-0.35229402780532837,-0.4213164448738098,535,3.905762990807915e-08,3.905762990807915e-06,3.905762990807915e-06
201748773,0.6959866891912236,0.6392234669431218,0.4273557960987091,-0.3522264957427978,-0.4215638041496277,536,0.6959867282488535,0.6392234835513637,0.4273557960987091,-0.35222649574279785,-0.42156389355659485,536,3.905762990807915e-08,3.905762990807915e-06,3.905762990807915e-06
201782107,0.710228816728951,0.6392041571283031,0.4272638261318207,-0.3523660600185394,-0.4216268658638,537,0.7102288567799917,0.6392041040446745,0.42726385593414307,-0.3523661494255066,-0.4216266870498657,537,4.005104070614607e-08,4.005104070614607e-06,4.005104070614607e-06
201815441,0.7244686484944437,0.6391316822744513,0.4271949529647827,-0.3525494337081909,-0.4214560985565185,538,0.7244686895388952,0.6391316833569936,0.4271949827671051,-0.35254940390586853,-0.42145606875419617,538,4.1044451504212986e-08,4.104445150421299e-06,4.104445150421299e-06
201848775,0.7387101760120803,0.638997906557119,0.4272458255290985,-0.3527407944202423,-0.4209653735160827,539,0.7387102190433533,0.638997891172323,0.4272458851337433,-0.35274091362953186,-0.42096543312072754,539,4.303127298932452e-08,4.303127298932452e-06,4.303127298932452e-06
201882109,0.7529519826781367,0.6389510717460413,0.4272541999816894,-0.3528785407543182,-0.4208781123161316,540,0.7529520237225882,0.6389511492224628,0.4272541403770447,-0.3528783917427063,-0.4208783507347107,540,4.1044451504212986e-08,4.104445150421299e-06,4.104445150421299e-06
201915443,0.7671971272043004,0.6390320530677511,0.4273543357849121,-0.3526901304721832,-0.4210883975028991,541,0.7671971662619305,0.6390320620065868,0.42735427618026733,-0.352690190076828,-0.4210885167121887,541,3.905763001910145e-08,3.905763001910145e-06,3.905763001910145e-06
201948777,0.7814404955120499,0.6389844857844962,0.4273010492324829,-0.352975457906723,-0.4211732745170593,542,0.7814405335762692,0.6389845058189038,0.4273010194301605,-0.3529755175113678,-0.42117345333099365,542,3.806421933205684e-08,3.8064219332056837e-06,3.8064219332056837e-06
201982111,0.7956837893139933,0.6390527315762764,0.4272988140583038,-0.3526071310043335,-0.4211004376411438,543,0.7956838273782126,0.6390526972334469,0.42729881405830383,-0.3526071608066559,-0.42110028862953186,543,3.806421933205684e-08,3.8064219332056837e-06,3.8064219332056837e-06
202015445,0.8099295110118007,0.6390914689712397,0.4273716509342193,-0.3525742590427398,-0.4212694466114044,544,0.80992954907602,0.6390914246384074,0.42737165093421936,-0.35257425904273987,-0.4212692081928253,544,3.806421933205684e-08,3.8064219332056837e-06,3.8064219332056837e-06
202048779,0.82417487607515,0.6391510103372446,0.4273609519004822,-0.3523642718791961,-0.4213387072086334,545,0.8241749161261909,0.639151038036978,0.42736101150512695,-0.35236427187919617,-0.42133885622024536,545,4.005104081716837e-08,4.005104081716837e-06,4.005104081716837e-06
202082113,0.8384184510123347,0.6390625965266663,0.4273072481155395,-0.3525402247905731,-0.4210735559463501,546,0.8384184920567863,0.6390625888264256,0.42730727791786194,-0.3525402843952179,-0.4210735857486725,546,4.104445161523529e-08,4.104445161523529e-06,4.104445161523529e-06
202115447,0.8526642372818405,0.639200179220099,0.4273735880851745,-0.3524682223796844,-0.4217276871204376,547,0.8526642793197029,0.6392001681516533,0.42737361788749695,-0.35246822237968445,-0.42172762751579285,547,4.203786241330221e-08,4.203786241330221e-06,4.203786241330221e-06
202148781,0.8669115305554483,0.6391937618154236,0.4274187982082367,-0.3523611724376678,-0.4215650558471679,548,0.8669115725933108,0.6391938435753565,0.4274187982082367,-0.35236090421676636,-0.4215651750564575,548,4.203786241330221e-08,4.203786241330221e-06,4.203786241330221e-06
202182115,0.8811569989335154,0.6392190381636143,0.4273640513420105,-0.3525737524032593,-0.4219555556774139,549,0.8811570419647885,0.6392189884735078,0.4273640811443329,-0.3525739014148712,-0.4219554662704468,549,4.303127310034682e-08,4.303127310034682e-06,4.303127310034682e-06
202215449,0.8954050601136302,0.6391540946434522,0.4274418354034424,-0.3527026772499084,-0.4217599630355835,550,0.895405104138314,0.6391541124465434,0.42744186520576477,-0.352702796459198,-0.4217602014541626,550,4.402468378739144e-08,4.402468378739144e-06,4.402468378739144e-06
202248783,0.909650916915299,0.6391674781466157,0.4273757040500641,-0.352497786283493,-0.4215869903564453,551,0.9096509629268043,0.6391674903047182,0.42737576365470886,-0.35249775648117065,-0.4215870201587677,551,4.601150527250297e-08,4.601150527250297e-06,4.601150527250297e-06
202282117,0.9239001016429678,0.6391844165037439,0.4274755418300628,-0.3524627387523651,-0.4216362535953522,552,0.9239001496412945,0.6391844076053173,0.42747560143470764,-0.35246267914772034,-0.4216361343860626,552,4.799832675761451e-08,4.799832675761451e-06,4.799832675761451e-06
202315451,0.9381483128281052,0.6391776974043261,0.4274463355541229,-0.352305144071579,-0.4214115738868713,553,0.9381483598330213,0.6391777283569111,0.42744630575180054,-0.3523050546646118,-0.4214116334915161,553,4.700491607056989e-08,4.700491607056989e-06,4.700491607056989e-06
202348785,0.952392729184192,0.6391023917490077,0.4273324906826019,-0.352347582578659,-0.4210573136806488,554,0.9523927771825187,0.639102365247336,0.4273325204849243,-0.3523477017879486,-0.4210573136806488,554,4.7998326646592204e-08,4.7998326646592204e-06,4.7998326646592204e-06
202382119,0.9666377207251008,0.6391685797170419,0.4273497462272644,-0.3523703813552856,-0.4214405417442322,555,0.9666377717036597,0.6391685708114847,0.42734983563423157,-0.35237032175064087,-0.4214404225349426,555,5.0978558929770657e-08,5.097855892977066e-06,5.097855892977066e-06
202415453,0.9808837632945792,0.6392032296783454,0.4273812770843506,-0.3523044288158417,-0.4215481281280517,556,0.9808838142731381,0.6392031975472665,0.4273812770843506,-0.3523043990135193,-0.42154791951179504,556,5.0978558929770657e-08,5.097855892977066e-06,5.097855892977066e-06
202448787,0.9951294681044038,0.6390779847691588,0.4273711442947387,-0.3525075018405914,-0.4211171865463257,557,0.9951295190829628,0.6390779770673802,0.42737114429473877,-0.3525075614452362,-0.42111721634864807,557,5.0978558929770657e-08,5.097855892977066e-06,5.097855892977066e-06
202482121,0.009375311991733,0.6391043530505032,0.427375316619873,-0.3523233234882355,-0.4210388660430908,558,0.009375362970291956,0.6391043054505792,0.42737531661987305,-0.35232341289520264,-0.4210387170314789,558,5.0978558929770657e-08,5.097855892977066e-06,5.097855892977066e-06
202515455,0.0236246506980674,0.639257879663996,0.4274801611900329,-0.3520523011684418,-0.4215405285358429,559,0.02362470167662639,0.6392577889758566,0.42748016119003296,-0.3520525097846985,-0.4215402901172638,559,5.097855904079296e-08,5.097855904079296e-06,5.097855904079296e-06
202548789,0.0378713668000317,0.6390087870787995,0.4274014830589294,-0.3525985777378082,-0.4208540916442871,560,0.0378714177785907,0.6390088135671741,0.42740148305892944,-0.3525984585285187,-0.4208540916442871,560,5.097855904079296e-08,5.097855904079296e-06,5.097855904079296e-06
202582123,0.0521194061251101,0.6390925145152251,0.4274411797523498,-0.3523962795734405,-0.4210624098777771,561,0.05211945412343679,0.6390924815346235,0.4274410903453827,-0.35239657759666443,-0.4210625886917114,561,4.7998326646592204e-08,4.7998326646592204e-06,4.7998326646592204e-06
202615457,0.0663639138749854,0.6390934948668813,0.4273352324962616,-0.3525021374225616,-0.4211941659450531,562,0.06636396386013367,0.6390935710984164,0.42733529210090637,-0.35250186920166016,-0.42119425535202026,562,4.998514824272604e-08,4.998514824272604e-06,4.998514824272604e-06
202648791,0.0806104283145683,0.639129534492207,0.4273954331874847,-0.3523804247379303,-0.4212425053119659,563,0.08061048227335949,0.6391295366580367,0.4273955523967743,-0.3523803651332855,-0.42124244570732117,563,5.395879121294911e-08,5.395879121294911e-06,5.395879121294911e-06
202682125,0.0948583623381075,0.6391337154174233,0.4274380207061767,-0.3522385656833648,-0.4210954010486603,564,0.09485841431007722,0.6391336536071638,0.427437961101532,-0.35223889350891113,-0.42109546065330505,564,5.1971969727837575e-08,5.1971969727837575e-06,5.1971969727837575e-06
202715459,0.1091055910400169,0.6390612633885283,0.4274168610572815,-0.3524424731731415,-0.420949637889862,565,0.10910564400539735,0.6390612664668109,0.4274168908596039,-0.3524422347545624,-0.42094936966896057,565,5.296538041488219e-08,5.296538041488219e-06,5.296538041488219e-06
202748793,0.1233523528388755,0.6390128489793713,0.4274028539657593,-0.3523733913898468,-0.4206071197986603,566,0.12335240679766674,0.6390128179979643,0.42740288376808167,-0.35237348079681396,-0.4206070601940155,566,5.395879121294911e-08,5.395879121294911e-06,5.395879121294911e-06
202782127,0.1376010597359754,0.6391610027975914,0.4274612069129944,-0.3521058261394501,-0.421083390712738,567,0.13760111369476655,0.6391610802884906,0.4274612069129944,-0.35210567712783813,-0.42108362913131714,567,5.395879121294911e-08,5.395879121294911e-06,5.395879121294911e-06
202815461,0.1518493901304023,0.6390461300940101,0.4274499118328094,-0.3524613976478576,-0.4208909273147583,568,0.15184944408919354,0.639046193104284,0.42744991183280945,-0.35246118903160095,-0.42089101672172546,568,5.395879121294911e-08,5.395879121294911e-06,5.395879121294911e-06
202848795,0.1732162903360145,0.6389518833550387,0.4273380041122436,-0.3525378108024597,-0.4204760789871216,569,0.17321634727503796,0.6389518998140411,0.4273380637168884,-0.3525376617908478,-0.4204759895801544,569,5.693902349612756e-08,5.693902349612756e-06,5.693902349612756e-06
202882129,0.1945898334792869,0.6390220164296605,0.427470862865448,-0.3522570431232452,-0.4205174446105957,570,0.194589885947962,0.6390220963147851,0.42747077345848083,-0.35225698351860046,-0.42051780223846436,570,5.246867507135988e-08,5.246867507135988e-06,5.246867507135988e-06
202915463,0.2159583787730949,0.6390483737184145,0.4273709058761596,-0.352316290140152,-0.4207296967506408,571,0.21595843571211834,0.6390484777537014,0.42737099528312683,-0.3523160219192505,-0.42072993516921997,571,5.693902349612756e-08,5.693902349612756e-06,5.693902349612756e-06
202948797,0.2373188163450973,0.6390876039747732,0.4272087514400482,-0.3524028062820434,-0.4210438132286072,572,0.23731886732365629,0.6390876161439941,0.42720863223075867,-0.35240277647972107,-0.42104384303092957,572,5.0978558929770657e-08,5.097855892977066e-06,5.097855892977066e-06
202982131,0.258686871390702,0.6390934106636876,0.4273611009120941,-0.3522931039333343,-0.420943945646286,573,0.2586869253494932,0.6390933952491079,0.4273611605167389,-0.3522932231426239,-0.4209440052509308,573,5.395879121294911e-08,5.395879121294911e-06,5.395879121294911e-06
203015465,0.2800514708570259,0.6390199379349011,0.427291989326477,-0.3524947464466095,-0.4207900464534759,574,0.2800515248158171,0.6390199646038502,0.42729198932647705,-0.3524947762489319,-0.4207902252674103,574,5.395879121294911e-08,5.395879121294911e-06,5.395879121294911e-06
203048799,0.3014162565878647,0.638934979009097,0.4272957146167755,-0.3526035249233246,-0.4204637408256531,575,0.3014163045861914,0.638934961487224,0.42729559540748596,-0.3526037037372589,-0.4204638600349426,575,4.7998326646592204e-08,4.7998326646592204e-06,4.7998326646592204e-06
203082133,0.3227773244789856,0.6389835353443092,0.4272213578224182,-0.3526872098445892,-0.4208242297172546,576,0.3227773724773123,0.6389835972643492,0.4272213578224182,-0.3526870310306549,-0.4208243489265442,576,4.7998326646592204e-08,4.7998326646592204e-06,4.7998326646592204e-06
203115467,0.3441382195166366,0.63900704063289,0.4272179007530212,-0.3526356518268585,-0.4208889603614807,577,0.3441382645347311,0.6390070361589882,0.42721784114837646,-0.35263562202453613,-0.42088890075683594,577,4.501809458545836e-08,4.501809458545836e-06,4.501809458545836e-06
203148801,0.3655040349177139,0.6388954819518261,0.4273163080215454,-0.3527251780033111,-0.4203968644142151,578,0.36550408291604064,0.638895491770767,0.4273163676261902,-0.3527250587940216,-0.4203967750072479,578,4.799832675761451e-08,4.799832675761451e-06,4.799832675761451e-06
203182135,0.3868704165629166,0.6390254474905568,0.4273276329040527,-0.3522645831108093,-0.4205448627471924,579,0.38687046307112716,0.6390255049913818,0.42732760310173035,-0.3522643744945526,-0.42054492235183716,579,4.650821061602528e-08,4.650821061602528e-06,4.650821061602528e-06
203215469,0.4082288469485062,0.6390055210504457,0.427168607711792,-0.3524278998374939,-0.4206328392028808,580,0.40822889047648453,0.6390055013540226,0.4271685481071472,-0.352428138256073,-0.4206330180168152,580,4.352797833284683e-08,4.352797833284683e-06,4.352797833284683e-06
203248803,0.4295905287674683,0.6391327684741334,0.4272336363792419,-0.3523239195346832,-0.4211923480033874,581,0.4295905782559111,0.6391328823150015,0.4272337555885315,-0.3523235321044922,-0.4211924970149994,581,4.948844289920373e-08,4.948844289920373e-06,4.948844289920373e-06
203282137,0.4509578462055938,0.6390955529851003,0.4273463487625122,-0.3523860275745392,-0.4210664927959442,582,0.4509578912236884,0.6390955894921606,0.42734625935554504,-0.352385938167572,-0.4210665822029114,582,4.501809458545836e-08,4.501809458545836e-06,4.501809458545836e-06
203315471,0.4723208259156959,0.6388667250676348,0.4272595942020416,-0.3527795374393463,-0.4203073978424072,583,0.4723208664634421,0.6388667263698428,0.42725950479507446,-0.35277965664863586,-0.42030754685401917,583,4.054774627171298e-08,4.054774627171298e-06,4.054774627171298e-06
203348805,0.4936833302787559,0.6389653347414911,0.4272500872611999,-0.3526886999607086,-0.4207282662391662,584,0.49368336784626987,0.6389653259789592,0.4272500276565552,-0.3526887893676758,-0.42072832584381104,584,3.756751398853453e-08,3.756751398853453e-06,3.756751398853453e-06
203382139,0.5150454725435989,0.6390164130651494,0.4272428452968597,-0.3526798784732818,-0.4209921061992645,585,0.515045513091345,0.6390163720933053,0.4272429049015045,-0.35267993807792664,-0.4209919571876526,585,4.054774616069068e-08,4.054774616069068e-06,4.054774616069068e-06
203415473,0.5364070753864066,0.6389281943953491,0.4272320568561554,-0.3527692258358001,-0.4206249117851257,586,0.5364071218946173,0.6389281555304985,0.42723217606544495,-0.35276922583580017,-0.420624703168869,586,4.650821061602528e-08,4.650821061602528e-06,4.650821061602528e-06
203448807,0.5577693458012359,0.6389881838967464,0.4272454082965851,-0.3525597155094147,-0.4206970632076263,587,0.5577693967797949,0.6389881915925761,0.42724549770355225,-0.3525596559047699,-0.42069703340530396,587,5.0978558929770657e-08,5.097855892977066e-06,5.097855892977066e-06
203482141,0.5791336785367744,0.6389921577041504,0.4272866547107696,-0.352710485458374,-0.4208983182907104,588,0.5791337339856817,0.6389921165398884,0.4272867441177368,-0.35271039605140686,-0.4208979904651642,588,5.544890724351603e-08,5.544890724351603e-06,5.544890724351603e-06
