local_time,arrival_time_monotonic,timestamp_us,role,role_label,mac_address,quat_w,quat_x,quat_y,quat_z,euler_x,euler_y,euler_z,acc_x,acc_y,acc_z,gyro_x,gyro_y,gyro_z
2026-04-02 13:02:22.133,1881.138920189,619944885,right_foot,右脚,D4:22:CD:00:85:22,0.8884827494621277,-0.061699774116277695,-0.4463649094104767,0.0868908241391182,-17.49574106179009,-51.48569159713862,19.65803954988499,-0.052917204797267914,0.008237138390541077,-0.044003624469041824,-0.011826046742498875,0.005161039996892214,-0.008212955668568611
2026-04-02 13:02:22.162,1881.168354855,619978219,right_foot,右脚,D4:22:CD:00:85:22,0.8906817436218262,-0.050411153584718704,-0.4443396329879761,0.0818973183631897,-15.16026157284791,-51.56125284264033,17.86237557223534,7.2659807205200195,-1.3590589761734009,5.951188564300537,5.361372470855713,-19.20599365234375,-0.7372527718544006
2026-04-02 13:02:22.192,1881.19866788,620011553,right_foot,右脚,D4:22:CD:00:85:22,0.8898699879646301,-0.045117612928152084,-0.4472447335720062,0.07789874821901321,-14.127509642345245,-52.08748735262137,16.93631056819675,7.3192033767700195,-1.324790358543396,5.584250450134277,6.556396484375,-24.213476181030273,-4.3021087646484375
2026-04-02 13:02:22.252,1881.258743446,620044887,right_foot,右脚,D4:22:CD:00:85:22,0.8873743414878845,-0.04050189256668091,-0.45322179794311523,0.07427550852298737,-13.365408479680228,-52.971667041246164,16.251701168833222,7.330698013305664,-1.7783252000808716,5.414700031280518,10.686962127685547,-27.906902313232422,-10.086967468261719
2026-04-02 13:02:22.282,1881.288738998,620078221,right_foot,右脚,D4:22:CD:00:85:22,0.8844022154808044,-0.03578273952007294,-0.45991310477256775,0.07093960046768188,-12.61437596817222,-53.94178586021372,15.610519331550844,7.515689373016357,-1.0994316339492798,5.37953519821167,14.0117769241333,-27.053560256958008,-16.779972076416016
2026-04-02 13:02:22.312,1881.318806236,620111555,right_foot,右脚,D4:22:CD:00:85:22,0.8814975023269653,-0.030633099377155304,-0.46633100509643555,0.06752223521471024,-11.734092705844757,-54.8853160772699,14.869601814981175,7.757101058959961,-0.3856499195098877,5.37570858001709,11.307106971740723,-25.69440269470215,-14.633528709411621
2026-04-02 13:02:22.342,1881.348574862,620144889,right_foot,右脚,D4:22:CD:00:85:22,0.8782178163528442,-0.024803176522254944,-0.4733463227748871,0.06373173743486404,-10.68512637755877,-55.91843499428478,13.984748942368428,7.513697624206543,-1.2278953790664673,5.596424579620361,9.955568313598633,-28.41715431213379,-15.391966819763184
2026-04-02 13:02:22.371,1881.377564153,620178223,right_foot,右脚,D4:22:CD:00:85:22,0.8737000823020935,-0.018685784190893173,-0.48248204588890076,0.05924808606505394,-9.55314872350569,-57.23261195633049,12.979467399041406,7.633415699005127,-0.832177996635437,6.344396114349365,8.687872886657715,-38.80855178833008,-21.029356002807617
2026-04-02 13:02:22.402,1881.408601883,620211557,right_foot,右脚,D4:22:CD:00:85:22,0.8666417002677917,-0.012811118736863136,-0.49578386545181274,0.05446495860815048,-8.530844965594065,-59.085888737247004,12.033195624983222,7.823164463043213,-0.4290209114551544,6.580495357513428,5.063838005065918,-59.16305160522461,-22.153596878051758
2026-04-02 13:02:22.431,1881.437431966,620244891,right_foot,右脚,D4:22:CD:00:85:22,0.8568670749664307,-0.007572510279715061,-0.5130699276924133,0.04980764165520668,-7.709527127296384,-61.463270515838154,11.241264008377549,8.363212585449219,-0.30193009972572327,6.772205352783203,2.180053234100342,-77.7356948852539,-19.764829635620117
2026-04-02 13:02:22.461,1881.467507141,620278225,right_foot,右脚,D4:22:CD:00:85:22,0.8429808020591736,-0.0018073756946250796,-0.5361095070838928,0.04434792324900627,-6.786684970304564,-64.64872005421363,10.32034941071355,8.551651954650879,-0.7200990319252014,7.863409519195557,1.4110661745071411,-104.15367889404297,-22.626985549926758
2026-04-02 13:02:22.522,1881.528423014,620311559,right_foot,右脚,D4:22:CD:00:85:22,0.821704089641571,0.0029854155145585537,-0.5686811208724976,0.03735557571053505,-6.073674693888109,-69.19554800999603,9.397530928387239,8.744564056396484,-0.168392613530159,8.144038200378418,-5.372193336486816,-148.91848754882812,-24.71110725402832
2026-04-02 13:02:22.553,1881.559091075,620344893,right_foot,右脚,D4:22:CD:00:85:22,0.7895010113716125,0.008802857249975204,-0.6129937171936035,0.02914339490234852,-5.023884341653071,-75.56508557858605,8.123546337729056,9.077427864074707,-0.8750033378601074,9.765262603759766,-5.982372760772705,-207.4528045654297,-28.684871673583984
2026-04-02 13:02:22.582,1881.588471347,620378227,right_foot,右脚,D4:22:CD:00:85:22,0.7396100163459778,0.019648384302854538,-0.6726138591766357,0.013478201813995838,6.605700390250745,-84.54637181227639,-3.9182149204557644,11.010607719421387,-5.102964878082275,12.147018432617188,-8.042815208435059,-292.9682922363281,-59.52048110961914
2026-04-02 13:02:22.611,1881.617577187,620411561,right_foot,右脚,D4:22:CD:00:85:22,0.678600549697876,0.039526090025901794,-0.7333650588989258,-0.010720734484493732,138.6321212117733,-83.97495362940938,-136.2946756252421,12.72888469696045,-4.70820426940918,9.698555946350098,-2.818068265914917,-329.5276794433594,-108.61127471923828
2026-04-02 13:02:22.672,1881.678463247,620444895,right_foot,右脚,D4:22:CD:00:85:22,0.6326054930686951,0.046784065663814545,-0.7720984816551208,-0.03854505717754364,148.8815503339407,-76.72038349898028,-148.20944431158998,8.44073486328125,-3.1535866260528564,4.449721813201904,-44.034507751464844,-243.41720581054688,-91.32264709472656
2026-04-02 13:02:22.672,1881.678675557,620478229,right_foot,右脚,D4:22:CD:00:85:22,0.6320335268974304,0.04459083080291748,-0.772386372089386,-0.04432515799999237,147.6558630557558,-76.50616414134907,-147.63418587762914,12.909430503845215,-8.95347785949707,6.567047595977783,-18.929262161254883,-35.96974563598633,-21.69506072998047
2026-04-02 13:02:22.701,1881.707455824,620511563,right_foot,右脚,D4:22:CD:00:85:22,0.6645934581756592,0.047809407114982605,-0.745020866394043,-0.03120773285627365,136.18152867596163,-80.85443806898725,-134.83199373603708,3.1122474670410156,-1.3383359909057617,7.577142238616943,33.65301513671875,114.66939544677734,1.4420580863952637
2026-04-02 13:02:22.731,1881.737399809,620544897,right_foot,右脚,D4:22:CD:00:85:22,0.7119184732437134,0.03395703062415123,-0.7010261416435242,-0.024117043241858482,79.77607463836134,-85.2108999001312,-78.97805237018038,3.2970550060272217,-2.598987102508545,5.472659587860107,-23.584243774414062,187.91461181640625,32.78290557861328
2026-04-02 13:02:22.762,1881.768332012,620578231,right_foot,右脚,D4:22:CD:00:85:22,0.7660112380981445,0.018742021173238754,-0.6424077749252319,-0.013716433197259903,14.918188859927534,-79.63088590178434,-14.509299522498925,4.35477876663208,0.5936437249183655,5.218621253967285,-19.823013305664062,242.41432189941406,44.10369873046875
2026-04-02 13:02:22.795,1881.801368857,620611565,right_foot,右脚,D4:22:CD:00:85:22,0.8164960145950317,-0.007771000731736422,-0.5772954821586609,-0.0020486023277044296,-1.7740826562803444,-70.51869910006842,0.966770364995683,5.902999401092529,0.8092049360275269,5.973193645477295,-46.469566345214844,253.11260986328125,74.54015350341797
2026-04-02 13:02:22.852,1881.858452317,620644899,right_foot,右脚,D4:22:CD:00:85:22,0.8646922707557678,-0.03789040818810463,-0.5008084177970886,0.0079197371378541,-8.432698331013857,-59.93870391004106,5.917991000764594,9.595636367797852,0.33028048276901245,6.417047500610352,-60.31328201293945,282.9669189453125,79.16845703125
2026-04-02 13:02:22.881,1881.887372791,620678233,right_foot,右脚,D4:22:CD:00:85:22,0.9067228436470032,-0.07101279497146606,-0.41540297865867615,0.015853621065616608,-12.415401125959107,-48.68219883049406,7.637404801183727,10.380399703979492,0.10261622071266174,7.6643290519714355,-73.62466430664062,302.3702087402344,81.14044952392578
2026-04-02 13:02:22.912,1881.918346125,620711567,right_foot,右脚,D4:22:CD:00:85:22,0.9381247162818909,-0.10937435925006866,-0.32684749364852905,0.033614981919527054,-16.593199457876707,-37.29321527815503,9.738481369844715,13.492257118225098,-0.22592811286449432,9.539229393005371,-79.14257049560547,298.28082275390625,122.15756225585938
2026-04-02 13:02:22.942,1881.948346221,620744901,right_foot,右脚,D4:22:CD:00:85:22,0.957958996295929,-0.15069369971752167,-0.2376580387353897,0.05589881166815758,-20.536872456861637,-26.007327749324144,11.470409197948005,18.051376342773438,-0.2526075839996338,8.709619522094727,-89.27659606933594,291.7491455078125,143.8731231689453
2026-04-02 13:02:22.972,1881.978242509,620778235,right_foot,右脚,D4:22:CD:00:85:22,0.9697278738021851,-0.16600064933300018,-0.16580252349376678,0.06768659502267838,-21.15655772369073,-17.403226320197085,11.259916847350246,25.10364532470703,0.2947736978530884,-2.111156463623047,-20.465675354003906,239.671142578125,84.89832305908203
2026-04-02 13:02:23.001,1882.007369337,620811569,right_foot,右脚,D4:22:CD:00:85:22,0.9697474837303162,-0.18201293051242828,-0.14028772711753845,0.08234411478042603,-22.808360981634685,-14.011221886692573,12.54683076983285,24.487245559692383,6.686028957366943,-14.164458274841309,-39.07439422607422,80.71685791015625,72.77436065673828
2026-04-02 13:02:23.032,1882.038403546,620844903,right_foot,右脚,D4:22:CD:00:85:22,0.9706795811653137,-0.1419447362422943,-0.17077036201953888,0.09203609824180603,-18.808285518127658,-17.78213604819984,13.801085431084749,19.289474487304688,6.584083080291748,-12.221044540405273,130.3653564453125,-118.25531768798828,-6.162126541137695
2026-04-02 13:02:23.062,1882.068439492,620878237,right_foot,右脚,D4:22:CD:00:85:22,0.9657114148139954,-0.10828070342540741,-0.21242253482341766,0.1027316153049469,-15.918559966181078,-22.83196871864497,15.378830203794848,2.7807581424713135,2.125915050506592,13.368672370910645,103.07440948486328,-158.07037353515625,-2.882427930831909
2026-04-02 13:02:23.092,1882.098168358,620911571,right_foot,右脚,D4:22:CD:00:85:22,0.9529165029525757,-0.08959006518125534,-0.2693505585193634,0.10665030032396317,-15.218213696574416,-29.61882012476799,16.817563022537588,15.772354125976562,2.785207986831665,9.495562553405762,40.00077438354492,-207.23577880859375,-17.490081787109375
2026-04-02 13:02:23.152,1882.158417672,620944905,right_foot,右脚,D4:22:CD:00:85:22,0.9466157555580139,-0.07867306470870972,-0.29621633887290955,0.09992611408233643,-14.375210106529412,-33.03033693195778,16.334592005406275,15.38548469543457,-2.925130605697632,3.600743532180786,17.731151580810547,-96.40423583984375,-38.264583587646484
2026-04-02 13:02:23.182,1882.188410818,620978239,right_foot,右脚,D4:22:CD:00:85:22,0.9428493976593018,-0.07158614695072174,-0.3108595907688141,0.09631545841693878,-13.748156096002283,-34.91760837665463,16.008172537147786,7.8677473068237305,0.6818566918373108,6.681389331817627,13.350743293762207,-53.62299346923828,-21.831214904785156
2026-04-02 13:02:23.212,1882.218373848,621011573,right_foot,右脚,D4:22:CD:00:85:22,0.9394909739494324,-0.06944835931062698,-0.3213636577129364,0.0962253212928772,-13.787445326115954,-36.19043651692069,16.220677964821117,7.605024337768555,0.34826380014419556,6.2147979736328125,2.5352675914764404,-39.08704376220703,-4.263774871826172
2026-04-02 13:02:23.241,1882.247346884,621044907,right_foot,右脚,D4:22:CD:00:85:22,0.936850905418396,-0.06951974332332611,-0.32864946126937866,0.09729767590761185,-14.080435789288522,-37.03213985611928,16.595334729143318,7.592488765716553,-1.209791898727417,5.83878231048584,-2.0686447620391846,-27.487483978271484,2.447194814682007
2026-04-02 13:02:23.272,1882.278488747,621078241,right_foot,右脚,D4:22:CD:00:85:22,0.9352643489837646,-0.06802031397819519,-0.3330475986003876,0.09865858405828476,-14.08697992683708,-37.55720925812244,16.854599089256045,7.519713878631592,-1.7754672765731812,5.583401679992676,4.553220272064209,-17.611568450927734,1.9213424921035767
2026-04-02 13:02:23.302,1882.308385865,621111575,right_foot,右脚,D4:22:CD:00:85:22,0.9343645572662354,-0.06619831174612045,-0.3354071080684662,0.10041304677724838,-14.001420810520884,-37.84232982527602,17.088409952578168,7.518649578094482,-0.8051705360412598,5.757570266723633,6.902730941772461,-10.477885246276855,3.051468849182129
2026-04-02 13:02:23.332,1882.338396932,621144909,right_foot,右脚,D4:22:CD:00:85:22,0.9332637190818787,-0.06505497545003891,-0.3381099998950958,0.10231566429138184,-14.028468537381722,-38.154139966095656,17.38589092426541,7.41658878326416,-1.051666021347046,5.61193323135376,4.727081775665283,-11.614209175109863,4.303248405456543
2026-04-02 13:02:23.362,1882.368525152,621178243,right_foot,右脚,D4:22:CD:00:85:22,0.9319239854812622,-0.06371515989303589,-0.34154975414276123,0.10393258929252625,-14.044031772968655,-38.56137142780979,17.661732383795265,7.315195083618164,-1.1705331802368164,5.545351982116699,4.71474027633667,-14.259756088256836,3.0761046409606934
2026-04-02 13:02:23.392,1882.398617345,621211577,right_foot,右脚,D4:22:CD:00:85:22,0.9303954839706421,-0.061064720153808594,-0.34596556425094604,0.10461189597845078,-13.873119958688212,-39.12342999983083,17.781264808792436,7.300685405731201,-1.4600398540496826,5.543421268463135,7.426214694976807,-17.86903190612793,-1.6149853467941284
2026-04-02 13:02:23.452,1882.458528995,621244911,right_foot,右脚,D4:22:CD:00:85:22,0.9286442995071411,-0.057096149772405624,-0.3514237105846405,0.10421951115131378,-13.505779961105446,-39.851039788061854,17.722354421414,7.433750152587891,-1.2151027917861938,5.585539817810059,9.949252128601074,-21.714088439941406,-6.751917839050293
2026-04-02 13:02:23.482,1882.488575058,621278245,right_foot,右脚,D4:22:CD:00:85:22,0.9261729717254639,-0.05276969075202942,-0.3587280809879303,0.1036033183336258,-13.141246932661746,-40.81009354655282,17.67238835544644,7.434003829956055,-0.9538174271583557,5.696876525878906,10.017234802246094,-28.572677612304688,-8.004250526428223
2026-04-02 13:02:23.543,1882.549351571,621311579,right_foot,右脚,D4:22:CD:00:85:22,0.9226398468017578,-0.04838758707046509,-0.3687231242656708,0.10216714441776276,-12.820934593932467,-42.106416384849254,17.590410258421468,7.510339736938477,-1.0244426727294922,5.905814170837402,8.030948638916016,-38.332984924316406,-10.796259880065918
2026-04-02 13:02:23.543,1882.549519874,621344913,right_foot,右脚,D4:22:CD:00:85:22,0.9178890585899353,-0.044736552983522415,-0.3814832866191864,0.09974712878465652,-12.65089344648616,-43.74051956375699,17.49937703787702,7.62764835357666,-0.9830370545387268,6.155646324157715,3.289379119873047,-48.23526382446289,-13.02221965789795
2026-04-02 13:02:23.572,1882.578526654,621378247,right_foot,右脚,D4:22:CD:00:85:22,0.9107845425605774,-0.04177076742053032,-0.39932334423065186,0.0962720587849617,-12.722011167977325,-46.00099168643913,17.486343149071093,7.828110218048096,-0.4919814169406891,6.91480827331543,-2.362461566925049,-66.97023010253906,-15.428504943847656
2026-04-02 13:02:23.601,1882.607267932,621411581,right_foot,右脚,D4:22:CD:00:85:22,0.9008192420005798,-0.03980683162808418,-0.4223631024360657,0.09246858954429626,-13.175022258069005,-48.901723160461174,17.733282692911747,8.45898723602295,-0.6100704073905945,7.356197357177734,-8.091010093688965,-86.82044219970703,-14.875523567199707
2026-04-02 13:02:23.632,1882.638449584,621444915,right_foot,右脚,D4:22:CD:00:85:22,0.8863059282302856,-0.03700491413474083,-0.4531443119049072,0.08805549144744873,-13.921578081905473,-52.81907258710436,18.28690272595681,8.476914405822754,-1.228355884552002,7.936496257781982,-9.467660903930664,-117.61177062988281,-17.593786239624023
2026-04-02 13:02:23.663,1882.669346412,621478249,right_foot,右脚,D4:22:CD:00:85:22,0.8630203604698181,-0.030991416424512863,-0.49770215153694153,0.08080165833234787,-14.918510717665972,-58.65439598138571,19.111346371677627,8.797240257263184,-1.4754786491394043,9.472792625427246,-9.3927640914917,-173.95375061035156,-30.368165969848633
2026-04-02 13:02:23.692,1882.698543792,621511583,right_foot,右脚,D4:22:CD:00:85:22,0.8251487016677856,-0.020252151414752007,-0.5600327849388123,0.07130058109760284,-16.940797867848307,-67.12155459918374,21.161958104202,9.619098663330078,-2.3862342834472656,11.932197570800781,-5.710120677947998,-252.9417724609375,-42.999351501464844
2026-04-02 13:02:23.752,1882.758555486,621544917,right_foot,右脚,D4:22:CD:00:85:22,0.7652330994606018,-0.004310688469558954,-0.6416811347007751,0.051438283175230026,-22.367265109455076,-78.99993886659865,26.204319220486408,12.725944519042969,-5.5146355628967285,13.32939338684082,-17.19234275817871,-351.263916015625,-78.47957611083984
2026-04-02 13:02:23.782,1882.788443296,621578251,right_foot,右脚,D4:22:CD:00:85:22,0.7020509839057922,0.01578662544488907,-0.711458146572113,0.02652732841670513,-129.49858930044059,-88.84306755735331,132.92790873472217,10.978340148925781,-2.8049209117889404,8.513275146484375,-15.329278945922852,-327.9222412109375,-100.29554748535156
2026-04-02 13:02:23.812,1882.818527371,621611585,right_foot,右脚,D4:22:CD:00:85:22,0.6707131266593933,0.015139592811465263,-0.7414327263832092,0.013901191763579845,-179.82510642522678,-84.26643156721555,-177.8186498785468,13.455167770385742,-7.545145511627197,5.286844253540039,-33.43776321411133,-150.97500610351562,-24.82510757446289
2026-04-02 13:02:23.842,1882.848395197,621644919,right_foot,右脚,D4:22:CD:00:85:22,0.6852952837944031,0.03549620136618614,-0.7266098856925964,0.033901114016771317,-179.39708430703863,-86.64937094458224,-174.97509305687765,3.1791040897369385,-4.635076999664307,8.19965648651123,97.92676544189453,70.05070495605469,-7.80422306060791
2026-04-02 13:02:23.875,1882.881376773,621678253,right_foot,右脚,D4:22:CD:00:85:22,0.7153333425521851,0.02868039347231388,-0.6975102424621582,0.030921049416065216,-4.749811885332316,-88.54441548368348,9.581043859874214,1.5846915245056152,0.9848070740699768,6.632380485534668,-23.7215518951416,142.6014862060547,2.44252872467041
2026-04-02 13:02:23.902,1882.908645048,621711587,right_foot,右脚,D4:22:CD:00:85:22,0.7611134052276611,0.024650871753692627,-0.6476036906242371,0.026631664484739304,1.085124386299793,-80.791177608115,3.0845928209038562,4.530192852020264,-3.0953121185302734,3.913416624069214,-19.334903717041016,231.22862243652344,-11.162376403808594
2026-04-02 13:02:23.932,1882.938653835,621744921,right_foot,右脚,D4:22:CD:00:85:22,0.8109713792800903,0.014478595927357674,-0.5841169357299805,0.030404824763536453,-2.1731286978232185,-71.4927472173487,5.858549654498361,5.472783088684082,0.14561130106449127,4.822282791137695,-16.54256820678711,277.2557373046875,22.119935989379883
2026-04-02 13:02:23.962,1882.968631371,621778255,right_foot,右脚,D4:22:CD:00:85:22,0.8565149903297424,-0.007815771736204624,-0.5146352648735046,0.03837136551737785,-6.4173361135415385,-61.76142479283645,8.970545494444705,8.4667329788208,-0.9388684034347534,5.386828899383545,-41.10573196411133,286.8653564453125,58.39134979248047
2026-04-02 13:02:23.992,1882.998364464,621811589,right_foot,右脚,D4:22:CD:00:85:22,0.8977740406990051,-0.03814585506916046,-0.43613362312316895,0.048321884125471115,-10.171797462857624,-51.20673798819386,11.045969225652495,11.183613777160645,-1.884399652481079,6.279908180236816,-60.2183837890625,307.0215759277344,79.31736755371094
2026-04-02 13:02:24.052,1883.058672908,621844923,right_foot,右脚,D4:22:CD:00:85:22,0.9299247860908508,-0.06954273581504822,-0.3546825349330902,0.06786251068115234,-13.50917009564911,-40.55793553530755,13.35928810084849,12.29629135131836,-1.4829175472259521,8.280374526977539,-49.81637954711914,301.4991149902344,112.48460388183594
2026-04-02 13:02:24.082,1883.088682186,621878257,right_foot,右脚,D4:22:CD:00:85:22,0.9502373933792114,-0.11019634455442429,-0.2746104300022125,0.09744652360677719,-17.680340247281833,-30.02733893378368,16.48756424182507,16.716697692871094,0.48830610513687134,10.003083229064941,-70.38542175292969,282.54388427734375,158.45364379882812
2026-04-02 13:02:24.112,1883.118387912,621911591,right_foot,右脚,D4:22:CD:00:85:22,0.9622719287872314,-0.15017154812812805,-0.1924220621585846,0.12023253738880157,-20.838686196787624,-19.524711937529684,17.86821137028113,23.617815017700195,-1.441184639930725,3.132814645767212,-77.07832336425781,284.2925720214844,139.28675842285156
2026-04-02 13:02:24.142,1883.148680096,621944925,right_foot,右脚,D4:22:CD:00:85:22,0.9668373465538025,-0.1797734797000885,-0.13422322273254395,0.12203472852706909,-22.92650026703726,-12.454635345493415,16.922907949539166,23.17949867248535,5.589966773986816,-7.543724536895752,-70.33761596679688,206.84622192382812,53.768768310546875
2026-04-02 13:02:24.172,1883.178666096,621978259,right_foot,右脚,D4:22:CD:00:85:22,0.9655500054359436,-0.189286008477211,-0.13734431564807892,0.11411162465810776,-24.01866831001044,-12.828053829295987,16.220054964152133,22.776403427124023,4.645569801330566,-18.17557144165039,-37.43152618408203,-1.6732336282730103,-23.00982093811035
2026-04-02 13:02:24.202,1883.208675316,622011593,right_foot,右脚,D4:22:CD:00:85:22,0.9686742424964905,-0.1408224254846573,-0.17329606413841248,0.10866761952638626,-19.028192213616535,-17.765919654077962,15.802455073439173,9.843101501464844,-1.1206626892089844,5.722141265869141,146.31787109375,-132.5159149169922,-65.1836929321289
2026-04-02 13:02:24.232,1883.238452575,622044927,right_foot,右脚,D4:22:CD:00:85:22,0.961128830909729,-0.10497001558542252,-0.22667258977890015,0.1176140233874321,-16.250054043217155,-24.26960948380311,17.469821774018452,3.087815046310425,5.007997035980225,10.298782348632812,101.17732238769531,-199.4302978515625,-14.36320686340332
2026-04-02 13:02:24.262,1883.268621458,622078261,right_foot,右脚,D4:22:CD:00:85:22,0.9510502815246582,-0.08754214644432068,-0.27474313974380493,0.11116163432598114,-15.26927738865728,-30.20702679012786,17.477038497190765,22.001110076904297,-1.3167954683303833,5.6357316970825195,29.2926025390625,-170.9101104736328,-47.92756271362305
2026-04-02 13:02:24.292,1883.29862142,622111595,right_foot,右脚,D4:22:CD:00:85:22,0.946567714214325,-0.07371136546134949,-0.29538384079933167,0.10642164200544357,-13.954018800827944,-32.92304503881724,16.971411241772795,9.648239135742188,1.4049333333969116,6.748968601226807,31.382905960083008,-74.73249816894531,-32.780399322509766
2026-04-02 13:02:24.352,1883.3583523,622144929,right_foot,右脚,D4:22:CD:00:85:22,0.9426859021186829,-0.06987106800079346,-0.30864930152893066,0.1058187410235405,-13.842398005129596,-34.550401022180885,17.13341648710142,8.467769622802734,1.0528099536895752,6.014716625213623,5.855228900909424,-47.64690399169922,-7.51744270324707
2026-04-02 13:02:24.382,1883.388479422,622178263,right_foot,右脚,D4:22:CD:00:85:22,0.9402881264686584,-0.07023118436336517,-0.3152063488960266,0.10757248848676682,-14.174724696454863,-35.28606225892443,17.58193776493148,7.102127552032471,-0.937626838684082,6.126633167266846,-2.4705636501312256,-23.475086212158203,5.643993854522705
2026-04-02 13:02:24.412,1883.418628965,622211597,right_foot,右脚,D4:22:CD:00:85:22,0.9365347623825073,-0.07236379384994507,-0.3249671757221222,0.10983243584632874,-14.888398913825954,-36.35523961309446,18.290952693397244,7.350783824920654,-1.1098681688308716,6.186425685882568,-9.13239860534668,-34.90083694458008,8.893238067626953
2026-04-02 13:02:24.442,1883.448439945,622244931,right_foot,右脚,D4:22:CD:00:85:22,0.9339973330497742,-0.07218760251998901,-0.331844300031662,0.11098609119653702,-15.164065264265938,-37.14680748484569,18.6752373761299,7.2836103439331055,-1.8543977737426758,5.572106838226318,-1.5035429000854492,-24.936485290527344,2.976917028427124
2026-04-02 13:02:24.472,1883.478570016,622278265,right_foot,右脚,D4:22:CD:00:85:22,0.9318015575408936,-0.0703754872083664,-0.33821243047714233,0.11138319969177246,-15.175346548381386,-37.924023778615584,18.874129142447757,7.065487384796143,-1.5018196105957031,6.057060718536377,3.1980299949645996,-23.41905403137207,-1.3607685565948486
2026-04-02 13:02:24.502,1883.508534096,622311599,right_foot,右脚,D4:22:CD:00:85:22,0.9295835494995117,-0.06867808103561401,-0.3446132242679596,0.11135541647672653,-15.18822283656497,-38.711395808410295,19.024863299808043,7.516763687133789,-1.1322630643844604,5.537453651428223,2.3329477310180664,-23.455371856689453,-2.60957670211792
2026-04-02 13:02:24.532,1883.538552178,622344933,right_foot,右脚,D4:22:CD:00:85:22,0.9273079633712769,-0.06688442826271057,-0.35112565755844116,0.11107507348060608,-15.184099925812557,-39.519778161991695,19.143522986004584,7.461977958679199,-1.1720138788223267,5.413472652435303,2.2901687622070312,-23.877046585083008,-3.5409464836120605
2026-04-02 13:02:24.562,1883.568395946,622378267,right_foot,右脚,D4:22:CD:00:85:22,0.9253310561180115,-0.06415027379989624,-0.3571101129055023,0.11008996516466141,-14.996147799544906,-40.29816764874716,19.099299633087206,7.2702507972717285,-1.573681116104126,5.449826240539551,4.712289810180664,-22.04432487487793,-6.921130657196045
2026-04-02 13:02:24.592,1883.598614628,622411601,right_foot,右脚,D4:22:CD:00:85:22,0.9241505265235901,-0.06061550974845886,-0.36127734184265137,0.10839976370334625,-14.584638793231784,-40.889910826952935,18.842483296571533,7.805908203125,-1.050087571144104,5.098237037658691,7.274338722229004,-15.484162330627441,-10.079461097717285
2026-04-02 13:02:24.652,1883.658438341,622444935,right_foot,右脚,D4:22:CD:00:85:22,0.9242826104164124,-0.05606614798307419,-0.3621249794960022,0.10688258707523346,-13.902765859813023,-41.10390150031928,18.42707755121366,7.5467305183410645,-1.4942933320999146,5.25154972076416,12.233681678771973,-3.8329873085021973,-10.632347106933594
2026-04-02 13:02:24.682,1883.688303768,622478269,right_foot,右脚,D4:22:CD:00:85:22,0.9233180284500122,-0.050247613340616226,-0.36594071984291077,0.10510312765836716,-13.13772028493989,-41.69742340391598,18.01043476122553,7.152886390686035,-1.5885486602783203,6.210414886474609,14.659324645996094,-15.191363334655762,-13.278899192810059
2026-04-02 13:02:24.712,1883.718490633,622511603,right_foot,右脚,D4:22:CD:00:85:22,0.9196191430091858,-0.042486414313316345,-0.3769049644470215,0.10216838121414185,-12.289022400511252,-43.19915631229539,17.56021261031249,7.570003986358643,-1.4241523742675781,6.406204700469971,16.334596633911133,-41.97017288208008,-19.692655563354492
2026-04-02 13:02:24.742,1883.748411233,622544937,right_foot,右脚,D4:22:CD:00:85:22,0.9123371243476868,-0.0352170467376709,-0.39613109827041626,0.0973706990480423,-11.685489824557427,-45.72126328065516,17.12462410420101,7.50082540512085,-0.21527881920337677,7.518916606903076,8.944445610046387,-72.40157318115234,-24.92510414123535
2026-04-02 13:02:24.772,1883.778446927,622578271,right_foot,右脚,D4:22:CD:00:85:22,0.9018054604530334,-0.0311950221657753,-0.4209996461868286,0.09237530827522278,-11.76539061550222,-48.899370639861075,17.061523690001177,8.430509567260742,0.01687803864479065,8.004250526428223,-3.814544916152954,-93.52885437011719,-20.7159423828125
2026-04-02 13:02:24.802,1883.808221086,622611605,right_foot,右脚,D4:22:CD:00:85:22,0.886411190032959,-0.030289966613054276,-0.4533328115940094,0.08858369290828705,-12.857401704943705,-52.969227281958794,17.840262767877977,8.548766136169434,0.4768308401107788,8.305326461791992,-14.64500617980957,-122.94451141357422,-11.716645240783691
2026-04-02 13:02:24.832,1883.838410575,622644939,right_foot,右脚,D4:22:CD:00:85:22,0.8615527153015137,-0.02860397659242153,-0.499729186296463,0.08473391085863113,-15.03153667854526,-58.89680830243062,19.753832040899717,8.232037544250488,-0.6092140674591064,9.073473930358887,-17.63880729675293,-180.93826293945312,-11.682706832885742
2026-04-02 13:02:24.862,1883.868446031,622678273,right_foot,右脚,D4:22:CD:00:85:22,0.822853147983551,-0.01987355947494507,-0.5625554919242859,0.07777681946754456,-18.17023573079649,-67.32547003209996,22.956812886047203,9.06546401977539,-3.2778425216674805,10.760010719299316,-8.24303913116455,-255.4203338623047,-30.622661590576172
2026-04-02 13:02:24.891,1883.897444221,622711607,right_foot,右脚,D4:22:CD:00:85:22,0.7640671133995056,-0.00036737252958118916,-0.6421021819114685,0.06249934062361717,-24.73881704311497,-78.86424562512443,29.798784655124283,12.337008476257324,-6.598268032073975,13.278417587280273,0.34029123187065125,-344.4472351074219,-70.94729614257812
2026-04-02 13:02:24.952,1883.958491836,622744941,right_foot,右脚,D4:22:CD:00:85:22,0.695659339427948,0.031732406467199326,-0.7166742086410522,0.03780890628695488,-161.0537609691796,-88.22737078943693,166.69153457707185,13.290937423706055,-5.7312726974487305,11.469581604003906,13.752212524414062,-355.6963806152344,-121.7126235961914
2026-04-02 13:02:24.982,1883.988434743,622778275,right_foot,右脚,D4:22:CD:00:85:22,0.6548394560813904,0.03575057536363602,-0.7547369003295898,0.016717351973056793,171.34456487758357,-81.7527360157692,-167.08115117401277,13.815093994140625,-5.006597518920898,6.684279441833496,-42.85952377319336,-195.99668884277344,-51.37250518798828
2026-04-02 13:02:25.012,1884.018443069,622811609,right_foot,右脚,D4:22:CD:00:85:22,0.6755515933036804,0.06326527893543243,-0.7334527373313904,0.04092293977737427,163.12888844135202,-84.9695757221881,-154.67085812714703,4.732431411743164,-12.753019332885742,10.357787132263184,123.4776382446289,101.43051147460938,-21.407949447631836
2026-04-02 13:02:25.042,1884.048317861,622844943,right_foot,右脚,D4:22:CD:00:85:22,0.7150945067405701,0.07078878581523895,-0.693981945514679,0.044920071959495544,55.47506172707151,-87.29416122992471,-46.08623456768,0.7625610828399658,2.2930212020874023,10.838876724243164,24.588157653808594,189.35995483398438,-24.63791847229004
2026-04-02 13:02:25.072,1884.078453393,622878277,right_foot,右脚,D4:22:CD:00:85:22,0.7702641487121582,0.06122998148202896,-0.6337903738021851,0.03540937229990959,14.651016729483656,-78.72738642374023,-6.776239670823237,4.177180767059326,-5.194169521331787,6.220427513122559,-50.212886810302734,277.0169982910156,-24.48027229309082
2026-04-02 13:02:25.102,1884.108372662,622911611,right_foot,右脚,D4:22:CD:00:85:22,0.8267838358879089,0.044748593121767044,-0.5593924522399902,0.0388110876083374,4.721716327768947,-68.19703469035886,2.177594636946491,5.927643299102783,-0.62566739320755,6.4435529708862305,-38.86996078491211,321.3556213378906,21.652896881103516
2026-04-02 13:02:25.132,1884.138294256,622944945,right_foot,右脚,D4:22:CD:00:85:22,0.8753210306167603,0.011026334017515182,-0.48051637411117554,0.05287408456206322,-3.352191567304846,-57.39209665161184,8.748881597167857,10.452875137329102,-2.5806562900543213,6.54993200302124,-65.57493591308594,322.8465576171875,85.67656707763672
2026-04-02 13:02:25.162,1884.168378586,622978279,right_foot,右脚,D4:22:CD:00:85:22,0.915189802646637,-0.025102198123931885,-0.3948112726211548,0.07695077359676361,-8.829099350979572,-45.95478089008616,13.362156396555307,12.977519989013672,-3.1981451511383057,7.830357551574707,-54.67847442626953,330.18231201171875,121.21232604980469
2026-04-02 13:02:25.192,1884.198386086,623011613,right_foot,右脚,D4:22:CD:00:85:22,0.9425418376922607,-0.06743883341550827,-0.3084726929664612,0.10914015769958496,-13.652552056568078,-34.52572618160878,17.470933773724575,14.533459663391113,-1.7566919326782227,9.652326583862305,-64.13843536376953,316.3792419433594,158.6810302734375
2026-04-02 13:02:25.252,1884.258380494,623044947,right_foot,右脚,D4:22:CD:00:85:22,0.9563261866569519,-0.12438391894102097,-0.2272290140390396,0.13541053235530853,-19.07839607439316,-23.635971081831848,20.145959518177836,20.642051696777344,0.4356655478477478,8.128963470458984,-122.98819732666016,292.6142578125,159.0501708984375
2026-04-02 13:02:25.282,1884.28833811,623078281,right_foot,右脚,D4:22:CD:00:85:22,0.9607300162315369,-0.17755226790905,-0.15113888680934906,0.15043328702449799,-23.451289563626215,-13.70882356010993,20.656904112202504,27.53435516357422,0.8430203795433044,-2.7676618099212646,-125.8189697265625,271.9163513183594,121.47050476074219
2026-04-02 13:02:25.315,1884.321603499,623111615,right_foot,右脚,D4:22:CD:00:85:22,0.9589089155197144,-0.20356440544128418,-0.11782167106866837,0.1586609184741974,-25.68781965475903,-9.286138595647422,20.91171250103648,26.6086483001709,7.879587650299072,-14.972090721130371,-65.40664672851562,117.9599609375,62.26400375366211
2026-04-02 13:02:25.342,1884.348510958,623144949,right_foot,右脚,D4:22:CD:00:85:22,0.9618578553199768,-0.16373085975646973,-0.14340494573116302,0.16570064425468445,-21.822927065301762,-12.803597608674472,22.02715038432111,21.199588775634766,5.737389087677002,-16.515380859375,122.44966888427734,-108.67831420898438,-11.84967041015625
2026-04-02 13:02:25.373,1884.379313134,623178283,right_foot,右脚,D4:22:CD:00:85:22,0.9624118208885193,-0.10552890598773956,-0.180122971534729,0.1737322360277176,-16.22932331320627,-18.061484205939607,23.061729926607807,3.320695400238037,3.7462821006774902,15.199763298034668,176.0570526123047,-157.4763641357422,-22.644075393676758
2026-04-02 13:02:25.402,1884.408540809,623211617,right_foot,右脚,D4:22:CD:00:85:22,0.9521682858467102,-0.07591595500707626,-0.24200327694416046,0.1704311966896057,-14.60564320482053,-25.783943142760027,23.656367989589754,14.294858932495117,7.2276763916015625,11.604646682739258,55.10481262207031,-226.68093872070312,-45.26689910888672
2026-04-02 13:02:25.432,1884.438523284,623244951,right_foot,右脚,D4:22:CD:00:85:22,0.9420953989028931,-0.0571666918694973,-0.28458836674690247,0.16792160272598267,-13.738782323208486,-31.132553690902004,24.05705585770537,18.186052322387695,-3.75341796875,4.915955543518066,31.43276023864746,-156.98587036132812,-28.600330352783203
2026-04-02 13:02:25.462,1884.468624749,623278285,right_foot,右脚,D4:22:CD:00:85:22,0.9359224438667297,-0.04572005942463875,-0.3082786202430725,0.16408276557922363,-13.048983121283968,-34.197411260566824,23.91754127079928,9.039214134216309,0.4365372657775879,5.90587043762207,18.226577758789062,-87.35375213623047,-24.314977645874023
2026-04-02 13:02:25.492,1884.498292696,623311619,right_foot,右脚,D4:22:CD:00:85:22,0.9324178695678711,-0.03909624367952347,-0.32072722911834717,0.1618715226650238,-12.592045519018132,-35.83453906699427,23.783289615830345,8.7997465133667,0.7919595837593079,5.713212966918945,11.193086624145508,-46.03340148925781,-13.740180015563965
2026-04-02 13:02:25.552,1884.558421556,623344953,right_foot,右脚,D4:22:CD:00:85:22,0.9298751950263977,-0.03916994482278824,-0.3281192481517792,0.16166438162326813,-12.894767236499447,-36.69500622225399,24.017802020038086,7.463599681854248,-0.41713523864746094,6.615508079528809,-5.135350227355957,-25.460241317749023,0.1962367743253708
2026-04-02 13:02:25.582,1884.588399913,623378287,right_foot,右脚,D4:22:CD:00:85:22,0.9275332093238831,-0.04040677472949028,-0.33451494574546814,0.16170772910118103,-13.330228577834479,-37.40745108999442,24.31039467529433,7.318666934967041,-1.4396203756332397,5.596715450286865,-7.966614723205566,-21.6047306060791,2.2940924167633057
2026-04-02 13:02:25.612,1884.618332147,623411621,right_foot,右脚,D4:22:CD:00:85:22,0.9256110787391663,-0.03909469395875931,-0.340352326631546,0.1608593910932541,-13.368766539959076,-38.13310436737734,24.356774159259395,7.245092868804932,-1.7984719276428223,5.453404903411865,-0.45023566484451294,-20.764667510986328,-3.690403699874878
2026-04-02 13:02:25.642,1884.648381509,623444955,right_foot,右脚,D4:22:CD:00:85:22,0.9236156940460205,-0.03609170764684677,-0.34683433175086975,0.15917745232582092,-13.169765809224245,-38.99062656888372,24.237264262825775,7.139705657958984,-0.9766228199005127,5.745094299316406,3.626807451248169,-23.869813919067383,-8.429511070251465
2026-04-02 13:02:25.672,1884.678438101,623478289,right_foot,右脚,D4:22:CD:00:85:22,0.9215517640113831,-0.03157977759838104,-0.35378122329711914,0.15679281949996948,-12.747235204593572,-39.95250686194795,23.961968341621994,7.1870012283325195,-1.6646826267242432,5.516122341156006,7.333434104919434,-26.307039260864258,-12.526823043823242
2026-04-02 13:02:25.702,1884.708468208,623511623,right_foot,右脚,D4:22:CD:00:85:22,0.919758141040802,-0.024676820263266563,-0.360272616147995,0.1537519097328186,-11.930201207327137,-40.930200574417626,23.446398746247233,7.102712631225586,-1.6771819591522217,5.6614203453063965,14.411703109741211,-25.86777114868164,-17.66695785522461
2026-04-02 13:02:25.732,1884.738394685,623544957,right_foot,右脚,D4:22:CD:00:85:22,0.9169015884399414,-0.0155101977288723,-0.36939045786857605,0.1503385752439499,-10.868435307912453,-42.2777916002187,22.8361527614177,7.30675745010376,-1.7569615840911865,6.049463748931885,19.651201248168945,-36.759769439697266,-21.360429763793945
2026-04-02 13:02:25.762,1884.768369042,623578291,right_foot,右脚,D4:22:CD:00:85:22,0.9111528396606445,-0.0019624438136816025,-0.3857440650463104,0.14490769803524017,-9.327729540642595,-44.61784664537487,21.90734618380012,7.43507194519043,-1.598308801651001,7.263078689575195,27.02891731262207,-65.49331665039062,-32.22874069213867
2026-04-02 13:02:25.792,1884.79848707,623611625,right_foot,右脚,D4:22:CD:00:85:22,0.9002042412757874,0.008448485285043716,-0.41332101821899414,0.13684587180614471,-8.461240278759316,-48.28455796492512,21.085357040402872,7.895208835601807,1.0704632997512817,9.757078170776367,8.077983856201172,-106.10192108154297,-33.81724548339844
2026-04-02 13:02:25.852,1884.858326965,623644959,right_foot,右脚,D4:22:CD:00:85:22,0.8815215229988098,0.0140818627551198,-0.4538317918777466,0.12945394217967987,-8.961459257615287,-53.49171103221917,21.231680887751292,8.617337226867676,0.8235803842544556,10.826680183410645,-11.671281814575195,-155.06077575683594,-20.901782989501953
2026-04-02 13:02:25.882,1884.888411411,623678293,right_foot,右脚,D4:22:CD:00:85:22,0.8477771282196045,0.021875031292438507,-0.5161368250846863,0.11999258399009705,-10.542861665660705,-61.689161709989925,22.419403106020848,7.761258602142334,-1.5054588317871094,12.504548072814941,-17.34927749633789,-246.0454864501953,-22.772193908691406
2026-04-02 13:02:25.942,1884.948378017,623711627,right_foot,右脚,D4:22:CD:00:85:22,0.7917807698249817,0.044695980846881866,-0.6010482907295227,0.0991288498044014,-10.032619899970992,-73.87502611060101,21.823661308321128,9.916122436523438,-6.355815887451172,15.5090970993042,-1.3709529638290405,-359.2666015625,-71.9970932006836
2026-04-02 13:02:25.942,1884.948502653,623744961,right_foot,右脚,D4:22:CD:00:85:22,0.7099695205688477,0.08244452625513077,-0.6969350576400757,0.05854625627398491,67.11401119009645,-87.79412573353758,-55.668606345454116,16.29385757446289,-9.952895164489746,18.77032470703125,-1.1775802373886108,-451.8340148925781,-146.6234130859375
2026-04-02 13:02:25.972,1884.978345125,623778295,right_foot,右脚,D4:22:CD:00:85:22,0.6445415019989014,0.11170193552970886,-0.7559974193572998,0.023594943806529045,147.19113231822965,-78.46843866003121,-136.1554375625872,11.791178703308105,-8.131656646728516,11.529329299926758,-5.609072685241699,-319.1051025390625,-126.37525939941406
2026-04-02 13:02:26.002,1885.008422871,623811629,right_foot,右脚,D4:22:CD:00:85:22,0.6563915014266968,0.12497647851705551,-0.7427946925163269,0.04227633774280548,143.07102297421287,-80.29718086412221,-129.43791931635224,11.599868774414062,-14.262007713317871,15.432491302490234,74.57525634765625,63.863712310791016,-0.1636553704738617
2026-04-02 13:02:26.032,1885.038472165,623844963,right_foot,右脚,D4:22:CD:00:85:22,0.696662187576294,0.12357772886753082,-0.703936755657196,0.062157828360795975,104.30864524814575,-84.98685564845502,-89.200634919602,0.9101776480674744,1.8552087545394897,12.857224464416504,36.144927978515625,196.5690460205078,24.63547706604004
2026-04-02 13:02:26.062,1885.068445071,623878297,right_foot,右脚,D4:22:CD:00:85:22,0.7584250569343567,0.0937776044011116,-0.6421102285385132,0.06075996905565262,22.14400198268961,-80.19084812383025,-9.550708188768859,3.11970853805542,-2.2322068214416504,7.283649444580078,-87.60671997070312,300.71868896484375,28.220550537109375
2026-04-02 13:02:26.092,1885.098351857,623911631,right_foot,右脚,D4:22:CD:00:85:22,0.8229612708091736,0.056526366621255875,-0.5618817806243896,0.06187308579683304,3.7135018659182295,-68.71856909425856,6.059926140963069,5.701504230499268,0.8563089370727539,6.571564674377441,-98.49910736083984,357.55078125,44.753074645996094
2026-04-02 13:02:26.152,1885.158418751,623944965,right_foot,右脚,D4:22:CD:00:85:22,0.8754265308380127,0.009874813258647919,-0.4782477915287018,0.06935450434684753,-5.16741516120568,-57.00427837819731,11.866711254379648,9.273128509521484,0.6514363884925842,7.58711576461792,-109.7179183959961,347.2608947753906,83.02330017089844
2026-04-02 13:02:26.183,1885.18928595,623978299,right_foot,右脚,D4:22:CD:00:85:22,0.917434573173523,-0.038711026310920715,-0.38521087169647217,0.09180382639169693,-11.44454064136664,-44.4032474033427,16.112442586582976,14.668838500976562,-1.7794520854949951,9.457084655761719,-88.35713958740234,359.7319641113281,133.66616821289062
2026-04-02 13:02:26.212,1885.218379022,624011633,right_foot,右脚,D4:22:CD:00:85:22,0.9463492631912231,-0.09215056896209717,-0.28281986713409424,0.1262713223695755,-16.63053435925648,-30.798521899923905,19.810687842361702,18.49609375,-0.055738046765327454,10.805207252502441,-86.64419555664062,372.4073486328125,183.6864471435547
2026-04-02 13:02:26.242,1885.248325845,624044967,right_foot,右脚,D4:22:CD:00:85:22,0.9586580991744995,-0.15717710554599762,-0.18595923483371735,0.14727279543876648,-22.000625378062608,-18.07410422331583,21.009095739346197,28.08464813232422,0.6476115584373474,3.151297092437744,-145.36813354492188,348.1639099121094,156.7816925048828
2026-04-02 13:02:26.271,1885.277353966,624078301,right_foot,右脚,D4:22:CD:00:85:22,0.958124577999115,-0.1964406967163086,-0.12041860073804855,0.17002326250076294,-25.030618255672792,-9.436419399140485,22.224416455382624,34.01829528808594,5.698124408721924,-11.402042388916016,-81.95608520507812,223.44241333007812,135.97242736816406
2026-04-02 13:02:26.303,1885.309103454,624111635,right_foot,右脚,D4:22:CD:00:85:22,0.9553079009056091,-0.19609948992729187,-0.11625131219625473,0.18819576501846313,-25.03079477779266,-8.528501626013544,24.18559301545282,33.1259651184082,9.096806526184082,-24.355127334594727,9.300539016723633,1.468199610710144,64.91643524169922
2026-04-02 13:02:26.332,1885.338435433,624144969,right_foot,右脚,D4:22:CD:00:85:22,0.9628204703330994,-0.11472547054290771,-0.15288206934928894,0.19089743494987488,-16.767870104525105,-14.51268780613841,24.57921745292096,10.121792793273926,3.816850185394287,6.520834922790527,250.22283935546875,-169.5270233154297,-52.337806701660156
2026-04-02 13:02:26.362,1885.368471395,624178303,right_foot,右脚,D4:22:CD:00:85:22,0.9527968168258667,-0.06528544425964355,-0.22423458099365234,0.19399715960025787,-13.349098876545076,-23.70136587375711,25.830417198147043,6.359169006347656,11.695549964904785,12.603025436401367,114.51679992675781,-273.2976379394531,-36.74177169799805
2026-04-02 13:02:26.392,1885.398455902,624211637,right_foot,右脚,D4:22:CD:00:85:22,0.9404504895210266,-0.04689674451947212,-0.2799229025840759,0.18707428872585297,-12.952550437620612,-30.594639669912546,26.05761524266813,24.666900634765625,-1.2173597812652588,6.280292510986328,14.483450889587402,-200.50204467773438,-40.383758544921875
2026-04-02 13:02:26.452,1885.458371809,624244971,right_foot,右脚,D4:22:CD:00:85:22,0.9309787750244141,-0.03328825533390045,-0.3129505217075348,0.1850200891494751,-12.500470676517685,-34.7769075727084,26.40939366136949,9.56749439239502,0.7182843089103699,5.459981441497803,18.881040573120117,-121.85064697265625,-18.20335578918457
2026-04-02 13:02:26.482,1885.488458152,624278305,right_foot,右脚,D4:22:CD:00:85:22,0.924596905708313,-0.02382415160536766,-0.3335643708705902,0.18244920670986176,-12.053486847314232,-37.45454343101162,26.42500688464235,9.143587112426758,-0.7511329650878906,5.097677230834961,13.352580070495605,-76.24662780761719,-15.993448257446289
2026-04-02 13:02:26.512,1885.518453736,624311639,right_foot,右脚,D4:22:CD:00:85:22,0.9205847382545471,-0.019811123609542847,-0.34551721811294556,0.18096686899662018,-11.992156727596491,-38.975314650913916,26.499926132227955,7.839795112609863,-0.32345137000083923,6.1812357902526855,2.9238600730895996,-42.874576568603516,-7.111234664916992
2026-04-02 13:02:26.542,1885.548268281,624344973,right_foot,右脚,D4:22:CD:00:85:22,0.9189462065696716,-0.01982998475432396,-0.3501511514186859,0.18038512766361237,-12.181742796827454,-39.522863957352996,26.60226032318875,7.971032619476318,-0.9045192003250122,5.778141498565674,-4.036567687988281,-14.66788101196289,-0.4935069978237152
2026-04-02 13:02:26.572,1885.578330901,624378307,right_foot,右脚,D4:22:CD:00:85:22,0.9175664782524109,-0.019100312143564224,-0.3540550172328949,0.1798667162656784,-12.2418585447267,-40.00593629379174,26.652790646824073,7.374753952026367,-1.6637011766433716,5.390038967132568,-1.0866084098815918,-12.698427200317383,-1.3628803491592407
2026-04-02 13:02:26.602,1885.608300298,624411641,right_foot,右脚,D4:22:CD:00:85:22,0.915506899356842,-0.016164761036634445,-0.3600674569606781,0.17871010303497314,-12.071310198713093,-40.80682963355914,26.595336843356613,7.115745544433594,-1.26558256149292,5.66829252243042,3.7870352268218994,-21.68408203125,-5.849406719207764
2026-04-02 13:02:26.632,1885.63845333,624444975,right_foot,右脚,D4:22:CD:00:85:22,0.9132958650588989,-0.010830683633685112,-0.3667723834514618,0.17678043246269226,-11.559668901278426,-41.767855602219036,26.333073684744804,7.138838768005371,-1.555345892906189,5.366572856903076,9.974507331848145,-25.679479598999023,-11.268294334411621
2026-04-02 13:02:26.662,1885.66835106,624478309,right_foot,右脚,D4:22:CD:00:85:22,0.9097153544425964,-0.0008626327035017312,-0.37769997119903564,0.1725105196237564,-10.455435346056733,-43.38532212235284,25.644067064998747,6.932713508605957,-2.089259624481201,6.261780261993408,18.998159408569336,-43.582847595214844,-23.87735366821289
2026-04-02 13:02:26.692,1885.698664158,624511643,right_foot,右脚,D4:22:CD:00:85:22,0.9020816683769226,0.010689572431147099,-0.3980540335178375,0.1663958728313446,-9.41091841857789,-46.19598694721158,24.923443522249826,7.517354488372803,-0.41756734251976013,6.962862014770508,15.977102279663086,-79.47896575927734,-29.408714294433594
2026-04-02 13:02:26.752,1885.758615799,624544977,right_foot,右脚,D4:22:CD:00:85:22,0.8900066018104553,0.01991656981408596,-0.4265769422054291,0.15976189076900482,-9.020470051394392,-49.96719416098693,24.56313557339073,8.191061973571777,0.5914556980133057,9.117128372192383,3.532510995864868,-109.80220794677734,-25.021228790283203
2026-04-02 13:02:26.812,1885.81846955,624578311,right_foot,右脚,D4:22:CD:00:85:22,0.8695182800292969,0.023525234311819077,-0.46900370717048645,0.153036430478096,-10.40485120100034,-55.367581475741176,25.433621982170717,8.576217651367188,1.1531707048416138,11.190335273742676,-20.888568878173828,-161.91769409179688,-11.462323188781738
2026-04-02 13:02:26.812,1885.818549222,624611645,right_foot,右脚,D4:22:CD:00:85:22,0.8321515321731567,0.024009263142943382,-0.5344892144203186,0.14583756029605865,-15.174055492778141,-63.708868928575775,29.34290315136521,7.759138584136963,1.7589267492294312,13.01757526397705,-41.81132125854492,-257.00238037109375,2.978886365890503
2026-04-02 13:02:26.872,1885.878522057,624644979,right_foot,右脚,D4:22:CD:00:85:22,0.7663596868515015,0.03414704650640488,-0.6273841857910156,0.13385064899921417,-28.783256578158213,-76.10680458042117,42.52946089315663,9.649230003356934,-4.932308197021484,18.419946670532227,-34.39760208129883,-394.03277587890625,-11.96615219116211
2026-04-02 13:02:26.872,1885.878649602,624678313,right_foot,右脚,D4:22:CD:00:85:22,0.6695924997329712,0.06660261005163193,-0.7325744032859802,0.10268738865852356,-143.30567010223112,-84.1158239739771,157.07418874150716,17.978191375732422,-12.856550216674805,21.685956954956055,-18.904863357543945,-507.6058349609375,-95.54771423339844
2026-04-02 13:02:26.902,1885.908360475,624711647,right_foot,右脚,D4:22:CD:00:85:22,0.601692259311676,0.0879548043012619,-0.790380597114563,0.07435602694749832,-177.47172328886924,-74.62512938831883,-169.22735853445047,16.20641326904297,-6.50675630569458,16.320642471313477,-27.221710205078125,-320.8396301269531,-82.32659912109375
2026-04-02 13:02:26.932,1885.938349903,624744981,right_foot,右脚,D4:22:CD:00:85:22,0.6270201206207275,0.10806315392255783,-0.7659851312637329,0.09184184670448303,-178.491425149127,-78.64484969021306,-165.17547894018392,8.068609237670898,-15.653427124023438,16.77243423461914,87.53815460205078,116.45467376708984,-33.14781951904297
2026-04-02 13:02:26.962,1885.968562941,624778315,right_foot,右脚,D4:22:CD:00:85:22,0.6837419867515564,0.11606091260910034,-0.7145790457725525,0.09167131781578064,150.1088464339115,-86.81384479159036,-133.2089177777209,2.4081971645355225,3.918285608291626,11.66244125366211,11.90632438659668,254.2428741455078,-59.597042083740234
2026-04-02 13:02:26.992,1885.998435659,624811649,right_foot,右脚,D4:22:CD:00:85:22,0.7638481259346008,0.09371010214090347,-0.6336737871170044,0.07881741225719452,13.56428547571618,-79.36812254951204,0.5111070074912911,5.069214344024658,-5.442859172821045,5.316191673278809,-90.57234954833984,386.0245361328125,-33.907527923583984
2026-04-02 13:02:27.052,1886.058531534,624844983,right_foot,右脚,D4:22:CD:00:85:22,0.8339849710464478,0.06966318935155869,-0.5420429110527039,0.07619523257017136,4.768988324162653,-66.16701216449604,7.332483789755174,2.1224610805511475,0.17988958954811096,6.772039890289307,-66.29899597167969,396.41497802734375,-4.195557594299316
2026-04-02 13:02:27.082,1886.088537725,624878317,right_foot,右脚,D4:22:CD:00:85:22,0.882583737373352,0.020804433152079582,-0.4636229872703552,0.07527919113636017,-3.325754906870098,-55.23567575064609,11.490721495892444,9.095161437988281,-1.2642440795898438,7.641393184661865,-132.53382873535156,325.0574035644531,55.89426803588867
2026-04-02 13:02:27.113,1886.119194384,624911651,right_foot,右脚,D4:22:CD:00:85:22,0.9250889420509338,-0.03798212110996246,-0.3656652867794037,0.09516650438308716,-10.851174891725611,-42.01434182236839,15.924615906847047,17.28668212890625,-2.6860508918762207,9.697665214538574,-124.05951690673828,379.4135437011719,135.23448181152344
2026-04-02 13:02:27.142,1886.148564766,624944985,right_foot,右脚,D4:22:CD:00:85:22,0.9528635740280151,-0.10849080979824066,-0.25558415055274963,0.12230126559734344,-17.659231928897984,-27.421730975212206,18.968757146407782,23.167728424072266,1.6452769041061401,7.245885848999023,-150.40077209472656,403.2681579589844,179.76959228515625
2026-04-02 13:02:27.172,1886.178526039,624978319,right_foot,右脚,D4:22:CD:00:85:22,0.9616955518722534,-0.17175985872745514,-0.15730834007263184,0.14454805850982666,-22.85919995745515,-14.649801414874284,20.073125499498413,34.01335144042969,4.328483581542969,-3.232595682144165,-143.1029052734375,347.58282470703125,161.2864990234375
2026-04-02 13:02:27.202,1886.208542253,625011653,right_foot,右脚,D4:22:CD:00:85:22,0.9602295756340027,-0.18959887325763702,-0.11525648087263107,0.16949088871479034,-24.095239121902182,-9.037149677498524,21.953010637934156,38.270626068115234,8.520210266113281,-22.19197654724121,-25.28458595275879,133.1070556640625,118.07905578613281
2026-04-02 13:02:27.232,1886.238274067,625044987,right_foot,右脚,D4:22:CD:00:85:22,0.9656150937080383,-0.11635833978652954,-0.15001355111598969,0.17760689556598663,-16.678146195160885,-14.381586791695005,22.962969360000915,26.000797271728516,10.7528076171875,-16.893173217773438,228.83779907226562,-158.0791473388672,-27.090003967285156
2026-04-02 13:02:27.262,1886.268584552,625078321,right_foot,右脚,D4:22:CD:00:85:22,0.9574258923530579,-0.06454125791788101,-0.21788948774337769,0.17802974581718445,-12.644321660345787,-23.218920891334555,23.67508778833269,1.940561056137085,11.301482200622559,19.27873420715332,127.58207702636719,-258.3931579589844,-46.67336654663086
2026-04-02 13:02:27.292,1886.298616856,625111655,right_foot,右脚,D4:22:CD:00:85:22,0.9408379793167114,-0.041975513100624084,-0.2875238060951233,0.1743336319923401,-12.169464319985643,-31.761934681907956,24.46944788092773,33.008262634277344,1.6014318466186523,5.267603397369385,24.619962692260742,-251.8688507080078,-33.467655181884766
2026-04-02 13:02:27.352,1886.358340703,625144989,right_foot,右脚,D4:22:CD:00:85:22,0.9312999248504639,-0.03390910476446152,-0.31889817118644714,0.17272739112377167,-12.309415919198075,-35.610045713390825,24.981414057365967,9.920892715454102,-0.275186151266098,5.236328125,3.807407855987549,-111.87996673583984,-10.889727592468262
2026-04-02 13:02:27.382,1886.388535772,625178323,right_foot,右脚,D4:22:CD:00:85:22,0.9260498285293579,-0.028378786519169807,-0.33573248982429504,0.1700299084186554,-12.172400138158478,-37.74581131466517,24.98312304157758,8.502201080322266,-1.335465669631958,5.453883171081543,3.7003207206726074,-59.21572494506836,-12.513155937194824
2026-04-02 13:02:27.412,1886.418537554,625211657,right_foot,右脚,D4:22:CD:00:85:22,0.9227619767189026,-0.025982700288295746,-0.34606295824050903,0.16755856573581696,-12.18510363418358,-39.047178721896934,24.918593673178307,7.011699676513672,0.006059600040316582,6.6249308586120605,-1.9875175952911377,-34.764556884765625,-8.767578125
2026-04-02 13:02:27.442,1886.448610262,625244991,right_foot,右脚,D4:22:CD:00:85:22,0.9210472106933594,-0.026709124445915222,-0.3512306809425354,0.1661202609539032,-12.442837422832804,-39.652225253545346,24.94942751206762,7.899240970611572,-1.348607063293457,5.4526848793029785,-7.539603233337402,-15.142438888549805,-2.275787591934204
2026-04-02 13:02:27.472,1886.478531303,625278325,right_foot,右脚,D4:22:CD:00:85:22,0.9209084510803223,-0.02342206984758377,-0.3522182106971741,0.16529223322868347,-11.99943010396607,-39.86481353033899,24.71641182118125,7.381962776184082,-2.4772446155548096,5.040130615234375,8.501985549926758,-2.5718841552734375,-5.804929256439209
2026-04-02 13:02:27.502,1886.508550165,625311659,right_foot,右脚,D4:22:CD:00:85:22,0.9198336005210876,-0.016049081459641457,-0.35631054639816284,0.16337555646896362,-11.075925193833045,-40.56035073495647,24.246821576462604,6.5817155838012695,-1.007340908050537,6.269708156585693,18.334007263183594,-15.987241744995117,-14.037542343139648
2026-04-02 13:02:27.532,1886.538476444,625344993,right_foot,右脚,D4:22:CD:00:85:22,0.9166213870048523,-0.007083800155669451,-0.3664739727973938,0.159536212682724,-10.073791492632111,-42.03431543217371,23.62558282710581,7.041351795196533,-0.9670090079307556,6.048217296600342,17.48813819885254,-38.82851791381836,-21.28359603881836
2026-04-02 13:02:27.562,1886.568617774,625378327,right_foot,右脚,D4:22:CD:00:85:22,0.9105623364448547,0.00414706626906991,-0.38332220911979675,0.15467247366905212,-8.936038187844574,-44.37568622813268,22.931718851369748,6.925662517547607,-1.668335199356079,6.257900238037109,19.614646911621094,-64.87560272216797,-26.03917694091797
2026-04-02 13:02:27.592,1886.598434429,625411661,right_foot,右脚,D4:22:CD:00:85:22,0.8998787999153137,0.017938723787665367,-0.41032636165618896,0.14672687649726868,-7.575694769448387,-48.05202209528535,21.90235973185062,7.584651947021484,-0.6232156157493591,8.588495254516602,18.26395034790039,-104.40486145019531,-36.54472351074219
2026-04-02 13:02:27.652,1886.65860191,625444995,right_foot,右脚,D4:22:CD:00:85:22,0.8839302062988281,0.028560016304254532,-0.44638216495513916,0.13636377453804016,-6.773837736676852,-52.83794445562766,20.908063575583384,8.456984519958496,0.6090770959854126,10.623271942138672,0.793157696723938,-138.72857666015625,-36.370731353759766
2026-04-02 13:02:27.682,1886.688667671,625478329,right_foot,右脚,D4:22:CD:00:85:22,0.8548665046691895,0.03365619480609894,-0.5018103122711182,0.12750355899333954,-8.111384993292328,-60.059483401037966,21.660234383284266,8.136934280395508,2.682931661605835,12.658137321472168,-21.523618698120117,-215.51144409179688,-15.221023559570312
2026-04-02 13:02:27.712,1886.718357308,625511663,right_foot,右脚,D4:22:CD:00:85:22,0.8024594783782959,0.04011709615588188,-0.5839961767196655,0.11574947088956833,-12.681632159434592,-71.18298813127913,25.510252551709375,8.005293846130371,-1.5749067068099976,17.269290924072266,-31.55687141418457,-336.3307800292969,-12.654886245727539
2026-04-02 13:02:27.742,1886.748515212,625544997,right_foot,右脚,D4:22:CD:00:85:22,0.710599422454834,0.06735996901988983,-0.6950596570968628,0.08604275435209274,-44.01918989126122,-88.03084350744535,56.475528418245545,15.913957595825195,-10.911704063415527,23.69371795654297,-16.179447174072266,-508.26483154296875,-84.74453735351562
2026-04-02 13:02:27.772,1886.778522496,625578331,right_foot,右脚,D4:22:CD:00:85:22,0.6145341992378235,0.10965590924024582,-0.7794929146766663,0.052100010216236115,167.38427793266638,-75.80714902080597,-154.14684605468975,9.422072410583496,-12.989880561828613,20.59121322631836,19.53105354309082,-459.5255126953125,-136.7837677001953
2026-04-02 13:02:27.805,1886.811312847,625611665,right_foot,右脚,D4:22:CD:00:85:22,0.6155450940132141,0.12163548171520233,-0.775937557220459,0.06503989547491074,168.2051948854044,-76.18485733299322,-152.92332402331314,18.783252716064453,-13.392465591430664,17.89906120300293,60.174171447753906,10.015440940856934,-7.184994697570801
2026-04-02 13:02:27.832,1886.838343979,625644999,right_foot,右脚,D4:22:CD:00:85:22,0.660990834236145,0.12908834218978882,-0.734591543674469,0.08247891813516617,156.27525718686533,-82.9365104191038,-139.0346992735975,-0.9537103176116943,0.5660702586174011,15.275470733642578,52.540985107421875,210.63319396972656,-11.768442153930664
2026-04-02 13:02:27.862,1886.868533431,625678333,right_foot,右脚,D4:22:CD:00:85:22,0.7342615127563477,0.09632483869791031,-0.6672558188438416,0.07969602942466736,21.095994195057674,-84.40371247895422,-6.779050819002186,5.509629249572754,-2.870903491973877,6.485713481903076,-94.8927001953125,342.5420837402344,24.61785316467285
2026-04-02 13:02:27.892,1886.898452396,625711667,right_foot,右脚,D4:22:CD:00:85:22,0.8152294158935547,0.0696854218840599,-0.5681602954864502,0.08797197043895721,2.268671507275141,-69.82148981760864,10.734602978491617,6.197152614593506,-0.9549635052680969,5.177158832550049,-47.65345001220703,443.1488037109375,25.754867553710938
2026-04-02 13:02:27.952,1886.958417387,625745001,right_foot,右脚,D4:22:CD:00:85:22,0.8756892085075378,0.03163713961839676,-0.470846563577652,0.10232899338006973,-4.22324558585344,-56.21242946488591,15.586505968425856,7.459065914154053,-0.5953641533851624,7.430213451385498,-63.24979782104492,402.9205627441406,71.92854309082031
2026-04-02 13:02:27.982,1886.988545695,625778335,right_foot,右脚,D4:22:CD:00:85:22,0.9190919995307922,-0.021254887804389,-0.3728249967098236,0.12577560544013977,-10.439080072318436,-42.84163863734794,19.689800025022905,17.547090530395508,-1.730614423751831,10.089473724365234,-91.1796646118164,383.8555908203125,129.44960021972656
2026-04-02 13:02:28.042,1887.048369298,625811669,right_foot,右脚,D4:22:CD:00:85:22,0.9488561153411865,-0.08967752754688263,-0.2642328441143036,0.14768609404563904,-16.384049848902997,-28.356066860175023,21.859519963411994,28.51409912109375,-1.1800957918167114,4.444092750549316,-138.8797607421875,407.6551818847656,151.4288787841797
2026-04-02 13:02:28.042,1887.048494809,625845003,right_foot,右脚,D4:22:CD:00:85:22,0.9591084122657776,-0.13317975401878357,-0.1773037314414978,0.17589205503463745,-19.417973588427536,-17.0530102474049,23.722896251901002,32.721065521240234,4.660243988037109,-7.039595603942871,-68.68204498291016,305.5986328125,152.87869262695312
2026-04-02 13:02:28.072,1887.078529981,625878337,right_foot,右脚,D4:22:CD:00:85:22,0.9595817923545837,-0.13706140220165253,-0.15303942561149597,0.19234402477741241,-19.371421434100757,-13.944490019166729,25.060434312563455,35.24326705932617,8.177223205566406,-24.586872100830078,12.425928115844727,76.0674057006836,67.74119567871094
2026-04-02 13:02:28.102,1887.108538387,625911671,right_foot,右脚,D4:22:CD:00:85:22,0.9569132924079895,-0.07399468123912811,-0.20527972280979156,0.1915784776210785,-13.68255040540297,-21.377928167979906,25.23692747823553,24.126510620117188,13.18867301940918,-17.31551170349121,172.39341735839844,-212.06480407714844,-57.77096176147461
2026-04-02 13:02:28.132,1887.138480001,625945005,right_foot,右脚,D4:22:CD:00:85:22,0.9418306946754456,-0.028962597250938416,-0.28111761808395386,0.18190407752990723,-10.57210960974903,-31.264763201908995,24.828871776036614,12.795319557189941,5.678089141845703,18.47499656677246,87.38347625732422,-283.6470031738281,-72.10516357421875
2026-04-02 13:02:28.162,1887.168412469,625978339,right_foot,右脚,D4:22:CD:00:85:22,0.9281893372535706,-0.007631340995430946,-0.3281555473804474,0.17527148127555847,-9.351959667156908,-37.33728658420022,24.552671443907027,26.89995765686035,6.291459083557129,3.8816628456115723,31.300500869750977,-173.70022583007812,-37.126220703125
2026-04-02 13:02:28.192,1887.198510474,626011673,right_foot,右脚,D4:22:CD:00:85:22,0.9181041717529297,-0.006347188726067543,-0.3558569550514221,0.1743859499692917,-10.305804010261818,-40.63316969349611,25.333972353115605,9.454184532165527,-1.3639342784881592,3.4144229888916016,-14.597572326660156,-95.68629455566406,2.442253589630127
2026-04-02 13:02:28.252,1887.258558783,626045007,right_foot,右脚,D4:22:CD:00:85:22,0.9127136468887329,-0.005841570440679789,-0.3695612847805023,0.17419640719890594,-10.85893898358785,-42.26587868258305,25.81854144183449,8.304696083068848,0.09145794808864594,6.110947132110596,-7.579300403594971,-45.48258590698242,3.065589666366577
2026-04-02 13:02:28.282,1887.28834279,626078341,right_foot,右脚,D4:22:CD:00:85:22,0.9104217886924744,-0.00912824459373951,-0.373705118894577,0.17718243598937988,-11.687495493736673,-42.627067597623544,26.59939077180333,8.211642265319824,-0.18656480312347412,5.865879058837891,-9.614434242248535,-9.594295501708984,16.181793212890625
2026-04-02 13:02:28.312,1887.318522407,626111675,right_foot,右脚,D4:22:CD:00:85:22,0.9086025357246399,-0.012465332634747028,-0.3765931725502014,0.18017713725566864,-12.470691742277499,-42.83231100418498,27.340309318650476,7.600273609161377,-2.2083239555358887,5.389559745788574,-8.920987129211426,-5.270991802215576,15.997884750366211
2026-04-02 13:02:28.342,1887.348523731,626145009,right_foot,右脚,D4:22:CD:00:85:22,0.9077860116958618,-0.00979103334248066,-0.3790076673030853,0.17939409613609314,-12.177612419680635,-43.204359004187644,27.194546670294255,7.044640064239502,-2.4894933700561523,5.213038921356201,5.410935878753662,-6.268716335296631,-4.306947231292725
2026-04-02 13:02:28.372,1887.378523018,626178343,right_foot,右脚,D4:22:CD:00:85:22,0.9066053032875061,-0.002567935036495328,-0.3840787410736084,0.17476767301559448,-11.146861140060073,-44.06851512687666,26.3456153268207,6.907786846160889,-2.3469626903533936,5.383823871612549,12.994006156921387,-17.921998977661133,-22.220951080322266
2026-04-02 13:02:28.402,1887.408503511,626211677,right_foot,右脚,D4:22:CD:00:85:22,0.903924286365509,0.00996435061097145,-0.394424706697464,0.16507822275161743,-9.254251155470175,-45.75393668437416,24.61081628969712,6.790977954864502,-1.6899200677871704,5.782742500305176,19.701208114624023,-39.69642639160156,-44.31032180786133
2026-04-02 13:02:28.432,1887.438523689,626245011,right_foot,右脚,D4:22:CD:00:85:22,0.8971465229988098,0.021871745586395264,-0.41222497820854187,0.15722769498825073,-7.807250525332981,-48.290676528954556,23.384730544702425,7.289002418518066,1.1428545713424683,6.963160037994385,16.105653762817383,-68.2037124633789,-35.22718811035156
2026-04-02 13:02:28.462,1887.468536676,626278345,right_foot,右脚,D4:22:CD:00:85:22,0.8845618367195129,0.032888833433389664,-0.4406987130641937,0.14917604625225067,-6.85855118691301,-52.13534198711753,22.50325783358206,8.0040864944458,-1.0435506105422974,9.3207426071167,7.677038669586182,-109.18939208984375,-30.635881423950195
2026-04-02 13:02:28.492,1887.498300189,626311679,right_foot,右脚,D4:22:CD:00:85:22,0.8627549409866333,0.04485834762454033,-0.48418155312538147,0.1385999619960785,-6.151531951385946,-57.98341975968681,21.663918888131636,8.260931968688965,1.1787512302398682,11.372010231018066,0.12506212294101715,-170.03274536132812,-33.379295349121094
2026-04-02 13:02:28.551,1887.557379004,626345013,right_foot,右脚,D4:22:CD:00:85:22,0.8222560286521912,0.054132796823978424,-0.5521517992019653,0.12685878574848175,-7.567658962378701,-67.1839619523558,22.571540267361833,8.367796897888184,0.2831588387489319,14.914055824279785,-18.6202449798584,-273.4969482421875,-19.534942626953125
2026-04-02 13:02:28.582,1887.588539496,626378347,right_foot,右脚,D4:22:CD:00:85:22,0.7465331554412842,0.07646027207374573,-0.6538894176483154,0.09628544747829437,-5.046700180580012,-82.31751057395458,19.11081778875081,11.214017868041992,-7.4193644523620605,20.879636764526367,-25.535375595092773,-447.0633850097656,-76.16630554199219
2026-04-02 13:02:28.612,1887.618315784,626411681,right_foot,右脚,D4:22:CD:00:85:22,0.6504230499267578,0.11339069157838821,-0.7492064237594604,0.05274692922830582,155.22336233250516,-80.59720057010226,-141.68456297834345,19.656370162963867,-9.767565727233887,21.88188362121582,-9.451783180236816,-486.5796203613281,-138.13101196289062
2026-04-02 13:02:28.642,1887.64852854,626445015,right_foot,右脚,D4:22:CD:00:85:22,0.6048206686973572,0.12965930998325348,-0.7849990725517273,0.03401709720492363,158.75644137767472,-73.41319094029369,-145.32308888988464,18.809764862060547,-14.702361106872559,14.528030395507812,-0.5618612766265869,-209.93283081054688,-62.115196228027344
2026-04-02 13:02:28.672,1887.678545903,626478349,right_foot,右脚,D4:22:CD:00:85:22,0.6353091597557068,0.16589383780956268,-0.7507545351982117,0.07231298834085464,150.72303405173122,-77.93606570763008,-131.22002079180234,-0.6556879281997681,-8.300858497619629,18.203073501586914,169.22230529785156,162.83436584472656,-38.64067459106445
2026-04-02 13:02:28.732,1887.73824617,626511683,right_foot,右脚,D4:22:CD:00:85:22,0.6967331171035767,0.14602261781692505,-0.6992233395576477,0.0657806396484375,100.40501384973302,-83.49148640487117,-83.15006944726409,-0.46247923374176025,0.4068666696548462,12.474390029907227,-82.21376037597656,267.7635803222656,-9.261941909790039
2026-04-02 13:02:28.732,1887.738412385,626545017,right_foot,右脚,D4:22:CD:00:85:22,0.7796681523323059,0.11294522881507874,-0.6115896701812744,0.0729338750243187,21.000072732326707,-75.96522718713612,-5.780191853979843,3.933434247970581,-3.6605544090270996,7.014171123504639,-83.32147216796875,416.050048828125,32.12763977050781
2026-04-02 13:02:28.762,1887.768590875,626578351,right_foot,右脚,D4:22:CD:00:85:22,0.8488467931747437,0.06938090920448303,-0.5150826573371887,0.09662043303251266,2.273489654457041,-62.60549749970218,11.60497993972136,5.316231727600098,0.45671653747558594,8.192953109741211,-68.76632690429688,419.7803649902344,98.6039810180664
2026-04-02 13:02:28.792,1887.798581753,626611685,right_foot,右脚,D4:22:CD:00:85:22,0.8999226093292236,0.021446198225021362,-0.4167158305644989,0.12660013139247894,-5.86156987941386,-49.0650496282221,18.69265484060848,15.342588424682617,-1.2747539281845093,11.086933135986328,-65.35600280761719,395.8045349121094,130.43023681640625
2026-04-02 13:02:28.852,1887.858533693,626645019,right_foot,右脚,D4:22:CD:00:85:22,0.9380351901054382,-0.04742756113409996,-0.3064350187778473,0.15472076833248138,-12.820030546776364,-34.070835176606955,22.67528260360331,25.832290649414062,-0.22710591554641724,11.228200912475586,-126.97925567626953,423.8223876953125,159.68038940429688
2026-04-02 13:02:28.882,1887.888512133,626678353,right_foot,右脚,D4:22:CD:00:85:22,0.9552893042564392,-0.10606832802295685,-0.21261964738368988,0.17596806585788727,-17.369699617910516,-21.64762487276263,24.21987095641357,30.61856460571289,1.8880596160888672,-0.42014312744140625,-113.39971923828125,345.3360290527344,135.27450561523438
2026-04-02 13:02:28.912,1887.918522025,626711687,right_foot,右脚,D4:22:CD:00:85:22,0.9549497961997986,-0.14419308304786682,-0.15933677554130554,0.20467336475849152,-20.570053075665033,-14.199104751329967,26.783657506317805,37.464927673339844,8.93554973602295,-16.8395938873291,-71.63507080078125,186.6169891357422,141.47434997558594
2026-04-02 13:02:28.942,1887.948429033,626745021,right_foot,右脚,D4:22:CD:00:85:22,0.9535930752754211,-0.12435581535100937,-0.1696467399597168,0.21544402837753296,-18.79800690320496,-15.662148754784315,28.07042510585295,28.89801788330078,7.760887145996094,-29.14151954650879,63.606842041015625,-51.307979583740234,21.158294677734375
2026-04-02 13:02:28.972,1887.978429424,626778355,right_foot,右脚,D4:22:CD:00:85:22,0.94438636302948,-0.060176245868206024,-0.23550736904144287,0.2214718908071518,-13.88437399358414,-24.71879509806243,29.452942837982313,11.678464889526367,9.169429779052734,9.02131462097168,161.96974182128906,-266.6488037109375,-37.78943634033203
2026-04-02 13:02:29.002,1888.008359374,626811689,right_foot,右脚,D4:22:CD:00:85:22,0.9263287782669067,-0.01370583288371563,-0.30979716777801514,0.21389959752559662,-11.063345905992788,-34.616768078328946,29.461995287334155,31.43997573852539,3.5739970207214355,8.89968204498291,84.31572723388672,-284.3853759765625,-62.5875244140625
2026-04-02 13:02:29.032,1888.038524726,626845023,right_foot,右脚,D4:22:CD:00:85:22,0.9143351912498474,-0.003936057910323143,-0.34820517897605896,0.20671047270298004,-11.285050607538025,-39.42925569548497,29.53355987980694,10.226480484008789,4.676980018615723,6.706907272338867,-5.933333396911621,-134.46803283691406,-24.46614646911621
2026-04-02 13:02:29.062,1888.068431179,626878357,right_foot,右脚,D4:22:CD:00:85:22,0.9045536518096924,0.0017011119052767754,-0.37633082270622253,0.20038773119449615,-11.64755726900621,-42.96131246439676,29.579187062727474,8.318115234375,-2.6211650371551514,4.73630952835083,-10.702176094055176,-96.49442291259766,-17.968870162963867
2026-04-02 13:02:29.092,1888.098430943,626911691,right_foot,右脚,D4:22:CD:00:85:22,0.9004735350608826,0.006971091963350773,-0.3875168263912201,0.19730648398399353,-11.345499342131177,-44.479012280552205,29.369795383565876,8.76420783996582,-0.43153566122055054,5.276281356811523,4.073088645935059,-36.18320083618164,-11.461976051330566
2026-04-02 13:02:29.183,1888.189308202,626945025,right_foot,右脚,D4:22:CD:00:85:22,0.8989126086235046,0.00737952534109354,-0.3901323974132538,0.19924549758434296,-11.555297326302481,-44.77546222187977,29.76859834452037,8.1318941116333,0.041145097464323044,6.265141010284424,1.4420831203460693,-3.1368296146392822,8.627202987670898
2026-04-02 13:02:29.183,1888.189437165,626978359,right_foot,右脚,D4:22:CD:00:85:22,0.8964187502861023,0.009782250039279461,-0.3952183425426483,0.20035047829151154,-11.577653763974315,-45.43721297053901,30.058317189989072,7.409943103790283,-2.128723382949829,5.34359073638916,4.866541385650635,-13.863739013671875,3.969280481338501
2026-04-02 13:02:29.212,1888.218581289,627011693,right_foot,右脚,D4:22:CD:00:85:22,0.893774151802063,0.015772704035043716,-0.40178775787353516,0.19871021807193756,-10.996696916486766,-46.42588142801047,29.797044614590668,7.236700057983398,-1.7747563123703003,5.021361351013184,11.2835111618042,-21.69043731689453,-9.43048095703125
2026-04-02 13:02:29.242,1888.248619986,627045027,right_foot,右脚,D4:22:CD:00:85:22,0.8912684917449951,0.024977857246994972,-0.40912941098213196,0.19398416578769684,-9.75946334373364,-47.644498649690185,28.875169511420907,7.339371681213379,-1.5746437311172485,5.256494522094727,16.414337158203125,-26.744909286499023,-23.63312339782715
2026-04-02 13:02:29.272,1888.278620772,627078361,right_foot,右脚,D4:22:CD:00:85:22,0.8889402747154236,0.033628493547439575,-0.4163462817668915,0.18790969252586365,-8.446924521251992,-48.83805383287959,27.712251844888804,7.927115440368652,-0.42765238881111145,5.315245628356934,12.875670433044434,-26.366912841796875,-27.29192543029785
2026-04-02 13:02:29.302,1888.30835692,627111695,right_foot,右脚,D4:22:CD:00:85:22,0.8861802220344543,0.042610421776771545,-0.4243180453777313,0.1811719834804535,-7.009140469588277,-50.12849342907717,26.390010082113356,7.615604877471924,-1.0036861896514893,5.466603755950928,12.462911605834961,-30.057641983032227,-29.55040740966797
2026-04-02 13:02:29.332,1888.338592814,627145029,right_foot,右脚,D4:22:CD:00:85:22,0.8798537254333496,0.05611787736415863,-0.4391792416572571,0.1727137416601181,-4.978042219451164,-52.392658138672196,24.66197374575754,7.503030776977539,-1.2442952394485474,6.97292947769165,19.980924606323242,-59.83415222167969,-38.33662796020508
2026-04-02 13:02:29.362,1888.36852976,627178363,right_foot,右脚,D4:22:CD:00:85:22,0.8681864142417908,0.07018782943487167,-0.463102787733078,0.16389597952365875,-3.0526228298117974,-55.80463577210282,22.997655159318047,8.464815139770508,1.7332366704940796,8.275535583496094,16.789613723754883,-96.28005981445312,-35.48104476928711
2026-04-02 13:02:29.392,1888.398650286,627211697,right_foot,右脚,D4:22:CD:00:85:22,0.8459513187408447,0.0751974806189537,-0.503913938999176,0.15742427110671997,-3.7398376824338615,-61.19316217311509,23.29528328499237,8.262831687927246,2.9776346683502197,10.652741432189941,-13.549717903137207,-158.48806762695312,-3.896211862564087
2026-04-02 13:02:29.452,1888.458621403,627245031,right_foot,右脚,D4:22:CD:00:85:22,0.8071808218955994,0.08566011488437653,-0.5663723945617676,0.14263221621513367,-3.8740599538088127,-69.84525969706581,22.74730181887924,9.08675765991211,-3.839503765106201,12.500360488891602,-19.473337173461914,-256.1715087890625,-22.954742431640625
2026-04-02 13:02:29.482,1888.488594987,627278365,right_foot,右脚,D4:22:CD:00:85:22,0.7507196664810181,0.1109166368842125,-0.6417247653007507,0.11093837767839432,9.041287802272615,-81.15954545280036,9.064144939989546,13.623411178588867,-7.124257564544678,14.9934663772583,-12.227736473083496,-339.88006591796875,-86.65501403808594
2026-04-02 13:02:29.512,1888.518710288,627311699,right_foot,右脚,D4:22:CD:00:85:22,0.6805012822151184,0.15018554031848907,-0.7138308882713318,0.06933935731649399,121.35162386957242,-82.90978558546126,-103.45711618548766,14.28139877319336,-8.956007957458496,15.45499324798584,8.768144607543945,-372.3359680175781,-139.9196319580078
2026-04-02 13:02:29.542,1888.548467794,627345033,right_foot,右脚,D4:22:CD:00:85:22,0.6381377577781677,0.1751231700181961,-0.7479554414749146,0.05171779543161392,140.96003245516275,-76.58401622098903,-122.37134481147929,12.079731941223145,-8.954547882080078,9.143048286437988,28.79627227783203,-199.60975646972656,-75.27117919921875
2026-04-02 13:02:29.572,1888.578616079,627378367,right_foot,右脚,D4:22:CD:00:85:22,0.6390544772148132,0.18635179102420807,-0.742175817489624,0.07783152908086777,144.36671364813262,-77.84711774562234,-122.71071962769584,2.718776226043701,-6.690306663513184,11.67136001586914,92.20298767089844,27.240657806396484,23.564855575561523
2026-04-02 13:02:29.602,1888.608623816,627411701,right_foot,右脚,D4:22:CD:00:85:22,0.6731390953063965,0.1603608876466751,-0.7168428301811218,0.08546707779169083,130.29483272751654,-82.96938992144507,-110.23593917342788,2.8047096729278564,0.4877527952194214,7.34085750579834,-52.655433654785156,152.3172149658203,56.47858428955078
2026-04-02 13:02:29.632,1888.638632164,627445035,right_foot,右脚,D4:22:CD:00:85:22,0.7256262302398682,0.13701549172401428,-0.6680383086204529,0.09175170212984085,47.489006280560176,-84.06222048423339,-28.84529773179742,3.5362608432769775,-1.5259817838668823,4.095491409301758,-53.00288772583008,250.4490509033203,28.4700870513916
2026-04-02 13:02:29.662,1888.668477762,627478369,right_foot,右脚,D4:22:CD:00:85:22,0.7779124975204468,0.1043366864323616,-0.6112417578697205,0.10173413157463074,9.332471177884582,-76.46180917845537,7.543275402421516,4.561862945556641,2.629211187362671,5.400981903076172,-65.06439971923828,274.677978515625,55.567832946777344
2026-04-02 13:02:29.692,1888.698619343,627511703,right_foot,右脚,D4:22:CD:00:85:22,0.8251111507415771,0.06304740160703659,-0.5477452874183655,0.12325502932071686,-4.519086891160416,-66.84482070998637,19.97522983812999,9.36173152923584,0.5674723386764526,6.018463611602783,-59.661922454833984,289.114501953125,104.1849136352539
2026-04-02 13:02:29.752,1888.758448617,627545037,right_foot,右脚,D4:22:CD:00:85:22,0.8692123293876648,0.021687781438231468,-0.46877163648605347,0.15573294460773468,-10.954139428040785,-55.25323818807877,26.061193327375555,12.222894668579102,-0.5143694877624512,7.571719169616699,-32.01333236694336,329.8879089355469,133.59107971191406
2026-04-02 13:02:29.782,1888.788612453,627578371,right_foot,右脚,D4:22:CD:00:85:22,0.9036957025527954,-0.016810204833745956,-0.3836982846260071,0.18928107619285583,-13.989550856610434,-43.403282341506234,29.250400110670075,14.091788291931152,-0.5691074132919312,10.01940631866455,-17.80184555053711,331.3783264160156,137.0338897705078
2026-04-02 13:02:29.842,1888.848587841,627611705,right_foot,右脚,D4:22:CD:00:85:22,0.9267396330833435,-0.06647969037294388,-0.3023891746997833,0.21282599866390228,-17.311586598253168,-32.1525184131435,30.891507599347207,20.820497512817383,0.2947869896888733,8.747673034667969,-69.05484008789062,312.7815856933594,128.09820556640625
2026-04-02 13:02:29.842,1888.848717834,627645039,right_foot,右脚,D4:22:CD:00:85:22,0.939597487449646,-0.11492379754781723,-0.23186908662319183,0.2240224927663803,-20.27014888917086,-22.59632386742004,30.911368430763613,27.31971549987793,0.2884511351585388,-1.1493430137634277,-88.2994384765625,270.6828918457031,92.72257232666016
2026-04-02 13:02:29.872,1888.87829335,627678373,right_foot,右脚,D4:22:CD:00:85:22,0.9393891096115112,-0.1546371430158615,-0.20336340367794037,0.22864559292793274,-23.802594155748963,-18.14124104293016,31.213574585848416,24.72965431213379,8.37979507446289,-14.056062698364258,-102.86571502685547,121.77302551269531,58.53765869140625
2026-04-02 13:02:29.902,1888.908478933,627711707,right_foot,右脚,D4:22:CD:00:85:22,0.9409400224685669,-0.14583143591880798,-0.21414904296398163,0.21795713901519775,-23.016830629771842,-19.842320038738887,30.162842508273908,23.872541427612305,4.408140182495117,-17.560380935668945,13.13071346282959,-32.232261657714844,-46.36304473876953
2026-04-02 13:02:29.932,1888.938606534,627745041,right_foot,右脚,D4:22:CD:00:85:22,0.9426282048225403,-0.08608994632959366,-0.24742235243320465,0.20693644881248474,-17.05686261696096,-25.519884447877907,28.653581634386107,1.1747928857803345,-3.0612127780914307,11.495899200439453,161.0494384765625,-141.988037109375,-96.24308013916016
2026-04-02 13:02:29.962,1888.968541565,627778375,right_foot,右脚,D4:22:CD:00:85:22,0.9251666069030762,-0.0379263311624527,-0.3058249354362488,0.22158417105674744,-14.248528378530878,-33.30325057793111,31.219837790874045,9.284130096435547,5.06174373626709,9.180179595947266,121.71514892578125,-239.69300842285156,2.6683638095855713
2026-04-02 13:02:29.992,1888.99841501,627811709,right_foot,右脚,D4:22:CD:00:85:22,0.9137733578681946,-0.014315975829958916,-0.346436083316803,0.21164853870868683,-12.817362950688876,-38.83416154437365,30.616389387650667,22.788108825683594,-0.0364602766931057,4.9713029861450195,31.71744155883789,-154.3755340576172,-51.85695266723633
2026-04-02 13:02:30.052,1889.058561581,627845043,right_foot,右脚,D4:22:CD:00:85:22,0.9065356254577637,-0.0034251785837113857,-0.3674946427345276,0.20767536759376526,-12.278375661343953,-41.67245717847804,30.49447620375945,9.041914939880371,2.987295389175415,7.494016647338867,13.276161193847656,-78.56350708007812,-19.939523696899414
2026-04-02 13:02:30.082,1889.088586034,627878377,right_foot,右脚,D4:22:CD:00:85:22,0.9007189869880676,0.000816638465039432,-0.38270270824432373,0.20553161203861237,-12.429613559030484,-43.61039401676027,30.697281936435992,7.690598487854004,-1.0989441871643066,5.296605110168457,-1.0107064247131348,-53.99807357788086,-6.735313415527344
2026-04-02 13:02:30.112,1889.118237781,627911711,right_foot,右脚,D4:22:CD:00:85:22,0.8978396058082581,0.005009549669921398,-0.39027881622314453,0.2038167268037796,-12.181327794665547,-44.656730615693085,30.598371375023167,7.888955593109131,-0.6065528392791748,5.60500955581665,4.8414530754089355,-26.653165817260742,-7.50858736038208
2026-04-02 13:02:30.142,1889.148567241,627945045,right_foot,右脚,D4:22:CD:00:85:22,0.8965535759925842,0.00603035744279623,-0.39324072003364563,0.2037566751241684,-12.2090227597503,-45.03838884754763,30.685713642428446,7.430189609527588,-0.7509281635284424,6.1770734786987305,0.4891549348831177,-8.240310668945312,0.6094642877578735
2026-04-02 13:02:30.172,1889.178590061,627978379,right_foot,右脚,D4:22:CD:00:85:22,0.8948898911476135,0.006564641371369362,-0.3965355455875397,0.20466628670692444,-12.389116027891777,-45.43040941435648,30.967675956745325,7.452497482299805,-1.165163278579712,5.824256420135498,0.10687235742807388,-9.660414695739746,4.458809852600098
2026-04-02 13:02:30.202,1889.20852439,628011713,right_foot,右脚,D4:22:CD:00:85:22,0.8931172490119934,0.007708257529884577,-0.3999579846858978,0.20570707321166992,-12.503114018257765,-45.85588814346596,31.246880730280864,7.53363561630249,-1.203188419342041,5.619243621826172,2.1171982288360596,-10.837594032287598,4.037424564361572
2026-04-02 13:02:30.232,1889.238256764,628045047,right_foot,右脚,D4:22:CD:00:85:22,0.8920478820800781,0.009165624156594276,-0.4020625948905945,0.20618504285812378,-12.456774592208271,-46.145189440373905,31.35260639043115,7.569797992706299,-1.1969599723815918,5.2779059410095215,3.2597529888153076,-6.243516445159912,1.2740118503570557
2026-04-02 13:02:30.262,1889.268534014,628078381,right_foot,右脚,D4:22:CD:00:85:22,0.8914557695388794,0.011083237826824188,-0.40329933166503906,0.20623564720153809,-12.262232521949674,-46.35406524196664,31.318291007885705,7.301555156707764,-1.3133530616760254,5.419861793518066,4.7108473777771,-3.4212372303009033,-1.1051052808761597
2026-04-02 13:02:30.292,1889.298610255,628111715,right_foot,右脚,D4:22:CD:00:85:22,0.8909780383110046,0.014980979263782501,-0.40457943081855774,0.20554648339748383,-11.734491535474953,-46.64392713197146,31.054883049306877,7.147082328796387,-1.5400285720825195,5.41232967376709,9.74634838104248,-4.986047744750977,-6.27101469039917
2026-04-02 13:02:30.352,1889.358514239,628145049,right_foot,右脚,D4:22:CD:00:85:22,0.889637291431427,0.021362613886594772,-0.408226877450943,0.20356735587120056,-10.89856392162947,-47.31105012105396,30.562850072115534,7.042781352996826,-1.5562373399734497,5.967716693878174,13.961776733398438,-15.414518356323242,-13.028661727905273
2026-04-02 13:02:30.382,1889.388531321,628178383,right_foot,右脚,D4:22:CD:00:85:22,0.8867484927177429,0.028970293700695038,-0.41544395685195923,0.20060844719409943,-10.011852459847935,-48.453031014600064,30.009042701447633,7.4484477043151855,-1.196047306060791,5.999655246734619,13.971001625061035,-29.596986770629883,-16.473834991455078
2026-04-02 13:02:30.412,1889.418583926,628211717,right_foot,右脚,D4:22:CD:00:85:22,0.8827222585678101,0.037960950285196304,-0.4250144958496094,0.19678115844726562,-8.959919050945345,-49.93188092981078,29.3126493489054,7.462419509887695,-0.905108630657196,5.820793628692627,15.447989463806152,-39.5699348449707,-20.132949829101562
2026-04-02 13:02:30.442,1889.44850583,628245051,right_foot,右脚,D4:22:CD:00:85:22,0.8759278655052185,0.049407750368118286,-0.44038572907447815,0.19070829451084137,-7.636360055226991,-52.21703477586592,28.312306887879362,7.115493297576904,-1.3086068630218506,6.370036602020264,16.07020378112793,-63.31571960449219,-27.963401794433594
2026-04-02 13:02:30.472,1889.47849405,628278385,right_foot,右脚,D4:22:CD:00:85:22,0.8660939335823059,0.05995587259531021,-0.4611626863479614,0.18334513902664185,-6.559216968465289,-55.165534036937125,27.33447943324372,8.1492280960083,0.5174440741539001,7.093077182769775,8.385732650756836,-84.00248718261719,-27.616605758666992
2026-04-02 13:02:30.502,1889.508536515,628311719,right_foot,右脚,D4:22:CD:00:85:22,0.8548223376274109,0.06477713584899902,-0.4832717478275299,0.17756910622119904,-6.621035768075735,-58.127810309254265,27.152497637563748,8.911860466003418,1.4217325448989868,7.377193450927734,-6.723992347717285,-86.4946060180664,-12.585177421569824
2026-04-02 13:02:30.532,1889.538529862,628345053,right_foot,右脚,D4:22:CD:00:85:22,0.8388980627059937,0.06494694948196411,-0.5118992924690247,0.1731785535812378,-8.31608069320713,-61.80657766746637,28.311430823120975,8.613540649414062,0.04290177673101425,8.596076011657715,-21.062828063964844,-110.44871520996094,3.5902702808380127
2026-04-02 13:02:30.562,1889.568343589,628378387,right_foot,右脚,D4:22:CD:00:85:22,0.8131591081619263,0.07326709479093552,-0.5537505149841309,0.1635984480381012,-9.368257392551005,-67.60020843764548,29.030057783413508,8.427633285522461,-3.082035779953003,9.234829902648926,-12.326387405395508,-172.22854614257812,-16.963396072387695
2026-04-02 13:02:30.592,1889.598591955,628411721,right_foot,右脚,D4:22:CD:00:85:22,0.7736479043960571,0.0990075096487999,-0.6093285083770752,0.14277605712413788,-4.9984468045848045,-76.18779463644547,24.8318587318359,9.290404319763184,-6.219152450561523,11.008600234985352,10.838235855102539,-250.00323486328125,-70.60901641845703
2026-04-02 13:02:30.652,1889.658596475,628445055,right_foot,右脚,D4:22:CD:00:85:22,0.7161990404129028,0.13653022050857544,-0.6765213012695312,0.10362130403518677,49.455981806709794,-85.82212198739613,-29.88898416615761,13.839113235473633,-5.96460485458374,11.457225799560547,4.267481803894043,-331.3804931640625,-131.7871551513672
2026-04-02 13:02:30.683,1889.689605028,628478389,right_foot,右脚,D4:22:CD:00:85:22,0.6573526859283447,0.16282391548156738,-0.7335827350616455,0.05684913694858551,134.70301960278601,-79.40715708204459,-116.75361311861106,11.403103828430176,-2.738006114959717,7.626126289367676,-36.83990478515625,-309.7420654296875,-128.9938507080078
2026-04-02 13:02:30.712,1889.718513106,628511723,right_foot,右脚,D4:22:CD:00:85:22,0.6361762881278992,0.17322924733161926,-0.7513112425804138,0.028329061344265938,136.73544820472927,-74.96065557237206,-120.20453446280622,14.255002975463867,-6.208001136779785,5.877442359924316,-40.04825210571289,-112.43839263916016,-77.15878295898438
2026-04-02 13:02:30.742,1889.748613232,628545057,right_foot,右脚,D4:22:CD:00:85:22,0.6507883071899414,0.1823546439409256,-0.7363114356994629,0.03266138583421707,128.55166123999606,-75.99573633847105,-110.9289392037736,1.4555927515029907,-4.848912715911865,9.16415786743164,23.943105697631836,70.80012512207031,-25.455991744995117
2026-04-02 13:02:30.772,1889.778515431,628578391,right_foot,右脚,D4:22:CD:00:85:22,0.677050769329071,0.16176052391529083,-0.7172882556915283,0.03054983541369438,114.90166685271727,-78.86198104993107,-99.19602939572948,1.3742462396621704,0.5177137851715088,7.368313789367676,-65.58274841308594,108.15998077392578,31.459209442138672
2026-04-02 13:02:30.802,1889.808256434,628611725,right_foot,右脚,D4:22:CD:00:85:22,0.7175464630126953,0.13739630579948425,-0.6816866993904114,0.03940331190824509,77.10172420200628,-81.53713343563774,-62.69887369727803,4.9006667137146,-1.7020922899246216,5.258718013763428,-53.40176010131836,188.15985107421875,55.53411865234375
2026-04-02 13:02:30.862,1889.868586371,628645059,right_foot,右脚,D4:22:CD:00:85:22,0.7643025517463684,0.10676894336938858,-0.6331434845924377,0.059761226177215576,26.513546493398696,-78.69208337167527,-12.922050622468277,4.765307903289795,2.487168550491333,6.334252834320068,-43.01319885253906,240.96432495117188,91.67495727539062
2026-04-02 13:02:30.862,1889.868711705,628678393,right_foot,右脚,D4:22:CD:00:85:22,0.8088871836662292,0.0688445121049881,-0.5780746936798096,0.0824095755815506,2.860296341626925,-71.18086296783886,9.587210384268705,7.523815155029297,1.3513849973678589,6.834136962890625,-55.07628631591797,255.5666961669922,111.82714080810547
2026-04-02 13:02:30.892,1889.898540895,628711727,right_foot,右脚,D4:22:CD:00:85:22,0.8531432747840881,0.029642537236213684,-0.5101465582847595,0.10496732592582703,-6.746939117367012,-61.24435960672923,18.025037367727727,10.945767402648926,0.579449474811554,7.23707914352417,-55.14752197265625,291.023681640625,111.28297424316406
2026-04-02 13:02:30.952,1889.958467053,628745061,right_foot,右脚,D4:22:CD:00:85:22,0.8916286826133728,-0.01236659474670887,-0.43378764390945435,0.12912556529045105,-12.1390301445347,-50.386362302489836,22.207672565409148,12.807047843933105,-0.8489367365837097,8.393848419189453,-57.01864242553711,306.9286804199219,122.22776794433594
2026-04-02 13:02:30.982,1889.988541118,628778395,right_foot,右脚,D4:22:CD:00:85:22,0.919464111328125,-0.06188829988241196,-0.35469308495521545,0.15794946253299713,-16.95704920249109,-39.24996906259989,25.580014535257796,17.03689193725586,-1.5114861726760864,9.196734428405762,-72.45506286621094,302.8260498046875,152.70639038085938
2026-04-02 13:02:31.012,1890.01852964,628811729,right_foot,右脚,D4:22:CD:00:85:22,0.9363234639167786,-0.10036718845367432,-0.27643683552742004,0.19185268878936768,-19.571385025365238,-28.63036995185614,28.199345685957724,23.34485626220703,-2.408322334289551,2.611999273300171,-34.16718292236328,280.2852783203125,161.2435302734375
2026-04-02 13:02:31.042,1890.048455271,628845063,right_foot,右脚,D4:22:CD:00:85:22,0.9423777461051941,-0.12363627552986145,-0.22407345473766327,0.2154747098684311,-20.77017206094225,-21.656589614984558,29.773758557118057,24.44864273071289,5.016703128814697,-8.64172649383545,-15.725990295410156,181.31781005859375,112.18444061279297
2026-04-02 13:02:31.072,1890.078581793,628878397,right_foot,右脚,D4:22:CD:00:85:22,0.9408040046691895,-0.11522195488214493,-0.23203730583190918,0.21856407821178436,-20.182108442164807,-22.720528494555772,30.253061864181426,22.38384246826172,5.8008270263671875,-19.390804290771484,23.0752010345459,-33.13956069946289,1.8624670505523682
2026-04-02 13:02:31.102,1890.108533137,628911731,right_foot,右脚,D4:22:CD:00:85:22,0.9352983832359314,-0.06585531681776047,-0.2671814262866974,0.2224717140197754,-15.922008089568628,-28.06591506319469,30.76338495869398,9.613463401794434,1.479889154434204,7.395495414733887,134.26856994628906,-153.85772705078125,-35.58536911010742
2026-04-02 13:02:31.132,1890.138377531,628945065,right_foot,右脚,D4:22:CD:00:85:22,0.9193382859230042,-0.02862151712179184,-0.3221874237060547,0.22403784096240997,-13.98863916882759,-35.420585496509716,31.878590486571095,7.80203914642334,4.912940979003906,11.349945068359375,75.32257080078125,-217.70281982421875,-28.55147361755371
2026-04-02 13:02:31.162,1890.168525826,628978399,right_foot,右脚,D4:22:CD:00:85:22,0.9072338342666626,-0.007428881712257862,-0.36148780584335327,0.21493718028068542,-12.879725055939717,-40.746581554651364,31.457484317402045,20.580345153808594,-2.955528974533081,3.662580966949463,24.995901107788086,-150.08860778808594,-45.73479080200195
2026-04-02 13:02:31.192,1890.19847208,629011733,right_foot,右脚,D4:22:CD:00:85:22,0.9013678431510925,0.005295971874147654,-0.37936028838157654,0.20879030227661133,-11.807529178760227,-43.32202479467274,30.787152221445737,8.835896492004395,2.381472587585449,7.114429473876953,18.29646110534668,-68.83670043945312,-30.024456024169922
2026-04-02 13:02:31.255,1890.261083308,629045067,right_foot,右脚,D4:22:CD:00:85:22,0.8947268128395081,0.013167943805456161,-0.39714673161506653,0.20387479662895203,-11.433282593484487,-45.72890114144529,30.50724294907661,7.40381383895874,-0.8158562183380127,6.062570571899414,4.844709873199463,-66.26288604736328,-19.28533363342285
2026-04-02 13:02:31.282,1890.288542523,629078401,right_foot,右脚,D4:22:CD:00:85:22,0.8896870613098145,0.016718290746212006,-0.40905725955963135,0.20211218297481537,-11.529027039525856,-47.27545672163064,30.657335453601586,7.999179363250732,0.1270843893289566,5.602666854858398,-0.09879079461097717,-42.99977111816406,-5.084216594696045
2026-04-02 13:02:31.312,1890.318590436,629111735,right_foot,右脚,D4:22:CD:00:85:22,0.8864691257476807,0.019733726978302002,-0.41605615615844727,0.20169395208358765,-11.498969760383888,-48.21084442603761,30.79492197117362,7.600347518920898,-1.7626845836639404,5.503039360046387,3.476414680480957,-25.129674911499023,-1.7911059856414795
2026-04-02 13:02:31.342,1890.348576777,629145069,right_foot,右脚,D4:22:CD:00:85:22,0.8849605917930603,0.024031436070799828,-0.41893234848976135,0.20189838111400604,-11.05991077217628,-48.69278645229468,30.720358660324823,7.891244411468506,-0.8362398743629456,5.469498157501221,11.073122024536133,-11.11286449432373,-3.285019636154175
2026-04-02 13:02:31.372,1890.378304882,629178403,right_foot,右脚,D4:22:CD:00:85:22,0.8826963305473328,0.02693166211247444,-0.4228457510471344,0.2032814919948578,-10.98104509412199,-49.238871655788934,30.981969623569245,7.56933069229126,-0.6455904245376587,5.919407844543457,7.873236656188965,-14.435873031616211,2.8800151348114014
2026-04-02 13:02:31.402,1890.408367666,629211737,right_foot,右脚,D4:22:CD:00:85:22,0.8800482749938965,0.029040861874818802,-0.42751893401145935,0.20469269156455994,-11.079167206636674,-49.85040830876365,31.34884264420736,7.632634162902832,-0.856472373008728,5.467592239379883,5.033722400665283,-16.898351669311523,4.415019512176514
2026-04-02 13:02:31.432,1890.438501383,629245071,right_foot,右脚,D4:22:CD:00:85:22,0.8777804374694824,0.03188025951385498,-0.431781530380249,0.20506013929843903,-10.96538885103641,-50.452200204788205,31.47665972320277,7.505865097045898,-1.4089690446853638,5.260899543762207,5.989076137542725,-15.838411331176758,-0.17422467470169067
2026-04-02 13:02:31.462,1890.468540505,629278405,right_foot,右脚,D4:22:CD:00:85:22,0.8756862878799438,0.03615063056349754,-0.4360615611076355,0.20424669981002808,-10.539922359729383,-51.12104539501889,31.310050343812954,7.591434955596924,-1.1844593286514282,5.325157642364502,8.557266235351562,-16.88775062561035,-6.048364162445068
2026-04-02 13:02:31.522,1890.528531122,629311739,right_foot,右脚,D4:22:CD:00:85:22,0.8738898038864136,0.03988412395119667,-0.4397626221179962,0.20330935716629028,-10.140328244486462,-51.70456803391653,31.11691573574077,7.709916114807129,-0.6636084914207458,5.187666893005371,7.136260986328125,-14.443470001220703,-5.939071178436279
2026-04-02 13:02:31.552,1890.558621037,629345073,right_foot,右脚,D4:22:CD:00:85:22,0.8722541332244873,0.04434572160243988,-0.4432733654975891,0.20177876949310303,-9.555732882071684,-52.296885209688234,30.749859469061853,7.650984764099121,-1.3527796268463135,5.1314592361450195,8.545639991760254,-14.322994232177734,-8.998215675354004
2026-04-02 13:02:31.582,1890.58859349,629378407,right_foot,右脚,D4:22:CD:00:85:22,0.8704652190208435,0.05133785307407379,-0.447358101606369,0.19880986213684082,-8.467812142182247,-53.056860023101684,29.963711326384914,7.639492034912109,-1.171183705329895,5.417481899261475,13.59176254272461,-18.36221694946289,-17.0423526763916
2026-04-02 13:02:31.612,1890.618253448,629411741,right_foot,右脚,D4:22:CD:00:85:22,0.867622971534729,0.05859796702861786,-0.4536977708339691,0.19481995701789856,-7.3592796328504155,-54.1066277735618,29.073272892605118,7.722105979919434,-0.4614279270172119,5.833710670471191,11.47592544555664,-27.217803955078125,-19.43583869934082
2026-04-02 13:02:31.642,1890.648499515,629445075,right_foot,右脚,D4:22:CD:00:85:22,0.8627206683158875,0.06606348603963852,-0.4640691876411438,0.18970556557178497,-6.320093544864323,-55.66862538791674,28.142544538647215,7.8578314781188965,-0.2458438277244568,6.364093780517578,8.044770240783691,-42.969017028808594,-20.947233200073242
2026-04-02 13:02:31.672,1890.678415465,629478409,right_foot,右脚,D4:22:CD:00:85:22,0.8550217747688293,0.07064847648143768,-0.4790284335613251,0.18568341434001923,-6.134888490806849,-57.71438589902075,27.88803116321296,8.225394248962402,1.0251253843307495,6.536569118499756,-1.1181342601776123,-59.07527160644531,-10.233386993408203
2026-04-02 13:02:31.702,1890.708534664,629511743,right_foot,右脚,D4:22:CD:00:85:22,0.8439949750900269,0.07182969152927399,-0.4991217255592346,0.18273013830184937,-7.094236516692915,-60.31526771708687,28.558095896187286,8.29700756072998,0.21906551718711853,6.713560104370117,-11.861556053161621,-77.3853530883789,1.9298181533813477
2026-04-02 13:02:31.732,1890.738447343,629545077,right_foot,右脚,D4:22:CD:00:85:22,0.8285837769508362,0.07577194273471832,-0.5256156921386719,0.177301287651062,-7.941454406542271,-63.883668324912946,29.11215885394859,8.467647552490234,-1.8035404682159424,7.174385070800781,-11.014179229736328,-106.03401947021484,-5.662257194519043
2026-04-02 13:02:31.762,1890.768532303,629578411,right_foot,右脚,D4:22:CD:00:85:22,0.8065620064735413,0.08745364844799042,-0.5606474876403809,0.1657826155424118,-7.174300295281502,-68.96967391343789,28.161251002066624,8.7809419631958,-2.3889875411987305,7.891056537628174,-3.390716075897217,-148.8651123046875,-30.847009658813477
2026-04-02 13:02:31.792,1890.798543025,629611745,right_foot,右脚,D4:22:CD:00:85:22,0.7721147537231445,0.1083468496799469,-0.6094790101051331,0.14364802837371826,-1.9096683676761486,-76.4836910690755,22.583264578057644,9.62697982788086,-3.4600274562835693,9.558826446533203,-2.374812602996826,-219.9589385986328,-66.99300384521484
2026-04-02 13:02:31.852,1890.858416805,629645079,right_foot,右脚,D4:22:CD:00:85:22,0.7253989577293396,0.13488027453422546,-0.6658621430397034,0.11059488356113434,32.197137038930165,-84.78812146521787,-12.184492916497003,12.36023235321045,-4.77726411819458,10.455681800842285,-9.394559860229492,-273.1383361816406,-99.17509460449219
2026-04-02 13:02:31.882,1890.888556376,629678413,right_foot,右脚,D4:22:CD:00:85:22,0.671969473361969,0.16023167967796326,-0.7198436856269836,0.06787928938865662,126.7093343107409,-81.56350849490906,-108.09387359707664,13.08169937133789,-3.050196647644043,7.31090784072876,-30.40567970275879,-287.127197265625,-119.46871185302734
2026-04-02 13:02:31.912,1890.91852009,629711747,right_foot,右脚,D4:22:CD:00:85:22,0.6384759545326233,0.18051768839359283,-0.7472728490829468,0.03667391836643219,136.00983857909068,-75.34623334670924,-118.1945731185432,13.243816375732422,-4.951808452606201,4.295096397399902,-18.360919952392578,-168.95391845703125,-99.78416442871094
2026-04-02 13:02:31.942,1890.948350821,629745081,right_foot,右脚,D4:22:CD:00:85:22,0.6409712433815002,0.19488997757434845,-0.7413027882575989,0.04054278880357742,132.69141917679545,-75.0409407278836,-113.35938067084267,5.408183574676514,-7.116065979003906,7.044857501983643,40.66378402709961,19.052963256835938,-33.220489501953125
2026-04-02 13:02:31.972,1890.978540476,629778415,right_foot,右脚,D4:22:CD:00:85:22,0.6559522151947021,0.19271054863929749,-0.7284601330757141,0.04398992657661438,125.69364646417817,-76.56269370719079,-106.28893863429252,1.1432814598083496,1.0537524223327637,7.044753551483154,-4.206575870513916,67.66134643554688,1.4904131889343262
2026-04-02 13:02:32.002,1891.008493185,629811749,right_foot,右脚,D4:22:CD:00:85:22,0.6844667792320251,0.17296168208122253,-0.7062119245529175,0.05342141538858414,109.55559535296148,-80.14272823377725,-91.063888338795,4.217235565185547,-2.8783669471740723,4.401823997497559,-36.295860290527344,129.15493774414062,50.759647369384766
2026-04-02 13:02:32.032,1891.038521,629845083,right_foot,右脚,D4:22:CD:00:85:22,0.7223145961761475,0.1547122597694397,-0.6692153811454773,0.08047406375408173,64.01863898191016,-82.59910925621548,-44.8325179038029,5.085259914398193,-0.0019496819004416466,4.770792484283447,7.2494049072265625,196.65232849121094,78.04339599609375
2026-04-02 13:02:32.062,1891.068265278,629878417,right_foot,右脚,D4:22:CD:00:85:22,0.7628777623176575,0.12995567917823792,-0.623909056186676,0.10893204808235168,18.376499025776827,-78.59261761401697,1.171186314095973,6.83061408996582,0.34699615836143494,5.75434684753418,-4.7797627449035645,225.97021484375,91.45088958740234
2026-04-02 13:02:32.092,1891.098553041,629911751,right_foot,右脚,D4:22:CD:00:85:22,0.8057072162628174,0.10066284239292145,-0.5682766437530518,0.133282870054245,1.8402193798335247,-70.48647111987314,17.48573638850514,10.569942474365234,-0.022273646667599678,5.816354274749756,-22.61635971069336,257.71466064453125,85.04011535644531
2026-04-02 13:02:32.152,1891.158544982,629945085,right_foot,右脚,D4:22:CD:00:85:22,0.848121166229248,0.06494371592998505,-0.5036178231239319,0.15113455057144165,-4.964405195870501,-60.91370836374298,23.128429506163396,10.856029510498047,-0.5094582438468933,6.315858364105225,-48.839439392089844,282.67962646484375,76.71600341796875
2026-04-02 13:02:32.183,1891.189256623,629978419,right_foot,右脚,D4:22:CD:00:85:22,0.8811835050582886,0.022396380081772804,-0.4396662414073944,0.17235861718654633,-10.37251955635024,-51.49683828143199,27.147801034413014,11.736148834228516,-1.203080654144287,7.500401020050049,-61.19322204589844,268.7929992675781,103.45417022705078
2026-04-02 13:02:32.212,1891.218186123,630011753,right_foot,右脚,D4:22:CD:00:85:22,0.9035536646842957,-0.02675744518637657,-0.3782438635826111,0.19951550662517548,-15.627617211759622,-42.28742590938725,30.97952400002823,14.527450561523438,-0.8959519267082214,8.974043846130371,-72.9751205444336,249.50381469726562,138.03085327148438
2026-04-02 13:02:32.242,1891.248616456,630045087,right_foot,右脚,D4:22:CD:00:85:22,0.9199990630149841,-0.07760443538427353,-0.3134305477142334,0.22212734818458557,-19.613007554527705,-32.835948402105814,32.978937694662,18.59732437133789,-0.3308912515640259,5.333045959472656,-82.49551391601562,254.37158203125,130.6440887451172
2026-04-02 13:02:32.272,1891.278490293,630078421,right_foot,右脚,D4:22:CD:00:85:22,0.9296604990959167,-0.11085230857133865,-0.2604832947254181,0.2357783317565918,-21.391711577926614,-25.59766407636028,33.37617618534266,20.497304916381836,2.4143478870391846,-2.3274142742156982,-47.357147216796875,199.21023559570312,85.58003234863281
2026-04-02 13:02:32.302,1891.308255558,630111755,right_foot,右脚,D4:22:CD:00:85:22,0.9280583262443542,-0.13545110821723938,-0.2467418760061264,0.24388308823108673,-23.834238096339462,-23.073604533647064,34.38095494228586,21.46499252319336,5.15678071975708,-11.51822566986084,-60.86152267456055,60.05388641357422,54.79973220825195
2026-04-02 13:02:32.332,1891.338595217,630145089,right_foot,右脚,D4:22:CD:00:85:22,0.9272924065589905,-0.08560958504676819,-0.2678483724594116,0.2470967173576355,-19.076920664528995,-27.028905031765483,34.4672935669353,16.05147933959961,3.546950578689575,-7.846367359161377,143.8162384033203,-109.18553161621094,-40.43021774291992
2026-04-02 13:02:32.362,1891.368616994,630178423,right_foot,右脚,D4:22:CD:00:85:22,0.918856143951416,-0.03983572497963905,-0.2978535592556,0.2557336091995239,-15.390288874543655,-31.802610702069487,35.51441074728552,2.2059524059295654,1.0289404392242432,12.467166900634766,125.94599914550781,-142.24395751953125,-15.46088981628418
2026-04-02 13:02:32.392,1891.398596697,630211757,right_foot,右脚,D4:22:CD:00:85:22,0.9031928181648254,-0.01012068148702383,-0.34594017267227173,0.2539004981517792,-14.308166891170806,-38.29877222627,36.39416096839663,10.25304126739502,4.334293365478516,10.124732971191406,47.273277282714844,-191.59304809570312,-28.2012882232666
2026-04-02 13:02:32.452,1891.458625249,630245091,right_foot,右脚,D4:22:CD:00:85:22,0.8913570642471313,0.008137725293636322,-0.3795955181121826,0.2476358711719513,-13.700481377803184,-42.901553658413725,36.457557214566414,18.5012149810791,-3.757774829864502,3.807809352874756,19.01927375793457,-131.83338928222656,-31.0174503326416
2026-04-02 13:02:32.482,1891.48859516,630278425,right_foot,右脚,D4:22:CD:00:85:22,0.8857684135437012,0.019161123782396317,-0.39471447467803955,0.2434084117412567,-12.956378916938023,-45.119431082282816,36.13268969246239,8.36168384552002,0.9550429582595825,6.942781448364258,15.179069519042969,-60.27308654785156,-21.148466110229492
2026-04-02 13:02:32.512,1891.51853137,630311759,right_foot,右脚,D4:22:CD:00:85:22,0.880457878112793,0.025112876668572426,-0.4073980152606964,0.24122579395771027,-12.868347858482881,-46.84529010628232,36.23733558581403,7.891284942626953,0.13934050500392914,6.119907379150391,4.4640398025512695,-48.23191452026367,-8.391500473022461
2026-04-02 13:02:32.542,1891.548409412,630345093,right_foot,右脚,D4:22:CD:00:85:22,0.876414954662323,0.027333222329616547,-0.41624853014945984,0.24059660732746124,-13.155424555583558,-47.9675339403212,36.57515211209112,7.463993549346924,-0.8088757395744324,5.902720928192139,-1.5925688743591309,-31.752370834350586,0.15959179401397705
2026-04-02 13:02:32.572,1891.578458571,630378427,right_foot,右脚,D4:22:CD:00:85:22,0.8735624551773071,0.028585366904735565,-0.4217918813228607,0.24117006361484528,-13.436127572250433,-48.65201009855355,36.96337430847086,7.426428318023682,-1.6478936672210693,5.752002716064453,-0.14515437185764313,-19.309415817260742,3.8458094596862793
2026-04-02 13:02:32.602,1891.608383453,630411761,right_foot,右脚,D4:22:CD:00:85:22,0.87153559923172,0.030391132459044456,-0.42520129680633545,0.24229298532009125,-13.521106956474291,-49.10260916367841,37.271925627482474,7.414649963378906,-0.8618690371513367,5.999711990356445,4.040563583374023,-12.228448867797852,3.741771936416626
2026-04-02 13:02:32.662,1891.668351374,630445095,right_foot,右脚,D4:22:CD:00:85:22,0.8684579133987427,0.03293116018176079,-0.4306146800518036,0.24344885349273682,-13.667829515115614,-49.815942166101216,37.68923262430194,7.295689582824707,-1.9608349800109863,5.877073764801025,4.7445173263549805,-20.509021759033203,3.8158910274505615
2026-04-02 13:02:32.662,1891.668478555,630478429,right_foot,右脚,D4:22:CD:00:85:22,0.8648459315299988,0.037325434386730194,-0.43731269240379333,0.24373319745063782,-13.590771713030152,-50.76979141329181,37.95058025268651,7.4515380859375,-1.3851386308670044,5.397353649139404,8.016552925109863,-26.897340774536133,-1.005232810974121
2026-04-02 13:02:32.692,1891.698477075,630511763,right_foot,右脚,D4:22:CD:00:85:22,0.8614048361778259,0.042793337255716324,-0.44385698437690735,0.24318952858448029,-13.279795728905352,-51.76649219172429,37.99624307086763,7.564228057861328,-1.3732573986053467,5.3597259521484375,10.09621810913086,-27.2829647064209,-5.295023441314697
2026-04-02 13:02:32.812,1891.818402041,630545097,right_foot,右脚,D4:22:CD:00:85:22,0.8583811521530151,0.047523383051157,-0.44959691166877747,0.24245791137218475,-12.994400135014223,-52.64542925860708,37.99519667792794,7.738770961761475,-0.9936491250991821,5.345626354217529,8.248994827270508,-23.77314567565918,-5.23477840423584
2026-04-02 13:02:32.812,1891.81856556,630578431,right_foot,右脚,D4:22:CD:00:85:22,0.8558406829833984,0.05091904476284981,-0.4543176591396332,0.24194882810115814,-12.842842122567838,-53.3490379912081,38.04390726808314,7.756958484649658,-0.9317501783370972,5.2024946212768555,5.4283246994018555,-18.964208602905273,-3.1100072860717773
2026-04-02 13:02:32.841,1891.847634284,630611765,right_foot,右脚,D4:22:CD:00:85:22,0.8536337614059448,0.05466603487730026,-0.45863303542137146,0.24078305065631866,-12.540703825878097,-54.030993147052456,37.917183855751155,7.703959941864014,-1.547403335571289,5.089954853057861,5.727238655090332,-17.75041961669922,-5.975154876708984
2026-04-02 13:02:32.843,1891.849482076,630645099,right_foot,右脚,D4:22:CD:00:85:22,0.8521085381507874,0.05977803096175194,-0.46185198426246643,0.2388102114200592,-11.840888627131427,-54.65141487875302,37.44617420692644,7.7212605476379395,-1.2218812704086304,5.069752216339111,9.258710861206055,-14.82440185546875,-11.319933891296387
2026-04-02 13:02:32.872,1891.878344269,630678433,right_foot,右脚,D4:22:CD:00:85:22,0.8504002690315247,0.06601644307374954,-0.4656039774417877,0.23595353960990906,-10.904269248117226,-55.39160751340311,36.75099176970674,7.741475582122803,-1.3681118488311768,5.615662574768066,10.764117240905762,-17.8754940032959,-15.483610153198242
2026-04-02 13:02:32.902,1891.908516517,630711767,right_foot,右脚,D4:22:CD:00:85:22,0.8473589420318604,0.07161924988031387,-0.4721086323261261,0.23230744898319244,-10.210098237335574,-56.44612562007722,36.15267250417787,7.808594703674316,-0.18056440353393555,5.73748254776001,5.713043689727783,-27.834365844726562,-15.099810600280762
2026-04-02 13:02:32.932,1891.938401035,630745101,right_foot,右脚,D4:22:CD:00:85:22,0.8417388796806335,0.07719945907592773,-0.4831421673297882,0.22823159396648407,-9.857773765246783,-58.05947450774087,35.82148951573269,7.752638816833496,-0.7423810362815857,6.033115386962891,1.9544161558151245,-45.42494583129883,-13.141118049621582
2026-04-02 13:02:32.962,1891.968401829,630778435,right_foot,右脚,D4:22:CD:00:85:22,0.8339387774467468,0.08293754607439041,-0.49786075949668884,0.22316297888755798,-9.703838356886266,-60.156551290359225,35.59193036570351,8.302809715270996,-0.4228517413139343,6.147387504577637,-1.5480444431304932,-60.235801696777344,-13.60025691986084
2026-04-02 13:02:33.022,1892.028423338,630811769,right_foot,右脚,D4:22:CD:00:85:22,0.8237475752830505,0.08570343255996704,-0.5161900520324707,0.21827159821987152,-10.53610336656353,-62.60232136893021,36.099397522813426,8.671070098876953,0.6034008264541626,6.40982723236084,-11.861294746398926,-72.49018096923828,-5.128194808959961
2026-04-02 13:02:33.052,1892.058398722,630845103,right_foot,右脚,D4:22:CD:00:85:22,0.8088808655738831,0.08600769191980362,-0.5408508777618408,0.21399761736392975,-12.994017354060688,-65.7522992679767,38.056885173600165,8.42533016204834,-0.26838645339012146,6.847583293914795,-21.124723434448242,-96.86517333984375,6.423223972320557
2026-04-02 13:02:33.082,1892.088394852,630878437,right_foot,右脚,D4:22:CD:00:85:22,0.7873210310935974,0.09161752462387085,-0.5736749768257141,0.20646731555461884,-15.907328651459299,-70.24811265187368,40.614987748523205,8.688407897949219,-2.335108518600464,7.248548984527588,-16.430606842041016,-137.11773681640625,-5.179399013519287
2026-04-02 13:02:33.112,1892.118459775,630911771,right_foot,右脚,D4:22:CD:00:85:22,0.7565064430236816,0.10871083289384842,-0.6158256530761719,0.1914127618074417,-18.113829946022882,-76.74751319979377,42.786103424860045,9.096108436584473,-4.803764343261719,8.434208869934082,-3.834057569503784,-191.4765625,-38.83986282348633
2026-04-02 13:02:33.142,1892.148594855,630945105,right_foot,右脚,D4:22:CD:00:85:22,0.7116532325744629,0.1359683871269226,-0.6700531244277954,0.1615268588066101,-19.415073036881186,-86.04306159172793,43.716789059560725,11.764300346374512,-4.352135181427002,9.309687614440918,-11.453742980957031,-265.417724609375,-85.49982452392578
2026-04-02 13:02:33.202,1892.208482509,630978439,right_foot,右脚,D4:22:CD:00:85:22,0.6612191200256348,0.1658894121646881,-0.7206810712814331,0.1260496824979782,158.1066267164605,-84.19793783849089,-134.24890714043588,12.318359375,-3.2153146266937256,8.406736373901367,-13.186287879943848,-274.0821533203125,-104.18559265136719
2026-04-02 13:02:33.202,1892.208608578,631011773,right_foot,右脚,D4:22:CD:00:85:22,0.6197173595428467,0.1765929013490677,-0.760122537612915,0.08354129642248154,157.14249307581528,-76.31904407737822,-135.7897458891,8.928589820861816,-1.725351095199585,3.7929670810699463,-74.5578384399414,-222.51431274414062,-82.89804077148438
2026-04-02 13:02:33.232,1892.23861196,631045107,right_foot,右脚,D4:22:CD:00:85:22,0.6125490665435791,0.1877438724040985,-0.7646023631095886,0.07013560831546783,152.8853518305932,-74.37562771223847,-131.6730843580513,13.707361221313477,-8.283795356750488,5.484773635864258,-8.30965518951416,-40.85673141479492,-53.401344299316406
2026-04-02 13:02:33.262,1892.268522863,631078441,right_foot,右脚,D4:22:CD:00:85:22,0.6273353099822998,0.19564196467399597,-0.7499200105667114,0.07611994445323944,146.88704563567202,-76.09308160119274,-124.56247463197471,2.402181625366211,-0.13489514589309692,7.123125076293945,26.2699031829834,70.07454681396484,-22.080894470214844
2026-04-02 13:02:33.292,1892.298593841,631111775,right_foot,右脚,D4:22:CD:00:85:22,0.6549667119979858,0.1798727810382843,-0.7298116683959961,0.07771112024784088,136.7642008640577,-79.72444152434572,-115.68977542446876,4.3855204582214355,-1.7773979902267456,5.091163635253906,-43.20769500732422,117.81719970703125,22.499435424804688
2026-04-02 13:02:33.352,1892.358354464,631145109,right_foot,右脚,D4:22:CD:00:85:22,0.6954773664474487,0.1685364544391632,-0.6918777823448181,0.09597746282815933,97.95442956591387,-84.11083323580841,-76.36544640148185,4.668562412261963,-0.49495506286621094,4.636870861053467,5.501250267028809,199.27464294433594,34.35002899169922
2026-04-02 13:02:33.382,1892.388513993,631178443,right_foot,右脚,D4:22:CD:00:85:22,0.7390830516815186,0.1470920294523239,-0.6477862596511841,0.11177148669958115,31.723035421207552,-82.06169451753476,-10.57748608473543,4.089166641235352,0.8203319311141968,4.976577281951904,-24.23040008544922,223.13050842285156,47.98252868652344
2026-04-02 13:02:33.412,1892.418598985,631211777,right_foot,右脚,D4:22:CD:00:85:22,0.7784741520881653,0.12109275907278061,-0.6024466753005981,0.12795490026474,7.990888834559848,-75.68875491544483,12.455791125693084,7.4347405433654785,0.4149812161922455,5.412123680114746,-32.272579193115234,218.7125701904297,60.180599212646484
2026-04-02 13:02:33.472,1892.478408218,631245111,right_foot,右脚,D4:22:CD:00:85:22,0.8178932666778564,0.08806617558002472,-0.5504612922668457,0.14243300259113312,-1.9294864926757407,-67.74755959772243,21.05289307246618,11.15986442565918,-0.3045356869697571,5.98621940612793,-51.704952239990234,238.9094696044922,67.44168853759766
2026-04-02 13:02:33.472,1892.478526287,631278445,right_foot,右脚,D4:22:CD:00:85:22,0.8573054075241089,0.052656903862953186,-0.48778969049453735,0.15593571960926056,-6.800546323293282,-58.516612945673344,24.430571410005,11.978161811828613,-1.2743409872055054,6.363943099975586,-55.001949310302734,269.9641418457031,65.97663116455078
2026-04-02 13:02:33.502,1892.508383798,631311779,right_foot,右脚,D4:22:CD:00:85:22,0.8870872259140015,0.016833767294883728,-0.42518165707588196,0.17892244458198547,-10.852169000875197,-49.496867662203286,27.821103286375706,12.06809139251709,-1.5356276035308838,7.723696708679199,-38.564693450927734,255.6811065673828,99.83792877197266
2026-04-02 13:02:33.532,1892.538516678,631345113,right_foot,右脚,D4:22:CD:00:85:22,0.9055005311965942,-0.02474532462656498,-0.3665364384651184,0.21238461136817932,-15.356987144168933,-40.78988891046357,32.13946084471733,13.932502746582031,-1.160908579826355,8.957770347595215,-42.6656379699707,231.33277893066406,147.53575134277344
2026-04-02 13:02:33.562,1892.568571273,631378447,right_foot,右脚,D4:22:CD:00:85:22,0.9160114526748657,-0.0700111985206604,-0.3132356107234955,0.24063432216644287,-19.362357631520247,-32.69457449677196,35.167021878885144,16.005414962768555,-1.2145999670028687,6.481235504150391,-65.45610046386719,208.24990844726562,141.40391540527344
2026-04-02 13:02:33.592,1892.598534984,631411781,right_foot,右脚,D4:22:CD:00:85:22,0.9254017472267151,-0.10593193024396896,-0.2640189230442047,0.25040754675865173,-21.38924401439001,-25.823153049730404,35.24050572809268,19.54702377319336,0.7082929015159607,-0.29272890090942383,-59.60604476928711,191.6922607421875,73.27552795410156
2026-04-02 13:02:33.652,1892.658518608,631445115,right_foot,右脚,D4:22:CD:00:85:22,0.9276716113090515,-0.14068253338336945,-0.24237562716007233,0.24675439298152924,-24.30190456538896,-22.349910056037338,34.66200291645203,18.3880615234375,5.925814628601074,-8.471725463867188,-94.48719024658203,102.52962493896484,26.05481719970703
2026-04-02 13:02:33.682,1892.68891421,631478449,right_foot,右脚,D4:22:CD:00:85:22,0.9276469349861145,-0.13431505858898163,-0.2523784041404724,0.24028222262859344,-23.887367708395832,-23.809008885404882,34.150247853236806,17.579586029052734,1.9435484409332275,-9.757115364074707,6.269630432128906,-32.50471115112305,-29.94182777404785
2026-04-02 13:02:33.712,1892.718520532,631511783,right_foot,右脚,D4:22:CD:00:85:22,0.9288899898529053,-0.07901889830827713,-0.27609819173812866,0.23385736346244812,-18.285648544794178,-28.422613629409806,32.93017438963646,1.7549710273742676,-5.6165385246276855,10.77775764465332,151.7766876220703,-114.83818817138672,-79.51329040527344
2026-04-02 13:02:33.742,1892.748576815,631545117,right_foot,右脚,D4:22:CD:00:85:22,0.9162845015525818,-0.035529494285583496,-0.31853559613227844,0.24019868671894073,-15.351705948997289,-34.51835370563316,34.17392971300438,5.97515869140625,6.182337284088135,8.426899909973145,107.31190490722656,-182.16680908203125,-21.726415634155273
2026-04-02 13:02:33.772,1892.778536714,631578451,right_foot,右脚,D4:22:CD:00:85:22,0.90267014503479,-0.011976011097431183,-0.36189714074134827,0.23253712058067322,-14.436543783974503,-40.37426929930486,34.22412551992166,13.006793975830078,1.75100839138031,9.384002685546875,27.85430145263672,-167.95660400390625,-43.030616760253906
2026-04-02 13:02:33.802,1892.808431864,631611785,right_foot,右脚,D4:22:CD:00:85:22,0.892015814781189,0.010497946292161942,-0.38993585109710693,0.22835884988307953,-12.902346983760841,-44.463309995530125,34.01131163888788,13.605696678161621,-3.5588736534118652,5.534447193145752,41.21759033203125,-115.70095825195312,-32.54334259033203
2026-04-02 13:02:33.862,1892.868482385,631645119,right_foot,右脚,D4:22:CD:00:85:22,0.8843652009963989,0.0217204038053751,-0.4086192548274994,0.22462615370750427,-12.311232137272727,-47.09597712484008,33.88528451908406,9.253121376037598,1.2443444728851318,6.114994525909424,14.553378105163574,-73.96756744384766,-18.769943237304688
2026-04-02 13:02:33.862,1892.868607414,631678453,right_foot,右脚,D4:22:CD:00:85:22,0.8794289231300354,0.026656389236450195,-0.42004647850990295,0.22238458693027496,-12.22827086155013,-48.64742350450229,33.92634153857933,8.231847763061523,-1.0112676620483398,5.439553260803223,2.8890533447265625,-43.167728424072266,-7.979052543640137
2026-04-02 13:02:33.892,1892.898674501,631711787,right_foot,右脚,D4:22:CD:00:85:22,0.8758695721626282,0.031146734952926636,-0.42777931690216064,0.22110465168952942,-12.022245724732572,-49.74101369298463,33.92463045377635,7.349730968475342,-0.5523386001586914,6.077991008758545,5.669027805328369,-29.67710304260254,-5.8682684898376465
2026-04-02 13:02:33.952,1892.958654939,631745121,right_foot,右脚,D4:22:CD:00:85:22,0.8725078701972961,0.032158687710762024,-0.43422067165374756,0.2216937094926834,-12.392151731514257,-50.5320954060694,34.37948474073784,7.383871555328369,-0.36958760023117065,6.111584663391113,-1.0991709232330322,-22.80666732788086,4.577654838562012
2026-04-02 13:02:33.982,1892.98862956,631778455,right_foot,右脚,D4:22:CD:00:85:22,0.869676947593689,0.03211895748972893,-0.43893885612487793,0.2235238254070282,-12.90495646281378,-51.06221343291842,35.01240499408064,7.513935089111328,-1.1697615385055542,5.805115222930908,-1.1325414180755615,-16.048580169677734,9.256567001342773
2026-04-02 13:02:34.012,1893.018471922,631811789,right_foot,右脚,D4:22:CD:00:85:22,0.866880476474762,0.03216975927352905,-0.44355490803718567,0.22526028752326965,-13.405030995956107,-51.5832162038409,35.63305669197351,7.404395580291748,-1.580689549446106,5.779041767120361,-0.8886878490447998,-15.887802124023438,8.75249195098877
2026-04-02 13:02:34.042,1893.048385534,631845123,right_foot,右脚,D4:22:CD:00:85:22,0.8635361194610596,0.0323205292224884,-0.4496195614337921,0.2260589599609375,-13.951039012622541,-52.29202719355726,36.213935900067845,7.469734191894531,-1.067149043083191,5.5337324142456055,-3.04353404045105,-21.345064163208008,6.335419654846191
2026-04-02 13:02:34.072,1893.078540771,631878457,right_foot,右脚,D4:22:CD:00:85:22,0.8610591888427734,0.032411813735961914,-0.45378509163856506,0.22716791927814484,-14.388997884250273,-52.76853700777942,36.72471342990738,7.498401641845703,-1.5639930963516235,5.480285167694092,-1.3397536277770996,-14.400561332702637,6.4309844970703125
2026-04-02 13:02:34.102,1893.108653054,631911791,right_foot,右脚,D4:22:CD:00:85:22,0.8596841096878052,0.03413940966129303,-0.4560331702232361,0.2276206910610199,-14.357717894157894,-53.094865811365885,36.8617109474892,7.570038318634033,-1.8206349611282349,5.107607364654541,3.892862558364868,-8.458192825317383,0.7929540276527405
2026-04-02 13:02:34.162,1893.168633423,631945125,right_foot,右脚,D4:22:CD:00:85:22,0.859451949596405,0.03645015135407448,-0.4560384750366211,0.22812806069850922,-14.04236006006614,-53.17951034218628,36.78617214109763,7.573708534240723,-1.4857693910598755,5.345186233520508,7.350975036621094,-0.570907473564148,-1.182097315788269
2026-04-02 13:02:34.162,1893.168791627,631978459,right_foot,右脚,D4:22:CD:00:85:22,0.8588902354240417,0.039030078798532486,-0.4567010998725891,0.22849103808403015,-13.729730606789836,-53.35494790956843,36.71810722149483,7.417171955108643,-1.1847808361053467,5.615164279937744,7.460087299346924,-3.356649875640869,-1.7396610975265503
2026-04-02 13:02:34.192,1893.198662445,632011793,right_foot,右脚,D4:22:CD:00:85:22,0.857915461063385,0.0414627380669117,-0.45824384689331055,0.22863546013832092,-13.497402938919452,-53.63236851781296,36.691512318611046,7.552755832672119,-1.4542615413665771,5.579003810882568,6.0537261962890625,-6.6196489334106445,-1.748734951019287
2026-04-02 13:02:34.252,1893.258290341,632045127,right_foot,右脚,D4:22:CD:00:85:22,0.8567176461219788,0.04348001256585121,-0.4602687954902649,0.22868455946445465,-13.363830018101158,-53.952313984287976,36.716252092549674,7.595623970031738,-0.9884163737297058,5.472152233123779,4.341201305389404,-8.171050071716309,-1.1692339181900024
2026-04-02 13:02:34.282,1893.288491941,632078461,right_foot,右脚,D4:22:CD:00:85:22,0.8551655411720276,0.04530060291290283,-0.46300840377807617,0.22861045598983765,-13.314487537775568,-54.35174799955328,36.792028672541505,7.460154056549072,-1.3452730178833008,5.349114894866943,3.0606300830841064,-10.778661727905273,-0.8535639047622681
2026-04-02 13:02:34.312,1893.318510686,632111795,right_foot,右脚,D4:22:CD:00:85:22,0.8530599474906921,0.049495529383420944,-0.4671849012374878,0.22710588574409485,-12.882884941413554,-55.04027146183403,36.54840329317173,7.382941722869873,-1.7634559869766235,5.4207444190979,6.741556644439697,-18.050886154174805,-8.228635787963867
2026-04-02 13:02:34.342,1893.348595134,632145129,right_foot,右脚,D4:22:CD:00:85:22,0.8498448729515076,0.05589497461915016,-0.47351667284965515,0.22454659640789032,-12.174670574976421,-56.0919256420594,36.10443858384533,7.4941792488098145,-1.513504981994629,5.633520603179932,10.038984298706055,-28.135881423950195,-13.68216609954834
2026-04-02 13:02:34.373,1893.379263827,632178463,right_foot,右脚,D4:22:CD:00:85:22,0.8455471992492676,0.06253442913293839,-0.4820108711719513,0.22091829776763916,-11.489080808372773,-57.432289045010954,35.5940727460903,7.715832710266113,-0.7995375990867615,5.589302062988281,7.546500205993652,-36.69567108154297,-15.976409912109375
2026-04-02 13:02:34.402,1893.408611091,632211797,right_foot,右脚,D4:22:CD:00:85:22,0.8400212526321411,0.06974123418331146,-0.4926759898662567,0.2162654846906662,-10.759601135574012,-59.079588498017145,34.9843594381037,7.8481340408325195,-1.0375630855560303,5.674602031707764,6.114902496337891,-45.78041076660156,-18.51409339904785
2026-04-02 13:02:34.432,1893.438612986,632245131,right_foot,右脚,D4:22:CD:00:85:22,0.833453357219696,0.07582240551710129,-0.5052875876426697,0.21045348048210144,-10.235731375408024,-60.94827398031456,34.376369201708414,8.097561836242676,-0.6874023079872131,6.059028625488281,-0.2978439927101135,-52.70363998413086,-18.724365234375
2026-04-02 13:02:34.462,1893.468605448,632278465,right_foot,右脚,D4:22:CD:00:85:22,0.8253893852233887,0.08249133825302124,-0.5200600624084473,0.20362932980060577,-9.634909178192908,-63.138275654790945,33.646036923776514,8.431218147277832,-0.8408054709434509,6.521732330322266,-1.5453661680221558,-62.312049865722656,-21.01152801513672
2026-04-02 13:02:34.492,1893.498463343,632311799,right_foot,右脚,D4:22:CD:00:85:22,0.8145231604576111,0.09035157412290573,-0.5387732982635498,0.1952224224805832,-8.906589122833262,-65.91823763644719,32.738182614767595,8.54689884185791,-1.0360732078552246,6.893538951873779,-2.952174663543701,-79.94603729248047,-24.575849533081055
2026-04-02 13:02:34.552,1893.558544592,632345133,right_foot,右脚,D4:22:CD:00:85:22,0.7975663542747498,0.10102193802595139,-0.5650917887687683,0.1853470504283905,-8.06887590561286,-69.85845828713265,31.80541018152993,8.636301040649414,-0.9887161254882812,7.025972843170166,-1.0011287927627563,-115.0740966796875,-27.471782684326172
2026-04-02 13:02:34.582,1893.588540483,632378467,right_foot,右脚,D4:22:CD:00:85:22,0.77224200963974,0.1169581413269043,-0.6004116535186768,0.17166432738304138,-5.785704465796249,-75.34835151676279,29.534460930701364,8.916426658630371,-2.3414502143859863,8.039105415344238,3.233419895172119,-160.96701049804688,-39.740848541259766
2026-04-02 13:02:34.612,1893.618369497,632411801,right_foot,右脚,D4:22:CD:00:85:22,0.736095666885376,0.13866887986660004,-0.645317792892456,0.149995818734169,4.690473567069521,-82.58218831164045,18.91528026427117,10.346744537353516,-2.3117001056671143,8.615667343139648,0.8232309818267822,-215.80288696289062,-62.786956787109375
2026-04-02 13:02:34.642,1893.648649179,632445135,right_foot,右脚,D4:22:CD:00:85:22,0.6860629916191101,0.16394688189029694,-0.699317991733551,0.1157294437289238,116.78424722316295,-85.94723226965263,-93.95765976922173,11.656076431274414,-3.1451683044433594,9.125399589538574,-16.136194229125977,-278.0859069824219,-91.33685302734375
2026-04-02 13:02:34.672,1893.678548318,632478469,right_foot,右脚,D4:22:CD:00:85:22,0.633621871471405,0.18147172033786774,-0.7484571933746338,0.07350711524486542,147.21925510863434,-77.20184709645335,-126.31340634769296,11.106588363647461,-1.2291364669799805,4.739811897277832,-50.24948501586914,-274.26953125,-93.473388671875
2026-04-02 13:02:34.702,1893.708452168,632511803,right_foot,右脚,D4:22:CD:00:85:22,0.6046664714813232,0.1975214034318924,-0.7700930833816528,0.048170026391744614,148.05616375892927,-71.8654467930541,-127.7907741124927,12.944253921508789,-3.6822004318237305,1.9785830974578857,-17.658843994140625,-142.9561309814453,-76.13770294189453
2026-04-02 13:02:34.732,1893.738571576,632545137,right_foot,右脚,D4:22:CD:00:85:22,0.612489640712738,0.21133354306221008,-0.7594807147979736,0.058167099952697754,144.9346771388251,-72.7333356416275,-122.70807606594127,6.575310230255127,-5.983072757720947,3.9893031120300293,51.58889389038086,45.554500579833984,-25.08220100402832
2026-04-02 13:02:34.762,1893.768532344,632578471,right_foot,右脚,D4:22:CD:00:85:22,0.6280065178871155,0.22265875339508057,-0.7419791221618652,0.07414648681879044,139.72779948199934,-74.78642472659632,-115.27955002826509,1.936034917831421,0.6183426380157471,4.894001007080078,57.81068801879883,84.71581268310547,-12.716095924377441
2026-04-02 13:02:34.792,1893.798583742,632611805,right_foot,右脚,D4:22:CD:00:85:22,0.652553915977478,0.21122096478939056,-0.722242534160614,0.08902037143707275,132.01465293291514,-78.58242761178121,-107.37588706014304,5.508630275726318,-1.6534744501113892,3.1698715686798096,-0.3996122181415558,117.30613708496094,39.0700569152832
2026-04-02 13:02:34.852,1893.858529295,632645139,right_foot,右脚,D4:22:CD:00:85:22,0.6868895888328552,0.20073512196540833,-0.6882901787757874,0.11893027275800705,104.06707850132015,-83.36680210540811,-77.89466468694762,5.043989658355713,-1.9737035036087036,2.9592251777648926,36.35838317871094,184.0668487548828,57.033180236816406
2026-04-02 13:02:34.882,1893.888506219,632678473,right_foot,右脚,D4:22:CD:00:85:22,0.7224103808403015,0.18252058327198029,-0.6500596404075623,0.14910228550434113,38.37561049394483,-83.53895131748837,-11.208155089730857,6.469493865966797,-0.2344866394996643,4.138247489929199,19.689821243286133,200.19569396972656,72.53833770751953
2026-04-02 13:02:34.912,1893.918521548,632711807,right_foot,右脚,D4:22:CD:00:85:22,0.7618841528892517,0.15886090695858002,-0.6031324863433838,0.17471911013126373,8.028143833755927,-77.04499504892311,19.437206482093963,9.334399223327637,-1.2182269096374512,4.180931568145752,-2.00750470161438,230.48736572265625,65.94365692138672
2026-04-02 13:02:34.942,1893.948304163,632745141,right_foot,右脚,D4:22:CD:00:85:22,0.8023796081542969,0.1270504593849182,-0.5499119758605957,0.1940149962902069,-1.4990242365922763,-68.71334923848474,28.211135105952106,10.2384614944458,-1.648200273513794,4.99702787399292,-33.21041488647461,250.55442810058594,62.21299743652344
2026-04-02 13:02:34.972,1893.978520445,632778475,right_foot,右脚,D4:22:CD:00:85:22,0.8372395634651184,0.08920549601316452,-0.4954392910003662,0.21357013285160065,-7.194071181403545,-60.193147626713994,32.793942135207175,11.842864036560059,-2.968766212463379,5.686347007751465,-45.99839401245117,247.5512237548828,77.48641967773438
2026-04-02 13:02:35.002,1894.008464067,632811809,right_foot,右脚,D4:22:CD:00:85:22,0.8624062538146973,0.048929523676633835,-0.44201868772506714,0.24182762205600739,-12.082547883211541,-51.8192452084306,37.214234485699365,12.421538352966309,-3.009908676147461,6.9764933586120605,-35.886512756347656,232.62570190429688,114.06753540039062
2026-04-02 13:02:35.032,1894.038525763,632845143,right_foot,右脚,D4:22:CD:00:85:22,0.8780654072761536,0.005646551493555307,-0.3928573429584503,0.2731894254684448,-16.497833297836223,-43.867577695051516,41.24669637220851,13.429116249084473,-1.5403461456298828,8.065258026123047,-42.04248046875,208.78524780273438,136.5082550048828
2026-04-02 13:02:35.062,1894.068348878,632878477,right_foot,右脚,D4:22:CD:00:85:22,0.8888845443725586,-0.04016277566552162,-0.34798550605773926,0.2952575385570526,-20.150315898031224,-36.50702373928609,43.45713639913226,15.977784156799316,-0.7597401738166809,5.7995429039001465,-66.26667022705078,191.88079833984375,116.64839172363281
2026-04-02 13:02:35.092,1894.098581159,632911811,right_foot,右脚,D4:22:CD:00:85:22,0.8984127044677734,-0.08646552264690399,-0.30827245116233826,0.30057647824287415,-23.197078351515167,-30.127960263171037,43.32045151192397,18.324186325073242,1.9880387783050537,-0.8022931814193726,-93.30580139160156,178.21775817871094,66.95703887939453
2026-04-02 13:02:35.152,1894.158521797,632945145,right_foot,右脚,D4:22:CD:00:85:22,0.902263343334198,-0.1190180703997612,-0.28982532024383545,0.29623791575431824,-25.682895687884752,-26.9030490876792,42.5945946733542,17.15396499633789,5.536679744720459,-7.154434680938721,-84.82550048828125,96.26929473876953,22.64774513244629
2026-04-02 13:02:35.212,1894.218518767,632978479,right_foot,右脚,D4:22:CD:00:85:22,0.9059006571769714,-0.08852345496416092,-0.29664936661720276,0.2889750003814697,-22.319234469034537,-29.098183526105213,41.24633966838591,13.151921272277832,1.2947114706039429,-8.166692733764648,81.96221923828125,-44.12569808959961,-58.79843521118164
2026-04-02 13:02:35.212,1894.218643025,633011813,right_foot,右脚,D4:22:CD:00:85:22,0.9017309546470642,-0.036382660269737244,-0.31333863735198975,0.2955950200557709,-17.38972572555573,-32.92803877642382,41.474651719881365,5.540595531463623,-2.8082942962646484,11.024035453796387,151.42759704589844,-107.87578582763672,-32.77191925048828
2026-04-02 13:02:35.242,1894.248526406,633045147,right_foot,右脚,D4:22:CD:00:85:22,0.8857505321502686,0.000512794591486454,-0.3478289842605591,0.3073446452617645,-15.687800722237437,-38.06060280200841,43.71329495594979,5.607884407043457,5.761139392852783,8.951776504516602,89.94896697998047,-161.25613403320312,9.242280960083008
2026-04-02 13:02:35.272,1894.2785422,633078481,right_foot,右脚,D4:22:CD:00:85:22,0.8716044425964355,0.023822298273444176,-0.38695234060287476,0.30001020431518555,-15.24798024077635,-43.5377694597264,44.10691517391141,12.127388000488281,1.8992208242416382,8.707069396972656,20.491884231567383,-158.97227478027344,-34.29959487915039
2026-04-02 13:02:35.302,1894.308345389,633111815,right_foot,右脚,D4:22:CD:00:85:22,0.862713634967804,0.0403749980032444,-0.4082499146461487,0.29568007588386536,-14.515446748274723,-46.74255663607125,44.1366853625782,13.489480018615723,-3.964085102081299,4.236654281616211,22.210147857666016,-90.99333190917969,-23.089313507080078
2026-04-02 13:02:35.332,1894.338473505,633145149,right_foot,右脚,D4:22:CD:00:85:22,0.857643187046051,0.05145575851202011,-0.4203837811946869,0.2916807532310486,-13.754991113801175,-48.68541428688719,43.81272457399796,7.781937122344971,0.336922287940979,6.578845024108887,15.268835067749023,-52.73426818847656,-19.60441780090332
2026-04-02 13:02:35.362,1894.368541817,633178483,right_foot,右脚,D4:22:CD:00:85:22,0.8532032370567322,0.0582362562417984,-0.43080055713653564,0.2882072627544403,-13.465744054204855,-50.23633095443492,43.66513730606732,7.649407386779785,-0.34044650197029114,6.3213934898376465,4.909826755523682,-42.48843002319336,-12.73739242553711
2026-04-02 13:02:35.392,1894.398470185,633211817,right_foot,右脚,D4:22:CD:00:85:22,0.8496394157409668,0.062258314341306686,-0.4387493133544922,0.2858944833278656,-13.436730326737601,-51.36655407497379,43.67974078991884,7.354598522186279,-0.9601595401763916,5.909731388092041,0.8024540543556213,-31.115999221801758,-6.615316390991211
2026-04-02 13:02:35.452,1894.458515048,633245151,right_foot,右脚,D4:22:CD:00:85:22,0.847697377204895,0.06567879021167755,-0.44293543696403503,0.28443601727485657,-13.21182788876253,-52.028145306638784,43.56697824788173,7.5809760093688965,-1.682155728340149,5.260650634765625,3.697354316711426,-17.025409698486328,-5.648292064666748
2026-04-02 13:02:35.482,1894.488575273,633278485,right_foot,右脚,D4:22:CD:00:85:22,0.8475109934806824,0.0689060166478157,-0.4431721270084381,0.2838585078716278,-12.709251430837563,-52.21407297453216,43.28228669895457,7.525012493133545,-0.5838570594787598,5.949345111846924,7.969553470611572,-2.5431463718414307,-5.461071014404297
2026-04-02 13:02:35.514,1894.520288303,633311819,right_foot,右脚,D4:22:CD:00:85:22,0.8466296195983887,0.07107008993625641,-0.44424259662628174,0.28428128361701965,-12.5264265414644,-52.43156605317119,43.30876242963514,7.37803840637207,-1.1487786769866943,5.971795082092285,5.736368656158447,-4.885491847991943,-0.06987150013446808
2026-04-02 13:02:35.542,1894.548628265,633345153,right_foot,右脚,D4:22:CD:00:85:22,0.8452445864677429,0.07383432239294052,-0.44619572162628174,0.28463900089263916,-12.332655084458601,-52.78024118615607,43.359450467223496,7.325437545776367,-1.3507109880447388,5.649903774261475,6.662229537963867,-8.944457054138184,-0.5194264650344849
2026-04-02 13:02:35.572,1894.578660876,633378487,right_foot,右脚,D4:22:CD:00:85:22,0.8436492085456848,0.07801968604326248,-0.44896864891052246,0.28389379382133484,-11.90609720334158,-53.30646062021765,43.18898543540014,7.274336814880371,-1.4624111652374268,5.698440074920654,8.376566886901855,-13.426716804504395,-5.553232669830322
2026-04-02 13:02:35.602,1894.608532995,633411821,right_foot,右脚,D4:22:CD:00:85:22,0.8417490124702454,0.08254179358482361,-0.45248517394065857,0.2826700508594513,-11.450390967087031,-53.94207049425197,42.966797958034924,7.497256755828857,-0.8809911012649536,5.6881842613220215,7.990670680999756,-16.61561393737793,-7.0198974609375
2026-04-02 13:02:35.632,1894.638265022,633445155,right_foot,右脚,D4:22:CD:00:85:22,0.8396162986755371,0.08676067739725113,-0.45619481801986694,0.2817854881286621,-11.083397583115403,-54.58273853866769,42.836331982784486,7.562283039093018,-0.7300751805305481,5.577897071838379,7.525085926055908,-17.240203857421875,-5.313952445983887
2026-04-02 13:02:35.662,1894.668639056,633478489,right_foot,右脚,D4:22:CD:00:85:22,0.8378521203994751,0.09094105660915375,-0.4591740071773529,0.28087854385375977,-10.641387140042426,-55.1375465638398,42.63349620819573,7.612957954406738,-1.075201153755188,5.332387924194336,7.983471870422363,-14.605053901672363,-5.919242858886719
2026-04-02 13:02:35.722,1894.728663242,633511823,right_foot,右脚,D4:22:CD:00:85:22,0.8361027836799622,0.09529536217451096,-0.4620891213417053,0.27986544370651245,-10.14702632847293,-55.694854344828755,42.38425729363242,7.516611576080322,-0.7564665079116821,5.536028861999512,8.385658264160156,-14.671943664550781,-6.570487976074219
2026-04-02 13:02:35.753,1894.75932295,633545157,right_foot,右脚,D4:22:CD:00:85:22,0.8343448638916016,0.09975898265838623,-0.46510523557662964,0.278556227684021,-9.605581992765805,-56.27310516434818,42.06981955720274,7.716400623321533,-0.7740909457206726,5.338562488555908,8.142487525939941,-15.259578704833984,-7.579040050506592
2026-04-02 13:02:35.782,1894.788517982,633578491,right_foot,右脚,D4:22:CD:00:85:22,0.8328485488891602,0.10423276573419571,-0.4676740765571594,0.27709102630615234,-8.989343614000056,-56.80034075472576,41.67247449514873,7.483170986175537,-0.9460626840591431,5.333893299102783,8.265687942504883,-13.681772232055664,-8.469088554382324
2026-04-02 13:02:35.812,1894.818560251,633611825,right_foot,右脚,D4:22:CD:00:85:22,0.8303579092025757,0.1129116639494896,-0.47214534878730774,0.27356013655662537,-7.628526946462356,-57.765890266709384,40.681315628093294,7.429830074310303,-1.4828377962112427,5.633697986602783,15.552653312683105,-25.55521583557129,-19.572315216064453
2026-04-02 13:02:35.842,1894.848525916,633645159,right_foot,右脚,D4:22:CD:00:85:22,0.8259778618812561,0.12229137867689133,-0.47988301515579224,0.2692907452583313,-6.3205847480660005,-59.16081634955514,39.70489239749966,7.785538673400879,0.4849989414215088,5.833204746246338,14.030057907104492,-38.98219680786133,-19.81305694580078
2026-04-02 13:02:35.872,1894.878258455,633678493,right_foot,右脚,D4:22:CD:00:85:22,0.820178747177124,0.1289844959974289,-0.49049684405326843,0.2647310197353363,-5.659605117205182,-60.79537624338147,39.09922414670184,8.060687065124512,0.018227994441986084,6.345432281494141,3.836430549621582,-47.22684860229492,-13.645153999328613
2026-04-02 13:02:35.902,1894.9086139,633711827,right_foot,右脚,D4:22:CD:00:85:22,0.8128163814544678,0.13250647485256195,-0.5041682720184326,0.25997287034988403,-5.845016390859924,-62.68394268599979,39.03456147970895,8.36525821685791,0.08010643720626831,6.833009719848633,-7.5362548828125,-55.81413269042969,-6.05678653717041
2026-04-02 13:02:35.932,1894.938674662,633745161,right_foot,右脚,D4:22:CD:00:85:22,0.8028004765510559,0.13788628578186035,-0.5218476057052612,0.25332537293434143,-5.883400125230979,-65.19478441278245,38.79056906503801,8.380982398986816,-0.8620284795761108,7.002951145172119,-7.9772419929504395,-74.30011749267578,-10.374366760253906
2026-04-02 13:02:35.962,1894.968593922,633778495,right_foot,右脚,D4:22:CD:00:85:22,0.7882545590400696,0.1459178328514099,-0.5457108616828918,0.2440538853406906,-5.733075600743478,-68.67645318124401,38.32460238278942,8.381288528442383,-0.8048741221427917,6.7740092277526855,-8.580742835998535,-103.23605346679688,-15.53249740600586
2026-04-02 13:02:35.992,1894.998466382,633811829,right_foot,右脚,D4:22:CD:00:85:22,0.7677494287490845,0.16056565940380096,-0.5760671496391296,0.23005643486976624,-3.7190026155910902,-73.42134317475396,36.135302196030004,9.093905448913574,-2.7415363788604736,7.434249401092529,-1.9381473064422607,-140.1504364013672,-32.569698333740234
2026-04-02 13:02:36.052,1895.058624716,633845163,right_foot,右脚,D4:22:CD:00:85:22,0.7402694821357727,0.18234913051128387,-0.6133299469947815,0.20634020864963531,5.319104454786095,-79.51758203835429,26.723988873853283,10.14716625213623,-3.5345988273620605,8.460491180419922,-3.8994996547698975,-183.5246124267578,-63.22715759277344
2026-04-02 13:02:36.082,1895.088615108,633878497,right_foot,右脚,D4:22:CD:00:85:22,0.7029860615730286,0.20997953414916992,-0.6593379378318787,0.16429352760314941,61.668737970280546,-84.87849407913477,-30.94486191852465,11.225961685180664,-4.119271755218506,8.528145790100098,-27.690753936767578,-242.6039581298828,-110.10919189453125
2026-04-02 13:02:36.112,1895.1184404,633911831,right_foot,右脚,D4:22:CD:00:85:22,0.6629878282546997,0.2364654242992401,-0.7011946439743042,0.11338885873556137,121.62989047539422,-79.54331464801902,-92.8620644320817,10.324922561645508,-2.5914597511291504,4.808816909790039,-46.184383392333984,-244.86102294921875,-130.71200561523438
2026-04-02 13:02:36.142,1895.148483784,633945165,right_foot,右脚,D4:22:CD:00:85:22,0.6355074644088745,0.2606331408023834,-0.7227683663368225,0.07620004564523697,129.2478319712984,-73.40950707612485,-101.39267561785475,12.09716510772705,-1.4334986209869385,2.992978096008301,-20.618574142456055,-156.40013122558594,-115.4220962524414
2026-04-02 13:02:36.172,1895.178549679,633978499,right_foot,右脚,D4:22:CD:00:85:22,0.6348459720611572,0.2670661211013794,-0.7214800715446472,0.07150226831436157,127.9090149989661,-72.60171951322022,-99.87733353747493,8.528984069824219,-6.6922926902771,3.7732837200164795,3.358642578125,-6.221660614013672,-28.11087989807129
2026-04-02 13:02:36.202,1895.208532914,634011833,right_foot,右脚,D4:22:CD:00:85:22,0.6409551501274109,0.2745961546897888,-0.7118839621543884,0.08363384753465652,125.20787162944396,-73.43612262802259,-95.5449751127128,2.1211867332458496,0.15661866962909698,4.884840488433838,43.32612991333008,43.6402587890625,-3.725201368331909
2026-04-02 13:02:36.232,1895.238483819,634045167,right_foot,右脚,D4:22:CD:00:85:22,0.6550707817077637,0.2564377188682556,-0.7041908502578735,0.09610904008150101,121.57375455146973,-76.38074574111452,-92.4933434599047,4.36106014251709,-0.5448524355888367,4.247208595275879,-20.45627212524414,66.51741790771484,59.50156784057617
2026-04-02 13:02:36.262,1895.268601433,634078501,right_foot,右脚,D4:22:CD:00:85:22,0.6796035766601562,0.2354564368724823,-0.6835409998893738,0.12438194453716278,106.81762746804009,-80.98485395187859,-77.2427702811415,5.778597831726074,-0.0769181028008461,4.2255120277404785,6.544905185699463,135.627197265625,87.02066802978516
2026-04-02 13:02:36.292,1895.298645663,634111835,right_foot,右脚,D4:22:CD:00:85:22,0.7126592397689819,0.20927919447422028,-0.6523782014846802,0.15073667466640472,58.93654548147386,-83.18716957769539,-29.386974432648792,5.020921230316162,1.5344183444976807,5.48090124130249,-12.47579288482666,180.72752380371094,82.68151092529297
2026-04-02 13:02:36.352,1895.358572826,634145169,right_foot,右脚,D4:22:CD:00:85:22,0.7504613995552063,0.1779296100139618,-0.6137348413467407,0.16875456273555756,18.097859408341264,-78.8788895691651,10.419694481268502,7.500825881958008,1.110518217086792,6.0994768142700195,-43.35600280761719,206.19761657714844,66.12628936767578
2026-04-02 13:02:36.382,1895.388632727,634178503,right_foot,右脚,D4:22:CD:00:85:22,0.7895636558532715,0.1395076960325241,-0.5681638121604919,0.1852477490901947,1.7790797256590922,-71.602531540231,25.12465562040954,9.586593627929688,0.34188202023506165,6.369388580322266,-61.582210540771484,229.87811279296875,72.17823028564453
2026-04-02 13:02:36.412,1895.418605884,634211837,right_foot,右脚,D4:22:CD:00:85:22,0.8257261514663696,0.09623491764068604,-0.5163571834564209,0.20564578473567963,-6.7997518390896365,-63.1662504832497,32.15336314261063,10.073716163635254,-0.9664859771728516,7.043893337249756,-61.744110107421875,246.01913452148438,91.154296875
2026-04-02 13:02:36.443,1895.449352979,634245171,right_foot,右脚,D4:22:CD:00:85:22,0.8535050749778748,0.052696019411087036,-0.46377041935920715,0.23166584968566895,-12.483450196514058,-54.69396016738022,36.846617028934325,11.036404609680176,-1.1515800952911377,8.632999420166016,-49.20830154418945,235.40460205078125,113.25767517089844
2026-04-02 13:02:36.472,1895.478563999,634278505,right_foot,右脚,D4:22:CD:00:85:22,0.8731027245521545,0.00420168973505497,-0.41159042716026306,0.26127973198890686,-17.443489627899016,-46.13026013417808,40.795097891100184,14.34337043762207,-0.18169978260993958,9.767423629760742,-56.990936279296875,225.8873291015625,138.39157104492188
2026-04-02 13:02:36.502,1895.508611472,634311839,right_foot,右脚,D4:22:CD:00:85:22,0.8882240056991577,-0.03714916110038757,-0.3571873903274536,0.28652217984199524,-20.03987037095887,-37.82391983232151,42.68545650812646,16.427392959594727,-1.753371238708496,6.625035285949707,-39.822017669677734,220.09910583496094,119.3008804321289
2026-04-02 13:02:36.532,1895.538620714,634345173,right_foot,右脚,D4:22:CD:00:85:22,0.8979436159133911,-0.06869088113307953,-0.3140214681625366,0.3006146252155304,-21.478331663926397,-31.510060958492723,43.1448348572797,18.76736831665039,2.2560179233551025,-1.3803967237472534,-35.36285400390625,171.63150024414062,77.2909927368164
2026-04-02 13:02:36.562,1895.568362443,634378507,right_foot,右脚,D4:22:CD:00:85:22,0.8986838459968567,-0.08925335109233856,-0.29841652512550354,0.30878621339797974,-23.156668091921073,-28.766663759320156,43.94035348920945,20.648571014404297,6.573179244995117,-10.979557037353516,-38.59098434448242,68.12593078613281,50.47198486328125
2026-04-02 13:02:36.592,1895.598723015,634411841,right_foot,右脚,D4:22:CD:00:85:22,0.8989171981811523,-0.05528774484992027,-0.30978238582611084,0.3048378825187683,-19.77108774475032,-31.549148178647208,43.102034103364545,11.307955741882324,2.8158762454986572,-6.039931297302246,88.6501693725586,-68.39427185058594,-50.06248474121094
2026-04-02 13:02:36.652,1895.65861611,634445175,right_foot,右脚,D4:22:CD:00:85:22,0.8925575613975525,-0.011766636744141579,-0.33137214183807373,0.30560559034347534,-15.989876579011405,-35.75677881668131,42.98982605372538,3.3148181438446045,-4.234925746917725,10.407563209533691,111.25347137451172,-117.5281753540039,-40.6336555480957
2026-04-02 13:02:36.682,1895.688296205,634478509,right_foot,右脚,D4:22:CD:00:85:22,0.8733472228050232,0.02066030539572239,-0.3692096769809723,0.3170521855354309,-15.247030892823703,-41.14730771065919,45.65710066748908,8.525187492370605,3.24346661567688,8.547181129455566,71.73424530029297,-171.13613891601562,17.561996459960938
2026-04-02 13:02:36.712,1895.718520217,634511843,right_foot,右脚,D4:22:CD:00:85:22,0.8603029251098633,0.042834993451833725,-0.4034539461135864,0.3086571991443634,-14.650426928516437,-46.10632494973526,45.73641004362533,15.217305183410645,-0.7158456444740295,7.165217876434326,19.042139053344727,-142.6863250732422,-35.7390251159668
2026-04-02 13:02:36.742,1895.748613661,634545177,right_foot,右脚,D4:22:CD:00:85:22,0.8536734580993652,0.05797877535223961,-0.41929253935813904,0.3034362494945526,-13.619596694316282,-48.682609287605736,45.31974966665972,11.438309669494629,0.36381182074546814,5.71886682510376,21.324382781982422,-71.04717254638672,-26.11063003540039
2026-04-02 13:02:36.772,1895.778656605,634578511,right_foot,右脚,D4:22:CD:00:85:22,0.8491449952125549,0.06508173048496246,-0.42932114005088806,0.30066633224487305,-13.334056262456834,-50.196799434268605,45.26395964755358,7.727319240570068,-0.574776828289032,6.150599956512451,6.844875812530518,-42.090335845947266,-10.58700942993164
2026-04-02 13:02:36.803,1895.809373807,634611845,right_foot,右脚,D4:22:CD:00:85:22,0.846054196357727,0.07063224166631699,-0.4358121454715729,0.2987825870513916,-13.003813017254966,-51.22843590611805,45.15620348127595,7.372996807098389,-1.2110896110534668,5.915023326873779,6.960174560546875,-27.937997817993164,-8.00063705444336
2026-04-02 13:02:36.832,1895.838590527,634645179,right_foot,右脚,D4:22:CD:00:85:22,0.8428313732147217,0.0730220302939415,-0.4414508640766144,0.2990383207798004,-13.227286751341076,-51.981345623229494,45.54020336356723,7.332970142364502,-0.0425286665558815,6.26854944229126,1.8917255401611328,-22.010629653930664,2.860481023788452
2026-04-02 13:02:36.862,1895.868615097,634678513,right_foot,右脚,D4:22:CD:00:85:22,0.8401029109954834,0.07360665500164032,-0.44571372866630554,0.3002468943595886,-13.672433456839443,-52.47534652773541,46.09620613017011,7.382100582122803,-1.6243315935134888,5.6748576164245605,-0.6007611155509949,-15.311115264892578,7.497447490692139
2026-04-02 13:02:36.892,1895.898645839,634711847,right_foot,右脚,D4:22:CD:00:85:22,0.8393135070800781,0.07501312345266342,-0.4460916817188263,0.3015425503253937,-13.617833458983002,-52.56665258758522,46.27341576371929,7.375947952270508,-1.6669025421142578,5.7773261070251465,5.467306137084961,-2.0360827445983887,3.4257423877716064
2026-04-02 13:02:36.952,1895.95853769,634745181,right_foot,右脚,D4:22:CD:00:85:22,0.8381864428520203,0.07674408704042435,-0.44714394211769104,0.3026811182498932,-13.57209417765624,-52.75342328045161,46.46494037329504,7.197015762329102,-0.9650641083717346,6.1617536544799805,5.574042320251465,-4.989556789398193,2.935323715209961
2026-04-02 13:02:36.982,1895.988521307,634778515,right_foot,右脚,D4:22:CD:00:85:22,0.8363596200942993,0.07832906395196915,-0.44968274235725403,0.3035667836666107,-13.6816122869416,-53.10614081114101,46.75964203055646,7.211380481719971,-1.2355679273605347,5.743810176849365,3.409616708755493,-10.38331127166748,3.516011953353882
2026-04-02 13:02:37.012,1896.01857187,634811849,right_foot,右脚,D4:22:CD:00:85:22,0.8348371386528015,0.08078156411647797,-0.4520018696784973,0.3036697804927826,-13.574284108211991,-53.490473382124286,46.84198469099227,7.337563514709473,-1.603259801864624,5.522023677825928,4.863447666168213,-10.489341735839844,-0.5063127279281616
2026-04-02 13:02:37.042,1896.048531907,634845183,right_foot,右脚,D4:22:CD:00:85:22,0.8336182832717896,0.08393920212984085,-0.4539285898208618,0.30328747630119324,-13.276664755322209,-53.87395916058436,46.75373592581978,7.270058631896973,-1.1602421998977661,5.7262139320373535,6.484447002410889,-9.842967987060547,-3.4804975986480713
2026-04-02 13:02:37.072,1896.078492807,634878517,right_foot,右脚,D4:22:CD:00:85:22,0.8319650888442993,0.08653953671455383,-0.4565808176994324,0.30311495065689087,-13.157262223620485,-54.30963900044593,46.807749182135616,7.345818996429443,-1.0791460275650024,5.790351390838623,4.591122627258301,-12.048837661743164,-1.3795801401138306
2026-04-02 13:02:37.102,1896.10852961,634911851,right_foot,右脚,D4:22:CD:00:85:22,0.8303054571151733,0.08932814747095108,-0.4593004882335663,0.3027474284172058,-12.99880122565091,-54.76647275638522,46.82022172113578,7.406614780426025,-1.2190192937850952,5.653360843658447,4.765251636505127,-12.589000701904297,-2.241891622543335
2026-04-02 13:02:37.132,1896.138524344,634945185,right_foot,右脚,D4:22:CD:00:85:22,0.8283345103263855,0.09225469082593918,-0.4625077247619629,0.3023861348628998,-12.873498464971885,-55.28706457891042,46.87274746799905,7.416229724884033,-1.1903656721115112,5.7186174392700195,4.76945686340332,-14.689082145690918,-2.002471685409546
2026-04-02 13:02:37.162,1896.168504924,634978519,right_foot,右脚,D4:22:CD:00:85:22,0.8257602453231812,0.0960313007235527,-0.46677258610725403,0.30169758200645447,-12.704864805279037,-55.978661197578745,46.91246675754687,7.393362045288086,-1.0381414890289307,5.710470199584961,5.772583484649658,-19.724695205688477,-3.358306407928467
2026-04-02 13:02:37.192,1896.198544022,635011853,right_foot,右脚,D4:22:CD:00:85:22,0.8227686882019043,0.10139121860265732,-0.47177624702453613,0.30033057928085327,-12.304068847054964,-56.84848777375001,46.78428059414728,7.456000804901123,-1.6855380535125732,5.408853054046631,8.560174942016602,-24.4269962310791,-7.177544593811035
2026-04-02 13:02:37.282,1896.288489424,635045187,right_foot,右脚,D4:22:CD:00:85:22,0.8191527128219604,0.10761605203151703,-0.4778594970703125,0.2984253168106079,-11.825361808792723,-57.898793052160556,46.59176136375921,7.607079982757568,-0.6526594758033752,5.553572654724121,9.257036209106445,-29.632219314575195,-9.126470565795898
2026-04-02 13:02:37.282,1896.288569592,635078521,right_foot,右脚,D4:22:CD:00:85:22,0.8145843148231506,0.11403367668390274,-0.48584938049316406,0.2956329584121704,-11.431445055909098,-59.199453045224864,46.40270628694246,7.544130325317383,-0.9943828582763672,5.681300640106201,6.738247871398926,-37.16140365600586,-10.263819694519043
2026-04-02 13:02:37.312,1896.318539558,635111855,right_foot,右脚,D4:22:CD:00:85:22,0.8090449571609497,0.12118488550186157,-0.49583113193511963,0.2913963198661804,-10.975084800928961,-60.80036060367168,46.067347761686804,7.903936386108398,-0.9422690868377686,5.724400043487549,4.746510028839111,-45.7547492980957,-13.789973258972168
2026-04-02 13:02:37.342,1896.348537769,635145189,right_foot,右脚,D4:22:CD:00:85:22,0.8033616542816162,0.1284676194190979,-0.5064448714256287,0.2856915593147278,-10.355310841610445,-62.51367948507036,45.44908873377238,8.143437385559082,-1.1754904985427856,5.752822399139404,2.0468103885650635,-48.58226013183594,-17.71454620361328
2026-04-02 13:02:37.373,1896.379382946,635178523,right_foot,右脚,D4:22:CD:00:85:22,0.7964003682136536,0.13727262616157532,-0.5188340544700623,0.2787720561027527,-9.458261840788241,-64.54656239950033,44.565441814169766,8.248361587524414,-0.7580810189247131,6.513757705688477,2.969571590423584,-57.84061050415039,-21.71125030517578
2026-04-02 13:02:37.402,1896.408655025,635211857,right_foot,右脚,D4:22:CD:00:85:22,0.786064863204956,0.1465054601430893,-0.5359721779823303,0.2708725929260254,-8.919092836286769,-67.2182388098977,43.9617699743448,8.53618049621582,-0.05264308676123619,7.174220561981201,-0.5590608716011047,-77.88653564453125,-19.692726135253906
2026-04-02 13:02:37.432,1896.438612247,635245191,right_foot,右脚,D4:22:CD:00:85:22,0.7698779702186584,0.15680213272571564,-0.5610806345939636,0.2605558931827545,-9.013076143160497,-71.02117311265205,43.83352756017321,8.615682601928711,-1.0528311729431152,7.609180450439453,-6.6116838455200195,-112.62628173828125,-18.70512580871582
2026-04-02 13:02:37.462,1896.468611875,635278525,right_foot,右脚,D4:22:CD:00:85:22,0.7460881471633911,0.1744835525751114,-0.5938268303871155,0.2455146610736847,-7.605751394005301,-76.35379693690791,42.413095722698586,9.282049179077148,-2.186079502105713,8.116412162780762,1.1055107116699219,-156.95167541503906,-34.601585388183594
2026-04-02 13:02:37.492,1896.49827225,635311859,right_foot,右脚,D4:22:CD:00:85:22,0.7132969498634338,0.1984737068414688,-0.6348156929016113,0.22096295654773712,1.2924664202239389,-83.38116363543918,33.272378011962886,10.227807998657227,-2.4864683151245117,8.324387550354004,-3.6412549018859863,-207.8782958984375,-59.495948791503906
2026-04-02 13:02:37.552,1896.55863757,635345193,right_foot,右脚,D4:22:CD:00:85:22,0.6691855192184448,0.22628502547740936,-0.6837298274040222,0.1830286681652069,125.41722428444673,-86.30153869595462,-91.75168464958098,10.574803352355957,-2.903719902038574,8.250686645507812,-21.73609733581543,-264.57696533203125,-86.88367462158203
2026-04-02 13:02:37.582,1896.588604999,635378527,right_foot,右脚,D4:22:CD:00:85:22,0.6261951327323914,0.2403852939605713,-0.7291067838668823,0.13600607216358185,150.11528281948725,-78.10143952436613,-119.07344942834176,10.429143905639648,0.08903608471155167,4.062997817993164,-73.29933166503906,-252.59197998046875,-79.18463134765625
2026-04-02 13:02:37.612,1896.61832786,635411861,right_foot,右脚,D4:22:CD:00:85:22,0.604628324508667,0.24615056812763214,-0.7507609128952026,0.100956991314888,149.54908803675315,-73.24855304092699,-120.8202657680338,12.58838176727295,-3.5882270336151123,2.69332218170166,-67.77567291259766,-133.9736328125,-62.26445770263672
2026-04-02 13:02:37.642,1896.648473732,635445195,right_foot,右脚,D4:22:CD:00:85:22,0.6091522574424744,0.255913108587265,-0.7436835765838623,0.10186446458101273,145.94442239405942,-73.36949282769798,-116.31727192144818,6.2448811531066895,-5.695361614227295,4.429993629455566,21.206926345825195,21.893524169921875,-31.581323623657227
2026-04-02 13:02:37.672,1896.678590263,635478529,right_foot,右脚,D4:22:CD:00:85:22,0.6213383078575134,0.25693559646606445,-0.7323622107505798,0.10755584388971329,141.69074941897654,-74.87511094515877,-111.55112042436058,2.185655355453491,1.0267386436462402,5.459222316741943,9.913402557373047,57.37939453125,-5.81292200088501
2026-04-02 13:02:37.702,1896.708489925,635511863,right_foot,右脚,D4:22:CD:00:85:22,0.6421693563461304,0.23997727036476135,-0.7190114259719849,0.11424462497234344,136.01800568646055,-78.03836403265565,-106.84474394229844,5.329537391662598,-1.531463384628296,3.8947641849517822,-32.78606033325195,90.79663848876953,36.65414047241211
2026-04-02 13:02:37.732,1896.738413026,635545197,right_foot,右脚,D4:22:CD:00:85:22,0.6738199591636658,0.2220577597618103,-0.6914539933204651,0.13619199395179749,116.3083464293896,-82.89266675889664,-86.90231261061113,5.958021640777588,-1.0613256692886353,3.688810348510742,-0.5187567472457886,161.77206420898438,56.641170501708984
2026-04-02 13:02:37.762,1896.768512097,635578531,right_foot,右脚,D4:22:CD:00:85:22,0.7114675045013428,0.19845876097679138,-0.655388355255127,0.15777826309204102,50.56535044549117,-84.3840668033011,-21.34982654720309,5.993520736694336,1.1407560110092163,4.498153209686279,-15.086289405822754,198.02532958984375,60.019508361816406
2026-04-02 13:02:37.792,1896.798620249,635611865,right_foot,右脚,D4:22:CD:00:85:22,0.7520480155944824,0.16917751729488373,-0.6129583120346069,0.17344899475574493,12.331534070122968,-78.70618441871109,15.849562064640386,8.100923538208008,0.41642141342163086,4.6098761558532715,-40.82680130004883,219.16050720214844,52.49374008178711
2026-04-02 13:02:37.852,1896.858348702,635645199,right_foot,右脚,D4:22:CD:00:85:22,0.7916295528411865,0.13343265652656555,-0.5654945969581604,0.18903465569019318,-0.4476149546798057,-71.04454269902278,27.180066939500705,10.433734893798828,0.16834861040115356,5.297762870788574,-54.11139678955078,233.8607940673828,63.587791442871094
2026-04-02 13:02:37.882,1896.88853615,635678533,right_foot,右脚,D4:22:CD:00:85:22,0.8270972371101379,0.09529006481170654,-0.5131569504737854,0.20856621861457825,-7.066594045868685,-62.6990971012432,32.614392213949586,11.584779739379883,-1.319254755973816,5.6669511795043945,-47.88179397583008,242.5570068359375,79.439453125
2026-04-02 13:02:37.912,1896.91858737,635711867,right_foot,右脚,D4:22:CD:00:85:22,0.8534002900123596,0.0580873005092144,-0.4605100452899933,0.23720043897628784,-11.84139124487816,-54.444801173074154,37.17375951789102,12.291629791259766,-1.1128617525100708,7.085091590881348,-25.926462173461914,229.6921844482422,110.15679168701172
2026-04-02 13:02:37.942,1896.94851239,635745201,right_foot,右脚,D4:22:CD:00:85:22,0.870323896408081,0.016847824677824974,-0.4102832078933716,0.27188193798065186,-16.29715948335085,-46.32927581441135,41.70844151953114,13.993985176086426,-0.3895469307899475,8.035821914672852,-28.400135040283203,212.43887329101562,142.55252075195312
2026-04-02 13:02:37.972,1896.978430289,635778535,right_foot,右脚,D4:22:CD:00:85:22,0.8840609788894653,-0.02172655612230301,-0.358401894569397,0.2991856336593628,-18.815460093879178,-38.367111269393234,43.99224467197373,15.25903034210205,-1.142236351966858,6.677273750305176,-29.256507873535156,210.35874938964844,119.76138305664062
2026-04-02 13:02:38.002,1897.00849807,635811869,right_foot,右脚,D4:22:CD:00:85:22,0.89713454246521,-0.057926882058382034,-0.3138945996761322,0.30539169907569885,-20.37110900874692,-31.859000331537025,43.46905538207658,14.266450881958008,1.7111575603485107,3.030823230743408,-55.76008605957031,186.82107543945312,53.001224517822266
2026-04-02 13:02:38.032,1897.038545246,635845203,right_foot,右脚,D4:22:CD:00:85:22,0.9029448628425598,-0.09364213049411774,-0.29251280426979065,0.3005960285663605,-23.03425089397519,-28.160882872245043,42.677297379086795,14.702345848083496,3.4700510501861572,-4.9459428787231445,-91.99488830566406,110.10143280029297,21.92039680480957
2026-04-02 13:02:38.063,1897.069310351,635878537,right_foot,右脚,D4:22:CD:00:85:22,0.9024893045425415,-0.0822347030043602,-0.2934131324291229,0.3043993413448334,-21.882921373906495,-28.655375063719887,42.9308321424738,15.462846755981445,3.3323328495025635,-7.812593936920166,37.85803985595703,-15.766522407531738,0.977567195892334
2026-04-02 13:02:38.092,1897.098408498,635911871,right_foot,右脚,D4:22:CD:00:85:22,0.8996750712394714,-0.04358946904540062,-0.31659722328186035,0.2974066734313965,-18.532418205599054,-32.938722188896314,42.10756278728278,4.847788333892822,-5.271507263183594,6.8492045402526855,87.52433776855469,-111.96504211425781,-63.570674896240234
2026-04-02 13:02:38.152,1897.158532373,635945205,right_foot,右脚,D4:22:CD:00:85:22,0.8876520991325378,-0.0026206918992102146,-0.3482776880264282,0.30128002166748047,-15.813341851503878,-38.0769793390354,42.98324793379907,5.239925861358643,0.15410076081752777,7.3116302490234375,96.61299896240234,-152.4045867919922,-24.548810958862305
2026-04-02 13:02:38.182,1897.188287263,635978539,right_foot,右脚,D4:22:CD:00:85:22,0.8726946711540222,0.02942699007689953,-0.3834112584590912,0.30088862776756287,-14.28877310657469,-43.38603128686846,43.75554289595324,9.692562103271484,2.3439853191375732,9.364297866821289,60.56103515625,-157.1997833251953,-23.78325080871582
2026-04-02 13:02:38.212,1897.218529766,636011873,right_foot,右脚,D4:22:CD:00:85:22,0.8607532382011414,0.04745836928486824,-0.41146931052207947,0.2958793044090271,-13.836605958352138,-47.42827148392117,44.0421207698083,15.069405555725098,-1.6567261219024658,5.741490840911865,19.283002853393555,-117.8616943359375,-22.780323028564453
2026-04-02 13:02:38.272,1897.278536359,636045207,right_foot,右脚,D4:22:CD:00:85:22,0.8542490601539612,0.0575026199221611,-0.42720526456832886,0.29059892892837524,-13.42992264164782,-49.75596449279095,43.824769017104614,8.737337112426758,0.01770239695906639,6.2071685791015625,6.948235988616943,-65.36840057373047,-19.784608840942383
2026-04-02 13:02:38.272,1897.278700829,636078541,right_foot,右脚,D4:22:CD:00:85:22,0.8502085208892822,0.06683596223592758,-0.4371126890182495,0.28567594289779663,-12.598566761779098,-51.394525435922205,43.2267785811194,7.664196491241455,-1.7759559154510498,5.516656398773193,10.72353458404541,-43.89942169189453,-21.30565071105957
2026-04-02 13:02:38.302,1897.308273373,636111875,right_foot,右脚,D4:22:CD:00:85:22,0.8463461399078369,0.07528230547904968,-0.44505953788757324,0.28275883197784424,-11.84425377754192,-52.74247565680067,42.83623200711432,7.336854457855225,0.13065320253372192,6.550252914428711,13.05012035369873,-36.64942169189453,-14.788326263427734
2026-04-02 13:02:38.332,1897.338540073,636145209,right_foot,右脚,D4:22:CD:00:85:22,0.8423804640769958,0.07830392569303513,-0.45228320360183716,0.2823179364204407,-12.043873214289077,-53.72653633090966,43.173679620261254,7.654267311096191,-0.020125510171055794,6.063814640045166,1.7575099468231201,-28.92603302001953,0.6697832345962524
2026-04-02 13:02:38.362,1897.368549837,636178543,right_foot,右脚,D4:22:CD:00:85:22,0.8398541212081909,0.08047883212566376,-0.4562567174434662,0.282839298248291,-12.154213879702938,-54.28230627695026,43.47207950875907,7.337500095367432,-2.0169267654418945,5.4492340087890625,3.5780603885650635,-16.290599822998047,2.4869422912597656
2026-04-02 13:02:38.392,1897.398526153,636211877,right_foot,右脚,D4:22:CD:00:85:22,0.8387317657470703,0.08380676805973053,-0.4569854438304901,0.2840239405632019,-11.827691070471392,-54.5066390193879,43.52426406200555,7.485771179199219,-1.1972250938415527,5.789274215698242,10.755271911621094,-5.73801851272583,0.23653697967529297
2026-04-02 13:02:38.452,1897.458528492,636245211,right_foot,右脚,D4:22:CD:00:85:22,0.8370825052261353,0.08539804816246033,-0.4584578275680542,0.2860357165336609,-11.921949190987805,-54.7248235444631,43.91733562246581,7.499052047729492,-0.5239036679267883,6.092198848724365,6.482998371124268,-6.875645160675049,6.047626495361328
2026-04-02 13:02:38.482,1897.48851854,636278545,right_foot,右脚,D4:22:CD:00:85:22,0.8344472050666809,0.08646507561206818,-0.46202099323272705,0.2876770496368408,-12.283791566319506,-55.16620377895699,44.47855406346658,7.254726886749268,-1.2126977443695068,5.9264116287231445,2.6276676654815674,-14.146017074584961,7.371336460113525
2026-04-02 13:02:38.512,1897.518534718,636311879,right_foot,右脚,D4:22:CD:00:85:22,0.8314865231513977,0.08779717981815338,-0.4663158357143402,0.28891339898109436,-12.657264601360698,-55.71060298763285,45.02991555858081,7.451587677001953,-0.9391230344772339,5.494126319885254,2.1376752853393555,-17.23761749267578,6.278801918029785
2026-04-02 13:02:38.542,1897.548515867,636345213,right_foot,右脚,D4:22:CD:00:85:22,0.8287544846534729,0.0890217274427414,-0.4701884388923645,0.2901102900505066,-13.0129536784795,-56.200959269329296,45.555611524319986,7.525388717651367,-1.4457709789276123,5.402669906616211,2.1295862197875977,-15.63939380645752,5.954448223114014
2026-04-02 13:02:38.572,1897.578602806,636378547,right_foot,右脚,D4:22:CD:00:85:22,0.826632559299469,0.09124915301799774,-0.47322535514831543,0.29053404927253723,-13.050356219852114,-56.6563537258617,45.78659538893133,7.493008613586426,-1.550287127494812,5.413045883178711,4.407249927520752,-13.572237014770508,1.2167378664016724
2026-04-02 13:02:38.602,1897.608519821,636411881,right_foot,右脚,D4:22:CD:00:85:22,0.8250241875648499,0.09391773492097855,-0.47550511360168457,0.290532648563385,-12.890809494377375,-57.05352089541324,45.82729631128131,7.634671688079834,-0.9822921752929688,5.316633224487305,5.582098007202148,-11.218412399291992,-1.5071440935134888
2026-04-02 13:02:38.632,1897.638423403,636445215,right_foot,右脚,D4:22:CD:00:85:22,0.8235013484954834,0.09598615765571594,-0.4775580167770386,0.2908099591732025,-12.829911362357253,-57.39090707257067,45.94362391849111,7.553423881530762,-1.2667596340179443,5.489161014556885,4.536768913269043,-9.802630424499512,0.08805980533361435
2026-04-02 13:02:38.662,1897.668541855,636478549,right_foot,右脚,D4:22:CD:00:85:22,0.8221237659454346,0.09841077774763107,-0.4793763756752014,0.2909053862094879,-12.666103555270649,-57.72233013619556,45.972979995046046,7.68291711807251,-0.9619804620742798,5.434361457824707,5.442563533782959,-9.377188682556152,-1.2699501514434814
2026-04-02 13:02:38.692,1897.698616766,636511883,right_foot,右脚,D4:22:CD:00:85:22,0.8207324743270874,0.09968896955251694,-0.48124656081199646,0.2913103997707367,-12.726756468864032,-57.99809691246774,46.15799753587386,7.654118537902832,-0.8565719723701477,5.389219284057617,2.6660385131835938,-8.348706245422363,1.5200481414794922
2026-04-02 13:02:38.752,1897.758314233,636545217,right_foot,右脚,D4:22:CD:00:85:22,0.8188526034355164,0.1021837666630745,-0.4839675724506378,0.2912290692329407,-12.642328483848566,-58.442338934905194,46.24782866817005,7.430976867675781,-1.6157058477401733,5.423554420471191,4.613926410675049,-12.995414733886719,-1.1038721799850464
2026-04-02 13:02:38.782,1897.788485417,636578551,right_foot,右脚,D4:22:CD:00:85:22,0.8160655498504639,0.1069871187210083,-0.4884676933288574,0.2898101210594177,-12.246556107800815,-59.233078265583806,46.08271943244791,7.55771017074585,-0.9594149589538574,5.542959690093994,7.440906524658203,-22.35445213317871,-7.225076675415039
2026-04-02 13:02:38.812,1897.818582249,636611885,right_foot,右脚,D4:22:CD:00:85:22,0.8123407363891602,0.11193138360977173,-0.494760125875473,0.2877262234687805,-11.96498350729978,-60.25461023398113,45.96793147759185,7.714038848876953,-0.9966166019439697,5.561288356781006,5.279670238494873,-29.40412139892578,-7.742181777954102
2026-04-02 13:02:38.842,1897.848540247,636645219,right_foot,右脚,D4:22:CD:00:85:22,0.8072596788406372,0.11743258684873581,-0.5039046406745911,0.28393927216529846,-11.741345878183525,-61.672685747354286,45.781999676656945,7.6411566734313965,-1.2582577466964722,5.940255165100098,1.642516851425171,-40.949893951416016,-11.022563934326172
2026-04-02 13:02:38.872,1897.878295592,636678553,right_foot,右脚,D4:22:CD:00:85:22,0.8010739088058472,0.12441341578960419,-0.5153721570968628,0.2778363525867462,-11.245051879452255,-63.48735559098301,45.22688629861459,8.002883911132812,-1.04159414768219,5.801567077636719,-0.07506118714809418,-51.784095764160156,-18.0333194732666
2026-04-02 13:02:38.902,1897.908411898,636711887,right_foot,右脚,D4:22:CD:00:85:22,0.793530285358429,0.1309005469083786,-0.5286491513252258,0.27148619294166565,-11.030234292477612,-65.51553222955435,44.88401527767225,8.422483444213867,-0.7428733706474304,6.114384174346924,-3.015976905822754,-58.89256286621094,-15.767801284790039
2026-04-02 13:02:38.932,1897.938503906,636745221,right_foot,右脚,D4:22:CD:00:85:22,0.783172607421875,0.1403503268957138,-0.5458161234855652,0.26272937655448914,-10.402810524227686,-68.23078567708886,44.14770808252209,8.302396774291992,-1.6517082452774048,6.95743465423584,-1.6647591590881348,-78.58999633789062,-23.372055053710938
2026-04-02 13:02:38.962,1897.968526229,636778555,right_foot,右脚,D4:22:CD:00:85:22,0.7674312591552734,0.15360406041145325,-0.5696427226066589,0.2509227395057678,-9.36575621512445,-72.06542730151193,43.03175000721722,8.709626197814941,-0.8446100354194641,7.404017448425293,-0.5442768335342407,-111.72686767578125,-30.700666427612305
2026-04-02 13:02:38.992,1897.998349876,636811889,right_foot,右脚,D4:22:CD:00:85:22,0.7438527941703796,0.1694418489933014,-0.6018250584602356,0.2361757755279541,-8.393219887624,-77.25840970200589,41.94120026254557,9.023918151855469,-0.5305996537208557,7.511821746826172,-2.5403130054473877,-153.151123046875,-32.3602294921875
2026-04-02 13:02:39.052,1898.058525861,636845223,right_foot,右脚,D4:22:CD:00:85:22,0.7111427783966064,0.19081833958625793,-0.6406404376029968,0.21781577169895172,-4.13364109062695,-83.8798741132024,37.77300170976721,9.952116966247559,-1.9104819297790527,7.624729156494141,4.106756687164307,-195.92774963378906,-41.82603454589844
2026-04-02 13:02:39.082,1898.088481177,636878557,right_foot,右脚,D4:22:CD:00:85:22,0.6675351858139038,0.2177380919456482,-0.6864410042762756,0.1891709417104721,140.22374443439466,-87.22397171921716,-106.7696563246797,10.035529136657715,-3.4835822582244873,8.15959358215332,-3.047351598739624,-248.3445281982422,-66.60262298583984
2026-04-02 13:02:39.112,1898.118462303,636911891,right_foot,右脚,D4:22:CD:00:85:22,0.6173216104507446,0.24564673006534576,-0.7319634556770325,0.15100029110908508,156.83913862386092,-77.93176399550816,-124.0758111775141,11.934237480163574,-1.1889070272445679,5.413171768188477,-18.13020896911621,-271.5316467285156,-86.98136138916016
2026-04-02 13:02:39.142,1898.148548113,636945225,right_foot,右脚,D4:22:CD:00:85:22,0.5848393440246582,0.25570207834243774,-0.761512041091919,0.11260015517473221,156.29240156526726,-71.49728120664099,-125.69381319054277,8.266203880310059,-1.0007046461105347,2.3948283195495605,-63.25997543334961,-184.00067138671875,-65.29110717773438
2026-04-02 13:02:39.202,1898.208373914,636978559,right_foot,右脚,D4:22:CD:00:85:22,0.5861243605613708,0.26472848653793335,-0.7592900395393372,0.09927547723054886,151.44381800724793,-70.49956296216116,-121.16576641503953,14.099142074584961,-8.465192794799805,3.9854660034179688,-17.04191780090332,-9.389601707458496,-53.412071228027344
2026-04-02 13:02:39.202,1898.208494191,637011893,right_foot,右脚,D4:22:CD:00:85:22,0.6034855842590332,0.2854163348674774,-0.7355151772499084,0.11558684706687927,144.5342436125088,-72.5017514181769,-111.19049066651357,1.948945164680481,-0.6449175477027893,6.722448348999023,76.49528503417969,98.65290069580078,-49.68265151977539
2026-04-02 13:02:39.232,1898.238429938,637045227,right_foot,右脚,D4:22:CD:00:85:22,0.6294713616371155,0.2714526653289795,-0.7183282375335693,0.11867401748895645,136.32583639236506,-75.64152211663621,-104.0391853602679,2.6073856353759766,0.20783770084381104,5.3907647132873535,-39.73937225341797,107.28096008300781,13.665149688720703
2026-04-02 13:02:39.262,1898.268663373,637078561,right_foot,右脚,D4:22:CD:00:85:22,0.6661715507507324,0.24897576868534088,-0.6901717782020569,0.13375075161457062,117.52366646369211,-80.45206786736281,-86.00816052272145,7.6868157386779785,-2.3834891319274902,3.3134384155273438,-34.03123092651367,172.03575134277344,45.955772399902344
2026-04-02 13:02:39.292,1898.298632535,637111895,right_foot,右脚,D4:22:CD:00:85:22,0.7092020511627197,0.22569189965724945,-0.6478101015090942,0.1625957489013672,61.75195072805983,-82.86207277074953,-29.81667199602393,6.924585342407227,-0.23602145910263062,4.269876003265381,-2.047567367553711,231.7418670654297,64.2205810546875
2026-04-02 13:02:39.352,1898.358569877,637145229,right_foot,右脚,D4:22:CD:00:85:22,0.7498376965522766,0.19495269656181335,-0.6045292019844055,0.18515154719352722,19.53561287050594,-78.17816175478885,11.818029901272267,7.267149448394775,0.9954749941825867,5.021108150482178,-31.81610679626465,227.80392456054688,66.1635971069336
2026-04-02 13:02:39.382,1898.388644877,637178563,right_foot,右脚,D4:22:CD:00:85:22,0.7866857647895813,0.15916980803012848,-0.5611968040466309,0.20210988819599152,4.222789370311554,-71.31798425355113,25.786383938296396,9.465963363647461,0.657223641872406,5.589600563049316,-53.84854507446289,219.4379119873047,64.63457489013672
2026-04-02 13:02:39.412,1898.418630738,637211897,right_foot,右脚,D4:22:CD:00:85:22,0.8211544156074524,0.11576120555400848,-0.5131651163101196,0.22128310799598694,-4.736083958196161,-63.381255999356874,33.08842366243202,12.886798858642578,-0.5379610061645508,5.901922702789307,-65.65560913085938,234.13336181640625,84.45552062988281
2026-04-02 13:02:39.442,1898.44834366,637245231,right_foot,右脚,D4:22:CD:00:85:22,0.8505697846412659,0.07355999201536179,-0.4558761715888977,0.25158897042274475,-10.302187964821247,-54.34313929037607,38.25390734696034,12.346220016479492,-1.6931833028793335,6.88387393951416,-33.53495407104492,255.1068878173828,113.94957733154297
2026-04-02 13:02:39.472,1898.478691083,637278565,right_foot,右脚,D4:22:CD:00:85:22,0.8706231117248535,0.027352256700396538,-0.40178820490837097,0.28254789113998413,-14.872195926418922,-45.6488515678263,42.24836759918361,13.082884788513184,-0.19685029983520508,8.047897338867188,-44.71937561035156,234.88671875,131.10140991210938
2026-04-02 13:02:39.502,1898.508591899,637311899,right_foot,右脚,D4:22:CD:00:85:22,0.8850128650665283,-0.021331874653697014,-0.3505295217037201,0.3056567311286926,-18.498271575630486,-37.402170243901175,44.41702265159868,17.33331871032715,-1.4109151363372803,5.243688106536865,-65.33280181884766,220.6439971923828,116.93745422363281
2026-04-02 13:02:39.532,1898.538657825,637345233,right_foot,右脚,D4:22:CD:00:85:22,0.8946264982223511,-0.06682554632425308,-0.3105594515800476,0.3142140209674835,-21.520062677507084,-30.90889512009382,44.72000133697196,16.992151260375977,1.7578120231628418,-0.312160849571228,-85.37828063964844,179.04684448242188,73.16078186035156
2026-04-02 13:02:39.562,1898.568336117,637378567,right_foot,右脚,D4:22:CD:00:85:22,0.8919338583946228,-0.11412476003170013,-0.30334728956222534,0.31529298424720764,-26.560072321504368,-27.980179845367697,45.667000434079,17.30631446838379,4.287528038024902,-7.890182018280029,-137.27435302734375,69.78071594238281,58.31867599487305
2026-04-02 13:02:39.592,1898.598604749,637411901,right_foot,右脚,D4:22:CD:00:85:22,0.8896592855453491,-0.0959872156381607,-0.31178152561187744,0.3195076286792755,-25.17715878169223,-29.565705901770794,46.25520738035482,14.898514747619629,-1.758514642715454,-7.626387596130371,49.966102600097656,-48.71267318725586,-6.413127422332764
2026-04-02 13:02:39.652,1898.658587563,637445235,right_foot,右脚,D4:22:CD:00:85:22,0.8864207863807678,-0.03526725620031357,-0.3222104609012604,0.3304460942745209,-19.226308211579767,-33.2244576301508,46.67519299474352,1.6158146858215332,-6.179690837860107,10.873337745666504,185.2178955078125,-104.26499938964844,-31.10177993774414
2026-04-02 13:02:39.682,1898.688362583,637478569,right_foot,右脚,D4:22:CD:00:85:22,0.8716621398925781,0.01469169370830059,-0.3496086597442627,0.3431660234928131,-15.846286802137264,-38.28435555492157,48.50964830450058,5.37966775894165,6.37461519241333,8.741353034973145,133.6066436767578,-157.173583984375,-2.940162420272827
2026-04-02 13:02:39.712,1898.718729799,637511903,right_foot,右脚,D4:22:CD:00:85:22,0.8575049638748169,0.04130765050649643,-0.3831275999546051,0.340869277715683,-15.150295998905074,-43.25360803428239,49.39319938424162,8.38794994354248,4.621264934539795,9.82720947265625,37.938087463378906,-148.05540466308594,-19.88983726501465
2026-04-02 13:02:39.742,1898.748676198,637545237,right_foot,右脚,D4:22:CD:00:85:22,0.8456417918205261,0.06070612743496895,-0.41129598021507263,0.33472421765327454,-14.783338602515386,-47.413604954742496,49.710300458647694,14.389067649841309,-5.3715128898620605,5.506341934204102,17.409276962280273,-121.3048324584961,-24.949071884155273
2026-04-02 13:02:39.772,1898.778665515,637578571,right_foot,右脚,D4:22:CD:00:85:22,0.837722897529602,0.07551359385251999,-0.4285130500793457,0.32999151945114136,-14.119124563595074,-50.15568789249305,49.633882399165316,9.225733757019043,0.764684796333313,6.268296241760254,17.943519592285156,-78.06587982177734,-21.253223419189453
2026-04-02 13:02:39.803,1898.809338818,637611905,right_foot,右脚,D4:22:CD:00:85:22,0.8324808478355408,0.0847439095377922,-0.4396204650402069,0.32638582587242126,-13.684698667802957,-51.931101843021054,49.50527017326752,8.487276077270508,-0.351606160402298,5.651960372924805,9.750341415405273,-49.93716812133789,-14.348970413208008
2026-04-02 13:02:39.832,1898.838527745,637645239,right_foot,右脚,D4:22:CD:00:85:22,0.829008936882019,0.09063275903463364,-0.44637295603752136,0.32447049021720886,-13.401364866916078,-53.02610523975332,49.45877630649848,7.486183166503906,-0.7941836714744568,5.9840593338012695,7.11328649520874,-30.60221290588379,-7.710439205169678
2026-04-02 13:02:39.862,1898.868716034,637678573,right_foot,右脚,D4:22:CD:00:85:22,0.825658917427063,0.09404159337282181,-0.4521337151527405,0.3240658640861511,-13.506938683679726,-53.858971899784784,49.74424179802396,7.331801891326904,-0.7023947238922119,6.0115742683410645,3.4323201179504395,-24.455476760864258,-0.060382455587387085
2026-04-02 13:02:39.892,1898.898630457,637711907,right_foot,右脚,D4:22:CD:00:85:22,0.8238668441772461,0.09618320316076279,-0.4545170068740845,0.3246632516384125,-13.519316291392935,-54.230737289415146,49.9626075252471,7.555229663848877,-1.3573863506317139,5.670726776123047,4.657251834869385,-10.80953311920166,1.9017304182052612
2026-04-02 13:02:39.952,1898.958532703,637745241,right_foot,右脚,D4:22:CD:00:85:22,0.8232438564300537,0.09769410640001297,-0.4543851613998413,0.32597440481185913,-13.406859197570313,-54.2752447335369,50.098444882986435,7.393306732177734,-1.098360538482666,5.958899974822998,6.419913291931152,-0.9999524354934692,2.723921775817871
2026-04-02 13:02:39.982,1898.988550561,637778575,right_foot,右脚,D4:22:CD:00:85:22,0.8219619989395142,0.09882388263940811,-0.45564109086990356,0.3271137773990631,-13.49324205314239,-54.45830340127643,50.36878728917371,7.249258995056152,-1.0111831426620483,5.969548225402832,3.7446272373199463,-5.6846723556518555,4.005243301391602
2026-04-02 13:02:40.012,1899.018541532,637811909,right_foot,右脚,D4:22:CD:00:85:22,0.8205162286758423,0.09988716244697571,-0.4572715163230896,0.3281441330909729,-13.624838124086674,-54.681608455784605,50.66431173066835,7.324429512023926,-1.3214011192321777,5.705465793609619,3.026569366455078,-7.054948329925537,4.078374862670898
2026-04-02 13:02:40.042,1899.048421037,637845243,right_foot,右脚,D4:22:CD:00:85:22,0.8194332122802734,0.10056470334529877,-0.45827361941337585,0.32924285531044006,-13.748658300449984,-54.812434814320945,50.93348818619025,7.360602855682373,-1.0723636150360107,5.689593315124512,2.6403796672821045,-4.327966213226318,4.214876651763916
2026-04-02 13:02:40.072,1899.07859538,637878577,right_foot,右脚,D4:22:CD:00:85:22,0.8184962868690491,0.10114984959363937,-0.45900803804397583,0.3303692042827606,-13.858591015826054,-54.907663949024254,51.186764001584784,7.2377142906188965,-1.2664693593978882,5.74251127243042,2.6809756755828857,-3.3011908531188965,4.1498260498046875
2026-04-02 13:02:40.102,1899.108534667,637911911,right_foot,右脚,D4:22:CD:00:85:22,0.8177540302276611,0.10199356824159622,-0.45941537618637085,0.33138078451156616,-13.88165600228269,-54.98231095732901,51.36828091081904,7.296919822692871,-1.3023874759674072,5.671701908111572,3.538315534591675,-2.4749112129211426,3.047806739807129
2026-04-02 13:02:40.162,1899.16852061,637945245,right_foot,右脚,D4:22:CD:00:85:22,0.8171341419219971,0.10294266045093536,-0.4597337543964386,0.33217376470565796,-13.857991409940343,-55.05657958976615,51.49298312091345,7.328549861907959,-1.2822582721710205,5.742825984954834,3.5533180236816406,-2.2894303798675537,2.062857151031494
2026-04-02 13:02:40.162,1899.168607358,637978579,right_foot,右脚,D4:22:CD:00:85:22,0.816460371017456,0.10423574596643448,-0.46034377813339233,0.3325822353363037,-13.781756485226206,-55.18892191874611,51.555261888799144,7.212607383728027,-1.1464086771011353,5.8300461769104,3.6034741401672363,-3.780839204788208,0.5719414353370667
2026-04-02 13:02:40.192,1899.198578432,638011913,right_foot,右脚,D4:22:CD:00:85:22,0.8151610493659973,0.1055234894156456,-0.46215909719467163,0.3328453302383423,-13.83830406299028,-55.458363305893464,51.72214681271075,7.225998401641846,-1.308061122894287,5.765356540679932,2.2047207355499268,-8.262478828430176,1.3022949695587158
2026-04-02 13:02:40.253,1899.259387868,638045247,right_foot,右脚,D4:22:CD:00:85:22,0.8133108615875244,0.10790925472974777,-0.46514010429382324,0.3324536085128784,-13.812733533983062,-55.93032028938249,51.82530532335175,7.272343635559082,-1.2876709699630737,5.7940850257873535,3.1160783767700195,-13.953248023986816,-1.2554290294647217
2026-04-02 13:02:40.282,1899.288545017,638078581,right_foot,右脚,D4:22:CD:00:85:22,0.8108540177345276,0.11125709116458893,-0.46958988904953003,0.3310932517051697,-13.730588602665076,-56.63779673590256,51.84721089906103,7.182651042938232,-1.5036507844924927,5.735404968261719,2.806993007659912,-20.54054069519043,-4.284761905670166
2026-04-02 13:02:40.312,1899.318582131,638111915,right_foot,右脚,D4:22:CD:00:85:22,0.8066642880439758,0.11798898130655289,-0.47739073634147644,0.32782506942749023,-13.361522382521175,-57.945939671022145,51.654740017204794,7.1092047691345215,-1.6963340044021606,5.901922225952148,6.024044036865234,-37.318912506103516,-11.853971481323242
2026-04-02 13:02:40.342,1899.348540378,638145249,right_foot,右脚,D4:22:CD:00:85:22,0.7999274134635925,0.1290147602558136,-0.4893494248390198,0.32250332832336426,-12.621922110270454,-60.00894783830302,51.22348660138694,7.401729583740234,-1.7008578777313232,5.791118144989014,10.918463706970215,-58.77340316772461,-20.088077545166016
2026-04-02 13:02:40.462,1899.468404349,638178583,right_foot,右脚,D4:22:CD:00:85:22,0.7928710579872131,0.14008833467960358,-0.5017455220222473,0.31619948148727417,-11.756071196388245,-62.1570088456962,50.58609901912664,8.007386207580566,-0.4758470058441162,5.77284574508667,9.070817947387695,-61.063995361328125,-22.34217643737793
2026-04-02 13:02:40.462,1899.468478155,638211917,right_foot,右脚,D4:22:CD:00:85:22,0.7861123085021973,0.15066297352313995,-0.5142034292221069,0.308095782995224,-10.637327318296649,-64.32689428043061,49.50358783366326,8.246166229248047,-1.563467025756836,6.671635150909424,4.3907060623168945,-61.120018005371094,-26.682645797729492
2026-04-02 13:02:40.492,1899.498409091,638245251,right_foot,右脚,D4:22:CD:00:85:22,0.7787352204322815,0.16248276829719543,-0.5274577140808105,0.29825982451438904,-8.954806612599779,-66.69678515001779,47.81407091505739,8.471220970153809,-0.694092869758606,6.81445837020874,4.18425989151001,-66.70260620117188,-32.53860092163086
2026-04-02 13:02:40.492,1899.498548395,638278585,right_foot,右脚,D4:22:CD:00:85:22,0.7667773962020874,0.17748095095157623,-0.5464593768119812,0.2862425744533539,-6.824703975405244,-69.9896567980635,45.72247896634577,8.412331581115723,-1.1216635704040527,7.61105489730835,5.4121246337890625,-95.02902221679688,-36.24608612060547
2026-04-02 13:02:40.522,1899.528515156,638311919,right_foot,右脚,D4:22:CD:00:85:22,0.7474819421768188,0.19775499403476715,-0.5740482211112976,0.26950356364250183,-3.0023441018385046,-74.74685423159455,41.9468731855895,9.394536972045898,-1.799329400062561,8.468987464904785,6.494938373565674,-139.75692749023438,-46.201900482177734
2026-04-02 13:02:40.552,1899.558543781,638345253,right_foot,右脚,D4:22:CD:00:85:22,0.7189863920211792,0.22222453355789185,-0.6124858856201172,0.24194160103797913,8.73037949951196,-81.21517959630589,29.707873458897033,9.336664199829102,-1.9160137176513672,9.574666976928711,-7.85414981842041,-197.3936309814453,-66.51591491699219
2026-04-02 13:02:40.582,1899.588511663,638378587,right_foot,右脚,D4:22:CD:00:85:22,0.67889803647995,0.2482069581747055,-0.6622607707977295,0.1972338706254959,90.29661561038144,-85.65424928224235,-53.55073040464677,11.092029571533203,-2.4888479709625244,8.902950286865234,-40.777767181396484,-264.72503662109375,-93.99789428710938
2026-04-02 13:02:40.642,1899.648534046,638411921,right_foot,右脚,D4:22:CD:00:85:22,0.6368554830551147,0.26660463213920593,-0.7092679142951965,0.14239339530467987,137.14181281815473,-78.32975881628225,-103.34068521348156,11.060603141784668,-1.0606030225753784,4.992275714874268,-78.01094055175781,-266.5892028808594,-101.64460754394531
2026-04-02 13:02:40.642,1899.648654884,638445255,right_foot,右脚,D4:22:CD:00:85:22,0.6118659973144531,0.2819286584854126,-0.7315168976783752,0.10497312992811203,140.13182588643383,-72.62494024038006,-107.99843290662379,12.176430702209473,-2.901437997817993,2.6386327743530273,-45.695709228515625,-153.24061584472656,-87.18403625488281
2026-04-02 13:02:40.702,1899.70838653,638478589,right_foot,右脚,D4:22:CD:00:85:22,0.6144888401031494,0.2925510108470917,-0.7255074977874756,0.10225529223680496,136.67599765558296,-72.07540746486859,-103.84263724886571,7.466823577880859,-5.939282417297363,3.9740052223205566,15.10324764251709,10.828947067260742,-39.994964599609375
2026-04-02 13:02:40.702,1899.708508514,638511923,right_foot,右脚,D4:22:CD:00:85:22,0.6255961656570435,0.3001127541065216,-0.7118016481399536,0.10908722132444382,131.30097161298522,-72.95559043043954,-97.27617832263327,1.2968072891235352,0.949482262134552,5.251241207122803,26.64011573791504,58.716548919677734,-23.112390518188477
2026-04-02 13:02:40.732,1899.738394156,638545257,right_foot,右脚,D4:22:CD:00:85:22,0.642098069190979,0.28367170691490173,-0.7021341919898987,0.11936479806900024,126.76193039229977,-75.78915535254417,-93.38167884448275,4.235835552215576,-0.7091173529624939,3.950096368789673,-23.519290924072266,75.61573791503906,45.27413558959961
2026-04-02 13:02:40.762,1899.768468425,638578591,right_foot,右脚,D4:22:CD:00:85:22,0.6675833463668823,0.263364315032959,-0.6800042390823364,0.1502194106578827,113.32636973683624,-80.76697666395094,-79.2031629007767,5.9063801765441895,-2.0742545127868652,3.299943447113037,13.953558921813965,146.38369750976562,84.14720153808594
2026-04-02 13:02:40.792,1899.798565568,638611925,right_foot,右脚,D4:22:CD:00:85:22,0.7001450657844543,0.24189023673534393,-0.6470625996589661,0.18054276704788208,66.54060227650278,-83.42295671846736,-31.721727155228724,5.761190414428711,0.7004010677337646,4.1585283279418945,9.213043212890625,187.78875732421875,72.18416595458984
2026-04-02 13:02:40.882,1899.888389645,638645259,right_foot,右脚,D4:22:CD:00:85:22,0.7380845546722412,0.21483038365840912,-0.6072549223899841,0.2007991224527359,23.28950236991324,-79.32283846569597,11.046544832370275,8.27391529083252,-0.7150206565856934,4.223380088806152,-26.803531646728516,211.3041229248047,51.37439727783203
2026-04-02 13:02:40.882,1899.888562634,638678593,right_foot,右脚,D4:22:CD:00:85:22,0.7753838896751404,0.18254128098487854,-0.5621611475944519,0.222335547208786,6.269515564192788,-72.35491941330132,27.412764876772837,10.945590019226074,-1.5750893354415894,4.612958908081055,-33.23400115966797,227.94093322753906,62.02775573730469
2026-04-02 13:02:40.912,1899.918511831,638711927,right_foot,右脚,D4:22:CD:00:85:22,0.8054643273353577,0.14531365036964417,-0.5142645835876465,0.25620874762535095,-3.925725234330965,-64.54257937725278,37.77008421908665,11.9902925491333,-3.3688645362854004,4.582976341247559,-15.832825660705566,233.07618713378906,108.17164611816406
2026-04-02 13:02:40.942,1899.948279731,638745261,right_foot,右脚,D4:22:CD:00:85:22,0.8223668932914734,0.10788251459598541,-0.4683847427368164,0.3044497072696686,-11.327379426056483,-56.72616029763396,46.759672347719786,11.937780380249023,-3.302170991897583,6.138163089752197,13.822827339172363,211.67926025390625,160.89796447753906
2026-04-02 13:02:40.972,1899.978413159,638778595,right_foot,右脚,D4:22:CD:00:85:22,0.8306978940963745,0.06893980503082275,-0.4245358109474182,0.3534933030605316,-16.41472765043753,-48.94344484378778,53.61475184416019,13.367138862609863,-1.848986029624939,7.652870178222656,11.842369079589844,194.15452575683594,175.3572540283203
2026-04-02 13:02:41.002,1900.008556858,638811929,right_foot,右脚,D4:22:CD:00:85:22,0.8395047187805176,0.021381840109825134,-0.38257747888565063,0.38523903489112854,-20.127048274711957,-41.210355448433894,56.93449746902163,15.283985137939453,-1.0701121091842651,6.40324592590332,-40.56930923461914,196.0951690673828,138.52879333496094
2026-04-02 13:02:41.032,1900.038537029,638845263,right_foot,右脚,D4:22:CD:00:85:22,0.8541978001594543,-0.027119889855384827,-0.34413495659828186,0.3888211250305176,-22.400455817126964,-34.52939791567056,55.99197629318824,15.389664649963379,0.22725409269332886,2.2914628982543945,-85.44264221191406,193.42613220214844,51.099857330322266
2026-04-02 13:02:41.063,1900.069880912,638878597,right_foot,右脚,D4:22:CD:00:85:22,0.860194206237793,-0.07944963872432709,-0.331880122423172,0.37895768880844116,-26.843905723448554,-30.713585598902014,55.05111004485707,14.860960960388184,4.40311861038208,-2.7803728580474854,-148.47509765625,113.29901885986328,25.69071388244629
2026-04-02 13:02:41.092,1900.098640657,638911931,right_foot,右脚,D4:22:CD:00:85:22,0.860900342464447,-0.09196287393569946,-0.3309341371059418,0.3753342628479004,-28.02984518570857,-30.050896185646483,54.778558307001944,16.06272315979004,2.848716974258423,-7.472036361694336,-39.761512756347656,21.069059371948242,3.050896406173706
2026-04-02 13:02:41.152,1900.158616931,638945265,right_foot,右脚,D4:22:CD:00:85:22,0.8618943095207214,-0.045177411288022995,-0.3358766436576843,0.3772056996822357,-23.270215287903508,-33.01769013917684,54.25751146760939,8.726794242858887,-3.047731399536133,2.21264386177063,134.61109924316406,-73.4155044555664,-50.040584564208984
2026-04-02 13:02:41.182,1900.188273173,638978599,right_foot,右脚,D4:22:CD:00:85:22,0.85228031873703,0.010951175354421139,-0.34704849123954773,0.3912234306335449,-18.42963150016778,-36.879484654550254,55.50564242143523,0.22820262610912323,-0.7551938891410828,10.672945022583008,166.6583251953125,-118.1571273803711,-12.137259483337402
2026-04-02 13:02:41.212,1900.218625929,639011933,right_foot,右脚,D4:22:CD:00:85:22,0.83122718334198,0.044592101126909256,-0.3761487901210785,0.40692099928855896,-18.02255328755945,-41.4236416494981,59.030357225342115,7.925872802734375,5.56066370010376,8.36556625366211,78.83441162109375,-154.34742736816406,35.78044128417969
2026-04-02 13:02:41.242,1900.248639226,639045267,right_foot,右脚,D4:22:CD:00:85:22,0.819693922996521,0.06841219216585159,-0.4062448740005493,0.39797818660736084,-17.730255942859333,-46.09132426926787,59.38741807120968,11.640240669250488,0.9914714694023132,8.642828941345215,15.835136413574219,-134.9365234375,-34.7846565246582
2026-04-02 13:02:41.272,1900.278625041,639078601,right_foot,右脚,D4:22:CD:00:85:22,0.810509204864502,0.09070131182670593,-0.42408934235572815,0.3936958611011505,-16.677587854106246,-49.36503403493684,59.52290319900781,12.083288192749023,-4.949686050415039,4.75337553024292,34.313331604003906,-93.7471694946289,-25.582111358642578
2026-04-02 13:02:41.302,1900.308183559,639111935,right_foot,右脚,D4:22:CD:00:85:22,0.8061319589614868,0.10579799860715866,-0.43351590633392334,0.38861536979675293,-15.454892216375262,-51.36797055975713,58.94245284516397,8.576838493347168,0.7352880835533142,6.332958221435547,23.04302978515625,-53.68070602416992,-26.474584579467773
2026-04-02 13:02:41.332,1900.338633635,639145269,right_foot,右脚,D4:22:CD:00:85:22,0.8025046586990356,0.11372701078653336,-0.4409611225128174,0.38549375534057617,-15.057383962242746,-52.695799115881975,58.805864989619955,7.933963298797607,0.26639524102211,6.213046073913574,8.4296875,-36.84511947631836,-11.998163223266602
2026-04-02 13:02:41.362,1900.368618386,639178603,right_foot,右脚,D4:22:CD:00:85:22,0.7990717887878418,0.11743432283401489,-0.44724348187446594,0.3842741847038269,-15.250631697637337,-53.61154133423628,59.10547267477518,7.3300018310546875,-1.170391321182251,5.936705589294434,1.1214157342910767,-27.0837345123291,-1.0342068672180176
2026-04-02 13:02:41.392,1900.39859397,639211937,right_foot,右脚,D4:22:CD:00:85:22,0.7962238192558289,0.12122651934623718,-0.45176634192466736,0.3837168514728546,-15.280331601120299,-54.33578352866958,59.33736029996519,7.524160861968994,-1.6110275983810425,5.5650954246521,4.475500106811523,-21.279024124145508,-0.8797636032104492
2026-04-02 13:02:41.452,1900.45849384,639245271,right_foot,右脚,D4:22:CD:00:85:22,0.7949535846710205,0.1237698420882225,-0.4529463052749634,0.3841477334499359,-15.135637810732328,-54.61054312718107,59.430042457630634,7.479473114013672,-0.7547261714935303,5.947165489196777,6.356424808502197,-7.6856770515441895,0.2350768893957138
2026-04-02 13:02:41.512,1900.518439067,639278605,right_foot,右脚,D4:22:CD:00:85:22,0.7936815023422241,0.12467003613710403,-0.4539557695388794,0.38529345393180847,-15.261951585098592,-54.75201278992762,59.725881256802744,7.226778507232666,-1.2072190046310425,6.0371832847595215,3.2019898891448975,-4.844165325164795,4.65357780456543
2026-04-02 13:02:41.512,1900.518594914,639311939,right_foot,右脚,D4:22:CD:00:85:22,0.7923578023910522,0.1254393756389618,-0.4546028971672058,0.3870016932487488,-15.414409657273774,-54.835986381871734,60.095034667416456,7.436996936798096,-1.2843354940414429,5.551962852478027,4.229067325592041,-3.603101968765259,6.262269496917725
2026-04-02 13:02:41.542,1900.548265433,639345273,right_foot,右脚,D4:22:CD:00:85:22,0.7914275527000427,0.12659338116645813,-0.4549553692340851,0.388113409280777,-15.41713440564973,-54.924320674159304,60.29450832831828,7.367696285247803,-1.1894391775131226,5.704129695892334,4.574849605560303,-3.013399600982666,3.337531566619873
2026-04-02 13:02:41.572,1900.578536979,639378607,right_foot,右脚,D4:22:CD:00:85:22,0.7902013659477234,0.12775057554244995,-0.4561936855316162,0.38877832889556885,-15.497694848814476,-55.115169101533496,60.51771769671021,7.247869968414307,-1.3188356161117554,5.826260089874268,2.834825277328491,-6.152495384216309,2.8646702766418457
2026-04-02 13:02:41.602,1900.608548277,639411941,right_foot,右脚,D4:22:CD:00:85:22,0.7890633940696716,0.12935902178287506,-0.45756736397743225,0.38894373178482056,-15.487716206094296,-55.35862988048715,60.63916874448195,7.358837604522705,-1.2135710716247559,5.5986857414245605,3.0622665882110596,-7.26826286315918,0.6993842124938965
2026-04-02 13:02:41.632,1900.638515122,639445275,right_foot,右脚,D4:22:CD:00:85:22,0.7883641123771667,0.13104777038097382,-0.45817482471466064,0.3890810012817383,-15.357837000584693,-55.52708314778784,60.65532614413622,7.41635274887085,-1.384907603263855,5.457759380340576,4.069396018981934,-4.668711185455322,-0.4627193212509155
2026-04-02 13:02:41.662,1900.668264538,639478609,right_foot,右脚,D4:22:CD:00:85:22,0.7878952622413635,0.13329096138477325,-0.45858100056648254,0.3887903690338135,-15.080032764842967,-55.71768094657663,60.532367493003655,7.289400100708008,-1.2486106157302856,5.737454414367676,5.071033477783203,-4.7387824058532715,-2.934885025024414
2026-04-02 13:02:41.692,1900.698505024,639511943,right_foot,右脚,D4:22:CD:00:85:22,0.7870081067085266,0.13559268414974213,-0.45971691608428955,0.3884497284889221,-14.890053602747534,-55.99039174122962,60.48751260732965,7.2870354652404785,-1.1130415201187134,5.725615978240967,4.366934776306152,-7.530359745025635,-2.293843984603882
2026-04-02 13:02:41.752,1900.75851498,639545277,right_foot,右脚,D4:22:CD:00:85:22,0.78537917137146,0.13882863521575928,-0.462268203496933,0.3875747323036194,-14.715079708537008,-56.483274168953564,60.46647466359512,7.206567287445068,-1.360964298248291,5.800979137420654,4.507610321044922,-14.080110549926758,-3.5936853885650635
2026-04-02 13:02:41.782,1900.788372019,639578611,right_foot,右脚,D4:22:CD:00:85:22,0.7827039361000061,0.14352528750896454,-0.466936856508255,0.38567453622817993,-14.5314061017651,-57.31528424855912,60.43492902154113,7.2391252517700195,-1.334757685661316,5.820137023925781,4.505906105041504,-23.949617385864258,-6.309706211090088
2026-04-02 13:02:41.812,1900.818537898,639611945,right_foot,右脚,D4:22:CD:00:85:22,0.7780015468597412,0.15130940079689026,-0.4748106896877289,0.3825882077217102,-14.255233844731995,-58.71396155155061,60.41869440191152,7.358776569366455,-1.3725029230117798,5.871703147888184,7.666860103607178,-40.56612777709961,-10.2235746383667
2026-04-02 13:02:41.842,1900.848610977,639645279,right_foot,右脚,D4:22:CD:00:85:22,0.7710662484169006,0.16169089078903198,-0.48637014627456665,0.3778318166732788,-13.983215951821098,-60.718965738430086,60.42822969426323,7.606334686279297,-1.225294828414917,5.972256183624268,8.208524703979492,-58.41552734375,-14.105928421020508
2026-04-02 13:02:41.872,1900.878450187,639678613,right_foot,右脚,D4:22:CD:00:85:22,0.7638625502586365,0.1725832223892212,-0.4986300468444824,0.37161412835121155,-13.56616775326635,-62.87807410354635,60.20307769032397,8.028175354003906,-0.6636031866073608,6.068484783172607,6.368553161621094,-62.268306732177734,-18.11094856262207
2026-04-02 13:02:41.932,1900.938538614,639711947,right_foot,右脚,D4:22:CD:00:85:22,0.7571926712989807,0.18137504160404205,-0.5113925337791443,0.36364760994911194,-13.30887854043259,-65.00693880267437,59.80853042532793,8.329957008361816,-0.989928662776947,6.436067581176758,-3.1068408489227295,-61.110939025878906,-19.490995407104492
2026-04-02 13:02:41.932,1900.938660954,639745281,right_foot,右脚,D4:22:CD:00:85:22,0.7490549683570862,0.19073060154914856,-0.5262367725372314,0.3544195592403412,-13.15682441684313,-67.45190359416034,59.44742470416763,8.451042175292969,-0.6970093846321106,6.5379180908203125,-5.539666175842285,-70.7089614868164,-20.648109436035156
2026-04-02 13:02:41.962,1900.968394496,639778615,right_foot,右脚,D4:22:CD:00:85:22,0.7367371320724487,0.20283295214176178,-0.54582279920578,0.34373629093170166,-13.347471223016568,-70.68215489388813,59.51050662302374,8.54122257232666,-0.7998725175857544,6.771811485290527,-4.133602142333984,-94.91679382324219,-21.172555923461914
2026-04-02 13:02:41.993,1900.999309784,639811949,right_foot,右脚,D4:22:CD:00:85:22,0.718604326248169,0.21946389973163605,-0.5719447731971741,0.32912391424179077,-13.756713799991601,-75.11997289173821,59.81555285393092,9.173524856567383,-1.5307492017745972,7.440639972686768,-3.6900038719177246,-130.64495849609375,-28.219192504882812
2026-04-02 13:02:42.052,1901.058581627,639845283,right_foot,右脚,D4:22:CD:00:85:22,0.6932682991027832,0.24542324244976044,-0.6041220426559448,0.30689266324043274,-11.527519590428383,-81.2172724693348,57.6476875209555,9.60011100769043,-3.2561779022216797,8.077692985534668,2.9688966274261475,-176.3361053466797,-52.776187896728516
2026-04-02 13:02:42.112,1901.118324865,639878617,right_foot,右脚,D4:22:CD:00:85:22,0.6591019034385681,0.27710509300231934,-0.6447387337684631,0.27038732171058655,47.843773060535185,-88.71514381538182,-2.2879757595722254,10.203702926635742,-3.2398059368133545,8.329463958740234,-14.48398494720459,-233.2706298828125,-82.44559478759766
2026-04-02 13:02:42.112,1901.118498562,639911951,right_foot,右脚,D4:22:CD:00:85:22,0.6201673746109009,0.3069566488265991,-0.6869261264801025,0.22204136848449707,150.20757486733487,-81.2391412769234,-106.13991477417974,11.101737976074219,-1.1416640281677246,5.572263717651367,-41.833274841308594,-257.3738098144531,-99.5168228149414
2026-04-02 13:02:42.172,1901.178522137,639945285,right_foot,右脚,D4:22:CD:00:85:22,0.5938740968704224,0.3252018988132477,-0.7146361470222473,0.1756480634212494,149.8652770267871,-74.3760706517133,-107.9752331270471,9.249650955200195,-2.9745969772338867,2.211996078491211,-64.207275390625,-185.78260803222656,-92.95455932617188
2026-04-02 13:02:42.172,1901.178640859,639978619,right_foot,右脚,D4:22:CD:00:85:22,0.5954521298408508,0.3343788981437683,-0.7130889296531677,0.15852892398834229,144.4216249449729,-72.79225052570389,-103.14034425502823,12.069409370422363,-5.052872657775879,4.423137187957764,-24.307315826416016,-19.42193031311035,-60.65740203857422
2026-04-02 13:02:42.202,1901.208513489,640011953,right_foot,右脚,D4:22:CD:00:85:22,0.6099926233291626,0.3418762981891632,-0.6960135698318481,0.16307836771011353,136.83104784189055,-73.86956071525921,-94.55402364670122,2.3427226543426514,-0.5547801852226257,5.107666492462158,18.90779685974121,69.71253204345703,-37.37678909301758
2026-04-02 13:02:42.232,1901.238305465,640045287,right_foot,右脚,D4:22:CD:00:85:22,0.6304100155830383,0.32516562938690186,-0.6848067045211792,0.1670028418302536,129.49595179320212,-76.41573073913273,-88.4631549665393,2.963639259338379,-0.13386189937591553,4.365479946136475,-43.44345474243164,84.1354751586914,22.871788024902344
2026-04-02 13:02:42.262,1901.268506289,640078621,right_foot,右脚,D4:22:CD:00:85:22,0.6552962064743042,0.30288830399513245,-0.6663792133331299,0.18650509417057037,115.75850525399115,-80.51616006013566,-75.12107731651179,5.1436662673950195,-0.9025586843490601,4.19292688369751,-19.66912269592285,130.82301330566406,59.03985595703125
2026-04-02 13:02:42.292,1901.298523955,640111955,right_foot,右脚,D4:22:CD:00:85:22,0.6850348711013794,0.27492985129356384,-0.6395089626312256,0.21486997604370117,73.13132232799943,-83.89044182005081,-32.54378923723722,6.540433883666992,0.24592840671539307,4.803593635559082,-11.812298774719238,173.73822021484375,80.10144805908203
2026-04-02 13:02:42.352,1901.358362062,640145289,right_foot,右脚,D4:22:CD:00:85:22,0.7195156216621399,0.24390850961208344,-0.603232204914093,0.24272756278514862,20.780322312872723,-80.56659497385992,19.61659759964303,7.879378795623779,0.2969021499156952,5.231012344360352,-17.654891967773438,208.01675415039062,73.25482940673828
2026-04-02 13:02:42.382,1901.388607586,640178623,right_foot,右脚,D4:22:CD:00:85:22,0.7556172013282776,0.2078385353088379,-0.561133861541748,0.2664100229740143,3.046841057202258,-73.48505098731539,36.56771932557362,9.172003746032715,-0.38721856474876404,5.7433271408081055,-35.29104995727539,226.42742919921875,67.16282653808594
2026-04-02 13:02:42.412,1901.418567645,640211957,right_foot,右脚,D4:22:CD:00:85:22,0.7864953875541687,0.167945995926857,-0.5164040923118591,0.29418662190437317,-5.522010525954278,-65.65975201200371,44.580747086194215,10.924758911132812,-1.6404749155044556,6.228693962097168,-31.163862228393555,229.59703063964844,88.04643249511719
2026-04-02 13:02:42.442,1901.448508255,640245291,right_foot,右脚,D4:22:CD:00:85:22,0.8073136806488037,0.12602628767490387,-0.4712129831314087,0.33214476704597473,-11.803714547346267,-57.62391102936405,51.234871775123416,11.801417350769043,-2.724559783935547,7.2154645919799805,-12.306093215942383,220.9764404296875,129.06527709960938
2026-04-02 13:02:42.472,1901.478224442,640278625,right_foot,右脚,D4:22:CD:00:85:22,0.8205371499061584,0.08213025331497192,-0.42725110054016113,0.3707149922847748,-16.323647066921428,-49.64480143574291,56.21717360102486,13.336249351501465,-1.9800431728363037,8.089938163757324,-14.968692779541016,207.91085815429688,143.15289306640625
2026-04-02 13:02:42.502,1901.508667462,640311959,right_foot,右脚,D4:22:CD:00:85:22,0.8320423364639282,0.03375902399420738,-0.38532745838165283,0.3976033926010132,-19.651182289903982,-41.917744484851596,58.673693959657655,13.959437370300293,-0.7972753643989563,7.232852935791016,-46.95133972167969,202.31039428710938,119.59706115722656
2026-04-02 13:02:42.532,1901.538520687,640345293,right_foot,右脚,D4:22:CD:00:85:22,0.8463103771209717,-0.016510779038071632,-0.35198014974594116,0.3994944989681244,-22.358085449148046,-35.632008902531595,57.80671845605675,14.848626136779785,0.04187852144241333,3.522310733795166,-97.5819320678711,181.5463409423828,47.944026947021484
2026-04-02 13:02:42.562,1901.568543197,640378627,right_foot,右脚,D4:22:CD:00:85:22,0.857292890548706,-0.0700313001871109,-0.3375902473926544,0.3823312222957611,-26.3897314870658,-31.68690787188262,55.68456463302067,15.668980598449707,3.818920612335205,-2.9476962089538574,-156.351806640625,128.64524841308594,0.14623379707336426
2026-04-02 13:02:42.592,1901.598386782,640411961,right_foot,右脚,D4:22:CD:00:85:22,0.8606067299842834,-0.09034435451030731,-0.33715152740478516,0.370840460062027,-28.201082478159254,-30.884101966673338,54.561581639733326,16.357868194580078,2.6563262939453125,-8.436908721923828,-72.00151824951172,34.42268753051758,-14.435708999633789
2026-04-02 13:02:42.682,1901.688424325,640445295,right_foot,右脚,D4:22:CD:00:85:22,0.8611810207366943,-0.030761664733290672,-0.3428252041339874,0.3740212321281433,-22.07346157567713,-34.57315865219089,53.89893396771136,9.769967079162598,-3.137949228286743,-0.21134449541568756,173.0081787109375,-92.38465118408203,-61.79024124145508
2026-04-02 13:02:42.682,1901.688544158,640478629,right_foot,右脚,D4:22:CD:00:85:22,0.8459277749061584,0.028077658265829086,-0.3561738431453705,0.3959268629550934,-17.48110758681452,-38.66956898830652,56.338573604898606,1.7860321998596191,0.028072237968444824,10.349085807800293,181.3849334716797,-134.67774963378906,14.062948226928711
2026-04-02 13:02:42.712,1901.718436774,640511963,right_foot,右脚,D4:22:CD:00:85:22,0.8192126750946045,0.06502067297697067,-0.3870953619480133,0.41811493039131165,-17.426669261057103,-43.51931564373437,61.07962859222915,9.03353500366211,4.265263557434082,8.10912036895752,94.99488830566406,-170.2489013671875,59.183624267578125
2026-04-02 13:02:42.742,1901.74853638,640545297,right_foot,右脚,D4:22:CD:00:85:22,0.8082505464553833,0.09205640852451324,-0.4150625765323639,0.4074060618877411,-16.521216833772908,-48.24143353836481,60.94029740288833,14.101749420166016,1.3653286695480347,7.799154281616211,23.86861228942871,-134.01255798339844,-43.296321868896484
2026-04-02 13:02:42.772,1901.778531387,640578631,right_foot,右脚,D4:22:CD:00:85:22,0.8014916777610779,0.11234810948371887,-0.428262323141098,0.40197068452835083,-15.115040523491178,-50.97020760900021,60.507232848039486,11.052812576293945,-0.776995837688446,5.598850250244141,32.06102752685547,-75.63444519042969,-29.53285026550293
2026-04-02 13:02:42.802,1901.808316393,640611965,right_foot,右脚,D4:22:CD:00:85:22,0.7964887022972107,0.12393743544816971,-0.4378510117530823,0.39816030859947205,-14.475123418150051,-52.76692770973941,60.329646227832,7.910837650299072,-0.21998156607151031,6.29537296295166,14.775406837463379,-50.417022705078125,-15.978355407714844
2026-04-02 13:02:42.832,1901.83849578,640645299,right_foot,右脚,D4:22:CD:00:85:22,0.7921779155731201,0.13116447627544403,-0.4457539916038513,0.395668089389801,-14.309289727244861,-54.098693644808506,60.416047776426694,7.799734115600586,-0.9785809516906738,5.783227920532227,6.825362205505371,-38.299652099609375,-7.458494186401367
2026-04-02 13:02:42.892,1901.898410738,640678633,right_foot,右脚,D4:22:CD:00:85:22,0.7890132069587708,0.13546298444271088,-0.4505569338798523,0.3951031267642975,-14.320814508600794,-54.88850742327589,60.66501507464981,7.550615310668945,-0.40851038694381714,5.826048374176025,5.515249252319336,-23.31399917602539,-0.7163801193237305
2026-04-02 13:02:42.892,1901.898541403,640711967,right_foot,右脚,D4:22:CD:00:85:22,0.7867088317871094,0.13836514949798584,-0.4538624584674835,0.3949088454246521,-14.362479124931024,-55.426467518676134,60.88450616558143,7.4042792320251465,-1.6507488489151,5.652286529541016,3.9378623962402344,-15.93212890625,0.5611220002174377
2026-04-02 13:02:42.952,1901.958412202,640745301,right_foot,右脚,D4:22:CD:00:85:22,0.7860738039016724,0.1410520225763321,-0.4538995623588562,0.3951801657676697,-14.031313075553799,-55.5965155405055,60.803895380478984,7.620616912841797,-1.0063875913619995,5.69525671005249,7.737862586975098,-4.043537616729736,-1.7379961013793945
2026-04-02 13:02:42.982,1901.988588682,640778635,right_foot,右脚,D4:22:CD:00:85:22,0.7857989072799683,0.1418306678533554,-0.45329368114471436,0.39614275097846985,-13.941166445194481,-55.56473971113939,60.87897996450336,7.466424942016602,-0.8018141388893127,5.850429534912109,4.357320308685303,1.1116907596588135,2.2717478275299072
2026-04-02 13:02:43.012,1902.018610284,640811969,right_foot,右脚,D4:22:CD:00:85:22,0.7856292724609375,0.14182168245315552,-0.45339784026145935,0.3963627219200134,-13.979518955803531,-55.57137031476364,60.935961459037536,7.283030033111572,-1.2988206148147583,5.737519264221191,0.05114535614848137,-0.009726421907544136,1.6581565141677856
2026-04-02 13:02:43.043,1902.04920948,640845303,right_foot,右脚,D4:22:CD:00:85:22,0.7850074768066406,0.14372451603412628,-0.45391443371772766,0.3963179588317871,-13.788042331802538,-55.74838649484534,60.89253787193545,7.345564365386963,-1.249003291130066,5.5851054191589355,4.466598033905029,-4.629965305328369,-1.2747831344604492
2026-04-02 13:02:43.072,1902.078540099,640878637,right_foot,右脚,D4:22:CD:00:85:22,0.7843450307846069,0.14558406174182892,-0.4544997215270996,0.3962804675102234,-13.6120431155815,-55.929961345190314,60.860701339210515,7.391033172607422,-0.8352299928665161,5.7121710777282715,4.290452480316162,-4.8737030029296875,-1.1418148279190063
2026-04-02 13:02:43.102,1902.108525631,640911971,right_foot,右脚,D4:22:CD:00:85:22,0.783784806728363,0.1465471386909485,-0.45507925748825073,0.39636874198913574,-13.570625318940753,-56.05170138872939,60.90023279391211,7.4355902671813965,-0.9866951107978821,5.557796955108643,2.0242841243743896,-3.472769021987915,0.4310906231403351
2026-04-02 13:02:43.132,1902.138537319,640945305,right_foot,右脚,D4:22:CD:00:85:22,0.7838646769523621,0.1474498212337494,-0.4545467495918274,0.3964867889881134,-13.385217142962443,-56.05051432286613,60.809420428941316,7.423222064971924,-1.0805493593215942,5.456544399261475,3.1030466556549072,0.5791832804679871,-0.8606060743331909
2026-04-02 13:02:43.163,1902.169214455,640978639,right_foot,右脚,D4:22:CD:00:85:22,0.7838971018791199,0.14944876730442047,-0.4539378881454468,0.39637210965156555,-13.014177863098611,-56.114744706428574,60.604148835639506,7.150782585144043,-1.045401930809021,5.695765972137451,5.823918342590332,-0.9442511200904846,-3.21020770072937
2026-04-02 13:02:43.192,1902.198616226,641011973,right_foot,右脚,D4:22:CD:00:85:22,0.7828413844108582,0.15327031910419464,-0.45524388551712036,0.3955002725124359,-12.574813147862612,-56.51232274732483,60.38461617076088,7.168192386627197,-1.370038390159607,6.081473350524902,7.505313396453857,-10.728901863098145,-5.6646552085876465
2026-04-02 13:02:43.252,1902.258532918,641045307,right_foot,右脚,D4:22:CD:00:85:22,0.7804006338119507,0.15856899321079254,-0.45948466658592224,0.39332497119903564,-12.191504969800647,-57.34157474614931,60.18081890458518,7.23328971862793,-1.1370434761047363,5.789168357849121,6.183362007141113,-23.552961349487305,-8.095601081848145
2026-04-02 13:02:43.312,1902.318392801,641078641,right_foot,右脚,D4:22:CD:00:85:22,0.7750680446624756,0.16776296496391296,-0.4688396453857422,0.38899165391921997,-11.732908253548695,-59.012766126369,59.9580699644278,6.927307605743408,-1.4361337423324585,6.094285488128662,7.895846366882324,-48.340145111083984,-13.385252952575684
2026-04-02 13:02:43.312,1902.318512522,641111975,right_foot,右脚,D4:22:CD:00:85:22,0.766271710395813,0.17993642389774323,-0.48369312286376953,0.3827417194843292,-11.43168334346168,-61.52428981753877,59.901960825179856,7.7387542724609375,-0.7908325791358948,6.08659029006958,7.40101957321167,-73.7435073852539,-15.527678489685059
2026-04-02 13:02:43.342,1902.348513527,641145309,right_foot,右脚,D4:22:CD:00:85:22,0.7575528025627136,0.19232472777366638,-0.49782824516296387,0.37588825821876526,-10.898679973428282,-64.00699833053427,59.60378013319746,8.179058074951172,-0.5032612681388855,5.834735870361328,7.869451999664307,-72.44048309326172,-18.035123825073242
2026-04-02 13:02:43.372,1902.37852072,641178643,right_foot,右脚,D4:22:CD:00:85:22,0.749805748462677,0.200276181101799,-0.5115646719932556,0.3687576353549957,-10.986274175478993,-66.1851681254721,59.54878139241392,8.51922607421875,0.660304069519043,7.107740879058838,-4.2877044677734375,-64.26951599121094,-12.671889305114746
2026-04-02 13:02:43.402,1902.408364287,641211977,right_foot,右脚,D4:22:CD:00:85:22,0.7402520179748535,0.20356139540672302,-0.5295355319976807,0.36080706119537354,-12.768692459273103,-68.57121027486484,60.695059597405766,8.510345458984375,0.3136832118034363,7.224453449249268,-21.88820457458496,-73.15550994873047,-1.3189448118209839
2026-04-02 13:02:43.432,1902.438508263,641245311,right_foot,右脚,D4:22:CD:00:85:22,0.7241086959838867,0.21159854531288147,-0.5551372766494751,0.3503071963787079,-15.669207206049762,-72.21484481008181,63.095943386500984,8.207406997680664,-1.7890400886535645,6.76019811630249,-19.29183006286621,-112.41112518310547,-2.9369451999664307
2026-04-02 13:02:43.462,1902.468497849,641278645,right_foot,右脚,D4:22:CD:00:85:22,0.7012587189674377,0.23301735520362854,-0.5853438973426819,0.3336341083049774,-17.188864451405124,-77.53818169674223,64.72861233198921,8.882373809814453,-4.007280349731445,7.6721272468566895,1.5904017686843872,-157.47254943847656,-32.53634262084961
2026-04-02 13:02:43.494,1902.50033568,641311979,right_foot,右脚,D4:22:CD:00:85:22,0.6712093949317932,0.2700890302658081,-0.6195542812347412,0.30443769693374634,-9.628244407095593,-84.97195511825936,57.616516181589894,9.926803588867188,-5.142293453216553,8.819100379943848,15.298892974853516,-209.91749572753906,-83.03060913085938
2026-04-02 13:02:43.552,1902.558502041,641345313,right_foot,右脚,D4:22:CD:00:85:22,0.6283228397369385,0.31529244780540466,-0.6654393076896667,0.2509811520576477,143.62962987315814,-83.98058852312865,-96.35209230601401,12.032140731811523,-4.319451332092285,11.277198791503906,-17.95829200744629,-295.8774719238281,-132.409912109375
2026-04-02 13:02:43.612,1902.618270025,641378647,right_foot,右脚,D4:22:CD:00:85:22,0.5822238922119141,0.3534843623638153,-0.7074881196022034,0.18847894668579102,149.99717116635642,-73.15299762538662,-104.41089165106266,14.14731502532959,-4.3596906661987305,8.462864875793457,-47.05745315551758,-299.2100524902344,-137.54617309570312
2026-04-02 13:02:43.612,1902.618387997,641411981,right_foot,右脚,D4:22:CD:00:85:22,0.549927294254303,0.3858534097671509,-0.7206515669822693,0.1713426113128662,152.19472117398806,-67.64398901694167,-104.83624967100211,13.713393211364746,-8.373879432678223,7.233587265014648,53.53917694091797,-148.92141723632812,-76.74131774902344
2026-04-02 13:02:43.642,1902.648493933,641445315,right_foot,右脚,D4:22:CD:00:85:22,0.5467990636825562,0.38428860902786255,-0.7152128219604492,0.2044597864151001,158.13236199957726,-69.93406518294087,-108.11277888931939,-0.9766767621040344,-5.878015518188477,13.907791137695312,85.90525817871094,44.65196228027344,60.21983337402344
2026-04-02 13:02:43.672,1902.678598541,641478649,right_foot,右脚,D4:22:CD:00:85:22,0.5796166062355042,0.3468121588230133,-0.7054159045219421,0.21483571827411652,157.23591749921763,-75.18506229735151,-110.01862274126458,1.412670612335205,0.15753653645515442,12.367280960083008,-82.02179718017578,135.99717712402344,74.68263244628906
2026-04-02 13:02:43.702,1902.708752704,641511983,right_foot,右脚,D4:22:CD:00:85:22,0.6422473788261414,0.30006974935531616,-0.6658486723899841,0.23264071345329285,131.44907499169736,-84.20884788648875,-87.13272974308735,6.66164493560791,-1.72672438621521,9.275041580200195,-96.07601928710938,283.29888916015625,54.22646713256836
2026-04-02 13:02:43.732,1902.738314536,641545317,right_foot,右脚,D4:22:CD:00:85:22,0.7055691480636597,0.2419201284646988,-0.613596498966217,0.259125679731369,10.201800316821267,-82.41277332638958,31.39378048923071,6.9423418045043945,2.852863311767578,9.208736419677734,-91.83348846435547,330.9594421386719,85.733154296875
2026-04-02 13:02:43.762,1902.768625844,641578651,right_foot,右脚,D4:22:CD:00:85:22,0.7564855217933655,0.1836860477924347,-0.5582857131958008,0.2868901789188385,-7.813286252263331,-71.81719332592583,47.199377793384606,10.002151489257812,1.7225549221038818,9.113651275634766,-76.1045913696289,313.1104736328125,97.5053482055664
2026-04-02 13:02:43.792,1902.798454984,641611985,right_foot,右脚,D4:22:CD:00:85:22,0.7972328066825867,0.1284356266260147,-0.49631261825561523,0.318744033575058,-13.239834282413534,-60.836152021284164,51.380449310892324,12.788117408752441,0.29580608010292053,9.607892990112305,-47.39723587036133,310.4975280761719,108.27130889892578
2026-04-02 13:02:43.852,1902.858289869,641645319,right_foot,右脚,D4:22:CD:00:85:22,0.8264314532279968,0.07188738882541656,-0.4353247880935669,0.3497648239135742,-16.914882695367076,-50.337698342600724,53.871955356980884,15.007461547851562,-0.12854838371276855,10.575634002685547,-48.354103088378906,289.1369323730469,121.3516616821289
2026-04-02 13:02:43.912,1902.918404539,641678653,right_foot,右脚,D4:22:CD:00:85:22,0.8485909700393677,0.012529113329946995,-0.37563884258270264,0.3723330795764923,-19.810866463206484,-40.30508153145802,54.71412414218246,19.715198516845703,-1.3614362478256226,5.858341217041016,-68.90287780761719,276.4776916503906,110.36871337890625
2026-04-02 13:02:43.912,1902.918479231,641711987,right_foot,右脚,D4:22:CD:00:85:22,0.863267719745636,-0.04340674355626106,-0.3258817791938782,0.3829956352710724,-22.493218661851643,-31.964742627092022,54.369032908385215,24.966909408569336,2.7788329124450684,-3.383373260498047,-86.61116027832031,233.70875549316406,81.4099349975586
2026-04-02 13:02:43.972,1902.978506235,641745321,right_foot,右脚,D4:22:CD:00:85:22,0.866239070892334,-0.07960928976535797,-0.3060666620731354,0.38680142164230347,-25.097743543062442,-27.947859919350705,54.46513575967088,24.994653701782227,6.108491897583008,-14.472379684448242,-76.83644104003906,107.95051574707031,50.432342529296875
2026-04-02 13:02:43.972,1902.978593858,641778655,right_foot,右脚,D4:22:CD:00:85:22,0.8609402179718018,-0.06412632018327713,-0.31818294525146484,0.3917003870010376,-24.49881661940055,-29.843752746891546,55.55063436723795,24.154693603515625,6.4250168800354,-15.646203994750977,33.58663558959961,-63.35442352294922,2.324312686920166
2026-04-02 13:02:44.002,1903.008536246,641811989,right_foot,右脚,D4:22:CD:00:85:22,0.8565065860748291,0.006473657675087452,-0.3309089243412018,0.3960476815700531,-17.819798343423248,-34.88835316336783,55.272032475465224,-1.51287841796875,-5.393223762512207,14.505806922912598,195.75350952148438,-137.41571044921875,-60.60772705078125
2026-04-02 13:02:44.032,1903.038547558,641845323,right_foot,右脚,D4:22:CD:00:85:22,0.8310804963111877,0.0613737627863884,-0.37439411878585815,0.4066539704799652,-15.872507516328637,-42.238568709970494,58.310093991077274,7.50762414932251,6.432802677154541,9.288551330566406,115.04489135742188,-231.07118225097656,4.843441009521484
2026-04-02 13:02:44.062,1903.068541774,641878657,right_foot,右脚,D4:22:CD:00:85:22,0.8147912621498108,0.09412478655576706,-0.4108608663082123,0.398056298494339,-15.080344454181837,-48.11323621750009,58.8378478813665,22.220184326171875,1.1374139785766602,7.5785040855407715,34.70486068725586,-172.03253173828125,-35.329071044921875
2026-04-02 13:02:44.092,1903.098424059,641911991,right_foot,右脚,D4:22:CD:00:85:22,0.8029802441596985,0.1107369214296341,-0.4349891245365143,0.39210250973701477,-15.29544018819695,-51.75916127045315,59.507533685360684,8.813593864440918,0.9970881342887878,6.44044303894043,8.713540077209473,-107.86656951904297,-15.053491592407227
2026-04-02 13:02:44.152,1903.15852974,641945325,right_foot,右脚,D4:22:CD:00:85:22,0.7957245111465454,0.12204688042402267,-0.4493529200553894,0.387309730052948,-15.196800048495229,-54.06295089099682,59.69537971797639,9.637798309326172,-1.7767188549041748,4.1842360496521,7.274969577789307,-66.51822662353516,-13.764774322509766
2026-04-02 13:02:44.182,1903.188542247,641978659,right_foot,右脚,D4:22:CD:00:85:22,0.7926619648933411,0.12740549445152283,-0.45486924052238464,0.38541996479034424,-15.027285983271176,-55.017236559548785,59.71969327109923,7.973360061645508,0.04913938418030739,6.45121431350708,5.529097080230713,-26.703418731689453,-5.970719814300537
2026-04-02 13:02:44.212,1903.218481567,642011993,right_foot,右脚,D4:22:CD:00:85:22,0.789736270904541,0.12912999093532562,-0.46056199073791504,0.3840893507003784,-15.442243830321207,-55.755116311397806,60.07634033299277,7.266630172729492,-1.218464970588684,6.066906452178955,-3.800004005432129,-22.04975128173828,1.126092553138733
2026-04-02 13:02:44.242,1903.248541871,642045327,right_foot,右脚,D4:22:CD:00:85:22,0.787736713886261,0.1313605159521103,-0.4641529321670532,0.3831154406070709,-15.542982060882427,-56.29575491898043,60.224337460848794,7.645628452301025,-1.8574433326721191,5.164318561553955,0.5121243596076965,-15.493943214416504,-0.9355453252792358
2026-04-02 13:02:44.302,1903.308308408,642078661,right_foot,右脚,D4:22:CD:00:85:22,0.7864901423454285,0.13618206977844238,-0.4658365547657013,0.38194742798805237,-14.9918888609186,-56.80170823582272,59.944925221803764,7.232553005218506,-1.7887824773788452,5.291160583496094,9.403617858886719,-12.698604583740234,-7.548132419586182
2026-04-02 13:02:44.302,1903.308407997,642111995,right_foot,右脚,D4:22:CD:00:85:22,0.7848975658416748,0.14130878448486328,-0.4677838087081909,0.3809800446033478,-14.448560292285585,-57.35155246501268,59.714653024190284,7.383022785186768,-0.7895609140396118,5.518215179443359,10.37017822265625,-14.354904174804688,-6.986156463623047
2026-04-02 13:02:44.332,1903.338483234,642145329,right_foot,右脚,D4:22:CD:00:85:22,0.7820236086845398,0.1461440771818161,-0.4720291793346405,0.3798280954360962,-14.256142711341818,-58.13509671619889,59.764239698838885,7.430633068084717,-0.9120325446128845,5.533266544342041,6.894733905792236,-22.41109275817871,-4.251972675323486
2026-04-02 13:02:44.362,1903.368543399,642178663,right_foot,右脚,D4:22:CD:00:85:22,0.7778406143188477,0.1522495001554489,-0.4785219728946686,0.3778895139694214,-14.132685526134578,-59.25991663660441,59.88861387618348,6.967134475708008,-1.2657227516174316,5.645693302154541,6.7611470222473145,-32.71726608276367,-5.6340203285217285
2026-04-02 13:02:44.392,1903.398546759,642211997,right_foot,右脚,D4:22:CD:00:85:22,0.7710620760917664,0.16063867509365082,-0.48976120352745056,0.3738878667354584,-14.190583329705364,-61.091706328319226,60.13965523015557,7.404778003692627,-1.5935161113739014,5.758926868438721,4.675563335418701,-53.82905578613281,-9.115447998046875
2026-04-02 13:02:44.452,1903.458567593,642245331,right_foot,右脚,D4:22:CD:00:85:22,0.762000322341919,0.17128393054008484,-0.5044962763786316,0.36810436844825745,-14.323425193644411,-63.502442366742436,60.46076979160443,7.886110782623291,-1.5165388584136963,6.2387776374816895,4.430665969848633,-70.92476654052734,-12.841344833374023
2026-04-02 13:02:44.482,1903.488636798,642278665,right_foot,右脚,D4:22:CD:00:85:22,0.751433789730072,0.18233326077461243,-0.5208681225776672,0.36166003346443176,-14.724746985977795,-66.16051633165715,61.0245763415307,8.273056983947754,-0.004583756439387798,8.128557205200195,3.1744258403778076,-78.85974884033203,-12.446529388427734
2026-04-02 13:02:44.512,1903.518616973,642311999,right_foot,右脚,D4:22:CD:00:85:22,0.7363290190696716,0.19198521971702576,-0.546003520488739,0.35048723220825195,-16.85724597044933,-69.82661348326242,62.717440774594905,8.549099922180176,-0.7486532926559448,9.682526588439941,-16.965045928955078,-111.10971069335938,-11.020654678344727
2026-04-02 13:02:44.572,1903.578590398,642345333,right_foot,右脚,D4:22:CD:00:85:22,0.709896981716156,0.20905141532421112,-0.5847368836402893,0.33230480551719666,-21.8677983171555,-75.72967979025681,67.25266675972851,8.411331176757812,-1.741432785987854,10.801124572753906,-20.259803771972656,-180.72930908203125,-20.084339141845703
2026-04-02 13:02:44.572,1903.578688307,642378667,right_foot,右脚,D4:22:CD:00:85:22,0.6637476682662964,0.24170759320259094,-0.6419057250022888,0.2982838451862335,-46.42133532854432,-85.08443583354611,91.3593008434282,8.116151809692383,-4.409049987792969,13.631856918334961,-20.939767837524414,-295.2619934082031,-54.47716522216797
2026-04-02 13:02:44.602,1903.608643566,642412001,right_foot,右脚,D4:22:CD:00:85:22,0.5922377705574036,0.2898617088794708,-0.7106144428253174,0.24548253417015076,-178.21307420193486,-79.74251770463535,-137.11123393854595,15.546439170837402,-5.273733139038086,15.862153053283691,-17.81806182861328,-410.3219299316406,-96.33997344970703
2026-04-02 13:02:44.632,1903.638629533,642445335,right_foot,右脚,D4:22:CD:00:85:22,0.5197300314903259,0.3344842791557312,-0.7623447179794312,0.19191567599773407,171.8823539610885,-67.04512765097543,-127.23777244075963,15.206851959228516,-3.676745653152466,15.588921546936035,-11.63717269897461,-376.5772705078125,-105.65095520019531
2026-04-02 13:02:44.662,1903.668176254,642478669,right_foot,右脚,D4:22:CD:00:85:22,0.49098220467567444,0.34284770488739014,-0.7830945253372192,0.16779404878616333,170.9076742652833,-62.13197187439117,-127.22648385598661,13.137638092041016,-13.469731330871582,11.090729713439941,-29.19997787475586,-148.7616424560547,-22.483083724975586
2026-04-02 13:02:44.692,1903.69862133,642512003,right_foot,右脚,D4:22:CD:00:85:22,0.5093803405761719,0.3545292019844055,-0.7579337954521179,0.20093995332717896,171.95477775131565,-66.15344993934983,-124.61869221222051,-0.08159926533699036,-3.282290458679199,16.09836769104004,101.0755844116211,120.60723876953125,-16.501903533935547
2026-04-02 13:02:44.752,1903.758621629,642545337,right_foot,右脚,D4:22:CD:00:85:22,0.5717871189117432,0.3336839973926544,-0.7210741639137268,0.2043682485818863,161.6958587896062,-73.94378792475784,-116.50446841670468,0.20096296072006226,-1.7113900184631348,11.26335334777832,-78.81001281738281,241.6863250732422,-28.504560470581055
2026-04-02 13:02:44.782,1903.788165951,642578671,right_foot,右脚,D4:22:CD:00:85:22,0.6548134684562683,0.3033422827720642,-0.6568731069564819,0.21844954788684845,113.08259044580907,-83.11510498348868,-69.69704546365308,7.130641937255859,-3.868581533432007,7.415816307067871,-75.37274169921875,365.6853942871094,-30.264921188354492
2026-04-02 13:02:44.812,1903.818678074,642612005,right_foot,右脚,D4:22:CD:00:85:22,0.7294648885726929,0.26237526535987854,-0.5822128653526306,0.2450878918170929,27.846374376362657,-77.96433215665591,14.454636654142394,6.5819478034973145,-2.145872116088867,7.078634738922119,-54.03087615966797,391.3984069824219,17.134281158447266
2026-04-02 13:02:44.842,1903.848639936,642645339,right_foot,右脚,D4:22:CD:00:85:22,0.7816587686538696,0.2067231386899948,-0.5177053809165955,0.27974316477775574,5.061730217860304,-67.66785495192497,35.98886075808457,10.89494800567627,-3.44339656829834,7.692302227020264,-62.91316604614258,340.2984313964844,94.63191223144531
2026-04-02 13:02:44.872,1903.878748759,642678673,right_foot,右脚,D4:22:CD:00:85:22,0.8133676648139954,0.1383376121520996,-0.4576438069343567,0.33144792914390564,-8.210927912643204,-56.737750584008644,48.7811156286299,17.188962936401367,-3.955946922302246,9.784518241882324,-56.50035858154297,316.3357238769531,185.88267517089844
2026-04-02 13:02:44.902,1903.908387909,642712007,right_foot,右脚,D4:22:CD:00:85:22,0.8358591198921204,0.05194893479347229,-0.39008447527885437,0.38272014260292053,-17.05353831325356,-43.77873920782912,56.09835632377387,21.924318313598633,-1.9995818138122559,8.409064292907715,-94.80599212646484,343.6898193359375,219.90982055664062
2026-04-02 13:02:44.932,1903.938620925,642745341,right_foot,右脚,D4:22:CD:00:85:22,0.8519048094749451,-0.034112799912691116,-0.3268994688987732,0.4077146053314209,-22.497754367474226,-31.948576019071876,57.66799273994433,28.886072158813477,2.5125348567962646,-0.1738119125366211,-133.74481201171875,317.9986877441406,153.09402465820312
2026-04-02 13:02:44.962,1903.968629006,642778675,right_foot,右脚,D4:22:CD:00:85:22,0.8577171564102173,-0.08318721503019333,-0.2896934151649475,0.4165080785751343,-25.139868986615085,-25.31874950324459,57.53685528010479,33.720027923583984,6.224679470062256,-17.046300888061523,-80.91011047363281,181.52862548828125,75.86116790771484
2026-04-02 13:02:44.992,1903.998552106,642812009,right_foot,右脚,D4:22:CD:00:85:22,0.8522303700447083,-0.054273076355457306,-0.30120232701301575,0.4243052005767822,-23.188200074475173,-27.86117743790411,58.7616650841029,26.491621017456055,8.610177993774414,-23.733728408813477,75.20564270019531,-82.88609313964844,-1.4447091817855835
2026-04-02 13:02:45.052,1904.058618379,642845343,right_foot,右脚,D4:22:CD:00:85:22,0.8413598537445068,0.02154761366546154,-0.32350826263427734,0.4324254095554352,-17.1375741227712,-34.26415920386333,59.721342048083,3.4646053314208984,5.020148754119873,14.809576034545898,196.44252014160156,-187.56887817382812,-42.7044792175293
2026-04-02 13:02:45.082,1904.088591049,642878677,right_foot,右脚,D4:22:CD:00:85:22,0.8128304481506348,0.08679987490177155,-0.3869878947734833,0.42662960290908813,-15.42329269446929,-44.68220251778445,61.75765330872827,18.983375549316406,6.170473098754883,12.720718383789062,90.08458709716797,-312.3426208496094,-41.63603973388672
2026-04-02 13:02:45.142,1904.148339923,642912011,right_foot,右脚,D4:22:CD:00:85:22,0.7969784140586853,0.12310311198234558,-0.4213184118270874,0.4149237871170044,-14.013503777962155,-50.68914864133315,61.66813689167016,20.25154685974121,0.643774151802063,4.048244476318359,40.19122314453125,-172.39700317382812,-46.44595718383789
2026-04-02 13:02:45.142,1904.148453857,642945345,right_foot,右脚,D4:22:CD:00:85:22,0.7856244444847107,0.1372079700231552,-0.4449053406715393,0.4074646234512329,-14.54552858040082,-54.181199137476824,62.29701449464932,9.703791618347168,0.8418123722076416,5.0138325691223145,-1.0415763854980469,-102.7227554321289,-13.420197486877441
2026-04-02 13:02:45.172,1904.178622987,642978679,right_foot,右脚,D4:22:CD:00:85:22,0.7792561054229736,0.14351573586463928,-0.4565896987915039,0.404585063457489,-15.05890539820442,-55.86617455011997,62.893724716950494,8.639593124389648,-0.7338196039199829,5.396605491638184,-0.7378765344619751,-49.90359115600586,-1.700947880744934
2026-04-02 13:02:45.202,1904.208596775,643012013,right_foot,右脚,D4:22:CD:00:85:22,0.7753128409385681,0.14489880204200745,-0.46399715542793274,0.4032382369041443,-15.827513750680371,-56.75597160721888,63.54637113450157,7.742708683013916,-0.758499264717102,5.966341495513916,-6.75960111618042,-27.17059326171875,4.608529567718506
2026-04-02 13:02:45.233,1904.239090657,643045347,right_foot,右脚,D4:22:CD:00:85:22,0.7715519666671753,0.1461697220802307,-0.47096213698387146,0.4019162654876709,-16.588879800850588,-57.59054235533885,64.19443636154966,7.595246315002441,-1.9168850183486938,5.355940341949463,-6.494769096374512,-25.702409744262695,4.313559532165527
2026-04-02 13:02:45.262,1904.268614785,643078681,right_foot,右脚,D4:22:CD:00:85:22,0.7681232690811157,0.14967913925647736,-0.47696149349212646,0.4001128375530243,-16.874630653093856,-58.48548240229213,64.52425236604573,7.604798316955566,-1.7851558923721313,4.944503307342529,-0.16158565878868103,-26.065326690673828,-1.644287109375
2026-04-02 13:02:45.292,1904.298698814,643112015,right_foot,右脚,D4:22:CD:00:85:22,0.7652546167373657,0.1532285213470459,-0.48160818219184875,0.39869776368141174,-16.996427625218363,-59.2369063982468,64.74977072330766,7.666910171508789,-0.6908189058303833,4.852450847625732,2.1576411724090576,-21.539676666259766,-2.233269214630127
2026-04-02 13:02:45.352,1904.358355213,643145349,right_foot,右脚,D4:22:CD:00:85:22,0.7629224061965942,0.15679055452346802,-0.48510047793388367,0.39754703640937805,-16.96224846519428,-59.86572908361677,64.86121269235261,7.37630033493042,-1.5519365072250366,5.041845321655273,3.9185526371002197,-17.603496551513672,-2.9411582946777344
2026-04-02 13:02:45.382,1904.388650224,643178683,right_foot,右脚,D4:22:CD:00:85:22,0.7593744993209839,0.16479632258415222,-0.49043434858322144,0.3945457637310028,-16.39598410480843,-61.03152781613406,64.61703599540691,6.881867408752441,-2.272529125213623,5.249195575714111,10.618041038513184,-31.645544052124023,-12.649859428405762
2026-04-02 13:02:45.412,1904.418609661,643212017,right_foot,右脚,D4:22:CD:00:85:22,0.7542614936828613,0.1770409494638443,-0.4988550841808319,0.38844531774520874,-15.327216552605266,-62.88276908227593,63.90309231980423,8.010765075683594,-1.684215784072876,5.815933704376221,13.154109954833984,-49.97911071777344,-24.139787673950195
2026-04-02 13:02:45.442,1904.448624471,643245351,right_foot,右脚,D4:22:CD:00:85:22,0.7489545345306396,0.1888766884803772,-0.5076335072517395,0.3817076086997986,-14.205512505903476,-64.76682599605691,63.048665817862776,8.104900360107422,-0.9821027517318726,7.239765644073486,10.624275207519531,-51.21501922607422,-24.683731079101562
2026-04-02 13:02:45.472,1904.478343331,643278685,right_foot,右脚,D4:22:CD:00:85:22,0.73757004737854,0.20232076942920685,-0.5265987515449524,0.37114739418029785,-14.26742647988351,-67.9701668078755,63.06861153283924,8.167269706726074,-0.04887215793132782,9.918415069580078,-1.3374437093734741,-92.88424682617188,-22.787851333618164
2026-04-02 13:02:45.502,1904.508689876,643312019,right_foot,右脚,D4:22:CD:00:85:22,0.7134592533111572,0.21713660657405853,-0.5637868046760559,0.3549252152442932,-18.505716576038672,-73.45823532455674,66.75968470330294,8.492825508117676,1.0814626216888428,10.925280570983887,-22.522573471069336,-168.21141052246094,-10.689983367919922
2026-04-02 13:02:45.532,1904.538600064,643345353,right_foot,右脚,D4:22:CD:00:85:22,0.6698541641235352,0.24177588522434235,-0.6203222274780273,0.3286943733692169,-36.469317247750546,-81.88704030683552,84.1759475573224,7.658884048461914,-2.6836137771606445,14.58967113494873,-26.853801727294922,-273.5537109375,-16.03569793701172
2026-04-02 13:02:45.562,1904.568606268,643378687,right_foot,右脚,D4:22:CD:00:85:22,0.5944175124168396,0.29421743750572205,-0.6965063810348511,0.27382948994636536,-167.5428386613587,-81.55691107653675,-144.95516680547712,14.11046028137207,-8.031096458435059,18.394744873046875,-19.730178833007812,-443.5538635253906,-89.48948669433594
2026-04-02 13:02:45.652,1904.65845854,643412021,right_foot,右脚,D4:22:CD:00:85:22,0.5132974982261658,0.34816235303878784,-0.7554963827133179,0.21102997660636902,174.2659800241438,-67.29945144705135,-126.69716807039751,18.875633239746094,-7.277316570281982,19.824283599853516,-13.865540504455566,-432.3333740234375,-121.80609893798828
2026-04-02 13:02:45.652,1904.658534542,643445355,right_foot,右脚,D4:22:CD:00:85:22,0.4808301329612732,0.36281922459602356,-0.7775844931602478,0.1803520917892456,171.76018594563914,-61.479050462451625,-125.0670934457309,12.29487419128418,-13.19497299194336,12.866774559020996,-31.42282485961914,-173.65696716308594,-42.48953628540039
2026-04-02 13:02:45.712,1904.718283615,643478689,right_foot,右脚,D4:22:CD:00:85:22,0.49710750579833984,0.37696146965026855,-0.7512841820716858,0.21530506014823914,172.92440101485195,-65.40348447176979,-122.16286435173846,-0.5617431998252869,-4.821579456329346,17.005615234375,111.91561889648438,118.15409088134766,-23.57884407043457
2026-04-02 13:02:45.712,1904.718383345,643512023,right_foot,右脚,D4:22:CD:00:85:22,0.5588816404342651,0.35515719652175903,-0.7156674861907959,0.22211402654647827,164.05000355691962,-73.27911997798037,-115.31637595936948,1.6058423519134521,-0.9233751893043518,10.734577178955078,-74.2044906616211,241.4033203125,-24.654613494873047
2026-04-02 13:02:45.742,1904.748632978,643545357,right_foot,右脚,D4:22:CD:00:85:22,0.6405202150344849,0.3232375681400299,-0.655062198638916,0.23694902658462524,122.94881121928394,-82.90504541956885,-76.18323196320972,6.400338172912598,-2.509035348892212,6.648405075073242,-78.96913146972656,356.066650390625,-30.392541885375977
2026-04-02 13:02:45.772,1904.778604368,643578691,right_foot,右脚,D4:22:CD:00:85:22,0.7141198515892029,0.2774437367916107,-0.5848842859268188,0.26639828085899353,27.60220840064891,-79.47527145740442,17.83208398754485,7.137659072875977,-0.9170828461647034,6.655876159667969,-59.59210205078125,386.6878662109375,28.752737045288086
2026-04-02 13:02:45.802,1904.808612904,643612025,right_foot,右脚,D4:22:CD:00:85:22,0.7705771923065186,0.21424919366836548,-0.5173543095588684,0.30438902974128723,2.3399733399211256,-68.08721283250527,41.528415982434225,11.522442817687988,-2.7018415927886963,7.178597450256348,-71.05391693115234,369.7713317871094,102.88694763183594
2026-04-02 13:02:45.832,1904.838396791,643645359,right_foot,右脚,D4:22:CD:00:85:22,0.8095385432243347,0.1401490867137909,-0.4453927278518677,0.3558522164821625,-9.074534192375493,-55.17197587014777,52.20654128957477,15.612645149230957,-3.639624834060669,9.567178726196289,-58.413753509521484,371.98907470703125,172.9296417236328
2026-04-02 13:02:45.862,1904.868626196,643678693,right_foot,右脚,D4:22:CD:00:85:22,0.8364669680595398,0.041725244373083115,-0.3775419294834137,0.3950240910053253,-17.803917791423398,-41.64916975046574,57.37711258605206,23.0516414642334,-0.6931188106536865,7.675534248352051,-144.39158630371094,366.421630859375,192.57054138183594
2026-04-02 13:02:45.892,1904.898659931,643712027,right_foot,右脚,D4:22:CD:00:85:22,0.848420262336731,-0.042773496359586716,-0.3141527771949768,0.4238651990890503,-22.98538383059955,-29.788955367120494,59.283694546862606,33.64352035522461,1.163671612739563,-3.423895835876465,-121.42766571044922,314.4130859375,165.7176513671875
2026-04-02 13:02:45.952,1904.95838813,643745361,right_foot,右脚,D4:22:CD:00:85:22,0.845909059047699,-0.08320671319961548,-0.2886926829814911,0.44064846634864807,-25.746082600800914,-24.52471216928135,60.71881496135399,34.921810150146484,8.306387901306152,-21.945545196533203,-62.962745666503906,126.86829376220703,99.0120849609375
2026-04-02 13:02:45.982,1904.988629618,643778695,right_foot,右脚,D4:22:CD:00:85:22,0.8405346274375916,-0.008822203613817692,-0.3017958998680115,0.44982537627220154,-19.299577011568722,-29.96050692130558,61.51830517295316,23.478839874267578,9.737632751464844,-16.638378143310547,204.5807342529297,-158.1414794921875,-42.806758880615234
2026-04-02 13:02:46.012,1905.018597501,643812029,right_foot,右脚,D4:22:CD:00:85:22,0.8207087516784668,0.06127748265862465,-0.3442043364048004,0.4518906772136688,-15.56861556449685,-38.342773187095304,63.117570819844026,2.6720805168151855,9.141691207885742,19.40754508972168,138.8371124267578,-250.4333953857422,-36.877166748046875
2026-04-02 13:02:46.043,1905.049391693,643845363,right_foot,右脚,D4:22:CD:00:85:22,0.7972109317779541,0.10600665211677551,-0.3992936313152313,0.44020652770996094,-15.488934181216854,-46.884066075930264,64.56303078965644,31.191699981689453,0.018747225403785706,6.160602569580078,31.65816307067871,-254.2291717529297,-36.69865417480469
2026-04-02 13:02:46.072,1905.078462606,643878697,right_foot,右脚,D4:22:CD:00:85:22,0.7851107716560364,0.13228359818458557,-0.42554014921188354,0.4301365911960602,-14.719200091949688,-51.443371868125894,64.55460743134522,11.257608413696289,0.20916251838207245,5.039948463439941,22.94815444946289,-130.21609497070312,-34.50153350830078
2026-04-02 13:02:46.102,1905.108616598,643912031,right_foot,右脚,D4:22:CD:00:85:22,0.7765029668807983,0.1471177041530609,-0.44368013739585876,0.422548770904541,-14.583374481291038,-54.426182808729116,64.6362617129768,8.659534454345703,0.22063878178596497,5.546548366546631,6.12349796295166,-85.1733169555664,-19.847408294677734
2026-04-02 13:02:46.132,1905.138654744,643945365,right_foot,右脚,D4:22:CD:00:85:22,0.7712985277175903,0.15342025458812714,-0.45412033796310425,0.4187309741973877,-14.88355071515157,-55.99699421672469,64.93953476067523,8.191980361938477,-0.5154225826263428,5.840641498565674,-1.4251514673233032,-45.245033264160156,-5.611804485321045
2026-04-02 13:02:46.162,1905.168513314,643978699,right_foot,右脚,D4:22:CD:00:85:22,0.7697902917861938,0.15465256571769714,-0.4567563831806183,0.4181854724884033,-15.05878112423175,-56.36263543877721,65.12705512881938,8.050305366516113,-0.9617826342582703,5.5161004066467285,-0.47962406277656555,-9.90924072265625,1.4763083457946777
2026-04-02 13:02:46.192,1905.198556233,644012033,right_foot,右脚,D4:22:CD:00:85:22,0.7692826390266418,0.15602107346057892,-0.4564407169818878,0.4189549684524536,-14.915145594439299,-56.407705476134495,65.17686656455152,7.5915327072143555,-2.189553737640381,5.150337219238281,5.644160747528076,-0.15982331335544586,1.6464650630950928
2026-04-02 13:02:46.252,1905.258558497,644045367,right_foot,右脚,D4:22:CD:00:85:22,0.7688535451889038,0.159846693277359,-0.4559480547904968,0.4188370704650879,-14.324998710024305,-56.61730801745878,64.90379112481025,7.252628326416016,-0.9703636765480042,5.318373680114746,10.949264526367188,-3.703322649002075,-4.8970818519592285
2026-04-02 13:02:46.282,1905.288314783,644078701,right_foot,右脚,D4:22:CD:00:85:22,0.7677363753318787,0.16322587430477142,-0.45667755603790283,0.41878846287727356,-13.98249345394126,-56.92219216252654,64.82982259800836,7.412681579589844,-0.6898980736732483,5.437923431396484,8.476579666137695,-7.462069034576416,-2.4091670513153076
2026-04-02 13:02:46.312,1905.31850531,644112035,right_foot,右脚,D4:22:CD:00:85:22,0.7661460638046265,0.1702374368906021,-0.4583372175693512,0.41709253191947937,-13.103797251282503,-57.598750394089976,64.35370700180425,6.687750339508057,-1.9586701393127441,5.484555244445801,14.389169692993164,-16.93535614013672,-11.332393646240234
2026-04-02 13:02:46.342,1905.348521914,644145369,right_foot,右脚,D4:22:CD:00:85:22,0.7618215084075928,0.18173746764659882,-0.4643761217594147,0.41346603631973267,-12.028614353655538,-59.07358898404118,63.81302950144705,6.846438407897949,-1.264309048652649,6.246645927429199,18.47637367248535,-40.470947265625,-17.116722106933594
2026-04-02 13:02:46.372,1905.378548228,644178703,right_foot,右脚,D4:22:CD:00:85:22,0.7526574730873108,0.19751186668872833,-0.47871294617652893,0.40660718083381653,-11.22073331231003,-61.791520768941524,63.4865252880316,7.64450740814209,-0.7027722597122192,7.074262619018555,15.730425834655762,-78.18639373779297,-20.433012008666992
2026-04-02 13:02:46.402,1905.40881689,644212037,right_foot,右脚,D4:22:CD:00:85:22,0.7409233450889587,0.21402192115783691,-0.49925631284713745,0.3949306905269623,-10.666097749218295,-65.34952804051092,62.96999089772718,8.053563117980957,-1.225947380065918,9.33395767211914,2.774786949157715,-102.9731216430664,-26.35357666015625
2026-04-02 13:02:46.432,1905.438492467,644245371,right_foot,右脚,D4:22:CD:00:85:22,0.72331303358078,0.23209011554718018,-0.5299210548400879,0.37700966000556946,-10.925507468899712,-70.32165420106121,62.76708294542236,8.452507972717285,1.0533459186553955,11.16746997833252,-13.417614936828613,-145.88243103027344,-29.583192825317383
2026-04-02 13:02:46.462,1905.468544677,644278705,right_foot,右脚,D4:22:CD:00:85:22,0.6871536374092102,0.25944018363952637,-0.5807175040245056,0.35110941529273987,-15.023649443644556,-78.59910904481573,66.45038943517564,7.946352005004883,-2.4828665256500244,14.077286720275879,-16.145578384399414,-248.71109008789062,-26.211669921875
2026-04-02 13:02:46.492,1905.498519615,644312039,right_foot,右脚,D4:22:CD:00:85:22,0.628745973110199,0.3156782388687134,-0.6411352753639221,0.306547611951828,169.7149242444487,-88.7529182239088,-117.506377656701,11.200895309448242,-8.372193336486816,17.523441314697266,23.069944381713867,-368.45892333984375,-92.96678924560547
2026-04-02 13:02:46.552,1905.558498834,644345373,right_foot,右脚,D4:22:CD:00:85:22,0.5451492071151733,0.3981840908527374,-0.6988834142684937,0.23627041280269623,160.53711444485572,-71.83262633819871,-106.4941072026531,16.33228874206543,-11.067547798156738,21.674633026123047,53.24486541748047,-475.6163024902344,-183.70883178710938
2026-04-02 13:02:46.582,1905.588534449,644378707,right_foot,右脚,D4:22:CD:00:85:22,0.49052587151527405,0.438288152217865,-0.7287893891334534,0.1901414394378662,161.10236228736852,-61.842495050274636,-106.56961322726471,14.79636001586914,-4.3399200439453125,13.096887588500977,14.335952758789062,-285.9257507324219,-97.93150329589844
2026-04-02 13:02:46.612,1905.61853024,644412041,right_foot,右脚,D4:22:CD:00:85:22,0.5037134885787964,0.44417819380760193,-0.7094922661781311,0.21353936195373535,160.20326589975315,-64.75076120802458,-103.27619733767182,4.630902290344238,-13.718814849853516,15.393956184387207,60.55134201049805,93.6857681274414,-13.527867317199707
2026-04-02 13:02:46.642,1905.648417911,644445375,right_foot,右脚,D4:22:CD:00:85:22,0.5506067872047424,0.42184966802597046,-0.6814685463905334,0.23339985311031342,152.78176643253002,-71.32710761416314,-96.77136598726291,0.35050398111343384,4.06437873840332,12.001616477966309,-42.17250442504883,205.93165588378906,10.870055198669434
2026-04-02 13:02:46.672,1905.678506093,644478709,right_foot,右脚,D4:22:CD:00:85:22,0.6173250079154968,0.3772110044956207,-0.6415859460830688,0.2549295425415039,127.88462200905019,-79.88546135759039,-74.55916109552507,3.8908114433288574,-3.8738911151885986,5.926051616668701,-99.67172241210938,295.2471008300781,33.06568908691406
2026-04-02 13:02:46.702,1905.708534452,644512043,right_foot,右脚,D4:22:CD:00:85:22,0.6789231300354004,0.32250431180000305,-0.5919684767723083,0.29090797901153564,45.73428722161612,-82.49811128212876,5.795476639492781,6.680940628051758,0.5956371426582336,6.439446926116943,-73.925048828125,332.33953857421875,77.51606750488281
2026-04-02 13:02:46.732,1905.738525955,644545377,right_foot,右脚,D4:22:CD:00:85:22,0.7317459583282471,0.2528426945209503,-0.5387862324714661,0.33215606212615967,2.3786246327499514,-73.03357629355095,47.06746507671067,11.129007339477539,-1.4200196266174316,7.056706428527832,-84.74407196044922,343.74420166015625,124.96615600585938
2026-04-02 13:02:46.762,1905.768414632,644578711,right_foot,右脚,D4:22:CD:00:85:22,0.7748416066169739,0.17584477365016937,-0.4731863737106323,0.38051775097846985,-10.129886396960778,-60.124875826200785,58.18387248650646,13.98161506652832,-2.2025320529937744,8.787799835205078,-67.32196044921875,371.8610534667969,156.60342407226562
2026-04-02 13:02:46.792,1905.79838619,644612045,right_foot,右脚,D4:22:CD:00:85:22,0.8052539825439453,0.08468944579362869,-0.4059806168079376,0.42376089096069336,-17.567003845850675,-46.5197236103434,63.110245100129376,18.740087509155273,0.216268390417099,9.587462425231934,-103.64877319335938,371.2637634277344,181.5016632080078
2026-04-02 13:02:46.852,1905.858500623,644645379,right_foot,右脚,D4:22:CD:00:85:22,0.8213179111480713,-0.014348750002682209,-0.34443920850753784,0.45452454686164856,-23.829095853559792,-33.5555018485521,65.20095640037609,29.202152252197266,-0.5052973031997681,1.6862519979476929,-146.89871215820312,343.92657470703125,180.64637756347656
2026-04-02 13:02:46.882,1905.888398445,644678713,right_foot,右脚,D4:22:CD:00:85:22,0.8210200667381287,-0.07409825921058655,-0.3035080134868622,0.47782647609710693,-27.09388646776301,-25.312825085376197,66.59220579690817,32.950218200683594,5.532464027404785,-13.937530517578125,-77.34333038330078,206.00717163085938,137.87210083007812
2026-04-02 13:02:46.912,1905.918521036,644712047,right_foot,右脚,D4:22:CD:00:85:22,0.8164125084877014,-0.06464628130197525,-0.3066326975822449,0.48504412174224854,-26.634575722259413,-25.974110124727634,67.68008593274138,32.712337493896484,8.904765129089355,-24.787967681884766,28.001489639282227,-30.98238754272461,17.1331844329834
2026-04-02 13:02:46.973,1905.979277756,644745381,right_foot,右脚,D4:22:CD:00:85:22,0.8118324875831604,0.024650122970342636,-0.3181179165840149,0.4890003800392151,-18.79895992910004,-32.72617908245789,67.68995256790829,8.040031433105469,4.1747660636901855,10.14624309539795,235.22824096679688,-185.73703002929688,-77.36598205566406
2026-04-02 13:02:47.002,1906.008263977,644778715,right_foot,右脚,D4:22:CD:00:85:22,0.7844603061676025,0.09618759155273438,-0.3751099407672882,0.48441964387893677,-16.885742855738187,-42.977265791499605,70.08082126324281,13.381958961486816,9.222949981689453,13.86794662475586,101.3421401977539,-309.0228576660156,-39.35042190551758
2026-04-02 13:02:47.002,1906.00839195,644812049,right_foot,右脚,D4:22:CD:00:85:22,0.7669334411621094,0.1348249763250351,-0.4122024476528168,0.4729948937892914,-16.360672146760013,-49.44718271076338,70.90098786162608,22.0339412689209,-1.5701055526733398,4.005528450012207,33.569244384765625,-189.44908142089844,-37.76200485229492
2026-04-02 13:02:47.032,1906.038506179,644845383,right_foot,右脚,D4:22:CD:00:85:22,0.756035566329956,0.15522843599319458,-0.4354938268661499,0.4633133113384247,-16.430235730244142,-53.353819096964315,71.29931524743135,9.935301780700684,0.9442636966705322,4.898099422454834,7.455212116241455,-112.88513946533203,-24.402158737182617
2026-04-02 13:02:47.062,1906.068502192,644878717,right_foot,右脚,D4:22:CD:00:85:22,0.7490507364273071,0.16739550232887268,-0.4493430256843567,0.45715683698654175,-16.506686860529555,-55.711727357270604,71.55994174304854,8.633217811584473,0.031146129593253136,5.384256362915039,4.317743301391602,-67.52571105957031,-14.17813491821289
2026-04-02 13:02:47.092,1906.098291768,644912051,right_foot,右脚,D4:22:CD:00:85:22,0.7466597557067871,0.17297951877117157,-0.45460981130599976,0.45377007126808167,-16.321154271036093,-56.70585967635146,71.42679622439016,8.124822616577148,-1.219684362411499,5.635949611663818,2.4921271800994873,-26.521154403686523,-9.088260650634766
2026-04-02 13:02:47.152,1906.158604902,644945385,right_foot,右脚,D4:22:CD:00:85:22,0.7440673112869263,0.17569713294506073,-0.4601742625236511,0.4513688087463379,-16.651603025375078,-57.50196076183615,71.66488812789751,7.896820545196533,-1.0558959245681763,5.804111480712891,-3.6886019706726074,-22.687864303588867,-1.6747757196426392
2026-04-02 13:02:47.182,1906.188661423,644978719,right_foot,右脚,D4:22:CD:00:85:22,0.7407583594322205,0.17846423387527466,-0.46615737676620483,0.4495828151702881,-17.143106061344678,-58.330312318018635,72.12566051380156,7.743163108825684,-1.2196195125579834,4.656982898712158,-2.8212761878967285,-24.737096786499023,1.0997260808944702
2026-04-02 13:02:47.213,1906.219429083,645012053,right_foot,右脚,D4:22:CD:00:85:22,0.7389840483665466,0.18152685463428497,-0.46828582882881165,0.4490645229816437,-17.084214854661433,-58.77587548483291,72.24290484539843,7.278587818145752,-0.9239532947540283,4.883271217346191,4.969282627105713,-12.247523307800293,-0.9636096954345703
2026-04-02 13:02:47.242,1906.248531877,645045387,right_foot,右脚,D4:22:CD:00:85:22,0.7381783127784729,0.18766333162784576,-0.46808576583862305,0.448074609041214,-16.163916530373097,-59.230905218999986,71.74511147791961,7.31254243850708,-1.854813575744629,4.91461706161499,14.987062454223633,-9.92400074005127,-10.150045394897461
2026-04-02 13:02:47.272,1906.278555875,645078721,right_foot,右脚,D4:22:CD:00:85:22,0.7366346120834351,0.19519826769828796,-0.46882104873657227,0.4466247260570526,-15.160098088934175,-59.88962522592781,71.22461658604429,7.224887847900391,-1.4215242862701416,6.043365955352783,16.799589157104492,-16.049339294433594,-11.948028564453125
2026-04-02 13:02:47.302,1906.308552059,645112055,right_foot,右脚,D4:22:CD:00:85:22,0.7320142984390259,0.2039305716753006,-0.47395059466362,0.4449022710323334,-14.75725570473378,-61.084735394106744,71.3195073815113,7.808194160461426,-1.1346278190612793,6.0815043449401855,14.686271667480469,-34.286991119384766,-6.977291107177734
2026-04-02 13:02:47.333,1906.339484143,645145389,right_foot,右脚,D4:22:CD:00:85:22,0.7224790453910828,0.2185678482055664,-0.4871804714202881,0.43921181559562683,-14.622935692230698,-63.63081814082159,71.69520497916334,7.468815803527832,-1.1678398847579956,7.900029182434082,14.128185272216797,-74.6394271850586,-13.480260848999023
2026-04-02 13:02:47.362,1906.368616343,645178723,right_foot,右脚,D4:22:CD:00:85:22,0.709223747253418,0.2331092804670334,-0.5106096863746643,0.4265434443950653,-15.839713172931852,-67.388887438815,72.64634570002593,8.421171188354492,0.2962190806865692,10.339656829833984,-10.43039608001709,-111.55782318115234,-17.435806274414062
2026-04-02 13:02:47.392,1906.398738034,645212057,right_foot,右脚,D4:22:CD:00:85:22,0.6862860918045044,0.24912451207637787,-0.54842209815979,0.4076535701751709,-20.978469606694958,-72.91345722265923,76.99815457533273,8.241156578063965,0.021720431745052338,10.84851360321045,-31.102325439453125,-171.1346435546875,-9.460589408874512
2026-04-02 13:02:47.453,1906.459313696,645245391,right_foot,右脚,D4:22:CD:00:85:22,0.6445944905281067,0.28360840678215027,-0.6030783653259277,0.37464725971221924,-37.67022431975026,-81.88565000642105,93.30129459663574,8.04677677154541,-4.56029748916626,15.167975425720215,-21.722248077392578,-284.8561706542969,-37.01156234741211
2026-04-02 13:02:47.482,1906.488669746,645278725,right_foot,右脚,D4:22:CD:00:85:22,0.5719682574272156,0.3476458489894867,-0.675730288028717,0.3088418245315552,-172.7528554130209,-81.01442320247152,-131.74414416410895,13.963403701782227,-7.359931468963623,20.31029510498047,-17.384784698486328,-460.66937255859375,-114.21453857421875
2026-04-02 13:02:47.512,1906.518620341,645312059,right_foot,右脚,D4:22:CD:00:85:22,0.491911381483078,0.4116813838481903,-0.7293897271156311,0.2377648502588272,171.78545281761828,-65.97347522278471,-115.78041191668349,17.747987747192383,-9.282393455505371,21.33163070678711,-0.8081269860267639,-447.7347412109375,-139.76185607910156
2026-04-02 13:02:47.572,1906.578268492,645345393,right_foot,右脚,D4:22:CD:00:85:22,0.4631491005420685,0.42516598105430603,-0.74808669090271,0.21235111355781555,171.00404506576626,-60.87034481922459,-115.48514340336736,14.320598602294922,-13.056825637817383,14.37893009185791,-16.151378631591797,-153.62820434570312,-26.984670639038086
2026-04-02 13:02:47.572,1906.578350945,645378727,right_foot,右脚,D4:22:CD:00:85:22,0.48042020201683044,0.4249330163002014,-0.7264970541000366,0.2466382384300232,173.16792633356988,-65.18356967258491,-114.98171989603208,-1.8468916416168213,-3.347087860107422,18.173500061035156,77.12576293945312,125.5329360961914,10.563963890075684
2026-04-02 13:02:47.632,1906.638626709,645412061,right_foot,右脚,D4:22:CD:00:85:22,0.54649418592453,0.3781987130641937,-0.7012844085693359,0.2578951120376587,169.1571240657489,-74.06359090555905,-115.13387777704963,2.5527052879333496,-0.5634888410568237,10.612667083740234,-125.5534439086914,259.05413818359375,41.92829895019531
2026-04-02 13:02:47.662,1906.668422859,645445395,right_foot,右脚,D4:22:CD:00:85:22,0.6268371343612671,0.325865238904953,-0.6484185457229614,0.2836199700832367,142.6052818247377,-86.15540198261023,-91.51604686804461,5.702418804168701,0.5190565586090088,7.3561224937438965,-95.21819305419922,369.51971435546875,33.56331253051758
2026-04-02 13:02:47.662,1906.66849641,645478729,right_foot,右脚,D4:22:CD:00:85:22,0.7016019821166992,0.25907689332962036,-0.5880644917488098,0.3079187870025635,0.45590994225990583,-79.97230695096542,47.00901242674825,7.663426876068115,2.154078960418701,7.942720413208008,-115.7974853515625,385.83367919921875,59.51301574707031
2026-04-02 13:02:47.693,1906.699393493,645512063,right_foot,右脚,D4:22:CD:00:85:22,0.7639102935791016,0.18251048028469086,-0.5194082260131836,0.33666887879371643,-10.205118146845882,-66.41305332494731,54.25769241930478,13.201398849487305,-0.4142158329486847,9.263387680053711,-110.30814361572266,395.1222839355469,95.6417465209961
2026-04-02 13:02:47.752,1906.758611928,645545397,right_foot,右脚,D4:22:CD:00:85:22,0.8062035441398621,0.10142640769481659,-0.44095584750175476,0.3811907470226288,-16.29549495629316,-52.02934919744896,58.60569040705315,17.384864807128906,-0.48721733689308167,11.383062362670898,-69.80896759033203,400.4622497558594,162.1817169189453
2026-04-02 13:02:47.782,1906.78861046,645578731,right_foot,右脚,D4:22:CD:00:85:22,0.8309007883071899,0.010936398059129715,-0.36147281527519226,0.4228731095790863,-21.275488950430503,-37.58556374389044,61.26029862977526,26.2366943359375,1.7751526832580566,6.91021728515625,-92.7396011352539,388.35479736328125,191.39285278320312
2026-04-02 13:02:47.812,1906.818301784,645612065,right_foot,右脚,D4:22:CD:00:85:22,0.8437354564666748,-0.05458063259720802,-0.2928830683231354,0.4464872479438782,-23.26615131058585,-26.45485828321574,61.31458752781731,36.04778289794922,4.2690839767456055,-9.042396545410156,-58.981414794921875,305.9409484863281,126.57479858398438
2026-04-02 13:02:47.842,1906.848497267,645645399,right_foot,右脚,D4:22:CD:00:85:22,0.8408288955688477,-0.0628364086151123,-0.27806156873703003,0.46015220880508423,-23.35194960794832,-24.190751989246852,62.45165016540729,36.341209411621094,12.028602600097656,-28.871013641357422,11.861669540405273,49.34297180175781,54.87535095214844
2026-04-02 13:02:47.872,1906.878369293,645678733,right_foot,右脚,D4:22:CD:00:85:22,0.8280066847801208,0.008849150501191616,-0.3003142476081848,0.4734320044517517,-18.217396568598605,-30.37805729435396,64.50428247724419,16.353195190429688,-0.6549038887023926,-2.114183187484741,182.13673400878906,-192.0992431640625,-14.030097961425781
2026-04-02 13:02:47.902,1906.908527116,645712067,right_foot,右脚,D4:22:CD:00:85:22,0.8007920384407043,0.08690579980611801,-0.35746654868125916,0.4726490080356598,-15.241757690317684,-40.894227708594606,66.81214086569574,7.9779205322265625,7.387699604034424,16.392780303955078,129.4441375732422,-317.28216552734375,-36.118141174316406
2026-04-02 13:02:47.932,1906.938597151,645745401,right_foot,右脚,D4:22:CD:00:85:22,0.7800605297088623,0.13193528354167938,-0.4026535153388977,0.4604004919528961,-14.430761524407457,-48.56219047481327,67.6367028011652,28.86720848083496,1.3414798974990845,4.751707553863525,41.7501106262207,-225.64935302734375,-40.59507369995117
2026-04-02 13:02:47.962,1906.968685092,645778735,right_foot,右脚,D4:22:CD:00:85:22,0.766809344291687,0.14764200150966644,-0.4313167333602905,0.4518529176712036,-15.61887799242565,-52.64585004042247,68.78202041343421,10.627683639526367,1.2948064804077148,4.438482761383057,-8.87210750579834,-122.36470031738281,-9.116767883300781
2026-04-02 13:02:47.992,1906.99879604,645812069,right_foot,右脚,D4:22:CD:00:85:22,0.7604763507843018,0.15741762518882751,-0.44437670707702637,0.4465699791908264,-15.826327297851357,-54.73316406518426,69.07514510359172,8.800994873046875,-2.2099123001098633,4.883827209472656,1.1369143724441528,-60.08555603027344,-10.41195297241211
2026-04-02 13:02:48.052,1907.058530715,645845403,right_foot,右脚,D4:22:CD:00:85:22,0.7574563026428223,0.1657024323940277,-0.4500410854816437,0.4430186152458191,-15.299811188181446,-55.95433069309429,68.80679267201657,7.682552337646484,-0.2667255997657776,6.361595153808594,9.44825553894043,-32.56767654418945,-12.83714485168457
2026-04-02 13:02:48.112,1907.1183751,645878737,right_foot,右脚,D4:22:CD:00:85:22,0.7543022036552429,0.16800947487354279,-0.456808477640152,0.4405985176563263,-15.818094653030807,-56.84485252358972,69.17902997348416,7.835906505584717,-0.2908691465854645,5.885204315185547,-5.995436668395996,-26.078044891357422,0.15051135420799255
2026-04-02 13:02:48.112,1907.118451017,645912071,right_foot,右脚,D4:22:CD:00:85:22,0.7514042258262634,0.1708662062883377,-0.46233412623405457,0.43868356943130493,-16.148262969166545,-57.64112314900225,69.48065119768651,7.343825817108154,-2.2721920013427734,4.61049222946167,-2.0535075664520264,-23.13302230834961,-0.5792420506477356
2026-04-02 13:02:48.144,1907.15030698,645945405,right_foot,右脚,D4:22:CD:00:85:22,0.7490113377571106,0.17734509706497192,-0.4657984972000122,0.43653440475463867,-15.65514421568835,-58.49684146554429,69.27279606135902,7.252875804901123,-1.484588623046875,4.9981689453125,9.725483894348145,-22.709915161132812,-9.0592622756958
2026-04-02 13:02:48.172,1907.178538299,645978739,right_foot,右脚,D4:22:CD:00:85:22,0.7468588948249817,0.18555140495300293,-0.4677368700504303,0.43473485112190247,-14.703461414181428,-59.31641041453199,68.80967973980032,7.376864433288574,-0.8782312870025635,5.361733913421631,16.85443687438965,-20.88677215576172,-12.318264961242676
2026-04-02 13:02:48.202,1907.208529168,646012073,right_foot,右脚,D4:22:CD:00:85:22,0.7437577247619629,0.19354593753814697,-0.47050127387046814,0.4335813820362091,-13.98193930517752,-60.19405435181316,68.61185613932525,7.3472371101379395,-1.4193967580795288,5.397697925567627,16.694482803344727,-23.924840927124023,-8.446915626525879
2026-04-02 13:02:48.232,1907.238530203,646045407,right_foot,右脚,D4:22:CD:00:85:22,0.738142728805542,0.20578882098197937,-0.4772794246673584,0.4301167130470276,-13.075253086259663,-61.83929165286552,68.31213490013533,7.3918867111206055,-1.8766132593154907,6.557776927947998,19.488882064819336,-46.24119567871094,-14.924520492553711
2026-04-02 13:02:48.262,1907.268303563,646078741,right_foot,右脚,D4:22:CD:00:85:22,0.7272579073905945,0.22544385492801666,-0.49280521273612976,0.4212055206298828,-11.93679588633886,-65.05449141924761,67.78514279109831,7.850085735321045,-1.2942068576812744,8.904861450195312,20.130935668945312,-92.07565307617188,-27.052392959594727
2026-04-02 13:02:48.322,1907.328449101,646112075,right_foot,右脚,D4:22:CD:00:85:22,0.710754930973053,0.24478180706501007,-0.5206912159919739,0.4047096073627472,-12.27056542667411,-69.76780981863777,67.88683916930302,8.55976676940918,1.265244483947754,11.717367172241211,-7.0846638679504395,-138.2201690673828,-27.839616775512695
2026-04-02 13:02:48.352,1907.358326587,646145409,right_foot,右脚,D4:22:CD:00:85:22,0.6785885095596313,0.2675810754299164,-0.5686072111129761,0.3802682161331177,-18.246833068733206,-77.21458626239536,73.14560235157285,8.300538063049316,0.36736446619033813,13.40676498413086,-27.534536361694336,-227.2175750732422,-14.766146659851074
2026-04-02 13:02:48.383,1907.389526315,646178743,right_foot,右脚,D4:22:CD:00:85:22,0.618338406085968,0.3162061274051666,-0.6387577056884766,0.3311491012573242,-116.55640338315929,-87.94962956183403,171.04978849937424,9.477341651916504,-7.0539398193359375,17.996145248413086,-18.780948638916016,-391.6646423339844,-65.9095230102539
2026-04-02 13:02:48.412,1907.418573274,646212077,right_foot,右脚,D4:22:CD:00:85:22,0.53867506980896,0.37782835960388184,-0.705625057220459,0.262998104095459,172.72822860140784,-73.52462386933047,-118.23042769968013,18.204116821289062,-9.003471374511719,22.27593421936035,-8.309666633605957,-464.1551818847656,-116.97647094726562
2026-04-02 13:02:48.442,1907.448699655,646245411,right_foot,右脚,D4:22:CD:00:85:22,0.4823833405971527,0.409068763256073,-0.7470175623893738,0.20477701723575592,168.865833193466,-62.65211298808069,-115.79947916686763,14.356523513793945,-6.015872955322266,15.527435302734375,-48.139469146728516,-319.9071960449219,-79.12910461425781
2026-04-02 13:02:48.502,1907.508424519,646278745,right_foot,右脚,D4:22:CD:00:85:22,0.4854893982410431,0.4222187399864197,-0.7304723262786865,0.22900085151195526,169.90886578664663,-64.50864031004569,-113.5654874983654,5.090714931488037,-13.943190574645996,19.294410705566406,90.47610473632812,57.139305114746094,-19.34697914123535
2026-04-02 13:02:48.502,1907.508509476,646312079,right_foot,右脚,D4:22:CD:00:85:22,0.5347843170166016,0.41112247109413147,-0.6940432190895081,0.2515707015991211,163.28486340549375,-71.65522701119345,-106.60986996437227,0.5032026171684265,1.7610716819763184,13.732510566711426,-5.740013122558594,222.54879760742188,-26.635507583618164
2026-04-02 13:02:48.532,1907.538288323,646345413,right_foot,右脚,D4:22:CD:00:85:22,0.6091611981391907,0.3825155198574066,-0.636792004108429,0.277669221162796,132.681307769531,-81.20577233024302,-76.84636810155216,4.402643203735352,-3.8656296730041504,6.930447101593018,-46.87721252441406,340.9580383300781,-29.69948387145996
2026-04-02 13:02:48.624,1907.629811467,646378747,right_foot,右脚,D4:22:CD:00:85:22,0.6788646578788757,0.3369145393371582,-0.5712093114852905,0.31519994139671326,38.95310142231521,-81.09220152975064,16.145458418385097,6.179511070251465,-0.5278304815292358,6.214153289794922,-43.213829040527344,379.5760803222656,24.73150634765625
2026-04-02 13:02:48.625,1907.63123723,646412081,right_foot,右脚,D4:22:CD:00:85:22,0.7346424460411072,0.2758246064186096,-0.5103987455368042,0.3517301082611084,8.049351267118267,-70.72639278929188,45.45081694684163,9.238054275512695,-2.7424533367156982,6.675224304199219,-70.2761001586914,356.6520080566406,73.25269317626953
2026-04-02 13:02:48.657,1907.663640225,646445415,right_foot,右脚,D4:22:CD:00:85:22,0.7731481790542603,0.2039181888103485,-0.4494436979293823,0.398320734500885,-4.762672436209107,-59.028460299366984,57.2116449460758,14.825016975402832,-4.448287487030029,8.401670455932617,-63.36302185058594,349.5031433105469,138.14170837402344
2026-04-02 13:02:48.684,1907.690094497,646478749,right_foot,右脚,D4:22:CD:00:85:22,0.7997289299964905,0.1102067157626152,-0.3866090178489685,0.4458942115306854,-13.981128356965963,-45.778246321991475,64.21119521674008,22.38395118713379,-2.6765925884246826,8.260980606079102,-108.93941497802734,367.1944274902344,189.31202697753906
2026-04-02 13:02:48.717,1907.723433666,646512083,right_foot,右脚,D4:22:CD:00:85:22,0.814380943775177,0.013135324232280254,-0.32871079444885254,0.47807952761650085,-20.49660051984716,-33.226573303772916,67.00539150139028,29.723316192626953,0.28677070140838623,-0.0883486270904541,-141.53651428222656,337.7223815917969,171.49407958984375
2026-04-02 13:02:48.743,1907.749122208,646545417,right_foot,右脚,D4:22:CD:00:85:22,0.815677285194397,-0.04161131754517555,-0.2959422767162323,0.4953356087207794,-23.72962031040424,-26.203687140064268,68.13675595881047,36.38116455078125,4.983086585998535,-16.989368438720703,-80.05928802490234,182.7042999267578,105.23616027832031
2026-04-02 13:02:48.778,1907.784935027,646578751,right_foot,右脚,D4:22:CD:00:85:22,0.8079826235771179,0.0012093588011339307,-0.30447542667388916,0.5044375658035278,-20.54084273049017,-29.553881741278843,69.42740127210794,30.580156326293945,7.828934192657471,-28.627193450927734,113.98019409179688,-105.76338958740234,-6.485672950744629
2026-04-02 13:02:48.805,1907.811416222,646612085,right_foot,右脚,D4:22:CD:00:85:22,0.7826012372970581,0.07902268320322037,-0.33381181955337524,0.5194807648658752,-16.26767693517636,-37.1989622715959,72.658749218843,6.8908371925354,13.533777236938477,15.642583847045898,181.72523498535156,-241.8318328857422,4.976088523864746
2026-04-02 13:02:48.837,1907.843754178,646645419,right_foot,右脚,D4:22:CD:00:85:22,0.7598059773445129,0.13825929164886475,-0.3893090784549713,0.5020135045051575,-15.34784815931994,-46.92118670089469,73.5998780691376,30.37865447998047,3.890373468399048,9.808537483215332,46.59021759033203,-285.2345886230469,-58.128822326660156
2026-04-02 13:02:48.897,1907.90330047,646678753,right_foot,右脚,D4:22:CD:00:85:22,0.7501972317695618,0.16435985267162323,-0.4137640595436096,0.4888651967048645,-14.66459276958093,-51.39894512256174,73.26762023115201,11.848359107971191,1.1212128400802612,5.253875732421875,13.323050498962402,-126.3094711303711,-39.53018569946289
2026-04-02 13:02:48.898,1907.904272245,646712087,right_foot,右脚,D4:22:CD:00:85:22,0.7443973422050476,0.17964836955070496,-0.427013635635376,0.48089316487312317,-14.087578508180695,-53.951496924155066,72.92361058792692,8.751195907592773,-0.7819756865501404,5.557491779327393,9.541020393371582,-70.83932495117188,-23.44918441772461
2026-04-02 13:02:48.953,1907.958844157,646745421,right_foot,右脚,D4:22:CD:00:85:22,0.7395383715629578,0.18698112666606903,-0.43784740567207336,0.47582629323005676,-14.37658893857609,-55.644396455340484,73.13111977150895,8.176033020019531,0.3016377091407776,6.29566764831543,-3.130932331085205,-48.41408920288086,-7.394144535064697
2026-04-02 13:02:48.984,1907.990073201,646778755,right_foot,右脚,D4:22:CD:00:85:22,0.7377124428749084,0.18857194483280182,-0.44152775406837463,0.4746306836605072,-14.650329391272967,-56.14448154043211,73.35697927717732,7.957920551300049,-1.328401803970337,5.453797817230225,-2.1431233882904053,-13.89006233215332,1.5308337211608887
2026-04-02 13:02:49.020,1908.026835178,646812089,right_foot,右脚,D4:22:CD:00:85:22,0.7372276782989502,0.19117051362991333,-0.4407949149608612,0.47502508759498596,-14.269225567229563,-56.258720880875245,73.24730018543801,7.50394868850708,-1.9106954336166382,5.411484718322754,9.12872314453125,-1.3533575534820557,-1.113122820854187
2026-04-02 13:02:49.077,1908.083563405,646845423,right_foot,右脚,D4:22:CD:00:85:22,0.7364353537559509,0.1965145617723465,-0.4402305781841278,0.47459676861763,-13.49426671275031,-56.608865124466206,72.89080810119948,7.002769947052002,-1.093154788017273,5.7055439949035645,14.740285873413086,-7.359534740447998,-6.837603569030762
2026-04-02 13:02:49.078,1908.08426832,646878757,right_foot,右脚,D4:22:CD:00:85:22,0.7349733710289001,0.20510545372962952,-0.44174689054489136,0.47181084752082825,-12.378263831972504,-57.446188374435806,72.19817804872824,6.794361591339111,-1.366236686706543,5.166856288909912,16.421281814575195,-20.62016487121582,-15.300625801086426
2026-04-02 13:02:49.137,1908.143264245,646912091,right_foot,右脚,D4:22:CD:00:85:22,0.7306002974510193,0.22130444645881653,-0.44852375984191895,0.4648377299308777,-10.610492145322164,-59.443064136938304,71.00146019677852,6.4477434158325195,-2.104093074798584,6.449985980987549,22.780624389648438,-53.7136116027832,-29.123519897460938
2026-04-02 13:02:49.138,1908.144462943,646945425,right_foot,右脚,D4:22:CD:00:85:22,0.7220832705497742,0.2425629198551178,-0.4625859558582306,0.4536219537258148,-8.681641393557083,-62.63734980923533,69.5638970872959,7.795764923095703,0.2037360966205597,7.5450968742370605,20.430892944335938,-89.86524200439453,-35.545196533203125
2026-04-02 13:02:49.162,1908.168382195,646978759,right_foot,右脚,D4:22:CD:00:85:22,0.7092640399932861,0.26353803277015686,-0.4845648407936096,0.4389636218547821,-7.505186053882157,-66.74200601722661,68.45405731515832,8.354317665100098,0.24555303156375885,9.914305686950684,5.499798774719238,-119.00259399414062,-30.34775733947754
2026-04-02 13:02:49.192,1908.198309509,647012093,right_foot,右脚,D4:22:CD:00:85:22,0.6879607439041138,0.2889212369918823,-0.5189517736434937,0.4170414209365845,-6.839815055711161,-72.75023959053766,67.4893417041721,8.226202011108398,-0.4061489403247833,12.265947341918945,-6.9032111167907715,-177.01390075683594,-31.43465805053711
2026-04-02 13:02:49.253,1908.259353139,647045427,right_foot,右脚,D4:22:CD:00:85:22,0.6481660604476929,0.32803112268447876,-0.5728731751441956,0.37959524989128113,-4.311696076028302,-82.60042658298033,64.49867799979508,8.210779190063477,-2.196671724319458,15.020135879516602,-11.77310848236084,-292.0809326171875,-46.87162399291992
2026-04-02 13:02:49.282,1908.288342141,647078761,right_foot,右脚,D4:22:CD:00:85:22,0.582687258720398,0.3936883211135864,-0.642335832118988,0.3047778010368347,153.54730064954595,-81.31633249228105,-94.16669163233507,14.027606964111328,-9.236394882202148,20.08620834350586,-17.71859359741211,-455.90869140625,-132.11859130859375
2026-04-02 13:02:49.312,1908.318407667,647112095,right_foot,右脚,D4:22:CD:00:85:22,0.5110551118850708,0.4577138125896454,-0.6956999897956848,0.21288993954658508,156.08469499723975,-64.95390961223448,-97.962117925467,20.3096866607666,-11.6751127243042,21.725933074951172,-33.990562438964844,-459.93670654296875,-178.7880096435547
2026-04-02 13:02:49.347,1908.352929131,647145429,right_foot,右脚,D4:22:CD:00:85:22,0.47900891304016113,0.491367369890213,-0.699826717376709,0.1983705461025238,157.33554524711823,-59.927533685611046,-96.67165387148427,17.116016387939453,-18.015331268310547,15.30415153503418,70.83265686035156,-134.61708068847656,-76.52037048339844
2026-04-02 13:02:49.374,1908.380447395,647178763,right_foot,右脚,D4:22:CD:00:85:22,0.4914228022098541,0.49266332387924194,-0.6771038770675659,0.23940905928611755,158.31494730673265,-64.34069480523382,-94.18133459188829,-2.3534598350524902,-3.2628934383392334,19.305988311767578,93.59252166748047,131.3472137451172,16.856321334838867
2026-04-02 13:02:49.402,1908.408347418,647212097,right_foot,右脚,D4:22:CD:00:85:22,0.551824152469635,0.4411877989768982,-0.6581662893295288,0.26011574268341064,150.5217032094018,-72.92168715291966,-90.32903188973617,1.366436243057251,-2.3616786003112793,10.1862154006958,-127.4554672241211,245.26158142089844,72.14904022216797
2026-04-02 13:02:49.434,1908.439996651,647245431,right_foot,右脚,D4:22:CD:00:85:22,0.6237854361534119,0.3793163001537323,-0.614886999130249,0.2982025444507599,112.41691923314629,-83.38437072580435,-55.0620911868346,6.383475303649902,-0.6578047275543213,6.466378688812256,-103.77899932861328,353.4958801269531,80.71236419677734
2026-04-02 13:02:49.462,1908.468291684,647278765,right_foot,右脚,D4:22:CD:00:85:22,0.6895227432250977,0.3048344552516937,-0.5634524822235107,0.33786889910697937,12.471967503437991,-79.42484111871751,41.83839887506001,7.6511311531066895,1.5971308946609497,7.547150611877441,-110.86766815185547,372.92864990234375,105.91756439208984
2026-04-02 13:02:49.492,1908.498348215,647312099,right_foot,右脚,D4:22:CD:00:85:22,0.7410896420478821,0.2174226939678192,-0.509033739566803,0.37999752163887024,-9.471877426843374,-66.88510615122021,60.55712244842599,12.965154647827148,-0.14908330142498016,8.478058815002441,-118.19407653808594,370.27777099609375,149.70565795898438
2026-04-02 13:02:49.553,1908.559349615,647345433,right_foot,右脚,D4:22:CD:00:85:22,0.7736780643463135,0.1216338649392128,-0.44840097427368164,0.43077126145362854,-19.218735383791653,-52.99936651677425,67.86664989238902,17.486112594604492,-0.5952561497688293,9.379054069519043,-101.88470458984375,370.6651916503906,206.21656799316406
2026-04-02 13:02:49.582,1908.588455117,647378767,right_foot,右脚,D4:22:CD:00:85:22,0.7882518172264099,0.013414470478892326,-0.39137277007102966,0.4746645390987396,-26.812193130725934,-39.030601743186466,71.76761906441234,28.733356475830078,2.1466681957244873,3.3842806816101074,-143.24530029296875,349.4606628417969,235.25836181640625
2026-04-02 13:02:49.612,1908.618401186,647412101,right_foot,右脚,D4:22:CD:00:85:22,0.7911794781684875,-0.045075904577970505,-0.3244948983192444,0.5164360404014587,-27.365782937730447,-27.833891175196033,73.17282758125668,35.7852897644043,3.0890145301818848,-12.76513957977295,6.139072895050049,280.0626525878906,181.56112670898438
2026-04-02 13:02:49.642,1908.648382734,647445435,right_foot,右脚,D4:22:CD:00:85:22,0.7847525477409363,-0.043829355388879776,-0.31554341316223145,0.5316717624664307,-26.89821129888086,-26.656544321555646,74.72069923698227,33.79896926879883,10.529505729675293,-27.381406784057617,35.169559478759766,11.549124717712402,51.66082763671875
2026-04-02 13:02:49.673,1908.67937415,647478769,right_foot,右脚,D4:22:CD:00:85:22,0.7661452889442444,0.05962014198303223,-0.33512434363365173,0.5451223850250244,-19.629253098925894,-35.34570508471172,77.17445803301604,16.90813446044922,10.20313549041748,1.0612232685089111,255.8841094970703,-263.7879638671875,-44.72126007080078
2026-04-02 13:02:49.703,1908.708861546,647512103,right_foot,右脚,D4:22:CD:00:85:22,0.7494122385978699,0.15007464587688446,-0.38122379779815674,0.520122230052948,-14.486485032327883,-46.677385375107626,75.80209704760703,30.28495979309082,2.4571399688720703,11.716411590576172,126.88184356689453,-314.9219055175781,-128.23989868164062
2026-04-02 13:02:49.732,1908.738365312,647545437,right_foot,右脚,D4:22:CD:00:85:22,0.7361726760864258,0.19098889827728271,-0.4078681766986847,0.5051894783973694,-12.420884899738475,-52.51325155418163,75.06406793874562,12.763995170593262,8.653122901916504,5.894497394561768,45.55288314819336,-165.0125274658203,-52.63923645019531
2026-04-02 13:02:49.763,1908.7694407,647578771,right_foot,右脚,D4:22:CD:00:85:22,0.728562593460083,0.20385435223579407,-0.42439645528793335,0.4975212812423706,-12.680607944917034,-55.209383352172225,75.3071295292177,9.519553184509277,1.2461915016174316,5.642434597015381,-1.2330386638641357,-77.8496322631836,-10.795873641967773
2026-04-02 13:02:49.792,1908.798393674,647612105,right_foot,右脚,D4:22:CD:00:85:22,0.7226090431213379,0.20494946837425232,-0.4384858310222626,0.4935199022293091,-14.415444185728862,-56.72022155768182,76.4743925266471,8.151700973510742,-0.11264948546886444,6.217576026916504,-22.264204025268555,-46.70855712890625,11.169532775878906
2026-04-02 13:02:49.854,1908.860399047,647645439,right_foot,右脚,D4:22:CD:00:85:22,0.7205451130867004,0.20164313912391663,-0.4437183439731598,0.4932226538658142,-15.656790841949684,-56.96611187374381,77.31671722366406,8.197919845581055,-1.481994390487671,5.10007381439209,-15.284416198730469,-8.875959396362305,14.166008949279785
2026-04-02 13:02:49.885,1908.89129077,647678773,right_foot,右脚,D4:22:CD:00:85:22,0.7196734547615051,0.20012499392032623,-0.444231241941452,0.49465012550354004,-16.083144066071743,-56.865165064878994,77.7520315805043,7.511817932128906,-2.1606674194335938,5.419610023498535,-1.0594712495803833,2.723957061767578,10.333547592163086
2026-04-02 13:02:49.917,1908.923467991,647712107,right_foot,右脚,D4:22:CD:00:85:22,0.7182900905609131,0.20327728986740112,-0.4455329477787018,0.494204580783844,-15.91191223408244,-57.24214778529449,77.78062345111408,6.829858779907227,-1.8549723625183105,5.688497066497803,6.623849868774414,-9.32953929901123,-0.14073564112186432
2026-04-02 13:02:49.942,1908.948340303,647745441,right_foot,右脚,D4:22:CD:00:85:22,0.7162749767303467,0.21235352754592896,-0.44883376359939575,0.4903103709220886,-15.010859908632494,-58.34408511674123,77.19826637182291,6.761152267456055,-1.977789044380188,4.815132141113281,12.987195014953613,-27.794395446777344,-15.386432647705078
2026-04-02 13:02:49.974,1908.980386253,647778775,right_foot,右脚,D4:22:CD:00:85:22,0.7132970094680786,0.22950904071331024,-0.4541517198085785,0.481953501701355,-12.890759910920824,-60.35601831269065,75.60839982246863,7.047837257385254,-2.2427024841308594,5.878090858459473,23.281871795654297,-51.17390823364258,-35.93680191040039
2026-04-02 13:02:50.004,1909.010822569,647812109,right_foot,右脚,D4:22:CD:00:85:22,0.7072898745536804,0.24882440268993378,-0.46434763073921204,0.4713898301124573,-10.9142238507357,-63.05522062567258,74.07292321395079,7.798492431640625,1.0621548891067505,7.448479652404785,19.43510627746582,-73.29093933105469,-35.98234558105469
2026-04-02 13:02:50.032,1909.038338614,647845443,right_foot,右脚,D4:22:CD:00:85:22,0.6959707736968994,0.2671458423137665,-0.48484185338020325,0.45736855268478394,-10.486043729584901,-66.8152102361789,73.5503279045219,8.27723503112793,-0.3795853853225708,9.810973167419434,-0.6161315441131592,-108.42526245117188,-25.35368537902832
2026-04-02 13:02:50.062,1909.06840032,647878777,right_foot,右脚,D4:22:CD:00:85:22,0.6761913895606995,0.29320836067199707,-0.518932580947876,0.4330161511898041,-10.352835809993758,-72.88644935869088,72.9232719082199,8.230735778808594,-0.7518297433853149,11.47813606262207,-12.910965919494629,-177.20277404785156,-37.376869201660156
2026-04-02 13:02:50.092,1909.098392924,647912111,right_foot,右脚,D4:22:CD:00:85:22,0.6379751563072205,0.32745155692100525,-0.5745728611946106,0.39449840784072876,-15.830813465013659,-82.51758134118495,77.36987225967466,8.348633766174316,0.25967130064964294,14.630086898803711,-32.593902587890625,-287.5102233886719,-35.89363098144531
2026-04-02 13:02:50.152,1909.158319344,647945445,right_foot,右脚,D4:22:CD:00:85:22,0.5712820887565613,0.3836347460746765,-0.6499536037445068,0.3225230872631073,172.19799397647554,-81.92137525160324,-112.12222429183717,13.687474250793457,-8.151037216186523,19.394195556640625,-45.29366683959961,-456.4831237792969,-92.40345001220703
2026-04-02 13:02:50.182,1909.188324546,647978779,right_foot,右脚,D4:22:CD:00:85:22,0.5003398656845093,0.4449746906757355,-0.7044780254364014,0.23530463874340057,163.6845856610943,-66.1158621868474,-104.78361682127941,21.635210037231445,-11.308674812316895,23.76126480102539,-41.04592514038086,-452.3260192871094,-157.74122619628906
2026-04-02 13:02:50.212,1909.218414711,648012113,right_foot,右脚,D4:22:CD:00:85:22,0.47018247842788696,0.4797668755054474,-0.7133781313896179,0.19960954785346985,160.8164914227105,-59.58348419051241,-101.10392353729304,18.92701530456543,-17.866392135620117,16.419767379760742,11.850724220275879,-175.22637939453125,-107.77999114990234
2026-04-02 13:02:50.242,1909.248360398,648045447,right_foot,右脚,D4:22:CD:00:85:22,0.47781315445899963,0.4970495402812958,-0.684480607509613,0.2369021475315094,160.7356013094627,-62.824518400304164,-96.1933753774499,-1.0359159708023071,-6.456797122955322,19.672443389892578,124.95195007324219,109.3553237915039,-35.525691986083984
2026-04-02 13:02:50.302,1909.308266766,648078781,right_foot,右脚,D4:22:CD:00:85:22,0.5326765775680542,0.4546870291233063,-0.6656895875930786,0.257628858089447,154.7465976560667,-70.64367997229259,-93.29160079004834,0.18927764892578125,-1.3679907321929932,12.837331771850586,-101.1900634765625,223.3544158935547,56.32445526123047
2026-04-02 13:02:50.302,1909.308390645,648112115,right_foot,右脚,D4:22:CD:00:85:22,0.6065301299095154,0.3886374235153198,-0.6266534924507141,0.2973001003265381,131.50911914556997,-82.41604659179869,-73.34060046078815,4.157259941101074,-2.026862859725952,7.70426082611084,-113.35649108886719,354.6551818847656,96.08294677734375
2026-04-02 13:02:50.332,1909.338397922,648145449,right_foot,右脚,D4:22:CD:00:85:22,0.6746886968612671,0.31285786628723145,-0.5732640027999878,0.34392374753952026,10.72769389602667,-81.39676746919179,44.786827698185526,7.27106237411499,1.4497785568237305,7.825142860412598,-96.40144348144531,391.79083251953125,117.4085922241211
2026-04-02 13:02:50.362,1909.368413847,648178783,right_foot,右脚,D4:22:CD:00:85:22,0.7335370182991028,0.22387781739234924,-0.5072839856147766,0.3930203318595886,-10.345943002437817,-66.95539132517958,63.21625509256292,13.677017211914062,-0.06461791694164276,9.21476936340332,-97.04822540283203,421.3881530761719,146.14630126953125
2026-04-02 13:02:50.392,1909.398403276,648212117,right_foot,右脚,D4:22:CD:00:85:22,0.7755392789840698,0.1246623694896698,-0.42981666326522827,0.4452592134475708,-17.534574492777303,-51.04988041333141,68.146419332874,19.615192413330078,-0.21865332126617432,11.964168548583984,-88.5821304321289,437.8839416503906,185.51431274414062
2026-04-02 13:02:50.452,1909.45844555,648245451,right_foot,右脚,D4:22:CD:00:85:22,0.7955637574195862,0.011572277173399925,-0.3610813021659851,0.48637914657592773,-24.24670721566945,-35.85835497776014,70.83177738149168,32.38722229003906,1.061814546585083,3.5536880493164062,-145.7963409423828,399.4186096191406,213.8211669921875
2026-04-02 13:02:50.482,1909.488461254,648278785,right_foot,右脚,D4:22:CD:00:85:22,0.7913991808891296,-0.05238420143723488,-0.3051155209541321,0.5271122455596924,-26.588504766138104,-25.322434097970387,73.40819918256116,42.38763427734375,5.933445930480957,-14.767230987548828,-31.39162826538086,253.38955688476562,193.3520050048828
2026-04-02 13:02:50.512,1909.51832477,648312119,right_foot,右脚,D4:22:CD:00:85:22,0.7798159718513489,-0.06021220609545708,-0.3059198260307312,0.5428394079208374,-27.872744477751535,-24.314890456964335,75.80459299528034,35.516971588134766,14.184011459350586,-31.2728271484375,-8.636139869689941,-3.8941774368286133,71.50739288330078
2026-04-02 13:02:50.572,1909.578219358,648345453,right_foot,右脚,D4:22:CD:00:85:22,0.7787432670593262,0.030802519991993904,-0.3188976049423218,0.5393646955490112,-20.4303565591202,-31.999130870821524,75.32940599819278,13.280937194824219,-0.06868863105773926,5.0224738121032715,216.3761749267578,-204.28134155273438,-104.63355255126953
2026-04-02 13:02:50.572,1909.578339907,648378787,right_foot,右脚,D4:22:CD:00:85:22,0.7505273222923279,0.13241402804851532,-0.3674614429473877,0.5330544114112854,-15.52195530075232,-43.84800934422278,77.04731386841978,16.14340591430664,2.6316487789154053,14.126556396484375,178.6456298828125,-349.7662658691406,-69.6386947631836
2026-04-02 13:02:50.602,1909.608406696,648412121,right_foot,右脚,D4:22:CD:00:85:22,0.7339162826538086,0.1873718798160553,-0.40352651476860046,0.5132493376731873,-12.974577287706103,-51.68799139751634,76.23753559469776,23.079504013061523,8.39783763885498,4.427801609039307,58.75852584838867,-222.37149047851562,-71.69745635986328
2026-04-02 13:02:50.632,1909.638321851,648445455,right_foot,右脚,D4:22:CD:00:85:22,0.7223175764083862,0.21128655970096588,-0.4317961633205414,0.4971592426300049,-12.994474660615671,-56.49878381001933,76.0813422324333,10.835929870605469,-0.2794226109981537,3.0685195922851562,-3.655128002166748,-138.2335662841797,-32.62609100341797
2026-04-02 13:02:50.692,1909.69836953,648478789,right_foot,右脚,D4:22:CD:00:85:22,0.7172228097915649,0.2229616343975067,-0.4426657259464264,0.4898228943347931,-12.613732558940463,-58.583800469841265,75.75755078502732,9.079888343811035,1.0020358562469482,5.487695217132568,4.0418829917907715,-58.096893310546875,-16.6171932220459
2026-04-02 13:02:50.692,1909.6985142,648512123,right_foot,右脚,D4:22:CD:00:85:22,0.7136730551719666,0.22261035442352295,-0.45056480169296265,0.48796191811561584,-13.846142951508293,-59.35732055293037,76.64029492373061,8.483423233032227,0.6533063650131226,6.0563554763793945,-13.471413612365723,-24.191444396972656,10.244643211364746
2026-04-02 13:02:50.752,1909.758503982,648545457,right_foot,右脚,D4:22:CD:00:85:22,0.7114078998565674,0.21966923773288727,-0.454360693693161,0.48908135294914246,-15.04717026652703,-59.4678060764495,77.64373802246942,8.116366386413574,-1.8137292861938477,4.812602996826172,-9.348038673400879,-5.726799964904785,16.150671005249023
2026-04-02 13:02:50.782,1909.788500989,648578791,right_foot,右脚,D4:22:CD:00:85:22,0.7107870578765869,0.220712348818779,-0.45299452543258667,0.49077871441841125,-14.892004805766526,-59.384823738029354,77.77201068822346,7.668973445892334,-2.3872196674346924,4.6523613929748535,8.658355712890625,3.059380292892456,4.429264545440674
2026-04-02 13:02:50.812,1909.818533075,648612125,right_foot,右脚,D4:22:CD:00:85:22,0.7098574638366699,0.22600822150707245,-0.45193904638290405,0.4906870126724243,-14.071315653879033,-59.703142926797014,77.4109704017679,7.139559268951416,-0.9616194367408752,5.1026458740234375,15.889538764953613,-6.839071273803711,-6.048096656799316
2026-04-02 13:02:50.846,1909.85212526,648645459,right_foot,右脚,D4:22:CD:00:85:22,0.7061426639556885,0.23510514199733734,-0.45644092559814453,0.4875957667827606,-13.451715717346302,-60.91476316953732,77.18465309641488,6.964280128479004,-1.2342630624771118,5.563039779663086,13.234445571899414,-33.62728500366211,-10.41126537322998
2026-04-02 13:02:50.879,1909.885103059,648678793,right_foot,右脚,D4:22:CD:00:85:22,0.700357973575592,0.2499309927225113,-0.4651305675506592,0.4802984893321991,-12.333023658803167,-63.074852932471074,76.47090574574868,7.724976062774658,-1.1279388666152954,5.738311290740967,15.13883113861084,-60.203739166259766,-22.958314895629883
2026-04-02 13:02:50.932,1909.938261758,648712127,right_foot,右脚,D4:22:CD:00:85:22,0.6917394399642944,0.2644426226615906,-0.47922495007514954,0.4710731506347656,-12.06164500499518,-65.80297514521413,76.32982320999275,8.194994926452637,0.7512674331665039,7.562366962432861,4.774999618530273,-79.0504379272461,-17.907611846923828
2026-04-02 13:02:50.932,1909.938447927,648745461,right_foot,右脚,D4:22:CD:00:85:22,0.6765612363815308,0.2781713008880615,-0.5054692029953003,0.45758771896362305,-14.460142945346353,-69.80734260970426,78.26083262754446,8.815074920654297,0.29705366492271423,10.324913024902344,-17.832582473754883,-121.630126953125,-5.139926433563232
2026-04-02 13:02:50.963,1909.969302304,648778795,right_foot,右脚,D4:22:CD:00:85:22,0.6489925980567932,0.2970580458641052,-0.5493230223655701,0.4345219135284424,-22.651274909227975,-76.20850071796504,85.45998179802581,8.3046236038208,1.0875580310821533,11.954110145568848,-38.36286544799805,-201.84432983398438,-0.16248762607574463
2026-04-02 13:02:50.992,1909.998474787,648812129,right_foot,右脚,D4:22:CD:00:85:22,0.59966641664505,0.3313107490539551,-0.610863983631134,0.3968356251716614,-68.67027928595282,-84.61166568493321,130.72495413748845,8.38304328918457,-4.011641502380371,15.774149894714355,-35.922245025634766,-321.0696716308594,-11.372997283935547
2026-04-02 13:02:51.082,1910.088345721,648845463,right_foot,右脚,D4:22:CD:00:85:22,0.5206522941589355,0.39351117610931396,-0.6824356913566589,0.3291676938533783,-170.69572113510432,-75.85632666906697,-127.3189287480655,15.099205017089844,-8.570378303527832,19.296722412109375,-21.350908279418945,-478.06488037109375,-80.57731628417969
2026-04-02 13:02:51.082,1910.088465271,648878797,right_foot,右脚,D4:22:CD:00:85:22,0.4505824148654938,0.44465282559394836,-0.7298097014427185,0.2581413686275482,177.02799649612575,-62.5291423891804,-115.48966709210563,14.618083953857422,-4.8859543800354,19.209745407104492,-34.25204849243164,-405.9657897949219,-103.79563903808594
2026-04-02 13:02:51.116,1910.122856345,648912131,right_foot,右脚,D4:22:CD:00:85:22,0.4438592195510864,0.4516350328922272,-0.7356805205345154,0.2403925359249115,174.49996044982103,-60.48385272838682,-113.70027023458165,21.199161529541016,-19.04884910583496,12.16446304321289,-29.24630355834961,-61.836334228515625,-29.967615127563477
2026-04-02 13:02:51.144,1910.15011104,648945465,right_foot,右脚,D4:22:CD:00:85:22,0.4661538302898407,0.46967485547065735,-0.694608211517334,0.28217971324920654,173.5560179592508,-65.87475176614944,-107.69174106535561,-2.949411153793335,-1.1845195293426514,16.362197875976562,131.2495880126953,166.06008911132812,-64.22764587402344
2026-04-02 13:02:51.172,1910.178295153,648978799,right_foot,右脚,D4:22:CD:00:85:22,0.5332106947898865,0.4314749538898468,-0.6674748659133911,0.28981488943099976,164.4591787175086,-74.13438440688952,-102.47003604607455,2.5026402473449707,-0.021863430738449097,9.968117713928223,-126.25798797607422,249.9532012939453,-5.5855712890625
2026-04-02 13:02:51.202,1910.208360079,649012133,right_foot,右脚,D4:22:CD:00:85:22,0.6096398830413818,0.3822317123413086,-0.6129266619682312,0.32643359899520874,123.4699903970684,-85.46974696701544,-63.27221623847611,4.1186957359313965,-2.1432034969329834,6.841540336608887,-66.56379699707031,376.17822265625,22.529993057250977
2026-04-02 13:02:51.232,1910.238519843,649045467,right_foot,右脚,D4:22:CD:00:85:22,0.6774197220802307,0.3166942298412323,-0.5569413900375366,0.36141881346702576,8.416599835334246,-79.57248997639887,49.14898180765886,6.904105186462402,1.2671089172363281,7.881195545196533,-91.07552337646484,377.2025451660156,61.02760314941406
2026-04-02 13:02:51.262,1910.268525302,649078801,right_foot,右脚,D4:22:CD:00:85:22,0.7361307144165039,0.23700352013111115,-0.49262019991874695,0.3990814983844757,-6.278152390304582,-66.12538175066149,61.016465066354854,14.930177688598633,-3.085829734802246,8.474416732788086,-98.61244201660156,400.0619201660156,96.36104583740234
2026-04-02 13:02:51.293,1910.299357685,649112135,right_foot,右脚,D4:22:CD:00:85:22,0.775214433670044,0.1458710879087448,-0.41955381631851196,0.4491531550884247,-13.980740294623763,-51.40045798150223,66.92962849029513,17.71097183227539,-1.318240761756897,10.50082015991211,-78.34246826171875,415.2199401855469,166.90374755859375
2026-04-02 13:02:51.352,1910.358672996,649145469,right_foot,右脚,D4:22:CD:00:85:22,0.796334981918335,0.043091293424367905,-0.3541489243507385,0.48843836784362793,-20.406875123131517,-37.31073139541009,70.00124971695237,27.422836303710938,-0.557996928691864,3.4931442737579346,-127.76941680908203,381.8034362792969,186.50421142578125
2026-04-02 13:02:51.382,1910.388634059,649178803,right_foot,右脚,D4:22:CD:00:85:22,0.7981610894203186,-0.024630529806017876,-0.30081191658973694,0.5213868021965027,-23.34678916367521,-27.033331518277304,71.99449860484117,35.7593879699707,5.212385654449463,-10.197566986083984,-56.357994079589844,265.6909484863281,160.8048095703125
2026-04-02 13:02:51.412,1910.418325054,649212137,right_foot,右脚,D4:22:CD:00:85:22,0.7886326313018799,-0.04117024317383766,-0.2981276512145996,0.5361748337745667,-25.160575370956863,-25.218885134907424,74.13781997415022,35.47730255126953,9.852724075317383,-25.722509384155273,-26.1655216217041,25.529741287231445,74.85136413574219
2026-04-02 13:02:51.442,1910.448559109,649245471,right_foot,右脚,D4:22:CD:00:85:22,0.7814862728118896,0.04076315835118294,-0.3135729432106018,0.53785640001297,-18.88040970681277,-32.27309632260936,74.58355951321805,17.90753746032715,4.844681262969971,-3.1033670902252197,194.7760772705078,-199.94998168945312,-67.85868072509766
2026-04-02 13:02:51.472,1910.478575435,649278805,right_foot,右脚,D4:22:CD:00:85:22,0.7564830780029297,0.11990315467119217,-0.36530593037605286,0.5290634632110596,-16.237361093747417,-42.809915826568144,76.33701766500486,15.265615463256836,4.001340866088867,16.3795166015625,111.34983825683594,-313.17938232421875,-54.66347885131836
2026-04-02 13:02:51.532,1910.538294521,649312139,right_foot,右脚,D4:22:CD:00:85:22,0.7409034967422485,0.16519013047218323,-0.4011760652065277,0.512671709060669,-14.955944875483521,-49.80407141253914,76.33699814410735,20.813867568969727,2.58978533744812,4.761436462402344,38.770015716552734,-201.09422302246094,-55.1330680847168
2026-04-02 13:02:51.532,1910.538441461,649345473,right_foot,右脚,D4:22:CD:00:85:22,0.7285394668579102,0.1906229555606842,-0.4308280348777771,0.4972730278968811,-15.16511872959547,-54.81876668510032,76.52959221448374,11.252528190612793,-0.15603923797607422,3.5101728439331055,-1.1964433193206787,-145.1114959716797,-34.3155517578125
2026-04-02 13:02:51.592,1910.598312421,649378807,right_foot,右脚,D4:22:CD:00:85:22,0.7213813662528992,0.20485253632068634,-0.446259468793869,0.488361656665802,-15.163077436496522,-57.55753469208408,76.55725800703097,8.509495735168457,-0.41060879826545715,5.572278022766113,1.3019846677780151,-78.3670883178711,-19.756208419799805
2026-04-02 13:02:51.592,1910.598468745,649412141,right_foot,右脚,D4:22:CD:00:85:22,0.7178699374198914,0.21094343066215515,-0.45433685183525085,0.483470618724823,-15.318772173702053,-58.901351917353544,76.6036824094909,8.588090896606445,-0.5716901421546936,5.427793502807617,-2.946234703063965,-38.15275573730469,-8.670522689819336
2026-04-02 13:02:51.712,1910.71840742,649445475,right_foot,右脚,D4:22:CD:00:85:22,0.7149293422698975,0.21491792798042297,-0.4607715308666229,0.4799748957157135,-15.617530739674729,-59.89967875009727,76.78757783113615,8.236614227294922,-1.2696293592453003,5.3406171798706055,-3.6967644691467285,-28.782543182373047,-4.143640995025635
2026-04-02 13:02:51.712,1910.718485564,649478809,right_foot,右脚,D4:22:CD:00:85:22,0.711542546749115,0.2194344699382782,-0.46706390380859375,0.4768724739551544,-15.904935475521,-60.92164758731795,77.05313241654268,7.859949588775635,-1.1690828800201416,4.703230381011963,-1.2081022262573242,-29.843353271484375,-3.489844560623169
2026-04-02 13:02:51.742,1910.748396334,649512143,right_foot,右脚,D4:22:CD:00:85:22,0.7092164754867554,0.22548772394657135,-0.47055891156196594,0.4740692675113678,-15.500675548710845,-61.793494660827484,76.8329776110268,7.577415466308594,-1.5619009733200073,4.426406383514404,6.7802557945251465,-23.674274444580078,-9.168108940124512
2026-04-02 13:02:51.742,1910.748519819,649545477,right_foot,右脚,D4:22:CD:00:85:22,0.7085912823677063,0.23138251900672913,-0.4694691300392151,0.4732435941696167,-14.44160966894155,-62.16842785670423,76.21091629733537,7.677250385284424,-1.0352948904037476,4.51979923248291,15.707396507263184,-8.02095890045166,-10.498712539672852
2026-04-02 13:02:51.802,1910.808656619,649578811,right_foot,右脚,D4:22:CD:00:85:22,0.7077109217643738,0.23966677486896515,-0.468229740858078,0.4716632664203644,-12.920638420110398,-62.72614362984095,75.26037791728615,7.465768337249756,-1.042562484741211,5.5262041091918945,20.715862274169922,-12.627998352050781,-15.975131034851074
2026-04-02 13:02:51.802,1910.808761543,649612145,right_foot,右脚,D4:22:CD:00:85:22,0.7033345699310303,0.251458078622818,-0.47352248430252075,0.4667612314224243,-11.73792376896914,-64.26751236425342,74.52818300450147,7.839714527130127,-0.7476617693901062,6.495691299438477,16.145851135253906,-42.66532897949219,-18.726438522338867
2026-04-02 13:02:51.832,1910.838607752,649645479,right_foot,右脚,D4:22:CD:00:85:22,0.6949200630187988,0.26855704188346863,-0.4866430163383484,0.4562256932258606,-10.495153387212746,-67.13178861790796,73.54590046322366,8.283069610595703,-1.5351358652114868,8.9630765914917,10.704140663146973,-81.68505859375,-27.8225154876709
2026-04-02 13:02:51.863,1910.869434537,649678813,right_foot,右脚,D4:22:CD:00:85:22,0.67779141664505,0.28992751240730286,-0.5141610503196716,0.43838274478912354,-10.790304770643914,-72.02405245836263,73.64207628963902,8.971092224121094,1.5742416381835938,10.819398880004883,-5.8958024978637695,-144.3291473388672,-25.558502197265625
2026-04-02 13:02:51.892,1910.898792072,649712147,right_foot,右脚,D4:22:CD:00:85:22,0.6440026760101318,0.31932297348976135,-0.56086266040802,0.4107634127140045,-16.508370291166983,-79.97318813836681,78.935782945332,8.259490013122559,-1.9107489585876465,14.28512954711914,-16.778160095214844,-240.71908569335938,-18.31665802001953
2026-04-02 13:02:51.982,1910.988410259,649745481,right_foot,右脚,D4:22:CD:00:85:22,0.5860528945922852,0.3777921497821808,-0.6245447993278503,0.3517943322658539,177.04046999793974,-86.23562915804011,-114.88855933427452,10.483224868774414,-7.464264869689941,17.877758026123047,-10.448694229125977,-401.50787353515625,-91.44881439208984
2026-04-02 13:02:51.982,1910.988530198,649778815,right_foot,右脚,D4:22:CD:00:85:22,0.5156495571136475,0.4405890703201294,-0.6827563643455505,0.2717185318470001,165.42559634787426,-70.6579413433734,-103.97285459326443,19.84539031982422,-7.38610315322876,18.56437873840332,-24.61636734008789,-450.8109130859375,-135.74526977539062
2026-04-02 13:02:52.013,1911.019412496,649812149,right_foot,右脚,D4:22:CD:00:85:22,0.47686633467674255,0.4683320224285126,-0.7113139033317566,0.21747703850269318,163.0568777969189,-61.897477476717874,-103.07041346924125,16.439655303955078,-10.276453018188477,12.571313858032227,-46.601829528808594,-251.5711669921875,-81.87545776367188
2026-04-02 13:02:52.042,1911.048548867,649845483,right_foot,右脚,D4:22:CD:00:85:22,0.4794870615005493,0.48569151759147644,-0.6867620348930359,0.25010764598846436,163.5907246272225,-64.36088356843408,-99.0941835071415,1.9624279737472534,-11.644546508789062,16.64902687072754,121.41333770751953,84.14631652832031,-30.590116500854492
2026-04-02 13:02:52.072,1911.078527871,649878817,right_foot,右脚,D4:22:CD:00:85:22,0.5257683992385864,0.45990073680877686,-0.6623490452766418,0.2708373963832855,157.43772512454038,-71.0144746941357,-94.25148136483708,2.123044967651367,1.494130253791809,11.771642684936523,-50.998600006103516,204.0196075439453,14.286685943603516
2026-04-02 13:02:52.102,1911.108259538,649912151,right_foot,右脚,D4:22:CD:00:85:22,0.5941017866134644,0.41604819893836975,-0.618996262550354,0.3013155162334442,132.84004751158585,-80.47610483951539,-71.64427965853007,2.5856809616088867,-3.0611214637756348,6.356659889221191,-78.73365020751953,320.96539306640625,22.35111427307129
2026-04-02 13:02:52.132,1911.138580773,649945485,right_foot,右脚,D4:22:CD:00:85:22,0.654386579990387,0.35862499475479126,-0.5742437839508057,0.3367648422718048,44.766465537261624,-83.26503565242297,14.252200621500354,5.074855327606201,0.6458437442779541,6.533589839935303,-82.86444854736328,327.9470520019531,67.5146484375
2026-04-02 13:02:52.162,1911.16860476,649978819,right_foot,右脚,D4:22:CD:00:85:22,0.703586757183075,0.2897726893424988,-0.5270727276802063,0.3784071207046509,1.8365310916599817,-73.94294505846285,55.162478538659244,11.307206153869629,-0.5244201421737671,7.620539665222168,-79.8124008178711,332.4974060058594,113.72571563720703
2026-04-02 13:02:52.192,1911.198660398,650012153,right_foot,右脚,D4:22:CD:00:85:22,0.7448083162307739,0.21058353781700134,-0.4682074189186096,0.4262596070766449,-10.245036945691265,-61.279681917848364,65.64471452934622,14.494203567504883,-2.5581984519958496,8.977415084838867,-70.31119537353516,366.3112487792969,146.10597229003906
2026-04-02 13:02:52.252,1911.258607949,650045487,right_foot,右脚,D4:22:CD:00:85:22,0.774789035320282,0.11974119395017624,-0.4045340120792389,0.47086748480796814,-16.879202230136375,-47.69918610711291,70.08290687923638,19.859437942504883,0.16775187849998474,8.36398696899414,-90.11231231689453,375.58544921875,169.45626831054688
2026-04-02 13:02:52.282,1911.288622868,650078821,right_foot,右脚,D4:22:CD:00:85:22,0.7899543046951294,0.025440670549869537,-0.3471147418022156,0.5048131942749023,-22.267320958238283,-35.036287531623785,72.26979274646754,30.333314895629883,0.03584015369415283,-0.10876655578613281,-117.97502136230469,339.7938232421875,172.50723266601562
2026-04-02 13:02:52.312,1911.318620765,650112155,right_foot,右脚,D4:22:CD:00:85:22,0.7824912071228027,-0.02789016254246235,-0.3070245683193207,0.5409859418869019,-24.8935345765602,-26.763676164503202,75.32871132438846,32.854942321777344,6.933021068572998,-16.064516067504883,-31.663206100463867,195.02857971191406,170.76455688476562
2026-04-02 13:02:52.342,1911.348276568,650145489,right_foot,右脚,D4:22:CD:00:85:22,0.7717180252075195,0.019584571942687035,-0.30938318371772766,0.5552924871444702,-21.202773978522657,-29.951285977456156,77.2065213193655,30.80388641357422,9.869649887084961,-28.56954574584961,137.47109985351562,-107.38291931152344,8.244185447692871
2026-04-02 13:02:52.372,1911.378529051,650178823,right_foot,右脚,D4:22:CD:00:85:22,0.7579758763313293,0.09029535949230194,-0.33323511481285095,0.5534199476242065,-16.93870410451555,-37.23682157375614,78.01218783572969,7.230643272399902,6.778980255126953,16.10574722290039,141.38059997558594,-212.45193481445312,-51.63622283935547
2026-04-02 13:02:52.433,1911.439471677,650212157,right_foot,右脚,D4:22:CD:00:85:22,0.7349135875701904,0.15952377021312714,-0.38133662939071655,0.5376214981079102,-14.932933604316567,-47.05647099256933,78.9059609698701,29.286094665527344,2.2889037132263184,8.455524444580078,78.30423736572266,-288.17425537109375,-60.751808166503906
2026-04-02 13:02:52.463,1911.469230508,650245491,right_foot,右脚,D4:22:CD:00:85:22,0.7234734892845154,0.18765507638454437,-0.40847256779670715,0.5239483714103699,-14.716746284175718,-51.96934566526794,79.02819343020936,11.0416841506958,2.190185785293579,5.811882495880127,9.78415584564209,-142.1853790283203,-34.133914947509766
2026-04-02 13:02:52.463,1911.469345097,650278825,right_foot,右脚,D4:22:CD:00:85:22,0.7145780324935913,0.20395421981811523,-0.4282064735889435,0.514218270778656,-15.146272298274807,-55.25810921992894,79.44013816620324,8.996743202209473,-0.2397288829088211,5.045444011688232,-2.344179630279541,-96.35106658935547,-17.041501998901367
2026-04-02 13:02:52.492,1911.498539523,650312159,right_foot,右脚,D4:22:CD:00:85:22,0.708810031414032,0.2128640115261078,-0.44024455547332764,0.508391797542572,-15.6202323453544,-57.19675801796928,79.85280498545211,8.413080215454102,-0.5230461955070496,5.618963241577148,-3.332951545715332,-57.105369567871094,-7.571520805358887
2026-04-02 13:02:52.582,1911.588282539,650345493,right_foot,右脚,D4:22:CD:00:85:22,0.7064071893692017,0.21503648161888123,-0.44513922929763794,0.5065566897392273,-16.060002157789565,-57.86046922645276,80.2049611512846,8.26319694519043,-0.8198955059051514,5.54899787902832,-3.701620101928711,-20.00062370300293,1.1763501167297363
2026-04-02 13:02:52.612,1911.618326974,650378827,right_foot,右脚,D4:22:CD:00:85:22,0.7054596543312073,0.21651385724544525,-0.4454314112663269,0.5069906711578369,-16.01040819510346,-57.995726884913964,80.32122790337297,7.902007102966309,-2.091797113418579,4.835300922393799,4.982502460479736,-3.7912065982818604,1.7335871458053589
2026-04-02 13:02:52.612,1911.618478593,650412161,right_foot,右脚,D4:22:CD:00:85:22,0.7045673131942749,0.22098709642887115,-0.4447534680366516,0.5068965554237366,-15.39095760822156,-58.29361774333357,80.08445628465181,7.343430042266846,-1.3785340785980225,5.36301851272583,13.030355453491211,-7.032644271850586,-5.065920829772949
2026-04-02 13:02:52.642,1911.64852568,650445495,right_foot,右脚,D4:22:CD:00:85:22,0.7026016116142273,0.22764326632022858,-0.44622260332107544,0.5053859949111938,-14.749796682852036,-58.995716635035656,79.8311772493698,7.386756420135498,-1.1622533798217773,5.21628475189209,13.184064865112305,-18.82774543762207,-8.410077095031738
2026-04-02 13:02:52.672,1911.6785328,650478829,right_foot,右脚,D4:22:CD:00:85:22,0.7007320523262024,0.23649176955223083,-0.4482048749923706,0.5021541714668274,-13.715273832478207,-59.95741474883632,79.18880542445395,7.445954322814941,-1.5241955518722534,5.266308307647705,14.833841323852539,-25.141361236572266,-15.772294998168945
2026-04-02 13:02:52.762,1911.76843281,650512163,right_foot,右脚,D4:22:CD:00:85:22,0.6988112330436707,0.24787448346614838,-0.4511343836784363,0.49668821692466736,-12.20909193540192,-61.252523981575976,78.05330396392007,7.498854160308838,-0.9357383251190186,5.547388553619385,15.867871284484863,-33.754756927490234,-24.280742645263672
2026-04-02 13:02:52.762,1911.768636731,650545497,right_foot,右脚,D4:22:CD:00:85:22,0.69438236951828,0.2622263431549072,-0.45843687653541565,0.48878052830696106,-10.75440877974393,-63.25305714329092,76.91906692898344,7.694599628448486,-0.5403923988342285,6.513123989105225,13.844219207763672,-55.37269973754883,-26.80962371826172
2026-04-02 13:02:52.792,1911.798389505,650578831,right_foot,右脚,D4:22:CD:00:85:22,0.6866661906242371,0.2798037528991699,-0.4715237617492676,0.47735193371772766,-9.384514921834288,-66.1615232204792,75.7330571883446,8.045788764953613,-1.0009596347808838,7.573726177215576,9.217376708984375,-83.05734252929688,-29.618179321289062
2026-04-02 13:02:52.792,1911.798513312,650612165,right_foot,右脚,D4:22:CD:00:85:22,0.6737514138221741,0.30139392614364624,-0.49238064885139465,0.46128320693969727,-8.212516174047353,-70.31182109165027,74.58373047738709,8.80332088470459,0.8935866951942444,9.311717987060547,3.3679769039154053,-121.020751953125,-31.155338287353516
2026-04-02 13:02:52.852,1911.858542378,650645499,right_foot,右脚,D4:22:CD:00:85:22,0.6497698426246643,0.323741614818573,-0.5288159847259521,0.43970948457717896,-10.86048926223972,-76.3904088128877,76.72830162572879,8.902685165405273,0.9860148429870605,10.735343933105469,-17.422361373901367,-182.98080444335938,-11.495475769042969
2026-04-02 13:02:52.942,1911.948187838,650678833,right_foot,右脚,D4:22:CD:00:85:22,0.6091764569282532,0.36239510774612427,-0.5828701853752136,0.3972862660884857,-20.476424535361236,-86.45874960613882,85.49446831917267,8.833999633789062,-5.755001068115234,15.946371078491211,-27.115047454833984,-300.9568176269531,-43.14303207397461
2026-04-02 13:02:52.942,1911.94834971,650712167,right_foot,右脚,D4:22:CD:00:85:22,0.5514631867408752,0.42080995440483093,-0.6420646905899048,0.3264358937740326,165.88154592658154,-79.38429993467454,-101.7816954845914,15.419146537780762,-6.931347846984863,15.516144752502441,-28.677581787109375,-409.477783203125,-112.96469116210938
2026-04-02 13:02:53.002,1912.008530841,650745501,right_foot,右脚,D4:22:CD:00:85:22,0.49897611141204834,0.4695146977901459,-0.6821483969688416,0.2554456889629364,162.09370448424542,-67.01724061298948,-99.01147473346687,11.254528045654297,-5.5276641845703125,11.02454662322998,-33.845523834228516,-351.1337585449219,-125.42010498046875
2026-04-02 13:02:53.032,1912.038567984,650778835,right_foot,右脚,D4:22:CD:00:85:22,0.48066428303718567,0.4884033501148224,-0.6845073103904724,0.24874508380889893,162.70264407437193,-64.29140681025005,-98.06347718554656,19.043102264404297,-13.092939376831055,8.153414726257324,43.486610412597656,-76.03033447265625,-35.92795944213867
2026-04-02 13:02:53.092,1912.098475214,650812169,right_foot,右脚,D4:22:CD:00:85:22,0.48048001527786255,0.5024349093437195,-0.6616451144218445,0.28093454241752625,163.7254680455123,-66.65230879817751,-94.83398279276604,-3.9934370517730713,-0.6751936674118042,12.071502685546875,117.61116027832031,77.39928436279297,-18.16172981262207
2026-04-02 13:02:53.092,1912.098616811,650845503,right_foot,右脚,D4:22:CD:00:85:22,0.5188853740692139,0.46898671984672546,-0.649078905582428,0.29917576909065247,160.8099296115773,-72.59493548275559,-94.1446122926716,-0.20645350217819214,-1.9936586618423462,6.982959747314453,-69.13231658935547,169.85231018066406,47.337196350097656
2026-04-02 13:02:53.122,1912.128354718,650878837,right_foot,右脚,D4:22:CD:00:85:22,0.5654541850090027,0.42739418148994446,-0.6123019456863403,0.35026025772094727,154.70883403266,-82.68252682728112,-87.83648368546093,6.066781044006348,-2.711329460144043,4.469220161437988,1.284986972808838,292.84210205078125,76.50286102294922
2026-04-02 13:02:53.122,1912.128429891,650912171,right_foot,右脚,D4:22:CD:00:85:22,0.6157848238945007,0.3768358528614044,-0.5584179162979126,0.4086238443851471,4.7881688815669685,-84.68381314649092,62.771352222435794,7.73979377746582,0.31212863326072693,5.226116180419922,14.204130172729492,355.7868347167969,79.66293334960938
2026-04-02 13:02:53.152,1912.158401373,650945505,right_foot,右脚,D4:22:CD:00:85:22,0.6669454574584961,0.3137035667896271,-0.504050076007843,0.4502303898334503,-6.847620099142827,-72.71247490066074,73.08686360391141,10.258541107177734,-0.556098997592926,6.188098430633545,-44.955318450927734,354.3586120605469,66.28890228271484
2026-04-02 13:02:53.182,1912.188580238,650978839,right_foot,右脚,D4:22:CD:00:85:22,0.704671323299408,0.24137546122074127,-0.4522625505924225,0.49054571986198425,-12.311036800824985,-60.95091260746597,76.94909730418763,13.289488792419434,-1.5549333095550537,7.698940753936768,-57.7204475402832,338.031982421875,102.62519836425781
2026-04-02 13:02:53.212,1912.218607032,651012173,right_foot,右脚,D4:22:CD:00:85:22,0.7257082462310791,0.1566254198551178,-0.40603575110435486,0.5328707695007324,-18.29632700930702,-49.13462447717263,80.9986603591932,18.975624084472656,-2.3400912284851074,7.890271186828613,-80.0693588256836,321.4068908691406,159.5283966064453
2026-04-02 13:02:53.242,1912.248610569,651045507,right_foot,右脚,D4:22:CD:00:85:22,0.7389135956764221,0.07494300603866577,-0.3562875986099243,0.5669653415679932,-21.754234921484358,-37.69887374986661,82.50422092113928,26.010629653930664,-1.8976019620895386,2.7658534049987793,-73.03548431396484,309.53656005859375,147.03382873535156
2026-04-02 13:02:53.272,1912.278400079,651078841,right_foot,右脚,D4:22:CD:00:85:22,0.7437490820884705,0.008326285518705845,-0.3325978219509125,0.5797816514968872,-25.613838922810928,-30.29109682322197,82.91756680699984,24.533363342285156,5.778584003448486,-6.057634353637695,-109.086669921875,198.45272827148438,97.83917236328125
2026-04-02 13:02:53.302,1912.30859534,651112175,right_foot,右脚,D4:22:CD:00:85:22,0.7446372509002686,-0.022330589592456818,-0.33585429191589355,0.5763843059539795,-28.528203251521916,-28.322706328376213,82.82382894205847,26.549074172973633,7.342367649078369,-17.39396858215332,-88.90928649902344,53.3239860534668,24.71413230895996
2026-04-02 13:02:53.332,1912.338635127,651145509,right_foot,右脚,D4:22:CD:00:85:22,0.7494704127311707,0.04718431457877159,-0.3379855751991272,0.5673038363456726,-22.181775806724286,-34.06658534069553,81.12070431283817,10.966227531433105,2.1453704833984375,-4.1982645988464355,163.90213012695312,-136.71688842773438,-112.65449523925781
2026-04-02 13:02:53.362,1912.368615839,651178843,right_foot,右脚,D4:22:CD:00:85:22,0.7313231825828552,0.11332447081804276,-0.3631463646888733,0.5660820603370667,-19.051928844391,-41.258433184036456,82.71291411256236,5.074876308441162,1.6351357698440552,12.554208755493164,123.21116638183594,-214.8960418701172,-39.68575668334961
2026-04-02 13:02:53.392,1912.398411646,651212177,right_foot,右脚,D4:22:CD:00:85:22,0.7168166041374207,0.16505166888237,-0.3917188346385956,0.552710235118866,-17.09365170010055,-48.07605360987319,82.93868812455813,24.69331932067871,-0.21264806389808655,6.061553001403809,63.77653121948242,-195.5800018310547,-57.79829788208008
2026-04-02 13:02:53.452,1912.458613333,651245511,right_foot,右脚,D4:22:CD:00:85:22,0.7101489901542664,0.1920372098684311,-0.4054345488548279,0.5426167845726013,-15.63728207104536,-51.650726216876976,82.37011581055987,10.620433807373047,3.378448009490967,7.2723588943481445,31.17056655883789,-99.18858337402344,-39.52711486816406
2026-04-02 13:02:53.482,1912.488624625,651278845,right_foot,右脚,D4:22:CD:00:85:22,0.7029607892036438,0.20540568232536316,-0.42126673460006714,0.5349664092063904,-16.110299415783697,-54.295550062111346,82.84496073410726,8.74116039276123,-0.384695440530777,5.581275939941406,-2.1960790157318115,-78.12872314453125,-12.082115173339844
2026-04-02 13:02:53.512,1912.518339972,651312179,right_foot,右脚,D4:22:CD:00:85:22,0.6994717717170715,0.2130693793296814,-0.4288443326950073,0.5305032134056091,-16.16551327585747,-55.689664451782086,82.93614709333535,8.406380653381348,-0.8320136070251465,4.938748836517334,1.219158411026001,-40.115562438964844,-8.818918228149414
2026-04-02 13:02:53.542,1912.548424192,651345513,right_foot,右脚,D4:22:CD:00:85:22,0.6978369951248169,0.21587175130844116,-0.43209555745124817,0.5288823246955872,-16.279800130122823,-56.24342970043887,83.05865155787959,7.685960292816162,-0.2680092751979828,5.978029251098633,0.2221621572971344,-16.08306121826172,-1.4387730360031128
2026-04-02 13:02:53.572,1912.578528344,651378847,right_foot,右脚,D4:22:CD:00:85:22,0.6964238286018372,0.21614059805870056,-0.43436652421951294,0.5287750363349915,-16.654336292691674,-56.4688590450427,83.4046538791133,7.640859603881836,-1.3087882995605469,5.51392126083374,-2.0274014472961426,-7.756501197814941,4.777040004730225
2026-04-02 13:02:53.602,1912.608520876,651412181,right_foot,右脚,D4:22:CD:00:85:22,0.6954165101051331,0.21701036393642426,-0.43482106924057007,0.5293707251548767,-16.722703107346213,-56.566002495477775,83.60228492844291,7.461592674255371,-1.5407124757766724,5.260805606842041,3.4090394973754883,-3.430150270462036,3.3854241371154785
2026-04-02 13:02:53.632,1912.638419265,651445515,right_foot,右脚,D4:22:CD:00:85:22,0.694358766078949,0.2191528081893921,-0.4351920485496521,0.5295717120170593,-16.603245102546733,-56.769506643102936,83.68018463388115,7.4836883544921875,-1.5384715795516968,5.320008277893066,6.008063793182373,-5.969339847564697,0.4856909215450287
2026-04-02 13:02:53.662,1912.66863201,651478849,right_foot,右脚,D4:22:CD:00:85:22,0.6934611201286316,0.22147302329540253,-0.435563325881958,0.5294771194458008,-16.430764834298483,-56.99491348426128,83.68905430219984,7.487986087799072,-0.9717933535575867,5.412365913391113,5.832085132598877,-6.326215744018555,-0.8454312682151794
2026-04-02 13:02:53.692,1912.698616745,651512183,right_foot,右脚,D4:22:CD:00:85:22,0.6923462152481079,0.22415272891521454,-0.43626049160957336,0.529234766960144,-16.265314373385273,-57.28243398562832,83.71452093615389,7.4640398025512695,-1.2402852773666382,5.492208480834961,6.007138252258301,-8.245950698852539,-1.146842360496521
2026-04-02 13:02:53.782,1912.788382739,651545517,right_foot,右脚,D4:22:CD:00:85:22,0.6914388537406921,0.22721311450004578,-0.4369600713253021,0.5285380482673645,-16.005404215207562,-57.612397128877085,83.63021961877558,7.546671390533447,-1.1913349628448486,5.523533821105957,6.038163185119629,-9.030497550964355,-3.2293574810028076
2026-04-02 13:02:53.782,1912.788504481,651578851,right_foot,右脚,D4:22:CD:00:85:22,0.6903364658355713,0.23030585050582886,-0.43800029158592224,0.5277789235115051,-15.797614671472871,-57.97710068306041,83.58879431683626,7.486959457397461,-1.081512689590454,5.556328773498535,5.516445159912109,-10.28409481048584,-2.8575246334075928
2026-04-02 13:02:53.812,1912.818523683,651612185,right_foot,右脚,D4:22:CD:00:85:22,0.6888603568077087,0.23563306033611298,-0.43969613313674927,0.525942862033844,-15.349109860417936,-58.60952784604054,83.37387789786791,7.373558521270752,-1.5572731494903564,5.421324253082275,8.278275489807129,-17.353206634521484,-7.631298065185547
2026-04-02 13:02:53.842,1912.848550454,651645519,right_foot,右脚,D4:22:CD:00:85:22,0.6861672401428223,0.24530257284641266,-0.44304338097572327,0.522220253944397,-14.514129874388571,-59.79232617223998,82.92190998514653,7.365804195404053,-1.5228809118270874,5.761138439178467,13.669641494750977,-32.51948547363281,-15.19945240020752
2026-04-02 13:02:53.872,1912.878344653,651678853,right_foot,右脚,D4:22:CD:00:85:22,0.6817560195922852,0.25924816727638245,-0.4494551420211792,0.5157414674758911,-13.4185552648023,-61.672233311140545,82.24842519562999,7.582677841186523,-1.1668775081634521,5.9976019859313965,15.47113037109375,-52.41177749633789,-22.6168270111084
2026-04-02 13:02:53.902,1912.908533563,651712187,right_foot,右脚,D4:22:CD:00:85:22,0.6762831807136536,0.27359750866889954,-0.4589158296585083,0.5071310997009277,-12.53526341158619,-63.9242270042421,81.57145118726696,8.129255294799805,-0.18526910245418549,6.197866916656494,8.645415306091309,-63.868900299072266,-23.681509017944336
2026-04-02 13:02:53.932,1912.938520459,651745521,right_foot,右脚,D4:22:CD:00:85:22,0.6704555749893188,0.2865942716598511,-0.47013017535209656,0.4973236918449402,-11.949362686942752,-66.271545304876,80.95039274343719,8.49293327331543,-0.5232563614845276,6.904978275299072,0.877197802066803,-67.34098815917969,-22.080766677856445
2026-04-02 13:02:53.964,1912.970300902,651778855,right_foot,右脚,D4:22:CD:00:85:22,0.6624165773391724,0.3011711835861206,-0.4844512939453125,0.4856000244617462,-11.571005961998766,-69.11765855389646,80.47259948119557,8.687357902526855,-0.3687317371368408,7.264296054840088,-1.733019471168518,-82.75385284423828,-22.250173568725586
2026-04-02 13:02:53.992,1912.998341922,651812189,right_foot,右脚,D4:22:CD:00:85:22,0.6491169333457947,0.32010000944137573,-0.5057023167610168,0.4695194959640503,-11.81197655085912,-73.15774378873681,80.5375140846315,8.598970413208008,-0.778392493724823,7.42392635345459,-5.219310760498047,-119.19300079345703,-23.501323699951172
2026-04-02 13:02:54.052,1913.058589516,651845523,right_foot,右脚,D4:22:CD:00:85:22,0.628628134727478,0.34633681178092957,-0.5340986251831055,0.44678446650505066,-12.439814983060066,-78.80569144400918,81.03731698345416,9.386178016662598,-1.2888978719711304,8.668119430541992,-4.151543617248535,-166.923828125,-31.665895462036133
2026-04-02 13:02:54.112,1913.118418312,651878857,right_foot,右脚,D4:22:CD:00:85:22,0.5991162657737732,0.386216402053833,-0.5707516074180603,0.407601922750473,-2.85544553097108,-87.12131080798977,71.17345370300379,10.430604934692383,-4.560186386108398,10.398797988891602,-6.907140254974365,-242.20298767089844,-68.7281723022461
2026-04-02 13:02:54.112,1913.1186012,651912191,right_foot,右脚,D4:22:CD:00:85:22,0.5632083415985107,0.4355645477771759,-0.6072762608528137,0.3525559604167938,151.9166125943982,-82.37925756264802,-84.0096095628562,12.747804641723633,-4.347359657287598,8.788122177124023,-10.108362197875977,-289.25555419921875,-111.4535903930664
2026-04-02 13:02:54.142,1913.148519445,651945525,right_foot,右脚,D4:22:CD:00:85:22,0.5336829423904419,0.47450774908065796,-0.6319277286529541,0.30115243792533875,153.1832467660775,-73.80045869807233,-85.89937616149972,7.678663730621338,-3.8746752738952637,5.106991291046143,-18.04523468017578,-234.97274780273438,-108.22429656982422
2026-04-02 13:02:54.172,1913.178534886,651978859,right_foot,右脚,D4:22:CD:00:85:22,0.5283793807029724,0.48667529225349426,-0.6340057849884033,0.28635498881340027,151.42753872731947,-71.57076790106025,-84.17670889917109,13.405378341674805,-6.546146392822266,7.111432075500488,-4.004232406616211,-53.5239372253418,-44.764400482177734
2026-04-02 13:02:54.202,1913.20829421,652012193,right_foot,右脚,D4:22:CD:00:85:22,0.5398625731468201,0.4862755835056305,-0.6193034052848816,0.297570139169693,146.8971773944142,-73.35130382582297,-78.76286213464867,0.7583432793617249,-2.7913317680358887,8.730780601501465,17.918642044067383,69.12554168701172,-14.862920761108398
2026-04-02 13:02:54.232,1913.238570971,652045527,right_foot,右脚,D4:22:CD:00:85:22,0.5688660144805908,0.4602968394756317,-0.606679379940033,0.3105776011943817,137.42952674404387,-77.46254259756975,-70.9190892985698,2.4900829792022705,-2.3975253105163574,6.415975570678711,-57.27124786376953,131.56036376953125,28.391305923461914
2026-04-02 13:02:54.292,1913.298333638,652078861,right_foot,右脚,D4:22:CD:00:85:22,0.6060203313827515,0.42338618636131287,-0.5824710726737976,0.33795151114463806,107.23292150182974,-82.81448300999118,-41.94634896624925,5.085610389709473,-0.3198765218257904,5.616933345794678,-49.30727767944336,205.61412048339844,52.0587272644043
2026-04-02 13:02:54.292,1913.298466628,652112195,right_foot,右脚,D4:22:CD:00:85:22,0.6446213126182556,0.3741454780101776,-0.5543249249458313,0.3704085350036621,34.210421301885894,-82.67216603710035,29.470720092073034,6.668360710144043,0.16003799438476562,5.83236026763916,-62.391395568847656,238.47305297851562,79.76058197021484
2026-04-02 13:02:54.382,1913.388414847,652145529,right_foot,右脚,D4:22:CD:00:85:22,0.6801615953445435,0.31976068019866943,-0.5225401520729065,0.40259814262390137,3.265560725080689,-75.53340188869254,58.71362511531284,9.2635498046875,0.38916006684303284,6.3418426513671875,-65.7030258178711,246.92857360839844,87.98310089111328
2026-04-02 13:02:54.382,1913.388537323,652178863,right_foot,右脚,D4:22:CD:00:85:22,0.7114141583442688,0.2597293257713318,-0.486642062664032,0.4354426860809326,-7.891719509955905,-66.72260150188977,68.1406122002628,11.50789737701416,-0.7342601418495178,6.7700605392456055,-67.25906372070312,257.4657287597656,100.88743591308594
2026-04-02 13:02:54.412,1913.418633717,652212197,right_foot,右脚,D4:22:CD:00:85:22,0.7308357357978821,0.19790256023406982,-0.4470633566379547,0.47628599405288696,-14.665443418705257,-57.34936664674855,74.23609113998621,12.835012435913086,-1.908413052558899,7.837968826293945,-42.0730094909668,256.6340637207031,137.7454833984375
2026-04-02 13:02:54.442,1913.448377509,652245531,right_foot,右脚,D4:22:CD:00:85:22,0.7380120754241943,0.1361500471830368,-0.40636321902275085,0.5212202668190002,-19.388106605557397,-47.878997457258514,79.13732359281751,14.272989273071289,-0.717120885848999,9.230298042297363,-25.304838180541992,243.436767578125,167.13697814941406
2026-04-02 13:02:54.472,1913.478380617,652278865,right_foot,右脚,D4:22:CD:00:85:22,0.741750955581665,0.07457466423511505,-0.36831608414649963,0.5555065870285034,-22.591787216289273,-38.9948801577674,81.75083762086513,17.290002822875977,-0.7191004157066345,6.339217185974121,-42.7297477722168,226.7506103515625,147.35440063476562
2026-04-02 13:02:54.502,1913.508480164,652312199,right_foot,右脚,D4:22:CD:00:85:22,0.7465202212333679,0.022871989756822586,-0.3374083936214447,0.5730099678039551,-24.564068884207938,-32.003827388102245,82.16302640210242,19.656936645507812,2.5235822200775146,-1.4877638816833496,-52.45124435424805,186.96311950683594,92.15522003173828
2026-04-02 13:02:54.532,1913.538471851,652345533,right_foot,右脚,D4:22:CD:00:85:22,0.7439306378364563,-0.010052038356661797,-0.33756959438323975,0.5766394138336182,-27.642699978576438,-29.384226091557416,82.94190505467034,19.078250885009766,6.446770191192627,-10.875897407531738,-80.70355224609375,60.952396392822266,52.388160705566406
2026-04-02 13:02:54.562,1913.568432542,652378867,right_foot,右脚,D4:22:CD:00:85:22,0.7482035160064697,0.02543722651898861,-0.33841681480407715,0.5701040625572205,-24.31786733124953,-32.37192172279768,81.76929836189073,14.27700138092041,0.35749393701553345,-9.527017593383789,81.62836456298828,-67.5791244506836,-65.93598937988281
2026-04-02 13:02:54.592,1913.598503677,652412201,right_foot,右脚,D4:22:CD:00:85:22,0.7449092864990234,0.08912896364927292,-0.3400209844112396,0.567055881023407,-18.563239348230137,-37.41988449735906,80.89580751834546,4.9728593826293945,-2.0773863792419434,11.507604598999023,157.640625,-133.0409698486328,-74.76388549804688
2026-04-02 13:02:54.652,1913.658389455,652445535,right_foot,右脚,D4:22:CD:00:85:22,0.7204704880714417,0.14032147824764252,-0.3678271472454071,0.5709075927734375,-17.517460319457026,-43.64897635007987,83.84865241202823,7.960541248321533,4.913886547088623,9.122526168823242,89.07551574707031,-198.5389404296875,6.923433303833008
2026-04-02 13:02:54.682,1913.688375816,652478869,right_foot,右脚,D4:22:CD:00:85:22,0.7095327973365784,0.1761741042137146,-0.39485234022140503,0.5564332604408264,-16.832020076075462,-49.14603576933984,83.94960389944504,18.514205932617188,-0.5035231113433838,6.107463836669922,23.031251907348633,-158.21499633789062,-45.60906982421875
2026-04-02 13:02:54.712,1913.718399279,652512203,right_foot,右脚,D4:22:CD:00:85:22,0.7043551802635193,0.1973678320646286,-0.404784232378006,0.5487074255943298,-15.620115270415303,-51.88911848260932,83.47451241929546,10.791910171508789,0.8955719470977783,5.945018291473389,25.78878402709961,-76.30292510986328,-30.573528289794922
2026-04-02 13:02:54.772,1913.778334126,652545537,right_foot,右脚,D4:22:CD:00:85:22,0.6999313235282898,0.20792116224765778,-0.41258811950683594,0.5446430444717407,-15.447658608812164,-53.51882689139059,83.60046093990019,8.000049591064453,-0.3332054913043976,6.093419551849365,8.682787895202637,-47.55027770996094,-9.68782901763916
2026-04-02 13:02:54.772,1913.778501775,652578871,right_foot,右脚,D4:22:CD:00:85:22,0.6958602666854858,0.21495449542999268,-0.41898760199546814,0.5422385334968567,-15.585824164314912,-54.70883835226454,83.95369926888412,7.620689392089844,-0.3532247841358185,5.897858619689941,4.9408488273620605,-35.93840026855469,-2.411461353302002
2026-04-02 13:02:54.802,1913.808355937,652612205,right_foot,右脚,D4:22:CD:00:85:22,0.6925075054168701,0.21674463152885437,-0.4239957332611084,0.5419251918792725,-16.256131565263768,-55.301511895958775,84.64875979131094,7.566938400268555,-0.64955073595047,5.949203014373779,-2.538536548614502,-20.30879783630371,7.738221168518066
2026-04-02 13:02:54.832,1913.838400507,652645539,right_foot,右脚,D4:22:CD:00:85:22,0.6901130676269531,0.21750923991203308,-0.4267174303531647,0.5425366759300232,-16.74260673498596,-55.58645619706094,85.21617996935983,7.6213884353637695,-1.5915383100509644,5.533450126647949,-0.108706995844841,-10.923270225524902,7.888854026794434
2026-04-02 13:02:54.862,1913.86842178,652678873,right_foot,右脚,D4:22:CD:00:85:22,0.6882882118225098,0.21766924858093262,-0.4278796315193176,0.5438737273216248,-17.09460618858119,-55.66745206822554,85.70475741809642,7.430974960327148,-1.0287816524505615,5.760603904724121,1.9655498266220093,-4.754805564880371,8.192594528198242
2026-04-02 13:02:54.893,1913.899427501,652712207,right_foot,右脚,D4:22:CD:00:85:22,0.6862949728965759,0.2183590829372406,-0.42963695526123047,0.5447299480438232,-17.45365538266376,-55.853875583445294,86.18333035224381,7.326690196990967,-1.52454674243927,5.576442241668701,1.4851547479629517,-7.804595947265625,6.975943565368652
2026-04-02 13:02:54.952,1913.958632941,652745541,right_foot,右脚,D4:22:CD:00:85:22,0.6843908429145813,0.22116681933403015,-0.4313136637210846,0.5446677803993225,-17.497438250739027,-56.232416982529436,86.42989520322227,7.163578510284424,-1.6926631927490234,5.617792129516602,5.175048828125,-12.17284870147705,1.3814082145690918
2026-04-02 13:02:55.012,1914.018295932,652778875,right_foot,右脚,D4:22:CD:00:85:22,0.6823770999908447,0.22624175250530243,-0.4336753785610199,0.5432328581809998,-17.29858508751109,-56.89427128174984,86.46807909093602,7.306746959686279,-1.6194937229156494,5.596612453460693,7.230561256408691,-19.269943237304688,-4.568731784820557
2026-04-02 13:02:55.012,1914.018398712,652812209,right_foot,右脚,D4:22:CD:00:85:22,0.6801609992980957,0.2314390242099762,-0.43661558628082275,0.5414646863937378,-17.16154443350313,-57.6258673220658,86.53455658176222,7.574597358703613,-1.0870147943496704,5.459125995635986,6.06597900390625,-21.446229934692383,-4.766903400421143
2026-04-02 13:02:55.042,1914.04863506,652845543,right_foot,右脚,D4:22:CD:00:85:22,0.6782243251800537,0.237029567360878,-0.4390683174133301,0.5394885540008545,-16.86708992657063,-58.35585750014524,86.46567260308896,7.574084758758545,-1.3842822313308716,5.382428169250488,7.326609134674072,-20.808874130249023,-6.806280136108398
2026-04-02 13:02:55.072,1914.078774058,652878877,right_foot,右脚,D4:22:CD:00:85:22,0.6762310862541199,0.2429361790418625,-0.44158536195755005,0.5373043417930603,-16.525871490761016,-59.124986399407526,86.35627298387482,7.653063774108887,-1.2396315336227417,5.419980525970459,7.658200263977051,-21.82677459716797,-7.655828475952148
2026-04-02 13:02:55.102,1914.10863913,652912211,right_foot,右脚,D4:22:CD:00:85:22,0.6741493344306946,0.2501090466976166,-0.4444039762020111,0.5342971682548523,-16.00621929173013,-60.04917425539449,86.08775906912513,7.634515285491943,-1.1518347263336182,5.3576459884643555,8.83765697479248,-25.71302032470703,-11.13288688659668
2026-04-02 13:02:55.163,1914.169631825,652945545,right_foot,右脚,D4:22:CD:00:85:22,0.6711680889129639,0.2587861120700836,-0.44854357838630676,0.5304450392723083,-15.487202192732662,-61.23964007135882,85.84355560203713,7.555481433868408,-1.2790608406066895,5.479893207550049,9.361677169799805,-33.66524887084961,-12.641308784484863
2026-04-02 13:02:55.192,1914.198315572,652978879,right_foot,右脚,D4:22:CD:00:85:22,0.6674817204475403,0.2699131667613983,-0.4542059302330017,0.5247018337249756,-14.754183689042893,-62.82254597792227,85.38247762047583,7.807596206665039,-1.1320010423660278,5.814884185791016,9.906697273254395,-44.44695281982422,-18.204036712646484
2026-04-02 13:02:55.192,1914.198403594,653012213,right_foot,右脚,D4:22:CD:00:85:22,0.6629295945167542,0.28053349256515503,-0.4627797603607178,0.5173589587211609,-14.468965147984532,-64.6693423326621,85.12629312938881,8.107473373413086,-0.08082158118486404,6.019376754760742,1.78319251537323,-53.092411041259766,-16.851343154907227
2026-04-02 13:02:55.282,1914.288360517,653045547,right_foot,右脚,D4:22:CD:00:85:22,0.6568474769592285,0.29149535298347473,-0.4739921987056732,0.5088353753089905,-14.63675872870945,-66.82793179767516,85.21324015589612,8.370383262634277,-0.7146946787834167,6.049559116363525,-2.5475270748138428,-63.337562561035156,-14.835423469543457
2026-04-02 13:02:55.282,1914.28843762,653078881,right_foot,右脚,D4:22:CD:00:85:22,0.6487830877304077,0.30388355255126953,-0.4882785975933075,0.49831661581993103,-15.257252947990299,-69.46108299639138,85.66340218738956,8.740091323852539,-0.6692675948143005,6.645800590515137,-5.987447261810303,-78.06168365478516,-15.148017883300781
2026-04-02 13:02:55.312,1914.318436415,653112215,right_foot,右脚,D4:22:CD:00:85:22,0.6355515718460083,0.32028868794441223,-0.5093744993209839,0.48376357555389404,-17.258083409794985,-73.20710206468456,87.41685403375888,8.593561172485352,-0.32367420196533203,7.7902727127075195,-10.108972549438477,-113.11331176757812,-14.96485424041748
2026-04-02 13:02:55.342,1914.34852994,653145549,right_foot,右脚,D4:22:CD:00:85:22,0.6139504313468933,0.344046413898468,-0.5399280786514282,0.46170875430107117,-22.899004885444025,-78.71803036154839,92.75231926552372,9.184919357299805,-1.9142776727676392,9.30815601348877,-13.73088550567627,-169.0897674560547,-19.934720993041992
2026-04-02 13:02:55.372,1914.378352258,653178883,right_foot,右脚,D4:22:CD:00:85:22,0.582427978515625,0.3830471634864807,-0.5769094824790955,0.4257088899612427,-47.729745692349745,-86.51384722404727,117.52914986719229,10.48969841003418,-4.048498153686523,10.346489906311035,-6.040962219238281,-242.06805419921875,-54.455772399902344
2026-04-02 13:02:55.402,1914.408581415,653212217,right_foot,右脚,D4:22:CD:00:85:22,0.5429335832595825,0.43167877197265625,-0.6190700531005859,0.36827847361564636,174.7598618158264,-81.96531733214108,-105.67054272381746,12.783079147338867,-5.065282344818115,9.994579315185547,-26.619646072387695,-311.04815673828125,-98.19834899902344
2026-04-02 13:02:55.432,1914.438542984,653245551,right_foot,右脚,D4:22:CD:00:85:22,0.5110512971878052,0.46469223499298096,-0.6561341881752014,0.30393388867378235,165.43203865596087,-72.3842886046177,-98.69986958499211,9.69482707977295,-0.5532716512680054,6.1566033363342285,-75.59736633300781,-275.95867919921875,-95.07792663574219
2026-04-02 13:02:55.462,1914.468550047,653278885,right_foot,右脚,D4:22:CD:00:85:22,0.5058373808860779,0.47175562381744385,-0.670106053352356,0.2693195641040802,161.27691010649258,-68.75435944134234,-96.83895398519357,13.57685375213623,-8.300384521484375,4.560973167419434,-72.61225891113281,-100.47612762451172,-48.97936248779297
2026-04-02 13:02:55.522,1914.528539551,653312219,right_foot,右脚,D4:22:CD:00:85:22,0.5186151266098022,0.47725245356559753,-0.6515436172485352,0.28064149618148804,156.9931040670246,-70.67803298243786,-91.13207628524958,1.333250641822815,-3.3812150955200195,8.585094451904297,30.989303588867188,73.28043365478516,-35.026123046875
2026-04-02 13:02:55.552,1914.558525551,653345553,right_foot,右脚,D4:22:CD:00:85:22,0.5515552163124084,0.45308470726013184,-0.6415913105010986,0.28082337975502014,149.19058825723386,-74.20032545757108,-85.99898788549234,2.3938164710998535,0.5002474784851074,7.2553791999816895,-88.22310638427734,113.30113983154297,6.162344455718994
2026-04-02 13:02:55.582,1914.588435323,653378887,right_foot,右脚,D4:22:CD:00:85:22,0.5946040153503418,0.42207083106040955,-0.6156420707702637,0.2988099753856659,130.46592237214765,-79.85468202401836,-68.90579625736065,5.596456050872803,-2.018071413040161,5.089020252227783,-62.29428482055664,200.27407836914062,20.186796188354492
2026-04-02 13:02:55.612,1914.618480812,653412221,right_foot,右脚,D4:22:CD:00:85:22,0.6373304724693298,0.3805801272392273,-0.5842636823654175,0.3280319571495056,74.8354556303816,-83.94582061605266,-14.601849480600228,4.748908042907715,1.6895039081573486,6.103875160217285,-53.875572204589844,237.79995727539062,57.626129150390625
2026-04-02 13:02:55.642,1914.648541626,653445555,right_foot,右脚,D4:22:CD:00:85:22,0.6737795472145081,0.33138254284858704,-0.5522218942642212,0.3622952401638031,15.233253084568043,-79.82349587518152,43.76954654963001,8.237945556640625,0.6542569994926453,6.341384410858154,-51.55109405517578,241.9497528076172,90.27632141113281
2026-04-02 13:02:55.672,1914.678396889,653478889,right_foot,右脚,D4:22:CD:00:85:22,0.7081202268600464,0.2771778404712677,-0.5102010369300842,0.4017876088619232,-3.0637415767229776,-70.96164302799617,61.32523116591507,10.871526718139648,-0.3407543897628784,6.6384124755859375,-38.3581657409668,273.3785095214844,103.03790283203125
2026-04-02 13:02:55.732,1914.738504521,653512223,right_foot,右脚,D4:22:CD:00:85:22,0.7362021207809448,0.2194450944662094,-0.46375468373298645,0.44134119153022766,-10.320775147981966,-61.22711104212494,68.00173629286465,11.715252876281738,-0.8015908002853394,7.830124378204346,-34.655487060546875,278.19598388671875,113.70118713378906
2026-04-02 13:02:55.732,1914.738604237,653545557,right_foot,右脚,D4:22:CD:00:85:22,0.7548548579216003,0.15472334623336792,-0.41898804903030396,0.48031648993492126,-15.697123269882374,-51.36898197595353,72.52320639227962,14.957785606384277,-0.8973790407180786,8.72667121887207,-48.64628601074219,269.19036865234375,138.89198303222656
2026-04-02 13:02:55.762,1914.768623036,653578891,right_foot,右脚,D4:22:CD:00:85:22,0.7693455815315247,0.08765991032123566,-0.37378165125846863,0.5105982422828674,-19.29010461135516,-41.655664144074294,74.54092521932785,18.9096736907959,-2.3416833877563477,5.00105094909668,-64.19575500488281,263.7764587402344,126.31586456298828
2026-04-02 13:02:55.822,1914.828334151,653612225,right_foot,右脚,D4:22:CD:00:85:22,0.7762542366981506,0.034720949828624725,-0.3367334306240082,0.5318219065666199,-21.540504146808004,-34.0358937621033,75.49531969611348,20.77240753173828,2.0031180381774902,-2.705414056777954,-50.24704360961914,205.1826629638672,100.07823181152344
2026-04-02 13:02:55.852,1914.858569667,653645559,right_foot,右脚,D4:22:CD:00:85:22,0.7705264091491699,0.010897709056735039,-0.3311972916126251,0.544498860836029,-23.780990008211504,-31.483964275368404,77.2877999341493,22.26375961303711,3.854146957397461,-12.687322616577148,-38.307884216308594,52.563053131103516,70.92054748535156
2026-04-02 13:02:55.882,1914.888548849,653678893,right_foot,右脚,D4:22:CD:00:85:22,0.7614927887916565,0.06697598844766617,-0.33171921968460083,0.5528157949447632,-18.95316779145611,-35.398115318862544,78.0549273463632,14.795251846313477,4.2957353591918945,-8.836458206176758,157.47300720214844,-116.40316009521484,-24.703899383544922
2026-04-02 13:02:55.912,1914.918632478,653712227,right_foot,右脚,D4:22:CD:00:85:22,0.7414456009864807,0.11882343888282776,-0.34844475984573364,0.5610040426254272,-16.415808392083317,-40.543608101559954,80.32414674372977,3.0371479988098145,2.603966236114502,12.906325340270996,118.11678314208984,-163.2299041748047,4.792079448699951
2026-04-02 13:02:55.942,1914.948299931,653745561,right_foot,右脚,D4:22:CD:00:85:22,0.7188208699226379,0.1656646877527237,-0.3843592405319214,0.5550855398178101,-16.183591238891527,-47.43300485188848,82.49986770569645,15.378636360168457,3.5885350704193115,10.002045631408691,52.506961822509766,-211.5558624267578,-12.171541213989258
2026-04-02 13:02:55.972,1914.978628865,653778895,right_foot,右脚,D4:22:CD:00:85:22,0.7133588194847107,0.18850040435791016,-0.4008273184299469,0.5430694818496704,-15.317013278991581,-50.950763668113005,81.89447855253027,16.725317001342773,-2.406844139099121,3.3060474395751953,12.642254829406738,-98.22474670410156,-39.065982818603516
2026-04-02 13:02:56.002,1915.008581284,653812229,right_foot,右脚,D4:22:CD:00:85:22,0.7098649740219116,0.19977642595767975,-0.4086524546146393,0.5377587676048279,-14.8920081346503,-52.65893949540227,81.69263921477997,7.890100002288818,0.6767190098762512,6.744609355926514,8.475257873535156,-48.29231262207031,-15.940215110778809
2026-04-02 13:02:56.032,1915.038544476,653845563,right_foot,右脚,D4:22:CD:00:85:22,0.706002414226532,0.20746594667434692,-0.41525888442993164,0.5348634123802185,-14.887005762853482,-53.92814024674819,81.89998811591413,7.395171165466309,-0.3370353877544403,6.1563849449157715,5.617868423461914,-37.59746551513672,-5.174916744232178
2026-04-02 13:02:56.062,1915.06827818,653878897,right_foot,右脚,D4:22:CD:00:85:22,0.7022684812545776,0.21174994111061096,-0.4216153621673584,0.5331242680549622,-15.334457053317092,-54.880341217903336,82.40474120040889,7.457637310028076,-1.059963583946228,5.812023639678955,-0.637091875076294,-29.7782039642334,2.0444281101226807
2026-04-02 13:02:56.122,1915.128554514,653912231,right_foot,右脚,D4:22:CD:00:85:22,0.6994879841804504,0.21512000262737274,-0.4252971410751343,0.5325058698654175,-15.564819909285685,-55.49589750758077,82.78746406899734,7.3908209800720215,-1.5358182191848755,5.6732988357543945,2.9648690223693848,-19.493722915649414,2.311479091644287
2026-04-02 13:02:56.152,1915.158699993,653945565,right_foot,右脚,D4:22:CD:00:85:22,0.6972373723983765,0.21784795820713043,-0.42682647705078125,0.5331244468688965,-15.634122918254977,-55.84060587538537,83.12686006547666,7.57664155960083,-0.898105800151825,5.86974573135376,6.737652778625488,-11.492390632629395,3.5882749557495117
2026-04-02 13:02:56.182,1915.18836783,653978899,right_foot,右脚,D4:22:CD:00:85:22,0.6948106288909912,0.21983976662158966,-0.42875146865844727,0.5339298248291016,-15.87609014170931,-56.15630603176662,83.58942596061965,7.395373821258545,-1.4595537185668945,5.662561416625977,4.622869968414307,-11.253523826599121,5.688853740692139
2026-04-02 13:02:56.242,1915.248426558,654012233,right_foot,右脚,D4:22:CD:00:85:22,0.6930862069129944,0.22229307889938354,-0.4301522374153137,0.5340286493301392,-15.900005996802724,-56.47933538736813,83.80794959163988,7.410959243774414,-1.2712531089782715,5.526827812194824,5.086050987243652,-10.382683753967285,1.5762916803359985
2026-04-02 13:02:56.242,1915.248523492,654045567,right_foot,右脚,D4:22:CD:00:85:22,0.6916062831878662,0.2247621864080429,-0.43155184388160706,0.5337843298912048,-15.884169441507208,-56.811793414248704,83.95193682213285,7.4503068923950195,-1.2408758401870728,5.591353893280029,4.443888187408447,-10.35002613067627,0.2659115195274353
2026-04-02 13:02:56.272,1915.278600986,654078901,right_foot,右脚,D4:22:CD:00:85:22,0.6900210976600647,0.22735366225242615,-0.433180034160614,0.5334195494651794,-15.886858944146004,-57.17777018847726,84.10846354230937,7.347327709197998,-1.175264596939087,5.6530327796936035,3.9813263416290283,-11.364858627319336,-0.015514925122261047
2026-04-02 13:02:56.302,1915.308533698,654112235,right_foot,右脚,D4:22:CD:00:85:22,0.688544511795044,0.23037996888160706,-0.435162752866745,0.5324142575263977,-15.836715023752555,-57.62621289648935,84.17555385810972,7.422127723693848,-1.2413296699523926,5.528952598571777,4.259976863861084,-13.536112785339355,-1.506972074508667
2026-04-02 13:02:56.332,1915.338589181,654145569,right_foot,右脚,D4:22:CD:00:85:22,0.6868135929107666,0.23385575413703918,-0.4373914301395416,0.5313073992729187,-15.778933174387605,-58.136824022582395,84.25937460336574,7.52540397644043,-1.194767713546753,5.4874348640441895,3.9811882972717285,-15.278496742248535,-2.403587579727173
2026-04-02 13:02:56.362,1915.36866973,654178903,right_foot,右脚,D4:22:CD:00:85:22,0.6869608163833618,0.2378939688205719,-0.4408966898918152,0.5264042019844055,-15.416134146781365,-58.894144096796886,83.66357967198466,7.26206636428833,-1.6577413082122803,5.55848503112793,7.169040679931641,-21.361862182617188,-7.40038537979126
2026-04-02 13:02:56.452,1915.458558165,654212237,right_foot,右脚,D4:22:CD:00:85:22,0.6842613220214844,0.24636948108673096,-0.4449947476387024,0.5225595235824585,-14.845652315549307,-60.05105529636096,83.34883564512006,7.564342498779297,-1.2512497901916504,5.616696834564209,9.27774715423584,-32.520790100097656,-13.153677940368652
2026-04-02 13:02:56.452,1915.458644612,654245571,right_foot,右脚,D4:22:CD:00:85:22,0.6812369227409363,0.2577366232872009,-0.4496493637561798,0.5170143246650696,-13.814304333513329,-61.53907315956124,82.64306289193756,7.538608074188232,-1.6896451711654663,5.757307529449463,12.646215438842773,-40.97660827636719,-20.620994567871094
2026-04-02 13:02:56.482,1915.488585933,654278905,right_foot,右脚,D4:22:CD:00:85:22,0.6773383617401123,0.27153095602989197,-0.4565170705318451,0.508994996547699,-12.536962963164397,-63.489014336378254,81.6226309681501,7.787407875061035,-0.7493323683738708,6.033705234527588,11.257867813110352,-54.04788589477539,-26.741287231445312
2026-04-02 13:02:56.542,1915.54824283,654312239,right_foot,右脚,D4:22:CD:00:85:22,0.6716821789741516,0.285225510597229,-0.46709296107292175,0.4993133544921875,-11.735452415446696,-65.82650722958427,80.86386761047117,8.193020820617676,-0.28149887919425964,6.64970588684082,3.552091598510742,-66.8741226196289,-23.933279037475586
2026-04-02 13:02:56.542,1915.548411121,654345573,right_foot,右脚,D4:22:CD:00:85:22,0.6639772057533264,0.2989443838596344,-0.480762779712677,0.4885016083717346,-11.451425992661353,-68.51297534163587,80.49818855792823,8.65996265411377,-0.18314966559410095,7.106926441192627,-1.5052248239517212,-78.53022003173828,-20.03329849243164
2026-04-02 13:02:56.572,1915.578555913,654378907,right_foot,右脚,D4:22:CD:00:85:22,0.651409387588501,0.3168833255767822,-0.5008246302604675,0.4737357497215271,-11.71148749582388,-72.31132413283841,80.62434654455166,8.5337553024292,-0.7517648935317993,8.111635208129883,-4.183852195739746,-112.41484069824219,-21.33097267150879
2026-04-02 13:02:56.602,1915.608514316,654412241,right_foot,右脚,D4:22:CD:00:85:22,0.6308372020721436,0.34250277280807495,-0.5298659205436707,0.45163995027542114,-12.846102846957477,-77.93028054869869,81.60527446145852,9.38133430480957,-1.5368584394454956,9.15786361694336,-5.562506675720215,-166.9734649658203,-28.206069946289062
2026-04-02 13:02:56.634,1915.640233983,654445575,right_foot,右脚,D4:22:CD:00:85:22,0.6015774011611938,0.3813200294971466,-0.5639671087265015,0.41790056228637695,-9.766135290133226,-85.74779384556592,78.64344991133858,10.195735931396484,-4.107516288757324,9.902112007141113,4.12307071685791,-228.26123046875,-58.171607971191406
2026-04-02 13:02:56.662,1915.668312775,654478909,right_foot,右脚,D4:22:CD:00:85:22,0.5638323426246643,0.43273383378982544,-0.6018527150154114,0.3641534745693207,153.36096526433133,-83.64294275164698,-84.64626708302356,11.801412582397461,-4.827736854553223,10.371286392211914,-3.1802477836608887,-297.34649658203125,-107.0613021850586
2026-04-02 13:02:56.722,1915.728523236,654512243,right_foot,右脚,D4:22:CD:00:85:22,0.5291821360588074,0.4734016954898834,-0.6359580159187317,0.3023482859134674,155.6291216877133,-73.60520949010021,-88.31779168458549,10.370903968811035,-2.124152660369873,5.590946197509766,-40.810569763183594,-282.3943786621094,-109.99432373046875
2026-04-02 13:02:56.752,1915.758354642,654545577,right_foot,右脚,D4:22:CD:00:85:22,0.5174602270126343,0.48932695388793945,-0.6440911293029785,0.2791787087917328,154.56170104679433,-70.01838761379642,-87.58286062551028,12.991098403930664,-6.67997932434082,5.665886402130127,-11.828203201293945,-96.28919982910156,-51.598445892333984
2026-04-02 13:02:56.842,1915.848324007,654578911,right_foot,右脚,D4:22:CD:00:85:22,0.5280081629753113,0.4940788447856903,-0.62497478723526,0.29410937428474426,150.22589668948183,-71.91733813396948,-81.51225895431146,0.8076038956642151,-3.7986435890197754,8.667145729064941,40.942726135253906,76.01823425292969,-26.399696350097656
2026-04-02 13:02:56.842,1915.848444404,654612245,right_foot,右脚,D4:22:CD:00:85:22,0.5585782527923584,0.4719862937927246,-0.6121947169303894,0.3007277548313141,140.80888517386992,-75.41970327075875,-73.95899769025348,2.9427928924560547,-0.424439400434494,6.666754245758057,-66.13370513916016,120.3742446899414,6.628576755523682
2026-04-02 13:02:56.873,1915.879271822,654645579,right_foot,右脚,D4:22:CD:00:85:22,0.5961595177650452,0.4419206976890564,-0.5853769779205322,0.3265484571456909,117.70062168677212,-80.60028895891124,-51.62081859241474,5.3767008781433105,-2.498568534851074,4.474506855010986,-37.99129104614258,201.45603942871094,30.065536499023438
2026-04-02 13:02:56.873,1915.879394049,654678913,right_foot,右脚,D4:22:CD:00:85:22,0.6321837902069092,0.4016365706920624,-0.5566208958625793,0.35945090651512146,61.80186214811026,-82.983314505154,3.4538874645842133,5.0572733879089355,1.0398077964782715,5.681359767913818,-40.18744659423828,224.5272674560547,63.7416877746582
2026-04-02 13:02:56.932,1915.938413188,654712247,right_foot,右脚,D4:22:CD:00:85:22,0.6645501255989075,0.3528689444065094,-0.527988851070404,0.3938077688217163,15.363784730372398,-78.42846731978433,48.73951705569109,8.634422302246094,-0.21673119068145752,5.876909255981445,-50.909278869628906,229.75604248046875,87.65863037109375
2026-04-02 13:02:56.932,1915.938600426,654745581,right_foot,右脚,D4:22:CD:00:85:22,0.693595290184021,0.2966403067111969,-0.49390843510627747,0.43241748213768005,-2.666272655648815,-70.33728982047693,65.76125217194313,10.732503890991211,-0.5613218545913696,6.435145378112793,-48.831974029541016,251.54067993164062,108.60125732421875
2026-04-02 13:02:56.962,1915.968551489,654778915,right_foot,右脚,D4:22:CD:00:85:22,0.7141819596290588,0.2363184243440628,-0.4563465714454651,0.47523239254951477,-11.523694724937775,-61.21598658585486,74.11356724865954,11.897178649902344,-1.4564698934555054,7.499558925628662,-37.61994552612305,255.98095703125,134.40162658691406
2026-04-02 13:02:57.022,1916.02852259,654812249,right_foot,右脚,D4:22:CD:00:85:22,0.7246111035346985,0.17523105442523956,-0.4155920147895813,0.5210720896720886,-16.806558872170417,-51.71154003074809,79.63000009290313,13.869946479797363,-1.6247886419296265,8.963103294372559,-21.13494300842285,251.73739624023438,156.91061401367188
2026-04-02 13:02:57.052,1916.058536438,654845583,right_foot,右脚,D4:22:CD:00:85:22,0.7318875789642334,0.10925374925136566,-0.3771449327468872,0.5569258332252502,-20.61350089268127,-42.35696341262645,82.59874306080879,17.486112594604492,-1.084396243095398,7.001021385192871,-49.687828063964844,244.4118194580078,146.01524353027344
2026-04-02 13:02:57.082,1916.088417368,654878917,right_foot,右脚,D4:22:CD:00:85:22,0.7395542860031128,0.05099959671497345,-0.3421657681465149,0.5773918628692627,-22.79669811897386,-34.401851640676924,83.10291239364243,20.605016708374023,0.17095550894737244,-1.3193212747573853,-56.69379806518555,215.92530822753906,97.97323608398438
2026-04-02 13:02:57.112,1916.11829476,654912251,right_foot,右脚,D4:22:CD:00:85:22,0.737901508808136,0.014925937168300152,-0.3360786437988281,0.5850897431373596,-25.63433808240129,-30.894024313472677,84.01713784866408,20.920175552368164,6.670711994171143,-10.715749740600586,-70.68638610839844,85.61482238769531,63.527549743652344
2026-04-02 13:02:57.142,1916.14856307,654945585,right_foot,右脚,D4:22:CD:00:85:22,0.7387662529945374,0.050219591706991196,-0.33414897322654724,0.5831356048583984,-22.238478510149623,-33.52394909734612,83.34624201067102,16.757946014404297,3.899268627166748,-12.150283813476562,91.07347869873047,-65.52484893798828,-47.41984558105469
2026-04-02 13:02:57.172,1916.178517232,654978919,right_foot,右脚,D4:22:CD:00:85:22,0.7319172024726868,0.10499683022499084,-0.3381624221801758,0.5821677446365356,-17.763987440427837,-38.11669734043199,83.17806581142443,4.288053035736084,-0.8974254131317139,12.46351432800293,131.3380584716797,-128.0789337158203,-50.4008903503418
2026-04-02 13:02:57.202,1916.208512536,655012253,right_foot,右脚,D4:22:CD:00:85:22,0.7099795937538147,0.15308520197868347,-0.36839190125465393,0.5803287625312805,-17.137024554454513,-44.4896844101156,85.57724595667027,8.242171287536621,4.61242151260376,9.753222465515137,66.4689712524414,-198.74285888671875,-4.995477676391602
2026-04-02 13:02:57.262,1916.268365948,655045587,right_foot,右脚,D4:22:CD:00:85:22,0.6990564465522766,0.18329600989818573,-0.3939332962036133,0.5679255127906799,-17.074260825186684,-49.372603792592336,86.076431516396,19.260526657104492,-2.7292635440826416,4.691762924194336,13.12996768951416,-143.1517791748047,-32.2764778137207
2026-04-02 13:02:57.262,1916.268523131,655078921,right_foot,右脚,D4:22:CD:00:85:22,0.6942285299301147,0.20115485787391663,-0.403591126203537,0.5609794855117798,-16.3021447923265,-51.818469915994704,85.84087543880402,9.173242568969727,1.3487708568572998,6.818045139312744,18.155672073364258,-68.92108154296875,-24.320276260375977
2026-04-02 13:02:57.322,1916.328578413,655112255,right_foot,右脚,D4:22:CD:00:85:22,0.6896907091140747,0.21148858964443207,-0.41258537769317627,0.5562127828598022,-16.350037008622877,-53.55021609015865,86.06208517018212,7.952725410461426,-0.552308201789856,5.81583309173584,4.353771209716797,-50.95674133300781,-9.626055717468262
2026-04-02 13:02:57.353,1916.359497909,655145589,right_foot,右脚,D4:22:CD:00:85:22,0.6867372393608093,0.21855592727661133,-0.41790398955345154,0.5531560778617859,-16.281506899393214,-54.66371220226913,86.15847876085613,7.613887310028076,-0.6418317556381226,5.746312618255615,4.905974864959717,-32.53366470336914,-6.688202381134033
2026-04-02 13:02:57.382,1916.388545045,655178923,right_foot,右脚,D4:22:CD:00:85:22,0.6843540072441101,0.22174111008644104,-0.42164331674575806,0.5520033240318298,-16.522878876890566,-55.27645303391124,86.47536503261811,7.38897180557251,-1.1374870538711548,5.977694034576416,1.0397623777389526,-19.217741012573242,1.0766063928604126
2026-04-02 13:02:57.412,1916.418604697,655212257,right_foot,右脚,D4:22:CD:00:85:22,0.6829155683517456,0.22380730509757996,-0.42254671454429626,0.5522602200508118,-16.525683750332846,-55.520300785527695,86.66568548600551,7.649657726287842,-1.4542434215545654,5.639071464538574,5.062891483306885,-8.017425537109375,1.9765568971633911
2026-04-02 13:02:57.472,1916.478697578,655245591,right_foot,右脚,D4:22:CD:00:85:22,0.681790292263031,0.22464701533317566,-0.42247679829597473,0.5533617734909058,-16.564600380513955,-55.558406974493145,86.89764093805907,7.391396999359131,-1.2607747316360474,5.822934150695801,4.979364395141602,-2.332767963409424,4.3369526863098145
2026-04-02 13:02:57.472,1916.478817625,655278925,right_foot,右脚,D4:22:CD:00:85:22,0.6807516813278198,0.2265986055135727,-0.42244336009025574,0.5538700819015503,-16.438768991236238,-55.70731499958279,86.99468863228458,7.3213300704956055,-1.4936491250991821,5.648749351501465,6.542722702026367,-4.8988566398620605,1.1250420808792114
2026-04-02 13:02:57.502,1916.508604491,655312259,right_foot,右脚,D4:22:CD:00:85:22,0.6799722909927368,0.22903569042682648,-0.4223935008049011,0.5538632273674011,-16.20428037329703,-55.90817394692098,86.96893226358497,7.322445392608643,-1.2888484001159668,5.64536714553833,6.726366996765137,-5.839234828948975,-1.351301908493042
2026-04-02 13:02:57.532,1916.538556197,655345593,right_foot,右脚,D4:22:CD:00:85:22,0.679000735282898,0.23103435337543488,-0.4227991998195648,0.55391526222229,-16.10147125518214,-56.10990756458543,87.03550088990374,7.310869216918945,-0.7968575954437256,5.703850269317627,5.038896560668945,-6.331996440887451,0.10026420652866364
2026-04-02 13:02:57.592,1916.598419663,655378927,right_foot,右脚,D4:22:CD:00:85:22,0.6777111291885376,0.23400188982486725,-0.42392396926879883,0.5533888339996338,-15.973907378006757,-56.46868703589208,87.08428040651529,7.138540744781494,-1.6716151237487793,5.75075626373291,5.310096263885498,-10.809066772460938,-1.5245925188064575
2026-04-02 13:02:57.622,1916.628562836,655412261,right_foot,右脚,D4:22:CD:00:85:22,0.6763086318969727,0.23843786120414734,-0.42590364813804626,0.5516884922981262,-15.726969890032256,-57.05272472980727,86.99703933339943,7.31146764755249,-1.0324583053588867,5.741214275360107,5.442384719848633,-16.73055648803711,-5.569859504699707
2026-04-02 13:02:57.682,1916.688344691,655445595,right_foot,右脚,D4:22:CD:00:85:22,0.674110472202301,0.24427592754364014,-0.42939722537994385,0.5491105318069458,-15.528497164202305,-57.907480425407876,86.95833193161027,7.217687129974365,-1.4895718097686768,5.775148868560791,5.175823211669922,-24.82305335998535,-6.954773426055908
2026-04-02 13:02:57.682,1916.688427316,655478929,right_foot,右脚,D4:22:CD:00:85:22,0.6707592010498047,0.25400564074516296,-0.43479180335998535,0.5445358753204346,-15.075995359130525,-59.30665547761886,86.75729644125637,7.367286205291748,-1.5441327095031738,5.755622863769531,8.597841262817383,-39.98198699951172,-13.616990089416504
2026-04-02 13:02:57.712,1916.718379184,655512263,right_foot,右脚,D4:22:CD:00:85:22,0.6663219928741455,0.26865750551223755,-0.44134795665740967,0.5376338362693787,-14.039114551113785,-61.28714745420381,86.14210408545482,7.46456241607666,-1.790136456489563,6.003821849822998,15.198216438293457,-55.55710220336914,-23.371767044067383
2026-04-02 13:02:57.742,1916.748632605,655545597,right_foot,右脚,D4:22:CD:00:85:22,0.6612873077392578,0.2862898111343384,-0.4496324956417084,0.527795672416687,-12.53472229828729,-63.750577831917504,85.00287657109178,7.822897911071777,-0.8020979166030884,6.378303050994873,14.895182609558105,-68.6806869506836,-31.98621940612793
2026-04-02 13:02:57.772,1916.778617098,655578931,right_foot,右脚,D4:22:CD:00:85:22,0.6553054451942444,0.3037726581096649,-0.4606817364692688,0.5158193111419678,-11.159291479661492,-66.5140535133905,83.74714462424477,8.345915794372559,-0.17001725733280182,7.219191551208496,7.148306846618652,-78.32172393798828,-32.20423889160156
2026-04-02 13:02:57.802,1916.8085824,655612265,right_foot,右脚,D4:22:CD:00:85:22,0.6465885043144226,0.3213987946510315,-0.4756261110305786,0.5024002194404602,-10.35202845282399,-69.72006066479038,82.91557007846528,8.83041763305664,-0.021715177223086357,7.430473327636719,1.1048415899276733,-93.26463317871094,-26.784866333007812
2026-04-02 13:02:57.832,1916.838339036,655645599,right_foot,右脚,D4:22:CD:00:85:22,0.6325899958610535,0.3431539833545685,-0.49715566635131836,0.48467689752578735,-10.026959576729112,-74.07648989365103,82.49179759628568,8.569069862365723,-0.9495890736579895,7.480207443237305,-2.3255131244659424,-128.5291748046875,-26.73583984375
2026-04-02 13:02:57.862,1916.868541503,655678933,right_foot,右脚,D4:22:CD:00:85:22,0.6118709444999695,0.3744245171546936,-0.5242024064064026,0.45894718170166016,-7.691265802812402,-80.12029137257758,80.21541904228478,9.12982177734375,-1.7399821281433105,8.592936515808105,3.3478760719299316,-177.46632385253906,-42.78675079345703
2026-04-02 13:02:57.923,1916.929418743,655712267,right_foot,右脚,D4:22:CD:00:85:22,0.5821518898010254,0.41869497299194336,-0.5581247210502625,0.4174814820289612,39.14423920030191,-88.0505401430039,33.361711464271316,10.672428131103516,-4.055246829986572,10.331602096557617,2.931072950363159,-249.22518920898438,-76.40229797363281
2026-04-02 13:02:57.982,1916.988499524,655745601,right_foot,右脚,D4:22:CD:00:85:22,0.5462855100631714,0.46968862414360046,-0.5947763919830322,0.3566593825817108,149.1316636029228,-80.02156035284278,-77.30814606764467,13.021319389343262,-3.57893705368042,9.278557777404785,-16.05493927001953,-304.4461669921875,-115.4930191040039
2026-04-02 13:02:58.012,1917.018562351,655778935,right_foot,右脚,D4:22:CD:00:85:22,0.5188566446304321,0.5057072043418884,-0.6219919919967651,0.2969413101673126,151.41892644897575,-71.04604538306069,-81.16202158826277,8.584325790405273,-4.325348377227783,4.237085342407227,-44.209415435791016,-249.38832092285156,-108.34481048583984
2026-04-02 13:02:58.042,1917.048304107,655812269,right_foot,右脚,D4:22:CD:00:85:22,0.5099411010742188,0.5199151635169983,-0.621654212474823,0.28843462467193604,151.30201592019768,-69.05707557303727,-80.22213957916878,14.676145553588867,-7.155676364898682,5.551767826080322,22.052793502807617,-49.292274475097656,-37.06724166870117
2026-04-02 13:02:58.042,1917.048397837,655845603,right_foot,右脚,D4:22:CD:00:85:22,0.5169285535812378,0.5205619931221008,-0.604711651802063,0.3100391626358032,149.15582010482598,-71.43701765492861,-76.11417031738436,-0.8896003365516663,-2.221940517425537,9.3860502243042,50.30549240112305,80.83011627197266,-0.8352216482162476
2026-04-02 13:02:58.072,1917.078707942,655878937,right_foot,右脚,D4:22:CD:00:85:22,0.5506955981254578,0.4879106879234314,-0.5981088876724243,0.31771591305732727,140.6078844555471,-75.64674246337637,-70.52593081784723,1.996159315109253,-0.5886105298995972,7.235367774963379,-96.80683135986328,128.597412109375,33.54623031616211
2026-04-02 13:02:58.102,1917.108622207,655912271,right_foot,右脚,D4:22:CD:00:85:22,0.5982340574264526,0.44672349095344543,-0.5726893544197083,0.33849841356277466,110.56519368795092,-80.9804122350544,-42.873538362046894,6.056300640106201,-1.7527506351470947,5.543067932128906,-88.65264892578125,223.91773986816406,29.075016021728516
2026-04-02 13:02:58.132,1917.138667621,655945605,right_foot,右脚,D4:22:CD:00:85:22,0.6449483633041382,0.39360305666923523,-0.540882408618927,0.36954671144485474,45.77970528577515,-81.33708071757727,19.7474806549808,5.964937210083008,0.2897953391075134,6.487177848815918,-84.27392578125,265.1929016113281,64.60159301757812
2026-04-02 13:02:58.162,1917.168368618,655978939,right_foot,右脚,D4:22:CD:00:85:22,0.681494414806366,0.3334622383117676,-0.5114706158638,0.40344324707984924,9.332168251070215,-75.05961033148962,54.07584616835634,8.954601287841797,0.2810015082359314,7.361980438232422,-83.79768371582031,253.7560577392578,99.92306518554688
2026-04-02 13:02:58.222,1917.228603708,656012273,right_foot,右脚,D4:22:CD:00:85:22,0.7080377340316772,0.2705167531967163,-0.47683343291282654,0.4451216459274292,-5.928875134909384,-66.35638597531864,68.19114201670605,11.665030479431152,-1.0930840969085693,7.8295817375183105,-57.88364791870117,261.3440246582031,130.79078674316406
2026-04-02 13:02:58.252,1917.258614853,656045607,right_foot,右脚,D4:22:CD:00:85:22,0.72150057554245,0.20629960298538208,-0.43872183561325073,0.4943690001964569,-14.402855501900799,-56.83013940523805,76.65915603650836,13.371928215026855,-0.5747771859169006,9.46986198425293,-30.894859313964844,257.4879150390625,168.01527404785156
2026-04-02 13:02:58.282,1917.288299095,656078941,right_foot,右脚,D4:22:CD:00:85:22,0.7263638377189636,0.1385025829076767,-0.3974702060222626,0.543350875377655,-19.663970845417374,-46.71287698999573,82.15608738943692,16.067983627319336,-0.7460586428642273,9.8853120803833,-28.62560272216797,258.39251708984375,185.1421356201172
2026-04-02 13:02:58.312,1917.318592915,656112275,right_foot,右脚,D4:22:CD:00:85:22,0.7315364480018616,0.07401920109987259,-0.3553369641304016,0.5771579146385193,-22.28730245300751,-37.252260793752136,84.14137761863174,18.28945541381836,-0.48047691583633423,4.698144912719727,-39.378173828125,247.748779296875,141.7627716064453
2026-04-02 13:02:58.342,1917.348519094,656145609,right_foot,右脚,D4:22:CD:00:85:22,0.7373552322387695,0.019184237346053123,-0.33545053005218506,0.5860137939453125,-25.23335103841038,-31.14307087461239,84.09033414263199,20.23741340637207,4.712996482849121,-5.902679443359375,-89.61432647705078,167.2714080810547,71.87277221679688
2026-04-02 13:02:58.372,1917.378559781,656178943,right_foot,右脚,D4:22:CD:00:85:22,0.7304745316505432,0.0017037468496710062,-0.34370818734169006,0.5901432633399963,-27.830465809397193,-30.275003135682212,85.53773012311353,23.41002082824707,4.048701286315918,-15.871477127075195,-55.910221099853516,6.054282188415527,44.99552917480469
2026-04-02 13:02:58.403,1917.409307054,656212277,right_foot,右脚,D4:22:CD:00:85:22,0.7228023409843445,0.0734352320432663,-0.3393799960613251,0.5974825024604797,-21.530527746430284,-35.33540250170689,86.08688552555877,10.195913314819336,-2.8687450885772705,-0.13773535192012787,197.93418884277344,-143.8399658203125,-50.33602523803711
2026-04-02 13:02:58.492,1917.498416453,656245611,right_foot,右脚,D4:22:CD:00:85:22,0.6994842886924744,0.1384040266275406,-0.35401344299316406,0.60517817735672,-18.27866407794071,-41.51161148485295,88.70925774843506,2.8316664695739746,7.196669578552246,10.450272560119629,146.54579162597656,-195.19851684570312,-4.627723217010498
2026-04-02 13:02:58.492,1917.498499249,656278945,right_foot,右脚,D4:22:CD:00:85:22,0.6833001375198364,0.18553143739700317,-0.38449010252952576,0.5923229455947876,-17.62847699519124,-48.17913794423882,89.7729931667173,21.23410415649414,3.459118604660034,8.640317916870117,42.29814147949219,-197.37277221679688,-39.238380432128906
2026-04-02 13:02:58.523,1917.529348602,656312279,right_foot,右脚,D4:22:CD:00:85:22,0.680043637752533,0.20700877904891968,-0.395062118768692,0.5819056630134583,-16.488079883396257,-51.09952279979606,89.03064984853908,12.273594856262207,-1.3121103048324585,5.3522138595581055,17.787580490112305,-79.44918823242188,-38.337345123291016
2026-04-02 13:02:58.552,1917.558451263,656345613,right_foot,右脚,D4:22:CD:00:85:22,0.6762329339981079,0.21868012845516205,-0.4040221571922302,0.5758941769599915,-16.35512334295182,-52.968013809814,89.02730067530894,7.747439384460449,-0.19446776807308197,6.312929630279541,4.5259690284729,-53.67448806762695,-14.719194412231445
2026-04-02 13:02:58.582,1917.588606738,656378947,right_foot,右脚,D4:22:CD:00:85:22,0.6729689240455627,0.22786979377269745,-0.41088688373565674,0.5712794661521912,-16.247875425466578,-54.42777073166424,89.05211113295863,7.3899359703063965,-1.0088527202606201,5.947660446166992,4.408361434936523,-42.11726379394531,-10.750802040100098
2026-04-02 13:02:58.612,1917.618730818,656412281,right_foot,右脚,D4:22:CD:00:85:22,0.6699637174606323,0.23372037708759308,-0.41615909337997437,0.5686255693435669,-16.389482787239757,-55.42880360887832,89.29789181281697,7.492058753967285,-0.6781078577041626,6.030107021331787,2.366192102432251,-30.01561164855957,-3.3161377906799316
2026-04-02 13:02:58.643,1917.649358791,656445615,right_foot,右脚,D4:22:CD:00:85:22,0.6673235893249512,0.23881429433822632,-0.4199061393737793,0.5668560862541199,-16.435900539858622,-56.219442568487615,89.51504763701276,7.617308139801025,-1.760970115661621,5.500874042510986,4.540666580200195,-23.834768295288086,-2.203843832015991
2026-04-02 13:02:58.672,1917.678640917,656478949,right_foot,右脚,D4:22:CD:00:85:22,0.6656582355499268,0.24296808242797852,-0.4208056628704071,0.5663817524909973,-16.187197292862056,-56.662810639873435,89.55495763248054,7.548154354095459,-1.0897400379180908,5.610085487365723,8.959671974182129,-13.02592945098877,-2.195368528366089
2026-04-02 13:02:58.702,1917.708614447,656512283,right_foot,右脚,D4:22:CD:00:85:22,0.6635726690292358,0.2474699318408966,-0.42217597365379333,0.5658600330352783,-15.994624733507058,-57.17766890750287,89.66809313510697,7.471892356872559,-1.1920019388198853,5.578690528869629,9.066300392150879,-15.457276344299316,-1.6675608158111572
2026-04-02 13:02:58.732,1917.738558449,656545617,right_foot,右脚,D4:22:CD:00:85:22,0.661561131477356,0.2523585259914398,-0.42387479543685913,0.5647854208946228,-15.763687355734655,-57.76792245295015,89.7104268795049,7.52290153503418,-1.1250107288360596,5.460398197174072,8.424026489257812,-17.354398727416992,-3.4018778800964355
2026-04-02 13:02:58.763,1917.769470996,656578951,right_foot,右脚,D4:22:CD:00:85:22,0.6598139405250549,0.25766074657440186,-0.42548489570617676,0.5632221698760986,-15.413496624844107,-58.399474798724924,89.61872561531601,7.502306938171387,-1.136144757270813,5.422242164611816,8.561040878295898,-18.02151107788086,-5.761021614074707
2026-04-02 13:02:58.853,1917.859342473,656612285,right_foot,右脚,D4:22:CD:00:85:22,0.658257782459259,0.2632737159729004,-0.42685383558273315,0.5614084601402283,-14.947628817930417,-59.044592689158165,89.41711915076372,7.6535210609436035,-1.0022549629211426,5.353488922119141,9.171234130859375,-18.045961380004883,-7.416723251342773
2026-04-02 13:02:58.853,1917.859432178,656645619,right_foot,右脚,D4:22:CD:00:85:22,0.6569429636001587,0.26810556650161743,-0.42787355184555054,0.5598835945129395,-14.512429352322924,-59.586316927015034,89.21799430640382,7.712192535400391,-0.5644292831420898,5.353579521179199,8.25720500946045,-15.158263206481934,-6.439555644989014
2026-04-02 13:02:58.882,1917.888382753,656678953,right_foot,右脚,D4:22:CD:00:85:22,0.6552183628082275,0.27334314584732056,-0.4296225905418396,0.5580294132232666,-14.140505404293023,-60.23400721428146,89.07031927563817,7.535224437713623,-1.003684639930725,5.600184440612793,7.62574577331543,-18.519744873046875,-6.361030578613281
2026-04-02 13:02:58.912,1917.918319773,656712287,right_foot,右脚,D4:22:CD:00:85:22,0.6529811024665833,0.2796797454357147,-0.43248307704925537,0.5552957653999329,-13.770837742430679,-61.09429955861665,88.90822508686117,7.665075302124023,-0.7770209312438965,5.436695098876953,7.119970798492432,-24.746929168701172,-7.983988285064697
2026-04-02 13:02:58.942,1917.948599557,656745621,right_foot,右脚,D4:22:CD:00:85:22,0.6504870653152466,0.2884385287761688,-0.4363016188144684,0.5507364869117737,-13.091957537476585,-62.29146536671433,88.43974332776308,7.671327590942383,-1.3836265802383423,5.5373616218566895,8.220926284790039,-33.68509292602539,-14.324288368225098
2026-04-02 13:02:58.973,1917.979305798,656778955,right_foot,右脚,D4:22:CD:00:85:22,0.6471115946769714,0.30101993680000305,-0.44219401478767395,0.543229341506958,-11.990703258607144,-64.07189360992858,87.54453188220059,7.824881553649902,-0.6844744086265564,6.300568103790283,9.250349044799805,-49.83876419067383,-22.99578094482422
2026-04-02 13:02:59.003,1918.009413638,656812289,right_foot,右脚,D4:22:CD:00:85:22,0.6414014101028442,0.3138008117675781,-0.4525943994522095,0.5341272354125977,-11.62698931508551,-66.32076498775004,87.18367771567931,8.365310668945312,0.0945555716753006,6.7229390144348145,1.2450214624404907,-65.49566650390625,-17.848371505737305
2026-04-02 13:02:59.032,1918.038675599,656845623,right_foot,右脚,D4:22:CD:00:85:22,0.6334024667739868,0.3268137276172638,-0.46658968925476074,0.5237252712249756,-12.018525980958826,-68.97106711483562,87.44255114942105,8.733617782592773,-0.22522228956222534,7.166913032531738,-4.40662145614624,-78.8778305053711,-13.011202812194824
2026-04-02 13:02:59.062,1918.068616811,656878957,right_foot,右脚,D4:22:CD:00:85:22,0.6213319897651672,0.3456560969352722,-0.4855192005634308,0.5086647272109985,-12.537501196449949,-72.74287973442058,87.86286449851181,8.499662399291992,-1.6018987894058228,7.633507251739502,-3.561659812927246,-111.9730453491211,-19.6918888092041
2026-04-02 13:02:59.122,1918.128590575,656912291,right_foot,右脚,D4:22:CD:00:85:22,0.6035492420196533,0.3760876953601837,-0.5089167952537537,0.4850672781467438,-11.287283323796526,-78.28456755282407,86.77387012312342,8.561983108520508,-2.701648473739624,8.496877670288086,5.825119495391846,-161.59689331054688,-42.0755615234375
2026-04-02 13:02:59.152,1918.158535762,656945625,right_foot,右脚,D4:22:CD:00:85:22,0.577925443649292,0.4248288571834564,-0.5394296050071716,0.44106510281562805,14.905508090515148,-86.61416055829976,60.642259384192684,10.829227447509766,-4.1429901123046875,9.34058952331543,6.229464054107666,-247.31161499023438,-94.3707046508789
2026-04-02 13:02:59.182,1918.188530737,656978959,right_foot,右脚,D4:22:CD:00:85:22,0.5490906238555908,0.4740372896194458,-0.5690478682518005,0.3872634470462799,140.55931803600535,-82.78051054363665,-65.34528361794567,13.229543685913086,-3.1770029067993164,9.297372817993164,-5.221904277801514,-266.7757263183594,-111.28019714355469
2026-04-02 13:02:59.213,1918.219284993,657012293,right_foot,右脚,D4:22:CD:00:85:22,0.526500940322876,0.5094127058982849,-0.5958890318870544,0.32895562052726746,147.79026373714598,-74.28492930636328,-74.27453541066151,10.451376914978027,-2.8255186080932617,4.470417022705078,-46.870140075683594,-238.3968505859375,-105.55583953857422
2026-04-02 13:02:59.242,1918.24854654,657045627,right_foot,右脚,D4:22:CD:00:85:22,0.5163822770118713,0.5266175866127014,-0.6045578718185425,0.3008873462677002,147.77243155155014,-70.26610001689721,-74.90116356371233,13.850728034973145,-4.509687900543213,3.9806008338928223,-19.23613929748535,-106.39892578125,-59.46333312988281
2026-04-02 13:02:59.272,1918.278542055,657078961,right_foot,右脚,D4:22:CD:00:85:22,0.5195299983024597,0.5328690409660339,-0.5959845781326294,0.301565557718277,145.08814761886336,-70.16157916533749,-71.49321435497049,5.510419845581055,-2.874924898147583,5.148835182189941,14.597277641296387,14.971851348876953,-30.652875900268555
2026-04-02 13:02:59.302,1918.308523033,657112295,right_foot,右脚,D4:22:CD:00:85:22,0.5333733558654785,0.5212856531143188,-0.5919327139854431,0.30559778213500977,141.4984019420857,-71.81422276756325,-68.8809459585761,2.954930305480957,-0.9546983242034912,4.833735942840576,-34.788814544677734,53.321563720703125,9.042819023132324
2026-04-02 13:02:59.333,1918.339396325,657145629,right_foot,右脚,D4:22:CD:00:85:22,0.5451220870018005,0.4994092285633087,-0.5909020900726318,0.3229045569896698,140.4393843133787,-75.18361579065859,-68.64140797311785,4.1211442947387695,-0.7666845917701721,4.066896438598633,-26.142112731933594,78.08653259277344,61.877479553222656
2026-04-02 13:02:59.392,1918.398551068,657178963,right_foot,右脚,D4:22:CD:00:85:22,0.558555543422699,0.46704110503196716,-0.5857340693473816,0.3560955822467804,139.49386407230108,-80.7343488694431,-68.03569025025296,4.6999735832214355,-0.43184512853622437,4.308755397796631,-11.907228469848633,128.22406005859375,103.92115020751953
2026-04-02 13:02:59.422,1918.428520597,657212297,right_foot,右脚,D4:22:CD:00:85:22,0.578913152217865,0.42941924929618835,-0.5712937116622925,0.3925333023071289,113.87879268884329,-86.94772719945787,-42.77862200520512,6.176922798156738,0.5685028433799744,4.619414806365967,-15.275289535522461,171.68319702148438,97.26790618896484
2026-04-02 13:02:59.452,1918.458373912,657245631,right_foot,右脚,D4:22:CD:00:85:22,0.6059640645980835,0.3868330419063568,-0.5476900935173035,0.42802274227142334,-0.01920629844168309,-84.21524014743389,70.48830696134797,7.505919456481934,0.8780696392059326,4.947035312652588,-24.529218673706055,208.4425811767578,82.44633483886719
2026-04-02 13:02:59.482,1918.488675216,657278965,right_foot,右脚,D4:22:CD:00:85:22,0.6340035200119019,0.3365594148635864,-0.5204989910125732,0.46243709325790405,-13.272917277668784,-76.23300645837146,82.64480672136233,10.047774314880371,0.3680381774902344,5.3174614906311035,-38.538963317871094,227.73959350585938,88.3405532836914
2026-04-02 13:02:59.512,1918.518606785,657312299,right_foot,右脚,D4:22:CD:00:85:22,0.6561866402626038,0.2814008593559265,-0.4851846694946289,0.504805326461792,-18.008152632684777,-67.05048263037754,87.12831130001027,11.076468467712402,-1.424236536026001,5.839001655578613,-15.166007995605469,252.0843963623047,114.23503112792969
2026-04-02 13:02:59.542,1918.548593963,657345633,right_foot,右脚,D4:22:CD:00:85:22,0.6691260933876038,0.22629263997077942,-0.4454241693019867,0.5501449108123779,-20.50258971662445,-57.68020676976522,90.22762423804905,11.731241226196289,-1.7258516550064087,7.18216609954834,6.675599575042725,249.59353637695312,132.49359130859375
2026-04-02 13:02:59.573,1918.57894554,657378967,right_foot,右脚,D4:22:CD:00:85:22,0.6773147583007812,0.16814295947551727,-0.4049181342124939,0.5907739400863647,-22.1570728798556,-48.34695521659177,92.237267611347,14.53307056427002,-0.9636670351028442,8.217741012573242,-2.2691798210144043,246.22572326660156,134.70127868652344
2026-04-02 13:02:59.602,1918.608640498,657412301,right_foot,右脚,D4:22:CD:00:85:22,0.6877104640007019,0.10194263607263565,-0.3666686415672302,0.6182364225387573,-23.79133417478524,-39.07764198430453,92.46031205870646,16.23884391784668,-1.5714495182037354,6.550864219665527,-45.071861267089844,252.96990966796875,112.14163970947266
2026-04-02 13:02:59.632,1918.638464857,657445635,right_foot,右脚,D4:22:CD:00:85:22,0.6993422508239746,0.04313376173377037,-0.339092493057251,0.6277551054954529,-25.493395504438784,-31.899986606839175,91.22298877280855,16.484582901000977,1.425290822982788,1.0043518543243408,-73.05829620361328,207.37806701660156,61.72801208496094
2026-04-02 13:02:59.662,1918.668578055,657478969,right_foot,右脚,D4:22:CD:00:85:22,0.7020686268806458,0.007566368207335472,-0.3320896029472351,0.6298882365226746,-27.618267525560515,-28.413481370073544,90.91758583300215,19.09110450744629,4.7456841468811035,-8.694941520690918,-68.5848159790039,96.39193725585938,39.682125091552734
2026-04-02 13:02:59.722,1918.728511457,657512303,right_foot,右脚,D4:22:CD:00:85:22,0.7084547877311707,0.03950009495019913,-0.3302353322505951,0.6224758625030518,-24.515448378405264,-31.137209672827925,89.53564307047895,12.66367244720459,3.612520217895508,-9.186046600341797,72.49933624267578,-57.970062255859375,-67.554931640625
2026-04-02 13:02:59.752,1918.758536188,657545637,right_foot,右脚,D4:22:CD:00:85:22,0.7110423445701599,0.09433282166719437,-0.3368993401527405,0.6099337339401245,-20.13071384626304,-36.4536854478497,87.93666248684723,6.231136322021484,-4.6584367752075195,10.663413047790527,104.93386840820312,-132.56285095214844,-96.55681610107422
2026-04-02 13:02:59.782,1918.788500908,657578971,right_foot,右脚,D4:22:CD:00:85:22,0.6944230198860168,0.14767299592494965,-0.36113855242729187,0.604606032371521,-18.41642962726455,-42.854092716950824,89.3699552448631,9.810188293457031,1.375341773033142,9.2337064743042,79.06904602050781,-192.36093139648438,-31.22089385986328
2026-04-02 13:02:59.812,1918.818234206,657612305,right_foot,右脚,D4:22:CD:00:85:22,0.6813917756080627,0.18877507746219635,-0.38537102937698364,0.5929237008094788,-17.54580801027976,-48.50691096067403,90.01198301647426,16.418930053710938,-0.9935979247093201,6.91689920425415,40.296348571777344,-165.61083984375,-38.47270584106445
2026-04-02 13:02:59.842,1918.848548333,657645639,right_foot,右脚,D4:22:CD:00:85:22,0.6741579174995422,0.21041563153266907,-0.3988867700099945,0.5849151015281677,-17.13722109153751,-51.62606374398964,90.22821746771803,10.499722480773926,1.902072787284851,6.532801628112793,17.79777717590332,-90.58122253417969,-22.77817153930664
2026-04-02 13:02:59.872,1918.878638522,657678973,right_foot,右脚,D4:22:CD:00:85:22,0.6670417785644531,0.22236847877502441,-0.4121024012565613,0.5794647336006165,-17.86272598699709,-53.85124516304464,91.08941384519697,8.6757230758667,-0.30937984585762024,5.4749956130981445,-0.5505877733230591,-68.41439056396484,-3.953620433807373
2026-04-02 13:02:59.902,1918.908649935,657712307,right_foot,右脚,D4:22:CD:00:85:22,0.6619276404380798,0.2322211116552353,-0.41926905512809753,0.5763147473335266,-18.018375351675186,-55.357647007391044,91.59780879307542,7.614419937133789,-1.9326153993606567,5.488393306732178,8.428539276123047,-45.77346420288086,-4.371774196624756
2026-04-02 13:02:59.932,1918.938418774,657745641,right_foot,右脚,D4:22:CD:00:85:22,0.6583073139190674,0.23907482624053955,-0.4240546226501465,0.5741537809371948,-18.1234855235327,-56.39239709825289,91.96195080995473,7.631013870239258,-0.7626838088035583,5.718063831329346,6.524408340454102,-31.492700576782227,-2.7510039806365967
2026-04-02 13:02:59.962,1918.968576235,657778975,right_foot,右脚,D4:22:CD:00:85:22,0.6556752920150757,0.24357354640960693,-0.4271426498889923,0.5729846954345703,-18.228468710710104,-57.06218633146995,92.26871393147495,7.6503729820251465,-1.1367937326431274,5.478949546813965,5.157999038696289,-20.783342361450195,-0.4684464931488037
2026-04-02 13:03:00.022,1919.028480829,657812309,right_foot,右脚,D4:22:CD:00:85:22,0.654149055480957,0.2457035332918167,-0.42751985788345337,0.5735377669334412,-18.204411154688767,-57.26323197013928,92.48399522677786,7.750946521759033,-1.2013229131698608,5.601014137268066,6.725958347320557,-6.971587181091309,2.38865327835083
2026-04-02 13:03:00.052,1919.058500082,657845643,right_foot,右脚,D4:22:CD:00:85:22,0.6530492901802063,0.24584710597991943,-0.42772501707077026,0.5745754837989807,-18.369256591255983,-57.263515711511275,92.77398152521111,7.585668087005615,-1.0812163352966309,5.690194129943848,2.8990230560302734,-1.66360342502594,5.3535661697387695
2026-04-02 13:03:00.082,1919.08870075,657878977,right_foot,右脚,D4:22:CD:00:85:22,0.6513102650642395,0.2457888424396515,-0.4296531677246094,0.5751357674598694,-18.84423976698949,-57.39429720335945,93.27306832666059,7.427302360534668,-1.1059468984603882,5.660351276397705,-1.1574970483779907,-6.515841484069824,7.2537922859191895
2026-04-02 13:03:00.112,1919.118610696,657912311,right_foot,右脚,D4:22:CD:00:85:22,0.6500518321990967,0.24737989902496338,-0.4309196472167969,0.5749297142028809,-18.956574501064114,-57.638975031161095,93.47805194924273,7.467345237731934,-2.009241819381714,5.098508834838867,2.251864433288574,-8.262683868408203,1.5233488082885742
2026-04-02 13:03:00.142,1919.148616199,657945645,right_foot,右脚,D4:22:CD:00:85:22,0.6490931510925293,0.24946267902851105,-0.4314866364002228,0.5746877789497375,-18.881207859545256,-57.87350364479686,93.54622045913261,7.447750091552734,-1.3226587772369385,5.527782917022705,4.397772312164307,-7.278854846954346,-0.5300361514091492
2026-04-02 13:03:00.172,1919.178443927,657978979,right_foot,右脚,D4:22:CD:00:85:22,0.6477648019790649,0.25118759274482727,-0.4326082170009613,0.5745919346809387,-18.97234055639484,-58.115792201443035,93.7570760074176,7.545887470245361,-0.8803185820579529,5.47052001953125,2.987778663635254,-8.258336067199707,1.4781839847564697
2026-04-02 13:03:00.202,1919.208684277,658012313,right_foot,右脚,D4:22:CD:00:85:22,0.6465023159980774,0.25305044651031494,-0.43382832407951355,0.5742765665054321,-19.047455018585012,-58.38433120858022,93.93789555637176,7.520779609680176,-1.8483515977859497,5.243018627166748,2.68046498298645,-8.86550235748291,0.700786828994751
2026-04-02 13:03:00.232,1919.238619118,658045647,right_foot,右脚,D4:22:CD:00:85:22,0.646247386932373,0.25632795691490173,-0.43352004885673523,0.5733417272567749,-18.599118038035638,-58.67690600019385,93.67489326484385,7.587404727935791,-1.5804779529571533,5.382673263549805,7.0024847984313965,-7.311741352081299,-6.168536186218262
2026-04-02 13:03:00.262,1919.268367895,658078981,right_foot,右脚,D4:22:CD:00:85:22,0.6457640528678894,0.25982484221458435,-0.4334574043750763,0.5723589658737183,-18.175765922126498,-59.00901721079804,93.44714213035058,7.690771579742432,-0.9874245524406433,5.413113594055176,7.094717502593994,-8.68952465057373,-5.98229455947876
2026-04-02 13:03:00.322,1919.328658147,658112315,right_foot,右脚,D4:22:CD:00:85:22,0.644600510597229,0.26291120052337646,-0.43453463912010193,0.571443498134613,-18.04068613318016,-59.39303840580468,93.46091073871064,7.602903366088867,-0.9820080399513245,5.447527885437012,4.62053108215332,-11.384767532348633,-2.8909566402435303
2026-04-02 13:03:00.352,1919.358636393,658145649,right_foot,右脚,D4:22:CD:00:85:22,0.6429363489151001,0.26670071482658386,-0.43619504570961,0.5702959895133972,-17.94815148718299,-59.892749505782,93.54394750672888,7.556360721588135,-1.4323757886886597,5.2985005378723145,5.124271869659424,-15.03750991821289,-2.9664225578308105
2026-04-02 13:03:00.382,1919.388355897,658178983,right_foot,右脚,D4:22:CD:00:85:22,0.6407123804092407,0.27382785081863403,-0.43863144516944885,0.5675460696220398,-17.534403417833264,-60.79657590230419,93.4089116477035,7.445213317871094,-1.5437655448913574,5.662550926208496,9.058613777160645,-25.62128448486328,-9.753320693969727
2026-04-02 13:03:00.412,1919.418437584,658212317,right_foot,右脚,D4:22:CD:00:85:22,0.6381648778915405,0.28307443857192993,-0.4424054026603699,0.5629315376281738,-16.968992770078174,-62.0501570563383,93.0855849029471,7.8360981941223145,-0.9214472770690918,5.530412197113037,8.570419311523438,-34.96918869018555,-15.212836265563965
2026-04-02 13:03:00.442,1919.448665326,658245651,right_foot,右脚,D4:22:CD:00:85:22,0.6352753639221191,0.2914857566356659,-0.44813698530197144,0.5573461055755615,-16.78040166402149,-63.41834059901199,92.93637733191491,7.887913227081299,-0.802537739276886,5.649535179138184,1.794920563697815,-39.135162353515625,-13.519073486328125
2026-04-02 13:03:00.472,1919.478602159,658278985,right_foot,右脚,D4:22:CD:00:85:22,0.6322377920150757,0.30141571164131165,-0.45496639609336853,0.5499361753463745,-16.436205686229584,-65.06850764930816,92.56273327641696,8.166937828063965,-1.3466644287109375,5.386758804321289,0.3125019967556,-46.52759552001953,-18.496780395507812
2026-04-02 13:03:00.502,1919.508393623,658312319,right_foot,右脚,D4:22:CD:00:85:22,0.6290234327316284,0.31289854645729065,-0.4614327549934387,0.5417602062225342,-15.697430274466965,-66.85830272590042,91.87347072449161,8.383223533630371,-1.4188323020935059,5.612343788146973,3.332644462585449,-49.76620864868164,-22.668010711669922
2026-04-02 13:03:00.532,1919.538528414,658345653,right_foot,右脚,D4:22:CD:00:85:22,0.6247942447662354,0.3273095488548279,-0.4686289131641388,0.5318718552589417,-14.48217488643957,-69.02979511809022,90.80072373275291,8.47370433807373,-0.8477869629859924,6.093060493469238,6.648461818695068,-60.28413772583008,-28.38536834716797
2026-04-02 13:03:00.562,1919.568688486,658378987,right_foot,右脚,D4:22:CD:00:85:22,0.6169124841690063,0.3448099195957184,-0.4807840883731842,0.5190105438232422,-13.793697240116531,-72.0123701920505,90.19488592705646,8.669644355773926,-0.10580610483884811,6.753552436828613,3.489928960800171,-85.87261199951172,-27.517864227294922
2026-04-02 13:03:00.622,1919.628271644,658412321,right_foot,右脚,D4:22:CD:00:85:22,0.6037648916244507,0.36599165201187134,-0.4994354248046875,0.5020782947540283,-14.326805800389078,-76.07124508600889,90.7227580566522,9.192076683044434,-0.10285032540559769,7.450599670410156,-0.8077647686004639,-119.83881378173828,-25.148645401000977
2026-04-02 13:03:00.682,1919.688443213,658445655,right_foot,右脚,D4:22:CD:00:85:22,0.5836352109909058,0.3932628631591797,-0.5256155133247375,0.4779568314552307,-17.440319270312582,-81.6741849664614,93.73340713352384,9.093944549560547,-1.1924777030944824,7.722775936126709,-4.789240837097168,-167.15386962890625,-29.029943466186523
2026-04-02 13:03:00.682,1919.68851767,658478989,right_foot,右脚,D4:22:CD:00:85:22,0.5563335418701172,0.4272536039352417,-0.5590267777442932,0.44208189845085144,-62.36069982014311,-88.77880544499796,138.22791450273917,10.268232345581055,-1.897688865661621,6.610491752624512,-14.84378719329834,-221.7661895751953,-43.25572204589844
2026-04-02 13:03:00.712,1919.718661588,658512323,right_foot,右脚,D4:22:CD:00:85:22,0.5265821218490601,0.46349355578422546,-0.5894245505332947,0.40057921409606934,172.7162112890213,-82.78991027510769,-97.21826045106084,10.75692367553711,-2.0638768672943115,4.72711181640625,-13.342047691345215,-232.5441436767578,-59.098697662353516
2026-04-02 13:03:00.742,1919.748370244,658545657,right_foot,右脚,D4:22:CD:00:85:22,0.5053818225860596,0.4869063198566437,-0.6180058717727661,0.35437288880348206,167.18586109981928,-75.87149886423974,-93.52846930963263,9.451404571533203,0.3946099281311035,2.4343676567077637,-57.3274040222168,-201.81417846679688,-56.282676696777344
2026-04-02 13:03:00.772,1919.778624291,658578991,right_foot,右脚,D4:22:CD:00:85:22,0.4995375871658325,0.4955075979232788,-0.6351466178894043,0.31862765550613403,163.1358163184496,-71.86461771862487,-91.81698137451536,12.105378150939941,-4.372973918914795,2.6635496616363525,-72.65975189208984,-113.74279022216797,-44.469783782958984
2026-04-02 13:03:00.802,1919.808576175,658612325,right_foot,右脚,D4:22:CD:00:85:22,0.5027604103088379,0.5034436583518982,-0.6266931295394897,0.3178558647632599,159.7577500835353,-71.84146886402733,-87.7110485980874,9.00098705291748,-5.973715305328369,3.292701244354248,14.787026405334473,10.172073364257812,-36.54042053222656
2026-04-02 13:03:00.832,1919.838537406,658645659,right_foot,右脚,D4:22:CD:00:85:22,0.5141511559486389,0.4989635944366455,-0.6188176870346069,0.32210075855255127,156.54773618865656,-73.28843404142054,-84.68592750484422,5.0431671142578125,0.457702100276947,4.306736469268799,-10.859834671020508,48.87770080566406,-9.10803508758545
2026-04-02 13:03:00.892,1919.898741262,658678993,right_foot,右脚,D4:22:CD:00:85:22,0.5340175628662109,0.4801936149597168,-0.6138100624084473,0.32783645391464233,152.78614347915294,-76.02957164055162,-82.49776122294135,5.756903171539307,-1.692807674407959,2.7115018367767334,-50.70100402832031,80.14620208740234,19.40995979309082
2026-04-02 13:03:00.922,1919.928666306,658712327,right_foot,右脚,D4:22:CD:00:85:22,0.5564436316490173,0.4581242799758911,-0.5997702479362488,0.34751763939857483,146.25969455219226,-80.36328808683022,-76.5226548459791,6.398444652557373,-1.3062963485717773,2.538830041885376,-21.497833251953125,128.85275268554688,34.054779052734375
2026-04-02 13:03:00.952,1919.95868079,658745661,right_foot,右脚,D4:22:CD:00:85:22,0.5816345810890198,0.43084844946861267,-0.5806005597114563,0.37279215455055237,123.64198933791991,-85.29371872826111,-54.317274250432874,7.106786727905273,0.459093302488327,3.0210371017456055,-18.229633331298828,159.40673828125,43.97869873046875
2026-04-02 13:03:00.982,1919.988402348,658778995,right_foot,右脚,D4:22:CD:00:85:22,0.6100971698760986,0.3974491357803345,-0.5574917197227478,0.3987714946269989,32.851518216963996,-85.73513010767414,35.73143383014284,8.154718399047852,0.4080876111984253,3.2113196849823,-28.827970504760742,182.73818969726562,47.45793151855469
2026-04-02 13:03:01.012,1920.018596241,658812329,right_foot,右脚,D4:22:CD:00:85:22,0.6368637084960938,0.35926538705825806,-0.5320892333984375,0.42686569690704346,1.091139328024032,-79.88345910321951,66.75121482096213,9.016914367675781,0.5180783867835999,3.76214599609375,-29.289989471435547,193.7905731201172,60.12891387939453
2026-04-02 13:03:01.042,1920.048621381,658845663,right_foot,右脚,D4:22:CD:00:85:22,0.655339777469635,0.3192153573036194,-0.506736159324646,0.4602715075016022,-9.654856562632169,-73.3394510072608,77.35998442569716,10.831714630126953,0.018788417801260948,4.133497714996338,-13.458733558654785,187.86660766601562,87.29497528076172
2026-04-02 13:03:01.072,1920.078368088,658878997,right_foot,右脚,D4:22:CD:00:85:22,0.6668410897254944,0.27722588181495667,-0.4771571159362793,0.5007892847061157,-15.467818633827974,-66.06967524974877,83.9058246790874,12.700555801391602,-0.5670512318611145,3.928910493850708,9.0277099609375,196.23995971679688,113.0581283569336
2026-04-02 13:03:01.102,1920.108562826,658912331,right_foot,右脚,D4:22:CD:00:85:22,0.6731330752372742,0.23830194771289825,-0.44196632504463196,0.5429273247718811,-17.791979467258805,-58.62360273719334,87.8215054167857,11.997779846191406,-0.7259231805801392,4.367688179016113,33.48832702636719,196.9731903076172,115.35177612304688
2026-04-02 13:03:01.132,1920.138741512,658945665,right_foot,右脚,D4:22:CD:00:85:22,0.6755156517028809,0.20311909914016724,-0.408291757106781,0.579412579536438,-18.78955358923061,-51.905530414258976,90.44970195660056,12.217101097106934,-0.6081026792526245,4.991665840148926,34.08013153076172,176.00534057617188,105.15959930419922
2026-04-02 13:03:01.162,1920.168641126,658978999,right_foot,右脚,D4:22:CD:00:85:22,0.6778626441955566,0.16575396060943604,-0.37911489605903625,0.6077007055282593,-19.746840070820568,-45.67869379496317,92.13724164463773,13.133859634399414,-0.5026580691337585,4.636476039886475,8.741057395935059,164.24844360351562,92.53170013427734
2026-04-02 13:03:01.222,1920.228718719,659012333,right_foot,右脚,D4:22:CD:00:85:22,0.6837723255157471,0.12866608798503876,-0.35483425855636597,0.6244944930076599,-20.490975222898527,-40.23724380372057,92.38755066913842,11.219633102416992,-0.2197737991809845,3.9680850505828857,-17.682077407836914,150.49127197265625,60.90873718261719
2026-04-02 13:03:01.252,1920.258623031,659045667,right_foot,右脚,D4:22:CD:00:85:22,0.6913740038871765,0.0945701077580452,-0.34255948662757874,0.6290562152862549,-21.883573452978425,-36.34550942145834,91.8581577120077,10.084474563598633,0.6495132446289062,3.1606903076171875,-51.91523742675781,112.58809661865234,30.448829650878906
2026-04-02 13:03:01.282,1920.288616247,659079001,right_foot,右脚,D4:22:CD:00:85:22,0.6986873149871826,0.06710658967494965,-0.33605530858039856,0.6280124187469482,-23.224470328057755,-33.63379174254165,91.00927287233631,10.625960350036621,-0.07616794109344482,1.8533228635787964,-55.00257873535156,82.4670639038086,12.09591293334961
2026-04-02 13:03:01.312,1920.318259283,659112335,right_foot,右脚,D4:22:CD:00:85:22,0.7036376595497131,0.05268731713294983,-0.3276713788509369,0.6282911896705627,-23.411716265458118,-31.82520769765962,90.28568013159834,9.100275039672852,0.09224176406860352,1.2585649490356445,-17.40519142150879,56.510013580322266,5.158259868621826
2026-04-02 13:03:01.342,1920.348586048,659145669,right_foot,右脚,D4:22:CD:00:85:22,0.7046919465065002,0.04927477985620499,-0.32739248871803284,0.6275312900543213,-23.620941858543762,-31.551488780742897,90.13195699728445,7.949913024902344,1.110839605331421,2.0071463584899902,-8.655599594116211,8.636507987976074,0.3877802789211273
2026-04-02 13:03:01.372,1920.378692355,659179003,right_foot,右脚,D4:22:CD:00:85:22,0.7031628489494324,0.052345018833875656,-0.32987844944000244,0.62769615650177,-23.668205949037986,-31.980454963202288,90.38125887384783,8.081539154052734,-1.1038872003555298,3.000469446182251,2.648013114929199,-14.731077194213867,1.6022942066192627
2026-04-02 13:03:01.402,1920.408631408,659212337,right_foot,右脚,D4:22:CD:00:85:22,0.699483335018158,0.05877615138888359,-0.33377474546432495,0.6291763782501221,-23.67825415515684,-32.74498398803174,90.99032135429296,6.797427654266357,-1.4059103727340698,4.200644493103027,9.669283866882324,-27.528867721557617,5.960761547088623
2026-04-02 13:03:01.432,1920.438261813,659245671,right_foot,右脚,D4:22:CD:00:85:22,0.6955912709236145,0.07764910906553268,-0.3356667757034302,0.6304374933242798,-22.457129136665976,-34.39392084549724,91.40598903205593,-1.12118661403656,-8.510096549987793,12.14529037475586,43.7458381652832,-49.88434982299805,-8.817875862121582
2026-04-02 13:03:01.462,1920.468656936,659279005,right_foot,右脚,D4:22:CD:00:85:22,0.6873924732208252,0.11794523894786835,-0.3432460427284241,0.6290969848632812,-20.112654968582717,-38.33711485732094,91.9844373814156,1.031158208847046,-2.210905075073242,8.247291564941406,80.67052459716797,-115.67506408691406,-29.43616485595703
2026-04-02 13:03:01.522,1920.528693354,659312339,right_foot,右脚,D4:22:CD:00:85:22,0.6765600442886353,0.15164270997047424,-0.35935601592063904,0.6246073246002197,-19.30578610157184,-42.50745230343668,92.99692838359402,10.956515312194824,2.3326683044433594,7.827450752258301,43.945045471191406,-125.97831726074219,-19.961950302124023
2026-04-02 13:03:01.553,1920.55939309,659345673,right_foot,右脚,D4:22:CD:00:85:22,0.6729339361190796,0.17657501995563507,-0.3754205107688904,0.6124058365821838,-18.716436344158645,-46.181552480865996,92.64592746391489,8.317062377929688,-1.7612946033477783,8.379557609558105,10.525483131408691,-102.16751098632812,-42.27568054199219
2026-04-02 13:03:01.582,1920.588602062,659379007,right_foot,右脚,D4:22:CD:00:85:22,0.6670751571655273,0.20306409895420074,-0.3867529034614563,0.6034882068634033,-17.576734589837017,-49.55950067609704,92.43435092383923,10.411738395690918,-4.699471473693848,5.458929538726807,29.69187355041504,-95.3428955078125,-34.94982147216797
2026-04-02 13:03:01.612,1920.618693113,659412341,right_foot,右脚,D4:22:CD:00:85:22,0.6646447777748108,0.22043144702911377,-0.39106544852256775,0.5972650051116943,-16.261092725909776,-51.549981212357906,91.77997318975058,9.700446128845215,0.6817063093185425,5.920211315155029,24.59354591369629,-53.79479217529297,-28.67652130126953
2026-04-02 13:03:01.642,1920.648632748,659445675,right_foot,右脚,D4:22:CD:00:85:22,0.6630174517631531,0.22716501355171204,-0.39204514026641846,0.5959064960479736,-15.731055209202395,-52.24196698208572,91.64780128745991,7.893054962158203,1.0436325073242188,6.605741500854492,13.132864952087402,-19.575119018554688,-7.33409309387207
2026-04-02 13:03:01.672,1920.678508663,659479009,right_foot,右脚,D4:22:CD:00:85:22,0.6590454578399658,0.22786183655261993,-0.39737850427627563,0.5965136289596558,-16.666554246570097,-52.71444994841464,92.5996124641714,6.8092522621154785,0.15876546502113342,6.873711585998535,-5.045760631561279,-18.80049705505371,13.552595138549805
2026-04-02 13:03:01.702,1920.708732956,659512343,right_foot,右脚,D4:22:CD:00:85:22,0.6536123752593994,0.22846804559230804,-0.40528276562690735,0.5969416499137878,-18.085892912396915,-53.37523130454847,93.95878599968792,6.911518573760986,-2.2054357528686523,5.991141319274902,-9.643765449523926,-26.620643615722656,18.263296127319336
2026-04-02 13:03:01.732,1920.738636706,659545677,right_foot,右脚,D4:22:CD:00:85:22,0.6479763984680176,0.2324313521385193,-0.4134600758552551,0.595947265625,-19.202975074830697,-54.37614240609568,95.14218350313637,7.131293296813965,-1.595423936843872,6.028611660003662,-4.511631488800049,-35.546104431152344,10.939582824707031
2026-04-02 13:03:01.762,1920.768609231,659579011,right_foot,右脚,D4:22:CD:00:85:22,0.6431519389152527,0.23543038964271545,-0.42033886909484863,0.5951836705207825,-20.237246043874247,-55.17819540927584,96.21877541644454,7.444784164428711,-1.43631911277771,5.6429762840271,-4.351471900939941,-29.35947036743164,10.074576377868652
2026-04-02 13:03:01.822,1920.828672544,659612345,right_foot,右脚,D4:22:CD:00:85:22,0.6394742727279663,0.23728716373443604,-0.4250696301460266,0.595049262046814,-21.045165479056802,-55.69376770411587,97.08683505564787,7.328332424163818,-1.8294003009796143,5.64562463760376,-2.544908046722412,-20.115415573120117,8.97801399230957
2026-04-02 13:03:01.852,1920.858631699,659645679,right_foot,右脚,D4:22:CD:00:85:22,0.6352549195289612,0.24122655391693115,-0.43127864599227905,0.5935147404670715,-21.87985005673681,-56.54164020763999,97.97812296013275,7.34849214553833,-1.729440689086914,5.81041955947876,-2.5980896949768066,-29.58346176147461,5.140621662139893
2026-04-02 13:03:01.882,1920.888372131,659679013,right_foot,右脚,D4:22:CD:00:85:22,0.6309719085693359,0.2449064403772354,-0.4373091757297516,0.5921623110771179,-22.7707839166654,-57.34216671567142,98.93286978159004,7.525477409362793,-1.5408037900924683,5.430635929107666,-2.5002522468566895,-28.62745475769043,5.872431755065918
2026-04-02 13:03:01.912,1920.918537055,659712347,right_foot,右脚,D4:22:CD:00:85:22,0.6260554790496826,0.2482251673936844,-0.44446811079978943,0.5906664729118347,-23.98097865596088,-58.185572752491,100.1474242655083,7.579035758972168,-1.4694881439208984,5.332026958465576,-5.278672695159912,-31.43196678161621,8.322626113891602
2026-04-02 13:03:01.942,1920.948621585,659745681,right_foot,右脚,D4:22:CD:00:85:22,0.6214123368263245,0.25123316049575806,-0.4513324499130249,0.5890908241271973,-25.205978524929286,-58.97306502291095,101.35202122831905,7.676400184631348,-1.9001621007919312,5.277710437774658,-5.713613986968994,-29.83407974243164,7.796777248382568
2026-04-02 13:03:01.972,1920.978620269,659779015,right_foot,右脚,D4:22:CD:00:85:22,0.6173929572105408,0.2539840042591095,-0.45721372961997986,0.5875998735427856,-26.28644897749779,-59.65999383342346,102.41936555397206,7.741635322570801,-2.2075138092041016,4.669351577758789,-4.701496601104736,-26.18596839904785,6.233342170715332
2026-04-02 13:03:02.002,1921.008358957,659812349,right_foot,右脚,D4:22:CD:00:85:22,0.6159204244613647,0.25650107860565186,-0.45906102657318115,0.5866109132766724,-26.476955075728238,-60.04555220537875,102.69140165728251,7.717154026031494,-2.2129838466644287,4.639219284057617,1.480292558670044,-12.708589553833008,-1.0472673177719116
2026-04-02 13:03:02.032,1921.03853797,659845683,right_foot,右脚,D4:22:CD:00:85:22,0.6157729029655457,0.25986549258232117,-0.4588254690170288,0.5854682326316833,-26.07455602558382,-60.383237631297774,102.45533622254572,7.679396629333496,-2.297102689743042,4.930085182189941,6.032846927642822,-8.054615020751953,-7.257630348205566
2026-04-02 13:03:02.062,1921.068572951,659879017,right_foot,右脚,D4:22:CD:00:85:22,0.6157248616218567,0.2623748481273651,-0.45754730701446533,0.5853998064994812,-25.605011769135185,-60.53248613967362,102.21522756214841,8.015997886657715,-1.0716685056686401,5.0735673904418945,7.895395755767822,-3.019510269165039,-4.794248580932617
2026-04-02 13:03:02.123,1921.12932377,659912351,right_foot,右脚,D4:22:CD:00:85:22,0.6146286725997925,0.26266926527023315,-0.45801955461502075,0.5860501527786255,-25.80733880388401,-60.5632097699142,102.51206613850236,7.941087245941162,-1.4115318059921265,5.026930809020996,1.774086594581604,-3.293013334274292,3.929319143295288
2026-04-02 13:03:02.152,1921.158631847,659945685,right_foot,右脚,D4:22:CD:00:85:22,0.6136660575866699,0.26329824328422546,-0.45843639969825745,0.5864505171775818,-25.941843859649598,-60.63066011599209,102.74255438192439,7.7876763343811035,-1.9815622568130493,4.871955871582031,2.0601229667663574,-3.8802735805511475,2.5458102226257324
2026-04-02 13:03:02.182,1921.188658199,659979019,right_foot,右脚,D4:22:CD:00:85:22,0.6127433776855469,0.26485297083854675,-0.45908230543136597,0.5862100720405579,-25.99392725812865,-60.823010230219964,102.89527101758037,7.795702934265137,-2.017360210418701,4.792852401733398,2.4740703105926514,-6.756103992462158,-0.1649395078420639
2026-04-02 13:03:02.212,1921.218460331,660012353,right_foot,右脚,D4:22:CD:00:85:22,0.6121675968170166,0.2669543921947479,-0.45897525548934937,0.5859419703483582,-25.81904464928922,-61.018836225238246,102.87608382683814,7.860053062438965,-1.5222615003585815,4.91002082824707,4.756977558135986,-5.756971836090088,-2.495940685272217
2026-04-02 13:03:02.242,1921.24831998,660045687,right_foot,右脚,D4:22:CD:00:85:22,0.6108582019805908,0.26920872926712036,-0.46018925309181213,0.5853246450424194,-25.931778284585437,-61.32667166015684,103.10089027906365,7.862626075744629,-1.7843492031097412,5.026962757110596,2.529606580734253,-10.341826438903809,-0.7796900868415833
2026-04-02 13:03:02.272,1921.278622733,660079021,right_foot,右脚,D4:22:CD:00:85:22,0.6097494959831238,0.2722827196121216,-0.4616936445236206,0.5838721990585327,-25.957453713308656,-61.76219636701276,103.21185322118686,7.931517124176025,-1.9963901042938232,4.743305683135986,2.135205030441284,-13.070996284484863,-3.985532283782959
2026-04-02 13:03:02.302,1921.308612794,660112355,right_foot,右脚,D4:22:CD:00:85:22,0.6089522242546082,0.2756039798259735,-0.4626457989215851,0.5823903679847717,-25.820384679877368,-62.187173638714405,103.18666771246505,7.975933074951172,-1.5111892223358154,4.704541206359863,3.3989193439483643,-11.951723098754883,-5.601383686065674
2026-04-02 13:03:02.332,1921.338589236,660145689,right_foot,右脚,D4:22:CD:00:85:22,0.6084490418434143,0.27839961647987366,-0.46299999952316284,0.581304132938385,-25.607878143322523,-62.510251820896464,103.0932392476831,8.058537483215332,-1.5047377347946167,4.69850492477417,3.8347432613372803,-8.818511962890625,-5.094732761383057
2026-04-02 13:03:02.365,1921.37157627,660179023,right_foot,右脚,D4:22:CD:00:85:22,0.6082245111465454,0.280025839805603,-0.4624631404876709,0.5811855792999268,-25.36142578629685,-62.630031288187226,102.98459247333462,8.074132919311523,-1.55665123462677,4.644390106201172,4.435575008392334,-3.2615554332733154,-2.616492748260498
2026-04-02 13:03:02.426,1921.432190051,660212357,right_foot,右脚,D4:22:CD:00:85:22,0.6083747744560242,0.28132107853889465,-0.46079811453819275,0.5817249417304993,-24.926137810293703,-62.62033671112547,102.74770241964802,8.140533447265625,-1.4089540243148804,4.650439262390137,6.671079158782959,0.9733569025993347,-2.5519297122955322
2026-04-02 13:03:02.459,1921.465471032,660245691,right_foot,右脚,D4:22:CD:00:85:22,0.608574628829956,0.28268641233444214,-0.457348108291626,0.583573579788208,-24.215540172946337,-62.44875130981967,102.41606339960484,8.033829689025879,-1.5723235607147217,4.570907115936279,12.398144721984863,5.901216506958008,-1.7500754594802856
2026-04-02 13:03:02.487,1921.492958714,660279025,right_foot,右脚,D4:22:CD:00:85:22,0.6087393164634705,0.2856878936290741,-0.45468875765800476,0.5840181708335876,-23.411844041787447,-62.531864818211695,101.96667749684106,7.768537998199463,-2.1210598945617676,4.883183479309082,12.048511505126953,-0.4674970507621765,-6.431711196899414
2026-04-02 13:03:02.512,1921.51843771,660312359,right_foot,右脚,D4:22:CD:00:85:22,0.6087135672569275,0.28882989287376404,-0.45284587144851685,0.5839312672615051,-22.73238672813068,-62.700401011149346,101.58305746355184,8.164482116699219,-0.736315131187439,4.930606842041016,10.008981704711914,-3.2911558151245117,-6.6131110191345215
2026-04-02 13:03:02.542,1921.54842351,660345693,right_foot,右脚,D4:22:CD:00:85:22,0.6081793904304504,0.2899813950061798,-0.4524633288383484,0.5842136740684509,-22.615162071980233,-62.77037133334894,101.60671429947398,8.021180152893066,-1.0745651721954346,4.9080023765563965,4.005462646484375,-2.801024913787842,-0.23389527201652527
2026-04-02 13:03:02.573,1921.57916096,660379027,right_foot,右脚,D4:22:CD:00:85:22,0.6078643202781677,0.2922639846801758,-0.45276007056236267,0.5831735134124756,-22.39859178685175,-63.038874990551385,101.47100209983309,7.9297895431518555,-1.7933382987976074,4.7097039222717285,2.70499849319458,-7.489680767059326,-4.53047513961792
2026-04-02 13:03:02.602,1921.608385202,660412361,right_foot,右脚,D4:22:CD:00:85:22,0.6077315211296082,0.2962605655193329,-0.45307210087776184,0.5810491442680359,-21.90349939769602,-63.505343012436924,101.0866069737236,8.061347007751465,-1.6136493682861328,4.926060199737549,4.367438793182373,-11.780424118041992,-9.837335586547852
2026-04-02 13:03:02.632,1921.638634203,660445695,right_foot,右脚,D4:22:CD:00:85:22,0.6073393225669861,0.29996609687805176,-0.45425474643707275,0.5786295533180237,-21.605868969624563,-64.0153968602985,100.82949033554505,8.147439956665039,-0.8643314838409424,4.867827892303467,1.8005762100219727,-13.743647575378418,-8.60434341430664
2026-04-02 13:03:02.662,1921.668687445,660479029,right_foot,右脚,D4:22:CD:00:85:22,0.6059100031852722,0.3054507374763489,-0.4577344059944153,0.5745016932487488,-21.555978444833812,-64.9117241561581,100.75784931698527,7.829931735992432,-1.9258977174758911,5.769038677215576,-0.6662703156471252,-25.490564346313477,-10.51424789428711
2026-04-02 13:03:02.722,1921.728598393,660512363,right_foot,右脚,D4:22:CD:00:85:22,0.6034411191940308,0.31533950567245483,-0.46260878443717957,0.5678143501281738,-21.207333372108792,-66.40858756660343,100.48646424950591,8.278450012207031,-1.076304316520691,6.1454758644104,2.709484338760376,-41.47016143798828,-19.331737518310547
2026-04-02 13:03:02.752,1921.758616055,660545697,right_foot,右脚,D4:22:CD:00:85:22,0.5976933836936951,0.32439544796943665,-0.47311127185821533,0.5600858926773071,-22.583201316541253,-68.26852764781083,101.6964040611649,8.693346977233887,0.3611079156398773,6.2969465255737305,-8.148683547973633,-57.941062927246094,-7.64713716506958
2026-04-02 13:03:02.782,1921.788632535,660579031,right_foot,右脚,D4:22:CD:00:85:22,0.5885653495788574,0.33445432782173157,-0.4884391129016876,0.5505983829498291,-25.732187098882974,-70.60583776011434,104.55704106368839,8.50503158569336,-1.1469091176986694,5.690625190734863,-14.48326301574707,-77.33755493164062,-0.953176736831665
2026-04-02 13:03:02.812,1921.81829827,660612365,right_foot,右脚,D4:22:CD:00:85:22,0.5773196816444397,0.3487619459629059,-0.5052517652511597,0.5383194088935852,-29.851782664461084,-73.51098812505413,108.5155772478403,8.6964111328125,-1.8877160549163818,5.164608001708984,-11.036229133605957,-95.22383117675781,-8.046567916870117
2026-04-02 13:03:02.842,1921.848611597,660645699,right_foot,右脚,D4:22:CD:00:85:22,0.5634870529174805,0.36822786927223206,-0.5241356492042542,0.5217015147209167,-36.327707951788376,-77.13497965305339,114.91007249583036,8.997291564941406,-2.0104525089263916,5.455522537231445,-9.186034202575684,-118.65933227539062,-18.38991928100586
2026-04-02 13:03:02.872,1921.878612876,660679033,right_foot,右脚,D4:22:CD:00:85:22,0.5455962419509888,0.39596036076545715,-0.5458627343177795,0.49756816029548645,-50.844623969961724,-81.75974766482594,129.45592092815747,9.356602668762207,-2.674689769744873,5.665464878082275,-6.849931716918945,-155.95611572265625,-37.017372131347656
2026-04-02 13:03:02.902,1921.908605459,660712367,right_foot,右脚,D4:22:CD:00:85:22,0.5239537358283997,0.42761021852493286,-0.5739739537239075,0.46171003580093384,-106.70950098941147,-85.09321981051927,-175.27562790756832,10.105768203735352,-2.3185184001922607,6.119225978851318,-27.55322265625,-197.8450469970703,-51.27346420288086
2026-04-02 13:03:02.933,1921.939213965,660745701,right_foot,右脚,D4:22:CD:00:85:22,0.5020120143890381,0.4588473439216614,-0.6061573624610901,0.41233035922050476,-165.89579006370562,-80.74770133106985,-117.75950913568704,11.719995498657227,-2.1731464862823486,4.557298183441162,-61.306434631347656,-225.2853546142578,-68.34187316894531
2026-04-02 13:03:02.962,1921.968585844,660779035,right_foot,右脚,D4:22:CD:00:85:22,0.4879313111305237,0.4796450734138489,-0.6356556415557861,0.357499361038208,177.10286725846254,-74.4203365122061,-103.72591371087098,10.879964828491211,0.012796811759471893,3.3840246200561523,-99.53169250488281,-198.2827911376953,-71.2991714477539
2026-04-02 13:03:03.022,1922.028546053,660812369,right_foot,右脚,D4:22:CD:00:85:22,0.4875267446041107,0.48522940278053284,-0.6554366946220398,0.31188616156578064,168.98019012230543,-70.34898113959467,-99.19548493933587,11.090063095092773,-5.158526420593262,1.1682519912719727,-115.54862213134766,-118.34196472167969,-55.34416198730469
2026-04-02 13:03:03.052,1922.058261714,660845703,right_foot,右脚,D4:22:CD:00:85:22,0.49673399329185486,0.493958443403244,-0.6388887166976929,0.3179333508014679,164.48587282831636,-71.58751394311004,-93.36157477889546,9.252591133117676,-6.180770397186279,2.8906054496765137,28.39716911315918,46.776832580566406,-46.8267822265625
2026-04-02 13:03:03.082,1922.088621305,660879037,right_foot,右脚,D4:22:CD:00:85:22,0.5139346718788147,0.49828070402145386,-0.6135444641113281,0.3333932161331177,157.5504717025769,-74.34203619131678,-84.72251836361147,2.340290069580078,2.0360302925109863,4.996639251708984,37.119014739990234,99.8642349243164,-44.8470344543457
2026-04-02 13:03:03.112,1922.11830469,660912371,right_foot,右脚,D4:22:CD:00:85:22,0.5372363924980164,0.4843232035636902,-0.5983701348304749,0.34461814165115356,149.76152776213604,-77.61946409605522,-77.50602440900735,5.0820841789245605,0.07403972744941711,3.2127394676208496,-26.114431381225586,108.25269317626953,-3.4175498485565186
2026-04-02 13:03:03.142,1922.148623774,660945705,right_foot,右脚,D4:22:CD:00:85:22,0.5589230060577393,0.4664543867111206,-0.5718310475349426,0.3781992495059967,135.0800746181657,-82.76793912405739,-61.5618897422585,7.268129825592041,-1.8436620235443115,2.1035776138305664,28.632774353027344,167.70956420898438,28.68207550048828
2026-04-02 13:03:03.172,1922.178364154,660979039,right_foot,右脚,D4:22:CD:00:85:22,0.580159604549408,0.4443066120147705,-0.5396959185600281,0.4180130958557129,70.6132886422681,-86.08911681452304,4.581242164054979,5.954082012176514,1.2969895601272583,3.461315870285034,40.47420883178711,193.1148681640625,40.39436721801758
2026-04-02 13:03:03.202,1922.20864992,661012373,right_foot,右脚,D4:22:CD:00:85:22,0.6026512980461121,0.4140753448009491,-0.5115286707878113,0.45132192969322205,15.60452347527171,-82.01701670623561,60.0693293584968,8.367483139038086,0.037875935435295105,3.6958231925964355,4.597171306610107,189.15359497070312,46.42258834838867
2026-04-02 13:03:03.232,1922.23860459,661045707,right_foot,右脚,D4:22:CD:00:85:22,0.6198874115943909,0.3787981867790222,-0.48289451003074646,0.48894232511520386,-0.6017811990910641,-75.71984386123852,76.99771968589263,11.096240043640137,-0.4183303713798523,4.154159069061279,9.91275405883789,194.89637756347656,71.3925552368164
2026-04-02 13:03:03.262,1922.268645876,661079041,right_foot,右脚,D4:22:CD:00:85:22,0.6297860145568848,0.339181125164032,-0.45202404260635376,0.5329166054725647,-8.588152808028514,-68.57040975906088,86.33597906535725,11.067130088806152,-1.154176950454712,4.538421630859375,24.537778854370117,203.23876953125,101.24308776855469
2026-04-02 13:03:03.322,1922.328643642,661112375,right_foot,右脚,D4:22:CD:00:85:22,0.6346697211265564,0.29973334074020386,-0.42159363627433777,0.5741193890571594,-12.567516177409148,-61.55934649534357,91.76981465003793,10.427871704101562,-0.5592371821403503,5.1039323806762695,25.721406936645508,191.1611328125,104.38970184326172
2026-04-02 13:03:03.352,1922.358599337,661145709,right_foot,右脚,D4:22:CD:00:85:22,0.6405487060546875,0.25830191373825073,-0.3938065767288208,0.6065428853034973,-14.781301242412368,-54.869809792369985,94.5806193156227,12.452988624572754,-0.5734708905220032,5.731944561004639,2.6479268074035645,181.9435577392578,88.69903564453125
2026-04-02 13:03:03.382,1922.388474606,661179043,right_foot,右脚,D4:22:CD:00:85:22,0.6465208530426025,0.21255731582641602,-0.36588361859321594,0.63479083776474,-16.46183907117118,-47.98431415505976,96.31821420477512,12.489386558532715,-1.5270967483520508,5.954503059387207,-11.863799095153809,187.9642333984375,85.07225799560547
2026-04-02 13:03:03.412,1922.418592804,661212377,right_foot,右脚,D4:22:CD:00:85:22,0.6532124280929565,0.16665975749492645,-0.34476178884506226,0.6532056331634521,-18.222818156569915,-41.92300820992864,97.03105400154696,11.206920623779297,-0.18021035194396973,5.744661331176758,-39.5853385925293,167.19418334960938,66.85002136230469
2026-04-02 13:03:03.442,1922.448616168,661245711,right_foot,右脚,D4:22:CD:00:85:22,0.6599869132041931,0.12441889941692352,-0.33192378282546997,0.6623926162719727,-20.202194458505954,-37.082110451847285,97.04707873230144,11.435351371765137,-0.6498814821243286,4.103672504425049,-60.51789474487305,135.43411254882812,46.67551803588867
2026-04-02 13:03:03.472,1922.478613697,661279045,right_foot,右脚,D4:22:CD:00:85:22,0.6672484278678894,0.089558444917202,-0.32410556077957153,0.664616048336029,-21.912897798381113,-33.474222611627525,96.437166068422,10.766865730285645,-0.0870431512594223,2.358795642852783,-62.933956146240234,105.06797790527344,23.943357467651367
2026-04-02 13:03:03.502,1922.508350612,661312379,right_foot,右脚,D4:22:CD:00:85:22,0.67324298620224,0.0660056471824646,-0.32246437668800354,0.6621208190917969,-23.348981911046778,-31.439713202722423,95.70241711297072,10.180595397949219,0.03970809653401375,0.7143868207931519,-55.626956939697266,62.40943908691406,5.842281818389893
2026-04-02 13:03:03.532,1922.538545665,661345713,right_foot,右脚,D4:22:CD:00:85:22,0.6783400774002075,0.05623622611165047,-0.3243859112262726,0.6568610072135925,-24.06986824683065,-30.928399618965553,94.90759467010952,10.111444473266602,-0.27158254384994507,0.2768283188343048,-34.384613037109375,21.343276977539062,-12.439568519592285
2026-04-02 13:03:03.562,1922.568611842,661379047,right_foot,右脚,D4:22:CD:00:85:22,0.6816076040267944,0.06710153073072433,-0.32848799228668213,0.6503879427909851,-23.422551566934825,-32.34958637764993,94.19630819481033,8.562422752380371,-3.8322718143463135,0.8929453492164612,8.0796480178833,-32.443058013916016,-33.23994064331055
2026-04-02 13:03:03.624,1922.630404563,661412381,right_foot,右脚,D4:22:CD:00:85:22,0.6792917251586914,0.10282491147518158,-0.3272704780101776,0.648755669593811,-20.437711925060103,-35.31285280768938,93.93368708118764,4.1046833992004395,-3.6232099533081055,8.37513542175293,85.0986099243164,-80.57176971435547,-38.754573822021484
2026-04-02 13:03:03.652,1922.658419637,661445715,right_foot,右脚,D4:22:CD:00:85:22,0.6680052876472473,0.14052598178386688,-0.33409056067466736,0.6499269008636475,-18.488602585544026,-38.97724469491843,95.02133319903584,4.098304748535156,-0.5040918588638306,7.645212650299072,78.10789489746094,-112.87591552734375,-11.697370529174805
2026-04-02 13:03:03.682,1922.688541496,661479049,right_foot,右脚,D4:22:CD:00:85:22,0.6561072468757629,0.17746365070343018,-0.3493228256702423,0.6449834704399109,-17.44394518464287,-43.417436510289946,96.0106409158944,5.7397918701171875,1.3674037456512451,7.965846061706543,50.83497619628906,-134.19313049316406,-19.38361930847168
2026-04-02 13:03:03.712,1922.718533826,661512383,right_foot,右脚,D4:22:CD:00:85:22,0.6423143148422241,0.2050151824951172,-0.3636568784713745,0.642771303653717,-17.39820013630549,-46.946759621558876,97.6435126436206,11.933300971984863,-1.802531123161316,6.997377872467041,36.20846176147461,-111.95108795166016,1.9098923206329346
2026-04-02 13:03:03.742,1922.748344048,661545717,right_foot,右脚,D4:22:CD:00:85:22,0.6376157402992249,0.22430214285850525,-0.37278488278388977,0.6357406973838806,-16.82771721745662,-49.515616767533885,97.6359058434175,10.383606910705566,-1.1128208637237549,6.355645179748535,17.1625919342041,-74.12933349609375,-22.051666259765625
2026-04-02 13:03:03.772,1922.778494127,661579051,right_foot,右脚,D4:22:CD:00:85:22,0.6362345218658447,0.23884621262550354,-0.3796660006046295,0.6277037262916565,-16.11939015595273,-51.532620922480845,97.04688470001717,7.60787296295166,-1.4659196138381958,6.291524410247803,7.916825294494629,-55.31440734863281,-27.11663246154785
2026-04-02 13:03:03.802,1922.808599614,661612385,right_foot,右脚,D4:22:CD:00:85:22,0.6347993612289429,0.2510066628456116,-0.3844141662120819,0.6214910745620728,-15.382737799054029,-53.13473887786423,96.5130952323702,8.0597562789917,-0.5424270629882812,5.678318977355957,9.725260734558105,-44.069705963134766,-21.715105056762695
2026-04-02 13:03:03.832,1922.838531828,661645719,right_foot,右脚,D4:22:CD:00:85:22,0.6325686573982239,0.2586032450199127,-0.38805335760116577,0.618381679058075,-15.127577685455604,-54.171402812797645,96.47021556548032,7.733832359313965,0.7525268197059631,6.2291579246521,6.9500532150268555,-30.271873474121094,-8.149459838867188
2026-04-02 13:03:03.863,1922.869424369,661679053,right_foot,右脚,D4:22:CD:00:85:22,0.6290614604949951,0.26320210099220276,-0.393026202917099,0.6168767809867859,-15.551235712111904,-55.0049524096146,97.01209096936309,7.525343418121338,-1.244033694267273,5.7654876708984375,0.8773561716079712,-27.098501205444336,3.2571208477020264
2026-04-02 13:03:03.922,1922.9285468,661712387,right_foot,右脚,D4:22:CD:00:85:22,0.6266639828681946,0.26611605286598206,-0.39504510164260864,0.6167773008346558,-15.72302259150196,-55.42554420412448,97.38583197988186,7.674744129180908,-1.4719301462173462,5.344221591949463,4.376709938049316,-14.369818687438965,3.4912633895874023
2026-04-02 13:03:03.952,1922.95853338,661745721,right_foot,右脚,D4:22:CD:00:85:22,0.6252784729003906,0.2677420675754547,-0.39499232172966003,0.6175128817558289,-15.692343953723022,-55.55086317824984,97.58651670738102,7.447037696838379,-0.7699397802352905,5.6976637840271,6.156918048858643,-5.033822536468506,2.932544708251953
2026-04-02 13:03:03.982,1922.988338383,661779055,right_foot,右脚,D4:22:CD:00:85:22,0.6227967143058777,0.2684059739112854,-0.39657723903656006,0.6187157034873962,-16.11505465501454,-55.70097329862985,98.17863189631304,7.366894721984863,-0.4567645192146301,5.933473587036133,2.2305471897125244,-7.587547302246094,9.055423736572266
2026-04-02 13:03:04.012,1923.018526797,661812389,right_foot,右脚,D4:22:CD:00:85:22,0.6197495460510254,0.2694396674633026,-0.39904147386550903,0.6197408437728882,-16.673117958464665,-55.9528419377152,98.90073395644089,7.3960723876953125,-1.732128381729126,5.633234024047852,1.4086743593215942,-11.212745666503906,10.165575981140137
2026-04-02 13:03:04.042,1923.048528601,661845723,right_foot,右脚,D4:22:CD:00:85:22,0.618090808391571,0.2720448970794678,-0.39951756596565247,0.6199526190757751,-16.624286343835326,-56.22076127987284,99.09747782094088,7.580577850341797,-1.593487024307251,5.375812530517578,6.5336995124816895,-9.172090530395508,1.3925424814224243
2026-04-02 13:03:04.072,1923.078518346,661879057,right_foot,右脚,D4:22:CD:00:85:22,0.6164124608039856,0.2748079001903534,-0.4001637399196625,0.6199884414672852,-16.579253145935514,-56.520884485131766,99.2881015636152,7.3428802490234375,-0.9944816827774048,5.756840229034424,6.267110347747803,-10.067258834838867,0.9700348973274231
2026-04-02 13:03:04.102,1923.108305612,661912391,right_foot,右脚,D4:22:CD:00:85:22,0.6138758063316345,0.27797845005989075,-0.4022599458694458,0.6197351217269897,-16.774937325249976,-56.97376941345294,99.69344815416171,7.427398204803467,-0.933942437171936,5.761940002441406,4.4060444831848145,-15.474374771118164,2.9566805362701416
2026-04-02 13:03:04.132,1923.138609041,661945725,right_foot,右脚,D4:22:CD:00:85:22,0.6114147901535034,0.2820342779159546,-0.4045180678367615,0.6188651323318481,-16.874205785878775,-57.53705610641596,100.00554453677087,7.594343662261963,-1.5224528312683105,5.371957302093506,4.996777534484863,-18.20187759399414,0.40520456433296204
2026-04-02 13:03:04.162,1923.168547602,661979059,right_foot,右脚,D4:22:CD:00:85:22,0.6096976399421692,0.28568607568740845,-0.4056504964828491,0.6181424260139465,-16.785827830019514,-57.97724350392767,100.13461375123764,7.713395595550537,-1.0920835733413696,5.231980323791504,5.988354206085205,-13.79859733581543,-1.4427486658096313
2026-04-02 13:03:04.222,1923.228472876,662012393,right_foot,右脚,D4:22:CD:00:85:22,0.6082532405853271,0.28868281841278076,-0.4064527750015259,0.6176459193229675,-16.702193604037628,-58.32713418788378,100.24423101088007,7.611566543579102,-1.01570463180542,5.340240001678467,5.352172374725342,-11.116331100463867,-0.9738353490829468
2026-04-02 13:03:04.252,1923.25852594,662045727,right_foot,右脚,D4:22:CD:00:85:22,0.6063576340675354,0.29109400510787964,-0.4076824486255646,0.6175675988197327,-16.81453765845229,-58.64317570305628,100.54033767841817,7.7313456535339355,-0.6712158918380737,5.398719310760498,4.237113952636719,-10.99180793762207,2.089107036590576
2026-04-02 13:03:04.282,1923.288582361,662079061,right_foot,右脚,D4:22:CD:00:85:22,0.6044738292694092,0.2936836779117584,-0.4091355800628662,0.6172271370887756,-16.93325471372131,-58.9994764913208,100.82407475024972,7.702066421508789,-1.373687744140625,5.264419078826904,3.7374162673950195,-12.092519760131836,1.479805827140808
2026-04-02 13:03:04.312,1923.318283538,662112395,right_foot,右脚,D4:22:CD:00:85:22,0.6031103730201721,0.29640138149261475,-0.40973490476608276,0.6168641448020935,-16.851690830822687,-59.30642766510196,100.93258769573279,7.8375139236450195,-1.1403038501739502,5.135122299194336,5.2429704666137695,-9.887114524841309,-0.738044023513794
2026-04-02 13:03:04.342,1923.348429709,662145729,right_foot,右脚,D4:22:CD:00:85:22,0.6018350720405579,0.29743605852127075,-0.4103757441043854,0.6171857714653015,-16.98712477075558,-59.44070748629529,101.18831975018736,7.839574813842773,-0.41844746470451355,5.11210823059082,2.530616521835327,-5.587856292724609,2.9037041664123535
2026-04-02 13:03:04.372,1923.378541423,662179063,right_foot,右脚,D4:22:CD:00:85:22,0.6005829572677612,0.29932901263237,-0.41128310561180115,0.6168861985206604,-17.040373839975352,-59.69176379816793,101.36021823068103,7.563597679138184,-1.8480931520462036,5.228271007537842,2.827341079711914,-8.571203231811523,0.627694308757782
2026-04-02 13:03:04.402,1923.408517682,662212397,right_foot,右脚,D4:22:CD:00:85:22,0.5992374420166016,0.3039231300354004,-0.412486732006073,0.6151422262191772,-16.781160680394287,-60.25785693665253,101.28611408925076,7.693916320800781,-1.0424742698669434,5.443523406982422,5.78578519821167,-16.537126541137695,-5.722774982452393
2026-04-02 13:03:04.432,1923.438275844,662245731,right_foot,右脚,D4:22:CD:00:85:22,0.5971459150314331,0.3083723485469818,-0.4150107800960541,0.613261342048645,-16.82680019288853,-60.91146423835418,101.46654740830519,7.948194980621338,-0.23511020839214325,5.284709453582764,3.263279438018799,-20.1684627532959,-2.8475794792175293
2026-04-02 13:03:04.462,1923.468566898,662279065,right_foot,右脚,D4:22:CD:00:85:22,0.5939841270446777,0.3103286027908325,-0.4197525978088379,0.6121166944503784,-17.70035096829206,-61.47002143744546,102.30133117119699,7.983938217163086,-0.5104938745498657,5.389984607696533,-4.34267520904541,-20.22955894470215,6.8547892570495605
2026-04-02 13:03:04.522,1923.528519987,662312399,right_foot,右脚,D4:22:CD:00:85:22,0.5914236307144165,0.3144802749156952,-0.42558956146240234,0.6084355711936951,-18.347589177472422,-62.385877058887075,102.79361438315912,7.793317794799805,-2.290989398956299,5.166587829589844,-6.494597911834717,-28.944364547729492,-1.6110590696334839
2026-04-02 13:03:04.552,1923.558282318,662345733,right_foot,右脚,D4:22:CD:00:85:22,0.5896317958831787,0.3212825357913971,-0.43024125695228577,0.6033278703689575,-18.332922540085697,-63.514223894892126,102.72342550126743,8.106494903564453,-1.015263319015503,4.9819841384887695,-1.5984127521514893,-32.50434494018555,-11.343989372253418
2026-04-02 13:03:04.582,1923.588517825,662379067,right_foot,右脚,D4:22:CD:00:85:22,0.5873279571533203,0.32806795835494995,-0.43555790185928345,0.5980859994888306,-18.502090933383595,-64.69645855958127,102.81951252518436,8.277276992797852,-0.8518636226654053,5.427418231964111,-2.6693856716156006,-34.73992156982422,-9.802026748657227
2026-04-02 13:03:04.612,1923.618597665,662412401,right_foot,右脚,D4:22:CD:00:85:22,0.5840333700180054,0.33421504497528076,-0.44368821382522583,0.5919005870819092,-19.402527987373855,-66.05019225935342,103.44875373812602,8.416807174682617,-0.07044413685798645,5.6481828689575195,-10.060012817382812,-41.6899299621582,-5.5427470207214355
2026-04-02 13:03:04.642,1923.648513426,662445735,right_foot,右脚,D4:22:CD:00:85:22,0.5783718824386597,0.34241095185279846,-0.4552948772907257,0.5839069485664368,-21.129576339652317,-67.90047313687289,104.85963192874425,8.411298751831055,-1.3352702856063843,5.736121654510498,-13.099616050720215,-58.57189178466797,-3.4850540161132812
2026-04-02 13:03:04.672,1923.678479749,662479069,right_foot,右脚,D4:22:CD:00:85:22,0.570985734462738,0.35462021827697754,-0.46835803985595703,0.5734637379646301,-23.1122315716256,-70.31777498176693,106.63886997760682,8.51028060913086,-1.6740920543670654,5.349983215332031,-9.92350959777832,-75.1517333984375,-9.502286911010742
2026-04-02 13:03:04.702,1923.708449248,662512403,right_foot,右脚,D4:22:CD:00:85:22,0.5610290169715881,0.371779203414917,-0.4827348589897156,0.5603517293930054,-25.68570002845527,-73.39756684400156,109.21844871876569,9.01256275177002,-1.512223243713379,5.77681827545166,-4.066689491271973,-94.92967224121094,-16.08726692199707
2026-04-02 13:03:04.732,1923.738522908,662545737,right_foot,右脚,D4:22:CD:00:85:22,0.5480923652648926,0.39567121863365173,-0.4989156424999237,0.5423304438591003,-29.606263084041352,-77.44102937576899,113.31980835675606,9.22916316986084,-2.614811658859253,5.805976867675781,0.9878308773040771,-122.6844711303711,-28.72305679321289
2026-04-02 13:03:04.762,1923.768531148,662579071,right_foot,右脚,D4:22:CD:00:85:22,0.5317831039428711,0.42592373490333557,-0.5175808072090149,0.5175963640213013,-39.233688065729275,-82.47789303404737,123.15334295499083,9.719107627868652,-1.899786353111267,5.558382987976074,1.244698405265808,-154.25323486328125,-42.666595458984375
2026-04-02 13:03:04.822,1923.828516606,662612405,right_foot,右脚,D4:22:CD:00:85:22,0.5142477750778198,0.4597708582878113,-0.5394286513328552,0.4828839898109436,-95.63476512152367,-87.23015269596227,179.26856498944366,10.139914512634277,-2.7584049701690674,4.896721839904785,-14.09656810760498,-183.41139221191406,-60.48687744140625
2026-04-02 13:03:04.852,1923.858526866,662645739,right_foot,右脚,D4:22:CD:00:85:22,0.49810197949409485,0.495414674282074,-0.5616002082824707,0.43710875511169434,178.78828211880798,-83.01046566003477,-96.09361109263095,10.476094245910645,-1.7618639469146729,4.00607967376709,-34.40256881713867,-202.06939697265625,-85.16915130615234
2026-04-02 13:03:04.882,1923.888562582,662679073,right_foot,右脚,D4:22:CD:00:85:22,0.49294722080230713,0.5151703357696533,-0.5863721370697021,0.3844091594219208,165.35482925052247,-76.94997867793427,-85.73449596737125,8.744195938110352,-0.8101060390472412,1.8438425064086914,-97.8005142211914,-173.3763427734375,-78.34107208251953
2026-04-02 13:03:04.912,1923.918399226,662712407,right_foot,右脚,D4:22:CD:00:85:22,0.5010991096496582,0.5244289636611938,-0.5928285121917725,0.3498978614807129,156.35911118654568,-73.97153104047734,-79.09158784764585,12.729963302612305,-5.135361671447754,2.912410020828247,-78.4468765258789,-69.51202392578125,-76.34519958496094
2026-04-02 13:03:04.942,1923.948507696,662745741,right_foot,右脚,D4:22:CD:00:85:22,0.5169787406921387,0.5268685221672058,-0.5770260691642761,0.3495481312274933,147.40654397454082,-74.78587160095,-70.00950877056772,6.6204118728637695,-4.5273213386535645,4.414491653442383,-8.302953720092773,54.0821533203125,-53.11213684082031
2026-04-02 13:03:04.972,1923.978523028,662779075,right_foot,右脚,D4:22:CD:00:85:22,0.5342985391616821,0.5161543488502502,-0.564971387386322,0.3590506911277771,139.57316029126147,-77.0019257538849,-62.5217019209402,4.714186191558838,-0.16080085933208466,4.862840175628662,-19.612911224365234,83.6810073852539,-4.587425708770752
2026-04-02 13:03:05.032,1924.038290901,662812409,right_foot,右脚,D4:22:CD:00:85:22,0.5533022880554199,0.4935341477394104,-0.5515468716621399,0.38220012187957764,127.49801116376473,-80.96830635529888,-50.69536024330459,6.09212589263916,-1.3514153957366943,3.902482748031616,-16.47024917602539,128.25843811035156,38.92531967163086
2026-04-02 13:03:05.032,1924.038459236,662845743,right_foot,右脚,D4:22:CD:00:85:22,0.5713045597076416,0.4680694043636322,-0.5310572981834412,0.41533181071281433,91.35823404172902,-84.6225373547935,-13.942861102359625,5.17608118057251,0.5997419953346252,4.438565254211426,7.811107635498047,160.4335174560547,52.37259292602539
2026-04-02 13:03:05.062,1924.068625177,662879077,right_foot,右脚,D4:22:CD:00:85:22,0.5889958143234253,0.4377047121524811,-0.512310802936554,0.4461347460746765,32.474964063262156,-83.74579405158316,45.02171021138775,6.6439666748046875,0.7985920906066895,4.937455177307129,-8.16010570526123,159.65768432617188,59.73994445800781
2026-04-02 13:03:05.122,1924.128294145,662912411,right_foot,右脚,D4:22:CD:00:85:22,0.6058821678161621,0.40135741233825684,-0.49229031801223755,0.4790295958518982,4.354923906114918,-78.83213072021378,73.08224270527735,9.240995407104492,0.26368123292922974,5.190563201904297,-13.477179527282715,173.16958618164062,73.54562377929688
2026-04-02 13:03:05.152,1924.158388824,662945745,right_foot,右脚,D4:22:CD:00:85:22,0.6228089928627014,0.36145007610321045,-0.46618032455444336,0.5139443874359131,-5.439351195647349,-72.21566787657413,83.02813845311407,9.45022964477539,-0.30008989572525024,5.644534111022949,-7.589452743530273,194.65872192382812,74.94557189941406
2026-04-02 13:03:05.182,1924.188518084,662979079,right_foot,右脚,D4:22:CD:00:85:22,0.6373395919799805,0.3185405731201172,-0.438687264919281,0.5476163625717163,-10.235863428957783,-65.23883036701247,87.90110579879433,9.794854164123535,-0.2812841832637787,6.263896465301514,-10.468517303466797,197.6299591064453,79.27481842041016
2026-04-02 13:03:05.212,1924.218503563,663012413,right_foot,右脚,D4:22:CD:00:85:22,0.6471646428108215,0.2732097804546356,-0.41258877515792847,0.5799180865287781,-13.755679723451285,-58.3101516183025,91.42553950727961,11.69145393371582,-1.0920236110687256,6.560958385467529,-15.246663093566895,190.66842651367188,89.95884704589844
2026-04-02 13:03:05.242,1924.248283124,663045747,right_foot,右脚,D4:22:CD:00:85:22,0.6547808051109314,0.2240750789642334,-0.38572660088539124,0.6101372838020325,-16.40620437852961,-51.12945036245465,93.84702541729311,12.3418607711792,-1.6515238285064697,6.551809310913086,-22.785329818725586,195.0924072265625,94.18893432617188
2026-04-02 13:03:05.273,1924.279304471,663079081,right_foot,右脚,D4:22:CD:00:85:22,0.6620381474494934,0.17535275220870972,-0.36177533864974976,0.6325153112411499,-18.427055216659195,-44.49481161632377,94.97939988411669,11.2652587890625,-0.2720015048980713,6.289247512817383,-37.6567497253418,181.37998962402344,78.93373107910156
2026-04-02 13:03:05.302,1924.308550862,663112415,right_foot,右脚,D4:22:CD:00:85:22,0.6689665913581848,0.1288595199584961,-0.3472978174686432,0.6444092392921448,-20.77131411958377,-39.10457193917766,95.30583901192314,11.327138900756836,-0.17003197968006134,5.709345817565918,-65.63814544677734,148.46188354492188,58.83953094482422
2026-04-02 13:03:05.332,1924.338526524,663145749,right_foot,右脚,D4:22:CD:00:85:22,0.6759125590324402,0.08641832321882248,-0.3416512906551361,0.647262454032898,-23.41295367135972,-35.010276685083696,94.9974385441145,13.244009017944336,0.09358444064855576,3.166287899017334,-86.20612335205078,115.38976287841797,37.50663375854492
2026-04-02 13:03:05.362,1924.368300796,663179083,right_foot,右脚,D4:22:CD:00:85:22,0.6822468638420105,0.048570796847343445,-0.33767592906951904,0.646649181842804,-25.772562680727336,-31.572239023808482,94.33236213606338,13.536665916442871,0.5658804774284363,-0.9351314306259155,-82.65318298339844,99.76813507080078,26.564390182495117
2026-04-02 13:03:05.425,1924.431527726,663212417,right_foot,右脚,D4:22:CD:00:85:22,0.6819706559181213,0.0325387679040432,-0.3420201539993286,0.6456621885299683,-27.47655168561957,-30.56486022567788,94.5104903462031,12.5022611618042,1.9242057800292969,-3.956648588180542,-48.873085021972656,24.191707611083984,17.18521499633789
2026-04-02 13:03:05.452,1924.458522791,663245751,right_foot,右脚,D4:22:CD:00:85:22,0.6773754954338074,0.06725099682807922,-0.3380902409553528,0.6498727798461914,-24.55614206761751,-33.05455418500561,95.01575991322203,10.650611877441406,-4.154576301574707,-1.1072931289672852,95.4733657836914,-73.3681411743164,-20.957130432128906
2026-04-02 13:03:05.483,1924.489536119,663279085,right_foot,右脚,D4:22:CD:00:85:22,0.6612978577613831,0.11952953785657883,-0.32509344816207886,0.6653661727905273,-19.85916147066841,-36.08813248411279,96.87941142262285,2.707503080368042,-4.681368827819824,9.501577377319336,172.60983276367188,-102.09432983398438,8.492578506469727
2026-04-02 13:03:05.512,1924.518475757,663312419,right_foot,右脚,D4:22:CD:00:85:22,0.6305164694786072,0.1649981439113617,-0.3318868577480316,0.6819647550582886,-18.637415162000547,-40.05824074583497,101.33618853568247,6.1703901290893555,4.086314678192139,7.871083736419678,119.0177001953125,-147.575439453125,60.333152770996094
2026-04-02 13:03:05.542,1924.548578136,663345753,right_foot,右脚,D4:22:CD:00:85:22,0.6119953393936157,0.197151318192482,-0.3453797698020935,0.6835978627204895,-18.660484519702145,-43.811334884532336,103.88626791907144,8.443305969238281,3.818406343460083,9.205689430236816,50.50505828857422,-125.40113830566406,18.530576705932617
2026-04-02 13:03:05.572,1924.578558027,663379087,right_foot,右脚,D4:22:CD:00:85:22,0.6073604226112366,0.21860243380069733,-0.3602500557899475,0.6734586358070374,-18.812401350517977,-47.05788954654576,104.15966223133167,11.572138786315918,-3.5337305068969727,6.589776992797852,1.5407705307006836,-94.67650604248047,-24.87569808959961
2026-04-02 13:03:05.602,1924.608862196,663412421,right_foot,右脚,D4:22:CD:00:85:22,0.6005235910415649,0.23899945616722107,-0.36912649869918823,0.667829692363739,-18.56610722256503,-49.69040990168737,104.73123293131691,9.469770431518555,0.09145968407392502,6.669358253479004,20.537118911743164,-78.96054077148438,-13.662306785583496
2026-04-02 13:03:05.632,1924.638515633,663445755,right_foot,右脚,D4:22:CD:00:85:22,0.5951023697853088,0.25027862191200256,-0.37825191020965576,0.6634300947189331,-19.11678534969378,-51.469970963669724,105.4960247488475,8.164382934570312,-1.2200053930282593,5.87148380279541,1.634062647819519,-55.727352142333984,-2.5059988498687744
2026-04-02 13:03:05.662,1924.668516875,663479089,right_foot,右脚,D4:22:CD:00:85:22,0.5919469594955444,0.25849172472953796,-0.38330984115600586,0.6601927280426025,-19.26427831625776,-52.66535061420876,105.84242637469453,7.8833112716674805,-1.4020427465438843,5.491781711578369,4.209941387176514,-36.45397186279297,-4.860820293426514
2026-04-02 13:03:05.722,1924.728300564,663512423,right_foot,右脚,D4:22:CD:00:85:22,0.5900363922119141,0.2647031843662262,-0.38586553931236267,0.6579492092132568,-19.168522858648416,-53.48218234247946,105.95536840883995,7.289026737213135,-1.2654037475585938,5.69053840637207,6.0071845054626465,-24.2890682220459,-5.298919677734375
2026-04-02 13:03:05.752,1924.758506451,663545757,right_foot,右脚,D4:22:CD:00:85:22,0.587795615196228,0.2693445384502411,-0.3885233402252197,0.6565055251121521,-19.28489090285508,-54.13473181648752,106.2452280554886,7.455687999725342,-1.19337797164917,5.797756195068359,3.9210562705993652,-20.664352416992188,-0.8059021234512329
2026-04-02 13:03:05.782,1924.788525041,663579091,right_foot,右脚,D4:22:CD:00:85:22,0.5859866738319397,0.2727473974227905,-0.3900151550769806,0.6558328866958618,-19.33378845334981,-54.57161313643836,106.48120143029371,7.523312091827393,-1.4148659706115723,5.5907745361328125,4.641417026519775,-14.226619720458984,0.29462701082229614
2026-04-02 13:03:05.812,1924.818566385,663612425,right_foot,右脚,D4:22:CD:00:85:22,0.5838356018066406,0.27606329321861267,-0.3920649588108063,0.6551414132118225,-19.508316741695452,-55.03715542047041,106.82318432250612,7.499766826629639,-1.4398530721664429,5.696938991546631,3.4742372035980225,-15.638361930847168,1.6193718910217285
2026-04-02 13:03:05.842,1924.848389364,663645759,right_foot,右脚,D4:22:CD:00:85:22,0.5817263722419739,0.2788156270980835,-0.3940182626247406,0.6546801328659058,-19.729959817597088,-55.435856621488256,107.19461934730967,7.375547409057617,-1.045425295829773,5.776233196258545,2.78458571434021,-13.906974792480469,2.5976126194000244
2026-04-02 13:03:05.872,1924.878538618,663679093,right_foot,右脚,D4:22:CD:00:85:22,0.579425036907196,0.2810114920139313,-0.3963574767112732,0.6543700695037842,-20.091089028539894,-55.800928972195365,107.6690475555796,7.472862243652344,-1.6044609546661377,5.489760875701904,1.1580848693847656,-13.555830001831055,4.418789863586426
2026-04-02 13:03:05.902,1924.90851022,663712427,right_foot,右脚,D4:22:CD:00:85:22,0.5779997110366821,0.28331881761550903,-0.3970987796783447,0.6541860699653625,-20.12393757128716,-56.07125334489036,107.87184757359935,7.520072937011719,-1.7484242916107178,5.211683750152588,4.259817123413086,-9.309351921081543,0.9488077163696289
2026-04-02 13:03:05.932,1924.938360075,663745761,right_foot,右脚,D4:22:CD:00:85:22,0.5772408843040466,0.2858436405658722,-0.39669957756996155,0.6539999842643738,-19.897688951574676,-56.29087744240663,107.8562902357558,7.490804672241211,-1.666062593460083,5.379928112030029,6.585503101348877,-6.626045227050781,-2.0013275146484375
2026-04-02 13:03:05.962,1924.96833258,663779095,right_foot,右脚,D4:22:CD:00:85:22,0.5766804814338684,0.28858253359794617,-0.39596691727638245,0.6537355184555054,-19.57665223292125,-56.51247089656126,107.76189544033497,7.541956901550293,-1.2487361431121826,5.449643135070801,7.406162738800049,-6.250877857208252,-3.2750236988067627
2026-04-02 13:03:06.022,1925.028524408,663812429,right_foot,右脚,D4:22:CD:00:85:22,0.5759142637252808,0.29066202044487,-0.39537522196769714,0.6538476943969727,-19.368949665040372,-56.66812779088645,107.76724952717454,7.605169773101807,-1.4372954368591309,5.375895977020264,6.482704162597656,-4.962413311004639,-1.0462284088134766
2026-04-02 13:03:06.052,1925.058402792,663845763,right_foot,右脚,D4:22:CD:00:85:22,0.5753734707832336,0.293158620595932,-0.39471814036369324,0.6536064147949219,-19.077319845936465,-56.870884266332645,107.68290323659161,7.63151216506958,-1.3150948286056519,5.364549160003662,6.711146354675293,-5.816874980926514,-2.9262094497680664
2026-04-02 13:03:06.082,1925.088437209,663879097,right_foot,右脚,D4:22:CD:00:85:22,0.5746045708656311,0.29546046257019043,-0.3945435583591461,0.6533516049385071,-18.8997500226963,-57.086514894339444,107.6847854480868,7.631098747253418,-1.2026193141937256,5.319192409515381,5.430381774902344,-6.661396026611328,-1.7092971801757812
2026-04-02 13:03:06.112,1925.118498645,663912431,right_foot,右脚,D4:22:CD:00:85:22,0.5742794871330261,0.2990887761116028,-0.393990159034729,0.6523196697235107,-18.463433447401954,-57.42886626556483,107.45696181195761,7.506332874298096,-1.7007441520690918,5.172940254211426,7.379020690917969,-9.08216381072998,-6.448659896850586
2026-04-02 13:03:06.142,1925.14851317,663945765,right_foot,右脚,D4:22:CD:00:85:22,0.5737323760986328,0.30297520756721497,-0.3934631943702698,0.6513249278068542,-18.023182982102824,-57.79595405658213,107.25415403091272,7.7505364418029785,-0.9020008444786072,5.452432155609131,8.095175743103027,-9.979779243469238,-6.221642971038818
2026-04-02 13:03:06.172,1925.178328579,663979099,right_foot,右脚,D4:22:CD:00:85:22,0.5725058913230896,0.30568647384643555,-0.39410507678985596,0.6507489085197449,-17.963744356361623,-58.11446716986789,107.35740153364064,7.714906215667725,-0.788356602191925,5.403780460357666,4.411337375640869,-10.143486022949219,-1.0780469179153442
2026-04-02 13:03:06.203,1925.209303822,664012433,right_foot,右脚,D4:22:CD:00:85:22,0.5706420540809631,0.30856993794441223,-0.39586251974105835,0.6499580144882202,-18.126448808290252,-58.52920046404449,107.65162657176772,7.609736442565918,-1.1181187629699707,5.236335277557373,2.623666763305664,-13.822996139526367,0.861962616443634
2026-04-02 13:03:06.232,1925.238283497,664045767,right_foot,右脚,D4:22:CD:00:85:22,0.568726122379303,0.3144199550151825,-0.39754149317741394,0.6478052139282227,-17.940786455097978,-59.266106977128764,107.70058354380988,7.545917510986328,-2.010267734527588,5.283084869384766,6.787632465362549,-21.817075729370117,-5.847014904022217
2026-04-02 13:03:06.262,1925.268513526,664079101,right_foot,右脚,D4:22:CD:00:85:22,0.566848874092102,0.32274749875068665,-0.3995971381664276,0.6440799236297607,-17.491970278414463,-60.316294484662166,107.51457772708096,7.847543716430664,-0.7607774138450623,5.527937889099121,8.563742637634277,-29.72494888305664,-12.033014297485352
2026-04-02 13:03:06.322,1925.328337411,664112435,right_foot,右脚,D4:22:CD:00:85:22,0.5640515089035034,0.33064690232276917,-0.40352508425712585,0.6400673389434814,-17.487098014357002,-61.460779779728014,107.67259529250414,7.974615573883057,-0.6274663805961609,5.411406993865967,4.1922478675842285,-34.022525787353516,-7.8913984298706055
2026-04-02 13:03:06.352,1925.358508386,664145769,right_foot,右脚,D4:22:CD:00:85:22,0.561323881149292,0.33926448225975037,-0.4089789092540741,0.6344695091247559,-17.6022002401549,-62.828674497861634,107.80445272074711,7.927630424499512,-1.405890941619873,5.469738006591797,-0.0808996930718422,-40.283287048339844,-10.39660930633545
2026-04-02 13:03:06.382,1925.388512228,664179103,right_foot,右脚,D4:22:CD:00:85:22,0.5593336820602417,0.35007181763648987,-0.413962721824646,0.6270809769630432,-17.19678607618951,-64.43990214671699,107.42335401177355,8.290681838989258,-1.6791876554489136,5.587780952453613,1.7413930892944336,-45.22169876098633,-19.131120681762695
2026-04-02 13:03:06.412,1925.418273881,664212437,right_foot,右脚,D4:22:CD:00:85:22,0.557140588760376,0.3632051944732666,-0.4194546043872833,0.6178465485572815,-16.469233454794033,-66.37677402305141,106.73009873511589,8.344408988952637,-0.8291773796081543,5.838784217834473,2.6688506603240967,-53.746742248535156,-24.990327835083008
2026-04-02 13:03:06.442,1925.448513908,664245771,right_foot,右脚,D4:22:CD:00:85:22,0.5524895191192627,0.38003233075141907,-0.4275137782096863,0.6062697172164917,-15.899773483400883,-68.93889868812471,106.26684830651456,8.647239685058594,-0.9098131060600281,6.425848007202148,3.9131758213043213,-73.02031707763672,-26.404014587402344
2026-04-02 13:03:06.472,1925.478527676,664279105,right_foot,右脚,D4:22:CD:00:85:22,0.5445861220359802,0.40104255080223083,-0.4405154287815094,0.5903704762458801,-16.020112751889428,-72.4253285186424,106.38602932589224,8.899293899536133,-0.24145781993865967,6.612427711486816,-0.6479232311248779,-101.61965942382812,-27.557249069213867
2026-04-02 13:03:06.502,1925.508515189,664312439,right_foot,右脚,D4:22:CD:00:85:22,0.5324082374572754,0.42877906560897827,-0.4574967324733734,0.5686709880828857,-16.613622770509696,-77.11471947746787,107.04867274742911,9.243584632873535,-1.6180895566940308,7.438258171081543,0.8431361317634583,-137.29238891601562,-34.46403503417969
2026-04-02 13:03:06.532,1925.538208359,664345773,right_foot,右脚,D4:22:CD:00:85:22,0.5162046551704407,0.46437808871269226,-0.4788161516189575,0.5372345447540283,-17.644835685335707,-83.36086974562087,108.0231549782733,9.369895935058594,-1.2045009136199951,6.648995876312256,-2.8505377769470215,-181.44830322265625,-50.43668746948242
2026-04-02 13:03:06.562,1925.568569968,664379107,right_foot,右脚,D4:22:CD:00:85:22,0.49332451820373535,0.5055915713310242,-0.5079707503318787,0.49292394518852234,-175.9363931473847,-88.43088161831905,-94.2228898780177,10.530141830444336,-0.4666956961154938,5.772487163543701,-18.12030029296875,-237.50595092773438,-57.6717529296875
2026-04-02 13:03:06.622,1925.628523224,664412441,right_foot,右脚,D4:22:CD:00:85:22,0.47321006655693054,0.5357362031936646,-0.5390946865081787,0.4454617500305176,170.22895430563642,-80.93482104838922,-82.01690644180286,10.560462951660156,0.6120795011520386,3.3630104064941406,-50.73074722290039,-222.84205627441406,-44.83114242553711
2026-04-02 13:03:06.652,1925.658385082,664445775,right_foot,右脚,D4:22:CD:00:85:22,0.4688030183315277,0.5450624823570251,-0.5727143287658691,0.39386430382728577,166.53351481741439,-75.092309293842,-82.46426214536416,7.362404823303223,-0.40760543942451477,1.8575656414031982,-125.09346771240234,-173.6012420654297,-32.315242767333984
2026-04-02 13:03:06.682,1925.688411027,664479109,right_foot,右脚,D4:22:CD:00:85:22,0.4764825999736786,0.5460217595100403,-0.5828826427459717,0.3675222396850586,161.57118888941994,-73.10066559616352,-80.02548278175682,12.036693572998047,-5.96304178237915,2.6435012817382812,-79.92568969726562,-53.38941192626953,-35.41181945800781
2026-04-02 13:03:06.712,1925.718538358,664512443,right_foot,右脚,D4:22:CD:00:85:22,0.48554378747940063,0.5482640862464905,-0.5638891458511353,0.3816845715045929,156.73401385686367,-75.04155409585283,-73.64288644222397,6.068158149719238,-2.648791551589966,4.247045040130615,37.04460525512695,71.36231231689453,-28.187259674072266
2026-04-02 13:03:06.773,1925.779267571,664545777,right_foot,右脚,D4:22:CD:00:85:22,0.5006683468818665,0.5367752313613892,-0.548628568649292,0.4002631902694702,151.12304662036328,-78.25529489466781,-67.59235021057067,4.208624362945557,0.6365351676940918,4.128775596618652,6.1561808586120605,103.08374786376953,4.803614139556885
2026-04-02 13:03:06.773,1925.77940549,664579111,right_foot,右脚,D4:22:CD:00:85:22,0.5215038657188416,0.5150408744812012,-0.531498908996582,0.42458876967430115,138.04925701577366,-82.62109584087348,-54.562054928830385,6.543825626373291,-1.326022744178772,2.545031785964966,-8.777506828308105,141.71273803710938,22.57898712158203
2026-04-02 13:03:06.802,1925.80848581,664612445,right_foot,右脚,D4:22:CD:00:85:22,0.5449424982070923,0.48753491044044495,-0.5042705535888672,0.459411084651947,76.73026444238047,-85.99244475365134,7.4041184563170495,6.466615676879883,-0.7110772728919983,3.0992419719696045,9.98182201385498,191.60806274414062,30.006561279296875
2026-04-02 13:03:06.832,1925.838536712,664645779,right_foot,右脚,D4:22:CD:00:85:22,0.5671815276145935,0.4542395770549774,-0.4781639277935028,0.4932859241962433,18.505896680380058,-82.1174393066909,65.87389411074106,7.674764633178711,-0.028572218492627144,4.108949184417725,-2.3512191772460938,194.97262573242188,41.747833251953125
2026-04-02 13:03:06.862,1925.868548934,664679113,right_foot,右脚,D4:22:CD:00:85:22,0.5842598080635071,0.4178181290626526,-0.4534532427787781,0.5276824831962585,2.3109864560503612,-76.124584840361,82.36474500145613,9.472359657287598,-1.0772380828857422,4.297056674957275,-2.0073089599609375,189.8934326171875,58.51191711425781
2026-04-02 13:03:06.922,1925.928509802,664712447,right_foot,右脚,D4:22:CD:00:85:22,0.5942208766937256,0.3778153359889984,-0.4295477271080017,0.5653724670410156,-6.063153190905694,-69.66965946430706,91.37127544369514,10.776172637939453,-1.467407464981079,4.96795654296875,4.673295021057129,188.49752807617188,84.44691467285156
2026-04-02 13:03:06.952,1925.958504741,664745781,right_foot,右脚,D4:22:CD:00:85:22,0.5963003039360046,0.3364787697792053,-0.40521758794784546,0.6058110594749451,-11.390777662549105,-62.9925582953374,97.90023860124447,11.096956253051758,-2.392894744873047,5.698393821716309,17.07219886779785,184.033447265625,106.4619369506836
2026-04-02 13:03:06.982,1925.988506957,664779115,right_foot,右脚,D4:22:CD:00:85:22,0.5928020477294922,0.29629912972450256,-0.3826369643211365,0.6437246203422546,-14.888591469858003,-56.62897562392897,102.77013329922369,11.244767189025879,-1.9262213706970215,6.460273742675781,18.888917922973633,167.4978485107422,113.05406188964844
2026-04-02 13:03:07.012,1926.018340286,664812449,right_foot,右脚,D4:22:CD:00:85:22,0.5920954942703247,0.2535761892795563,-0.36163222789764404,0.6740507483482361,-17.06756719432152,-50.36178129646309,105.47789471573249,11.834270477294922,-1.395245909690857,6.702611446380615,-2.419274091720581,166.04278564453125,96.17317962646484
2026-04-02 13:03:07.042,1926.048512129,664845783,right_foot,右脚,D4:22:CD:00:85:22,0.5981795787811279,0.20754322409629822,-0.34450167417526245,0.6931276321411133,-18.722192550918976,-44.415403738110115,106.11107792432111,11.300378799438477,-0.9103367924690247,6.1565985679626465,-37.677494049072266,164.64154052734375,65.03601837158203
2026-04-02 13:03:07.072,1926.078535711,664879117,right_foot,右脚,D4:22:CD:00:85:22,0.6089855432510376,0.16081073880195618,-0.3354470729827881,0.7005370259284973,-20.758019493741404,-39.3364002021732,105.48932078171553,10.158868789672852,0.06457484513521194,5.195930004119873,-75.13955688476562,147.13160705566406,36.545841217041016
2026-04-02 13:03:07.103,1926.109303931,664912451,right_foot,右脚,D4:22:CD:00:85:22,0.6169624328613281,0.11780194938182831,-0.33360156416893005,0.7029867172241211,-23.35278958198737,-35.258442831807834,104.97239419776643,11.024449348449707,0.4901350736618042,3.6685328483581543,-88.48646545410156,117.20230102539062,32.982749938964844
2026-04-02 13:03:07.132,1926.138511847,664945785,right_foot,右脚,D4:22:CD:00:85:22,0.619450032711029,0.08400703221559525,-0.3274208903312683,0.7085339426994324,-25.009494081563354,-31.64705795381872,104.8688706745579,11.597371101379395,0.13746541738510132,1.0169079303741455,-52.228721618652344,99.16716003417969,41.08164978027344
2026-04-02 13:03:07.162,1926.168560007,664979119,right_foot,右脚,D4:22:CD:00:85:22,0.6183974742889404,0.06658660620450974,-0.3217349648475647,0.7138891220092773,-25.679082322811748,-29.53735832311033,105.07639372354471,11.639660835266113,1.4275405406951904,-1.5506913661956787,-17.40619468688965,54.25313186645508,31.59365463256836
2026-04-02 13:03:07.222,1926.22828526,665012453,right_foot,右脚,D4:22:CD:00:85:22,0.6152416467666626,0.0816931501030922,-0.3182297646999359,0.7166129350662231,-24.39296398726658,-30.574678983086127,105.4671820477044,10.510998725891113,-0.0573604516685009,-3.2540335655212402,44.3221549987793,-33.097232818603516,-3.600097894668579
2026-04-02 13:03:07.252,1926.25851114,665045787,right_foot,右脚,D4:22:CD:00:85:22,0.6127138137817383,0.12230890989303589,-0.3117949366569519,0.7158255577087402,-20.91993978272125,-33.86140082531634,105.30913174216978,5.957764625549316,-6.245461463928223,8.249105453491211,101.75836181640625,-89.96124267578125,-40.97163772583008
2026-04-02 13:03:07.282,1926.288531213,665079121,right_foot,右脚,D4:22:CD:00:85:22,0.5996766686439514,0.171305850148201,-0.3120700418949127,0.7166972160339355,-17.951374863081,-38.303782770602744,106.43968505832196,3.818382501602173,0.47494441270828247,8.352015495300293,109.09136199951172,-135.2547607421875,-18.015655517578125
2026-04-02 13:03:07.312,1926.318504849,665112455,right_foot,右脚,D4:22:CD:00:85:22,0.5815966725349426,0.2090371549129486,-0.3242250978946686,0.7161892652511597,-17.48576313899255,-42.575151856430416,108.70010901976826,7.870233535766602,2.5820741653442383,8.140656471252441,58.089603424072266,-138.21807861328125,10.767356872558594
2026-04-02 13:03:07.342,1926.348280002,665145789,right_foot,右脚,D4:22:CD:00:85:22,0.5736827850341797,0.23755164444446564,-0.33929529786109924,0.7066375017166138,-17.4873326226069,-46.47060510721041,109.41294690781626,12.679543495178223,1.014358639717102,7.486206531524658,15.203999519348145,-116.52716827392578,-19.77802276611328
2026-04-02 13:03:07.372,1926.378427231,665179123,right_foot,右脚,D4:22:CD:00:85:22,0.5698176622390747,0.254819393157959,-0.3485233783721924,0.6992186903953552,-17.436190981772107,-48.897804892022734,109.62062267517406,9.917105674743652,-2.500067710876465,5.639684200286865,6.595211505889893,-71.15364074707031,-16.894338607788086
2026-04-02 13:03:07.402,1926.408537021,665212457,right_foot,右脚,D4:22:CD:00:85:22,0.5676017999649048,0.2691091299057007,-0.35519278049468994,0.6922765374183655,-17.172275050639065,-50.87869197245475,109.51896911050655,7.732336044311523,-1.3109458684921265,5.790876865386963,6.089314937591553,-56.560081481933594,-18.637248992919922
2026-04-02 13:03:07.432,1926.438513444,665245791,right_foot,右脚,D4:22:CD:00:85:22,0.5654811263084412,0.27989616990089417,-0.35905778408050537,0.6877261400222778,-16.849359058925774,-52.285076479150426,109.4580907804033,7.839298725128174,-0.5721601247787476,5.934159278869629,8.765284538269043,-40.41132354736328,-12.56207275390625
2026-04-02 13:03:07.463,1926.469249669,665279125,right_foot,右脚,D4:22:CD:00:85:22,0.5612031817436218,0.28848960995674133,-0.3630490303039551,0.685580313205719,-16.97685387582215,-53.422730835280106,109.98339270375195,7.5422492027282715,-0.06620924174785614,6.164904594421387,9.231671333312988,-35.829734802246094,0.008801335468888283
2026-04-02 13:03:07.522,1926.528372527,665312459,right_foot,右脚,D4:22:CD:00:85:22,0.555843710899353,0.2956104576587677,-0.36721858382225037,0.6846920251846313,-17.413539446576582,-54.393643661257755,110.85863108843735,7.2200212478637695,-1.5814564228057861,5.721679210662842,8.591876983642578,-32.82390213012695,6.966909885406494
2026-04-02 13:03:07.552,1926.55857794,665345793,right_foot,右脚,D4:22:CD:00:85:22,0.552552342414856,0.3014880418777466,-0.36807334423065186,0.6843339800834656,-17.313712189272923,-55.02442737472063,111.23096589315172,7.619606971740723,-1.5608998537063599,5.2608723640441895,12.526137351989746,-20.414981842041016,1.2163537740707397
2026-04-02 13:03:07.582,1926.588366597,665379127,right_foot,右脚,D4:22:CD:00:85:22,0.5504511594772339,0.3053029477596283,-0.3671872317790985,0.6848119497299194,-17.048572839279107,-55.32448988769668,111.39987118475447,7.661317825317383,-1.0300565958023071,5.539593696594238,12.495792388916016,-9.882579803466797,0.7605045437812805
2026-04-02 13:03:07.612,1926.618590939,665412461,right_foot,右脚,D4:22:CD:00:85:22,0.5484766364097595,0.3089810609817505,-0.36705946922302246,0.684814989566803,-16.886000256838834,-55.67341115881363,111.5802657387918,7.566133975982666,-1.0829635858535767,5.728331089019775,9.689874649047852,-11.34195327758789,0.49742257595062256
2026-04-02 13:03:07.642,1926.648584681,665445795,right_foot,右脚,D4:22:CD:00:85:22,0.5476836562156677,0.3126428723335266,-0.36739861965179443,0.6836050152778625,-16.648934983284185,-56.086873319749856,111.51220213614877,7.658516883850098,-1.3399847745895386,5.439934730529785,5.7224907875061035,-11.988683700561523,-4.11113166809082
2026-04-02 13:03:07.672,1926.678594894,665479129,right_foot,右脚,D4:22:CD:00:85:22,0.5477734804153442,0.3150580823421478,-0.36740410327911377,0.6824200749397278,-16.385748006738275,-56.357663586942756,111.3135228858268,7.65368127822876,-0.9686771035194397,5.453592300415039,3.199110269546509,-7.29203462600708,-4.970688819885254
2026-04-02 13:03:07.702,1926.708324659,665512463,right_foot,右脚,D4:22:CD:00:85:22,0.5479875802993774,0.31622493267059326,-0.36762914061546326,0.6815868020057678,-16.267320007340118,-56.50994343215479,111.18679719952192,7.635862350463867,-0.8299818634986877,5.380488395690918,0.6274697780609131,-4.249795436859131,-2.8026320934295654
2026-04-02 13:03:07.732,1926.738494657,665545797,right_foot,右脚,D4:22:CD:00:85:22,0.5476489067077637,0.3176112771034241,-0.3686203062534332,0.6806784272193909,-16.298994876530166,-56.73379558106286,111.20514443735743,7.452162265777588,-1.0750744342803955,5.664172172546387,-0.28684961795806885,-6.996023654937744,-1.1247055530548096
2026-04-02 13:03:07.762,1926.76852463,665579131,right_foot,右脚,D4:22:CD:00:85:22,0.5469092726707458,0.32049956917762756,-0.3698250353336334,0.6792643666267395,-16.248610042767382,-57.13262834997748,111.21002783855721,7.63388729095459,-1.0585601329803467,5.317751884460449,1.799548864364624,-11.983368873596191,-2.847158908843994
2026-04-02 13:03:07.792,1926.798539719,665612465,right_foot,右脚,D4:22:CD:00:85:22,0.5460227727890015,0.32331183552742004,-0.37089160084724426,0.678062379360199,-16.20460450555646,-57.50957395872971,111.2466707816826,7.763312339782715,-0.8826805353164673,5.190210342407227,2.3816657066345215,-11.503396987915039,-2.189563512802124
2026-04-02 13:03:07.852,1926.858694338,665645799,right_foot,右脚,D4:22:CD:00:85:22,0.5454468131065369,0.3269098103046417,-0.37136173248291016,0.6765416264533997,-15.947384118098896,-57.93561046927473,111.11429620866107,7.538373947143555,-1.4529134035110474,5.327635765075684,4.468604564666748,-12.176955223083496,-5.203053951263428
2026-04-02 13:03:07.882,1926.888593591,665679133,right_foot,右脚,D4:22:CD:00:85:22,0.5446736216545105,0.3313784599304199,-0.3719107210636139,0.6746863126754761,-15.62244295979872,-58.461922402840095,110.95170889588879,7.8456950187683105,-0.5891592502593994,5.362959861755371,5.681909561157227,-14.984701156616211,-6.429998874664307
2026-04-02 13:03:07.914,1926.920286411,665712467,right_foot,右脚,D4:22:CD:00:85:22,0.5436766147613525,0.33472850918769836,-0.3728943169116974,0.6732924580574036,-15.51173355773206,-58.89343658533234,110.95264076184495,7.92766809463501,-0.5599328875541687,5.149674415588379,3.4136600494384766,-12.97315502166748,-3.124418258666992
2026-04-02 13:03:07.943,1926.949443425,665745801,right_foot,右脚,D4:22:CD:00:85:22,0.5430402755737305,0.3375227749347687,-0.3732410669326782,0.6722180247306824,-15.32211248558443,-59.22098347745264,110.87826406450532,7.720440864562988,-1.2601733207702637,5.111838340759277,3.823857545852661,-9.670737266540527,-3.395622491836548
2026-04-02 13:03:07.972,1926.978505749,665779135,right_foot,右脚,D4:22:CD:00:85:22,0.5425497889518738,0.3433455526828766,-0.3731929361820221,0.6696872115135193,-14.685059508379858,-59.862092715968465,110.46031768165564,7.578204154968262,-1.033742904663086,5.196949481964111,8.314807891845703,-17.43888282775879,-10.835342407226562
2026-04-02 13:03:08.002,1927.008513047,665812469,right_foot,右脚,D4:22:CD:00:85:22,0.5412198901176453,0.351512610912323,-0.37469249963760376,0.6656770706176758,-14.07448503288688,-60.876112438226045,110.07257587829878,7.832427501678467,-0.8044230937957764,5.288917064666748,8.186223983764648,-28.555179595947266,-12.868887901306152
2026-04-02 13:03:08.033,1927.039321616,665845803,right_foot,右脚,D4:22:CD:00:85:22,0.5398522615432739,0.3617527484893799,-0.37661468982696533,0.6601942181587219,-13.208091297892008,-62.16381425596345,109.43751949358379,7.890109539031982,-1.1857020854949951,5.341359615325928,9.194966316223145,-35.92451477050781,-17.70796012878418
2026-04-02 13:03:08.062,1927.068433186,665879137,right_foot,右脚,D4:22:CD:00:85:22,0.5388442277908325,0.3733212351799011,-0.37870267033576965,0.6533474922180176,-12.023166886598732,-63.629430044453095,108.44803805523611,8.31805419921875,-0.32895326614379883,5.588963508605957,9.036519050598145,-40.4915771484375,-22.602800369262695
2026-04-02 13:03:08.092,1927.098599785,665912471,right_foot,右脚,D4:22:CD:00:85:22,0.5379230976104736,0.383963018655777,-0.3820972442626953,0.6459205746650696,-11.028836208995848,-65.10715609634441,107.47843845451908,8.608453750610352,-0.30485567450523376,6.215344429016113,3.4652934074401855,-41.486026763916016,-21.012752532958984
2026-04-02 13:03:08.152,1927.158297537,665945805,right_foot,右脚,D4:22:CD:00:85:22,0.535480260848999,0.3951280415058136,-0.3882973790168762,0.6374638676643372,-10.544019497688907,-66.86921647085732,106.91109987826115,8.578765869140625,0.19353526830673218,6.372916221618652,-1.2074894905090332,-51.2312126159668,-16.54728126525879
2026-04-02 13:03:08.182,1927.188485681,665979139,right_foot,右脚,D4:22:CD:00:85:22,0.5297348499298096,0.40979912877082825,-0.39906734228134155,0.6262516379356384,-10.75726035849916,-69.4024086890534,107.00586936729204,8.57507610321045,-0.030229337513446808,6.2153472900390625,-4.040872573852539,-75.52810668945312,-12.875880241394043
2026-04-02 13:03:08.212,1927.218505416,666012473,right_foot,右脚,D4:22:CD:00:85:22,0.5207575559616089,0.4288577437400818,-0.4139270484447479,0.6111934185028076,-11.579702665416317,-72.8121333557296,107.68820564957906,8.921441078186035,-0.5943853855133057,6.249425888061523,-5.685280799865723,-102.33058166503906,-13.209177017211914
2026-04-02 13:03:08.242,1927.248522321,666045807,right_foot,右脚,D4:22:CD:00:85:22,0.508774995803833,0.455536425113678,-0.4302794933319092,0.5903344750404358,-11.706598813619383,-77.3348169944632,107.86726560261607,9.169983863830566,-1.4563641548156738,6.418961048126221,0.8557815551757812,-133.92572021484375,-25.96786117553711
2026-04-02 13:03:08.272,1927.278283138,666079141,right_foot,右脚,D4:22:CD:00:85:22,0.4942309558391571,0.48993441462516785,-0.4463390111923218,0.562567412853241,-8.38599958879,-82.94598221201417,104.81476297976587,9.981843948364258,-1.81203031539917,5.659345626831055,8.539395332336426,-163.7967529296875,-44.779075622558594
2026-04-02 13:03:08.302,1927.308523787,666112475,right_foot,右脚,D4:22:CD:00:85:22,0.47750183939933777,0.532241702079773,-0.46170759201049805,0.5249162912368774,73.26318168706646,-88.58923145605213,23.49920880070116,9.79182243347168,-2.7102982997894287,5.282089710235596,11.612285614013672,-198.0828094482422,-70.67182159423828
2026-04-02 13:03:08.332,1927.338478524,666145809,right_foot,右脚,D4:22:CD:00:85:22,0.4610499441623688,0.5741437673568726,-0.4762915074825287,0.48056092858314514,147.62211221463923,-82.31144827919096,-50.878639535573775,9.987441062927246,-0.7709652781486511,3.107790946960449,0.9740580916404724,-208.0508575439453,-82.93588256835938
2026-04-02 13:03:08.362,1927.368598851,666179143,right_foot,右脚,D4:22:CD:00:85:22,0.4503512978553772,0.6063420176506042,-0.48791760206222534,0.43757301568984985,150.59974551771796,-75.95509316346863,-54.49803554470821,9.197649955749512,-0.942996621131897,1.336552619934082,-18.796422958374023,-175.2946014404297,-80.09986114501953
2026-04-02 13:03:08.393,1927.399795371,666212477,right_foot,右脚,D4:22:CD:00:85:22,0.4514620006084442,0.6158872842788696,-0.4941394627094269,0.4155617356300354,149.51286587711488,-73.34508712508693,-54.54019082635135,13.803860664367676,-3.6596274375915527,4.171717643737793,-35.355037689208984,-69.38905334472656,-38.55127716064453
2026-04-02 13:03:08.452,1927.458501327,666245811,right_foot,右脚,D4:22:CD:00:85:22,0.452333927154541,0.6164680123329163,-0.48083439469337463,0.4291386604309082,146.90287162932782,-74.60001097607946,-50.39852132115106,6.09774112701416,-4.771012306213379,5.397871971130371,39.02760696411133,48.41279983520508,-9.111462593078613
2026-04-02 13:03:08.512,1927.51888682,666279145,right_foot,右脚,D4:22:CD:00:85:22,0.4578682780265808,0.6019765138626099,-0.4785638153553009,0.44604700803756714,145.77883060950634,-77.2280480845677,-49.341809444369765,4.595040798187256,1.763887643814087,5.863656520843506,-5.486325263977051,68.07630157470703,37.44374465942383
2026-04-02 13:03:08.512,1927.5190173,666312479,right_foot,右脚,D4:22:CD:00:85:22,0.4708985686302185,0.5724000334739685,-0.477947860956192,0.4713587164878845,141.71792282909655,-81.78584516162839,-46.26378838205886,5.8144636154174805,-1.8250137567520142,4.401433944702148,-33.74036407470703,118.26895141601562,67.32241821289062
2026-04-02 13:03:08.542,1927.548548693,666345813,right_foot,右脚,D4:22:CD:00:85:22,0.4901212751865387,0.5376529693603516,-0.46425861120224,0.50514817237854,99.0272505438416,-86.63372292331134,-3.957245870513926,5.583072185516357,0.9739587903022766,5.269026279449463,-19.50218391418457,174.689697265625,53.50597381591797
2026-04-02 13:03:08.572,1927.578522323,666379147,right_foot,右脚,D4:22:CD:00:85:22,0.5194292664527893,0.49528488516807556,-0.44544440507888794,0.5352249145507812,18.522034362263394,-83.1833394811282,75.2459808537227,6.319822788238525,1.7741496562957764,5.945400714874268,-48.22618865966797,205.8009490966797,32.07219696044922
2026-04-02 13:03:08.602,1927.608529256,666412481,right_foot,右脚,D4:22:CD:00:85:22,0.5482361912727356,0.44505199790000916,-0.42411530017852783,0.5670028924942017,1.6514562256660708,-75.86475916243513,90.64095095500143,8.859809875488281,1.1232326030731201,6.1557745933532715,-54.24873352050781,226.92340087890625,43.379756927490234
2026-04-02 13:03:08.632,1927.638366034,666445815,right_foot,右脚,D4:22:CD:00:85:22,0.5693973302841187,0.38928040862083435,-0.39982396364212036,0.6036462783813477,-5.9621884169567165,-67.71245622542014,97.34654159777779,9.932671546936035,-0.06273380666971207,6.463406562805176,-40.100067138671875,239.7147216796875,70.54226684570312
2026-04-02 13:03:08.662,1927.668624694,666479149,right_foot,右脚,D4:22:CD:00:85:22,0.5804722905158997,0.3321443796157837,-0.3738335967063904,0.6426358819007874,-10.747304335918313,-59.41728250633387,101.9634772793469,11.018258094787598,-1.4662222862243652,6.821201324462891,-22.282194137573242,235.32272338867188,95.27184295654297
2026-04-02 13:03:08.692,1927.698598939,666512483,right_foot,右脚,D4:22:CD:00:85:22,0.5800325870513916,0.2749100625514984,-0.3495599329471588,0.6824917793273926,-14.669090205941927,-51.330177642021596,106.35774542232687,13.1803560256958,-1.7622755765914917,7.643224239349365,-11.765080451965332,218.54107666015625,124.17784118652344
2026-04-02 13:03:08.754,1927.760506896,666545817,right_foot,右脚,D4:22:CD:00:85:22,0.5744659900665283,0.21436113119125366,-0.3270125389099121,0.7190975546836853,-17.884532024668715,-43.15764549698072,109.88148594021031,13.898353576660156,-1.5525751113891602,7.378777980804443,-20.971960067749023,213.92236328125,135.30615234375
2026-04-02 13:03:08.782,1927.78858641,666579151,right_foot,右脚,D4:22:CD:00:85:22,0.5740742087364197,0.15664902329444885,-0.31207048892974854,0.7406160235404968,-20.47878538828271,-36.18090328865898,111.19330522157364,13.214505195617676,-0.44067561626434326,5.800457000732422,-54.423583984375,186.77528381347656,95.25017547607422
2026-04-02 13:03:08.812,1927.818549895,666612485,right_foot,右脚,D4:22:CD:00:85:22,0.5796616077423096,0.10273332893848419,-0.30967238545417786,0.746687114238739,-23.568262891078685,-30.825794280785914,110.93824642032104,13.702876091003418,1.146370768547058,2.130763530731201,-98.15338897705078,150.6172637939453,52.623016357421875
2026-04-02 13:03:08.842,1927.848563638,666645819,right_foot,右脚,D4:22:CD:00:85:22,0.5837157368659973,0.062381014227867126,-0.3156430721282959,0.7454894185066223,-26.64091486566209,-27.48395575001797,110.50595828206089,13.323137283325195,1.9827035665512085,-1.9247868061065674,-99.26026916503906,94.9659423828125,31.378124237060547
2026-04-02 13:03:08.872,1927.878330325,666679153,right_foot,右脚,D4:22:CD:00:85:22,0.5850915312767029,0.050379663705825806,-0.3203046917915344,0.7433270812034607,-27.84819587291112,-26.72521132823019,110.32641236337827,12.712964057922363,2.1195003986358643,-4.245142936706543,-39.048316955566406,21.815031051635742,6.081759929656982
2026-04-02 13:03:08.902,1927.908616836,666712487,right_foot,右脚,D4:22:CD:00:85:22,0.5897902846336365,0.07573419064283371,-0.32023879885673523,0.7374681234359741,-26.052923143232825,-29.30446350979709,109.62089342907849,8.679513931274414,-4.503904819488525,-0.7835359573364258,43.90302658081055,-61.13044738769531,-51.04205322265625
2026-04-02 13:03:08.932,1927.938600318,666745821,right_foot,右脚,D4:22:CD:00:85:22,0.5860326886177063,0.13082058727741241,-0.3055518567562103,0.7389792799949646,-20.949594489711824,-33.46818064899232,109.53240643268958,3.2644705772399902,-3.7354393005371094,10.09536361694336,151.7941131591797,-114.18550872802734,-51.24148178100586
2026-04-02 13:03:08.962,1927.968340597,666779155,right_foot,右脚,D4:22:CD:00:85:22,0.5654477477073669,0.18273605406284332,-0.3101060390472412,0.7420990467071533,-18.895995218058033,-38.45602498574876,112.03188039604417,7.831487655639648,3.8848507404327393,8.672674179077148,105.71035766601562,-161.8469696044922,6.647130966186523
2026-04-02 13:03:08.992,1927.998564957,666812489,right_foot,右脚,D4:22:CD:00:85:22,0.5512862801551819,0.21989910304546356,-0.32452136278152466,0.7364877462387085,-18.781929259835238,-42.97772691199,113.81837627845013,7.899659633636475,1.734188199043274,8.596202850341797,38.64356994628906,-141.99929809570312,-4.485501289367676
2026-04-02 13:03:09.052,1928.058640756,666845823,right_foot,右脚,D4:22:CD:00:85:22,0.54746013879776,0.2512342929840088,-0.33569005131721497,0.7242108583450317,-18.037188563545158,-47.00781518735992,113.72295704698709,12.963116645812988,-3.627224922180176,5.670607089996338,20.65626335144043,-114.5758285522461,-39.168853759765625
2026-04-02 13:03:09.083,1928.089412896,666879157,right_foot,右脚,D4:22:CD:00:85:22,0.5435945987701416,0.27388796210289,-0.3400611877441406,0.71683269739151,-17.051988837454097,-49.673952828769586,113.59038385209902,9.889894485473633,0.6846240162849426,6.197315216064453,27.08623504638672,-75.87733459472656,-25.701881408691406
2026-04-02 13:03:09.112,1928.11852648,666912491,right_foot,右脚,D4:22:CD:00:85:22,0.5409265160560608,0.2860354483127594,-0.34535303711891174,0.7115573883056641,-16.934556831179236,-51.323077933455195,113.69762058635824,8.066084861755371,-0.19602037966251373,6.084096431732178,6.607717514038086,-48.316673278808594,-11.487336158752441
2026-04-02 13:03:09.142,1928.148526595,666945825,right_foot,右脚,D4:22:CD:00:85:22,0.5388747453689575,0.29570475220680237,-0.34956780076026917,0.707089364528656,-16.829406453311687,-52.64823316752903,113.74963562212754,7.466660499572754,-1.0020177364349365,5.86610746383667,4.977697849273682,-38.7279167175293,-9.65699577331543
2026-04-02 13:03:09.172,1928.178555236,666979159,right_foot,右脚,D4:22:CD:00:85:22,0.5361108779907227,0.30298715829849243,-0.3527635931968689,0.704515814781189,-16.87797107389867,-53.625581023133144,114.03695458329632,7.523292541503906,-0.6719639897346497,5.899491786956787,5.997225284576416,-29.974445343017578,-2.6554253101348877
2026-04-02 13:03:09.202,1928.208283139,667012493,right_foot,右脚,D4:22:CD:00:85:22,0.5331651568412781,0.30682119727134705,-0.3546319901943207,0.7041536569595337,-17.092505577865325,-54.120650700761324,114.51592164536252,7.5410943031311035,-0.9766923785209656,5.744555473327637,5.6905646324157715,-17.103103637695312,4.608364582061768
2026-04-02 13:03:09.232,1928.238337015,667045827,right_foot,右脚,D4:22:CD:00:85:22,0.5308823585510254,0.30950137972831726,-0.354658305644989,0.704692006111145,-17.092636250613506,-54.36741324414964,114.84111052668119,7.45613431930542,-1.4251468181610107,5.765987396240234,8.37771987915039,-9.181554794311523,4.047984600067139
2026-04-02 13:03:09.262,1928.268532799,667079161,right_foot,右脚,D4:22:CD:00:85:22,0.5278546214103699,0.31300148367881775,-0.35604697465896606,0.7047200202941895,-17.29240723224843,-54.78945097183985,115.34310548120855,7.438586711883545,-0.9072897434234619,6.0717926025390625,6.691108703613281,-15.115850448608398,5.306697845458984
2026-04-02 13:03:09.292,1928.298576998,667112495,right_foot,右脚,D4:22:CD:00:85:22,0.523906409740448,0.316866010427475,-0.35970762372016907,0.7040802240371704,-17.896261304371546,-55.39673467598666,116.14484309611852,7.538782119750977,-0.8824788928031921,5.731131553649902,1.9729840755462646,-21.98234748840332,8.272355079650879
2026-04-02 13:03:09.352,1928.358505665,667145829,right_foot,右脚,D4:22:CD:00:85:22,0.5197384357452393,0.3201737403869629,-0.36366334557533264,0.7036406397819519,-18.642536830062724,-55.95455498296076,117.06377548729397,7.718838691711426,-1.1514155864715576,5.279969692230225,0.6965140700340271,-21.22861099243164,10.123725891113281
2026-04-02 13:03:09.382,1928.388408842,667179163,right_foot,右脚,D4:22:CD:00:85:22,0.5163992643356323,0.3217751383781433,-0.3663090467453003,0.7039963006973267,-19.27412879967863,-56.24075965741327,117.84808555725103,7.7067742347717285,-1.2501131296157837,5.143321514129639,0.8818261027336121,-12.85671329498291,10.20059871673584
2026-04-02 13:03:09.412,1928.418551726,667212497,right_foot,右脚,D4:22:CD:00:85:22,0.5140756368637085,0.3226139545440674,-0.36796990036964417,0.70444655418396,-19.717154549347924,-56.39335278984538,118.40480271230379,7.563593864440918,-1.559104084968567,5.172759056091309,0.8757733702659607,-7.884101867675781,7.745367050170898
2026-04-02 13:03:09.443,1928.449857913,667245831,right_foot,右脚,D4:22:CD:00:85:22,0.512717068195343,0.3238060176372528,-0.36839282512664795,0.7046687602996826,-19.833446476526248,-56.52371096340001,118.65911886936775,7.669946670532227,-1.5507258176803589,5.166469097137451,3.1060125827789307,-5.587451934814453,3.1428050994873047
2026-04-02 13:03:09.472,1928.478520081,667279165,right_foot,右脚,D4:22:CD:00:85:22,0.5119433999061584,0.3250843584537506,-0.3681682348251343,0.7047600746154785,-19.776794579379178,-56.63407878234061,118.74197096399725,7.6108808517456055,-1.349585771560669,5.250537872314453,3.9843294620513916,-4.06469202041626,0.6342955827713013
2026-04-02 13:03:09.502,1928.508559271,667312499,right_foot,右脚,D4:22:CD:00:85:22,0.5112861394882202,0.3269171416759491,-0.36783745884895325,0.7045620679855347,-19.64144317909218,-56.8044519338349,118.75992768803762,7.585712432861328,-1.4705593585968018,5.3608293533325195,4.677654266357422,-5.399494171142578,-1.015160083770752
2026-04-02 13:03:09.532,1928.538536954,667345833,right_foot,右脚,D4:22:CD:00:85:22,0.5106580853462219,0.32910558581352234,-0.367410808801651,0.704221248626709,-19.455596588192183,-57.01030673894261,118.74319464010011,7.667805194854736,-1.1598669290542603,5.310006618499756,5.288095951080322,-6.220217227935791,-1.9266854524612427
2026-04-02 13:03:09.562,1928.568373727,667379167,right_foot,右脚,D4:22:CD:00:85:22,0.5095024108886719,0.3311353325843811,-0.3677775263786316,0.7039153575897217,-19.46768833320398,-57.240487077347645,118.90033769273785,7.6485185623168945,-1.1600347757339478,5.28141975402832,3.709218740463257,-7.862773895263672,0.4958975613117218
2026-04-02 13:03:09.592,1928.598541339,667412501,right_foot,右脚,D4:22:CD:00:85:22,0.5076823830604553,0.3347480297088623,-0.36891868710517883,0.7029237747192383,-19.539159391677735,-57.692441228753296,119.15846306124371,7.529866695404053,-1.3665741682052612,5.470907688140869,4.463286399841309,-14.674881935119629,-0.2464141845703125
2026-04-02 13:03:09.652,1928.658525281,667445835,right_foot,右脚,D4:22:CD:00:85:22,0.5055636167526245,0.3400695323944092,-0.37104490399360657,0.700774073600769,-19.652249109702634,-58.40766456132298,119.44343616681009,7.598877906799316,-1.3737890720367432,5.331491947174072,3.892003297805786,-22.24066162109375,-2.616138458251953
2026-04-02 13:03:09.682,1928.688337381,667479169,right_foot,右脚,D4:22:CD:00:85:22,0.5037693381309509,0.34879550337791443,-0.37315860390663147,0.6966428160667419,-19.410082793589915,-59.535463558814804,119.42931572275259,7.51593542098999,-1.7320064306259155,5.326818466186523,6.9051194190979,-32.33015060424805,-11.233102798461914
2026-04-02 13:03:09.712,1928.718578478,667512503,right_foot,右脚,D4:22:CD:00:85:22,0.5016008019447327,0.3604336678981781,-0.3762359917163849,0.6906018853187561,-19.07725432994139,-61.07725978860938,119.33922515182718,7.933645248413086,-1.1294814348220825,5.799087047576904,7.590702533721924,-43.751373291015625,-16.272289276123047
2026-04-02 13:03:09.742,1928.748536407,667545837,right_foot,右脚,D4:22:CD:00:85:22,0.49944108724594116,0.37089791893959045,-0.38259392976760864,0.6830927729606628,-19.404683386472183,-62.73299049305126,119.55594185533107,8.242609977722168,-0.35145634412765503,5.714359283447266,-4.17171573638916,-48.448368072509766,-13.263352394104004
2026-04-02 13:03:09.772,1928.778537329,667579171,right_foot,右脚,D4:22:CD:00:85:22,0.4961354434490204,0.38173598051071167,-0.39076048135757446,0.6748583912849426,-20.23672816069016,-64.55196940087663,120.21713031193684,8.404633522033691,-1.142807960510254,6.068528652191162,-7.317349910736084,-54.8846321105957,-10.016779899597168
2026-04-02 13:03:09.802,1928.808479129,667612505,right_foot,右脚,D4:22:CD:00:85:22,0.4923653304576874,0.3960927724838257,-0.4010666012763977,0.6631988883018494,-21.27429941452094,-66.97274576170643,120.98413028423997,8.481048583984375,-1.2474266290664673,6.5651535987854,-10.360187530517578,-71.84808349609375,-16.750646591186523
2026-04-02 13:03:09.832,1928.838500737,667645839,right_foot,右脚,D4:22:CD:00:85:22,0.4850997030735016,0.4143608510494232,-0.4159230887889862,0.648067831993103,-23.811949929296535,-70.15183435445684,123.21083662898758,8.675673484802246,0.04353160411119461,6.646215915679932,-14.263381958007812,-98.06183624267578,-13.899227142333984
2026-04-02 13:03:09.892,1928.898270395,667679173,right_foot,右脚,D4:22:CD:00:85:22,0.4719528555870056,0.43636849522590637,-0.4381002187728882,0.6284200549125671,-30.52308722455375,-74.1479441920118,129.48341420958067,9.27556324005127,-0.1522226780653,7.310764312744141,-22.538455963134766,-133.51959228515625,-3.2470192909240723
2026-04-02 13:03:09.892,1928.898399188,667712507,right_foot,右脚,D4:22:CD:00:85:22,0.4524860084056854,0.4685091972351074,-0.461309552192688,0.6024528741836548,-44.24129682180215,-79.1068291196738,143.2965346757565,10.283857345581055,-3.5493204593658447,7.819819450378418,-8.543929100036621,-176.1975555419922,-13.579071044921875
2026-04-02 13:03:09.953,1928.959587655,667745841,right_foot,右脚,D4:22:CD:00:85:22,0.43067553639411926,0.5124531388282776,-0.48685991764068604,0.5611401796340942,-89.60767749494985,-83.97319817336334,-171.429350837215,10.15240478515625,-4.3256144523620605,7.504040718078613,-15.994006156921387,-232.90806579589844,-47.61409378051758
2026-04-02 13:03:09.982,1928.988540459,667779175,right_foot,右脚,D4:22:CD:00:85:22,0.4111013412475586,0.5591483116149902,-0.5099022388458252,0.5082802176475525,-158.03031372291449,-80.98626893959496,-103.54655096711481,10.236515045166016,-2.6579384803771973,4.92399263381958,-30.757431030273438,-251.29588317871094,-78.02203369140625
2026-04-02 13:03:10.012,1929.01828996,667812509,right_foot,右脚,D4:22:CD:00:85:22,0.41188037395477295,0.5780819654464722,-0.5418174862861633,0.45012226700782776,-177.4077680020865,-75.18190746840554,-88.28637716280763,7.288390159606934,-0.36040639877319336,3.5253405570983887,-134.1266632080078,-189.89781188964844,-55.159854888916016
2026-04-02 13:03:10.042,1929.048534486,667845843,right_foot,右脚,D4:22:CD:00:85:22,0.41812989115715027,0.5857961177825928,-0.5468147397041321,0.42779019474983215,175.5687416836808,-73.43046810881974,-82.75210463103676,14.309796333312988,-8.386065483093262,2.6954383850097656,-52.741085052490234,-53.056514739990234,-45.36228561401367
2026-04-02 13:03:10.072,1929.078532624,667879177,right_foot,右脚,D4:22:CD:00:85:22,0.4247501492500305,0.5846120715141296,-0.5309979915618896,0.44255802035331726,173.85708979946958,-75.58823060631677,-79.73144505944516,4.7002153396606445,0.3465767204761505,5.044891357421875,33.52457046508789,65.19364929199219,-17.796140670776367
2026-04-02 13:03:10.102,1929.108548361,667912511,right_foot,右脚,D4:22:CD:00:85:22,0.44275882840156555,0.5645883083343506,-0.5243721604347229,0.458518385887146,174.1867733656033,-79.13937953321624,-80.964719584669,3.8513050079345703,-0.5534176230430603,3.4220492839813232,-28.884355545043945,103.52467346191406,19.43573760986328
2026-04-02 13:03:10.132,1929.138280004,667945845,right_foot,右脚,D4:22:CD:00:85:22,0.4607439935207367,0.5459134578704834,-0.5040329694747925,0.48543235659599304,172.50301325431545,-83.97058621807952,-78.68290634249003,4.502811908721924,-0.1694379597902298,2.8127198219299316,14.380667686462402,143.4696044921875,6.905717372894287
2026-04-02 13:03:10.162,1929.168508819,667979179,right_foot,右脚,D4:22:CD:00:85:22,0.4793005585670471,0.522773802280426,-0.4821394979953766,0.5143154859542847,155.7215030769851,-89.27705658754323,-61.38600169929443,5.398860454559326,0.0011158697307109833,3.443190574645996,12.111320495605469,158.04135131835938,13.672171592712402
2026-04-02 13:03:10.192,1929.198541882,668012513,right_foot,右脚,D4:22:CD:00:85:22,0.4967423379421234,0.49489736557006836,-0.45685669779777527,0.547362744808197,-5.2133432432449265,-84.65787802958326,100.30044355432797,7.911045074462891,-1.475334882736206,3.6203603744506836,19.097719192504883,177.63487243652344,23.98472785949707
2026-04-02 13:03:10.253,1929.260061563,668045847,right_foot,右脚,D4:22:CD:00:85:22,0.5097787976264954,0.4614989459514618,-0.4299054443836212,0.5850863456726074,-9.045113539523722,-78.05491149574152,105.20648817994231,8.722880363464355,-2.0727298259735107,4.38677453994751,27.497482299804688,191.94638061523438,45.737945556640625
2026-04-02 13:03:10.282,1929.288511591,668079181,right_foot,右脚,D4:22:CD:00:85:22,0.5166422724723816,0.42380309104919434,-0.40559881925582886,0.6236677765846252,-12.305911086515104,-71.39192881204875,109.58158748399521,10.16644287109375,-3.228965997695923,5.375372409820557,25.62630844116211,188.24893188476562,69.8062515258789
2026-04-02 13:03:10.312,1929.318572566,668112515,right_foot,右脚,D4:22:CD:00:85:22,0.5156789422035217,0.38066160678863525,-0.381924569606781,0.6658121347427368,-15.491377981200053,-64.26328711445933,114.24928291144015,11.923102378845215,-4.294571399688721,5.6818695068359375,30.901418685913086,193.2360076904297,100.9879150390625
2026-04-02 13:03:10.342,1929.348536463,668145849,right_foot,右脚,D4:22:CD:00:85:22,0.5107929706573486,0.33475548028945923,-0.35796043276786804,0.706324577331543,-17.485913614156555,-56.99034161057454,117.79772819101231,10.597528457641602,-4.175236701965332,6.26570463180542,29.819732666015625,192.991455078125,109.924072265625
2026-04-02 13:03:10.372,1929.378330094,668179183,right_foot,右脚,D4:22:CD:00:85:22,0.5098593235015869,0.28509655594825745,-0.33830732107162476,0.7377749681472778,-18.910318293627213,-49.96505323783165,119.57916851697665,10.726770401000977,-3.582592487335205,6.771351337432861,-2.67911958694458,189.15513610839844,93.65562438964844
2026-04-02 13:03:10.402,1929.408522406,668212517,right_foot,右脚,D4:22:CD:00:85:22,0.5136784911155701,0.23209087550640106,-0.32867127656936646,0.757788896560669,-21.008174378728082,-43.583747952716195,120.21515363955646,12.080560684204102,-2.2616913318634033,7.167961120605469,-51.546546936035156,174.599609375,75.08199310302734
2026-04-02 13:03:10.432,1929.438510099,668245851,right_foot,右脚,D4:22:CD:00:85:22,0.5222548246383667,0.1700982004404068,-0.3298991620540619,0.7677783370018005,-24.418160839505873,-37.28484430446388,119.90163259129798,13.349920272827148,-0.9740620255470276,5.907474994659424,-110.33300018310547,176.4598846435547,63.96803665161133
2026-04-02 13:03:10.462,1929.468530404,668279185,right_foot,右脚,D4:22:CD:00:85:22,0.5363774299621582,0.11011810600757599,-0.33667904138565063,0.7660425305366516,-27.965276434107377,-31.99761904112454,118.16863069718009,12.995960235595703,-0.6326010227203369,2.9834516048431396,-137.3431854248047,160.7824249267578,29.665233612060547
2026-04-02 13:03:10.492,1929.498330556,668312519,right_foot,右脚,D4:22:CD:00:85:22,0.5470743179321289,0.062370665371418,-0.3439473509788513,0.7606051564216614,-31.052941563068742,-28.112754552018128,116.50603464475374,15.318761825561523,0.7942196726799011,-1.990077257156372,-118.44981384277344,122.31471252441406,18.597450256347656
2026-04-02 13:03:10.552,1929.558593459,668345853,right_foot,右脚,D4:22:CD:00:85:22,0.5469400882720947,0.04118933156132698,-0.34950923919677734,0.75960773229599,-32.85932500361408,-26.41671159388949,116.4080757283954,14.401348114013672,2.5182723999023438,-6.141650676727295,-55.857200622558594,44.05924606323242,24.478187561035156
2026-04-02 13:03:10.582,1929.588394702,668379187,right_foot,右脚,D4:22:CD:00:85:22,0.5422593355178833,0.08431161195039749,-0.3316744565963745,0.7673583030700684,-28.604541942057853,-29.28153649550961,117.12615450806965,8.694310188293457,-2.448638677597046,-0.9478420615196228,137.8079071044922,-84.19569396972656,-26.976337432861328
2026-04-02 13:03:10.612,1929.618499786,668412521,right_foot,右脚,D4:22:CD:00:85:22,0.5279877781867981,0.14563359320163727,-0.3057016432285309,0.7788238525390625,-22.700606912480207,-33.34363005993605,118.61138908071736,2.4449384212493896,-3.489908456802368,10.26057243347168,200.47865295410156,-126.88291931152344,-17.739471435546875
2026-04-02 13:03:10.642,1929.648549113,668445855,right_foot,右脚,D4:22:CD:00:85:22,0.5065080523490906,0.1987132430076599,-0.30553945899009705,0.7814146280288696,-20.61328470052463,-38.321314070977245,121.32898605236399,8.011957168579102,6.819077491760254,9.186620712280273,110.52523803710938,-163.65737915039062,6.975172519683838
2026-04-02 13:03:10.672,1929.678522647,668479189,right_foot,右脚,D4:22:CD:00:85:22,0.4996611475944519,0.2385985106229782,-0.31830134987831116,0.769476592540741,-20.19491811278096,-43.25741435257062,122.0824582034459,10.826055526733398,3.0249106884002686,9.48093318939209,27.602920532226562,-145.26536560058594,-34.68820571899414
2026-04-02 13:03:10.702,1929.708495944,668512523,right_foot,右脚,D4:22:CD:00:85:22,0.4927414059638977,0.26728931069374084,-0.3255077600479126,0.761451005935669,-19.801578684553743,-46.70539164652448,122.8048419524016,12.23117446899414,-5.270126819610596,5.146907806396484,27.63399887084961,-102.93046569824219,-19.888931274414062
2026-04-02 13:03:10.732,1929.738364422,668545857,right_foot,右脚,D4:22:CD:00:85:22,0.4913921654224396,0.286051481962204,-0.32772865891456604,0.7545215487480164,-18.951958447234286,-48.91628356292877,122.53355793573148,8.91771411895752,-0.37020641565322876,5.833834171295166,20.109966278076172,-61.180503845214844,-26.079824447631836
2026-04-02 13:03:10.762,1929.768532229,668579191,right_foot,右脚,D4:22:CD:00:85:22,0.4909498989582062,0.29785051941871643,-0.32846108078956604,0.7499112486839294,-18.257007580091923,-50.285560440939015,122.20203408043196,8.208993911743164,0.11799243092536926,6.173455238342285,13.976614952087402,-37.287845611572266,-18.12582015991211
2026-04-02 13:03:10.792,1929.798343262,668612525,right_foot,右脚,D4:22:CD:00:85:22,0.4900892972946167,0.30347976088523865,-0.32982146739959717,0.747616708278656,-18.114018332138055,-50.99187308664541,122.20179349267255,7.859128952026367,-0.4219197928905487,5.890765190124512,4.970789432525635,-20.5427188873291,-5.557218074798584
2026-04-02 13:03:10.852,1929.858392406,668645859,right_foot,右脚,D4:22:CD:00:85:22,0.4889211058616638,0.306095153093338,-0.3314027786254883,0.746615469455719,-18.251778106627025,-51.36414912661012,122.3968288544725,7.259167194366455,-1.0506510734558105,5.826117038726807,1.065474510192871,-12.174201965332031,1.0037285089492798
2026-04-02 13:03:10.882,1929.888514376,668679193,right_foot,右脚,D4:22:CD:00:85:22,0.487308144569397,0.30903160572052,-0.3330179750919342,0.7457411289215088,-18.41480522695746,-51.765043937489345,122.66840360004024,6.95889949798584,-1.557214379310608,5.971647262573242,2.069354772567749,-13.440536499023438,1.9464517831802368
2026-04-02 13:03:10.912,1929.9185018,668712527,right_foot,右脚,D4:22:CD:00:85:22,0.48628321290016174,0.3119197189807892,-0.33320754766464233,0.7451227307319641,-18.324003040705158,-52.08312061467355,122.75347912701709,7.357668876647949,-1.3546452522277832,5.860754013061523,5.234646320343018,-9.988727569580078,-0.6909550428390503
2026-04-02 13:03:10.942,1929.948268355,668745861,right_foot,右脚,D4:22:CD:00:85:22,0.48564183712005615,0.31364017724990845,-0.33264389634132385,0.7450706958770752,-18.1747087118244,-52.228467039370784,122.77328690740819,7.323728561401367,-1.3143943548202515,5.853160381317139,5.385819435119629,-4.697570323944092,-0.27147555351257324
2026-04-02 13:03:10.972,1929.978516872,668779195,right_foot,右脚,D4:22:CD:00:85:22,0.4850505590438843,0.31393668055534363,-0.3313596844673157,0.7459027767181396,-18.02235504377968,-52.165377909582986,122.80715461628843,7.173117637634277,-1.0940699577331543,5.882772445678711,5.749903202056885,1.1586711406707764,1.8592302799224854
2026-04-02 13:03:11.002,1930.008568342,668812529,right_foot,右脚,D4:22:CD:00:85:22,0.48393547534942627,0.31430119276046753,-0.3306160271167755,0.7468029260635376,-17.99234205322914,-52.132786692820126,122.96939324461002,7.13461971282959,-1.382400393486023,5.916553497314453,5.062957763671875,-0.4490164816379547,3.76253604888916
2026-04-02 13:03:11.032,1930.038533197,668845863,right_foot,右脚,D4:22:CD:00:85:22,0.4829046130180359,0.31504395604133606,-0.3296284079551697,0.7475935220718384,-17.890855021929553,-52.130165389368216,123.08504864159548,7.23069953918457,-1.2317204475402832,5.729271411895752,6.050186634063721,-1.0426807403564453,2.6110846996307373
2026-04-02 13:03:11.063,1930.069313518,668879197,right_foot,右脚,D4:22:CD:00:85:22,0.48216941952705383,0.3174475431442261,-0.3292488753795624,0.7472184896469116,-17.725751251999412,-52.36458558570515,123.10122831760263,7.072422504425049,-1.454278826713562,5.835598945617676,5.536649703979492,-7.246610641479492,-1.3766202926635742
2026-04-02 13:03:11.092,1930.098406896,668912531,right_foot,右脚,D4:22:CD:00:85:22,0.48144441843032837,0.3210275173187256,-0.328901469707489,0.7463088035583496,-17.47433079194016,-52.7371810479965,123.06114955444986,7.153226852416992,-1.0865070819854736,5.971969127655029,6.751924991607666,-10.900005340576172,-3.634368419647217
2026-04-02 13:03:11.152,1930.158520591,668945865,right_foot,右脚,D4:22:CD:00:85:22,0.4802689850330353,0.32397958636283875,-0.329862117767334,0.7453658580780029,-17.50421492722671,-53.11210133165404,123.20941736783935,7.124541282653809,-0.9843668341636658,6.096465587615967,2.779735803604126,-12.006874084472656,-0.4187108874320984
2026-04-02 13:03:11.183,1930.18926018,668979199,right_foot,右脚,D4:22:CD:00:85:22,0.4786752164363861,0.3274613916873932,-0.33121031522750854,0.744270920753479,-17.594076030849635,-53.56431021012802,123.4389296891234,7.288934707641602,-1.1606557369232178,5.7189459800720215,2.8948686122894287,-14.651392936706543,0.17745496332645416
2026-04-02 13:03:11.212,1930.218671439,669012533,right_foot,右脚,D4:22:CD:00:85:22,0.476826548576355,0.33358076214790344,-0.3329756259918213,0.7419489026069641,-17.57209351813354,-54.34508869143226,123.61747174606599,6.822306156158447,-1.6924697160720825,5.945310115814209,5.02441930770874,-23.762683868408203,-3.7645609378814697
2026-04-02 13:03:11.242,1930.248616599,669045867,right_foot,右脚,D4:22:CD:00:85:22,0.47373712062835693,0.3442022502422333,-0.3376237750053406,0.7369590997695923,-17.772299890557715,-55.81373706565773,123.99928150202682,7.195797920227051,-1.3704601526260376,5.99132776260376,3.3778839111328125,-44.459144592285156,-6.877296447753906
2026-04-02 13:03:11.272,1930.278658879,669079201,right_foot,右脚,D4:22:CD:00:85:22,0.46926912665367126,0.35927456617355347,-0.3444969356060028,0.7294043898582458,-18.148229895506063,-57.933870444859,124.59345017761028,7.702447414398193,-1.3225383758544922,5.7164835929870605,3.5965983867645264,-64.00054168701172,-10.147418975830078
2026-04-02 13:03:11.302,1930.30828632,669112535,right_foot,右脚,D4:22:CD:00:85:22,0.4645085334777832,0.37927117943763733,-0.3506859242916107,0.7193089127540588,-18.069821566618668,-60.62393973737892,124.91576057700142,7.5379228591918945,-1.7522964477539062,6.015749931335449,10.575234413146973,-78.73871612548828,-20.233366012573242
2026-04-02 13:03:11.332,1930.338592214,669145869,right_foot,右脚,D4:22:CD:00:85:22,0.4610253572463989,0.399687260389328,-0.35819709300994873,0.7066830992698669,-18.000174328084274,-63.53155313950184,124.9632755643126,8.25281810760498,-0.6647178530693054,6.949604511260986,3.1763803958892822,-83.66020965576172,-26.27703857421875
2026-04-02 13:03:11.362,1930.368613486,669179203,right_foot,右脚,D4:22:CD:00:85:22,0.45783713459968567,0.4212993085384369,-0.36734676361083984,0.6913384199142456,-18.03629985190772,-66.76440186407963,124.91159758040756,8.786611557006836,-1.109297513961792,7.472036838531494,-2.753375768661499,-92.56958770751953,-30.56899642944336
2026-04-02 13:03:11.392,1930.398624949,669212537,right_foot,右脚,D4:22:CD:00:85:22,0.4515727460384369,0.4476505219936371,-0.38040152192115784,0.6715550422668457,-18.99209399683213,-70.87419553387326,125.74071424951288,8.713765144348145,-0.217769056558609,7.537680625915527,-5.8609819412231445,-120.3441390991211,-30.6268253326416
2026-04-02 13:03:11.452,1930.458663354,669245871,right_foot,右脚,D4:22:CD:00:85:22,0.4388401210308075,0.4838695228099823,-0.3990168571472168,0.6434869766235352,-22.611074332980337,-76.63974032418278,129.37124291960228,8.831572532653809,-1.1212624311447144,8.5178804397583,-4.461778163909912,-173.06739807128906,-32.94409942626953
2026-04-02 13:03:11.482,1930.488641191,669279205,right_foot,右脚,D4:22:CD:00:85:22,0.42075151205062866,0.5346670150756836,-0.41835200786590576,0.6017318964004517,-34.39261872256373,-84.56031642878683,141.509175465925,9.815547943115234,-3.579737424850464,9.481365203857422,5.8272929191589355,-236.72958374023438,-60.59669494628906
2026-04-02 13:03:11.512,1930.518615187,669312539,right_foot,右脚,D4:22:CD:00:85:22,0.39771726727485657,0.6004908084869385,-0.4393434524536133,0.5368513464927673,176.83614180965617,-83.83528257504422,-69.54076832036313,12.601295471191406,-5.245537281036377,11.60024642944336,-0.5436701774597168,-320.2977600097656,-102.43482971191406
2026-04-02 13:03:11.542,1930.548139101,669345873,right_foot,右脚,D4:22:CD:00:85:22,0.37549588084220886,0.6598156690597534,-0.45794686675071716,0.46252694725990295,166.08375869526657,-72.60741336388458,-59.2783335596619,13.525591850280762,-2.2939469814300537,8.777109146118164,-21.475740432739258,-323.6091613769531,-111.75205993652344
2026-04-02 13:03:11.572,1930.578371399,669379207,right_foot,右脚,D4:22:CD:00:85:22,0.3686402440071106,0.6830241084098816,-0.46763327717781067,0.42296794056892395,163.7458258315174,-67.30491555465636,-57.93384925044386,14.248517036437988,-6.012995719909668,4.946372032165527,-34.420204162597656,-151.41542053222656,-54.1835823059082
2026-04-02 13:03:11.602,1930.608373679,669412541,right_foot,右脚,D4:22:CD:00:85:22,0.3699009120464325,0.683184802532196,-0.44421789050102234,0.446209192276001,161.6259526105395,-69.77123798319927,-53.19752519621389,3.591350555419922,-7.375613212585449,9.170351028442383,65.89801788330078,84.36676025390625,-26.96294593811035
2026-04-02 13:03:11.632,1930.638422175,669445875,right_foot,右脚,D4:22:CD:00:85:22,0.39323699474334717,0.6608363389968872,-0.4326399564743042,0.4706200361251831,155.57659777812847,-74.20993362989735,-47.82979049426416,2.282930850982666,0.503539502620697,8.274484634399414,-31.44230079650879,140.13909912109375,2.7534329891204834
2026-04-02 13:03:11.662,1930.668416896,669479209,right_foot,右脚,D4:22:CD:00:85:22,0.4223812520503998,0.6230570077896118,-0.41386616230010986,0.5119662880897522,139.23530311351234,-80.96272258222716,-31.99840933266237,4.0576395988464355,-4.685171127319336,5.045879364013672,-28.909452438354492,221.97772216796875,22.522502899169922
2026-04-02 13:03:11.692,1930.698366968,669512543,right_foot,右脚,D4:22:CD:00:85:22,0.44303256273269653,0.5734648704528809,-0.3938024044036865,0.565491259098053,62.89391527745657,-85.95813510875375,44.493766504121155,5.654143810272217,-1.1348873376846313,5.696187973022461,-8.58945083618164,258.7638244628906,68.72076416015625
2026-04-02 13:03:11.752,1930.758354946,669545877,right_foot,右脚,D4:22:CD:00:85:22,0.45597410202026367,0.5141952037811279,-0.37562108039855957,0.6217718124389648,0.5511003359564897,-79.10362476986195,107.03622221438451,8.376935958862305,-2.425529956817627,5.929222583770752,-8.067487716674805,269.9044189453125,104.17739868164062
2026-04-02 13:03:11.783,1930.789431929,669579211,right_foot,右脚,D4:22:CD:00:85:22,0.4668585956096649,0.44471055269241333,-0.3559613525867462,0.6764373779296875,-10.700935183451048,-69.06790699895323,118.15041458327329,10.503944396972656,-2.6482224464416504,6.583744525909424,-19.42300796508789,288.8408508300781,115.98555755615234
2026-04-02 13:03:11.812,1930.818355899,669612545,right_foot,右脚,D4:22:CD:00:85:22,0.471264511346817,0.3679918646812439,-0.33759605884552,0.7269946932792664,-16.0311403508891,-58.566915551639994,123.12498230014926,11.883940696716309,-3.10526704788208,8.047362327575684,-29.02872085571289,289.6957092285156,134.6437225341797
2026-04-02 13:03:11.842,1930.848373448,669645879,right_foot,右脚,D4:22:CD:00:85:22,0.4688149392604828,0.28898561000823975,-0.3238666355609894,0.7692923545837402,-20.04138925925762,-48.442946785255245,126.37279113103065,14.008474349975586,-2.9001224040985107,10.517200469970703,-44.82331466674805,269.7735595703125,146.40721130371094
2026-04-02 13:03:11.872,1930.878350247,669679213,right_foot,右脚,D4:22:CD:00:85:22,0.4696666896343231,0.20072172582149506,-0.32114365696907043,0.7974905967712402,-24.411442929031246,-38.44828597249867,127.63704028352818,20.695863723754883,-0.23489587008953094,7.391794681549072,-107.3191146850586,266.5729675292969,135.9612274169922
2026-04-02 13:03:11.902,1930.908317734,669712547,right_foot,右脚,D4:22:CD:00:85:22,0.48459792137145996,0.12273025512695312,-0.3207884430885315,0.8044858574867249,-27.467125620083166,-30.555718944201672,125.51150983467245,25.67230987548828,3.52432918548584,-3.6253957748413086,-129.3574981689453,235.6334686279297,53.8466796875
2026-04-02 13:03:11.932,1930.938363694,669745881,right_foot,右脚,D4:22:CD:00:85:22,0.49875184893608093,0.08400776982307434,-0.33328118920326233,0.7956843972206116,-30.3159611013859,-27.78378138649953,123.50568061956764,26.183101654052734,8.76705551147461,-17.2086238861084,-115.45406341552734,97.85325622558594,-6.798388481140137
2026-04-02 13:03:11.962,1930.96845694,669779215,right_foot,右脚,D4:22:CD:00:85:22,0.5021665096282959,0.14596611261367798,-0.3076011538505554,0.7949243187904358,-24.02724056470158,-32.75158766801161,122.5940529200908,18.52864646911621,3.3455140590667725,-11.213213920593262,175.01116943359375,-122.40689849853516,-88.38894653320312
2026-04-02 13:03:11.993,1930.999310344,669812549,right_foot,右脚,D4:22:CD:00:85:22,0.47821107506752014,0.2095750868320465,-0.29159751534461975,0.801476001739502,-19.78650434168729,-37.939485741744626,125.21562320851253,0.24406614899635315,4.404040813446045,14.678309440612793,173.35743713378906,-168.858154296875,2.8383004665374756
2026-04-02 13:03:12.052,1931.05829774,669845883,right_foot,右脚,D4:22:CD:00:85:22,0.46493789553642273,0.27681708335876465,-0.3040425181388855,0.7840686440467834,-18.33785302004261,-45.79162176814348,126.46508128467724,19.850313186645508,4.892395973205566,9.753348350524902,68.9421615600586,-232.22071838378906,-49.465003967285156
2026-04-02 13:03:12.082,1931.088510432,669879217,right_foot,右脚,D4:22:CD:00:85:22,0.4628555178642273,0.31000158190727234,-0.307332843542099,0.7714990377426147,-16.83289081387292,-49.71458093497335,125.91991516508222,15.02068042755127,-0.24993696808815002,4.400640487670898,34.092960357666016,-109.21512603759766,-44.528865814208984
2026-04-02 13:03:12.113,1931.119293435,669912551,right_foot,右脚,D4:22:CD:00:85:22,0.4600730836391449,0.32786914706230164,-0.3120127022266388,0.7638606429100037,-16.51124411166553,-51.99803417733128,125.97433062813361,8.283099174499512,1.416385293006897,6.173490524291992,12.128524780273438,-66.2154541015625,-17.131208419799805
2026-04-02 13:03:12.142,1931.148417114,669945885,right_foot,右脚,D4:22:CD:00:85:22,0.4564061462879181,0.33699697256088257,-0.31880128383636475,0.7592712044715881,-17.216358107862174,-53.393466659429684,126.68557403465803,7.87587833404541,0.06732144951820374,5.868613243103027,-2.979825258255005,-44.125057220458984,1.7025004625320435
2026-04-02 13:03:12.172,1931.178617397,669979219,right_foot,右脚,D4:22:CD:00:85:22,0.45432981848716736,0.33897343277931213,-0.3229410946369171,0.7578858137130737,-17.90901242369397,-53.8280643569025,127.26370468083229,7.922041893005371,-1.5098227262496948,5.577193737030029,-5.683574676513672,-15.86968994140625,7.24345588684082
2026-04-02 13:03:12.232,1931.238293532,670012553,right_foot,右脚,D4:22:CD:00:85:22,0.4537660777568817,0.3391530513763428,-0.32313933968544006,0.7580587267875671,-17.98229023016333,-53.84799760861523,127.37977378674555,7.544528961181641,-1.5452854633331299,5.528067111968994,1.660103440284729,-1.5550432205200195,3.0308632850646973
2026-04-02 13:03:12.232,1931.238373332,670045887,right_foot,右脚,D4:22:CD:00:85:22,0.45290490984916687,0.33980605006217957,-0.3224051892757416,0.7585937976837158,-17.908799888040814,-53.860818305611716,127.47577044088094,7.243412494659424,-1.0805625915527344,5.7232818603515625,5.492386341094971,-1.2559514045715332,2.668111562728882
2026-04-02 13:03:12.262,1931.268643505,670079221,right_foot,右脚,D4:22:CD:00:85:22,0.4518290162086487,0.3432878851890564,-0.3225073516368866,0.7576234936714172,-17.786906614581692,-54.252746036665116,127.54491203443295,7.263984203338623,-1.609146237373352,5.704248428344727,6.176923751831055,-11.938096046447754,-1.3912404775619507
2026-04-02 13:03:12.292,1931.298613266,670112555,right_foot,右脚,D4:22:CD:00:85:22,0.45102572441101074,0.3489779233932495,-0.3229635953903198,0.7553046345710754,-17.533227035750485,-54.93479521203607,127.48016131446985,7.334466934204102,-1.1275418996810913,5.474643230438232,6.785645008087158,-19.533817291259766,-6.326108932495117
2026-04-02 13:03:12.383,1931.389682598,670145889,right_foot,右脚,D4:22:CD:00:85:22,0.4501626789569855,0.35702621936798096,-0.3232683539390564,0.7519201636314392,-17.079548724481647,-55.88940950482117,127.29210821724564,7.250857830047607,-1.1795028448104858,5.434055805206299,9.661296844482422,-26.771320343017578,-10.705626487731934
2026-04-02 13:03:12.412,1931.418418491,670179223,right_foot,右脚,D4:22:CD:00:85:22,0.4484454095363617,0.3702475130558014,-0.32389432191848755,0.7462615966796875,-16.346397452472786,-57.468987672525685,126.99968067291061,7.0859856605529785,-1.7796530723571777,5.881314277648926,15.267644882202148,-44.37760925292969,-17.483518600463867
2026-04-02 13:03:12.412,1931.418500501,670212557,right_foot,右脚,D4:22:CD:00:85:22,0.4460892081260681,0.38866302371025085,-0.32626229524612427,0.7372239232063293,-15.478136148176372,-59.78543570210379,126.57837164492251,7.803667068481445,-0.6162737011909485,5.951089382171631,15.758414268493652,-65.40677642822266,-24.749963760375977
2026-04-02 13:03:12.442,1931.448625204,670245891,right_foot,右脚,D4:22:CD:00:85:22,0.44326692819595337,0.4078364968299866,-0.3317797780036926,0.7260208129882812,-15.044791237886686,-62.41556197010044,126.33577347493359,7.888260841369629,-0.6938514113426208,6.7097296714782715,7.08996057510376,-75.58926391601562,-23.60561180114746
2026-04-02 13:03:12.472,1931.478257325,670279225,right_foot,右脚,D4:22:CD:00:85:22,0.4385990500450134,0.42924490571022034,-0.34218814969062805,0.7115387916564941,-15.532523772474002,-65.64601608463389,126.7546637361235,8.617518424987793,0.9180729985237122,8.211679458618164,-3.036273241043091,-95.3539047241211,-19.824405670166016
2026-04-02 13:03:12.502,1931.508624666,670312559,right_foot,右脚,D4:22:CD:00:85:22,0.4292837679386139,0.45365405082702637,-0.3621152937412262,0.691943883895874,-18.89545907380053,-69.8354315193285,129.6206713142955,8.80745792388916,0.6225746870040894,9.008121490478516,-21.132036209106445,-130.1294403076172,-5.745264053344727
2026-04-02 13:03:12.532,1931.538618965,670345893,right_foot,右脚,D4:22:CD:00:85:22,0.4137874245643616,0.49137866497039795,-0.3888727128505707,0.6603826880455017,-26.486374955906083,-76.1239721359725,136.74125124736614,8.355470657348633,-2.4285237789154053,10.620768547058105,-23.232749938964844,-198.38906860351562,-14.74267864227295
2026-04-02 13:03:12.562,1931.568635618,670379227,right_foot,右脚,D4:22:CD:00:85:22,0.39215272665023804,0.5536419153213501,-0.41488510370254517,0.6062734723091125,-58.18941156436289,-85.35328551150751,168.53110197689978,9.340253829956055,-6.329492092132568,13.78394603729248,-6.818894386291504,-299.7190856933594,-67.1597671508789
2026-04-02 13:03:12.592,1931.59833959,670412561,right_foot,右脚,D4:22:CD:00:85:22,0.3665373921394348,0.6340529918670654,-0.44046106934547424,0.5192509889602661,177.79688763361366,-78.91880467588408,-67.7599648475672,16.579376220703125,-7.138583660125732,15.82900619506836,-21.64350700378418,-406.1242370605469,-130.16868591308594
2026-04-02 13:03:12.652,1931.658617856,670445895,right_foot,右脚,D4:22:CD:00:85:22,0.3461778163909912,0.6928699612617493,-0.4587118625640869,0.4355179965496063,168.1180252021827,-67.08832316311563,-59.11926168985524,8.362754821777344,-4.920520782470703,12.59742259979248,-43.00490951538086,-343.2039489746094,-118.20674133300781
2026-04-02 13:03:12.742,1931.748554202,670479229,right_foot,右脚,D4:22:CD:00:85:22,0.3333418071269989,0.7033342123031616,-0.4549241364002228,0.4327227771282196,169.43850377124988,-65.7814362803876,-58.94906939713908,20.02092742919922,-15.525553703308105,10.761436462402344,41.635406494140625,-39.61429214477539,-8.806007385253906
2026-04-02 13:03:12.742,1931.748634333,670512563,right_foot,右脚,D4:22:CD:00:85:22,0.3209347128868103,0.6940475106239319,-0.42721444368362427,0.4824802875518799,174.22032410815058,-70.72480527022054,-59.12454776093726,-3.1433684825897217,-0.5971856713294983,16.77865982055664,134.91534423828125,144.8002166748047,23.922178268432617
2026-04-02 13:03:12.772,1931.778410342,670545897,right_foot,右脚,D4:22:CD:00:85:22,0.3569210469722748,0.6431514620780945,-0.4204123914241791,0.5312413573265076,176.06740744996281,-79.55993018098447,-63.06875006740688,1.2589322328567505,-4.184235572814941,10.8550386428833,-63.262184143066406,259.5764465332031,53.344154357910156
2026-04-02 13:03:12.772,1931.778485426,670579231,right_foot,右脚,D4:22:CD:00:85:22,0.4030596911907196,0.5730680227279663,-0.389262855052948,0.5980058312416077,-5.1278577536934975,-87.69053731524733,116.96504077272758,5.525625228881836,-1.1954946517944336,7.942763328552246,-39.214298248291016,379.4951171875,29.97928810119629
2026-04-02 13:03:12.802,1931.808529076,670612565,right_foot,右脚,D4:22:CD:00:85:22,0.4452069401741028,0.486986368894577,-0.36191216111183167,0.6585248708724976,-9.268210484467561,-74.50130403958872,118.93170417587038,8.20543098449707,-0.48705363273620605,7.454941272735596,-69.75775146484375,389.6685485839844,57.48185348510742
2026-04-02 13:03:12.832,1931.838595366,670645899,right_foot,右脚,D4:22:CD:00:85:22,0.4725346565246582,0.39390137791633606,-0.34277284145355225,0.7099717855453491,-14.128667649039365,-62.038324775766355,121.2304053736583,13.061657905578613,-1.8236392736434937,8.653633117675781,-85.18679809570312,359.44952392578125,98.76519012451172
2026-04-02 13:03:12.862,1931.868622931,670679233,right_foot,右脚,D4:22:CD:00:85:22,0.48095396161079407,0.29679977893829346,-0.3319095969200134,0.7552677392959595,-19.681968386861204,-50.13822664997397,124.30015112641551,17.648860931396484,-0.7652366161346436,10.585906982421875,-93.0456314086914,325.5071105957031,150.23899841308594
2026-04-02 13:03:12.892,1931.89863126,670712567,right_foot,右脚,D4:22:CD:00:85:22,0.48020145297050476,0.18884314596652985,-0.3339664340019226,0.7888040542602539,-26.088728815525524,-38.21852518284202,126.51482017318335,26.222135543823242,-3.4434616565704346,5.730716228485107,-147.79776000976562,310.3726501464844,180.15919494628906
2026-04-02 13:03:12.953,1931.959525076,670745901,right_foot,右脚,D4:22:CD:00:85:22,0.47390785813331604,0.10570716857910156,-0.31891390681266785,0.8139605522155762,-28.419784071643896,-28.317316568812103,126.89223312191756,31.4456729888916,3.1025426387786865,-5.801226615905762,-65.12397766113281,259.5255126953125,142.1029052734375
2026-04-02 13:03:12.982,1931.988615309,670779235,right_foot,右脚,D4:22:CD:00:85:22,0.4647741913795471,0.06897370517253876,-0.31469282507896423,0.8247402310371399,-29.862062997510094,-23.97216637870396,127.67439396745398,30.76166534423828,8.338857650756836,-20.884035110473633,-33.36079406738281,103.19388580322266,81.2266845703125
2026-04-02 13:03:13.012,1932.018692849,670812569,right_foot,右脚,D4:22:CD:00:85:22,0.46037980914115906,0.1320166289806366,-0.2891203761100769,0.8288739323616028,-24.147080935389674,-29.016428862940888,128.2382078713649,19.903736114501953,4.8765764236450195,-14.161324501037598,179.30018615722656,-142.3809356689453,-54.14025115966797
2026-04-02 13:03:13.042,1932.048371052,670845903,right_foot,右脚,D4:22:CD:00:85:22,0.44071608781814575,0.20814108848571777,-0.2753395438194275,0.8286346197128296,-19.707344577058386,-35.9896156587106,130.44506289354837,2.4473977088928223,6.0323920249938965,16.194948196411133,169.54086303710938,-215.5042724609375,-24.53800392150879
2026-04-02 13:03:13.072,1932.078705837,670879237,right_foot,右脚,D4:22:CD:00:85:22,0.42982134222984314,0.27798527479171753,-0.2889803647994995,0.8089923858642578,-18.621317152201073,-44.2824015866897,131.6692080390483,26.81511688232422,3.97701096534729,8.641999244689941,57.15851974487305,-244.6567840576172,-53.520355224609375
2026-04-02 13:03:13.102,1932.108704525,670912571,right_foot,右脚,D4:22:CD:00:85:22,0.42669743299484253,0.3176300823688507,-0.2903319299221039,0.7954546809196472,-16.860791299618256,-48.85859912649059,131.28296620118175,12.562787055969238,0.04240743815898895,5.33503532409668,45.90113067626953,-128.63043212890625,-47.49006652832031
2026-04-02 13:03:13.132,1932.138688423,670945905,right_foot,右脚,D4:22:CD:00:85:22,0.42328375577926636,0.3429967761039734,-0.29741233587265015,0.784047544002533,-16.668946550554086,-52.15101571996266,131.47463454949673,8.526457786560059,1.381429672241211,6.333562850952148,11.833588600158691,-95.86959838867188,-23.13933753967285
2026-04-02 13:03:13.163,1932.169161977,670979239,right_foot,右脚,D4:22:CD:00:85:22,0.4188006520271301,0.3578234016895294,-0.3075970709323883,0.7758561968803406,-17.752822039621897,-54.378514772954475,132.45392240227918,8.272696495056152,0.05735663324594498,5.808347702026367,-7.341896057128906,-69.28305053710938,-1.276092767715454
2026-04-02 13:03:13.192,1932.198465351,671012573,right_foot,右脚,D4:22:CD:00:85:22,0.41666916012763977,0.36443594098091125,-0.3128621578216553,0.7718101143836975,-18.406796884991483,-55.41353089740677,133.0014897250542,8.121734619140625,-1.8056011199951172,4.992956638336182,-4.659611225128174,-32.721134185791016,0.8791983723640442
2026-04-02 13:03:13.252,1932.258568077,671045907,right_foot,右脚,D4:22:CD:00:85:22,0.41658470034599304,0.36640581488609314,-0.3124106526374817,0.7711057066917419,-18.219370675102557,-55.625600019209756,132.9103052176021,7.977163791656494,-1.6715632677078247,5.073918342590332,4.8029961585998535,-5.840353488922119,-2.056227684020996
2026-04-02 13:03:13.283,1932.289318444,671079241,right_foot,右脚,D4:22:CD:00:85:22,0.4158588647842407,0.3684256672859192,-0.3111570179462433,0.7710419297218323,-17.96204832287481,-55.78544298804563,132.88375593455453,7.5859808921813965,-0.8522162437438965,5.401920318603516,8.390414237976074,-4.715470314025879,-0.6070922017097473
2026-04-02 13:03:13.312,1932.318512179,671112575,right_foot,右脚,D4:22:CD:00:85:22,0.41464483737945557,0.37293681502342224,-0.3105844557285309,0.7697569727897644,-17.707789932045884,-56.27431607146851,132.9039464148034,7.516753673553467,-1.391769289970398,5.3629045486450195,9.340545654296875,-14.371460914611816,-2.970970392227173
2026-04-02 13:03:13.372,1932.378421239,671145909,right_foot,右脚,D4:22:CD:00:85:22,0.41401535272598267,0.38082945346832275,-0.309064120054245,0.7668375968933105,-17.002301046858552,-57.13832476159417,132.57692673848493,7.328287601470947,-1.3495792150497437,5.3912763595581055,14.072698593139648,-23.442745208740234,-11.786137580871582
2026-04-02 13:03:13.372,1932.378497079,671179243,right_foot,右脚,D4:22:CD:00:85:22,0.4129594564437866,0.39343854784965515,-0.3081793189048767,0.7613780498504639,-16.087548492067867,-58.60999902260843,132.12114747477193,7.165210247039795,-1.0578137636184692,5.786434173583984,16.855358123779297,-40.55723571777344,-18.587501525878906
2026-04-02 13:03:13.402,1932.40819937,671212577,right_foot,右脚,D4:22:CD:00:85:22,0.409939706325531,0.41064101457595825,-0.31201502680778503,0.752310037612915,-15.83915774539285,-60.888322356019394,132.17551260536706,7.811689853668213,-0.004915127530694008,6.783162593841553,9.742314338684082,-66.25292205810547,-17.18234634399414
2026-04-02 13:03:13.432,1932.438521616,671245911,right_foot,右脚,D4:22:CD:00:85:22,0.40512967109680176,0.428026407957077,-0.32217657566070557,0.7408549189567566,-17.039484138686955,-63.54147901945981,133.25773727898422,8.30278205871582,0.8039150834083557,7.084473609924316,-6.526100158691406,-80.96025848388672,-7.304851531982422
2026-04-02 13:03:13.462,1932.468563581,671279245,right_foot,右脚,D4:22:CD:00:85:22,0.3974151015281677,0.4502865970134735,-0.3390691876411438,0.7241103649139404,-20.063923011784535,-67.16353533903184,135.87887630105632,8.330069541931152,-0.960267961025238,8.48192310333252,-18.622278213500977,-113.80418395996094,-2.8996646404266357
2026-04-02 13:03:13.492,1932.498518921,671312579,right_foot,右脚,D4:22:CD:00:85:22,0.38630685210227966,0.48715323209762573,-0.36019423604011536,0.695492148399353,-25.116613263236925,-72.92340484040984,140.59531000522992,8.492342948913574,-1.400498628616333,10.085539817810059,-18.047256469726562,-178.39817810058594,-21.349414825439453
2026-04-02 13:03:13.552,1932.558692075,671345913,right_foot,右脚,D4:22:CD:00:85:22,0.3681628406047821,0.5427480340003967,-0.38767051696777344,0.6477597951889038,-42.934456774768606,-81.33723792844447,158.11290515507145,8.495113372802734,-2.55883526802063,13.135074615478516,-20.628726959228516,-272.6190490722656,-42.6773567199707
2026-04-02 13:03:13.582,1932.588641652,671379247,right_foot,右脚,D4:22:CD:00:85:22,0.34033992886543274,0.6227930188179016,-0.4198465645313263,0.5657092332839966,-158.28108718016838,-82.06285148448858,-86.92627506915096,13.616340637207031,-5.924655914306641,16.121870040893555,-28.48386001586914,-410.8185729980469,-88.63751220703125
2026-04-02 13:03:13.612,1932.618621898,671412581,right_foot,右脚,D4:22:CD:00:85:22,0.3096463680267334,0.6987209320068359,-0.4346746504306793,0.4764102101325989,177.0036199124095,-69.21940770902746,-61.70346873697241,17.80829620361328,-7.953066349029541,18.17197608947754,-4.7669267654418945,-402.4326171875,-122.58726501464844
2026-04-02 13:03:13.642,1932.648342354,671445915,right_foot,右脚,D4:22:CD:00:85:22,0.3021332919597626,0.7220409512519836,-0.4494036138057709,0.43059176206588745,173.7025726443161,-63.299680081170145,-59.91269495266599,16.22736167907715,-11.767533302307129,10.935407638549805,-52.12910461425781,-176.54541015625,-35.111995697021484
2026-04-02 13:03:13.672,1932.678508565,671479249,right_foot,右脚,D4:22:CD:00:85:22,0.295939177274704,0.7147663831710815,-0.4177345335483551,0.4764740765094757,176.14648816562686,-68.18409716221826,-57.99824829182037,0.9288355708122253,-7.432681083679199,16.43659210205078,122.33792114257812,146.46876525878906,-9.502202987670898
2026-04-02 13:03:13.702,1932.708532729,671512583,right_foot,右脚,D4:22:CD:00:85:22,0.3479970395565033,0.6650592088699341,-0.4075419306755066,0.5201004147529602,169.81394367548359,-77.27573941061104,-54.84894498027965,1.2237739562988281,0.0930914580821991,10.975044250488281,-103.1997299194336,272.31109619140625,6.25309419631958
2026-04-02 13:03:13.732,1932.738527291,671545917,right_foot,右脚,D4:22:CD:00:85:22,0.40837106108665466,0.5960735082626343,-0.38432544469833374,0.5746510624885559,97.59622576819035,-87.3903150349193,14.199990228469913,3.660289764404297,-1.7860894203186035,6.921370029449463,-107.11275482177734,359.2801818847656,0.9064010381698608
2026-04-02 13:03:13.762,1932.768404548,671579251,right_foot,右脚,D4:22:CD:00:85:22,0.45409613847732544,0.5156781673431396,-0.3638548254966736,0.6288743019104004,3.0108901921740028,-78.24934684468666,105.88634682535638,5.635936260223389,-0.3628174066543579,7.393833637237549,-98.91970825195312,357.99359130859375,49.247169494628906
2026-04-02 13:03:13.792,1932.798521755,671612585,right_foot,右脚,D4:22:CD:00:85:22,0.48330050706863403,0.42779800295829773,-0.3480737507343292,0.6798929572105408,-8.680312428624575,-66.6588238037747,114.90040280542861,11.284677505493164,-1.1814013719558716,8.214567184448242,-95.3436508178711,340.67596435546875,96.82716369628906
2026-04-02 13:03:13.854,1932.860318283,671645919,right_foot,右脚,D4:22:CD:00:85:22,0.48703300952911377,0.33308547735214233,-0.3323102593421936,0.7358147501945496,-16.455167983132405,-54.475793092610765,121.51272843060893,14.993766784667969,-1.9830065965652466,10.820070266723633,-62.865020751953125,333.7855529785156,172.18856811523438
2026-04-02 13:03:13.882,1932.888474112,671679253,right_foot,右脚,D4:22:CD:00:85:22,0.4768497049808502,0.22744137048721313,-0.32183247804641724,0.785690188407898,-22.730612213771643,-41.63079680375164,126.23105431516511,20.772798538208008,-0.44164684414863586,10.523239135742188,-84.93750762939453,330.3334045410156,215.499267578125
2026-04-02 13:03:13.912,1932.918569468,671712587,right_foot,右脚,D4:22:CD:00:85:22,0.4721251130104065,0.13252098858356476,-0.3092128038406372,0.8148154020309448,-26.085758982656106,-30.526327145718476,127.05594423686044,30.924968719482422,0.1764584630727768,-0.6983158588409424,-87.6722412109375,294.7644348144531,153.3009490966797
2026-04-02 13:03:13.942,1932.948587966,671745921,right_foot,右脚,D4:22:CD:00:85:22,0.4669913053512573,0.07643763720989227,-0.30365148186683655,0.8269659876823425,-28.18762566272485,-24.20657029326588,127.25636907882932,34.02695846557617,9.388653755187988,-18.321758270263672,-61.03201675415039,165.98829650878906,89.98458862304688
2026-04-02 13:03:13.972,1932.978278155,671779255,right_foot,右脚,D4:22:CD:00:85:22,0.4628358483314514,0.10879155993461609,-0.2994626760482788,0.8272059559822083,-26.348551298761134,-27.20593649562685,128.02817855867326,27.531475067138672,6.844069004058838,-24.488115310668945,65.41268157958984,-90.18363952636719,-21.78606605529785
2026-04-02 13:03:14.002,1933.008644603,671812589,right_foot,右脚,D4:22:CD:00:85:22,0.4485901892185211,0.18270331621170044,-0.27322128415107727,0.8311058878898621,-20.315792770972728,-33.286103799724515,129.41561177548897,3.8474862575531006,3.552286148071289,14.995699882507324,202.73155212402344,-182.4467315673828,-37.239253997802734
2026-04-02 13:03:14.032,1933.038617364,671845923,right_foot,右脚,D4:22:CD:00:85:22,0.42575061321258545,0.2686157822608948,-0.2863158583641052,0.8152334094047546,-18.993882040459177,-42.98189436693575,132.3857119040706,19.617040634155273,8.011075019836426,12.564106941223145,95.60272979736328,-297.9598693847656,-30.048994064331055
2026-04-02 13:03:14.062,1933.068648075,671879257,right_foot,右脚,D4:22:CD:00:85:22,0.4203793406486511,0.3129800260066986,-0.2946780323982239,0.7990557551383972,-18.242396598964838,-48.41135896644308,132.75902260978447,19.016029357910156,-0.0652184933423996,4.520543575286865,32.14564895629883,-157.2250518798828,-42.48396301269531
2026-04-02 13:03:14.122,1933.128577434,671912591,right_foot,右脚,D4:22:CD:00:85:22,0.41715067625045776,0.33621925115585327,-0.3053569793701172,0.7872099876403809,-18.824047030882404,-51.63840543810703,133.33171786482535,9.418466567993164,0.4892199635505676,5.09394645690918,-2.3567728996276855,-95.61129760742188,-18.14842414855957
2026-04-02 13:03:14.152,1933.158569193,671945925,right_foot,右脚,D4:22:CD:00:85:22,0.41548874974250793,0.34984245896339417,-0.3109351396560669,0.7799354791641235,-19.076874473959762,-53.52233432166537,133.59651321307638,8.204275131225586,-1.210914969444275,5.44640588760376,0.6934854984283447,-55.32382583618164,-11.756759643554688
2026-04-02 13:03:14.182,1933.18854441,671979259,right_foot,右脚,D4:22:CD:00:85:22,0.41564735770225525,0.3569846749305725,-0.31360191106796265,0.7755343317985535,-19.07639647707044,-54.52837396199333,133.51997564198427,7.980964660644531,-1.1668637990951538,5.5542521476745605,0.05895155668258667,-28.383697509765625,-9.257031440734863
2026-04-02 13:03:14.212,1933.218300626,672012593,right_foot,右脚,D4:22:CD:00:85:22,0.4165843427181244,0.35995736718177795,-0.3128783404827118,0.773948073387146,-18.69056217040794,-54.870824559047946,133.1826853120086,7.808125972747803,-1.5698615312576294,5.19182014465332,5.137779712677002,-8.130075454711914,-7.0841145515441895
2026-04-02 13:03:14.242,1933.248539504,672045927,right_foot,右脚,D4:22:CD:00:85:22,0.41712820529937744,0.36190804839134216,-0.3106371760368347,0.773648202419281,-18.1543434843898,-54.99777537693785,132.84362564193373,7.450031280517578,-1.0659141540527344,5.314360618591309,9.47463607788086,-2.0635416507720947,-5.075766563415527
2026-04-02 13:03:14.272,1933.278521132,672079261,right_foot,右脚,D4:22:CD:00:85:22,0.41638270020484924,0.3658822178840637,-0.30951356887817383,0.7726301550865173,-17.799705483039745,-55.39987880108605,132.75791216492155,7.164621353149414,-0.9506313800811768,5.66595983505249,10.128947257995605,-11.317399978637695,-3.547165632247925
2026-04-02 13:03:14.302,1933.308616154,672112595,right_foot,右脚,D4:22:CD:00:85:22,0.41525134444236755,0.37303128838539124,-0.3083674907684326,0.7702751755714417,-17.270886743373257,-56.17824641098515,132.61000366571295,7.247751712799072,-1.1739739179611206,5.542283535003662,13.70230770111084,-21.81148338317871,-7.943967819213867
2026-04-02 13:03:14.333,1933.339341693,672145929,right_foot,右脚,D4:22:CD:00:85:22,0.4131794571876526,0.38548752665519714,-0.30868035554885864,0.7651136517524719,-16.712631374239603,-57.66807882752782,132.5062669552395,6.97728967666626,-1.2980854511260986,5.867770195007324,15.550493240356445,-42.53830337524414,-13.34028148651123
2026-04-02 13:03:14.362,1933.368654481,672179263,right_foot,右脚,D4:22:CD:00:85:22,0.40915438532829285,0.40672120451927185,-0.31153300404548645,0.7550617456436157,-16.15715032922931,-60.35758078970183,132.53211519794934,7.43838357925415,-1.5911965370178223,6.667603015899658,18.619693756103516,-77.78203582763672,-21.27318000793457
2026-04-02 13:03:14.422,1933.428659968,672212597,right_foot,右脚,D4:22:CD:00:85:22,0.4058287441730499,0.4302160441875458,-0.3181491196155548,0.7409443855285645,-15.965455600030843,-63.60624371566398,132.5191147640376,8.479992866516113,0.4246026575565338,7.815960884094238,6.605023384094238,-93.89323425292969,-26.135244369506836
2026-04-02 13:03:14.453,1933.459161873,672245931,right_foot,右脚,D4:22:CD:00:85:22,0.4004300832748413,0.4555482566356659,-0.33237263560295105,0.7222605347633362,-17.574031936061797,-67.55294592140282,133.79638206182295,8.559386253356934,-0.03358382359147072,9.326973915100098,-12.36070728302002,-118.25042724609375,-18.17763900756836
2026-04-02 13:03:14.482,1933.488546033,672279265,right_foot,右脚,D4:22:CD:00:85:22,0.38800475001335144,0.49385902285575867,-0.35649585723876953,0.6917130351066589,-23.078927616392672,-73.71137725292103,138.82396451263128,8.534652709960938,-0.10412187874317169,11.184309959411621,-21.876081466674805,-190.86236572265625,-16.59592056274414
2026-04-02 13:03:14.542,1933.548357206,672312599,right_foot,右脚,D4:22:CD:00:85:22,0.3670646846294403,0.5549208521842957,-0.3849034309387207,0.639668881893158,-44.07626963358518,-82.97812692718864,159.69723444743443,8.471118927001953,-4.2782301902771,14.840837478637695,-14.138145446777344,-297.99420166015625,-45.94145202636719
2026-04-02 13:03:14.542,1933.548455181,672345933,right_foot,右脚,D4:22:CD:00:85:22,0.3363074064254761,0.6468527317047119,-0.41038978099823,0.5477771759033203,-175.22043458315767,-79.9631435628121,-68.7940217367184,16.245223999023438,-8.376472473144531,18.485074996948242,-3.6800150871276855,-452.416259765625,-121.52070617675781
2026-04-02 13:03:14.572,1933.578421563,672379267,right_foot,右脚,D4:22:CD:00:85:22,0.3060242831707001,0.7226582765579224,-0.42218393087387085,0.45373499393463135,171.60337415918525,-66.09056855736476,-55.11985268357553,14.30774211883545,-6.322568416595459,16.172195434570312,-1.8893027305603027,-410.4469299316406,-132.20220947265625
2026-04-02 13:03:14.602,1933.608592958,672412601,right_foot,右脚,D4:22:CD:00:85:22,0.29599782824516296,0.7384693026542664,-0.420654296875,0.43600302934646606,171.00704264024301,-63.2494917752479,-53.789351984967325,17.134281158447266,-14.709196090698242,10.968587875366211,15.17001724243164,-83.30267333984375,-28.56043815612793
2026-04-02 13:03:14.632,1933.638601276,672445935,right_foot,右脚,D4:22:CD:00:85:22,0.2954961657524109,0.7264408469200134,-0.3924192786216736,0.4805966317653656,171.83693936548997,-68.46079245101309,-51.196346414357905,-1.0936312675476074,-1.1223125457763672,14.79721450805664,91.70695495605469,157.3296356201172,-6.753984451293945
2026-04-02 13:03:14.662,1933.668608362,672479269,right_foot,右脚,D4:22:CD:00:85:22,0.344852089881897,0.6792109608650208,-0.38931915163993835,0.517861545085907,163.88690894505382,-76.40683871044486,-46.928952025350654,-0.5949345827102661,0.24843424558639526,8.995476722717285,-120.82994079589844,238.85450744628906,13.409605979919434
2026-04-02 13:03:14.722,1933.728639648,672512603,right_foot,右脚,D4:22:CD:00:85:22,0.3995702862739563,0.6140827536582947,-0.37504827976226807,0.5679659247398376,118.76121206104864,-85.76683011824139,-5.236359522469518,4.435727596282959,-0.1447172462940216,6.177932262420654,-118.10990142822266,321.2657775878906,16.10212516784668
2026-04-02 13:03:14.752,1933.758610812,672545937,right_foot,右脚,D4:22:CD:00:85:22,0.4416312873363495,0.5324643850326538,-0.36162659525871277,0.6250360608100891,6.076018362367198,-80.07351276524724,104.40585463226623,6.452608585357666,1.3382982015609741,7.539246559143066,-106.91165924072266,350.9013366699219,72.4000244140625
2026-04-02 13:03:14.782,1933.788354507,672579271,right_foot,右脚,D4:22:CD:00:85:22,0.47255846858024597,0.4383011758327484,-0.3474234342575073,0.6810858249664307,-8.956514589238813,-67.72827511181573,116.50890155137081,11.577115058898926,-1.1141793727874756,8.614336013793945,-105.28360748291016,363.72259521484375,107.74609375
2026-04-02 13:03:14.812,1933.818509134,672612605,right_foot,右脚,D4:22:CD:00:85:22,0.4862188398838043,0.332175076007843,-0.3279127776622772,0.738731861114502,-15.967988256960757,-54.061835869401754,121.48188447620961,16.44159698486328,-1.8124583959579468,11.125935554504395,-83.9013442993164,382.8260803222656,155.96348571777344
2026-04-02 13:03:14.842,1933.848603657,672645939,right_foot,右脚,D4:22:CD:00:85:22,0.4899020195007324,0.212098628282547,-0.3202909231185913,0.7825754880905151,-22.605903114368335,-40.224812821622805,124.27813296788284,25.270565032958984,-0.8231735229492188,6.98037052154541,-140.7205047607422,372.12396240234375,186.8559112548828
2026-04-02 13:03:14.872,1933.878622793,672679273,right_foot,右脚,D4:22:CD:00:85:22,0.4787856638431549,0.1394275575876236,-0.2954171597957611,0.8148947358131409,-23.863010105685408,-30.67184454196752,125.760983999448,35.05873489379883,6.98818826675415,-7.972896575927734,-14.435745239257812,248.72418212890625,142.60890197753906
2026-04-02 13:03:14.902,1933.908303079,672712607,right_foot,右脚,D4:22:CD:00:85:22,0.45556914806365967,0.11977560073137283,-0.28534188866615295,0.8346800208091736,-24.427556810229802,-27.382877385070575,128.78563934800204,32.71901321411133,4.760493755340576,-25.540767669677734,26.20094871520996,57.1409797668457,111.5276870727539
2026-04-02 13:03:14.932,1933.938493877,672745941,right_foot,右脚,D4:22:CD:00:85:22,0.42966628074645996,0.19153812527656555,-0.2627270519733429,0.8424221873283386,-19.423127638732666,-33.2629003124633,131.80650426863355,19.889572143554688,12.324865341186523,-6.498630523681641,196.3531951904297,-193.4870147705078,8.164361000061035
2026-04-02 13:03:14.962,1933.968301414,672779275,right_foot,右脚,D4:22:CD:00:85:22,0.4114018976688385,0.2661082446575165,-0.27473244071006775,0.8273192644119263,-18.421993403426736,-41.78703128415533,134.20480623698302,9.32870864868164,7.561509132385254,16.940813064575195,75.01461791992188,-260.8829040527344,-26.704191207885742
2026-04-02 13:03:15.025,1934.031636727,672812609,right_foot,右脚,D4:22:CD:00:85:22,0.4039100408554077,0.315797358751297,-0.2867473065853119,0.8092621564865112,-18.188792110519085,-47.96753205407676,135.09849890751923,24.504661560058594,-2.7763054370880127,2.2138113975524902,27.66529083251953,-182.4248504638672,-37.634456634521484
2026-04-02 13:03:15.053,1934.05894446,672845943,right_foot,右脚,D4:22:CD:00:85:22,0.40179678797721863,0.33954375982284546,-0.2916613519191742,0.7988763451576233,-17.86387816192196,-50.97614222717203,135.16927946985078,9.439254760742188,0.902830958366394,5.538084030151367,13.796804428100586,-86.53927612304688,-23.769643783569336
2026-04-02 13:03:15.082,1934.088299429,672879277,right_foot,右脚,D4:22:CD:00:85:22,0.3991623520851135,0.35251718759536743,-0.2978099584579468,0.7922818064689636,-18.35541887802751,-52.78151417221061,135.68794437768815,7.857037544250488,1.0028337240219116,6.692840576171875,0.11314571648836136,-54.73176193237305,-4.849977493286133
2026-04-02 13:03:15.112,1934.118488093,672912611,right_foot,右脚,D4:22:CD:00:85:22,0.396362841129303,0.3590618371963501,-0.30622535943984985,0.7875261902809143,-19.618214268558244,-53.929545447164635,136.62125474292822,7.825373649597168,-1.6840664148330688,5.582947254180908,-12.80199146270752,-38.30632781982422,7.3655571937561035
2026-04-02 13:03:15.142,1934.148407422,672945945,right_foot,右脚,D4:22:CD:00:85:22,0.3965121805667877,0.3617151379585266,-0.3070283830165863,0.7859227061271667,-19.598156172989274,-54.2957968270975,136.57876287753723,7.798639297485352,-2.5738017559051514,4.912878036499023,2.1817286014556885,-10.418617248535156,-1.7161498069763184
2026-04-02 13:03:15.173,1934.179279499,672979279,right_foot,右脚,D4:22:CD:00:85:22,0.397304892539978,0.3643284738063812,-0.30377617478370667,0.7855787873268127,-18.85191141367554,-54.46894281366678,136.11185061069574,7.427241802215576,-1.5669560432434082,5.488053321838379,13.566338539123535,-2.5158028602600098,-6.81741189956665
2026-04-02 13:03:15.202,1934.208357363,673012613,right_foot,右脚,D4:22:CD:00:85:22,0.3964747488498688,0.3687194585800171,-0.303373247385025,0.7841039896011353,-18.62769864153268,-54.96364344483575,136.1060838953055,7.2602128982543945,-0.5176589488983154,6.040442943572998,9.086579322814941,-14.310375213623047,-2.333461046218872
2026-04-02 13:03:15.232,1934.23862698,673045947,right_foot,右脚,D4:22:CD:00:85:22,0.3954434394836426,0.3751862049102783,-0.3032706379890442,0.7815927267074585,-18.354205611420415,-55.72437891873697,136.08883043954833,7.26776123046875,-1.4272960424423218,5.197243690490723,10.191908836364746,-21.829729080200195,-5.0809502601623535
2026-04-02 13:03:15.262,1934.268604312,673079281,right_foot,右脚,D4:22:CD:00:85:22,0.3936915695667267,0.3877112865447998,-0.3032497763633728,0.7763548493385315,-17.8092745923031,-57.22220953943651,135.99027701492795,6.737242698669434,-1.834018349647522,5.767871379852295,16.257768630981445,-42.467193603515625,-13.174081802368164
2026-04-02 13:03:15.322,1934.328563358,673112615,right_foot,右脚,D4:22:CD:00:85:22,0.39015308022499084,0.4081849157810211,-0.3056846857070923,0.766631007194519,-17.378127028916925,-59.81216331194798,136.10202086320615,7.584750175476074,-0.5853947997093201,6.51202392578125,18.0822696685791,-74.82247161865234,-19.69645881652832
2026-04-02 13:03:15.352,1934.358634879,673145949,right_foot,右脚,D4:22:CD:00:85:22,0.38561204075813293,0.4308759570121765,-0.31440269947052,0.7528616786003113,-18.12773483398721,-63.0313099126637,136.93101581191502,8.150727272033691,-0.11474943161010742,7.903274059295654,1.5587116479873657,-95.82948303222656,-16.197900772094727
2026-04-02 13:03:15.382,1934.38861233,673179283,right_foot,右脚,D4:22:CD:00:85:22,0.3800134062767029,0.4565020799636841,-0.32902833819389343,0.7341229319572449,-20.368260381243886,-66.97396658185303,138.81891918341512,8.571268081665039,-0.2242569625377655,9.05128002166748,-13.832771301269531,-119.8212890625,-14.733616828918457
2026-04-02 13:03:15.412,1934.418292394,673212617,right_foot,右脚,D4:22:CD:00:85:22,0.36871039867401123,0.4933309853076935,-0.35285937786102295,0.7043919563293457,-26.771974350113023,-72.78521775315122,144.6381394373326,8.521221160888672,0.21031302213668823,10.707054138183594,-26.251239776611328,-183.97634887695312,-13.259729385375977
2026-04-02 13:03:15.442,1934.448666348,673245951,right_foot,右脚,D4:22:CD:00:85:22,0.3488577902317047,0.5509377121925354,-0.3831529915332794,0.6541866064071655,-49.64957747820673,-81.17573786242346,167.09931749482033,8.504980087280273,-3.999685049057007,14.34939956665039,-26.566308975219727,-287.962158203125,-33.198219299316406
2026-04-02 13:03:15.473,1934.479640479,673279285,right_foot,右脚,D4:22:CD:00:85:22,0.3192184567451477,0.6386030316352844,-0.41329821944236755,0.5652174353599548,-159.27574330230644,-80.32045511923242,-83.36472091709516,13.758935928344727,-8.233691215515137,18.521146774291992,-23.96314811706543,-442.8645935058594,-98.16069030761719
2026-04-02 13:03:15.532,1934.53843351,673312619,right_foot,右脚,D4:22:CD:00:85:22,0.2922256290912628,0.7171334028244019,-0.4286312162876129,0.4654025137424469,177.08608245479897,-66.63905220997124,-59.817847913274626,18.233434677124023,-5.576755046844482,17.788236618041992,-28.462688446044922,-429.3724365234375,-134.47239685058594
2026-04-02 13:03:15.532,1934.538581885,673345953,right_foot,右脚,D4:22:CD:00:85:22,0.28788891434669495,0.734853208065033,-0.43791070580482483,0.43051764369010925,174.3260421464462,-62.235943797046936,-58.155814274312036,15.739867210388184,-14.740952491760254,11.055379867553711,-41.634010314941406,-132.0865936279297,-29.450000762939453
2026-04-02 13:03:15.562,1934.568483856,673379287,right_foot,右脚,D4:22:CD:00:85:22,0.27728360891342163,0.7266956567764282,-0.40865859389305115,0.47752031683921814,178.13336602442385,-67.02162862601283,-57.4665374341545,-2.086841106414795,-4.00771427154541,15.71056842803955,126.9523696899414,141.3568572998047,3.004896879196167
2026-04-02 13:03:15.622,1934.628487592,673412621,right_foot,右脚,D4:22:CD:00:85:22,0.3229680359363556,0.680634081363678,-0.41044560074806213,0.5137742757797241,176.11456983924128,-74.68873206896565,-59.21768783593769,0.36458486318588257,2.1168458461761475,10.799421310424805,-117.33966064453125,226.05734252929688,30.90363121032715
2026-04-02 13:03:15.653,1934.659311684,673445955,right_foot,右脚,D4:22:CD:00:85:22,0.3860187530517578,0.6085549592971802,-0.3968547582626343,0.5684689879417419,161.49756058261536,-86.63483068849183,-48.755672567531285,5.933762550354004,-2.342836856842041,6.33731746673584,-135.03257751464844,356.9884033203125,20.17223358154297
2026-04-02 13:03:15.712,1934.718379222,673479289,right_foot,右脚,D4:22:CD:00:85:22,0.4322858154773712,0.5240293741226196,-0.37303194403648376,0.6319569945335388,-6.095551219070233,-80.01084768693117,116.36956486790999,7.011608123779297,1.5355215072631836,7.854214668273926,-84.8904037475586,390.5675964355469,58.264991760253906
2026-04-02 13:03:15.712,1934.718453683,673512623,right_foot,右脚,D4:22:CD:00:85:22,0.459690660238266,0.42741167545318604,-0.3548518717288971,0.6928812265396118,-14.470177906558208,-66.71280891589609,122.42987927982662,12.516206741333008,0.01275680959224701,9.039412498474121,-84.6075668334961,380.0331726074219,119.08895111083984
2026-04-02 13:03:15.742,1934.748574396,673545957,right_foot,右脚,D4:22:CD:00:85:22,0.4710509181022644,0.3196008801460266,-0.3300512433052063,0.7530158162117004,-18.733966976779946,-52.39821683903105,125.22427716184102,16.018949508666992,-1.4007244110107422,11.196745872497559,-63.344322204589844,397.4048156738281,157.9772186279297
2026-04-02 13:03:15.772,1934.778355424,673579291,right_foot,右脚,D4:22:CD:00:85:22,0.4758341610431671,0.20540103316307068,-0.3137988746166229,0.7955647110939026,-22.91608475817715,-38.715345234723614,126.37830292085738,23.88184356689453,-0.1926746964454651,8.470436096191406,-107.1134033203125,374.1860046386719,161.68896484375
2026-04-02 13:03:15.804,1934.810538403,673612625,right_foot,右脚,D4:22:CD:00:85:22,0.4749562740325928,0.10846821963787079,-0.2970195710659027,0.821237325668335,-25.687450704655067,-27.40639229533097,126.27873709368397,33.60251998901367,1.457594394683838,-5.273569107055664,-89.01396942138672,310.1659851074219,130.90487670898438
2026-04-02 13:03:15.838,1934.844079481,673645959,right_foot,右脚,D4:22:CD:00:85:22,0.4623735249042511,0.07091554999351501,-0.3019769489765167,0.8306576013565063,-28.36994408297299,-23.394838138707808,127.78762766989104,34.24553298950195,9.439375877380371,-23.326581954956055,-63.104393005371094,88.4763412475586,87.82960510253906
2026-04-02 13:03:15.863,1934.869235431,673679293,right_foot,右脚,D4:22:CD:00:85:22,0.45116254687309265,0.13738581538200378,-0.2738308906555176,0.8382090926170349,-22.417431671941745,-28.515755131426268,129.18316697133415,21.305173873901367,4.282199382781982,-12.653396606445312,196.74142456054688,-155.73252868652344,-30.906200408935547
2026-04-02 13:03:15.923,1934.92933478,673712627,right_foot,右脚,D4:22:CD:00:85:22,0.4294109046459198,0.21960189938545227,-0.26226750016212463,0.8358214497566223,-18.063309504023053,-36.32300589124169,131.58514051373746,0.1782124638557434,7.909384727478027,16.203584671020508,170.02308654785156,-241.5778350830078,-21.37398910522461
2026-04-02 13:03:15.956,1934.961935566,673745961,right_foot,右脚,D4:22:CD:00:85:22,0.41472887992858887,0.2958221733570099,-0.283250629901886,0.812562882900238,-17.924420515864636,-45.69998528961143,133.52499878331523,30.599435806274414,3.481160879135132,8.1080904006958,43.283931732177734,-281.72576904296875,-42.61768341064453
2026-04-02 13:03:15.983,1934.989260157,673779295,right_foot,右脚,D4:22:CD:00:85:22,0.4112057089805603,0.33440902829170227,-0.29035621881484985,0.7967272400856018,-17.159062666258947,-50.50295611522456,133.54240008296617,12.326700210571289,-0.45136839151382446,4.672902584075928,26.0684814453125,-137.9296875,-39.239837646484375
2026-04-02 13:03:16.013,1935.019348577,673812629,right_foot,右脚,D4:22:CD:00:85:22,0.4094162881374359,0.3579171597957611,-0.29543185234069824,0.7854898571968079,-16.72452597294793,-53.5320312423202,133.4213848024574,8.830194473266602,-0.31677740812301636,5.017467975616455,13.45022201538086,-86.58649444580078,-24.645700454711914
2026-04-02 13:03:16.043,1935.049373161,673845963,right_foot,右脚,D4:22:CD:00:85:22,0.40732523798942566,0.3703189492225647,-0.3010537922382355,0.7786635160446167,-17.067362202762382,-55.28159554907489,133.75743298017412,8.478494644165039,0.7925683856010437,6.451651096343994,1.355806589126587,-52.19264602661133,-5.748673915863037
2026-04-02 13:03:16.072,1935.078370098,673879297,right_foot,右脚,D4:22:CD:00:85:22,0.4058632254600525,0.3746657967567444,-0.30767884850502014,0.7747483253479004,-18.043022604839802,-56.128941530121296,134.3800247270832,8.083296775817871,-1.3009605407714844,5.584776401519775,-10.360169410705566,-27.717023849487305,6.1990227699279785
2026-04-02 13:03:16.102,1935.108764142,673912631,right_foot,右脚,D4:22:CD:00:85:22,0.40583544969558716,0.37766551971435547,-0.31034931540489197,0.7722371220588684,-18.311554211358946,-56.63622503266313,134.48042974000305,7.880561828613281,-1.7976537942886353,4.841803550720215,-2.070108413696289,-15.313834190368652,0.5704127550125122
2026-04-02 13:03:16.133,1935.13934143,673945965,right_foot,右脚,D4:22:CD:00:85:22,0.40661191940307617,0.38035261631011963,-0.31019967794418335,0.7705680727958679,-18.036933125547318,-56.97539854502062,134.2063273269579,7.527374267578125,-1.394309639930725,4.960322380065918,4.806925296783447,-8.595525741577148,-3.7952957153320312
2026-04-02 13:03:16.162,1935.168397867,673979299,right_foot,右脚,D4:22:CD:00:85:22,0.40819039940834045,0.3821030557155609,-0.3071884512901306,0.7700738310813904,-17.243731830090347,-57.063891213833024,133.57199845730565,7.4269256591796875,-1.2711703777313232,4.779071807861328,11.214226722717285,0.29857760667800903,-7.08342170715332
2026-04-02 13:03:16.223,1935.229388015,674012633,right_foot,右脚,D4:22:CD:00:85:22,0.41097861528396606,0.38811033964157104,-0.30093318223953247,0.7680538296699524,-15.469881579339207,-57.5151010615575,132.2242461763641,6.8402862548828125,-2.028244733810425,5.272455215454102,22.502065658569336,-7.089478015899658,-21.26975440979004
2026-04-02 13:03:16.253,1935.259378053,674045967,right_foot,右脚,D4:22:CD:00:85:22,0.41350170969963074,0.40198418498039246,-0.29636499285697937,0.7613101601600647,-13.336964303044216,-58.99961930004856,130.55212249595027,7.17529296875,-1.5510207414627075,6.148355960845947,24.485023498535156,-36.74217224121094,-33.336727142333984
2026-04-02 13:03:16.284,1935.290062362,674079301,right_foot,右脚,D4:22:CD:00:85:22,0.41390424966812134,0.42391687631607056,-0.296681672334671,0.7489714622497559,-11.378738643583851,-61.714637903656836,128.96019114864342,7.944802761077881,-0.3567444384098053,7.455312252044678,20.2554988861084,-74.60943603515625,-37.47246170043945
2026-04-02 13:03:16.343,1935.349333478,674112635,right_foot,右脚,D4:22:CD:00:85:22,0.41047751903533936,0.448042094707489,-0.30601605772972107,0.7328856587409973,-11.106424080198789,-65.22385174521324,128.61429484979746,8.458066940307617,1.5335475206375122,9.189311981201172,1.6914081573486328,-102.4771499633789,-22.35599136352539
2026-04-02 13:03:16.343,1935.349508767,674145969,right_foot,右脚,D4:22:CD:00:85:22,0.40150538086891174,0.4784930348396301,-0.32753539085388184,0.7089138627052307,-13.751240869564509,-70.29390994839994,130.65328761010267,8.392061233520508,1.1656758785247803,10.893446922302246,-20.223356246948242,-153.7598876953125,-7.805513858795166
2026-04-02 13:03:16.372,1935.378338571,674179303,right_foot,右脚,D4:22:CD:00:85:22,0.3832818269729614,0.5245264768600464,-0.3623599112033844,0.6683282852172852,-23.731140020344927,-78.2044648739,139.71294693835694,7.900705814361572,-0.32547351717948914,12.883917808532715,-35.26057434082031,-248.26014709472656,-4.354203701019287
2026-04-02 13:03:16.402,1935.408303484,674212637,right_foot,右脚,D4:22:CD:00:85:22,0.35554036498069763,0.5983876585960388,-0.39935237169265747,0.5966920852661133,-124.49556516180483,-86.44675414135565,-120.06295666424337,10.104424476623535,-6.7967143058776855,16.3951358795166,-26.375932693481445,-383.8070068359375,-54.869327545166016
2026-04-02 13:03:16.433,1935.439297394,674245971,right_foot,右脚,D4:22:CD:00:85:22,0.3240741193294525,0.6845139861106873,-0.42228543758392334,0.4980883300304413,175.52412074363,-72.86243557187152,-60.03750040300521,18.906667709350586,-10.015179634094238,18.913997650146484,-14.071663856506348,-453.53070068359375,-126.33314514160156
2026-04-02 13:03:16.466,1935.472295835,674279305,right_foot,右脚,D4:22:CD:00:85:22,0.30408975481987,0.7358819246292114,-0.43287843465805054,0.42263922095298767,169.8882512438482,-62.28754222317681,-54.81144644802997,15.088203430175781,-7.5447235107421875,12.856629371643066,-27.729503631591797,-309.23651123046875,-97.40554809570312
2026-04-02 13:03:16.523,1935.529327604,674312639,right_foot,右脚,D4:22:CD:00:85:22,0.28915777802467346,0.7399367690086365,-0.40778648853302,0.45010197162628174,171.9038676332115,-64.41200545524333,-52.6144756641574,8.550212860107422,-14.182991981506348,15.416315078735352,112.7637710571289,64.23133087158203,-15.779258728027344
2026-04-02 13:03:16.553,1935.559376305,674345973,right_foot,右脚,D4:22:CD:00:85:22,0.299618661403656,0.7195457816123962,-0.37759310007095337,0.49990618228912354,170.5002012898571,-71.02815503075239,-48.590626514488804,-1.275813102722168,2.0165939331054688,12.9724702835083,60.770992279052734,199.1007537841797,-11.448599815368652
2026-04-02 13:03:16.582,1935.588356715,674379307,right_foot,右脚,D4:22:CD:00:85:22,0.34670016169548035,0.6686124205589294,-0.3542979657649994,0.5542832016944885,153.97948216026643,-80.70545912240179,-33.62457499199622,2.3578357696533203,-2.201225996017456,7.6003217697143555,-68.88423919677734,303.1343688964844,-14.006766319274902
2026-04-02 13:03:16.612,1935.618269966,674412641,right_foot,右脚,D4:22:CD:00:85:22,0.39083778858184814,0.5944088101387024,-0.325281023979187,0.6229901313781738,35.978239672509396,-84.20267228976648,83.090545442794,7.139595031738281,-1.3996553421020508,6.3467183113098145,-62.830413818359375,383.72943115234375,21.62343406677246
2026-04-02 13:03:16.643,1935.649311998,674445975,right_foot,右脚,D4:22:CD:00:85:22,0.4149394631385803,0.5089227557182312,-0.30211806297302246,0.6910485625267029,0.9160117016818919,-72.57342956771828,117.3620997579529,8.174322128295898,-0.31158286333084106,7.598250865936279,-50.724639892578125,376.47998046875,85.50192260742188
2026-04-02 13:03:16.673,1935.679355237,674479309,right_foot,右脚,D4:22:CD:00:85:22,0.422999769449234,0.4140406847000122,-0.2878566384315491,0.752848207950592,-9.603324630072702,-60.10564348789386,126.90465999624209,13.913642883300781,-2.4531056880950928,9.233474731445312,-63.52762985229492,359.23468017578125,137.2665252685547
2026-04-02 13:03:16.703,1935.709415815,674512643,right_foot,右脚,D4:22:CD:00:85:22,0.42523184418678284,0.3036806881427765,-0.27980658411979675,0.805397093296051,-16.279513252073706,-46.646513624355485,131.3914431235107,20.909669876098633,-0.7004889249801636,10.157207489013672,-101.91370391845703,372.78466796875,160.55654907226562
2026-04-02 13:03:16.738,1935.744923977,674545977,right_foot,右脚,D4:22:CD:00:85:22,0.4272085726261139,0.18873052299022675,-0.2797676920890808,0.8388111591339111,-21.750289942828214,-33.75594988960308,132.6922585148194,30.4221248626709,-0.6877455711364746,1.6120238304138184,-146.29324340820312,355.0212707519531,145.0821533203125
2026-04-02 13:03:16.762,1935.768387196,674579311,right_foot,右脚,D4:22:CD:00:85:22,0.41432663798332214,0.11688032746315002,-0.2825471758842468,0.8572280406951904,-25.48704413936322,-25.75473302718672,134.32744089159192,33.91130447387695,5.199843406677246,-14.363077163696289,-92.17242431640625,202.81224060058594,128.4175262451172
2026-04-02 13:03:16.822,1935.828629752,674612645,right_foot,右脚,D4:22:CD:00:85:22,0.40458786487579346,0.12369325011968613,-0.2815729081630707,0.8612350821495056,-25.394182912206066,-26.161297249924687,135.66736836465657,31.598726272583008,6.4344282150268555,-25.083667755126953,18.6597843170166,-26.977048873901367,25.594505310058594
2026-04-02 13:03:16.852,1935.858525037,674645979,right_foot,右脚,D4:22:CD:00:85:22,0.3913966417312622,0.20638471841812134,-0.2485315054655075,0.8616535663604736,-18.628995804067095,-33.381601631211154,136.77210227665265,12.306320190429688,6.968358993530273,4.842797756195068,219.80690002441406,-212.5924072265625,-51.9417724609375
2026-04-02 13:03:16.886,1935.892981014,674679313,right_foot,右脚,D4:22:CD:00:85:22,0.3768475353717804,0.2865731716156006,-0.25716423988342285,0.8424540162086487,-17.166121402745524,-42.584168006689495,138.53283819706246,13.36212158203125,8.776054382324219,13.94404125213623,77.35379791259766,-276.17547607421875,-42.167484283447266
2026-04-02 13:03:16.915,1935.92106688,674712647,right_foot,右脚,D4:22:CD:00:85:22,0.3755485713481903,0.33378273248672485,-0.2636825442314148,0.8234223127365112,-16.04665679390177,-48.39491656147727,138.2148148854245,22.01987075805664,-3.637441396713257,2.3807334899902344,28.901702880859375,-165.625244140625,-52.29758071899414
2026-04-02 13:03:16.950,1935.956291813,674745981,right_foot,右脚,D4:22:CD:00:85:22,0.37525105476379395,0.3581687808036804,-0.26748958230018616,0.812004566192627,-15.421366547628432,-51.48274205330579,137.86405882122008,9.568732261657715,2.1771931648254395,5.774670600891113,13.866559982299805,-87.61749267578125,-27.326770782470703
2026-04-02 13:03:16.974,1935.980435412,674779315,right_foot,右脚,D4:22:CD:00:85:22,0.3735821843147278,0.3716530203819275,-0.27313539385795593,0.8048030734062195,-15.742305469609642,-53.349492882252676,138.14564393747662,7.8952507972717285,1.0223904848098755,6.478180408477783,0.24240608513355255,-55.59310531616211,-6.0312180519104
2026-04-02 13:03:17.006,1936.012597988,674812649,right_foot,右脚,D4:22:CD:00:85:22,0.3724277913570404,0.376211017370224,-0.2793615162372589,0.8010744452476501,-16.615073032904554,-54.1770840619103,138.67396201378153,8.068397521972656,-1.2083734273910522,5.715083599090576,-10.440234184265137,-26.769067764282227,5.776707172393799
2026-04-02 13:03:17.034,1936.040108352,674845983,right_foot,右脚,D4:22:CD:00:85:22,0.3717753291130066,0.37708452343940735,-0.28121355175971985,0.8003185391426086,-16.935021861647453,-54.35778311590041,138.9094360362383,7.757565021514893,-2.342771530151367,5.143209457397461,-1.1284263134002686,-6.736242771148682,5.751712799072266
2026-04-02 13:03:17.067,1936.0737838,674879317,right_foot,右脚,D4:22:CD:00:85:22,0.37193313241004944,0.37892016768455505,-0.2794901430606842,0.7999817728996277,-16.540944896425263,-54.50453499840505,138.69369029097135,7.379818916320801,-1.1586452722549438,5.371894359588623,9.056050300598145,-3.492277145385742,-1.8362152576446533
2026-04-02 13:03:17.128,1936.134574991,674912651,right_foot,右脚,D4:22:CD:00:85:22,0.371529757976532,0.3836078345775604,-0.2787695527076721,0.7981846332550049,-16.210441449902962,-55.03694404200362,138.56552164060824,6.955533027648926,-1.2977055311203003,5.506362438201904,9.01326847076416,-15.063990592956543,-3.8898050785064697
2026-04-02 13:03:17.153,1936.159260642,674945985,right_foot,右脚,D4:22:CD:00:85:22,0.3709878921508789,0.39387789368629456,-0.2776074707508087,0.7938278913497925,-15.496549210094411,-56.23459121713707,138.21944165232426,6.794393062591553,-1.826904058456421,5.428036689758301,14.838589668273926,-33.320316314697266,-13.042095184326172
2026-04-02 13:03:17.182,1936.188317899,674979319,right_foot,右脚,D4:22:CD:00:85:22,0.36993569135665894,0.41227665543556213,-0.2768010199069977,0.7852115035057068,-14.35057366585773,-58.456758248092726,137.60558322079348,7.291141986846924,-1.1074947118759155,6.033298015594482,20.624225616455078,-62.19553756713867,-24.726573944091797
2026-04-02 13:03:17.212,1936.218555593,675012653,right_foot,右脚,D4:22:CD:00:85:22,0.3681891858577728,0.4349452257156372,-0.2792222797870636,0.7728484869003296,-13.44186463922928,-61.39082815021899,137.0567394106542,7.877320766448975,-0.4137935936450958,6.923255443572998,14.547958374023438,-83.79502868652344,-27.429359436035156
2026-04-02 13:03:17.242,1936.248595829,675045987,right_foot,右脚,D4:22:CD:00:85:22,0.3661395013332367,0.46178409457206726,-0.28552931547164917,0.7557583451271057,-12.823084530764534,-65.10505680972106,136.5087713701329,8.407478332519531,-0.5953087210655212,9.056010246276855,5.123515605926514,-107.19190216064453,-31.156600952148438
2026-04-02 13:03:17.272,1936.278278648,675079321,right_foot,右脚,D4:22:CD:00:85:22,0.35986045002937317,0.49544844031333923,-0.3012089431285858,0.7309615612030029,-14.341605396143272,-70.23602908396812,137.68977974846476,8.696476936340332,1.6522165536880493,10.406427383422852,-11.92952823638916,-153.22714233398438,-22.064117431640625
2026-04-02 13:03:17.302,1936.308517531,675112655,right_foot,右脚,D4:22:CD:00:85:22,0.34536609053611755,0.5440500378608704,-0.3288087546825409,0.6903746128082275,-22.185104189345658,-78.0462147163256,144.90322492217828,8.167346000671387,-1.3855336904525757,12.620163917541504,-26.353822708129883,-241.19700622558594,-16.443796157836914
2026-04-02 13:03:17.332,1936.338496651,675145989,right_foot,右脚,D4:22:CD:00:85:22,0.32407987117767334,0.6229100823402405,-0.3592568635940552,0.6147278547286987,-131.9986554331869,-87.07325377038347,-105.81013573508953,10.28151798248291,-5.946859836578369,17.278234481811523,-25.147645950317383,-390.52301025390625,-71.27168273925781
2026-04-02 13:03:17.362,1936.368526694,675179323,right_foot,右脚,D4:22:CD:00:85:22,0.30189621448516846,0.7085306644439697,-0.3803980052471161,0.5119968056678772,172.5674353107867,-72.78713273012482,-50.97920122165206,20.209308624267578,-9.512628555297852,19.092262268066406,-30.916189193725586,-454.5350341796875,-127.91065979003906
2026-04-02 13:03:17.422,1936.428541689,675212657,right_foot,右脚,D4:22:CD:00:85:22,0.2936038076877594,0.7528809309005737,-0.3894471824169159,0.44192585349082947,167.3746003454505,-63.3957519017993,-46.886358215452326,16.534616470336914,-8.680764198303223,13.042279243469238,-45.12691879272461,-271.2392578125,-92.8271713256836
2026-04-02 13:03:17.452,1936.458522837,675245991,right_foot,右脚,D4:22:CD:00:85:22,0.28277045488357544,0.7533971667289734,-0.36077582836151123,0.47146040201187134,167.74787350737756,-66.1244653577137,-43.183194334956966,4.137991428375244,-12.954371452331543,15.895573616027832,106.64533996582031,87.62059783935547,-26.735395431518555
2026-04-02 13:03:17.482,1936.488531984,675279325,right_foot,右脚,D4:22:CD:00:85:22,0.3024792969226837,0.7259239554405212,-0.34486061334609985,0.5124571323394775,163.6319220036413,-72.29515372520844,-38.82682927160104,-0.5027844905853271,3.33927845954895,12.224017143249512,-7.081154823303223,187.97203063964844,2.4631121158599854
2026-04-02 13:03:17.512,1936.518321033,675312659,right_foot,右脚,D4:22:CD:00:85:22,0.3474304676055908,0.6701964139938354,-0.3376430869102478,0.5622512102127075,145.751046675604,-81.20886695863194,-23.887280832040787,3.019127368927002,-1.675168752670288,6.538208484649658,-104.89126586914062,280.7422180175781,21.591453552246094
2026-04-02 13:03:17.573,1936.579545343,675345993,right_foot,右脚,D4:22:CD:00:85:22,0.38532039523124695,0.5961989164352417,-0.32394734025001526,0.6254066228866577,34.41044273362958,-84.490479969047,85.31040678387265,6.507439613342285,0.2612622380256653,6.434045314788818,-82.62854766845703,346.7713317871094,56.27988052368164
2026-04-02 13:03:17.573,1936.57969317,675379327,right_foot,右脚,D4:22:CD:00:85:22,0.4110144376754761,0.5109793543815613,-0.30785924196243286,0.6893404722213745,-0.8745148205698731,-73.24502495853861,119.03958103697367,9.971118927001953,-0.8816275596618652,7.841181755065918,-66.36579895019531,362.4873962402344,89.8182373046875
2026-04-02 13:03:17.602,1936.60856334,675412661,right_foot,右脚,D4:22:CD:00:85:22,0.42334994673728943,0.4130103588104248,-0.2918117344379425,0.751693844795227,-10.325893325353647,-60.226042911628205,127.22366405329922,13.964436531066895,-2.898853063583374,9.047050476074219,-62.134681701660156,376.3566589355469,131.6278076171875
2026-04-02 13:03:17.632,1936.638399932,675445995,right_foot,右脚,D4:22:CD:00:85:22,0.4218473732471466,0.3056275248527527,-0.2833661437034607,0.8051961660385132,-16.916224091656247,-46.99164895916905,132.09685791820846,18.987537384033203,-0.409159779548645,9.316896438598633,-83.87782287597656,363.8465576171875,173.81265258789062
2026-04-02 13:03:17.662,1936.668522908,675479329,right_foot,右脚,D4:22:CD:00:85:22,0.4176310896873474,0.19272135198116302,-0.28864216804504395,0.8397195339202881,-23.100336226827732,-34.38530782740805,134.34975233186745,29.912311553955078,-0.1360298991203308,0.36492276191711426,-144.08633422851562,337.2677917480469,173.57740783691406
2026-04-02 13:03:17.722,1936.728518259,675512663,right_foot,右脚,D4:22:CD:00:85:22,0.4040016829967499,0.12155167758464813,-0.2807040214538574,0.8620983362197876,-25.388485602853866,-25.87368509341612,135.70595836375455,34.74632263183594,5.963588714599609,-15.167579650878906,-49.77107238769531,218.10215759277344,134.36581420898438
2026-04-02 13:03:17.752,1936.758387851,675545997,right_foot,右脚,D4:22:CD:00:85:22,0.3944053053855896,0.1431821584701538,-0.2637316882610321,0.8685559630393982,-22.831946717721607,-27.17807475344994,136.74383548945445,31.641042709350586,5.701563358306885,-28.212135314941406,90.41909790039062,-47.678367614746094,9.599063873291016
2026-04-02 13:03:17.782,1936.78842508,675579331,right_foot,右脚,D4:22:CD:00:85:22,0.36586669087409973,0.2199145257472992,-0.2379969358444214,0.872431755065918,-17.847006108524603,-33.90867905127499,139.9781977333912,8.920238494873047,8.935340881347656,10.334882736206055,199.75180053710938,-219.08712768554688,10.478610038757324
2026-04-02 13:03:17.812,1936.818450755,675612665,right_foot,右脚,D4:22:CD:00:85:22,0.3500276207923889,0.3051984906196594,-0.24920709431171417,0.8498417139053345,-16.93280204790472,-43.88388630488281,142.09224453134655,22.226383209228516,7.316253185272217,12.995257377624512,68.34955596923828,-300.824951171875,-40.27363586425781
2026-04-02 13:03:17.842,1936.848507789,675645999,right_foot,右脚,D4:22:CD:00:85:22,0.35039955377578735,0.34332913160324097,-0.2556784152984619,0.8330512046813965,-16.310916189896865,-48.69446071550382,141.79534381598793,15.754120826721191,0.10319206863641739,4.300527095794678,14.187838554382324,-136.8990478515625,-44.63507080078125
2026-04-02 13:03:17.872,1936.878515548,675679333,right_foot,右脚,D4:22:CD:00:85:22,0.349397212266922,0.3656129837036133,-0.2621380686759949,0.8219080567359924,-16.42082365224005,-51.644971312641474,141.92679121463024,9.237381935119629,-0.3864188492298126,4.849039554595947,1.907301902770996,-85.95874786376953,-20.076738357543945
2026-04-02 13:03:17.933,1936.939510761,675712667,right_foot,右脚,D4:22:CD:00:85:22,0.3481172025203705,0.3797535300254822,-0.26736342906951904,0.8143211603164673,-16.74169885802933,-53.574527635014086,142.20440673743627,8.056282043457031,-0.11783651262521744,6.17763614654541,-0.8750225305557251,-57.23733901977539,-9.46213150024414
2026-04-02 13:03:17.933,1936.939664272,675746001,right_foot,右脚,D4:22:CD:00:85:22,0.3471454381942749,0.38497522473335266,-0.27082687616348267,0.8111335039138794,-17.17005501800486,-54.34727349920511,142.52357270560287,8.188209533691406,-1.118098497390747,5.546550273895264,-3.1300971508026123,-24.151845932006836,0.6095457673072815
2026-04-02 13:03:17.963,1936.96943154,675779335,right_foot,右脚,D4:22:CD:00:85:22,0.3463371694087982,0.3867884576320648,-0.27033859491348267,0.8107792139053345,-17.08364688514087,-54.53362496620401,142.59212613610455,7.776059627532959,-2.175522804260254,5.172009468078613,6.090409278869629,-6.048849105834961,1.2985877990722656
2026-04-02 13:03:18.022,1937.028549738,675812669,right_foot,右脚,D4:22:CD:00:85:22,0.3462800681591034,0.3891698718070984,-0.26696696877479553,0.8107813000679016,-16.41584768983881,-54.68173875755588,142.27633177362557,7.278762340545654,-1.0297279357910156,5.347830772399902,13.950477600097656,-3.026374578475952,-4.922097682952881
2026-04-02 13:03:18.052,1937.058549945,675846003,right_foot,右脚,D4:22:CD:00:85:22,0.3463122844696045,0.39463430643081665,-0.26430389285087585,0.8089967370033264,-15.704216487803546,-55.24312377786226,141.90578405331902,7.024587154388428,-1.6907365322113037,5.265686511993408,13.735431671142578,-14.773962020874023,-9.327818870544434
2026-04-02 13:03:18.082,1937.088329368,675879337,right_foot,右脚,D4:22:CD:00:85:22,0.34805718064308167,0.4053992033004761,-0.25943323969841003,0.8044890761375427,-14.141206021174746,-56.39502327536687,140.81833441804685,6.818949222564697,-2.198173999786377,5.299877643585205,21.217098236083984,-29.007448196411133,-25.3371639251709
2026-04-02 13:03:18.113,1937.119308931,675912671,right_foot,右脚,D4:22:CD:00:85:22,0.3500797748565674,0.4224175214767456,-0.2550048828125,0.7962291240692139,-12.135412416257603,-58.34524087213783,139.32460897471788,7.4250006675720215,-0.11404663324356079,6.2682881355285645,23.62181282043457,-51.798675537109375,-35.73305892944336
2026-04-02 13:03:18.142,1937.148379759,675946005,right_foot,右脚,D4:22:CD:00:85:22,0.34908705949783325,0.4448131024837494,-0.2560824751853943,0.7840290665626526,-10.886620314810687,-61.19714956524592,138.44877209165753,7.771255970001221,0.010260224342346191,7.392086029052734,15.77487564086914,-81.5091323852539,-29.125131607055664
2026-04-02 13:03:18.172,1937.178428317,675979339,right_foot,右脚,D4:22:CD:00:85:22,0.3477384150028229,0.472061425447464,-0.26102110743522644,0.7668796181678772,-9.77678489087728,-64.89913246938364,137.44196139691914,8.496776580810547,-0.700774610042572,8.827614784240723,7.181440353393555,-107.13563537597656,-32.68845748901367
2026-04-02 13:03:18.202,1937.208583227,676012673,right_foot,右脚,D4:22:CD:00:85:22,0.34295764565467834,0.5078256130218506,-0.27384501695632935,0.7412843704223633,-9.789122888023785,-70.17290532014843,137.22938181119264,8.73208999633789,1.090196132659912,10.984512329101562,-5.686666965484619,-155.88525390625,-28.806856155395508
2026-04-02 13:03:18.232,1937.238601189,676046007,right_foot,右脚,D4:22:CD:00:85:22,0.33194592595100403,0.5608444213867188,-0.2980618476867676,0.6974417567253113,-12.6650620843951,-78.57737461021958,139.47197989802552,9.161011695861816,-2.443997621536255,14.093881607055664,-21.092941284179688,-251.27960205078125,-31.036869049072266
2026-04-02 13:03:18.262,1937.268623109,676079341,right_foot,右脚,D4:22:CD:00:85:22,0.3217170238494873,0.6477570533752441,-0.32494109869003296,0.6093626618385315,157.57887515045212,-86.87762656196709,-32.02114768023305,12.40806770324707,-7.041225910186768,17.905921936035156,-36.375999450683594,-421.1430358886719,-113.48464965820312
2026-04-02 13:03:18.322,1937.328527993,676112675,right_foot,右脚,D4:22:CD:00:85:22,0.3142571449279785,0.7261438369750977,-0.33850836753845215,0.5092839002609253,158.53009504516214,-72.24771986973012,-34.231539033282765,19.176002502441406,-8.398116111755371,17.591812133789062,-38.563968658447266,-412.5267028808594,-152.67471313476562
2026-04-02 13:03:18.352,1937.358587974,676146009,right_foot,右脚,D4:22:CD:00:85:22,0.30509576201438904,0.761529803276062,-0.3284094035625458,0.46812036633491516,157.28591319188058,-65.97493239156714,-31.800179837614994,14.37416934967041,-14.947274208068848,12.037446022033691,28.485143661499023,-166.00440979003906,-94.33885955810547
2026-04-02 13:03:18.382,1937.388565473,676179343,right_foot,右脚,D4:22:CD:00:85:22,0.2927221953868866,0.756209135055542,-0.3020167648792267,0.5012461543083191,156.77501235144146,-69.21320829090591,-27.40052628442291,-1.1690139770507812,-7.534378528594971,16.721525192260742,103.40463256835938,107.16841125488281,-7.685894012451172
2026-04-02 13:03:18.412,1937.418278002,676212677,right_foot,右脚,D4:22:CD:00:85:22,0.31743279099464417,0.716012179851532,-0.2999151647090912,0.5446230173110962,148.07254656835337,-76.00548901709709,-20.255622176669384,-1.0165356397628784,-2.0271947383880615,10.785848617553711,-59.99755859375,207.90003967285156,37.95545196533203
2026-04-02 13:03:18.442,1937.448533657,676246011,right_foot,右脚,D4:22:CD:00:85:22,0.35043615102767944,0.6538606286048889,-0.2989213168621063,0.6002559661865234,108.76466618193545,-83.97312941175552,16.486828644230485,5.756593704223633,-1.2360875606536865,6.752029895782471,-94.26368713378906,286.7491760253906,60.62822341918945
2026-04-02 13:03:18.473,1937.479541546,676279345,right_foot,右脚,D4:22:CD:00:85:22,0.3714367747306824,0.5720995664596558,-0.29387030005455017,0.6696099042892456,10.318794410248591,-79.89085652095994,113.31645541355756,7.565439701080322,-0.9607551097869873,6.646489143371582,-68.60891723632812,351.1008605957031,112.25486755371094
2026-04-02 13:03:18.502,1937.508514912,676312679,right_foot,右脚,D4:22:CD:00:85:22,0.37880319356918335,0.484019011259079,-0.2882974147796631,0.7342470288276672,-8.819607422505557,-68.3096245970172,131.41096444340405,9.54666519165039,-0.681612491607666,8.175158500671387,-53.238006591796875,343.58184814453125,142.1591796875
2026-04-02 13:03:18.533,1937.539138418,676346013,right_foot,右脚,D4:22:CD:00:85:22,0.3717174232006073,0.3900800347328186,-0.28120529651641846,0.7940954566001892,-16.243619730108616,-55.95305713556227,138.5012840296597,14.498533248901367,-1.032191276550293,10.854436874389648,-37.34869384765625,338.4803771972656,174.9934844970703
2026-04-02 13:03:18.562,1937.568592264,676379347,right_foot,右脚,D4:22:CD:00:85:22,0.3575117290019989,0.2807140052318573,-0.2807803750038147,0.8453094959259033,-21.807584904367932,-42.48090640738705,142.7136818775644,23.22389793395996,0.07422183454036713,9.873846054077148,-73.49835205078125,354.2451171875,206.87564086914062
2026-04-02 13:03:18.622,1937.628508329,676412681,right_foot,右脚,D4:22:CD:00:85:22,0.3552558124065399,0.1844305545091629,-0.26175564527511597,0.8782159090042114,-22.46561885780696,-30.658491580443094,142.18357917896367,30.53095817565918,0.8507745265960693,-1.9399566650390625,-31.32051658630371,332.98565673828125,118.96530151367188
2026-04-02 13:03:18.653,1937.659291216,676446015,right_foot,右脚,D4:22:CD:00:85:22,0.344361811876297,0.12849800288677216,-0.275270938873291,0.8883295655250549,-26.16165563967467,-24.700980620142623,143.44720157192947,31.822080612182617,9.491752624511719,-18.078838348388672,-94.15595245361328,148.722412109375,102.72696685791016
2026-04-02 13:03:18.682,1937.688609686,676479349,right_foot,右脚,D4:22:CD:00:85:22,0.3401463031768799,0.17569595575332642,-0.2537239193916321,0.8882881999015808,-22.253380845158304,-28.995677444611534,143.9166266212202,27.08282470703125,8.752166748046875,-25.448686599731445,123.6047592163086,-123.3049545288086,-40.806663513183594
2026-04-02 13:03:18.712,1937.718638634,676512683,right_foot,右脚,D4:22:CD:00:85:22,0.32925766706466675,0.247891366481781,-0.23783838748931885,0.8795297145843506,-18.467091546257535,-36.34711183495428,145.06203591143702,6.423457145690918,2.614426851272583,16.767343521118164,132.89508056640625,-217.52101135253906,-47.757965087890625
2026-04-02 13:03:18.742,1937.748649932,676546017,right_foot,右脚,D4:22:CD:00:85:22,0.317046582698822,0.3323407471179962,-0.2409205287694931,0.8549788594245911,-16.883366482431786,-46.14159872505291,146.54209645064458,27.843626022338867,4.021519184112549,8.301654815673828,77.66622924804688,-290.62054443359375,-55.81214904785156
2026-04-02 13:03:18.772,1937.778201693,676579351,right_foot,右脚,D4:22:CD:00:85:22,0.3137718141078949,0.37139973044395447,-0.24712885916233063,0.8381748795509338,-16.752584983694373,-51.04862333361172,146.99664362011828,13.247946739196777,1.8334022760391235,4.308709144592285,15.808732986450195,-143.9145050048828,-32.04077911376953
2026-04-02 13:03:18.802,1937.80854375,676612685,right_foot,右脚,D4:22:CD:00:85:22,0.31147679686546326,0.39165952801704407,-0.2524728775024414,0.8281561732292175,-17.113860788658773,-53.705901097304896,147.48942441025966,8.52171516418457,-0.41218653321266174,5.356692790985107,2.666562795639038,-79.24462890625,-12.756107330322266
2026-04-02 13:03:18.832,1937.838541999,676646019,right_foot,右脚,D4:22:CD:00:85:22,0.3092362582683563,0.4022350311279297,-0.25804537534713745,0.8221877217292786,-17.90865832914516,-55.186955908464746,148.191573078731,8.328988075256348,-0.6612601280212402,5.7096333503723145,-4.988008499145508,-46.4192008972168,-0.041019994765520096
2026-04-02 13:03:18.862,1937.86862557,676679353,right_foot,右脚,D4:22:CD:00:85:22,0.30864742398262024,0.40493303537368774,-0.2603718340396881,0.8203492760658264,-18.28146508799913,-55.598518358253905,148.46129629449467,8.196062088012695,-1.308308482170105,5.274197578430176,-2.8925528526306152,-13.550192832946777,2.048051595687866
2026-04-02 13:03:18.922,1937.928624807,676712687,right_foot,右脚,D4:22:CD:00:85:22,0.3081110417842865,0.4056108295917511,-0.25942936539649963,0.8205146789550781,-18.14608952275735,-55.637691315724844,148.46979989347176,7.888636589050293,-1.9722447395324707,5.140470027923584,5.751407623291016,-1.5553127527236938,1.1446353197097778
2026-04-02 13:03:18.952,1937.958536247,676746021,right_foot,右脚,D4:22:CD:00:85:22,0.30787014961242676,0.4065929651260376,-0.25675511360168457,0.8209600448608398,-17.668234876365826,-55.65823041915328,148.26715911039636,7.435453414916992,-0.888168454170227,5.1026482582092285,10.687137603759766,0.06772328913211823,-2.182007312774658
2026-04-02 13:03:18.982,1937.988525603,676779355,right_foot,右脚,D4:22:CD:00:85:22,0.30682438611984253,0.40959176421165466,-0.25556930899620056,0.8202304840087891,-17.459718252647356,-55.970424906163174,148.31079162683645,7.323086261749268,-0.9962363839149475,5.335463523864746,8.559683799743652,-9.55286693572998,-0.9722538590431213
2026-04-02 13:03:19.013,1938.019655887,676812689,right_foot,右脚,D4:22:CD:00:85:22,0.30561795830726624,0.41557997465133667,-0.25495976209640503,0.8178550601005554,-17.263651157541233,-56.6792603204384,148.38148318366265,7.099040508270264,-0.9376260042190552,4.983911991119385,8.752274513244629,-21.051671981811523,-4.181035995483398
2026-04-02 13:03:19.043,1938.049589597,676846023,right_foot,右脚,D4:22:CD:00:85:22,0.30349111557006836,0.42902326583862305,-0.25423550605773926,0.8119093775749207,-16.870689096860186,-58.317565081650805,148.4684320651705,6.957119941711426,-2.07645320892334,5.746801853179932,14.98967170715332,-47.79925537109375,-12.168567657470703
2026-04-02 13:03:19.073,1938.079621387,676879357,right_foot,右脚,D4:22:CD:00:85:22,0.301262766122818,0.449846088886261,-0.254783034324646,0.8012275099754333,-16.4278124100134,-60.97059918289817,148.50183327252373,8.012893676757812,-0.9266822338104248,6.484760761260986,15.059326171875,-76.80271911621094,-21.547218322753906
2026-04-02 13:03:19.102,1938.108374204,676912691,right_foot,右脚,D4:22:CD:00:85:22,0.29829615354537964,0.4734596312046051,-0.26069217920303345,0.7866989374160767,-17.075865166708834,-64.21953390680727,149.23308562561888,8.533426284790039,0.35473179817199707,8.653314590454102,0.7867788672447205,-96.64775848388672,-17.816905975341797
2026-04-02 13:03:19.133,1938.139415067,676946025,right_foot,右脚,D4:22:CD:00:85:22,0.2933756709098816,0.5028999447822571,-0.2739514410495758,0.7654890418052673,-19.8675156690393,-68.53945077880569,151.67133251576342,8.799227714538574,-0.17074212431907654,9.4718017578125,-16.13823127746582,-132.62548828125,-12.809033393859863
2026-04-02 13:03:19.163,1938.169612473,676979359,right_foot,右脚,D4:22:CD:00:85:22,0.28329935669898987,0.5461145639419556,-0.29391971230506897,0.7315134406089783,-27.591496602951327,-74.90920639343459,158.96557952602777,8.696247100830078,-0.6186139583587646,11.748428344726562,-23.293596267700195,-202.70021057128906,-13.671173095703125
2026-04-02 13:03:19.223,1938.229394658,677012693,right_foot,右脚,D4:22:CD:00:85:22,0.2688087522983551,0.6141370534896851,-0.3137000799179077,0.6724361181259155,-61.95603200310316,-84.03523601780593,-166.76219671104465,8.783355712890625,-5.430898666381836,16.316679000854492,-16.23025894165039,-316.9034423828125,-52.68609619140625
2026-04-02 13:03:19.283,1938.289596805,677046027,right_foot,右脚,D4:22:CD:00:85:22,0.2478371411561966,0.7044015526771545,-0.33577290177345276,0.5741534233093262,-170.50996029128038,-77.23972756118597,-58.55970411367413,17.75448226928711,-5.191442966461182,17.83033561706543,-30.428377151489258,-461.327880859375,-93.300537109375
2026-04-02 13:03:19.313,1938.319602232,677079361,right_foot,右脚,D4:22:CD:00:85:22,0.23514534533023834,0.7640961408615112,-0.351601243019104,0.4870739281177521,177.676520505855,-65.46348234788492,-47.92575818162978,8.508866310119629,-4.655869483947754,13.693835258483887,-52.19976043701172,-358.5021667480469,-79.36767578125
2026-04-02 13:03:19.313,1938.319724013,677112695,right_foot,右脚,D4:22:CD:00:85:22,0.23900346457958221,0.7666614055633545,-0.3472270369529724,0.48429498076438904,175.86150235352184,-65.30668366383115,-46.07950798104805,14.04088306427002,-14.3885498046875,14.931398391723633,-6.531457424163818,-4.631434440612793,-22.460323333740234
2026-04-02 13:03:19.343,1938.349353654,677146029,right_foot,右脚,D4:22:CD:00:85:22,0.2590292692184448,0.7460472583770752,-0.3254144787788391,0.5200220942497253,171.58886923045108,-70.82253473681946,-41.146913608964894,-1.7075939178466797,1.9867949485778809,14.701857566833496,6.04742956161499,168.91793823242188,-36.01451873779297
2026-04-02 13:03:19.372,1938.378473205,677179363,right_foot,右脚,D4:22:CD:00:85:22,0.3144151270389557,0.6895192861557007,-0.32341307401657104,0.5666664242744446,157.269778801759,-80.00609506167251,-31.10813738460671,4.74916410446167,-3.1537740230560303,8.390819549560547,-140.3975830078125,283.1959533691406,1.1622604131698608
2026-04-02 13:03:19.403,1938.409589067,677212697,right_foot,右脚,D4:22:CD:00:85:22,0.3569144308567047,0.6147986054420471,-0.3080713450908661,0.6322396993637085,42.28029439088726,-85.79662532740396,81.58198055418578,6.022859573364258,-0.40431538224220276,7.192402362823486,-82.69033813476562,363.88897705078125,34.66273880004883
2026-04-02 13:03:19.433,1938.439594628,677246031,right_foot,右脚,D4:22:CD:00:85:22,0.38867586851119995,0.5314168930053711,-0.30182355642318726,0.6895143389701843,-0.7077876772753814,-75.34389684675591,121.72700221692988,8.083868026733398,0.1352495551109314,7.6182990074157715,-99.21125793457031,342.68365478515625,75.49519348144531
2026-04-02 13:03:19.463,1938.469779198,677279365,right_foot,右脚,D4:22:CD:00:85:22,0.4082106351852417,0.43711698055267334,-0.29677897691726685,0.7444566488265991,-10.89350196143934,-63.26864712006104,129.2484070196019,14.372523307800293,-2.434844732284546,8.067973136901855,-96.43917846679688,350.3489990234375,114.27544403076172
2026-04-02 13:03:19.523,1938.529582392,677312699,right_foot,右脚,D4:22:CD:00:85:22,0.406019926071167,0.33374732732772827,-0.28954896330833435,0.799951434135437,-17.50377482895321,-50.27209197116416,134.4422608413923,17.60093879699707,-2.1771209239959717,9.836495399475098,-69.87920379638672,355.7728576660156,176.1904754638672
2026-04-02 13:03:19.553,1938.559609382,677346033,right_foot,右脚,D4:22:CD:00:85:22,0.3986511528491974,0.22975169122219086,-0.2888566553592682,0.839555561542511,-22.532180105904636,-38.0307657179405,137.05444820749452,25.72608757019043,-3.2929630279541016,4.431329727172852,-97.86627197265625,325.2146301269531,176.18167114257812
2026-04-02 13:03:19.582,1938.58884399,677379367,right_foot,右脚,D4:22:CD:00:85:22,0.38310015201568604,0.15672114491462708,-0.2847933769226074,0.8646190166473389,-25.276032943109943,-29.289108218698097,138.91160676104636,36.691856384277344,9.990745544433594,-11.01923656463623,-52.45817947387695,220.5694122314453,146.98684692382812
2026-04-02 13:03:19.613,1938.619485201,677412701,right_foot,右脚,D4:22:CD:00:85:22,0.36406171321868896,0.1478976011276245,-0.27190548181533813,0.8784379959106445,-24.59458586528386,-27.24641257571376,141.0258691963609,29.08938217163086,4.753125190734863,-26.055465698242188,50.341400146484375,31.4324893951416,76.55308532714844
2026-04-02 13:03:19.643,1938.649544413,677446035,right_foot,右脚,D4:22:CD:00:85:22,0.33970823884010315,0.22479718923568726,-0.23997963964939117,0.881178081035614,-19.02163362869357,-34.00177265731682,143.6998080248051,14.078719139099121,9.381250381469727,-1.5890474319458008,208.50022888183594,-214.5295867919922,-9.790203094482422
2026-04-02 13:03:19.673,1938.679534441,677479369,right_foot,右脚,D4:22:CD:00:85:22,0.3225354552268982,0.30317988991737366,-0.24040202796459198,0.863863468170166,-17.41702859187657,-42.75682023009972,145.91522905708212,12.17480182647705,7.955280780792236,14.780827522277832,90.30016326904297,-266.3104248046875,-31.021183013916016
2026-04-02 13:03:19.703,1938.709296957,677512703,right_foot,右脚,D4:22:CD:00:85:22,0.3205306828022003,0.3529961407184601,-0.2442217618227005,0.844399094581604,-16.424107437336346,-48.82481841025857,145.9222137788258,24.49705696105957,-1.6987252235412598,2.8023858070373535,31.309682846069336,-174.66903686523438,-51.086116790771484
2026-04-02 13:03:19.732,1938.738495057,677546037,right_foot,右脚,D4:22:CD:00:85:22,0.31801965832710266,0.3756444454193115,-0.25111472606658936,0.8334847092628479,-16.892382949919202,-51.80456438598331,146.4798609705053,9.19890022277832,2.1181368827819824,5.711540699005127,0.5139680504798889,-89.08765411376953,-13.616795539855957
2026-04-02 13:03:19.763,1938.769553205,677579371,right_foot,右脚,D4:22:CD:00:85:22,0.3149925470352173,0.388256311416626,-0.2573198676109314,0.8269361853599548,-17.72911734258275,-53.53633130419031,147.2915842570128,7.986932277679443,-0.8624038100242615,5.659082412719727,-4.040733337402344,-54.385555267333984,0.30271321535110474
2026-04-02 13:03:19.822,1938.828444566,677612705,right_foot,右脚,D4:22:CD:00:85:22,0.3136298954486847,0.39372149109840393,-0.26020991802215576,0.8239604830741882,-18.15461355933352,-54.29580418560571,147.68974500707827,8.058900833129883,-1.547653317451477,5.576254844665527,-1.4707638025283813,-24.251951217651367,1.213517427444458
2026-04-02 13:03:19.853,1938.859533675,677646039,right_foot,右脚,D4:22:CD:00:85:22,0.3130587935447693,0.3940175473690033,-0.26026418805122375,0.8240189552307129,-18.206488626812583,-54.3223977262135,147.79428021751542,7.816439151763916,-1.5519742965698242,5.305776119232178,2.5288798809051514,-1.745339274406433,2.9222848415374756
2026-04-02 13:03:19.882,1938.888544394,677679373,right_foot,右脚,D4:22:CD:00:85:22,0.31308719515800476,0.3945615291595459,-0.2579125463962555,0.8244872093200684,-17.785189987292647,-54.30355665379929,147.5886138125465,7.485141754150391,-1.7036070823669434,5.152520656585693,9.07913875579834,1.2299456596374512,-1.8942983150482178
2026-04-02 13:03:19.913,1938.91938215,677712707,right_foot,右脚,D4:22:CD:00:85:22,0.3131924867630005,0.39722171425819397,-0.25597530603408813,0.823773205280304,-17.352626478009167,-54.56562157997026,147.36738896572373,7.014472007751465,-0.9042782783508301,5.718510150909424,8.932476043701172,-6.7461748123168945,-4.784667491912842
2026-04-02 13:03:19.943,1938.949214575,677746041,right_foot,右脚,D4:22:CD:00:85:22,0.31236931681632996,0.4025118052959442,-0.25447314977645874,0.8219814300537109,-16.98191883097111,-55.15426001374445,147.3011904406027,7.078029155731201,-1.004749059677124,5.459099769592285,10.750359535217285,-16.949520111083984,-5.127501010894775
2026-04-02 13:03:19.973,1938.979599604,677779375,right_foot,右脚,D4:22:CD:00:85:22,0.31051522493362427,0.41473105549812317,-0.25381141901016235,0.8167977929115295,-16.591265058572578,-56.62907367984993,147.35367683905002,6.737142562866211,-1.9442477226257324,5.83384895324707,14.189417839050293,-43.022274017333984,-10.86378002166748
2026-04-02 13:03:20.003,1939.009530758,677812709,right_foot,右脚,D4:22:CD:00:85:22,0.30818885564804077,0.43518000841140747,-0.25335150957107544,0.8071253895759583,-15.936751636422052,-59.16529140179287,147.28941126103422,7.580593109130859,-1.342846155166626,6.3989787101745605,19.07039451599121,-73.1499252319336,-21.3728084564209
2026-04-02 13:03:20.033,1939.039351404,677846043,right_foot,右脚,D4:22:CD:00:85:22,0.3060702681541443,0.4593348205089569,-0.2571592926979065,0.7932226657867432,-15.877777373211883,-62.39049261864146,147.45434383641472,8.09937572479248,-0.7081323266029358,7.798022270202637,7.066426753997803,-94.1034927368164,-23.421236038208008
2026-04-02 13:03:20.062,1939.068549731,677879377,right_foot,右脚,D4:22:CD:00:85:22,0.3041846752166748,0.4885660409927368,-0.26513516902923584,0.7736140489578247,-16.477715300537128,-66.52339373623722,147.92118528351548,8.468921661376953,0.07312207669019699,9.833171844482422,-4.5391716957092285,-121.16560363769531,-28.15166664123535
2026-04-02 13:03:20.123,1939.129538333,677912711,right_foot,右脚,D4:22:CD:00:85:22,0.29667434096336365,0.5282844305038452,-0.2843244969844818,0.743007242679596,-21.26933539872539,-72.50469884743957,152.14715134263494,8.770971298217773,1.1998403072357178,11.346035957336426,-24.246414184570312,-184.49034118652344,-15.614274978637695
2026-04-02 13:03:20.153,1939.15936985,677946045,right_foot,右脚,D4:22:CD:00:85:22,0.28253206610679626,0.5868791937828064,-0.31011858582496643,0.6925137639045715,-39.490836619152596,-81.14472310946513,169.78104972097924,8.475269317626953,-3.857513666152954,13.807792663574219,-29.68650245666504,-282.3445739746094,-25.629680633544922
2026-04-02 13:03:20.182,1939.18848422,677979379,right_foot,右脚,D4:22:CD:00:85:22,0.2639814615249634,0.6724280714988708,-0.33411717414855957,0.6054091453552246,-158.78039827359433,-82.13341288565422,-71.38399932180629,13.041139602661133,-6.201935291290283,17.7716007232666,-30.099138259887695,-424.24896240234375,-83.38738250732422
2026-04-02 13:03:20.213,1939.219404244,678012713,right_foot,右脚,D4:22:CD:00:85:22,0.24713028967380524,0.7531161904335022,-0.34654998779296875,0.5016433000564575,176.2505137240102,-67.95313398067478,-46.89217290185055,16.53058433532715,-5.392867565155029,17.282806396484375,-34.62218475341797,-440.64508056640625,-123.07128143310547
2026-04-02 13:03:20.273,1939.279300863,678046047,right_foot,右脚,D4:22:CD:00:85:22,0.2479817420244217,0.7729796171188354,-0.3556073009967804,0.4631969630718231,173.1334826203205,-63.182935167010704,-45.18330322903715,15.61923599243164,-13.594857215881348,11.762776374816895,-49.1718864440918,-141.78929138183594,-33.51321792602539
2026-04-02 13:03:20.273,1939.279398594,678079381,right_foot,右脚,D4:22:CD:00:85:22,0.2384023219347,0.7627481818199158,-0.32493773102760315,0.5057623386383057,174.6642359294087,-67.8910633203186,-42.55583715313521,-2.4851458072662354,-5.160645961761475,17.01744270324707,114.09996795654297,142.3306121826172,-16.29727554321289
2026-04-02 13:03:20.303,1939.309617436,678112715,right_foot,右脚,D4:22:CD:00:85:22,0.2767099440097809,0.7158933281898499,-0.3219965398311615,0.5542985796928406,170.41851657589902,-76.36964107832667,-40.89232121415927,2.4151246547698975,-1.0681065320968628,10.902328491210938,-83.89073181152344,252.4376678466797,18.776546478271484
2026-04-02 13:03:20.333,1939.339582697,678146049,right_foot,右脚,D4:22:CD:00:85:22,0.32523563504219055,0.6451308727264404,-0.29765433073043823,0.6240435242652893,101.2587554521229,-87.18649569019675,26.459151323784567,5.408278942108154,-2.722752571105957,7.104794502258301,-68.16632080078125,382.27679443359375,-7.569925308227539
2026-04-02 13:03:20.363,1939.369659404,678179383,right_foot,右脚,D4:22:CD:00:85:22,0.36911818385124207,0.5579548478126526,-0.2834327518939972,0.6870985627174377,5.904136170383108,-77.41659866899595,118.7764650087962,7.462314605712891,-0.6538999080657959,7.2186737060546875,-105.07848358154297,386.6241760253906,33.089088439941406
2026-04-02 13:03:20.422,1939.428631854,678212717,right_foot,右脚,D4:22:CD:00:85:22,0.3924577534198761,0.46446946263313293,-0.27949413657188416,0.7430535554885864,-7.022521839742364,-65.45429400549187,128.83315841825222,12.34438419342041,-2.6204025745391846,7.95081090927124,-104.6950454711914,354.92071533203125,97.45291137695312
2026-04-02 13:03:20.453,1939.459662868,678246051,right_foot,右脚,D4:22:CD:00:85:22,0.3881344199180603,0.3649929165840149,-0.282025009393692,0.7978686094284058,-16.18178238898024,-53.260125964716714,136.2719149287825,17.519983291625977,-2.468303918838501,10.522405624389648,-85.87908172607422,333.58544921875,181.81703186035156
2026-04-02 13:03:20.483,1939.489516464,678279385,right_foot,右脚,D4:22:CD:00:85:22,0.3721775710582733,0.25433358550071716,-0.29060080647468567,0.8440082669258118,-23.231850861193838,-40.21286554762534,141.01531309165145,25.65315055847168,-0.5008537769317627,6.175673007965088,-110.46054077148438,334.8108825683594,220.12136840820312
2026-04-02 13:03:20.512,1939.518284999,678312719,right_foot,右脚,D4:22:CD:00:85:22,0.3586728572845459,0.16225124895572662,-0.2876740097999573,0.8730821013450623,-26.272195089924594,-29.31947588693005,142.32006413205184,33.16837692260742,3.7198894023895264,-6.773462772369385,-70.82254028320312,283.1439208984375,162.91445922851562
2026-04-02 13:03:20.543,1939.54952797,678346053,right_foot,右脚,D4:22:CD:00:85:22,0.34415769577026367,0.1309114247560501,-0.28063637018203735,0.8863753080368042,-26.75101767011701,-25.165825376711545,143.6364430656469,31.84280014038086,9.022003173828125,-22.171520233154297,2.8563997745513916,95.51776123046875,85.6834716796875
2026-04-02 13:03:20.573,1939.579528001,678379387,right_foot,右脚,D4:22:CD:00:85:22,0.32934966683387756,0.19965799152851105,-0.24699774384498596,0.8891896605491638,-21.08243449929697,-31.182421292299846,145.29622361236645,20.748308181762695,7.6273274421691895,-14.42446231842041,193.69683837890625,-183.52256774902344,-32.20392608642578
2026-04-02 13:03:20.603,1939.609536023,678412721,right_foot,右脚,D4:22:CD:00:85:22,0.3128652572631836,0.2755241394042969,-0.2354862540960312,0.8779228329658508,-18.106883062932276,-39.13342943652287,147.25382550255097,5.279728889465332,7.656955718994141,17.31638526916504,123.98806762695312,-241.49183654785156,-32.89280319213867
2026-04-02 13:03:20.633,1939.639219354,678446055,right_foot,右脚,D4:22:CD:00:85:22,0.3059644103050232,0.34530001878738403,-0.24013736844062805,0.85410076379776,-17.108552561410818,-47.45857630827291,148.14784883272088,29.56406593322754,-0.6061327457427979,5.027478218078613,49.459102630615234,-244.48422241210938,-55.190914154052734
2026-04-02 13:03:20.663,1939.669612372,678479389,right_foot,右脚,D4:22:CD:00:85:22,0.30361494421958923,0.37867945432662964,-0.24486327171325684,0.8393223881721497,-16.974087287252825,-51.66119075932645,148.48907395970315,10.577342987060547,1.7717193365097046,5.466734409332275,13.893898010253906,-122.90873718261719,-28.33474349975586
2026-04-02 13:03:20.723,1939.72958037,678512723,right_foot,右脚,D4:22:CD:00:85:22,0.30138224363327026,0.39746150374412537,-0.24874107539653778,0.8302538394927979,-17.201627313813223,-54.08809540225393,148.92856273249413,8.608057975769043,0.6234868764877319,5.5084991455078125,5.9806389808654785,-72.3135757446289,-11.538276672363281
2026-04-02 13:03:20.752,1939.758448545,678546057,right_foot,右脚,D4:22:CD:00:85:22,0.2989600598812103,0.40535005927085876,-0.2544883191585541,0.8255605697631836,-18.16864027753717,-55.229752003643874,149.74887555259144,8.30358600616455,-0.4987526834011078,5.957427024841309,-6.5998125076293945,-37.34369659423828,5.334413051605225
2026-04-02 13:03:20.783,1939.789527967,678579391,right_foot,右脚,D4:22:CD:00:85:22,0.29769909381866455,0.40577855706214905,-0.25803133845329285,0.8247056007385254,-18.896480019762052,-55.37884872054813,150.28522268323565,8.14332389831543,-1.5445207357406616,5.211994647979736,-6.298146724700928,-7.56791877746582,9.376663208007812
2026-04-02 13:03:20.813,1939.819547196,678612725,right_foot,右脚,D4:22:CD:00:85:22,0.2972421646118164,0.4047306478023529,-0.25720423460006714,0.8256431221961975,-18.824149080071887,-55.208083759934844,150.30839965544146,7.727208137512207,-1.9203466176986694,4.942943572998047,5.008039951324463,4.291907787322998,4.10223913192749
2026-04-02 13:03:20.843,1939.849529838,678646059,right_foot,右脚,D4:22:CD:00:85:22,0.29721981287002563,0.404599666595459,-0.2557837665081024,0.8261564373970032,-18.58160968656384,-55.14219416542452,150.1909166403801,7.218011856079102,-1.1464025974273682,5.309866428375244,6.600022315979004,2.0906026363372803,0.7665726542472839
2026-04-02 13:03:20.872,1939.878474294,678679393,right_foot,右脚,D4:22:CD:00:85:22,0.2974562644958496,0.40787339210510254,-0.2543327510356903,0.8249086737632751,-18.209440154715278,-55.509693865824055,149.98318957421787,7.097344875335693,-1.5108901262283325,5.068028926849365,8.190568923950195,-9.76345157623291,-4.85740327835083
2026-04-02 13:03:20.903,1939.909593522,678712727,right_foot,右脚,D4:22:CD:00:85:22,0.29840603470802307,0.4177318811416626,-0.2501976788043976,0.82088702917099,-17.070384590517,-56.630622936795284,149.2917786728621,6.546282768249512,-2.7093312740325928,5.618391513824463,19.059085845947266,-28.929187774658203,-19.329469680786133
2026-04-02 13:03:20.933,1939.939604065,678746061,right_foot,右脚,D4:22:CD:00:85:22,0.2984740734100342,0.435329407453537,-0.24679815769195557,0.8127068877220154,-15.803453808833654,-58.750442586563494,148.60202122392263,7.733717441558838,-0.3730607330799103,6.166732311248779,22.525102615356445,-58.210445404052734,-26.874847412109375
2026-04-02 13:03:20.963,1939.969342625,678779395,right_foot,右脚,D4:22:CD:00:85:22,0.2969476580619812,0.4582974910736084,-0.24839340150356293,0.8000540733337402,-15.344768531489132,-61.7444588705164,148.48313696864037,7.637889385223389,-0.9574650526046753,7.09960412979126,12.622665405273438,-86.36195373535156,-24.24140739440918
2026-04-02 13:03:21.023,1940.029539084,678812729,right_foot,右脚,D4:22:CD:00:85:22,0.2963579595088959,0.48725399374961853,-0.25218382477760315,0.7817667722702026,-14.846465790149352,-65.68714286077858,148.09306163458928,8.427553176879883,-1.0248336791992188,9.678635597229004,6.2768049240112305,-113.1570816040039,-34.47215270996094
2026-04-02 13:03:21.053,1940.059536908,678846063,right_foot,右脚,D4:22:CD:00:85:22,0.2916790544986725,0.5249031186103821,-0.2659013271331787,0.7541200518608093,-17.137905377301337,-71.22595227802394,150.0290519751518,8.968215942382812,2.355098009109497,11.111059188842773,-13.17963695526123,-165.93548583984375,-24.264842987060547
2026-04-02 13:03:21.083,1940.089243915,678879397,right_foot,右脚,D4:22:CD:00:85:22,0.27916795015335083,0.578162431716919,-0.2922370135784149,0.7087956666946411,-29.654141968418564,-79.34681209371816,161.7720295007004,8.342667579650879,-0.8427442908287048,13.96410083770752,-32.75095748901367,-258.4042053222656,-13.493700981140137
2026-04-02 13:03:21.112,1940.118533193,678912731,right_foot,右脚,D4:22:CD:00:85:22,0.25947415828704834,0.6629340052604675,-0.3215070068836212,0.6243600845336914,-146.1652050818542,-84.07839278131834,-82.41598221802104,10.785940170288086,-5.333980560302734,18.953794479370117,-35.69145584106445,-423.9905700683594,-59.83774948120117
2026-04-02 13:03:21.143,1940.149528465,678946065,right_foot,右脚,D4:22:CD:00:85:22,0.23870190978050232,0.746312141418457,-0.33904433250427246,0.5206621289253235,179.4606281639947,-69.88654149162954,-48.487047159456985,19.14042091369629,-6.783122539520264,17.449928283691406,-32.30040740966797,-456.2751159667969,-99.8681869506836
2026-04-02 13:03:21.173,1940.179529885,678979399,right_foot,右脚,D4:22:CD:00:85:22,0.24304212629795074,0.7775195837020874,-0.3578498065471649,0.45644012093544006,173.71107580450547,-62.095295245694274,-45.639753881324054,14.653158187866211,-8.800868034362793,11.2904691696167,-97.07099151611328,-232.7203369140625,-47.346351623535156
2026-04-02 13:03:21.203,1940.209352249,679012733,right_foot,右脚,D4:22:CD:00:85:22,0.2340429276227951,0.7721655368804932,-0.3274209201335907,0.4917117953300476,174.46268051895171,-65.87084877849338,-42.368016614869575,2.8357150554656982,-11.248472213745117,14.631147384643555,106.16827392578125,115.0562744140625,-29.259008407592773
2026-04-02 13:03:21.233,1940.239388302,679046067,right_foot,右脚,D4:22:CD:00:85:22,0.2640460133552551,0.7385278344154358,-0.31301915645599365,0.5356078743934631,169.202311415324,-73.02360755074984,-37.93453546170191,-0.23807787895202637,2.732455253601074,11.541479110717773,-38.92477035522461,216.5159149169922,-13.950972557067871
2026-04-02 13:03:21.293,1940.299636302,679079401,right_foot,右脚,D4:22:CD:00:85:22,0.311768114566803,0.6787747740745544,-0.2999310791492462,0.5933863520622253,146.4277665970884,-83.01061182094413,-17.7874900858091,5.262936115264893,-3.6989617347717285,6.3875861167907715,-96.14417266845703,317.7402038574219,-3.380397081375122
2026-04-02 13:03:21.323,1940.32931053,679112735,right_foot,右脚,D4:22:CD:00:85:22,0.35141974687576294,0.6001877784729004,-0.28204771876335144,0.6608543395996094,22.157918393603815,-82.52736772957654,104.49798628646175,6.148261547088623,-0.47785037755966187,6.878210544586182,-78.44388580322266,375.7424621582031,30.218454360961914
2026-04-02 13:03:21.353,1940.359458802,679146069,right_foot,右脚,D4:22:CD:00:85:22,0.38282668590545654,0.5105348825454712,-0.2747805118560791,0.7192314863204956,-0.7638117969468247,-70.86900732730273,124.49327580539259,10.066702842712402,-1.5283094644546509,7.680326461791992,-108.00144958496094,361.4137268066406,68.876220703125
2026-04-02 13:03:21.383,1940.389554754,679179403,right_foot,右脚,D4:22:CD:00:85:22,0.3940551280975342,0.40828660130500793,-0.2718603014945984,0.7772484421730042,-10.998812642294698,-58.09609485016816,132.35293931399642,14.7825288772583,-3.2814152240753174,9.099119186401367,-100.12776947021484,367.8125305175781,136.0830841064453
2026-04-02 13:03:21.413,1940.419564031,679212737,right_foot,右脚,D4:22:CD:00:85:22,0.38376596570014954,0.29733365774154663,-0.274837464094162,0.829928457736969,-18.736669255549494,-44.78734811395018,138.14541185970236,20.27046775817871,-1.4143353700637817,8.951522827148438,-101.55305480957031,356.5064697265625,201.37954711914062
2026-04-02 13:03:21.443,1940.449334091,679246071,right_foot,右脚,D4:22:CD:00:85:22,0.3626480996608734,0.1950472593307495,-0.2829771935939789,0.866237461566925,-24.544565969452137,-32.89877454850641,141.91665813009215,30.08177375793457,0.8863255977630615,-0.11579322814941406,-107.27545928955078,298.67327880859375,207.54319763183594
2026-04-02 13:03:21.473,1940.479659558,679279405,right_foot,右脚,D4:22:CD:00:85:22,0.3316941559314728,0.14645476639270782,-0.26724597811698914,0.8928102254867554,-25.020054647421215,-26.02735769795473,145.10938966856943,37.25192642211914,4.9505109786987305,-20.277549743652344,30.323490142822266,152.17633056640625,158.04403686523438
2026-04-02 13:03:21.503,1940.509677984,679312739,right_foot,右脚,D4:22:CD:00:85:22,0.3075982630252838,0.1847597360610962,-0.24162745475769043,0.9015896916389465,-21.561599028905672,-28.803225418831268,147.92201201655413,25.224822998046875,9.17487907409668,-25.990535736083984,142.11436462402344,-106.65332794189453,35.57895278930664
2026-04-02 13:03:21.533,1940.539579069,679346073,right_foot,右脚,D4:22:CD:00:85:22,0.2761550545692444,0.2618024945259094,-0.22344110906124115,0.8973698019981384,-18.574486981335635,-36.3898082065426,151.9429941746351,7.625422477722168,7.697051048278809,14.739788055419922,155.4252471923828,-249.35345458984375,19.480260848999023
2026-04-02 13:03:21.563,1940.569406165,679379407,right_foot,右脚,D4:22:CD:00:85:22,0.27077460289001465,0.3397205173969269,-0.22765330970287323,0.8714616894721985,-17.73200723312694,-45.6753341868316,152.99553639848335,32.670379638671875,2.757908582687378,8.320843696594238,47.01361083984375,-272.7360534667969,-62.13623809814453
2026-04-02 13:03:21.623,1940.629519361,679412741,right_foot,右脚,D4:22:CD:00:85:22,0.27220433950424194,0.376681387424469,-0.2283490002155304,0.8554958701133728,-16.875497627214944,-50.247463263950216,152.65809137261894,9.417173385620117,1.8852835893630981,6.378662586212158,20.695688247680664,-129.41419982910156,-44.22074890136719
2026-04-02 13:03:21.653,1940.659543659,679446075,right_foot,右脚,D4:22:CD:00:85:22,0.2722937762737274,0.39707711338996887,-0.23198524117469788,0.8452035784721375,-16.953842946427542,-52.89753430746561,152.76642322529645,8.147470474243164,-0.7592535614967346,5.46258020401001,2.903228998184204,-77.05970764160156,-18.246950149536133
2026-04-02 13:03:21.683,1940.689490222,679479409,right_foot,右脚,D4:22:CD:00:85:22,0.27192598581314087,0.41021135449409485,-0.23494984209537506,0.8382015824317932,-17.160149135094287,-54.632594569198325,152.96425439575106,8.340362548828125,-0.5041095614433289,5.751148700714111,1.2592419385910034,-51.19092559814453,-9.206650733947754
2026-04-02 13:03:21.713,1940.719604154,679512743,right_foot,右脚,D4:22:CD:00:85:22,0.2710008919239044,0.41249147057533264,-0.23640935122966766,0.8369709849357605,-17.443376908145787,-54.94695387497128,153.2389560777706,8.277135848999023,-0.4394547939300537,5.539626598358154,0.75678950548172,-10.823403358459473,4.237306118011475
2026-04-02 13:03:21.743,1940.749532431,679546077,right_foot,右脚,D4:22:CD:00:85:22,0.2698223888874054,0.4129452109336853,-0.23544137179851532,0.8374006152153015,-17.37272930163858,-54.950440680015504,153.36553973825698,7.80218505859375,-2.1903581619262695,5.151684761047363,7.565892696380615,-1.1711289882659912,4.3777875900268555
2026-04-02 13:03:21.773,1940.779535059,679579411,right_foot,右脚,D4:22:CD:00:85:22,0.2697503864765167,0.41350725293159485,-0.23360897600650787,0.8376596570014954,-17.045184947306662,-54.96371161198331,153.21416321852303,7.493495464324951,-0.8445821404457092,5.15201473236084,8.246308326721191,-0.027149489149451256,-0.4771650731563568
2026-04-02 13:03:21.803,1940.809386888,679612745,right_foot,右脚,D4:22:CD:00:85:22,0.2699279189109802,0.41505667567253113,-0.23159268498420715,0.8373960256576538,-16.63622714257999,-55.10080910750267,152.99086018125163,7.171774864196777,-1.2197033166885376,5.137195110321045,8.723597526550293,-3.2425589561462402,-2.903369665145874
2026-04-02 13:03:21.833,1940.839710631,679646079,right_foot,右脚,D4:22:CD:00:85:22,0.2709055542945862,0.4209766983985901,-0.22717876732349396,0.8353315591812134,-15.6025587282089,-55.730489472275984,152.34920973199624,6.758685111999512,-1.9259799718856812,5.471140384674072,16.929885864257812,-15.522453308105469,-13.967002868652344
2026-04-02 13:03:21.863,1940.869655288,679679413,right_foot,右脚,D4:22:CD:00:85:22,0.2715080976486206,0.433912068605423,-0.22304092347621918,0.8296125531196594,-14.392528252511346,-57.253509837823515,151.64134726032174,7.0366973876953125,-0.9549964666366577,6.1397294998168945,20.142065048217773,-41.48797607421875,-21.618154525756836
2026-04-02 13:03:21.923,1940.929478483,679712747,right_foot,右脚,D4:22:CD:00:85:22,0.2705400288105011,0.4550591707229614,-0.22197704017162323,0.8188139200210571,-13.533684921462337,-59.91974826091126,151.25772843072156,7.442498207092285,-1.055405855178833,6.93132209777832,17.29926109313965,-76.5548324584961,-23.83220100402832
2026-04-02 13:03:21.953,1940.959507955,679746081,right_foot,右脚,D4:22:CD:00:85:22,0.271584689617157,0.48200076818466187,-0.22275665402412415,0.8026811480522156,-12.388980422983947,-63.4801820464504,150.29586115500294,8.325504302978516,-0.8703446984291077,8.639711380004883,10.044820785522461,-101.39973449707031,-36.28652572631836
2026-04-02 13:03:21.983,1940.989534026,679779415,right_foot,右脚,D4:22:CD:00:85:22,0.2711605429649353,0.5132834315299988,-0.23025259375572205,0.7810227274894714,-12.489274717872062,-67.91731102939364,150.13662149808567,8.78458023071289,1.018873691558838,10.45134162902832,-6.601620197296143,-129.99005126953125,-29.89356231689453
2026-04-02 13:03:22.016,1941.022113079,679812749,right_foot,右脚,D4:22:CD:00:85:22,0.2634289860725403,0.5598641633987427,-0.24869182705879211,0.7451914548873901,-16.879116234067567,-74.89208467069834,154.02773878247893,8.28774642944336,0.3276965618133545,11.876729965209961,-20.544063568115234,-212.25152587890625,-16.56245231628418
2026-04-02 13:03:22.043,1941.049568783,679846083,right_foot,右脚,D4:22:CD:00:85:22,0.25268614292144775,0.6311933994293213,-0.2637660503387451,0.6842313408851624,-33.235286090360276,-85.6085680864258,170.3641014672495,8.868328094482422,-6.693554401397705,14.821783065795898,-5.8693742752075195,-324.0291748046875,-59.57106018066406
2026-04-02 13:03:22.073,1941.0795987,679879417,right_foot,右脚,D4:22:CD:00:85:22,0.24440652132034302,0.724850058555603,-0.26468345522880554,0.5871977806091309,167.17288025098458,-78.70762020902609,-29.586556653059883,17.706993103027344,-9.56806468963623,18.956655502319336,7.6003313064575195,-441.41058349609375,-148.07437133789062
2026-04-02 13:03:22.103,1941.109548973,679912751,right_foot,右脚,D4:22:CD:00:85:22,0.24238307774066925,0.7901414632797241,-0.2628858983516693,0.49781349301338196,162.59170690014219,-66.08163139854166,-25.432188677556297,11.121223449707031,-7.908509254455566,12.708599090576172,-20.74401092529297,-357.0777282714844,-134.50340270996094
2026-04-02 13:03:22.134,1941.141011671,679946085,right_foot,右脚,D4:22:CD:00:85:22,0.2356315553188324,0.7953080534934998,-0.2509129047393799,0.49900493025779724,162.35060639579189,-65.77916184017676,-23.554034647440194,15.155218124389648,-13.918067932128906,15.505392074584961,40.25141143798828,-3.72556471824646,-23.379470825195312
2026-04-02 13:03:22.163,1941.169614394,679979419,right_foot,右脚,D4:22:CD:00:85:22,0.2392471432685852,0.7729771137237549,-0.23825663328170776,0.5371231436729431,159.7336516190044,-70.79922832238907,-19.785103921514164,-2.078982353210449,1.225833773612976,15.349416732788086,21.622188568115234,153.61087036132812,10.640052795410156
2026-04-02 13:03:22.223,1941.229546446,680012753,right_foot,右脚,D4:22:CD:00:85:22,0.2812967300415039,0.7185361385345459,-0.249468594789505,0.5851011872291565,144.430677331392,-78.86713865162946,-8.737268734244054,1.4949915409088135,-1.652674674987793,8.215188980102539,-143.6101837158203,251.05775451660156,37.04240417480469
2026-04-02 13:03:22.254,1941.260302044,680046087,right_foot,右脚,D4:22:CD:00:85:22,0.3168070316314697,0.6421980261802673,-0.2557135820388794,0.6494814157485962,59.296734246532274,-85.01306410386194,72.89384320750207,6.906155586242676,-0.2961890399456024,6.445918560028076,-125.05123138427734,335.20977783203125,71.60372924804688
2026-04-02 13:03:22.283,1941.289360303,680079421,right_foot,右脚,D4:22:CD:00:85:22,0.32796260714530945,0.5567833185195923,-0.2551257014274597,0.7192662954330444,-0.41247904629262505,-75.53354754876166,131.2966078212047,8.194925308227539,0.33350762724876404,8.052412033081055,-60.977115631103516,353.8733215332031,123.65963745117188
2026-04-02 13:03:22.313,1941.31961564,680112755,right_foot,右脚,D4:22:CD:00:85:22,0.3232329487800598,0.46208757162094116,-0.2566438615322113,0.7849395275115967,-13.284786643566822,-63.04117795152664,143.407235532969,13.064815521240234,-0.09275467693805695,9.470961570739746,-49.56487274169922,353.2156677246094,169.45358276367188
2026-04-02 13:03:22.342,1941.348225126,680146089,right_foot,右脚,D4:22:CD:00:85:22,0.30881500244140625,0.3579902946949005,-0.2557408809661865,0.8432515859603882,-18.930679523027745,-49.61471273248004,148.5858026676752,16.191234588623047,0.6498119831085205,11.461666107177734,-43.84778594970703,361.7239074707031,191.03286743164062
2026-04-02 13:03:22.373,1941.379370176,680179423,right_foot,右脚,D4:22:CD:00:85:22,0.3040899932384491,0.2515040934085846,-0.2624746263027191,0.8805579543113708,-22.801736900318456,-37.053429818762936,149.62843265131852,27.328344345092773,-0.7551230192184448,3.608920097351074,-97.84864807128906,343.60992431640625,151.65924072265625
2026-04-02 13:03:22.403,1941.409519922,680212757,right_foot,右脚,D4:22:CD:00:85:22,0.29300999641418457,0.1794336885213852,-0.25369319319725037,0.9042062759399414,-23.666146419792998,-28.239561028386976,150.12368193442958,34.41273498535156,6.970285415649414,-11.43084716796875,-19.946998596191406,237.83961486816406,112.87381744384766
2026-04-02 13:03:22.433,1941.439619272,680246091,right_foot,右脚,D4:22:CD:00:85:22,0.27762743830680847,0.18056485056877136,-0.24934713542461395,0.9100251793861389,-23.56971925130404,-27.84544482265025,151.9899270688826,32.58014678955078,7.906679153442383,-27.967885971069336,28.6773624420166,-9.49557876586914,49.59687423706055
2026-04-02 13:03:22.463,1941.469706963,680279425,right_foot,右脚,D4:22:CD:00:85:22,0.2712523341178894,0.25462162494659424,-0.2211955040693283,0.9014784097671509,-18.646875671181554,-35.38522400000924,152.50312645597646,15.978317260742188,9.121294021606445,2.38568115234375,156.35301208496094,-216.5466766357422,-67.40325164794922
2026-04-02 13:03:22.522,1941.528504568,680312759,right_foot,右脚,D4:22:CD:00:85:22,0.262859582901001,0.3414536118507385,-0.21676583588123322,0.875972330570221,-16.574136499613278,-45.4113644357647,153.56854796515253,18.091083526611328,-1.338788628578186,12.545300483703613,83.9736328125,-294.6717224121094,-65.77166748046875
2026-04-02 13:03:22.553,1941.559466662,680346093,right_foot,右脚,D4:22:CD:00:85:22,0.2646370828151703,0.38470524549484253,-0.2185383141040802,0.856860876083374,-15.687917300492638,-50.79996196809403,153.1593197255913,17.861103057861328,5.835320472717285,2.981846332550049,19.369403839111328,-153.45187377929688,-50.49946212768555
2026-04-02 13:03:22.583,1941.589646671,680379427,right_foot,右脚,D4:22:CD:00:85:22,0.26451805233955383,0.4035162627696991,-0.22141848504543304,0.8474544286727905,-15.683378104367364,-53.23157821856964,153.22630065941257,9.580981254577637,-0.06977834552526474,4.760520935058594,4.068020820617676,-70.94530487060547,-16.11117935180664
2026-04-02 13:03:22.613,1941.619438536,680412761,right_foot,右脚,D4:22:CD:00:85:22,0.2636851370334625,0.4127507507801056,-0.22503723204135895,0.8422977924346924,-16.134929338663763,-54.48818417393414,153.5825394760469,7.777154445648193,0.12843576073646545,6.482159614562988,-2.542504072189331,-38.35836410522461,-1.9636194705963135
2026-04-02 13:03:22.643,1941.649618,680446095,right_foot,右脚,D4:22:CD:00:85:22,0.2623220682144165,0.415086030960083,-0.22865724563598633,0.8405992388725281,-16.83217101848692,-54.865693530437866,154.12066976866222,8.210981369018555,-1.1262001991271973,5.444133281707764,-5.519866466522217,-13.903359413146973,7.8758955001831055
2026-04-02 13:03:22.673,1941.67963829,680479429,right_foot,右脚,D4:22:CD:00:85:22,0.2609185576438904,0.4174754321575165,-0.22975431382656097,0.8395530581474304,-17.100072701978817,-55.172919909789826,154.45434612540424,7.678781986236572,-2.268969774246216,5.28406286239624,2.315460205078125,-10.906736373901367,4.838181972503662
2026-04-02 13:03:22.703,1941.709438971,680512763,right_foot,右脚,D4:22:CD:00:85:22,0.2610708475112915,0.420349657535553,-0.22845542430877686,0.8384252190589905,-16.78981893275071,-55.50232336188132,154.2885937274307,7.511990547180176,-1.0217294692993164,5.098698616027832,7.277501583099365,-9.044580459594727,-3.662386655807495
2026-04-02 13:03:22.733,1941.739592289,680546097,right_foot,右脚,D4:22:CD:00:85:22,0.26057854294776917,0.42478781938552856,-0.22778059542179108,0.8365228176116943,-16.611154988024353,-56.03701283028164,154.27995541505712,7.145323753356934,-0.9229724407196045,5.593578815460205,7.089244365692139,-15.731816291809082,-2.9377377033233643
2026-04-02 13:03:22.793,1941.799640787,680579431,right_foot,右脚,D4:22:CD:00:85:22,0.2614469826221466,0.4325193166732788,-0.22498610615730286,0.8330392241477966,-15.823362314863179,-56.95625577895832,153.77359880622595,7.221041202545166,-2.1162261962890625,5.1171393394470215,12.820560455322266,-24.53863525390625,-14.053075790405273
2026-04-02 13:03:22.824,1941.830375755,680612765,right_foot,右脚,D4:22:CD:00:85:22,0.26436740159988403,0.4443597197532654,-0.21955451369285583,0.8273153901100159,-14.159458934923808,-58.357371859969746,152.4919198594337,7.17575740814209,-1.6302887201309204,5.664124965667725,19.193540573120117,-35.64512252807617,-29.184139251708984
2026-04-02 13:03:22.853,1941.85947282,680646099,right_foot,右脚,D4:22:CD:00:85:22,0.2673627734184265,0.464866042137146,-0.21519382297992706,0.8161548972129822,-12.194132885640919,-60.91206372140931,150.91166213756256,7.387084007263184,-0.7703167796134949,7.0524187088012695,19.698261260986328,-69.48065948486328,-39.4218635559082
2026-04-02 13:03:22.883,1941.889683055,680679433,right_foot,右脚,D4:22:CD:00:85:22,0.26800861954689026,0.49132412672042847,-0.2172851711511612,0.7997247576713562,-11.260829226605905,-64.46421643049361,150.0592412846953,8.5624361038208,0.41334298253059387,9.424482345581055,6.733400821685791,-102.26808166503906,-31.995468139648438
2026-04-02 13:03:22.913,1941.919613883,680712767,right_foot,右脚,D4:22:CD:00:85:22,0.26461705565452576,0.5247787237167358,-0.22981229424476624,0.7757397294044495,-12.9199808309216,-69.35895522204748,151.28851120012712,8.720629692077637,2.5109786987304688,10.387151718139648,-14.599879264831543,-146.9685516357422,-15.713617324829102
2026-04-02 13:03:23.003,1942.009624258,680746101,right_foot,右脚,D4:22:CD:00:85:22,0.25376754999160767,0.5745445489883423,-0.2539171576499939,0.7355454564094543,-21.23553488726702,-76.92599467747016,158.87094755532866,8.022725105285645,-1.5023962259292603,12.725699424743652,-30.364439010620117,-236.3717803955078,-2.828428268432617
2026-04-02 13:03:23.003,1942.009704217,680779435,right_foot,右脚,D4:22:CD:00:85:22,0.24490243196487427,0.6562851667404175,-0.2709043323993683,0.6602452993392944,-102.73517809304428,-87.86868795159502,-120.05456880912548,10.432879447937012,-8.80017375946045,17.117643356323242,-19.834144592285156,-379.3656005859375,-80.97632598876953
2026-04-02 13:03:23.033,1942.039544169,680812769,right_foot,右脚,D4:22:CD:00:85:22,0.24268437922000885,0.7459739446640015,-0.27385714650154114,0.5564438700675964,167.70666658928292,-74.38808497357473,-30.97341969040655,19.541250228881836,-9.273340225219727,18.432924270629883,-24.182979583740234,-444.58673095703125,-159.51071166992188
2026-04-02 13:03:23.063,1942.069331862,680846103,right_foot,右脚,D4:22:CD:00:85:22,0.2455853372812271,0.795210599899292,-0.27030983567237854,0.48400503396987915,162.57872506464292,-64.49395094139548,-26.506203355875925,16.653806686401367,-9.315223693847656,12.091157913208008,-30.50454330444336,-276.0789794921875,-120.80294799804688
2026-04-02 13:03:23.063,1942.069457885,680879437,right_foot,右脚,D4:22:CD:00:85:22,0.22779753804206848,0.7947630286216736,-0.24969248473644257,0.5040974020957947,164.123227366267,-66.21057710400007,-24.4923312246256,3.847271680831909,-12.64751148223877,14.841148376464844,97.30583953857422,54.55588150024414,-8.078805923461914
2026-04-02 13:03:23.123,1942.129606271,680912771,right_foot,右脚,D4:22:CD:00:85:22,0.2313813865184784,0.7709981203079224,-0.24411047995090485,0.5407726764678955,163.24003010291787,-71.2329153929146,-23.089257489318843,-1.3729585409164429,2.8880014419555664,11.959955215454102,7.729584217071533,146.61756896972656,29.04224395751953
2026-04-02 13:03:23.153,1942.159594911,680946105,right_foot,右脚,D4:22:CD:00:85:22,0.26040515303611755,0.7185150980949402,-0.2466900795698166,0.5958772897720337,152.52218464594208,-79.98816813480254,-14.715614553582602,4.349223613739014,-2.395923614501953,6.235240459442139,-83.05294799804688,263.8310241699219,41.708621978759766
2026-04-02 13:03:23.184,1942.190462784,680979439,right_foot,右脚,D4:22:CD:00:85:22,0.2862579822540283,0.6473091244697571,-0.23894070088863373,0.6647970676422119,47.90142852433221,-85.91160832285445,88.46893696055554,4.333114147186279,0.8422986268997192,6.513763427734375,-59.6692008972168,343.1839599609375,49.90205383300781
2026-04-02 13:03:23.213,1942.219613873,681012773,right_foot,右脚,D4:22:CD:00:85:22,0.30641889572143555,0.5656930208206177,-0.2395220845937729,0.7271372675895691,-0.386139090880957,-75.80355984107867,134.59907029425906,8.005682945251465,0.4193873405456543,7.443817615509033,-82.00364685058594,339.6354675292969,82.28270721435547
2026-04-02 13:03:23.243,1942.249671087,681046107,right_foot,右脚,D4:22:CD:00:85:22,0.314889132976532,0.47207656502723694,-0.24068337678909302,0.7874390482902527,-10.561277198642266,-63.513571994955214,142.95671240074333,13.027647018432617,-2.450551748275757,8.663191795349121,-74.93743896484375,355.94140625,119.06417083740234
2026-04-02 13:03:23.273,1942.27974579,681079441,right_foot,右脚,D4:22:CD:00:85:22,0.30560100078582764,0.36784154176712036,-0.2453516274690628,0.8432697057723999,-17.23910043336177,-50.38426946572769,148.31610365295512,18.884098052978516,-2.028677225112915,10.707733154296875,-70.31742858886719,359.6868896484375,175.56353759765625
2026-04-02 13:03:23.303,1942.309395313,681112775,right_foot,右脚,D4:22:CD:00:85:22,0.2941305637359619,0.25373032689094543,-0.26446303725242615,0.8827049136161804,-23.475034993207288,-37.121771760093914,151.12390376661307,28.865861892700195,-0.6150908470153809,3.629411458969116,-132.49148559570312,351.4188232421875,190.66531372070312
2026-04-02 13:03:23.333,1942.339627247,681146109,right_foot,右脚,D4:22:CD:00:85:22,0.27425530552864075,0.1781824827194214,-0.2630535364151001,0.9076554775238037,-25.447977161056784,-27.887953346068333,152.7924960103198,35.828651428222656,6.3188018798828125,-12.953490257263184,-34.74374771118164,234.60585021972656,149.38795471191406
2026-04-02 13:03:23.363,1942.369694098,681179443,right_foot,右脚,D4:22:CD:00:85:22,0.25436273217201233,0.1839994490146637,-0.2448701709508896,0.9173237681388855,-23.643292830444274,-27.525646003917856,154.87345261057422,30.360755920410156,7.374370098114014,-27.885780334472656,82.41471099853516,-13.524238586425781,53.92680740356445
2026-04-02 13:03:23.423,1942.429461917,681212777,right_foot,右脚,D4:22:CD:00:85:22,0.2278825044631958,0.25821056962013245,-0.21191497147083282,0.9145979285240173,-19.162276147438842,-34.67361568065148,158.05067490732674,13.236333847045898,8.729681968688965,3.9739038944244385,184.2449951171875,-230.24168395996094,-0.4493301808834076
2026-04-02 13:03:23.453,1942.45953345,681246111,right_foot,右脚,D4:22:CD:00:85:22,0.21916168928146362,0.339959979057312,-0.20756392180919647,0.8906813263893127,-17.91759264326682,-44.15259276895493,159.66955401981568,19.851396560668945,4.562119007110596,12.942938804626465,69.10617065429688,-282.1587219238281,-52.95569610595703
2026-04-02 13:03:23.483,1942.489376493,681279445,right_foot,右脚,D4:22:CD:00:85:22,0.2213015854358673,0.38135913014411926,-0.2063731998205185,0.8734994530677795,-17.082432350183378,-49.25089102309843,159.44265914457344,17.05874252319336,0.8533269166946411,3.372432231903076,22.09764862060547,-144.99835205078125,-47.879878997802734
2026-04-02 13:03:23.513,1942.519526155,681312779,right_foot,右脚,D4:22:CD:00:85:22,0.22102007269859314,0.40434619784355164,-0.2092486172914505,0.8624787330627441,-17.287856550044406,-52.18327521019768,159.76842609910722,8.736715316772461,0.17843441665172577,5.365756511688232,3.785149097442627,-86.3304214477539,-17.470613479614258
2026-04-02 13:03:23.543,1942.549389678,681346113,right_foot,右脚,D4:22:CD:00:85:22,0.21986982226371765,0.4230297803878784,-0.21259623765945435,0.852939784526825,-17.753843320002733,-54.59967914319327,160.30758377675372,8.012382507324219,0.14531509578227997,5.9913105964660645,1.3664673566818237,-72.47814178466797,-10.249979972839355
2026-04-02 13:03:23.573,1942.579289524,681379447,right_foot,右脚,D4:22:CD:00:85:22,0.21853965520858765,0.42858779430389404,-0.21549668908119202,0.8497734069824219,-18.339723530281546,-55.34526737980082,160.83239404621605,8.623834609985352,-0.7330379486083984,5.24958610534668,-2.437370777130127,-24.519664764404297,3.834533452987671
2026-04-02 13:03:23.603,1942.609523182,681412781,right_foot,右脚,D4:22:CD:00:85:22,0.21658910810947418,0.42870980501174927,-0.21624988317489624,0.8500196933746338,-18.654387336868623,-55.335634483685205,161.2533473097957,7.955655574798584,-1.7613734006881714,5.136505126953125,3.049217939376831,-2.4738056659698486,8.92082691192627
2026-04-02 13:03:23.633,1942.63943781,681446115,right_foot,右脚,D4:22:CD:00:85:22,0.21573160588741302,0.4307342767715454,-0.2152179628610611,0.8494759202003479,-18.53419087773866,-55.55355114697795,161.32524721117414,7.377171516418457,-1.7892675399780273,5.1047258377075195,7.313450813293457,-7.060482978820801,0.9233678579330444
2026-04-02 13:03:23.663,1942.669413086,681479449,right_foot,右脚,D4:22:CD:00:85:22,0.2151336520910263,0.43618446588516235,-0.21298490464687347,0.8474070429801941,-18.145798216519967,-56.19042412188004,161.25543582953432,7.355824947357178,-1.4531464576721191,5.482443809509277,11.676799774169922,-18.236555099487305,-5.459392070770264
2026-04-02 13:03:23.723,1942.729517475,681512783,right_foot,右脚,D4:22:CD:00:85:22,0.21494317054748535,0.4442286491394043,-0.21047340333461761,0.8438966274261475,-17.635583524249114,-57.166059784137964,161.08291215608023,7.353848934173584,-1.1898695230484009,5.510259628295898,12.56009292602539,-27.439212799072266,-10.216309547424316
2026-04-02 13:03:23.754,1942.760279631,681546117,right_foot,右脚,D4:22:CD:00:85:22,0.21582752466201782,0.4566311538219452,-0.20773433148860931,0.8377072811126709,-16.90361874732678,-58.72832622146737,160.6630820746274,7.163797855377197,-1.6952905654907227,5.410758018493652,12.693137168884277,-43.21458053588867,-19.005828857421875
2026-04-02 13:03:23.783,1942.78968632,681579451,right_foot,右脚,D4:22:CD:00:85:22,0.2178606241941452,0.4762016534805298,-0.2038022130727768,0.82718425989151,-15.633366296736538,-61.2365262404403,159.77918543725823,7.643400192260742,-1.4335665702819824,6.566906452178955,16.39592742919922,-68.94091796875,-32.731197357177734
2026-04-02 13:03:23.813,1942.819614046,681612785,right_foot,右脚,D4:22:CD:00:85:22,0.21887829899787903,0.4997067153453827,-0.20357906818389893,0.8129830360412598,-15.0436244442506,-64.37235164346808,159.36459974720017,8.52743911743164,0.6590384840965271,7.957590579986572,7.652764320373535,-89.63865661621094,-29.515758514404297
2026-04-02 13:03:23.873,1942.879356623,681646119,right_foot,右脚,D4:22:CD:00:85:22,0.21765868365764618,0.5319720506668091,-0.2103399783372879,0.7908148169517517,-16.3098274687892,-68.89894334017379,160.4509919281259,8.619033813476562,-0.2247466892004013,10.287927627563477,-7.296586036682129,-134.68296813964844,-23.623403549194336
2026-04-02 13:03:23.873,1942.87943739,681679453,right_foot,右脚,D4:22:CD:00:85:22,0.21182583272457123,0.580966055393219,-0.2257634550333023,0.7527546882629395,-22.80287326420141,-75.99969137208684,166.47389470012067,8.3533935546875,0.9013955593109131,12.11290168762207,-21.784404754638672,-219.2282257080078,-19.482650756835938
2026-04-02 13:03:23.903,1942.909638948,681712787,right_foot,右脚,D4:22:CD:00:85:22,0.2030215859413147,0.6579326391220093,-0.24286609888076782,0.6833179593086243,-75.88735883964358,-86.17117603814017,-140.89056222296566,9.330362319946289,-5.058419227600098,16.02475357055664,-24.917287826538086,-358.4243469238281,-53.30706024169922
2026-04-02 13:03:23.933,1942.939610504,681746121,right_foot,右脚,D4:22:CD:00:85:22,0.19440561532974243,0.7455413341522217,-0.25166913866996765,0.5856941342353821,-178.8156281822412,-76.2085280451624,-38.23465134853602,19.153980255126953,-8.37790584564209,18.299570083618164,-22.977855682373047,-442.05401611328125,-101.2446517944336
2026-04-02 13:03:23.963,1942.969633893,681779455,right_foot,右脚,D4:22:CD:00:85:22,0.19452793896198273,0.8059268593788147,-0.24969853460788727,0.5002915859222412,171.44989788042483,-64.62780035871658,-29.01478736406887,15.949029922485352,-7.626856327056885,13.149166107177734,-32.638187408447266,-340.9263916015625,-114.04635620117188
2026-04-02 13:03:24.023,1943.029520626,681812789,right_foot,右脚,D4:22:CD:00:85:22,0.20160537958145142,0.8036531209945679,-0.22283993661403656,0.5136533379554749,166.32857371807918,-66.26960841168584,-22.047177961549053,9.325960159301758,-12.364903450012207,17.65534210205078,32.92999267578125,63.25979995727539,-74.44844055175781
2026-04-02 13:03:24.053,1943.059525439,681846123,right_foot,右脚,D4:22:CD:00:85:22,0.22730179131031036,0.7763641476631165,-0.20416979491710663,0.5512783527374268,156.1286458626434,-71.58644741722668,-12.136014601783616,-3.2244019508361816,1.201710820198059,13.803170204162598,-32.68978500366211,182.7208709716797,-48.78781509399414
2026-04-02 13:03:24.083,1943.089495248,681879457,right_foot,右脚,D4:22:CD:00:85:22,0.2679007947444916,0.7237701416015625,-0.2073519378900528,0.601158618927002,133.98566488200123,-78.90226114760404,6.548454442024029,2.8610856533050537,-3.6117312908172607,6.690960884094238,-125.64799499511719,256.7344665527344,8.122727394104004
2026-04-02 13:03:24.113,1943.119282601,681912791,right_foot,右脚,D4:22:CD:00:85:22,0.28841057419776917,0.650922954082489,-0.20369692146778107,0.6720319390296936,55.603966285998816,-82.92139040538153,83.58804552467963,6.771254539489746,-1.9189480543136597,5.593914985656738,-65.4511489868164,343.1628723144531,65.52305603027344
2026-04-02 13:03:24.143,1943.149566002,681946125,right_foot,右脚,D4:22:CD:00:85:22,0.29157277941703796,0.5679479241371155,-0.2065359354019165,0.7414605617523193,5.281834877760397,-74.29372702416062,133.0637918209432,8.141340255737305,-0.3518928289413452,6.840417861938477,-52.62543869018555,345.0914611816406,124.84236145019531
2026-04-02 13:03:24.173,1943.17953062,681979459,right_foot,右脚,D4:22:CD:00:85:22,0.28045058250427246,0.47586360573768616,-0.21415133774280548,0.8056309223175049,-9.73676105898811,-62.48104229894101,147.52786237907276,12.427821159362793,-2.9976022243499756,8.622404098510742,-49.53938293457031,343.6443786621094,170.87979125976562
2026-04-02 13:03:24.203,1943.209662556,682012793,right_foot,右脚,D4:22:CD:00:85:22,0.2578190565109253,0.3775254487991333,-0.2264368236064911,0.8600762486457825,-17.64876035700129,-50.01030998050186,154.9093662644806,18.321491241455078,-0.7387740612030029,11.575218200683594,-56.21781539916992,332.6581726074219,204.90866088867188
2026-04-02 13:03:24.233,1943.239518119,682046127,right_foot,右脚,D4:22:CD:00:85:22,0.24958059191703796,0.2673095166683197,-0.25033318996429443,0.8964310884475708,-23.315688185155118,-37.17169774656091,156.821393972388,28.69374656677246,-1.1220959424972534,3.859851598739624,-133.10084533691406,345.9073791503906,170.17547607421875
2026-04-02 13:03:24.263,1943.269613234,682079461,right_foot,右脚,D4:22:CD:00:85:22,0.24452319741249084,0.1814013123512268,-0.2673414647579193,0.914237916469574,-26.824646682781975,-27.544027884546892,156.74222796521227,33.22341537475586,6.004589557647705,-9.619287490844727,-108.11351776123047,262.36474609375,118.0046157836914
2026-04-02 13:03:24.323,1943.329476374,682112795,right_foot,右脚,D4:22:CD:00:85:22,0.23069584369659424,0.16892200708389282,-0.2732398808002472,0.9184691309928894,-28.113286828751335,-25.872473257374743,158.38391939593203,31.849761962890625,7.549951553344727,-25.866662979125977,-16.976266860961914,23.68696403503418,61.760250091552734
2026-04-02 13:03:24.353,1943.359307077,682146129,right_foot,右脚,D4:22:CD:00:85:22,0.21632760763168335,0.23837369680404663,-0.22281816601753235,0.9201809763908386,-21.30444251219603,-32.350489495980774,159.7863946794822,16.186750411987305,6.923595905303955,-2.1636931896209717,225.2206573486328,-192.88299560546875,-46.230247497558594
2026-04-02 13:03:24.383,1943.389444323,682179463,right_foot,右脚,D4:22:CD:00:85:22,0.20651698112487793,0.31996703147888184,-0.20626309514045715,0.9013480544090271,-18.649204219053235,-41.45230492310566,161.30075426295284,7.043782711029053,7.666496753692627,15.682358741760254,107.84147644042969,-269.7480773925781,-57.27059555053711
2026-04-02 13:03:24.413,1943.419609884,682212797,right_foot,右脚,D4:22:CD:00:85:22,0.20672652125358582,0.377311646938324,-0.19865469634532928,0.880588948726654,-16.94361374371253,-48.30075382812236,161.21866439071343,28.568754196166992,-0.6187631487846375,2.001178741455078,50.840641021728516,-195.6654510498047,-62.49817657470703
2026-04-02 13:03:24.443,1943.449654589,682246131,right_foot,右脚,D4:22:CD:00:85:22,0.2064370959997177,0.40336447954177856,-0.19916483759880066,0.8689157366752625,-16.787310564736913,-51.55535511857664,161.4228292543843,9.204511642456055,1.5533974170684814,5.474395751953125,11.367283821105957,-95.0514144897461,-22.411434173583984
2026-04-02 13:03:24.475,1943.481305322,682279465,right_foot,右脚,D4:22:CD:00:85:22,0.20411309599876404,0.41804492473602295,-0.20201830565929413,0.8618384003639221,-17.334781154359987,-53.421684553870264,162.12432872154847,7.758760929107666,1.0829697847366333,6.4643683433532715,2.267518997192383,-57.74089813232422,-2.188093423843384
2026-04-02 13:03:24.533,1943.539600694,682312799,right_foot,右脚,D4:22:CD:00:85:22,0.20161698758602142,0.42551037669181824,-0.20890235900878906,0.8571182489395142,-18.714878202996836,-54.45524188646501,163.21919864914986,8.122793197631836,-1.1886606216430664,5.674990177154541,-12.991625785827637,-35.95060348510742,10.5809907913208
2026-04-02 13:03:24.533,1943.539674579,682346133,right_foot,右脚,D4:22:CD:00:85:22,0.20074063539505005,0.4271922707557678,-0.2112841159105301,0.8559028506278992,-19.21156972585024,-54.695896652823826,163.60606629112746,7.968900203704834,-2.3436238765716553,4.996532440185547,-3.718874931335449,-9.521897315979004,5.637381553649902
2026-04-02 13:03:24.563,1943.569725637,682379467,right_foot,右脚,D4:22:CD:00:85:22,0.20029598474502563,0.4278455674648285,-0.21055243909358978,0.8558610081672668,-19.11990013477381,-54.75557582809577,163.6255106615541,7.594634532928467,-1.317921757698059,5.257968425750732,4.7973151206970215,-2.3121683597564697,1.200739860534668
2026-04-02 13:03:24.623,1943.629606525,682412801,right_foot,右脚,D4:22:CD:00:85:22,0.19934788346290588,0.431768536567688,-0.20974445343017578,0.8543093204498291,-19.05497397146022,-55.2202977395172,163.7639700861496,7.0403971672058105,-1.7842192649841309,5.624043941497803,6.766672134399414,-14.464293479919434,-0.9745218753814697
2026-04-02 13:03:24.653,1943.659655289,682446135,right_foot,右脚,D4:22:CD:00:85:22,0.1990148425102234,0.43979552388191223,-0.20693299174308777,0.850971519947052,-18.56165328847361,-56.188391046119115,163.64480072763118,7.339977264404297,-1.7025667428970337,5.142630100250244,13.111369132995605,-27.342702865600586,-10.09829044342041
2026-04-02 13:03:24.683,1943.689600753,682479469,right_foot,右脚,D4:22:CD:00:85:22,0.2002340853214264,0.45195043087005615,-0.20226126909255981,0.8454219102859497,-17.531110644899552,-57.690818636677434,163.05926529239002,7.247744560241699,-1.4263174533843994,5.45449686050415,17.35002899169922,-40.36912155151367,-22.04302406311035
2026-04-02 13:03:24.713,1943.719457147,682512803,right_foot,右脚,D4:22:CD:00:85:22,0.20137697458267212,0.46715784072875977,-0.19953672587871552,0.837494432926178,-16.797247122172575,-59.63782548370362,162.63333781925968,7.842743873596191,-0.2192777693271637,5.964893341064453,12.133785247802734,-54.31184768676758,-22.700639724731445
2026-04-02 13:03:24.743,1943.749609292,682546137,right_foot,右脚,D4:22:CD:00:85:22,0.20204149186611176,0.4863430857658386,-0.19922040402889252,0.8264150619506836,-16.521175883449086,-62.17080412329859,162.52824464844724,7.862814903259277,-1.2220540046691895,6.8149943351745605,6.438375473022461,-72.82019805908203,-22.50491714477539
2026-04-02 13:03:24.773,1943.779530674,682579471,right_foot,右脚,D4:22:CD:00:85:22,0.2035401314496994,0.5119302272796631,-0.19980454444885254,0.8102948665618896,-16.247005763926005,-65.63900206218855,162.31835917290127,8.409518241882324,-0.887535035610199,8.601934432983398,3.28153920173645,-99.49879455566406,-31.449487686157227
2026-04-02 13:03:24.803,1943.809612768,682612805,right_foot,右脚,D4:22:CD:00:85:22,0.2011525183916092,0.5490926504135132,-0.208029642701149,0.7840660810470581,-18.739089292584342,-70.86349666420091,164.6137812559732,8.402460098266602,2.1031100749969482,10.1023530960083,-10.265616416931152,-157.614013671875,-22.396373748779297
2026-04-02 13:03:24.833,1943.839429289,682646139,right_foot,右脚,D4:22:CD:00:85:22,0.1968887448310852,0.6174433827400208,-0.23069575428962708,0.7257952094078064,-34.986017944378894,-80.79309044994042,179.67102023647496,9.23320198059082,-2.008793354034424,14.034823417663574,-47.35916519165039,-313.9512634277344,-34.75347900390625
2026-04-02 13:03:24.863,1943.869686802,682679473,right_foot,右脚,D4:22:CD:00:85:22,0.19136196374893188,0.6965376138687134,-0.24581769108772278,0.6463671326637268,-150.68715301638943,-83.99759191916579,-65.37793492072471,14.837129592895508,-6.50193977355957,15.117834091186523,-36.0833740234375,-382.01922607421875,-70.71987915039062
2026-04-02 13:03:24.924,1943.930315491,682712807,right_foot,右脚,D4:22:CD:00:85:22,0.1935713142156601,0.7669546008110046,-0.25391075015068054,0.556633472442627,177.32825924771777,-72.19902848402597,-34.68725779282271,17.51047134399414,-7.084354877471924,15.55335807800293,-54.33899688720703,-376.4561462402344,-104.11195373535156
2026-04-02 13:03:24.953,1943.95940068,682746141,right_foot,右脚,D4:22:CD:00:85:22,0.19599850475788116,0.7953822016716003,-0.2539839744567871,0.514241635799408,172.6913309785002,-66.57737315895419,-30.616439328164848,10.879707336425781,-13.21513843536377,11.683318138122559,-26.929519653320312,-165.3016815185547,-56.9055061340332
2026-04-02 13:03:24.983,1943.9896165,682779475,right_foot,右脚,D4:22:CD:00:85:22,0.17653454840183258,0.803311288356781,-0.24924336373806,0.511277973651886,176.0344768412338,-65.42670741543087,-31.927370100605284,1.0155713558197021,-3.860917806625366,12.93836498260498,61.239768981933594,-37.26968765258789,13.468317031860352
2026-04-02 13:03:25.013,1944.019652983,682812809,right_foot,右脚,D4:22:CD:00:85:22,0.18318895995616913,0.7820708155632019,-0.25492197275161743,0.538351833820343,178.0449288480426,-69.30185730826578,-34.756202941945624,4.039338111877441,-2.166853666305542,8.139640808105469,-21.603607177734375,112.9766616821289,39.63884735107422
2026-04-02 13:03:25.043,1944.049259796,682846143,right_foot,右脚,D4:22:CD:00:85:22,0.205199733376503,0.7312954068183899,-0.25081875920295715,0.6001589298248291,-179.72467581319086,-78.73147211382451,-38.087632558297166,5.501087188720703,-0.5734615325927734,5.383060455322266,-33.369102478027344,280.9269714355469,32.36406326293945
2026-04-02 13:03:25.073,1944.079558117,682879477,right_foot,右脚,D4:22:CD:00:85:22,0.2348645180463791,0.6590139269828796,-0.2378263771533966,0.6737793684005737,-30.870306782467306,-88.77972288936832,171.815001221264,7.445194244384766,-0.13479316234588623,4.55247688293457,-39.562164306640625,368.27899169921875,20.39862060546875
2026-04-02 13:03:25.103,1944.109487401,682912811,right_foot,右脚,D4:22:CD:00:85:22,0.25959712266921997,0.5757735967636108,-0.2260429710149765,0.7416196465492249,-8.798012226556288,-76.25655013245078,148.32649119828682,7.237905502319336,1.2132978439331055,6.24561882019043,-44.69289016723633,375.668701171875,38.037357330322266
2026-04-02 13:03:25.133,1944.139619761,682946145,right_foot,右脚,D4:22:CD:00:85:22,0.2746455669403076,0.4881875216960907,-0.22714118659496307,0.7966493964195251,-12.57788686644172,-64.50124866468467,149.912112950858,10.047367095947266,-0.9444370269775391,7.263370513916016,-72.15850830078125,342.3851623535156,79.40452575683594
2026-04-02 13:03:25.163,1944.169206363,682979479,right_foot,右脚,D4:22:CD:00:85:22,0.267699658870697,0.3976060450077057,-0.23684795200824738,0.845073938369751,-18.153777909077956,-53.01764173884376,153.95792633263866,16.3083438873291,-1.494246006011963,9.509224891662598,-66.29271697998047,314.43597412109375,149.71035766601562
2026-04-02 13:03:25.223,1944.229641744,683012813,right_foot,右脚,D4:22:CD:00:85:22,0.2507091760635376,0.2988582253456116,-0.24357903003692627,0.8879745602607727,-21.917166435185408,-40.75995858516532,156.6959858255784,22.810190200805664,-2.111563205718994,6.837420463562012,-55.25263595581055,325.62841796875,176.1319122314453
2026-04-02 13:03:25.253,1944.259632583,683046147,right_foot,右脚,D4:22:CD:00:85:22,0.2373090535402298,0.21451449394226074,-0.2529427707195282,0.9130655527114868,-24.78062723866272,-30.782627447245712,157.78352750507264,29.565155029296875,3.2659153938293457,-3.3691277503967285,-68.39401245117188,263.9989318847656,140.75482177734375
2026-04-02 13:03:25.283,1944.289569348,683079481,right_foot,右脚,D4:22:CD:00:85:22,0.23227591812610626,0.17440176010131836,-0.2689453661441803,0.9183142781257629,-27.46257503696202,-26.43933228032474,158.18138277277532,29.897480010986328,9.187301635742188,-20.501659393310547,-75.4241714477539,111.94898223876953,66.00376892089844
2026-04-02 13:03:25.313,1944.31954008,683112815,right_foot,右脚,D4:22:CD:00:85:22,0.23806625604629517,0.21391785144805908,-0.24870501458644867,0.9141718149185181,-24.210634005807798,-30.632630723182203,157.53018890403143,16.989578247070312,1.065812110900879,-16.138200759887695,88.49004364013672,-106.55615997314453,-69.17140197753906
2026-04-02 13:03:25.343,1944.349574924,683146149,right_foot,右脚,D4:22:CD:00:85:22,0.2254834771156311,0.2803654074668884,-0.21885044872760773,0.9070048928260803,-19.910236252533274,-37.39303996038981,158.87684835363194,4.6199140548706055,2.9022340774536133,15.067530632019043,152.38616943359375,-201.396728515625,-43.39017105102539
2026-04-02 13:03:25.373,1944.37961668,683179483,right_foot,右脚,D4:22:CD:00:85:22,0.2179996818304062,0.3566057085990906,-0.20887017250061035,0.8841281533241272,-17.994103313641126,-46.1897963114771,160.0229283966222,26.57988739013672,3.6549534797668457,8.247783660888672,81.24297332763672,-258.5862731933594,-59.9827766418457
2026-04-02 13:03:25.403,1944.409212646,683212817,right_foot,右脚,D4:22:CD:00:85:22,0.22213010489940643,0.38918638229370117,-0.20191335678100586,0.8708754181861877,-16.196096419598813,-50.135920590891,158.9972551870633,12.752931594848633,1.646175503730774,5.63699197769165,32.60936737060547,-107.64556884765625,-52.55864715576172
2026-04-02 13:03:25.433,1944.439617595,683246151,right_foot,右脚,D4:22:CD:00:85:22,0.22268743813037872,0.4074860215187073,-0.20114563405513763,0.8625003099441528,-15.744884575334245,-52.41958283446968,158.83403927513962,7.929830074310303,-0.4147056043148041,5.7068562507629395,11.464508056640625,-65.50619506835938,-19.967987060546875
2026-04-02 13:03:25.463,1944.469615958,683279485,right_foot,右脚,D4:22:CD:00:85:22,0.22034069895744324,0.42036816477775574,-0.20415395498275757,0.8561906814575195,-16.266509394071438,-54.07608919111089,159.4794376904818,8.147974014282227,0.9463162422180176,6.126009941101074,1.5503467321395874,-51.437740325927734,-0.9049113988876343
2026-04-02 13:03:25.523,1944.529447549,683312819,right_foot,右脚,D4:22:CD:00:85:22,0.21723532676696777,0.4259331226348877,-0.20996731519699097,0.8528213500976562,-17.497897192482057,-54.85658212680509,160.55130570348325,8.009439468383789,-0.8345107436180115,5.7105302810668945,-9.196162223815918,-28.328556060791016,12.601008415222168
2026-04-02 13:03:25.553,1944.559517738,683346153,right_foot,右脚,D4:22:CD:00:85:22,0.2150537520647049,0.42830634117126465,-0.2118513286113739,0.8517188429832458,-18.010874068295948,-55.156098378167506,161.12244462826823,7.87756872177124,-2.004377841949463,4.900659084320068,0.10451613366603851,-12.069296836853027,7.9951653480529785
2026-04-02 13:03:25.583,1944.589421993,683379487,right_foot,右脚,D4:22:CD:00:85:22,0.2129589319229126,0.43069660663604736,-0.21244631707668304,0.8508914709091187,-18.29296693849799,-55.43026028964367,161.56723767068942,7.550642013549805,-1.074430227279663,5.375009059906006,3.854973316192627,-10.705365180969238,5.917447090148926
2026-04-02 13:03:25.613,1944.619501386,683412821,right_foot,右脚,D4:22:CD:00:85:22,0.21121788024902344,0.4343266189098358,-0.21247164905071259,0.84947270154953,-18.43736544363373,-55.85831978863685,161.90870763968567,7.595785140991211,-1.3298271894454956,5.130868434906006,5.344982624053955,-14.534284591674805,2.5799026489257812
2026-04-02 13:03:25.643,1944.64933653,683446155,right_foot,右脚,D4:22:CD:00:85:22,0.2101236879825592,0.4374663531780243,-0.21205249428749084,0.8482369184494019,-18.44725324627422,-56.22879856601367,162.09081670281307,7.606165885925293,-1.2524429559707642,5.060504913330078,5.352266788482666,-12.034655570983887,0.4168092906475067
2026-04-02 13:03:25.673,1944.679502093,683479489,right_foot,右脚,D4:22:CD:00:85:22,0.20976966619491577,0.440486878156662,-0.21048395335674286,0.8471512794494629,-18.17605419439692,-56.57667399163919,162.0252203578682,7.674335956573486,-1.4859592914581299,5.2122344970703125,7.514429092407227,-10.089134216308594,-3.3687825202941895
2026-04-02 13:03:25.703,1944.709472654,683512823,right_foot,右脚,D4:22:CD:00:85:22,0.20965544879436493,0.44327932596206665,-0.2089180052280426,0.8461100459098816,-17.880055823540264,-56.90087066052757,161.91016694405377,7.706605434417725,-0.6689128279685974,5.368377685546875,6.909753799438477,-9.182493209838867,-3.9558000564575195
2026-04-02 13:03:25.735,1944.741261577,683546157,right_foot,右脚,D4:22:CD:00:85:22,0.209079772233963,0.4475485384464264,-0.20815952122211456,0.8441897034645081,-17.76783929697764,-57.423685500456735,161.96629619315917,7.522668838500977,-1.0897440910339355,5.320747375488281,5.610334396362305,-15.73232650756836,-3.150496482849121
2026-04-02 13:03:25.763,1944.769604499,683579491,right_foot,右脚,D4:22:CD:00:85:22,0.20885203778743744,0.45435839891433716,-0.20659780502319336,0.8409859538078308,-17.448306296744015,-58.26763693402686,161.88357495040805,7.563549518585205,-1.7365843057632446,5.4091973304748535,8.210192680358887,-24.248807907104492,-8.231071472167969
2026-04-02 13:03:25.823,1944.829618219,683612825,right_foot,右脚,D4:22:CD:00:85:22,0.20959411561489105,0.46661344170570374,-0.2042577713727951,0.8346385955810547,-16.812085481883898,-59.82897731157707,161.52645972477097,7.573368072509766,-1.2249367237091064,6.018398284912109,10.512266159057617,-43.64669418334961,-18.486751556396484
2026-04-02 13:03:25.853,1944.859260766,683646159,right_foot,右脚,D4:22:CD:00:85:22,0.21010570228099823,0.4828643500804901,-0.20514068007469177,0.8249943256378174,-16.783269809788163,-61.99693932771035,161.55388349309823,7.988567352294922,0.07210113853216171,6.566860675811768,2.1251914501190186,-62.89043045043945,-17.92213249206543
2026-04-02 13:03:25.883,1944.889603222,683679493,right_foot,右脚,D4:22:CD:00:85:22,0.21043631434440613,0.5030754804611206,-0.20827867090702057,0.8119435906410217,-17.261744445899918,-64.7689137458617,161.93777244999714,8.4149808883667,-1.0305366516113281,7.003637790679932,-3.6593668460845947,-81.5433349609375,-19.036386489868164
2026-04-02 13:03:25.913,1944.919620548,683712827,right_foot,右脚,D4:22:CD:00:85:22,0.21064363420009613,0.5279905200004578,-0.2121744453907013,0.794882595539093,-18.053600897235526,-68.24332132037425,162.60365397608814,8.970407485961914,-1.228384256362915,7.91905403137207,-5.142755031585693,-102.2701187133789,-23.752824783325195
2026-04-02 13:03:25.943,1944.949435613,683746161,right_foot,右脚,D4:22:CD:00:85:22,0.21014298498630524,0.5634927153587341,-0.21805909276008606,0.7686133980751038,-20.02995508575192,-73.30804999177721,164.3902192912349,8.780921936035156,-1.242300033569336,9.160635948181152,-8.608803749084473,-149.92137145996094,-32.75432205200195
2026-04-02 13:03:25.973,1944.97927273,683779495,right_foot,右脚,D4:22:CD:00:85:22,0.2094614952802658,0.6169114708900452,-0.22502745687961578,0.7245063185691833,-26.17926334050908,-81.18229393921126,170.28469713301317,10.321249008178711,-3.2963409423828125,11.278271675109863,-11.890291213989258,-232.92123413085938,-56.65897750854492
2026-04-02 13:03:26.003,1945.009600362,683812829,right_foot,右脚,D4:22:CD:00:85:22,0.21037232875823975,0.6863201260566711,-0.2291802018880844,0.6574080586433411,-165.06885378409544,-87.20495379576946,-51.158454476057805,11.800232887268066,-5.1172614097595215,12.473134994506836,-15.146238327026367,-318.6500244140625,-95.68826293945312
2026-04-02 13:03:26.033,1945.039614147,683846163,right_foot,右脚,D4:22:CD:00:85:22,0.21433426439762115,0.7497521638870239,-0.22977229952812195,0.5823553800582886,166.8314665942293,-76.34625427082304,-23.706839015081112,11.997709274291992,-1.7946726083755493,7.873296737670898,-25.53330421447754,-319.1372985839844,-111.92174530029297
2026-04-02 13:03:26.063,1945.069626626,683879497,right_foot,右脚,D4:22:CD:00:85:22,0.2273711860179901,0.7771565914154053,-0.2364443987607956,0.5370519757270813,162.7249429994079,-70.43590749966584,-21.60325001983582,14.557496070861816,-4.479719161987305,4.006321430206299,-64.44122314453125,-167.40377807617188,-63.650726318359375
2026-04-02 13:03:26.123,1945.129436104,683912831,right_foot,右脚,D4:22:CD:00:85:22,0.2262726128101349,0.7796231508255005,-0.21834507584571838,0.5415850877761841,159.49324775167457,-70.60904190353357,-16.691844768933016,4.8408637046813965,-5.277585506439209,5.288898468017578,39.61176300048828,19.539609909057617,-44.332374572753906
2026-04-02 13:03:26.153,1945.159623499,683946165,right_foot,右脚,D4:22:CD:00:85:22,0.23625004291534424,0.769163191318512,-0.2143220752477646,0.5537513494491577,155.3792112083682,-72.38603306310877,-12.995920850405568,0.6706244349479675,1.572031021118164,4.81639289855957,-20.788848876953125,61.32819366455078,-11.607686042785645
2026-04-02 13:03:26.183,1945.18962847,683979499,right_foot,右脚,D4:22:CD:00:85:22,0.24576860666275024,0.7473162412643433,-0.21707968413829803,0.5779216885566711,151.13541227301536,-76.04429297185612,-9.639611579931723,3.925412893295288,-0.7411577701568604,3.3494374752044678,-33.0859260559082,108.86519622802734,25.26264762878418
2026-04-02 13:03:26.213,1945.219525624,684012833,right_foot,右脚,D4:22:CD:00:85:22,0.24614135921001434,0.7103100419044495,-0.21701112389564514,0.6227208375930786,142.4445794913065,-82.51525074159511,-0.7634481854022527,5.3426690101623535,-0.4833449721336365,3.4806859493255615,-1.5926114320755005,187.6442108154297,64.73436737060547
2026-04-02 13:03:26.243,1945.249660006,684046167,right_foot,右脚,D4:22:CD:00:85:22,0.24262452125549316,0.6633909344673157,-0.2131444811820984,0.6749931573867798,49.71169055764668,-87.43272482142392,92.6771158678066,5.644976615905762,0.35648223757743835,4.317348957061768,13.066548347473145,227.583740234375,77.20651245117188
2026-04-02 13:03:26.273,1945.279514602,684079501,right_foot,右脚,D4:22:CD:00:85:22,0.2403542697429657,0.608504593372345,-0.20891821384429932,0.7268465161323547,-3.718913834800905,-80.06594890923263,146.5283811081232,8.329514503479004,-0.49317118525505066,4.29191780090332,3.9776315689086914,246.47445678710938,78.59452056884766
2026-04-02 13:03:26.303,1945.309320604,684112835,right_foot,右脚,D4:22:CD:00:85:22,0.2370709925889969,0.5445606708526611,-0.20668068528175354,0.7775184512138367,-11.121665982665675,-70.87519254167918,154.01333679388662,11.631619453430176,-1.2814769744873047,4.737222194671631,-7.145724296569824,264.45721435546875,90.40062713623047
2026-04-02 13:03:26.333,1945.339343336,684146169,right_foot,右脚,D4:22:CD:00:85:22,0.22530362010002136,0.47492361068725586,-0.20624679327011108,0.8253176212310791,-15.247949321018911,-61.2659961759142,158.52591062975293,12.312082290649414,-2.641951084136963,5.69340181350708,-2.639131546020508,267.0131530761719,117.74574279785156
2026-04-02 13:03:26.363,1945.369761783,684179503,right_foot,右脚,D4:22:CD:00:85:22,0.20700572431087494,0.4068796634674072,-0.2047668844461441,0.86583411693573,-17.648925628099025,-52.12536273487376,161.792086189927,13.901551246643066,-2.359304904937744,7.0411248207092285,7.383306503295898,246.9313201904297,127.44552612304688
2026-04-02 13:03:26.423,1945.429622816,684212837,right_foot,右脚,D4:22:CD:00:85:22,0.19486075639724731,0.33731162548065186,-0.2112717181444168,0.8964458107948303,-19.901873802815714,-43.40097345329392,163.4604996856531,17.071321487426758,-0.8913156986236572,6.2742767333984375,-32.59672164916992,236.3976593017578,114.19817352294922
2026-04-02 13:03:26.453,1945.459336374,684246171,right_foot,右脚,D4:22:CD:00:85:22,0.19200821220874786,0.26806512475013733,-0.21933890879154205,0.9182401299476624,-21.530869419192157,-35.20655029579259,163.28325657905046,19.19329833984375,-0.03129379823803902,1.7164292335510254,-53.67308807373047,230.9511260986328,81.53153228759766
2026-04-02 13:03:26.483,1945.48945441,684279505,right_foot,右脚,D4:22:CD:00:85:22,0.19882631301879883,0.22020207345485687,-0.24158978462219238,0.9239124655723572,-24.53124576550149,-30.196246716319774,162.4237661990897,16.80309295654297,5.0041584968566895,-4.2164740562438965,-104.68614959716797,146.3574676513672,38.041038513183594
2026-04-02 13:03:26.513,1945.519603383,684312839,right_foot,右脚,D4:22:CD:00:85:22,0.21287435293197632,0.22118395566940308,-0.23922613263130188,0.9211587905883789,-23.747959821677814,-30.619947762210995,160.56400397956966,17.426542282104492,2.3783555030822754,-10.58366584777832,-4.9362640380859375,7.4375176429748535,-48.880516052246094
2026-04-02 13:03:26.543,1945.549621498,684346173,right_foot,右脚,D4:22:CD:00:85:22,0.2203778773546219,0.2672857940196991,-0.21653616428375244,0.9127457141876221,-19.97637201964511,-35.68771292687452,159.34159850322905,10.272588729858398,2.2017080783843994,1.1569039821624756,93.5176773071289,-130.4405517578125,-83.84351348876953
2026-04-02 13:03:26.573,1945.579556517,684379507,right_foot,右脚,D4:22:CD:00:85:22,0.20938535034656525,0.3199674189090729,-0.2080494910478592,0.9002748131752014,-18.75350212583518,-41.54758057611107,160.982710214732,4.9087347984313965,0.16525866091251373,9.077875137329102,68.0384292602539,-179.27366638183594,-20.72931480407715
2026-04-02 13:03:26.603,1945.609621522,684412841,right_foot,右脚,D4:22:CD:00:85:22,0.20801377296447754,0.36527565121650696,-0.20363521575927734,0.8842157125473022,-17.751213513350493,-46.9436196097955,161.2819430539261,21.553802490234375,-0.2189333736896515,6.111761093139648,37.05772399902344,-156.36965942382812,-43.42754364013672
2026-04-02 13:03:26.633,1945.639614938,684446175,right_foot,右脚,D4:22:CD:00:85:22,0.20932799577713013,0.38346925377845764,-0.20053310692310333,0.8768810033798218,-16.99315929124761,-49.153776922099496,160.96450322442203,9.49795913696289,1.2655054330825806,6.356170654296875,16.894519805908203,-61.963775634765625,-24.385204315185547
2026-04-02 13:03:26.663,1945.669418865,684479509,right_foot,右脚,D4:22:CD:00:85:22,0.20786142349243164,0.39674773812294006,-0.20270627737045288,0.8708017468452454,-17.32443954680713,-50.82737455802715,161.42947259040446,7.609285831451416,-0.8754386305809021,6.362543106079102,1.944521188735962,-51.1883544921875,-4.850809574127197
2026-04-02 13:03:26.723,1945.7296059,684512843,right_foot,右脚,D4:22:CD:00:85:22,0.20630162954330444,0.4055272042751312,-0.2036019265651703,0.8669109344482422,-17.52058772542965,-51.9169916421043,161.80890826161453,7.720374584197998,-0.993368923664093,5.5933051109313965,4.157927989959717,-33.884403228759766,-1.7308896780014038
2026-04-02 13:03:26.753,1945.759615179,684546177,right_foot,右脚,D4:22:CD:00:85:22,0.20456993579864502,0.40984708070755005,-0.20433220267295837,0.8651160001754761,-17.75200219820575,-52.441401867005034,162.18816018524808,7.516366958618164,-0.8988670110702515,5.8194684982299805,3.123723030090332,-17.674976348876953,3.057673931121826
2026-04-02 13:03:26.783,1945.789407601,684579511,right_foot,右脚,D4:22:CD:00:85:22,0.2029000222682953,0.4113471508026123,-0.2044382244348526,0.8647721409797668,-17.89749237354564,-52.598957064648545,162.49124735630807,7.435301303863525,-1.459627389907837,5.610019207000732,3.8396451473236084,-6.763949871063232,4.90092134475708
2026-04-02 13:03:26.813,1945.819446384,684612845,right_foot,右脚,D4:22:CD:00:85:22,0.20099516212940216,0.4124453067779541,-0.20418159663677216,0.8647545576095581,-18.00465433216574,-52.693652608876555,162.80260852374002,7.289786338806152,-0.9791156053543091,6.034488201141357,5.097256183624268,-5.018333435058594,5.499120235443115
2026-04-02 13:03:26.843,1945.849607402,684646179,right_foot,右脚,D4:22:CD:00:85:22,0.19851601123809814,0.41549959778785706,-0.20499072968959808,0.8636729121208191,-18.335234095455,-53.04413797914607,163.3201444071135,7.3291401863098145,-1.2986863851547241,5.8508381843566895,3.2489657402038574,-13.485342025756836,6.5183281898498535
2026-04-02 13:03:26.873,1945.879624994,684679513,right_foot,右脚,D4:22:CD:00:85:22,0.1960419863462448,0.4189593195915222,-0.20616398751735687,0.8622863292694092,-18.735952603796402,-53.452055742854576,163.87993675703726,7.3719162940979,-1.0685327053070068,5.688086986541748,2.139619827270508,-15.372495651245117,6.44442081451416
2026-04-02 13:03:26.903,1945.909342216,684712847,right_foot,右脚,D4:22:CD:00:85:22,0.19394704699516296,0.4224168360233307,-0.20717570185661316,0.8608295917510986,-19.086744320900305,-53.86398934716475,164.36988954365233,7.45316219329834,-1.5480825901031494,5.496734619140625,1.94583261013031,-15.09206771850586,4.964120388031006
2026-04-02 13:03:26.933,1945.939610051,684746181,right_foot,右脚,D4:22:CD:00:85:22,0.1921778917312622,0.4259551167488098,-0.20772896707057953,0.8593481779098511,-19.337923781790927,-54.284806185676096,164.7721045413534,7.440278053283691,-1.0775644779205322,5.600306510925293,2.7882111072540283,-14.828130722045898,3.179401397705078
2026-04-02 13:03:26.963,1945.969621493,684779515,right_foot,右脚,D4:22:CD:00:85:22,0.19048064947128296,0.42941272258758545,-0.20836864411830902,0.8578489422798157,-19.60605517909058,-54.698504863835076,165.17557451552085,7.478096961975098,-1.3892680406570435,5.398036479949951,2.2889151573181152,-14.621650695800781,3.0698037147521973
2026-04-02 13:03:27.025,1946.031645089,684812849,right_foot,右脚,D4:22:CD:00:85:22,0.1890486478805542,0.4332686960697174,-0.208296537399292,0.8562430143356323,-19.731464424105447,-55.157171324840945,165.479549525516,7.472626686096191,-1.4312838315963745,5.377568244934082,4.120921611785889,-15.298063278198242,0.8198876976966858
2026-04-02 13:03:27.053,1946.059583319,684846183,right_foot,右脚,D4:22:CD:00:85:22,0.18785437941551208,0.43777140974998474,-0.20793893933296204,0.8543002009391785,-19.791716225698497,-55.70022072494488,165.72948624483914,7.6380391120910645,-1.2266777753829956,5.465397357940674,4.708024024963379,-17.342300415039062,-1.0600250959396362
2026-04-02 13:03:27.083,1946.089549422,684879517,right_foot,右脚,D4:22:CD:00:85:22,0.18671970069408417,0.4430614709854126,-0.2073773741722107,0.8519551753997803,-19.818131845183956,-56.343932936036566,165.96621769277735,7.5401082038879395,-1.4251939058303833,5.347245693206787,5.386137008666992,-20.085262298583984,-2.416368007659912
2026-04-02 13:03:27.113,1946.119671835,684912851,right_foot,右脚,D4:22:CD:00:85:22,0.18547040224075317,0.44907811284065247,-0.20718680322170258,0.8491196632385254,-19.935912723339197,-57.08686451352721,166.2786319542837,7.685672760009766,-1.0251564979553223,5.353280544281006,4.539346694946289,-23.27943229675293,-2.3993465900421143
2026-04-02 13:03:27.143,1946.149462971,684946185,right_foot,右脚,D4:22:CD:00:85:22,0.18433375656604767,0.45672664046287537,-0.2073662281036377,0.845234751701355,-20.136886722779185,-58.0522568254235,166.6486633204278,7.62013578414917,-1.3316495418548584,5.517195701599121,3.5290753841400146,-29.818464279174805,-4.036402702331543
2026-04-02 13:03:27.173,1946.179593382,684979519,right_foot,右脚,D4:22:CD:00:85:22,0.1837867647409439,0.46827247738838196,-0.2081233114004135,0.8388258218765259,-20.447994501808804,-59.552975018100355,167.0671542803148,7.616755962371826,-1.201265811920166,5.633770942687988,1.5238697528839111,-45.05039596557617,-9.28443717956543
2026-04-02 13:03:27.203,1946.209473417,685012853,right_foot,右脚,D4:22:CD:00:85:22,0.18354764580726624,0.48195284605026245,-0.21128706634044647,0.8302953243255615,-21.298714264436757,-61.38865148725677,167.80729490715424,8.035465240478516,-0.7916771769523621,6.144890308380127,-6.165349006652832,-55.92139434814453,-9.232412338256836
2026-04-02 13:03:27.233,1946.239600879,685046187,right_foot,右脚,D4:22:CD:00:85:22,0.18333859741687775,0.49633342027664185,-0.2158074527978897,0.8206510543823242,-22.577864430692,-63.35010090788519,168.85629769012522,8.505043983459473,-1.0141133069992065,6.024866104125977,-10.541518211364746,-60.60519027709961,-8.34023666381836
2026-04-02 13:03:27.263,1946.26950592,685079521,right_foot,右脚,D4:22:CD:00:85:22,0.18262825906276703,0.5127544403076172,-0.22212828695774078,0.8089436292648315,-24.62286250461017,-65.60390288144453,170.569516960057,8.480033874511719,-1.2977012395858765,6.159234523773193,-15.103262901306152,-71.39432525634766,-6.722344875335693
2026-04-02 13:03:27.323,1946.329650313,685112855,right_foot,右脚,D4:22:CD:00:85:22,0.18146711587905884,0.5364420413970947,-0.22747930884361267,0.7921826839447021,-27.30758729906482,-68.82470539559495,173.0911924433851,8.421300888061523,-1.8132524490356445,6.852673053741455,-11.032532691955566,-100.2610092163086,-15.966928482055664
2026-04-02 13:03:27.353,1946.359589072,685146189,right_foot,右脚,D4:22:CD:00:85:22,0.17899367213249207,0.5693459510803223,-0.23298493027687073,0.7678055763244629,-32.343231440286765,-73.27534671732995,178.09492727422423,9.193942070007324,-1.2820731401443481,7.61362886428833,-9.425837516784668,-140.56158447265625,-24.1396541595459
2026-04-02 13:03:27.383,1946.389472757,685179523,right_foot,右脚,D4:22:CD:00:85:22,0.17512640357017517,0.6142372488975525,-0.23803812265396118,0.7316980361938477,-45.23841956237228,-79.18711716138883,-168.89162684844368,10.312814712524414,-3.163579225540161,9.040220260620117,-7.804586410522461,-196.08612060546875,-38.22679901123047
2026-04-02 13:03:27.413,1946.419603244,685212857,right_foot,右脚,D4:22:CD:00:85:22,0.17481639981269836,0.6726661324501038,-0.2435956448316574,0.676477313041687,-104.05869828358131,-84.41616671695698,-110.40193395022686,11.0972900390625,-4.6708526611328125,9.918455123901367,-24.474050521850586,-268.1208801269531,-68.73606872558594
2026-04-02 13:03:27.443,1946.449602746,685246191,right_foot,右脚,D4:22:CD:00:85:22,0.18004217743873596,0.7295374274253845,-0.2445778250694275,0.6128151416778564,-168.61531107020338,-79.17673139908428,-46.49164444598493,11.879433631896973,-1.9429802894592285,6.512692451477051,-35.14168930053711,-276.7801818847656,-95.869384765625
2026-04-02 13:03:27.474,1946.480307691,685279525,right_foot,右脚,D4:22:CD:00:85:22,0.20388855040073395,0.7589037418365479,-0.2629048526287079,0.5598002672195435,177.01747200868144,-73.11209198798166,-36.00325016743032,10.85361099243164,-2.4288852214813232,3.5281167030334473,-126.77677917480469,-187.1555938720703,-61.576438903808594
2026-04-02 13:03:27.503,1946.509301495,685312859,right_foot,右脚,D4:22:CD:00:85:22,0.20899924635887146,0.7647277116775513,-0.2507213056087494,0.5555631518363953,172.08279753224429,-72.65164535289239,-30.478666216894712,9.05152416229248,-8.67616081237793,4.064931869506836,8.161707878112793,-10.132502555847168,-49.485809326171875
2026-04-02 13:03:27.533,1946.539268049,685346193,right_foot,右脚,D4:22:CD:00:85:22,0.21172408759593964,0.7593239545822144,-0.23475992679595947,0.5687606930732727,168.3106912037683,-74.3983936324768,-25.47458157255735,1.6743900775909424,1.1998987197875977,5.316200256347656,28.317626953125,57.70461654663086,-32.66503143310547
2026-04-02 13:03:27.563,1946.569389829,685379527,right_foot,右脚,D4:22:CD:00:85:22,0.2241082489490509,0.741341233253479,-0.23358570039272308,0.587900698184967,164.53448612561792,-77.5185950344505,-22.534428138077825,3.9402692317962646,-1.3649697303771973,3.75071120262146,-30.362031936645508,94.7853012084961,1.4826381206512451
2026-04-02 13:03:27.623,1946.629648197,685412861,right_foot,右脚,D4:22:CD:00:85:22,0.22812935709953308,0.7096042633056641,-0.22539623081684113,0.6273882389068604,159.3583866550982,-83.33071919700562,-16.833622028773018,5.676018714904785,-1.7749483585357666,3.730581045150757,10.667325973510742,173.1724853515625,27.054365158081055
2026-04-02 13:03:27.659,1946.665420155,685446195,right_foot,右脚,D4:22:CD:00:85:22,0.22992433607578278,0.6669936776161194,-0.21412338316440582,0.6755785346031189,43.182885016492364,-88.54286794230465,100.21446743232868,5.526660919189453,-0.15162408351898193,4.588146686553955,20.820762634277344,218.64883422851562,39.29463195800781
2026-04-02 13:03:27.683,1946.68986423,685479529,right_foot,右脚,D4:22:CD:00:85:22,0.23444056510925293,0.6159855127334595,-0.2057674676179886,0.7233672142028809,-3.2439240032622356,-80.9848839351307,146.85540858991925,7.933587074279785,-1.0455814599990845,5.128045558929443,0.7587682008743286,237.0071563720703,45.160465240478516
2026-04-02 13:03:27.713,1946.719351037,685512863,right_foot,右脚,D4:22:CD:00:85:22,0.24139685928821564,0.5558440685272217,-0.20283327996730804,0.7691712379455566,-8.287644104055904,-72.36473981554838,151.21873148994263,10.496010780334473,-1.7680896520614624,5.41813850402832,-26.722455978393555,252.9900665283203,55.00389099121094
2026-04-02 13:03:27.743,1946.74923825,685546197,right_foot,右脚,D4:22:CD:00:85:22,0.24323128163814545,0.4897831678390503,-0.2043687105178833,0.8119021654129028,-12.096847702928818,-63.4736580710472,154.14456473711422,11.89539623260498,-3.4391188621520996,5.585641384124756,-35.73124694824219,255.6461181640625,78.22592163085938
2026-04-02 13:03:27.773,1946.779290769,685579531,right_foot,右脚,D4:22:CD:00:85:22,0.23097510635852814,0.4246164560317993,-0.20902857184410095,0.8500936627388,-16.09086352159013,-54.93368641250431,158.00362438330225,12.09177303314209,-3.066556692123413,7.162932395935059,-22.872236251831055,233.15359497070312,118.05764770507812
2026-04-02 13:03:27.804,1946.810568064,685612865,right_foot,右脚,D4:22:CD:00:85:22,0.21073992550373077,0.359611839056015,-0.21944355964660645,0.8821072578430176,-20.062561875291095,-46.62905222899926,161.8461070521638,13.496949195861816,-2.434844970703125,8.414974212646484,-31.9604434967041,213.54518127441406,144.5915069580078
2026-04-02 13:03:27.835,1946.841061937,685646199,right_foot,右脚,D4:22:CD:00:85:22,0.1940804272890091,0.29462751746177673,-0.234897643327713,0.9057324528694153,-23.486846719284504,-38.67374724836354,164.15565653040937,16.02788734436035,-0.8082659840583801,7.266996383666992,-57.53844451904297,202.32537841796875,133.8745880126953
2026-04-02 13:03:27.864,1946.870073798,685679533,right_foot,右脚,D4:22:CD:00:85:22,0.1936849057674408,0.2335626780986786,-0.24860423803329468,0.9198539853096008,-25.555071211861883,-31.73481127233363,163.59543046262868,18.344083786010742,-0.10145759582519531,0.7154591083526611,-72.99388885498047,194.8086700439453,72.31029510498047
2026-04-02 13:03:27.923,1946.929309913,685712867,right_foot,右脚,D4:22:CD:00:85:22,0.20269842445850372,0.19496150314807892,-0.27349504828453064,0.9198393225669861,-28.708238415595613,-28.004459377679098,162.44818917458912,18.57923126220703,5.22523832321167,-8.171280860900879,-112.34376525878906,112.79134368896484,23.79410743713379
2026-04-02 13:03:27.954,1946.960404888,685746201,right_foot,右脚,D4:22:CD:00:85:22,0.21216361224651337,0.20918327569961548,-0.2613089680671692,0.9181216359138489,-26.74814151288624,-29.669190984516888,161.18293970783782,17.639089584350586,0.44465866684913635,-12.873274803161621,40.52595138549805,-29.471853256225586,-52.134666442871094
2026-04-02 13:03:27.986,1946.992372024,685779535,right_foot,右脚,D4:22:CD:00:85:22,0.21132253110408783,0.25324031710624695,-0.21677526831626892,0.9188152551651001,-20.534301694619508,-33.84724572658754,160.4044711523967,4.529928207397461,-0.6324014663696289,11.131115913391113,174.6243896484375,-107.7198257446289,-67.17980194091797
2026-04-02 13:03:28.013,1947.019723972,685812869,right_foot,右脚,D4:22:CD:00:85:22,0.1915692538022995,0.3052721321582794,-0.20123587548732758,0.910831868648529,-18.81514913312981,-39.286914129481126,163.01393412233915,4.16168212890625,6.841175556182861,8.906835556030273,98.6607894897461,-175.5015411376953,5.295191287994385
2026-04-02 13:03:28.043,1947.049361809,685846203,right_foot,右脚,D4:22:CD:00:85:22,0.18617548048496246,0.352458119392395,-0.20266827940940857,0.894448459148407,-19.062895777291548,-44.90833519138663,164.4230565983229,12.703205108642578,2.77578067779541,9.403345108032227,21.463184356689453,-170.34400939941406,-24.053789138793945
2026-04-02 13:03:28.074,1947.080454451,685879537,right_foot,右脚,D4:22:CD:00:85:22,0.18669839203357697,0.3799794614315033,-0.19936686754226685,0.8837493062019348,-18.42828439276017,-48.24984916203876,164.45278218355267,15.640946388244629,-4.075962066650391,3.718390941619873,20.570423126220703,-95.77931213378906,-30.436811447143555
2026-04-02 13:03:28.103,1947.109342385,685912871,right_foot,右脚,D4:22:CD:00:85:22,0.1876387745141983,0.39445921778678894,-0.19698293507099152,0.8777197599411011,-17.92951384828318,-50.0292136168191,164.28591327940663,7.729248046875,-0.3262673616409302,6.239198684692383,12.204553604125977,-50.30867385864258,-18.548574447631836
2026-04-02 13:03:28.134,1947.140377047,685946205,right_foot,右脚,D4:22:CD:00:85:22,0.18850387632846832,0.4031307101249695,-0.19474287331104279,0.874086856842041,-17.461579634790773,-51.092554423020225,164.05638456935003,7.939377307891846,0.1314881443977356,5.9637579917907715,9.698958396911621,-29.653465270996094,-12.736259460449219
2026-04-02 13:03:28.163,1947.169404274,685979539,right_foot,右脚,D4:22:CD:00:85:22,0.1880163848400116,0.40901193022727966,-0.19528737664222717,0.8713338971138,-17.56741808582891,-51.8323297144157,164.23462823997758,7.110342502593994,-0.8798614144325256,6.222465991973877,1.9353705644607544,-22.755983352661133,-2.442906141281128
2026-04-02 13:03:28.223,1947.229263793,686012873,right_foot,右脚,D4:22:CD:00:85:22,0.18803483247756958,0.4126467704772949,-0.19402237236499786,0.8698974251747131,-17.338498232311725,-52.26839876246021,164.16195302127605,7.614470958709717,-1.6812113523483276,5.3376145362854,5.997893333435059,-12.663468360900879,-4.236051559448242
2026-04-02 13:03:28.256,1947.2628128,686046207,right_foot,右脚,D4:22:CD:00:85:22,0.18831266462802887,0.413471519947052,-0.19067221879959106,0.8701863884925842,-16.744623091247504,-52.31710734939148,163.84739307495258,7.274295806884766,-0.7628118991851807,6.168917179107666,11.138553619384766,-0.2817402780056,-5.048850059509277
2026-04-02 13:03:28.284,1947.290202389,686079541,right_foot,右脚,D4:22:CD:00:85:22,0.1873423457145691,0.4164365530014038,-0.1897517889738083,0.8691826462745667,-16.652232968544503,-52.656703408521096,163.95759946738772,7.094874382019043,-1.086722731590271,6.166050434112549,6.073292255401611,-10.90767765045166,-0.19241580367088318
2026-04-02 13:03:28.313,1947.319482473,686112875,right_foot,右脚,D4:22:CD:00:85:22,0.18680763244628906,0.4204443097114563,-0.18885734677314758,0.8675615787506104,-16.522723632412593,-53.13794172713457,164.00259339551127,7.318206787109375,-1.2501181364059448,5.593095302581787,5.545299530029297,-14.634552955627441,-2.6287171840667725
2026-04-02 13:03:28.343,1947.349427756,686146209,right_foot,右脚,D4:22:CD:00:85:22,0.18668246269226074,0.42523354291915894,-0.1877281367778778,0.8654968738555908,-16.31228713503051,-53.72313127332447,163.95987997489502,7.307071685791016,-1.0348944664001465,5.891940116882324,5.803536891937256,-17.187217712402344,-5.053821086883545
2026-04-02 13:03:28.373,1947.379493345,686179543,right_foot,右脚,D4:22:CD:00:85:22,0.1861715167760849,0.4305171072483063,-0.18746410310268402,0.8630486726760864,-16.282141262918593,-54.38170952907538,164.0603055161088,7.408718585968018,-0.9246192574501038,5.814980506896973,3.7847509384155273,-20.020235061645508,-3.283881664276123
2026-04-02 13:03:28.403,1947.409367888,686212877,right_foot,右脚,D4:22:CD:00:85:22,0.1853659600019455,0.4354429841041565,-0.1870764195919037,0.8608322143554688,-16.26065871523354,-54.98893159273261,164.2001032430223,7.549018383026123,-0.9149523377418518,5.4594316482543945,4.440506935119629,-18.725276947021484,-2.282520055770874
2026-04-02 13:03:28.436,1947.442372886,686246211,right_foot,右脚,D4:22:CD:00:85:22,0.18448255956172943,0.44028791785240173,-0.18680959939956665,0.8586126565933228,-16.271362289629565,-55.588403670377915,164.36607639798322,7.607253074645996,-0.8888440132141113,5.54626989364624,4.092052936553955,-18.616958618164062,-1.875835657119751
2026-04-02 13:03:28.463,1947.469331705,686279545,right_foot,右脚,D4:22:CD:00:85:22,0.18354780972003937,0.44507572054862976,-0.18662375211715698,0.8563819527626038,-16.305735888298244,-56.18284132357599,164.551217973121,7.615998268127441,-0.8101224899291992,5.426844596862793,3.8260982036590576,-18.54856300354004,-1.6297248601913452
2026-04-02 13:03:28.523,1947.529481406,686312879,right_foot,右脚,D4:22:CD:00:85:22,0.18278104066848755,0.4501156806945801,-0.1864098161458969,0.8539549708366394,-16.321989957655546,-56.81428242789065,164.70766678537117,7.630561351776123,-1.0220271348953247,5.09848165512085,3.637615442276001,-19.46599006652832,-2.498788833618164
2026-04-02 13:03:28.553,1947.559507984,686346213,right_foot,右脚,D4:22:CD:00:85:22,0.18295715749263763,0.45572954416275024,-0.18477119505405426,0.8512915968894958,-15.976619334273371,-57.514506167911456,164.54889097089136,7.523892402648926,-1.265859842300415,5.104255199432373,6.5331902503967285,-20.014732360839844,-8.028460502624512
2026-04-02 13:03:28.583,1947.589387757,686379547,right_foot,右脚,D4:22:CD:00:85:22,0.18451359868049622,0.4647250771522522,-0.18092849850654602,0.8469066619873047,-15.031254097656849,-58.64111861982549,163.8938375737012,7.489070892333984,-1.3292903900146484,5.61168098449707,11.791332244873047,-30.34067726135254,-18.813323974609375
2026-04-02 13:03:28.613,1947.619391045,686412881,right_foot,右脚,D4:22:CD:00:85:22,0.1862463504076004,0.47689002752304077,-0.17745046317577362,0.8404763340950012,-14.047865477828486,-60.195653943273854,163.1804738484336,7.835860729217529,-0.37629857659339905,5.786189556121826,11.099637031555176,-42.95380401611328,-22.08448028564453
2026-04-02 13:03:28.643,1947.649304349,686446215,right_foot,右脚,D4:22:CD:00:85:22,0.18804238736629486,0.49068090319633484,-0.1755005419254303,0.8325097560882568,-13.261520530126237,-62.005885171998266,162.53595173815143,8.162108421325684,-0.9777759313583374,6.3543596267700195,6.630802631378174,-51.11475372314453,-21.779855728149414
2026-04-02 13:03:28.673,1947.679556911,686479549,right_foot,右脚,D4:22:CD:00:85:22,0.19108159840106964,0.5070198774337769,-0.1727726012468338,0.8225381970405579,-11.98408924922826,-64.17293108220206,161.37380401477495,8.506235122680664,-0.584760308265686,7.0508270263671875,7.087360858917236,-60.54494857788086,-29.561861038208008
2026-04-02 13:03:28.703,1947.709516746,686512883,right_foot,右脚,D4:22:CD:00:85:22,0.19212014973163605,0.5280058979988098,-0.1736898124217987,0.8087843060493469,-11.548692540072931,-67.04682255450261,160.94027518924673,8.693723678588867,0.3959639072418213,8.13025951385498,0.9293309450149536,-83.88233184814453,-22.868898391723633
2026-04-02 13:03:28.733,1947.739444959,686546217,right_foot,右脚,D4:22:CD:00:85:22,0.19204793870449066,0.5599108934402466,-0.17636916041374207,0.7864553332328796,-11.344644922345267,-71.51954281383311,160.73728247635398,9.282206535339355,-2.110731840133667,8.556130409240723,-0.08797014504671097,-131.68759155273438,-28.8554630279541
2026-04-02 13:03:28.763,1947.769406612,686579551,right_foot,右脚,D4:22:CD:00:85:22,0.19861844182014465,0.6081975102424622,-0.17198379337787628,0.7490453124046326,-4.564287705213247,-78.36507763920022,154.01907509745504,9.235349655151367,-5.48076057434082,9.949403762817383,7.604905128479004,-196.45689392089844,-80.4393081665039
2026-04-02 13:03:28.823,1947.829590197,686612885,right_foot,右脚,D4:22:CD:00:85:22,0.2132381647825241,0.6674979329109192,-0.1626020073890686,0.6946489214897156,46.37478191237009,-85.34314457998694,102.77499143663911,11.90889835357666,-3.3505518436431885,8.544008255004883,0.6323180794715881,-252.44100952148438,-129.87631225585938
2026-04-02 13:03:28.855,1947.861278655,686646219,right_foot,右脚,D4:22:CD:00:85:22,0.23207031190395355,0.7158915996551514,-0.15713058412075043,0.6394945383071899,119.53023821610955,-81.32034459176722,28.426785681944374,11.771522521972656,-2.702503204345703,4.466479301452637,-27.124263763427734,-228.75210571289062,-125.28903198242188
2026-04-02 13:03:28.883,1947.889355555,686679553,right_foot,右脚,D4:22:CD:00:85:22,0.2414342314004898,0.7431627511978149,-0.1434507519006729,0.607323169708252,128.28901103104857,-76.39655766650941,19.896160106415344,12.389962196350098,-2.2013611793518066,4.4661736488342285,9.6410551071167,-124.29402160644531,-94.73897552490234
2026-04-02 13:03:28.913,1947.919513134,686712887,right_foot,右脚,D4:22:CD:00:85:22,0.2449129968881607,0.7482940554618835,-0.1285296529531479,0.6029546856880188,125.86419132249755,-74.8689697920432,23.237559399682393,5.087552070617676,-4.1223039627075195,4.354491233825684,22.251012802124023,-9.066226959228516,-51.527706146240234
2026-04-02 13:03:28.943,1947.949510496,686746221,right_foot,右脚,D4:22:CD:00:85:22,0.2493695616722107,0.7446919679641724,-0.12311383336782455,0.6067061424255371,122.13207367255886,-74.80064069444117,27.048512033996893,1.1038779020309448,0.7696541547775269,4.4678497314453125,-3.8941760063171387,22.241775512695312,-18.412744522094727
2026-04-02 13:03:28.973,1947.97927915,686779555,right_foot,右脚,D4:22:CD:00:85:22,0.2479706108570099,0.7329999208450317,-0.13013146817684174,0.6199100613594055,118.2075683089241,-76.7363549561502,30.563924812632685,4.465374946594238,-0.36904338002204895,3.093956708908081,-17.92023277282715,50.12905502319336,37.13600540161133
2026-04-02 13:03:29.003,1948.009363327,686812889,right_foot,右脚,D4:22:CD:00:85:22,0.2336101531982422,0.7080693244934082,-0.13605031371116638,0.6523458957672119,104.53207023581344,-80.88667080237231,45.064491498148044,5.441155433654785,-0.5021336078643799,3.170132875442505,14.2653226852417,122.01215362548828,84.2166519165039
2026-04-02 13:03:29.033,1948.039527307,686846223,right_foot,右脚,D4:22:CD:00:85:22,0.22070074081420898,0.6747042536735535,-0.13903605937957764,0.6904599666595459,64.31747215970285,-83.25691815984405,86.15748384866689,5.512721538543701,0.9147041440010071,3.8412842750549316,13.030232429504395,157.89024353027344,82.15026092529297
2026-04-02 13:03:29.063,1948.069532216,686879557,right_foot,右脚,D4:22:CD:00:85:22,0.20733493566513062,0.6347242593765259,-0.14054282009601593,0.7310168743133545,20.456269392361705,-80.49339000528276,130.96305702855474,8.753053665161133,0.24618835747241974,3.8502776622772217,13.677846908569336,180.28463745117188,84.59049224853516
2026-04-02 13:03:29.123,1948.129596524,686912891,right_foot,右脚,D4:22:CD:00:85:22,0.18843628466129303,0.5881520509719849,-0.1410706490278244,0.7737370729446411,0.7163250436672106,-74.43245369265026,152.08118857609438,9.783893585205078,-0.8277537822723389,4.354865074157715,24.59132957458496,199.7605438232422,100.83537292480469
2026-04-02 13:03:29.153,1948.159532031,686946225,right_foot,右脚,D4:22:CD:00:85:22,0.16511327028274536,0.536906898021698,-0.14432227611541748,0.8146412968635559,-8.614421469779822,-67.28416467612281,162.82330838233398,11.57746696472168,-2.1274325847625732,4.797708511352539,22.413330078125,204.77618408203125,118.91744995117188
2026-04-02 13:03:29.183,1948.189519416,686979559,right_foot,右脚,D4:22:CD:00:85:22,0.14017851650714874,0.4826138913631439,-0.14792169630527496,0.8517943620681763,-13.384763000009475,-59.72844388187424,169.018324484921,11.511331558227539,-2.144613742828369,5.509100437164307,21.057466506958008,205.56002807617188,123.22113800048828
2026-04-02 13:03:29.214,1948.220250188,687012893,right_foot,右脚,D4:22:CD:00:85:22,0.11586028337478638,0.42943400144577026,-0.1565362513065338,0.8818502426147461,-16.872851121590244,-52.529355703270184,173.40225248409672,11.68509292602539,-1.846982717514038,6.576104640960693,2.4606473445892334,188.5565643310547,125.52526092529297
2026-04-02 13:03:29.243,1948.249627922,687046227,right_foot,右脚,D4:22:CD:00:85:22,0.10097528994083405,0.37581345438957214,-0.17175383865833282,0.9050245881080627,-19.63821453013845,-45.637147842789915,175.59725025577958,12.155495643615723,-1.4303698539733887,7.223599910736084,-35.03948974609375,182.29769897460938,104.0996322631836
2026-04-02 13:03:29.273,1948.279614534,687079561,right_foot,右脚,D4:22:CD:00:85:22,0.10138234496116638,0.3253243565559387,-0.1938660442829132,0.9199469089508057,-22.178863589503067,-39.63325014239617,175.50229269213057,12.732457160949707,-0.1965261548757553,6.9021172523498535,-79.6336898803711,168.59051513671875,60.82101058959961
2026-04-02 13:03:29.303,1948.309620101,687112895,right_foot,右脚,D4:22:CD:00:85:22,0.1160552129149437,0.2811717092990875,-0.22435252368450165,0.9258187413215637,-25.286396482424717,-34.938875025552086,173.78628886779273,12.597155570983887,0.48576819896698,5.020024299621582,-125.57771301269531,145.07144165039062,17.89472007751465
2026-04-02 13:03:29.334,1948.340678783,687146229,right_foot,右脚,D4:22:CD:00:85:22,0.13798688352108002,0.2399681955575943,-0.2677909731864929,0.9228560924530029,-29.999339261060733,-31.11886646782998,171.52556549738546,14.383443832397461,1.9511723518371582,0.8606328368186951,-179.10214233398438,127.55767822265625,1.9943768978118896
2026-04-02 13:03:29.363,1948.369636212,687179563,right_foot,右脚,D4:22:CD:00:85:22,0.16010579466819763,0.2132929563522339,-0.2982730269432068,0.9164639711380005,-33.20050155180502,-29.108219865711423,169.0325390707898,12.574955940246582,2.1686809062957764,-3.361081123352051,-133.8982391357422,84.70649719238281,-23.59929084777832
2026-04-02 13:03:29.423,1948.429615234,687212897,right_foot,右脚,D4:22:CD:00:85:22,0.17046570777893066,0.21335656940937042,-0.31216961145401,0.9099292755126953,-34.75023068630983,-29.650420939733774,168.2473341972115,13.123685836791992,-0.3593021333217621,-5.441248416900635,-57.96604537963867,-2.8961222171783447,-25.460512161254883
2026-04-02 13:03:29.453,1948.459519501,687246231,right_foot,右脚,D4:22:CD:00:85:22,0.15623240172863007,0.252785861492157,-0.25200706720352173,0.9209691286087036,-27.334984533103405,-32.980855047717974,168.9789834724311,6.205803871154785,-6.080235004425049,5.220091819763184,234.2532196044922,-96.30635833740234,-34.36521911621094
2026-04-02 13:03:29.483,1948.489361383,687279565,right_foot,右脚,D4:22:CD:00:85:22,0.12382550537586212,0.29808878898620605,-0.20579388737678528,0.9238289594650269,-22.559459249803588,-36.99395237372459,172.36639310985686,2.659792423248291,4.217060565948486,8.866473197937012,201.95941162109375,-145.12310791015625,25.768037796020508
2026-04-02 13:03:29.513,1948.519375169,687312899,right_foot,右脚,D4:22:CD:00:85:22,0.09875337779521942,0.3421940803527832,-0.1861424446105957,0.9156978130340576,-21.425378697170256,-41.56404333682831,175.90250588209906,7.443079471588135,4.235115051269531,9.6734619140625,101.58525085449219,-158.5455322265625,25.710126876831055
2026-04-02 13:03:29.543,1948.549311911,687346233,right_foot,右脚,D4:22:CD:00:85:22,0.10302644968032837,0.37929263710975647,-0.17945297062397003,0.9018426537513733,-20.755179736784807,-46.145432561070514,175.88662845078568,15.789427757263184,-0.9518905282020569,6.203227519989014,20.177349090576172,-128.76211547851562,-48.92180252075195
2026-04-02 13:03:29.573,1948.579632363,687379567,right_foot,右脚,D4:22:CD:00:85:22,0.10529105365276337,0.3997493386268616,-0.1705777496099472,0.8944374322891235,-19.551262964902506,-48.67894479653374,175.48511540662926,10.013434410095215,1.0194884538650513,5.906769752502441,28.015628814697266,-69.18968963623047,-32.773658752441406
2026-04-02 13:03:29.603,1948.609272821,687412901,right_foot,右脚,D4:22:CD:00:85:22,0.10658163577318192,0.41180703043937683,-0.16618789732456207,0.8896278142929077,-18.948044499879703,-50.18666857415182,175.27333593105982,8.221366882324219,0.26469486951828003,6.098353385925293,14.038960456848145,-41.95502471923828,-17.786497116088867
2026-04-02 13:03:29.634,1948.640196892,687446235,right_foot,右脚,D4:22:CD:00:85:22,0.10648128390312195,0.4178772568702698,-0.16423989832401276,0.887167751789093,-18.73581225048613,-50.934916707754745,175.2971393496443,7.735982418060303,-0.6216219663619995,5.8943867683410645,7.641972541809082,-21.98754119873047,-5.8567376136779785
2026-04-02 13:03:29.666,1948.673052884,687479569,right_foot,右脚,D4:22:CD:00:85:22,0.10548169165849686,0.42129892110824585,-0.16382728517055511,0.8857437372207642,-18.802785137103964,-51.34185260867037,175.5176904179544,7.154594421386719,-1.0114846229553223,6.045897006988525,3.8089678287506104,-13.485589981079102,0.8969943523406982
2026-04-02 13:03:29.723,1948.729239026,687512903,right_foot,右脚,D4:22:CD:00:85:22,0.10433588922023773,0.4230784475803375,-0.16275249421596527,0.8852292895317078,-18.74234295034855,-51.53646924456566,175.66580274246297,7.310924530029297,-1.363632321357727,5.794748306274414,5.861795425415039,-7.004664897918701,1.5458145141601562
2026-04-02 13:03:29.753,1948.759343366,687546237,right_foot,右脚,D4:22:CD:00:85:22,0.10291537642478943,0.42356252670288086,-0.1613791137933731,0.8854156136512756,-18.629488902802162,-51.56131523541059,175.7993578364164,7.419010639190674,-0.8657563328742981,6.0322265625,7.026622772216797,-2.086015462875366,2.8520500659942627
2026-04-02 13:03:29.783,1948.789276424,687579571,right_foot,右脚,D4:22:CD:00:85:22,0.1010814756155014,0.4254239499568939,-0.16160784661769867,0.8846924304962158,-18.845605507544317,-51.758539343024694,176.16972982892506,7.139908790588379,-1.1864455938339233,6.030924320220947,2.649493932723999,-8.39599609375,5.281580448150635
2026-04-02 13:03:29.815,1948.821321269,687612905,right_foot,右脚,D4:22:CD:00:85:22,0.09979265928268433,0.4285900592803955,-0.16174571216106415,0.8832843899726868,-19.033690089482096,-52.130884862830264,176.48409283864143,7.2886152267456055,-1.2636914253234863,5.636683940887451,2.124204158782959,-13.029348373413086,2.448974132537842
2026-04-02 13:03:29.843,1948.849376566,687646239,right_foot,右脚,D4:22:CD:00:85:22,0.09930111467838287,0.4311443269252777,-0.16065655648708344,0.882294774055481,-18.939954438586664,-52.43845155293741,176.54921252969172,7.389160633087158,-1.3126837015151978,5.465113162994385,4.643919467926025,-9.686763763427734,-1.3571871519088745
2026-04-02 13:03:29.873,1948.879357599,687679573,right_foot,右脚,D4:22:CD:00:85:22,0.09930578619241714,0.43338465690612793,-0.15908966958522797,0.8814802169799805,-18.717402526231666,-52.71540840601676,176.48138404795392,7.281987190246582,-1.1618317365646362,5.678195476531982,5.298356056213379,-8.034753799438477,-3.3882832527160645
2026-04-02 13:03:29.903,1948.909490321,687712907,right_foot,右脚,D4:22:CD:00:85:22,0.0995977520942688,0.43579691648483276,-0.15719708800315857,0.8805970549583435,-18.41676821974243,-53.019025823071885,176.34013065740632,7.395237922668457,-1.0940062999725342,5.599940776824951,5.805822849273682,-8.381546020507812,-4.928404331207275
2026-04-02 13:03:29.933,1948.939316122,687746241,right_foot,右脚,D4:22:CD:00:85:22,0.1001744270324707,0.4375157654285431,-0.15551479160785675,0.8799777030944824,-18.112179284741064,-53.24149524223851,176.14617210148288,7.453713417053223,-0.8552144169807434,5.71795654296875,4.607336044311523,-5.804004669189453,-5.051400661468506
2026-04-02 13:03:29.963,1948.969356802,687779575,right_foot,右脚,D4:22:CD:00:85:22,0.10026205331087112,0.4381713271141052,-0.15498630702495575,0.8797346949577332,-18.02598887375903,-53.32411863718942,176.10363503233327,7.524918079376221,-0.6933855414390564,5.715872287750244,1.6290926933288574,-2.6762070655822754,-1.1848690509796143
2026-04-02 13:03:30.023,1949.029454904,687812909,right_foot,右脚,D4:22:CD:00:85:22,0.10023520141839981,0.43936237692832947,-0.15471579134464264,0.8791913986206055,-18.00459407651712,-53.47357788516257,176.11766005644503,7.1274333000183105,-1.078376293182373,5.699261665344238,1.0032402276992798,-4.899320125579834,-0.8741745352745056
2026-04-02 13:03:30.055,1949.061301916,687846243,right_foot,右脚,D4:22:CD:00:85:22,0.1006329357624054,0.44483789801597595,-0.1533249467611313,0.8766324520111084,-17.83579681845225,-54.1719311841377,176.07904511161593,6.802976608276367,-1.9893112182617188,5.848711967468262,4.0967183113098145,-20.278825759887695,-6.876389980316162
2026-04-02 13:03:30.083,1949.089586207,687879577,right_foot,右脚,D4:22:CD:00:85:22,0.10188549011945724,0.45650118589401245,-0.15129615366458893,0.8708251118659973,-17.599945956434762,-55.679277346587305,176.00156110584564,7.509357929229736,-1.2067846059799194,5.884639739990234,5.083366394042969,-43.22172546386719,-14.877854347229004
2026-04-02 13:03:30.113,1949.119602565,687912911,right_foot,右脚,D4:22:CD:00:85:22,0.10252352803945541,0.4723726809024811,-0.14834599196910858,0.8627556562423706,-17.336392292172967,-57.72571485812591,176.05289578069673,7.6058735847473145,-1.2487337589263916,5.7562336921691895,9.0487060546875,-59.364418029785156,-17.5195255279541
2026-04-02 13:03:30.143,1949.149607176,687946245,right_foot,右脚,D4:22:CD:00:85:22,0.10416105389595032,0.4907257854938507,-0.14354263246059418,0.8530738949775696,-16.646950313173335,-60.129472870147154,175.75866854461762,7.94467830657959,-1.3072410821914673,5.911041259765625,12.937628746032715,-68.18294525146484,-25.368989944458008
2026-04-02 13:03:30.173,1949.179249113,687979579,right_foot,右脚,D4:22:CD:00:85:22,0.10837514698505402,0.5083913207054138,-0.1380969136953354,0.843043863773346,-15.411232555763313,-62.51409049513272,174.73944691928537,8.361270904541016,-0.9006334543228149,6.8450751304626465,9.96763801574707,-65.2524642944336,-33.856834411621094
2026-04-02 13:03:30.203,1949.209436392,688012913,right_foot,右脚,D4:22:CD:00:85:22,0.11264834553003311,0.52752685546875,-0.13397569954395294,0.831310510635376,-14.302899750079604,-65.12950590486417,173.72890604051088,8.64415454864502,0.2123880237340927,6.963780403137207,5.6234636306762695,-72.96529388427734,-33.11775207519531
2026-04-02 13:03:30.233,1949.239589749,688046247,right_foot,右脚,D4:22:CD:00:85:22,0.11541882902383804,0.5532302260398865,-0.13203507661819458,0.8143601417541504,-13.897160870061182,-68.67539196486261,173.3847242127725,8.719383239746094,-0.6541832685470581,7.564736366271973,2.1037731170654297,-102.76091766357422,-29.9671688079834
2026-04-02 13:03:30.263,1949.269599435,688079581,right_foot,右脚,D4:22:CD:00:85:22,0.11949460208415985,0.5895613431930542,-0.12744545936584473,0.7886045575141907,-12.445956712697052,-73.80512223261233,172.12901462459033,9.448906898498535,-2.1201775074005127,8.55005931854248,7.034293174743652,-147.6811065673828,-47.055702209472656
2026-04-02 13:03:30.323,1949.329414628,688112915,right_foot,右脚,D4:22:CD:00:85:22,0.13036490976810455,0.6387132406234741,-0.12195005267858505,0.7484512329101562,-5.924037728277262,-81.07297079528081,165.3060893117756,9.437729835510254,-3.6716675758361816,10.033469200134277,-5.643557548522949,-208.43255615234375,-78.92356872558594
2026-04-02 13:03:30.353,1949.359505578,688146249,right_foot,右脚,D4:22:CD:00:85:22,0.15079081058502197,0.7001367807388306,-0.11827656626701355,0.6878094673156738,99.7922347118379,-87.18214046883278,58.26521383228697,12.161571502685547,-1.4132578372955322,8.534375190734863,-34.897743225097656,-282.1683654785156,-113.89368438720703
2026-04-02 13:03:30.383,1949.389489415,688179583,right_foot,右脚,D4:22:CD:00:85:22,0.17851512134075165,0.7465069890022278,-0.12197063118219376,0.6292720437049866,141.9305948628289,-79.438488302816,13.428267744095951,10.952070236206055,-2.549511432647705,3.328158140182495,-77.15281677246094,-242.42373657226562,-105.984130859375
2026-04-02 13:03:30.413,1949.419364927,688212917,right_foot,右脚,D4:22:CD:00:85:22,0.19964995980262756,0.7636468410491943,-0.11993412673473358,0.602162778377533,140.5573401685361,-75.3680163943526,13.10339819364708,13.373795509338379,-2.453389883041382,3.5141663551330566,-52.73695373535156,-97.70706176757812,-74.67168426513672
2026-04-02 13:03:30.443,1949.44947421,688246251,right_foot,右脚,D4:22:CD:00:85:22,0.20669583976268768,0.7596279382705688,-0.10751349478960037,0.6071934103965759,134.00333180176423,-75.22316830501259,20.103845831830274,3.4703187942504883,-4.3615851402282715,4.028826713562012,4.177637100219727,31.633638381958008,-41.93739700317383
2026-04-02 13:03:30.473,1949.479398431,688279585,right_foot,右脚,D4:22:CD:00:85:22,0.20976193249225616,0.7510577440261841,-0.11077433079481125,0.6161508560180664,130.5362772714982,-76.40989714448543,23.074814830622735,0.8595246076583862,1.2754054069519043,4.6508941650390625,-20.147687911987305,38.683250427246094,11.755826950073242
2026-04-02 13:03:30.503,1949.509502112,688312919,right_foot,右脚,D4:22:CD:00:85:22,0.20109321177005768,0.7352297902107239,-0.12490513175725937,0.6351364850997925,129.34123174302215,-79.79389128509025,23.89587942181189,4.89886474609375,-0.718561589717865,3.414893388748169,-14.48359203338623,67.64373779296875,74.6336669921875
2026-04-02 13:03:30.533,1949.539357029,688346253,right_foot,右脚,D4:22:CD:00:85:22,0.1809808611869812,0.704762876033783,-0.13375338912010193,0.672804594039917,111.21622141978811,-85.37816056108633,43.044709973239485,5.628218650817871,-0.1292734444141388,3.7833411693573,23.696352005004883,145.71067810058594,105.35077667236328
2026-04-02 13:03:30.563,1949.569389511,688379587,right_foot,右脚,D4:22:CD:00:85:22,0.16994941234588623,0.6640973091125488,-0.13668395578861237,0.7151296138763428,20.564067415639204,-85.0624594517853,134.36735207820678,6.0920305252075195,0.7768181562423706,4.322113990783691,10.995514869689941,188.58737182617188,77.33597564697266
2026-04-02 13:03:30.623,1949.629630687,688412921,right_foot,右脚,D4:22:CD:00:85:22,0.16613315045833588,0.6155309677124023,-0.13652820885181427,0.7582098245620728,-0.7026910446679909,-78.17171196434518,155.8529763232752,8.692965507507324,-0.6114060282707214,4.398449420928955,-2.3010411262512207,215.04855346679688,56.35051727294922
2026-04-02 13:03:30.653,1949.659570745,688446255,right_foot,右脚,D4:22:CD:00:85:22,0.15567775070667267,0.5611827373504639,-0.13822691142559052,0.8010820150375366,-8.014285884040449,-70.41476135070849,163.66470991428596,10.393324851989746,-2.0515096187591553,4.888273239135742,3.6094110012054443,225.6427764892578,79.81952667236328
2026-04-02 13:03:30.683,1949.689622547,688479589,right_foot,右脚,D4:22:CD:00:85:22,0.13068310916423798,0.5047014951705933,-0.14097081124782562,0.8416211605072021,-13.15663326372998,-62.421748287205425,170.3412855724631,12.206705093383789,-4.139030933380127,5.51300573348999,26.605621337890625,219.72801208496094,121.269775390625
2026-04-02 13:03:30.713,1949.719608185,688512923,right_foot,右脚,D4:22:CD:00:85:22,0.0928458422422409,0.4489562511444092,-0.14400529861450195,0.8769727349281311,-16.94398899843331,-54.50683067239499,176.6881040130861,12.744695663452148,-4.341910362243652,6.466267108917236,46.23590087890625,202.42791748046875,156.02281188964844
2026-04-02 13:03:30.743,1949.749407485,688546257,right_foot,右脚,D4:22:CD:00:85:22,0.060045547783374786,0.39401641488075256,-0.15151038765907288,0.9045390486717224,-19.410432809218232,-46.970377966919735,-179.0958210095648,12.91136360168457,-3.158350706100464,7.147640228271484,21.7477970123291,189.18392944335938,144.67501831054688
2026-04-02 13:03:30.773,1949.779476602,688579591,right_foot,右脚,D4:22:CD:00:85:22,0.04781061038374901,0.34129461646080017,-0.17274492979049683,0.922709047794342,-22.025177314486154,-40.266887670734654,-177.77056329102646,13.374204635620117,-1.975189208984375,6.791570663452148,-52.831748962402344,177.52166748046875,96.21834564208984
2026-04-02 13:03:30.803,1949.809678722,688612925,right_foot,右脚,D4:22:CD:00:85:22,0.06417475640773773,0.29215875267982483,-0.2134304791688919,0.9300392270088196,-25.966354447568026,-34.80823033450073,-179.62728569967996,14.16038703918457,-0.10410109162330627,4.799254417419434,-153.53016662597656,167.32139587402344,24.634265899658203
2026-04-02 13:03:30.833,1949.839608901,688646259,right_foot,右脚,D4:22:CD:00:85:22,0.09924986958503723,0.24831046164035797,-0.27310675382614136,0.9240696430206299,-32.048183730672086,-30.872117238724318,176.80771501039638,12.749428749084473,1.8689559698104858,1.658305048942566,-241.3032989501953,146.64247131347656,-22.439157485961914
2026-04-02 13:03:30.864,1949.87048257,688679593,right_foot,右脚,D4:22:CD:00:85:22,0.13123969733715057,0.21829214692115784,-0.3161925673484802,0.9138640761375427,-36.454533876429025,-28.8143047754953,173.32630914776968,12.951870918273926,0.8609590530395508,-2.5516324043273926,-184.6667022705078,101.61473846435547,-40.60547637939453
2026-04-02 13:03:30.923,1949.929658311,688712927,right_foot,右脚,D4:22:CD:00:85:22,0.14271925389766693,0.21143054962158203,-0.3319837749004364,0.908138632774353,-38.17513327851741,-28.605565195362608,172.22075015454666,12.203200340270996,2.67582106590271,-4.422492027282715,-67.6135482788086,21.825546264648438,-19.002120971679688
2026-04-02 13:03:30.953,1949.959681987,688746261,right_foot,右脚,D4:22:CD:00:85:22,0.12656646966934204,0.2365671843290329,-0.3033287227153778,0.9143354892730713,-35.099268025017956,-30.62291523476413,174.1350603482556,9.604557991027832,-5.379335403442383,-0.5861969590187073,121.0056381225586,-79.44979095458984,4.972796440124512
2026-04-02 13:03:30.985,1949.991399718,688779595,right_foot,右脚,D4:22:CD:00:85:22,0.0959724634885788,0.27691376209259033,-0.2276759147644043,0.9285863041877747,-26.453797634584397,-33.91603993738813,176.39743312688017,0.8480431437492371,-2.4840636253356934,10.498348236083984,296.0431213378906,-115.33595275878906,-0.148906409740448
2026-04-02 13:03:31.013,1950.019550935,688812929,right_foot,右脚,D4:22:CD:00:85:22,0.07016663253307343,0.3197269141674042,-0.18601903319358826,0.9264174103736877,-22.428094537268873,-38.20706023542075,179.193774213381,7.191719055175781,10.964031219482422,9.629433631896973,170.46400451660156,-146.03842163085938,9.340620994567871
2026-04-02 13:03:31.043,1950.049617902,688846263,right_foot,右脚,D4:22:CD:00:85:22,0.07519310712814331,0.3652198016643524,-0.17375051975250244,0.9114670157432556,-21.261399158823778,-43.780753573920904,179.1938720017516,8.60145378112793,6.150442600250244,11.236717224121094,35.17920684814453,-155.85760498046875,-61.48455047607422
2026-04-02 13:03:31.073,1950.079602415,688879597,right_foot,右脚,D4:22:CD:00:85:22,0.07488999515771866,0.40218839049339294,-0.16152642667293549,0.8980790376663208,-20.21507677765888,-48.29557352730914,179.60502876980294,15.673481941223145,-6.246288776397705,3.3560092449188232,40.60615158081055,-130.33201599121094,-39.15556335449219
2026-04-02 13:03:31.103,1950.109388899,688912931,right_foot,右脚,D4:22:CD:00:85:22,0.07718311250209808,0.4179886281490326,-0.15288382768630981,0.8921634554862976,-19.030347862924362,-50.3025357549121,179.11079249723457,9.09447193145752,0.9186038970947266,5.905318260192871,24.90865135192871,-54.06241226196289,-28.406166076660156
2026-04-02 13:03:31.133,1950.139556753,688946265,right_foot,右脚,D4:22:CD:00:85:22,0.07773640006780624,0.42591944336891174,-0.1482054442167282,0.8891487121582031,-18.39864482531179,-51.30206043645583,178.90103106387127,8.256720542907715,1.0633490085601807,6.096794605255127,14.703399658203125,-27.704891204833984,-12.476883888244629
2026-04-02 13:03:31.163,1950.16960763,688979599,right_foot,右脚,D4:22:CD:00:85:22,0.07582694292068481,0.4324544072151184,-0.1493702232837677,0.8859586119651794,-18.904384566654027,-52.08520739739386,179.51817519923702,7.290467262268066,-0.3800071179866791,6.207608699798584,-0.09823209792375565,-26.501039505004883,4.195178031921387
2026-04-02 13:03:31.223,1950.229333027,689012933,right_foot,右脚,D4:22:CD:00:85:22,0.07404343783855438,0.43796607851982117,-0.15022993087768555,0.8832525014877319,-19.34301370526926,-52.741838072182865,-179.92493874194605,7.458852291107178,-1.6421462297439575,5.482110500335693,0.5445523858070374,-22.52039337158203,3.9182562828063965
2026-04-02 13:03:31.253,1950.259671429,689046267,right_foot,右脚,D4:22:CD:00:85:22,0.07308752089738846,0.4398427903652191,-0.1487332135438919,0.8826526403427124,-19.215849672169302,-52.95830139646851,-179.82721004660985,7.70908260345459,-1.0996829271316528,5.575082302093506,6.567428112030029,-7.2828521728515625,0.20163944363594055
2026-04-02 13:03:31.283,1950.289555562,689079601,right_foot,右脚,D4:22:CD:00:85:22,0.07177187502384186,0.44047456979751587,-0.1484016627073288,0.8825013637542725,-19.283784433417328,-53.00998166327926,-179.6136841657381,7.428920745849609,-0.9300510883331299,5.779296398162842,3.399488925933838,-3.2949025630950928,3.722337007522583
2026-04-02 13:03:31.313,1950.319622667,689112935,right_foot,右脚,D4:22:CD:00:85:22,0.07027291506528854,0.44197842478752136,-0.14878718554973602,0.881804883480072,-19.51754260326429,-53.16720146339059,-179.27480658055327,7.4582109451293945,-1.0384457111358643,5.514662265777588,1.3788645267486572,-7.039357662200928,4.726442337036133
2026-04-02 13:03:31.344,1950.350300646,689146269,right_foot,右脚,D4:22:CD:00:85:22,0.06913216412067413,0.4434222877025604,-0.14865276217460632,0.881192684173584,-19.63215155501019,-53.32474829873843,-179.0412146329538,7.523693561553955,-1.3862138986587524,5.409721851348877,2.3853797912597656,-6.419661998748779,2.8461785316467285
2026-04-02 13:03:31.373,1950.379614778,689179603,right_foot,右脚,D4:22:CD:00:85:22,0.06839186698198318,0.4452463686466217,-0.1479976326227188,0.8804407119750977,-19.636476320587228,-53.53971624217211,-178.9045841841761,7.374879360198975,-0.9280047416687012,5.665003776550293,3.3173632621765137,-7.454045295715332,0.5552423000335693
2026-04-02 13:03:31.403,1950.409628413,689212937,right_foot,右脚,D4:22:CD:00:85:22,0.06774353981018066,0.4471156895160675,-0.1475067287683487,0.8796252608299255,-19.664418282112063,-53.76248108518683,-178.76631029016463,7.473236083984375,-1.3272589445114136,5.500430583953857,2.5979654788970947,-7.677213668823242,0.43599575757980347
2026-04-02 13:03:31.433,1950.439624949,689246271,right_foot,右脚,D4:22:CD:00:85:22,0.06716607511043549,0.44927629828453064,-0.14724686741828918,0.87861168384552,-19.73788486431589,-54.023529350716714,-178.60678109698654,7.4513139724731445,-0.9809718132019043,5.572178363800049,1.6927419900894165,-8.876449584960938,0.3231973946094513
2026-04-02 13:03:31.463,1950.469182455,689279605,right_foot,右脚,D4:22:CD:00:85:22,0.0667896419763565,0.45215508341789246,-0.14721675217151642,0.8771677017211914,-19.86115870945707,-54.37984591224271,-178.42988430451925,7.458384990692139,-1.1061077117919922,5.470953941345215,0.5861061811447144,-11.66038990020752,-0.4374977648258209
2026-04-02 13:03:31.523,1950.529621476,689312939,right_foot,右脚,D4:22:CD:00:85:22,0.06711529940366745,0.4564776122570038,-0.1460118144750595,0.8751029968261719,-19.76648643042271,-54.93774163616905,-178.42029476315395,7.376389503479004,-1.7880163192749023,5.4023213386535645,3.0049619674682617,-16.35018539428711,-5.302062511444092
2026-04-02 13:03:31.553,1950.559595853,689346273,right_foot,右脚,D4:22:CD:00:85:22,0.06847074627876282,0.46346867084503174,-0.14249975979328156,0.8718962073326111,-19.25133068244475,-55.86388256105089,-178.70425581475936,7.415559768676758,-1.4790210723876953,5.61643123626709,8.336943626403809,-25.11968421936035,-13.669044494628906
2026-04-02 13:03:31.583,1950.589433175,689379607,right_foot,右脚,D4:22:CD:00:85:22,0.07006178051233292,0.4741875231266022,-0.13801895081996918,0.8667116761207581,-18.642980965810214,-57.2783667367019,-178.99862647824696,7.490489482879639,-1.4744502305984497,5.740577220916748,10.722834587097168,-39.09867477416992,-18.26041030883789
2026-04-02 13:03:31.613,1950.619714471,689412941,right_foot,右脚,D4:22:CD:00:85:22,0.07205136865377426,0.48885154724121094,-0.13210777938365936,0.8592910170555115,-17.82007874960145,-59.223286401584375,-179.40250308491596,7.661140441894531,-0.9897812008857727,5.724369049072266,14.158546447753906,-53.96240997314453,-24.249006271362305
2026-04-02 13:03:31.643,1950.649605418,689446275,right_foot,右脚,D4:22:CD:00:85:22,0.07415243983268738,0.5059243440628052,-0.12837401032447815,0.8497428894042969,-17.458683989918704,-61.50382161719963,-179.53475311317874,8.129551887512207,-0.3237314820289612,6.064342498779297,7.095815658569336,-65.14429473876953,-22.589731216430664
2026-04-02 13:03:31.673,1950.679567156,689479609,right_foot,右脚,D4:22:CD:00:85:22,0.07611607015132904,0.5227401852607727,-0.1280430555343628,0.8393775820732117,-17.837569669650517,-63.77224863607996,-179.21091729414445,8.681206703186035,0.4304254949092865,6.345790386199951,-3.1379761695861816,-66.74627685546875,-16.4151668548584
2026-04-02 13:03:31.703,1950.709407015,689512943,right_foot,右脚,D4:22:CD:00:85:22,0.07728404551744461,0.5413535833358765,-0.13245666027069092,0.8266918659210205,-19.659963961332334,-66.28226160193131,-177.7728006198425,8.723130226135254,-0.011513818055391312,6.841507911682129,-16.09518051147461,-77.70207214355469,-7.042956352233887
2026-04-02 13:03:31.733,1950.739583576,689546277,right_foot,右脚,D4:22:CD:00:85:22,0.07730086892843246,0.5678304433822632,-0.13769066333770752,0.807858407497406,-23.0045044202144,-69.84097060552284,-174.76007850429585,8.56850528717041,-0.6327648162841797,7.116306781768799,-17.155746459960938,-112.25921630859375,-7.504207611083984
2026-04-02 13:03:31.763,1950.769594207,689579611,right_foot,右脚,D4:22:CD:00:85:22,0.07808958739042282,0.6041011214256287,-0.14133372902870178,0.7803779244422913,-28.742630024623654,-74.78039080613343,-169.2689465598681,9.148582458496094,-2.4022953510284424,7.8045573234558105,-15.999124526977539,-155.59326171875,-19.743432998657227
2026-04-02 13:03:31.823,1950.829368637,689612945,right_foot,右脚,D4:22:CD:00:85:22,0.08122794330120087,0.6528011560440063,-0.13768655061721802,0.7404699921607971,-41.71094012724504,-81.54303668292297,-156.1479834267929,10.145726203918457,-3.6242308616638184,9.005879402160645,-4.341169834136963,-211.76913452148438,-50.59857177734375
2026-04-02 13:03:31.853,1950.859449884,689646279,right_foot,右脚,D4:22:CD:00:85:22,0.09022971242666245,0.712052583694458,-0.13074785470962524,0.6839191913604736,-133.76890764750215,-86.00225441565334,-64.22127130062361,11.407470703125,-4.639807224273682,10.258317947387695,-14.485496520996094,-272.5429382324219,-82.5218505859375
2026-04-02 13:03:31.883,1950.889519359,689679613,right_foot,右脚,D4:22:CD:00:85:22,0.10810396820306778,0.7728119492530823,-0.12315461784601212,0.6131141185760498,175.91069348869576,-76.97456318461603,-14.85713113083964,11.058280944824219,-1.2408889532089233,6.562478542327881,-41.23286056518555,-307.1165771484375,-109.88809204101562
2026-04-02 13:03:31.943,1950.949221529,689712947,right_foot,右脚,D4:22:CD:00:85:22,0.13323715329170227,0.8084589242935181,-0.12913991510868073,0.5585389137268066,168.1957377687649,-69.63969387884102,-9.92579378227178,9.398760795593262,-1.3990675210952759,2.6102685928344727,-91.86669158935547,-212.9526824951172,-71.97280883789062
2026-04-02 13:03:31.943,1950.949363949,689746281,right_foot,右脚,D4:22:CD:00:85:22,0.1311785727739334,0.8141821622848511,-0.12390877306461334,0.5518576502799988,167.83526549719699,-68.61213054703164,-8.98987101529193,12.195073127746582,-8.78697395324707,2.289522647857666,12.626108169555664,-29.30029296875,-15.446657180786133
2026-04-02 13:03:31.973,1950.97935354,689779615,right_foot,右脚,D4:22:CD:00:85:22,0.11048019677400589,0.8017123341560364,-0.10430411249399185,0.5780768394470215,169.57016538900922,-71.79578238221204,-7.265992997434994,2.7015063762664795,0.9338709115982056,4.963071823120117,97.60680389404297,95.8212890625,2.250781774520874
2026-04-02 13:03:32.003,1951.009423707,689812949,right_foot,右脚,D4:22:CD:00:85:22,0.11190439760684967,0.7772207856178284,-0.11083576828241348,0.6091974377632141,170.50853099010746,-76.35281802441936,-8.762675953380688,3.6646058559417725,1.527882695198059,4.331455707550049,-18.42193603515625,131.2325897216797,36.41587829589844
2026-04-02 13:03:32.034,1951.040269825,689846283,right_foot,右脚,D4:22:CD:00:85:22,0.11473891884088516,0.7355883121490479,-0.11282984912395477,0.6580387353897095,169.31569479130047,-83.71121885344854,-7.863927471742358,6.37755012512207,-2.499735116958618,2.983955144882202,-12.780529975891113,216.89378356933594,34.40925216674805
2026-04-02 13:03:32.063,1951.069464296,689879617,right_foot,右脚,D4:22:CD:00:85:22,0.11634821444749832,0.6837618947029114,-0.10826317965984344,0.7121884822845459,6.736041039016469,-87.6051113463422,154.98262282010404,4.881416320800781,1.0977182388305664,5.166942596435547,3.0070314407348633,255.61328125,26.159563064575195
2026-04-02 13:03:32.123,1951.129514261,689912951,right_foot,右脚,D4:22:CD:00:85:22,0.12194595485925674,0.6283527612686157,-0.11409444361925125,0.7597931027412415,-6.231808280420532,-79.31513577526022,166.93125668392761,7.315508842468262,-0.357936292886734,5.642370223999023,-35.94715118408203,246.33914184570312,39.02628707885742
2026-04-02 13:03:32.153,1951.159338828,689946285,right_foot,右脚,D4:22:CD:00:85:22,0.12154600769281387,0.5648738145828247,-0.12338970601558685,0.806796133518219,-10.561099805085755,-70.2999488415582,170.31218950534242,10.433867454528809,-1.7641832828521729,5.8097004890441895,-35.704017639160156,262.4766540527344,64.51663208007812
2026-04-02 13:03:32.183,1951.189333307,689979619,right_foot,右脚,D4:22:CD:00:85:22,0.11120133101940155,0.49716147780418396,-0.13580386340618134,0.849719226360321,-14.383828896867282,-61.05655704564901,173.5997698826188,10.54968547821045,-1.952085256576538,7.125399112701416,-28.328676223754883,260.9838562011719,97.71137237548828
2026-04-02 13:03:32.213,1951.219641586,690012953,right_foot,右脚,D4:22:CD:00:85:22,0.09143360704183578,0.4300839602947235,-0.15353523194789886,0.8849267959594727,-18.327239868044597,-52.11655617863403,177.22228556924094,13.049572944641113,-1.8505008220672607,8.91529655456543,-30.87939453125,239.7539520263672,130.5819549560547
2026-04-02 13:03:32.243,1951.249518911,690046287,right_foot,右脚,D4:22:CD:00:85:22,0.06903533637523651,0.35810980200767517,-0.18073216080665588,0.9134156703948975,-22.4861769238533,-42.77799604349795,-179.74021350343355,16.60618782043457,-0.8722657561302185,9.584665298461914,-60.22492599487305,240.6470184326172,152.97396850585938
2026-04-02 13:03:32.273,1951.27925184,690079621,right_foot,右脚,D4:22:CD:00:85:22,0.06570638716220856,0.2869327664375305,-0.2002578228712082,0.9344784617424011,-24.022755511943252,-34.23447218386867,179.45379079779445,17.95729637145996,-0.35825398564338684,4.636223316192627,-63.430198669433594,242.8553009033203,81.27413177490234
2026-04-02 13:03:32.303,1951.309528045,690112955,right_foot,右脚,D4:22:CD:00:85:22,0.08410771191120148,0.22950828075408936,-0.24028907716274261,0.9394219517707825,-27.91762933604553,-28.14017361142393,176.89726278068022,19.398639678955078,5.424181938171387,-3.6327385902404785,-157.8762664794922,192.99258422851562,19.34885025024414
2026-04-02 13:03:32.333,1951.339608971,690146289,right_foot,右脚,D4:22:CD:00:85:22,0.10674239695072174,0.21676841378211975,-0.2550976872444153,0.9362389445304871,-29.074178749389056,-27.409903002965756,174.22807789991708,19.51213836669922,3.1977436542510986,-13.415167808532715,-72.59465789794922,52.5646858215332,-52.154972076416016
2026-04-02 13:03:32.363,1951.369573468,690179623,right_foot,右脚,D4:22:CD:00:85:22,0.12450956553220749,0.25669625401496887,-0.21054157614707947,0.935028076171875,-22.931395617076365,-32.1721454323906,171.52493132499404,10.931914329528809,1.324783444404602,0.7797049283981323,144.15835571289062,-98.43783569335938,-124.78643798828125
2026-04-02 13:03:32.423,1951.429617385,690212957,right_foot,右脚,D4:22:CD:00:85:22,0.11268836259841919,0.30600711703300476,-0.18392348289489746,0.927272379398346,-20.06422105849181,-37.51400966240522,173.01787155939846,0.42846745252609253,1.300046682357788,9.461650848388672,111.98233795166016,-163.36135864257812,-23.363798141479492
2026-04-02 13:03:32.453,1951.459607988,690246291,right_foot,右脚,D4:22:CD:00:85:22,0.10494896024465561,0.364182710647583,-0.17467781901359558,0.9087600708007812,-19.685931106948534,-44.312671229878816,174.90721422542327,13.647586822509766,3.93339467048645,9.497106552124023,48.78517150878906,-207.03176879882812,-28.18592643737793
2026-04-02 13:03:32.483,1951.489722547,690279625,right_foot,右脚,D4:22:CD:00:85:22,0.10674285143613815,0.39464622735977173,-0.16788014769554138,0.8970382213592529,-18.941189234934413,-48.061683755466895,174.93550285354976,18.25275421142578,-4.186567306518555,2.9643187522888184,23.667760848999023,-106.99464416503906,-35.50520324707031
2026-04-02 13:03:32.513,1951.519297818,690312959,right_foot,右脚,D4:22:CD:00:85:22,0.10834571719169617,0.41070619225502014,-0.16260139644145966,0.8905858993530273,-18.212256835696927,-50.064893955399626,174.68879500323007,7.667232990264893,1.0635193586349487,7.016078948974609,17.3078556060791,-56.06033706665039,-22.45365333557129
2026-04-02 13:03:32.543,1951.549619578,690346293,right_foot,右脚,D4:22:CD:00:85:22,0.10900364816188812,0.42158281803131104,-0.1604253649711609,0.885805070400238,-17.965466181317623,-51.43061126759534,174.67625969840745,7.903334140777588,-0.21495524048805237,5.856788158416748,8.072813987731934,-39.48673629760742,-11.770135879516602
2026-04-02 13:03:32.573,1951.579626868,690379627,right_foot,右脚,D4:22:CD:00:85:22,0.10913185030221939,0.42863667011260986,-0.15873931348323822,0.8827022314071655,-17.78008452791209,-52.3131328665676,174.68978902597013,7.550483703613281,-0.6677244305610657,5.810543537139893,6.780609130859375,-25.87610626220703,-6.805302619934082
2026-04-02 13:03:32.603,1951.609601694,690412961,right_foot,右脚,D4:22:CD:00:85:22,0.10714706778526306,0.43177416920661926,-0.15737853944301605,0.8816593885421753,-17.757958554383418,-52.662834609942514,174.9838699144663,7.556854248046875,-0.783421516418457,5.802011013031006,8.464912414550781,-12.220197677612305,2.896501302719116
2026-04-02 13:03:32.633,1951.639358278,690446295,right_foot,右脚,D4:22:CD:00:85:22,0.10326915979385376,0.43479499220848083,-0.15410387516021729,0.8812158703804016,-17.56208764781056,-52.95136300740457,175.43068559781045,7.45225715637207,-1.2522845268249512,5.733146667480469,17.2749080657959,-11.289158821105957,5.991063594818115
2026-04-02 13:03:32.663,1951.66949809,690479629,right_foot,右脚,D4:22:CD:00:85:22,0.1002567932009697,0.43822479248046875,-0.15227201581001282,0.880182683467865,-17.55556460315227,-53.318424601664184,175.86926899057323,7.301778793334961,-1.1178417205810547,5.9417524337768555,11.350157737731934,-13.455419540405273,5.006176471710205
2026-04-02 13:03:32.724,1951.730313713,690512963,right_foot,右脚,D4:22:CD:00:85:22,0.09920086711645126,0.44116029143333435,-0.15150275826454163,0.8789677619934082,-17.565363720206026,-53.66720108505935,176.0595422314207,7.369345664978027,-1.3227819204330444,5.539430141448975,4.820868015289307,-11.569890975952148,0.7858665585517883
2026-04-02 13:03:32.753,1951.759533159,690546297,right_foot,右脚,D4:22:CD:00:85:22,0.09954290091991425,0.44251078367233276,-0.15095345675945282,0.8783445954322815,-17.465918851667666,-53.843258286813956,175.98902045247308,7.462366104125977,-0.9345142841339111,5.629622459411621,1.7339776754379272,-5.228214740753174,-2.148336887359619
2026-04-02 13:03:32.783,1951.789573532,690579631,right_foot,右脚,D4:22:CD:00:85:22,0.09991651773452759,0.44416841864585876,-0.15125694870948792,0.8774126172065735,-17.51918889188394,-54.063088184208155,175.99713981068513,7.255598068237305,-0.9645993113517761,5.83258581161499,-1.040984034538269,-6.8970627784729,-1.2935830354690552
2026-04-02 13:03:32.813,1951.819252706,690612965,right_foot,右脚,D4:22:CD:00:85:22,0.10057664662599564,0.4467150568962097,-0.15118177235126495,0.8760564923286438,-17.4982768567973,-54.400439185903494,175.94623933011744,7.397767066955566,-1.2072025537490845,5.489320278167725,-0.33514904975891113,-9.946782112121582,-3.4197936058044434
2026-04-02 13:03:32.843,1951.849296293,690646299,right_foot,右脚,D4:22:CD:00:85:22,0.10168982297182083,0.4499723017215729,-0.15014299750328064,0.8744379878044128,-17.278284811456974,-54.83344944373831,175.74607823637166,7.381976127624512,-1.1348762512207031,5.544703483581543,1.9263458251953125,-11.920251846313477,-6.78076171875
2026-04-02 13:03:32.873,1951.879630596,690679633,right_foot,右脚,D4:22:CD:00:85:22,0.10279509425163269,0.4540097117424011,-0.1486579328775406,0.8724734783172607,-16.988382850671872,-55.3645442443427,175.52070971433383,7.462060451507568,-0.88426274061203,5.594590663909912,3.2968318462371826,-14.643485069274902,-8.040300369262695
2026-04-02 13:03:32.903,1951.909609892,690712967,right_foot,右脚,D4:22:CD:00:85:22,0.10408305376768112,0.46023035049438477,-0.1469918191432953,0.8693382143974304,-16.681275165633988,-56.179947630996054,175.29373414220808,7.333213806152344,-1.0482271909713745,5.597769737243652,3.660660743713379,-22.85877799987793,-10.461089134216309
2026-04-02 13:03:32.933,1951.939620961,690746301,right_foot,右脚,D4:22:CD:00:85:22,0.10607832670211792,0.47058337926864624,-0.1435684859752655,0.8641108274459839,-16.036395178473658,-57.536200645492855,174.84754553372107,7.3530592918396,-1.6852450370788574,5.48341703414917,8.149979591369629,-37.52944564819336,-18.256521224975586
2026-04-02 13:03:32.964,1951.970431258,690779635,right_foot,右脚,D4:22:CD:00:85:22,0.10857655107975006,0.4869486093521118,-0.13767260313034058,0.8556512594223022,-14.905355038057397,-59.67914633782302,174.1188993783039,7.457132339477539,-1.1684657335281372,5.9317522048950195,15.202601432800293,-59.46464538574219,-27.975814819335938
2026-04-02 13:03:33.026,1952.032554757,690812969,right_foot,右脚,D4:22:CD:00:85:22,0.11102882027626038,0.5076271891593933,-0.13260117173194885,0.8440408110618591,-13.886551407445738,-62.41942391484585,173.45152677872477,8.076796531677246,-0.5544102191925049,6.320475101470947,12.901399612426758,-77.76244354248047,-29.742782592773438
2026-04-02 13:03:33.053,1952.059528735,690846303,right_foot,右脚,D4:22:CD:00:85:22,0.11491760611534119,0.5279563069343567,-0.12813887000083923,0.8316472768783569,-12.628515141708068,-65.17536632173656,172.35710943522366,8.790239334106445,-0.0828106701374054,7.158851146697998,7.990715026855469,-77.6973876953125,-33.07487869262695
2026-04-02 13:03:33.083,1952.089308949,690879637,right_foot,右脚,D4:22:CD:00:85:22,0.11832520365715027,0.5504758358001709,-0.12530940771102905,0.8168681859970093,-11.604808471023423,-68.27735714403755,171.39883458299386,8.932025909423828,0.09515146166086197,7.92742919921875,3.8212637901306152,-89.1672134399414,-30.7263240814209
2026-04-02 13:03:33.113,1952.119539262,690912971,right_foot,右脚,D4:22:CD:00:85:22,0.12110064923763275,0.5834549069404602,-0.12443513423204422,0.7933672070503235,-11.021626500574651,-72.92588043570468,170.79852267133228,8.678202629089355,-1.0522985458374023,8.648554801940918,-0.24887715280056,-136.17031860351562,-33.397464752197266
2026-04-02 13:03:33.143,1952.149631408,690946305,right_foot,右脚,D4:22:CD:00:85:22,0.12492157518863678,0.6305719017982483,-0.11999194324016571,0.7565554976463318,-7.772247824062819,-79.77035175092011,167.74616733397798,9.670248985290527,-2.0562143325805664,9.880842208862305,7.232874870300293,-199.6365509033203,-55.08026123046875
2026-04-02 13:03:33.173,1952.179563493,690979639,right_foot,右脚,D4:22:CD:00:85:22,0.13430936634540558,0.6910523772239685,-0.10771691054105759,0.7020010948181152,57.76585307680305,-87.66960880784463,102.52200701569015,11.386627197265625,-4.654428958892822,11.15661334991455,13.460654258728027,-267.5047302246094,-99.72737121582031
2026-04-02 13:03:33.204,1952.21016258,691012973,right_foot,右脚,D4:22:CD:00:85:22,0.15408563613891602,0.7582857608795166,-0.09801138192415237,0.6258233785629272,146.73347646417827,-78.32449376110948,12.621505318577418,12.386792182922363,-2.8284051418304443,8.925970077514648,-22.994327545166016,-333.04632568359375,-131.08607482910156
2026-04-02 13:03:33.233,1952.239616014,691046307,right_foot,右脚,D4:22:CD:00:85:22,0.16594108939170837,0.7992486953735352,-0.08473511040210724,0.5713892579078674,150.02033991630677,-70.30257666826137,9.251080414648277,11.104135513305664,-3.549837827682495,2.505366325378418,-1.5958712100982666,-220.4844207763672,-102.46636962890625
2026-04-02 13:03:33.263,1952.269635796,691079641,right_foot,右脚,D4:22:CD:00:85:22,0.1565621793270111,0.8059203028678894,-0.08062427490949631,0.565226674079895,152.67558712820716,-69.43920352650026,7.696153052967009,12.079788208007812,-6.564172744750977,4.252340793609619,33.05714416503906,-31.881284713745117,2.229482412338257
2026-04-02 13:03:33.323,1952.329317012,691112975,right_foot,右脚,D4:22:CD:00:85:22,0.14107026159763336,0.7975186705589294,-0.06879441440105438,0.5825214385986328,152.77204233602077,-71.54135463051314,9.934351900850608,0.639636218547821,0.8872860670089722,5.831735134124756,63.08022689819336,64.79511260986328,9.54089069366455
2026-04-02 13:03:33.353,1952.359582048,691146309,right_foot,右脚,D4:22:CD:00:85:22,0.15512169897556305,0.7765533328056335,-0.0871870145201683,0.6044016480445862,148.51269053759322,-74.96083918214623,11.583165278873526,2.3916800022125244,1.1265697479248047,4.688769340515137,-83.70439910888672,94.83951568603516,38.38371276855469
2026-04-02 13:03:33.383,1952.389613607,691179643,right_foot,右脚,D4:22:CD:00:85:22,0.16550475358963013,0.7403767108917236,-0.09774816036224365,0.644124448299408,134.0905813196345,-80.45115981892451,24.37769243221879,5.819421768188477,-1.6949273347854614,3.6311209201812744,-60.785152435302734,177.1965789794922,38.94855499267578
2026-04-02 13:03:33.413,1952.41961666,691212977,right_foot,右脚,D4:22:CD:00:85:22,0.16599971055984497,0.6931885480880737,-0.1089586690068245,0.6928654909133911,79.10412012694353,-85.37672542256789,78.45512725297081,5.2516374588012695,1.4952889680862427,5.581526279449463,-40.41412353515625,220.99420166015625,70.92718505859375
2026-04-02 13:03:33.443,1952.44940338,691246311,right_foot,右脚,D4:22:CD:00:85:22,0.1653147041797638,0.6381507515907288,-0.1272541731595993,0.7411085367202759,8.311821286736382,-81.09675438312931,147.73601517152164,7.885617256164551,1.430867314338684,6.289518356323242,-59.44895553588867,234.18692016601562,92.80792999267578
2026-04-02 13:03:33.473,1952.479698438,691279645,right_foot,右脚,D4:22:CD:00:85:22,0.1610410213470459,0.5699289441108704,-0.14567537605762482,0.7924810647964478,-8.737754742847772,-71.84820402965386,163.36304665447375,10.439783096313477,0.10034003108739853,6.419306755065918,-58.05374526977539,273.3462829589844,109.236083984375
2026-04-02 13:03:33.503,1952.509624823,691312979,right_foot,右脚,D4:22:CD:00:85:22,0.14907366037368774,0.4936788082122803,-0.1598161906003952,0.8417350649833679,-14.791673585652704,-61.49092726677754,168.7439980133532,11.249565124511719,-0.3739367723464966,7.633959770202637,-36.59601593017578,289.9290466308594,124.0857162475586
2026-04-02 13:03:33.533,1952.53949735,691346313,right_foot,右脚,D4:22:CD:00:85:22,0.12707942724227905,0.41271692514419556,-0.1728021651506424,0.8852434754371643,-18.536242735017364,-50.77134737586539,172.51748300916515,13.74506664276123,-1.8082722425460815,9.181921005249023,-21.508546829223633,289.23980712890625,150.2410888671875
2026-04-02 13:03:33.563,1952.569519133,691379647,right_foot,右脚,D4:22:CD:00:85:22,0.10311169177293777,0.33125433325767517,-0.1904856413602829,0.9183433055877686,-21.686980638504323,-40.36785617939121,175.24292844325024,17.209945678710938,-0.8831388354301453,9.893510818481445,-38.76615905761719,273.0106506347656,158.4010467529297
2026-04-02 13:03:33.623,1952.629623297,691412981,right_foot,右脚,D4:22:CD:00:85:22,0.09553336352109909,0.25363606214523315,-0.21282248198986053,0.9387487769126892,-24.2139653109294,-31.12213539803026,175.2153922601992,20.948625564575195,-0.7156818509101868,1.5571824312210083,-78.26237487792969,255.59078979492188,105.05902099609375
2026-04-02 13:03:33.653,1952.659491658,691446315,right_foot,右脚,D4:22:CD:00:85:22,0.09867246448993683,0.2125314325094223,-0.24487395584583282,0.9408142566680908,-27.938333626167008,-26.630151915699976,174.7639630884276,19.332292556762695,7.880876064300537,-8.820016860961914,-119.31499481201172,126.02274322509766,47.277313232421875
2026-04-02 13:03:33.683,1952.689590121,691479649,right_foot,右脚,D4:22:CD:00:85:22,0.10386234521865845,0.22572393715381622,-0.24493549764156342,0.9371598362922668,-27.912092540333717,-28.291505271035465,174.5196874101109,21.19136619567871,0.5303029417991638,-16.717493057250977,-2.837573528289795,-41.667808532714844,-28.82293128967285
2026-04-02 13:03:33.713,1952.719345553,691512983,right_foot,右脚,D4:22:CD:00:85:22,0.10532590746879578,0.26957252621650696,-0.1957966685295105,0.9369639754295349,-21.733265110532766,-33.120661869193825,173.70650953493282,4.099610328674316,-2.807156562805176,10.971935272216797,173.3401336669922,-123.65564727783203,-78.4954605102539
2026-04-02 13:03:33.743,1952.749652434,691546317,right_foot,右脚,D4:22:CD:00:85:22,0.0876232236623764,0.33199945092201233,-0.17045757174491882,0.9236035346984863,-19.585536035533774,-40.02661195581996,176.35554199112283,4.051717758178711,6.769534111022949,9.693275451660156,112.13507080078125,-217.0930938720703,-12.349915504455566
2026-04-02 13:03:33.774,1952.780449665,691579651,right_foot,右脚,D4:22:CD:00:85:22,0.08931544423103333,0.38473451137542725,-0.16300104558467865,0.9041202664375305,-19.151296731683505,-46.45296614729682,176.99811127476022,21.96390151977539,0.6586775183677673,6.625530242919922,26.664793014526367,-187.19461059570312,-49.75520324707031
2026-04-02 13:03:33.803,1952.809630788,691612985,right_foot,右脚,D4:22:CD:00:85:22,0.09337539970874786,0.40606293082237244,-0.15472714602947235,0.8957982659339905,-17.93032300373176,-49.14745802024032,176.3507715773433,10.522120475769043,-0.863985538482666,5.421628952026367,23.31887435913086,-73.15052795410156,-36.70405578613281
2026-04-02 13:03:33.833,1952.83966564,691646319,right_foot,右脚,D4:22:CD:00:85:22,0.09458326548337936,0.41947561502456665,-0.15100648999214172,0.8901078701019287,-17.457921479856747,-50.834223749468535,176.21498864605485,8.090215682983398,0.4417380392551422,6.115793704986572,12.113430976867676,-48.02650451660156,-16.60759735107422
2026-04-02 13:03:33.863,1952.869615073,691679653,right_foot,右脚,D4:22:CD:00:85:22,0.09506729990243912,0.43117275834083557,-0.14911788702011108,0.8847694396972656,-17.307519078920784,-52.30986021994815,176.28312948718943,7.106409549713135,-0.6883198022842407,6.0998311042785645,7.09965705871582,-43.21941375732422,-10.863842964172363
2026-04-02 13:03:33.923,1952.929504265,691712987,right_foot,右脚,D4:22:CD:00:85:22,0.09435620903968811,0.4376855790615082,-0.1483548879623413,0.88177090883255,-17.355776206246283,-53.11793220187058,176.50994677973245,7.847747802734375,-0.19649454951286316,5.801887512207031,4.855318546295166,-24.95025634765625,-2.260347604751587
2026-04-02 13:03:33.953,1952.959555322,691746321,right_foot,右脚,D4:22:CD:00:85:22,0.0926898792386055,0.43972375988960266,-0.14808514714241028,0.880978524684906,-17.487525357637058,-53.34317448896078,176.8234677386371,7.600597858428955,-1.2584896087646484,5.7013139724731445,4.396955490112305,-8.713736534118652,4.297501087188721
2026-04-02 13:03:33.983,1952.989541829,691779655,right_foot,右脚,D4:22:CD:00:85:22,0.09123396128416061,0.4415793716907501,-0.14698895812034607,0.8803856372833252,-17.456510649643565,-53.54661747910271,177.0259598462826,7.4000325202941895,-1.1062809228897095,5.8730788230896,6.531493663787842,-7.486083984375,2.4761781692504883
2026-04-02 13:03:34.013,1953.019426493,691812989,right_foot,右脚,D4:22:CD:00:85:22,0.0895867794752121,0.444171279668808,-0.1465212106704712,0.8793284296989441,-17.56900745950433,-53.842374927459794,177.33906761406615,7.434610366821289,-1.0260729789733887,5.779445648193359,4.811543941497803,-10.709228515625,3.397681713104248
2026-04-02 13:03:34.043,1953.049567379,691846323,right_foot,右脚,D4:22:CD:00:85:22,0.08841164410114288,0.4464133381843567,-0.1463422030210495,0.8783411979675293,-17.68778826970017,-54.10399500737206,177.59016286875845,7.526171684265137,-0.9232958555221558,5.522998809814453,3.07525372505188,-9.397298812866211,2.540440320968628
2026-04-02 13:03:34.073,1953.079592391,691879657,right_foot,右脚,D4:22:CD:00:85:22,0.08753442764282227,0.44831955432891846,-0.14623841643333435,0.8774749636650085,-17.789103007992566,-54.32908108774967,177.7891449480057,7.318025588989258,-1.142204999923706,5.603148937225342,2.2643730640411377,-8.067529678344727,1.886886477470398
2026-04-02 13:03:34.103,1953.109608668,691912991,right_foot,右脚,D4:22:CD:00:85:22,0.08704933524131775,0.4507942497730255,-0.145324245095253,0.8764066100120544,-17.727464429440264,-54.63270154174645,177.86547094743963,7.365094184875488,-1.1896940469741821,5.501358509063721,4.076693058013916,-9.647703170776367,-0.9774397015571594
2026-04-02 13:03:34.133,1953.139295645,691946325,right_foot,右脚,D4:22:CD:00:85:22,0.08662772178649902,0.4530876576900482,-0.14424088597297668,0.875444233417511,-17.625962189386446,-54.9145585216104,177.90945351077198,7.516902446746826,-0.9415045976638794,5.4942755699157715,4.405947685241699,-8.85086441040039,-1.3807249069213867
2026-04-02 13:03:34.163,1953.169646004,691979659,right_foot,右脚,D4:22:CD:00:85:22,0.08626001328229904,0.45561107993125916,-0.14321082830429077,0.8743392825126648,-17.534698021234533,-55.22753986856483,177.95573859883967,7.41166353225708,-0.8499879240989685,5.597184181213379,4.087002754211426,-9.751762390136719,-1.677916169166565
2026-04-02 13:03:34.223,1953.229600876,692012993,right_foot,右脚,D4:22:CD:00:85:22,0.08631837368011475,0.46047937870025635,-0.14149610698223114,0.8720594048500061,-17.33737528054562,-55.84864060220986,177.93407868133062,7.274961948394775,-1.6464173793792725,5.558567047119141,5.517585754394531,-18.223888397216797,-5.601733684539795
2026-04-02 13:03:34.254,1953.26031844,692046327,right_foot,右脚,D4:22:CD:00:85:22,0.0872400552034378,0.46896257996559143,-0.1377197653055191,0.8680424094200134,-16.760002483442985,-56.949191377196286,177.65814286272698,7.370262622833252,-1.2406994104385376,5.630540370941162,10.493653297424316,-30.77610206604004,-13.796407699584961
2026-04-02 13:03:34.283,1953.289582759,692079661,right_foot,右脚,D4:22:CD:00:85:22,0.08947249501943588,0.48194366693496704,-0.13139525055885315,0.8616617918014526,-15.635265187351594,-58.65568343705948,176.96517734375595,7.420126914978027,-1.9186310768127441,5.759869575500488,16.13541030883789,-46.61851501464844,-24.73230743408203
2026-04-02 13:03:34.313,1953.319618324,692112995,right_foot,右脚,D4:22:CD:00:85:22,0.09241583198308945,0.49922576546669006,-0.12396279722452164,0.8525649309158325,-14.196060145717823,-60.94528336254218,176.00789245894828,7.732887268066406,-0.19910357892513275,6.029943943023682,18.272476196289062,-63.19767761230469,-31.52117919921875
2026-04-02 13:03:34.343,1953.349695024,692146329,right_foot,右脚,D4:22:CD:00:85:22,0.0955038070678711,0.5182846188545227,-0.11963922530412674,0.8413960337638855,-13.263282146781194,-63.51055878395888,175.2804843164463,8.269373893737793,-0.03275850787758827,6.648621559143066,8.465775489807129,-72.88912200927734,-28.1038818359375
2026-04-02 13:03:34.373,1953.379306986,692179663,right_foot,右脚,D4:22:CD:00:85:22,0.09838224947452545,0.538103461265564,-0.11759833991527557,0.8288166522979736,-12.760545435567133,-66.22229855190997,174.80293370917374,8.797325134277344,0.3155217170715332,7.031124114990234,1.7361716032028198,-78.4459457397461,-24.29146957397461
2026-04-02 13:03:34.403,1953.409621135,692212997,right_foot,右脚,D4:22:CD:00:85:22,0.09986956417560577,0.5628337860107422,-0.11915134638547897,0.8118175268173218,-13.481007822897558,-69.65816117568077,175.37550733582157,8.73061752319336,0.21166500449180603,7.674142837524414,-6.263433933258057,-102.41992950439453,-17.236499786376953
2026-04-02 13:03:34.433,1953.43961092,692246331,right_foot,右脚,D4:22:CD:00:85:22,0.10085412859916687,0.5980987548828125,-0.12104421854019165,0.7857834696769714,-15.249492760330474,-74.65867455301422,177.0304137506479,8.792760848999023,-1.4945261478424072,7.967165470123291,-6.545356750488281,-149.68763732910156,-22.65009307861328
2026-04-02 13:03:34.463,1953.469629057,692279665,right_foot,右脚,D4:22:CD:00:85:22,0.10557618737220764,0.6477118134498596,-0.11652625352144241,0.7454836368560791,-15.448117241636952,-82.02172891266436,177.33243576478688,9.24783992767334,-3.5825107097625732,9.803324699401855,1.8094229698181152,-214.1514434814453,-56.91391372680664
2026-04-02 13:03:34.553,1953.559488255,692312999,right_foot,右脚,D4:22:CD:00:85:22,0.11932868510484695,0.7114278078079224,-0.1041666716337204,0.6846758723258972,141.36200044417157,-87.5081918856044,20.44794075361561,12.2781400680542,-4.829240798950195,10.228515625,-1.9040390253067017,-289.8622131347656,-110.68172454833984
2026-04-02 13:03:34.553,1953.559565412,692346333,right_foot,右脚,D4:22:CD:00:85:22,0.14016076922416687,0.7687320709228516,-0.09522587805986404,0.6167159080505371,153.89025946109467,-77.12845688477698,6.8248649028288835,13.420149803161621,-2.1598665714263916,7.12851619720459,-33.005767822265625,-291.3743896484375,-119.39946746826172
2026-04-02 13:03:34.583,1953.5895946,692379667,right_foot,右脚,D4:22:CD:00:85:22,0.15763571858406067,0.8028081059455872,-0.0882149189710617,0.5682157874107361,153.3492312427181,-70.07630021018247,6.318417759726725,11.583547592163086,-3.32633113861084,2.315704345703125,-33.29172134399414,-192.67697143554688,-89.7824935913086
2026-04-02 13:03:34.613,1953.619391979,692413001,right_foot,右脚,D4:22:CD:00:85:22,0.14852696657180786,0.8053911924362183,-0.08078950643539429,0.5681186318397522,154.58833462769394,-69.90319708743958,6.4547011603386775,11.235998153686523,-8.354503631591797,2.940854549407959,38.242347717285156,-5.448564529418945,-2.996307849884033
2026-04-02 13:03:34.643,1953.649602456,692446335,right_foot,右脚,D4:22:CD:00:85:22,0.1272687464952469,0.7919750809669495,-0.06639048457145691,0.5934401154518127,154.99501107707977,-73.11264861716138,9.090016163347752,1.566598892211914,1.007074236869812,4.7360029220581055,84.23020935058594,96.36392974853516,18.77581214904785
2026-04-02 13:03:34.673,1953.679611434,692479669,right_foot,右脚,D4:22:CD:00:85:22,0.12912960350513458,0.7680875062942505,-0.08385903388261795,0.6215590238571167,154.11744234587795,-77.54879994573056,8.454934862077685,0.8282663226127625,0.8160203099250793,3.811680555343628,-47.98252487182617,116.69837188720703,61.92515182495117
2026-04-02 13:03:34.705,1953.71136711,692513003,right_foot,右脚,D4:22:CD:00:85:22,0.12666665017604828,0.7344720959663391,-0.09266387671232224,0.6602427959442139,146.45150272521838,-83.3806180903855,15.67440459681119,4.574531078338623,-3.304795980453491,2.7240054607391357,-19.469602584838867,168.0946807861328,55.536502838134766
2026-04-02 13:03:34.733,1953.73951672,692546337,right_foot,右脚,D4:22:CD:00:85:22,0.11676301807165146,0.6896382570266724,-0.10049531608819962,0.7075782418251038,33.362903818491006,-88.0376081829569,128.96039010582922,6.125044345855713,1.3846757411956787,5.095060348510742,-0.7856644988059998,213.63328552246094,76.97383880615234
2026-04-02 13:03:34.763,1953.769302483,692579671,right_foot,右脚,D4:22:CD:00:85:22,0.11298438161611557,0.6347669959068298,-0.11782245337963104,0.755264163017273,-11.72686995081278,-80.21655444268522,172.87161622640048,7.879415512084961,0.5391056537628174,5.687442779541016,-42.45391082763672,237.375,87.79388427734375
2026-04-02 13:03:34.823,1953.829287946,692613005,right_foot,右脚,D4:22:CD:00:85:22,0.11211606115102768,0.5729746222496033,-0.13422991335391998,0.8006953001022339,-15.713593887871673,-71.3795128742268,175.37955747664506,10.067581176757812,-0.5517873764038086,6.206784248352051,-50.180606842041016,252.1661376953125,79.62638092041016
2026-04-02 13:03:34.853,1953.859465345,692646339,right_foot,右脚,D4:22:CD:00:85:22,0.10510791093111038,0.5079590082168579,-0.1536034345626831,0.8410330414772034,-19.14048008271056,-62.46268753165965,177.42760902477286,11.302458763122559,-0.5089578628540039,7.584387302398682,-49.68798065185547,247.23779296875,101.41780853271484
2026-04-02 13:03:34.883,1953.889364175,692679673,right_foot,右脚,D4:22:CD:00:85:22,0.08531199395656586,0.4420226514339447,-0.17518223822116852,0.8755853772163391,-22.89390389246146,-53.50866856608263,-179.47268723727257,13.691433906555176,-1.4400248527526855,8.919670104980469,-36.85087585449219,232.5048370361328,140.25840759277344
2026-04-02 13:03:34.913,1953.91946977,692713007,right_foot,右脚,D4:22:CD:00:85:22,0.06418338418006897,0.3697424530982971,-0.19875691831111908,0.9053548574447632,-25.75547214576597,-44.02797706908709,-177.54802666596964,16.400094985961914,-0.45376312732696533,9.4126615524292,-45.069114685058594,243.2420196533203,149.55079650878906
2026-04-02 13:03:34.943,1953.94921881,692746341,right_foot,右脚,D4:22:CD:00:85:22,0.06022500991821289,0.2963511645793915,-0.2236892729997635,0.9265596866607666,-27.611399847872235,-35.17789369473318,-178.5293932955038,17.70810890197754,0.6622446775436401,5.819592475891113,-76.61563110351562,247.39710998535156,96.69367980957031
2026-04-02 13:03:34.973,1953.979404895,692779675,right_foot,右脚,D4:22:CD:00:85:22,0.07433896511793137,0.23363499343395233,-0.24939948320388794,0.9368506073951721,-29.439855178108225,-28.34906392026835,178.51859178407435,18.609909057617188,3.031672954559326,-2.6035091876983643,-102.84056854248047,215.8407440185547,30.042409896850586
2026-04-02 13:03:35.003,1954.00936289,692813009,right_foot,右脚,D4:22:CD:00:85:22,0.08557889610528946,0.20826232433319092,-0.2777506411075592,0.9338942766189575,-32.47962099070831,-25.882612934830476,177.1870189088977,18.080720901489258,6.1599202156066895,-11.324469566345215,-110.03497314453125,81.29822540283203,7.16070556640625
2026-04-02 13:03:35.033,1954.03941584,692846343,right_foot,右脚,D4:22:CD:00:85:22,0.09981254488229752,0.23229660093784332,-0.2547917068004608,0.9333583116531372,-29.385829114382364,-28.979349106318445,175.54522497681245,12.390680313110352,0.07423508912324905,-5.482214450836182,70.25543975830078,-58.19968795776367,-84.24110412597656
2026-04-02 13:03:35.063,1954.069205625,692879677,right_foot,右脚,D4:22:CD:00:85:22,0.10319413244724274,0.275385320186615,-0.20688055455684662,0.9331212639808655,-23.34880952022777,-33.823264204760754,174.56811968943194,-0.2820788025856018,-7.362112522125244,10.58884334564209,166.1333770751953,-120.04065704345703,-85.78193664550781
2026-04-02 13:03:35.123,1954.129411699,692913011,right_foot,右脚,D4:22:CD:00:85:22,0.08327843993902206,0.33154189586639404,-0.1781282126903534,0.9227218627929688,-20.887678729273397,-39.90450808395484,177.34219577944785,9.5110445022583,4.798336029052734,8.637882232666016,123.99715423583984,-194.81948852539062,-6.141303062438965
2026-04-02 13:03:35.153,1954.159393523,692946345,right_foot,右脚,D4:22:CD:00:85:22,0.0856391116976738,0.37975186109542847,-0.1676381677389145,0.9057331681251526,-20.007067575565053,-45.77612237935262,177.7147933386595,16.500057220458984,0.5524771213531494,8.324767112731934,34.423274993896484,-168.60374450683594,-52.93422317504883
2026-04-02 13:03:35.184,1954.190276845,692979679,right_foot,右脚,D4:22:CD:00:85:22,0.08786288648843765,0.4049856960773468,-0.1578960120677948,0.8962902426719666,-18.807497748647773,-48.91324737089846,177.41767907026986,11.991028785705566,0.5805915594100952,5.479887008666992,30.275096893310547,-87.43795013427734,-35.79893112182617
2026-04-02 13:03:35.214,1954.220316107,693013013,right_foot,右脚,D4:22:CD:00:85:22,0.08908140659332275,0.41945672035217285,-0.1548306941986084,0.8900274038314819,-18.50533981245961,-50.736218437170464,177.40268600950645,8.068178176879883,-0.06700476258993149,6.049598217010498,9.594538688659668,-52.35898971557617,-16.644182205200195
2026-04-02 13:03:35.243,1954.249246382,693046347,right_foot,右脚,D4:22:CD:00:85:22,0.09083961695432663,0.42914485931396484,-0.15139926970005035,0.8858115077018738,-17.991953928358257,-51.97930188389446,177.11615345188048,7.5079851150512695,-1.3445994853973389,5.846206188201904,9.538556098937988,-34.355377197265625,-15.724620819091797
2026-04-02 13:03:35.273,1954.279345788,693079681,right_foot,右脚,D4:22:CD:00:85:22,0.09049691259860992,0.4352881610393524,-0.1502247303724289,0.8830446600914001,-17.94598436041858,-52.74478175807241,177.25007930658066,7.585155010223389,0.004317952319979668,6.086414337158203,5.339596271514893,-23.206636428833008,-3.7958712577819824
2026-04-02 13:03:35.303,1954.309130015,693113015,right_foot,右脚,D4:22:CD:00:85:22,0.08884615451097488,0.4393114149570465,-0.1503123641014099,0.8812029957771301,-18.18448419390763,-53.221287227170656,177.65334292904055,7.441192626953125,-1.1147818565368652,5.69334077835083,3.1835784912109375,-16.44708251953125,3.3500425815582275
2026-04-02 13:03:35.334,1954.34033674,693146349,right_foot,右脚,D4:22:CD:00:85:22,0.08729717880487442,0.44193312525749207,-0.1497446447610855,0.8801429867744446,-18.27522690012526,-53.520785231320254,177.9455250499312,7.435306072235107,-1.1987422704696655,5.725417137145996,4.918125629425049,-10.767147064208984,2.9362106323242188
2026-04-02 13:03:35.364,1954.370096039,693179683,right_foot,右脚,D4:22:CD:00:85:22,0.0855947732925415,0.44428911805152893,-0.149358332157135,0.879189133644104,-18.407751326049887,-53.78409440714164,178.27441468698984,7.448225021362305,-1.1291332244873047,5.850958347320557,4.479084014892578,-9.9288330078125,3.7541661262512207
2026-04-02 13:03:35.423,1954.429918025,693213017,right_foot,右脚,D4:22:CD:00:85:22,0.08400771021842957,0.44655612111091614,-0.14947602152824402,0.8781732320785522,-18.620692555240705,-54.03937614657582,178.62923263767914,7.419562339782715,-1.0097683668136597,5.5969557762146,2.631532907485962,-9.841158866882324,4.121150970458984
2026-04-02 13:03:35.453,1954.459373951,693246351,right_foot,右脚,D4:22:CD:00:85:22,0.08287377655506134,0.44882476329803467,-0.14923109114170074,0.8771654963493347,-18.734713232831783,-54.30368963703535,178.87747857658792,7.428128719329834,-1.377927303314209,5.506415367126465,2.9553349018096924,-9.492469787597656,2.1241888999938965
2026-04-02 13:03:35.483,1954.489389048,693279685,right_foot,右脚,D4:22:CD:00:85:22,0.08204380422830582,0.4515186846256256,-0.1485159546136856,0.8759815096855164,-18.753227420967715,-54.62821194687312,179.04757516914844,7.329174041748047,-1.1251975297927856,5.6389241218566895,3.8574488162994385,-10.752544403076172,0.14039306342601776
2026-04-02 13:03:35.513,1954.519365803,693313019,right_foot,右脚,D4:22:CD:00:85:22,0.08119484782218933,0.45456206798553467,-0.14793209731578827,0.8745843172073364,-18.809134524318406,-54.997559713672175,179.24735340874784,7.453201770782471,-1.1594995260238647,5.553055763244629,3.4068422317504883,-12.179960250854492,0.09568284451961517
2026-04-02 13:03:35.544,1954.550403816,693346353,right_foot,右脚,D4:22:CD:00:85:22,0.08056225627660751,0.4575643837451935,-0.1469120979309082,0.8732481002807617,-18.76859876928289,-55.366568478566904,179.36906640611502,7.499507904052734,-1.2073190212249756,5.412897109985352,4.332926273345947,-11.725744247436523,-1.2589374780654907
2026-04-02 13:03:35.573,1954.57930974,693379687,right_foot,右脚,D4:22:CD:00:85:22,0.08019211888313293,0.46097734570503235,-0.14535978436470032,0.8717456459999084,-18.620540021962178,-55.794103291582466,179.4089475747101,7.474059104919434,-1.2812449932098389,5.522302627563477,5.488422870635986,-12.936646461486816,-3.1926064491271973
2026-04-02 13:03:35.603,1954.609333591,693413021,right_foot,右脚,D4:22:CD:00:85:22,0.07997079938650131,0.46536198258399963,-0.14333954453468323,0.8697685599327087,-18.40082773796084,-56.35018997660254,179.41033608530122,7.57045316696167,-1.0609716176986694,5.465824127197266,6.619470596313477,-16.39286994934082,-5.054511070251465
2026-04-02 13:03:35.633,1954.639186086,693446355,right_foot,右脚,D4:22:CD:00:85:22,0.08017408102750778,0.4710380733013153,-0.1406308114528656,0.8671325445175171,-18.047864040456588,-57.08253497504679,179.30853193340252,7.4163408279418945,-1.475260615348816,5.385873794555664,7.973421096801758,-20.906402587890625,-8.291426658630371
2026-04-02 13:03:35.693,1954.699301689,693479689,right_foot,右脚,D4:22:CD:00:85:22,0.08141103386878967,0.4803577661514282,-0.13595421612262726,0.8626389503479004,-17.31370274347165,-58.30819555171823,178.92640358311175,7.467850208282471,-1.349625825881958,5.61155891418457,12.203065872192383,-33.72903060913086,-16.895654678344727
2026-04-02 13:03:35.723,1954.72932529,693513023,right_foot,右脚,D4:22:CD:00:85:22,0.08283624053001404,0.4923534095287323,-0.13117322325706482,0.8564580082893372,-16.577819695204447,-59.8931480219828,178.54643316956742,7.740816593170166,-0.5749768614768982,5.764444828033447,12.083487510681152,-44.33073043823242,-19.411367416381836
2026-04-02 13:03:35.753,1954.759301577,693546357,right_foot,右脚,D4:22:CD:00:85:22,0.08421596139669418,0.5058117508888245,-0.12854503095149994,0.8488458395004272,-16.289215928291238,-61.686141873021,178.4374279718937,7.987054824829102,-0.2778451144695282,5.586650371551514,5.540557384490967,-51.69788360595703,-16.73556137084961
2026-04-02 13:03:35.783,1954.789484828,693579691,right_foot,右脚,D4:22:CD:00:85:22,0.0860305055975914,0.5203355550765991,-0.12720119953155518,0.840041995048523,-16.246282961407694,-63.649152860923564,178.42965326417988,8.284514427185059,-0.5285502672195435,5.936798572540283,0.7117771506309509,-57.060428619384766,-16.645164489746094
2026-04-02 13:03:35.813,1954.819226047,693613025,right_foot,右脚,D4:22:CD:00:85:22,0.08737827837467194,0.5355707406997681,-0.12800252437591553,0.8301475048065186,-16.813999216067415,-65.72381523382052,178.8899430471996,8.719353675842285,-0.1709194779396057,6.3876872062683105,-5.033736228942871,-61.90938186645508,-12.147130012512207
2026-04-02 13:03:35.843,1954.84959205,693646359,right_foot,右脚,D4:22:CD:00:85:22,0.08835724741220474,0.5552985668182373,-0.12927688658237457,0.8167770504951477,-17.90725077081536,-68.42774518755027,179.88128578570814,8.582598686218262,-0.6636447906494141,6.506524562835693,-6.0520710945129395,-81.44698333740234,-13.308316230773926
2026-04-02 13:03:35.873,1954.879434271,693679693,right_foot,右脚,D4:22:CD:00:85:22,0.0886775553226471,0.5817949175834656,-0.13115054368972778,0.7977791428565979,-20.178852517348513,-72.09114876501393,-177.9284993911808,8.81009578704834,-0.9482328295707703,6.688639163970947,-7.066712379455566,-111.69821166992188,-15.067520141601562
2026-04-02 13:03:35.903,1954.909461442,693713027,right_foot,右脚,D4:22:CD:00:85:22,0.08979952335357666,0.6172685027122498,-0.1323816180229187,0.7703191041946411,-24.644759964119096,-77.10028332252261,-173.54925079435483,9.1692533493042,-1.1528578996658325,7.681511402130127,-8.269659996032715,-152.7359619140625,-25.22959327697754
2026-04-02 13:03:35.933,1954.939409934,693746361,right_foot,右脚,D4:22:CD:00:85:22,0.09177269041538239,0.6646837592124939,-0.1316647231578827,0.7296836376190186,-40.642313449636106,-83.81736195781814,-157.56537393262687,9.883896827697754,-2.5047945976257324,8.76021671295166,-7.560058116912842,-211.46075439453125,-41.11662292480469
2026-04-02 13:03:35.963,1954.969416231,693779695,right_foot,右脚,D4:22:CD:00:85:22,0.10135196149349213,0.7230732440948486,-0.12538717687129974,0.6716930270195007,-164.16369181716124,-85.40250486782102,-34.303254136799275,12.13062572479248,-4.463085174560547,7.7286481857299805,-15.87750244140625,-273.72271728515625,-83.29893493652344
2026-04-02 13:03:36.023,1955.029498133,693813029,right_foot,右脚,D4:22:CD:00:85:22,0.11363732069730759,0.7717986702919006,-0.11786986887454987,0.6144273281097412,172.05941221106812,-77.21734227685847,-11.021818413090486,10.550896644592285,-0.4012579619884491,4.556593894958496,-23.27134132385254,-248.0879669189453,-87.93690490722656
2026-04-02 13:03:36.083,1955.089494953,693846363,right_foot,右脚,D4:22:CD:00:85:22,0.13376694917678833,0.7967740893363953,-0.1235123872756958,0.5761968493461609,166.724756299674,-72.03415498892008,-7.951753549704156,10.604011535644531,-2.343254327774048,1.857904314994812,-73.63101196289062,-149.35284423828125,-52.1872444152832
2026-04-02 13:03:36.083,1955.089567898,693879697,right_foot,右脚,D4:22:CD:00:85:22,0.13736848533153534,0.7950493097305298,-0.11257815361022949,0.5799597501754761,163.12270814214742,-72.38698371001425,-3.7279634218096573,8.065534591674805,-7.578188896179199,2.801039934158325,9.817793846130371,19.091323852539062,-34.08796691894531
2026-04-02 13:03:36.143,1955.149491958,693913031,right_foot,右脚,D4:22:CD:00:85:22,0.1378059983253479,0.7784586548805237,-0.09959157556295395,0.6042299866676331,157.88665577269697,-75.5083346691047,2.6287833616766183,3.680131673812866,0.14784091711044312,4.18364143371582,23.20902442932129,104.45037078857422,-18.0371036529541
2026-04-02 13:03:36.143,1955.149580833,693946365,right_foot,右脚,D4:22:CD:00:85:22,0.1438431292772293,0.7525761723518372,-0.10463856160640717,0.6340266466140747,151.5411768056263,-79.86928348508856,8.139486936809728,3.7206521034240723,-0.18607373535633087,3.532147169113159,-32.00161361694336,131.88198852539062,24.25250244140625
2026-04-02 13:03:36.173,1955.179436795,693979699,right_foot,右脚,D4:22:CD:00:85:22,0.14536519348621368,0.7157080173492432,-0.11459844559431076,0.6734235882759094,133.36004514087108,-85.76180844039743,25.44037525369553,5.875726222991943,-0.5125566720962524,3.031130313873291,-33.219844818115234,176.6895294189453,55.25278854370117
2026-04-02 13:03:36.203,1955.209395836,694013033,right_foot,右脚,D4:22:CD:00:85:22,0.14579972624778748,0.6694158911705017,-0.12351427227258682,0.7178925275802612,13.702954666226871,-85.67580021399698,144.3250187507525,6.4241790771484375,1.4260519742965698,4.366213798522949,-31.009807586669922,211.21885681152344,61.08344650268555
2026-04-02 13:03:36.234,1955.240364004,694046367,right_foot,右脚,D4:22:CD:00:85:22,0.15626901388168335,0.6176453828811646,-0.14056003093719482,0.7578509449958801,-5.7846617882569324,-78.54923092945292,161.4295367880417,8.035056114196777,1.8829752206802368,5.114014625549316,-78.9639892578125,214.6608123779297,54.66595458984375
2026-04-02 13:03:36.263,1955.269553353,694079701,right_foot,右脚,D4:22:CD:00:85:22,0.17059972882270813,0.560716450214386,-0.16081829369068146,0.7941226959228516,-11.345940843568439,-70.98369349688029,163.8546399215911,10.202978134155273,0.6823557019233704,5.57981538772583,-100.09712982177734,220.56492614746094,51.488346099853516
2026-04-02 13:03:36.323,1955.329577247,694113035,right_foot,右脚,D4:22:CD:00:85:22,0.17230193316936493,0.5003476142883301,-0.17982590198516846,0.8292329907417297,-16.14426675865217,-63.09750692513635,166.476807370359,11.768827438354492,-0.7360926270484924,6.319016456604004,-74.87017822265625,221.6671905517578,84.35414123535156
2026-04-02 13:03:36.353,1955.359280446,694146369,right_foot,右脚,D4:22:CD:00:85:22,0.154545396566391,0.4393666982650757,-0.193629652261734,0.863470196723938,-20.227638109946653,-54.94576602086707,170.30307147316424,12.110109329223633,-0.6083555221557617,7.562273025512695,-27.158933639526367,213.21099853515625,130.41676330566406
2026-04-02 13:03:36.383,1955.38957861,694179703,right_foot,右脚,D4:22:CD:00:85:22,0.13008379936218262,0.3781050443649292,-0.20604996383190155,0.8931174278259277,-23.201877288778988,-46.80191736754647,173.57977696942885,13.618025779724121,0.3575919270515442,8.107223510742188,-15.694656372070312,203.6083526611328,145.805908203125
2026-04-02 13:03:36.413,1955.419622363,694213037,right_foot,右脚,D4:22:CD:00:85:22,0.11517754197120667,0.31739723682403564,-0.21545030176639557,0.916283130645752,-24.50777238545584,-39.144713251714144,174.50220989615292,13.862290382385254,-0.08456924557685852,6.4175848960876465,-22.556644439697266,201.6859588623047,109.33183288574219
2026-04-02 13:03:36.443,1955.449612324,694246371,right_foot,右脚,D4:22:CD:00:85:22,0.11936671286821365,0.26533594727516174,-0.23295769095420837,0.9279438853263855,-26.177278807046164,-33.23320960350742,173.27805400140363,12.571829795837402,1.4883170127868652,3.8393311500549316,-73.47566223144531,172.80490112304688,47.31307601928711
2026-04-02 13:03:36.473,1955.479410913,694279705,right_foot,右脚,D4:22:CD:00:85:22,0.1354144811630249,0.2283921092748642,-0.2623443901538849,0.9277262687683105,-29.27287521977713,-29.65793820367476,171.30164195084922,13.426557540893555,2.300039291381836,-1.0001776218414307,-124.925048828125,118.21001434326172,3.9795174598693848
2026-04-02 13:03:36.503,1955.509484385,694313039,right_foot,右脚,D4:22:CD:00:85:22,0.1542138159275055,0.2130591869354248,-0.26624739170074463,0.9273278117179871,-29.153210297143126,-28.507197637192565,168.67530306970247,12.698399543762207,2.2610321044921875,-4.358293056488037,-35.269840240478516,63.163536071777344,-43.45745849609375
2026-04-02 13:03:36.537,1955.543585249,694346373,right_foot,右脚,D4:22:CD:00:85:22,0.17352718114852905,0.2294311225414276,-0.2621167004108429,0.9211650490760803,-28.03596617308401,-30.907684575406023,166.56018080424553,10.015748977661133,-0.49131640791893005,-1.4399175643920898,2.010223627090454,-37.69255447387695,-82.1948013305664
2026-04-02 13:03:36.563,1955.569581626,694379707,right_foot,右脚,D4:22:CD:00:85:22,0.18900276720523834,0.26739147305488586,-0.22908622026443481,0.9166787266731262,-22.980505198212114,-35.227162944767784,164.08478600459816,1.7663804292678833,-8.125824928283691,8.204085350036621,111.25862884521484,-91.00432586669922,-111.07776641845703
2026-04-02 13:03:36.623,1955.629572405,694413041,right_foot,右脚,D4:22:CD:00:85:22,0.1797986477613449,0.31726086139678955,-0.20428194105625153,0.9084533452987671,-19.76997008639819,-40.53347662145792,164.9729462263661,5.597568035125732,1.2699007987976074,7.197728633880615,112.7256088256836,-156.64810180664062,-37.85187911987305
2026-04-02 13:03:36.653,1955.659563907,694446375,right_foot,右脚,D4:22:CD:00:85:22,0.17604033648967743,0.3625528812408447,-0.19348791241645813,0.8944987654685974,-18.260052199964417,-45.7850992113543,165.4971503221304,8.897781372070312,2.463994264602661,9.555652618408203,56.17271423339844,-153.36190795898438,-39.91902542114258
2026-04-02 13:03:36.683,1955.689451234,694479709,right_foot,右脚,D4:22:CD:00:85:22,0.17381329834461212,0.4012616276741028,-0.1867506206035614,0.8797173500061035,-17.26948469371891,-50.435931230610926,165.82828737927377,17.199079513549805,-2.655606269836426,4.798458099365234,37.37688064575195,-135.54344177246094,-35.638648986816406
2026-04-02 13:03:36.713,1955.719670202,694513043,right_foot,右脚,D4:22:CD:00:85:22,0.1722700446844101,0.41773509979248047,-0.1865088939666748,0.8723735213279724,-17.335101717433503,-52.476285443759316,166.2526257766707,8.70656967163086,1.8963054418563843,6.809791564941406,8.662993431091309,-61.44382858276367,-9.761880874633789
2026-04-02 13:03:36.744,1955.750439356,694546377,right_foot,右脚,D4:22:CD:00:85:22,0.16918028891086578,0.4307233691215515,-0.18985138833522797,0.8659171462059021,-18.196504440003572,-54.11344386610757,167.24234754102469,7.963209629058838,-0.8928266763687134,5.471752166748047,-1.400705099105835,-52.82748031616211,2.717214584350586
2026-04-02 13:03:36.773,1955.779397663,694579711,right_foot,右脚,D4:22:CD:00:85:22,0.1658148169517517,0.4426415264606476,-0.19403639435768127,0.8596070408821106,-19.319166757202282,-55.62332054514474,168.42495044006512,7.578665733337402,-0.9690409302711487,5.820376396179199,-4.078117847442627,-50.0944709777832,5.4758501052856445
