local_time,arrival_time_monotonic,timestamp_ms,role,role_label,mac_address,foot_id,p1,p2,p3,p4,p5,p6,p7,p8,p9,p10,p11,p12,p13,p14,p15,p16,p17,p18
2026-04-02 13:02:22.526,1881.53283924,1775106142526,left_insole,左鞋垫,FF:25:02:05:1A:4B,1,0,0,3347,0,0,0,0,0,3537,0,0,0,0,0,0,0,0,0
2026-04-02 13:02:22.587,1881.59299495,1775106142586,left_insole,左鞋垫,FF:25:02:05:1A:4B,1,0,0,6700,0,0,0,0,0,7535,0,0,0,0,0,0,0,0,0
2026-04-02 13:02:22.616,1881.622344738,1775106142616,left_insole,左鞋垫,FF:25:02:05:1A:4B,1,0,0,7981,0,0,0,0,0,8741,0,1013,0,0,0,1014,107,0,0
2026-04-02 13:02:22.676,1881.682387058,1775106142676,left_insole,左鞋垫,FF:25:02:05:1A:4B,1,0,0,7742,0,0,0,0,0,8357,0,1571,0,0,0,5966,1011,77,0
2026-04-02 13:02:22.736,1881.742496915,1775106142736,left_insole,左鞋垫,FF:25:02:05:1A:4B,1,0,0,6522,0,0,0,0,0,7438,0,1951,600,721,0,6358,1785,1136,0
2026-04-02 13:02:22.887,1881.893424689,1775106142887,left_insole,左鞋垫,FF:25:02:05:1A:4B,1,0,0,4849,0,0,0,349,0,5633,0,1892,1353,1649,0,6265,1865,1757,0
2026-04-02 13:02:22.887,1881.893541591,1775106142887,left_insole,左鞋垫,FF:25:02:05:1A:4B,1,0,0,3643,0,0,348,847,0,4295,0,1845,1790,2246,0,5763,1674,1954,0
2026-04-02 13:02:22.947,1881.953415457,1775106142947,left_insole,左鞋垫,FF:25:02:05:1A:4B,1,0,0,2810,0,0,1373,0,1741,3361,0,2356,2652,2073,0,5322,1634,1966,0
2026-04-02 13:02:23.006,1882.012353012,1775106143006,left_insole,左鞋垫,FF:25:02:05:1A:4B,1,0,0,2647,166,0,1335,1543,1153,2986,166,0,2813,3160,0,194,1194,1681,0
2026-04-02 13:02:23.006,1882.012472904,1775106143006,left_insole,左鞋垫,FF:25:02:05:1A:4B,1,2322,1572,2104,0,0,1000,2052,2144,2715,0,144,1781,3175,0,281,1105,2248,0
2026-04-02 13:02:23.066,1882.072956933,1775106143066,left_insole,左鞋垫,FF:25:02:05:1A:4B,1,3371,3262,1617,0,0,127,2711,3423,2427,0,0,348,3415,0,3957,535,2612,0
2026-04-02 13:02:23.096,1882.102303589,1775106143096,left_insole,左鞋垫,FF:25:02:05:1A:4B,1,3703,4806,1141,0,0,0,2706,4544,1994,0,0,0,2749,0,0,0,1648,0
2026-04-02 13:02:23.157,1882.163473911,1775106143157,left_insole,左鞋垫,FF:25:02:05:1A:4B,1,2375,4323,878,0,0,0,1426,3731,1528,0,0,0,1375,0,3412,0,640,0
2026-04-02 13:02:23.216,1882.222321014,1775106143216,left_insole,左鞋垫,FF:25:02:05:1A:4B,1,1087,1691,746,0,0,0,333,1761,1298,0,0,0,431,0,0,0,0,0
2026-04-02 13:02:23.246,1882.25244743,1775106143246,left_insole,左鞋垫,FF:25:02:05:1A:4B,1,0,0,448,0,0,0,0,0,1065,0,0,0,0,0,0,0,0,0
2026-04-02 13:02:23.307,1882.313275152,1775106143307,left_insole,左鞋垫,FF:25:02:05:1A:4B,1,0,0,414,0,0,0,0,0,1047,0,0,0,0,0,0,0,0,0
2026-04-02 13:02:23.397,1882.403623698,1775106143397,left_insole,左鞋垫,FF:25:02:05:1A:4B,1,0,0,457,0,0,0,0,0,1050,0,0,0,0,0,0,0,0,0
2026-04-02 13:02:23.456,1882.462413019,1775106143456,left_insole,左鞋垫,FF:25:02:05:1A:4B,1,0,0,504,0,0,0,0,0,1025,0,0,0,0,0,0,0,0,0
2026-04-02 13:02:23.456,1882.462543091,1775106143456,left_insole,左鞋垫,FF:25:02:05:1A:4B,1,0,0,510,0,0,0,0,0,1087,0,0,0,0,0,0,0,0,0
2026-04-02 13:02:23.516,1882.522608878,1775106143516,left_insole,左鞋垫,FF:25:02:05:1A:4B,1,0,0,547,0,0,0,0,0,1076,0,0,0,0,0,0,0,0,0
2026-04-02 13:02:23.576,1882.582525642,1775106143576,left_insole,左鞋垫,FF:25:02:05:1A:4B,1,0,0,524,0,0,0,0,0,1037,0,0,0,0,0,0,0,0,0
2026-04-02 13:02:23.606,1882.612395519,1775106143606,left_insole,左鞋垫,FF:25:02:05:1A:4B,1,0,0,508,0,0,0,0,0,1050,0,0,0,0,0,0,0,0,0
2026-04-02 13:02:23.666,1882.672343241,1775106143666,left_insole,左鞋垫,FF:25:02:05:1A:4B,1,0,0,2796,0,0,0,0,0,2983,0,0,0,0,0,0,0,0,0
2026-04-02 13:02:23.726,1882.732641259,1775106143726,left_insole,左鞋垫,FF:25:02:05:1A:4B,1,0,0,6457,0,0,0,0,0,7132,0,0,0,0,0,0,0,0,0
2026-04-02 13:02:23.786,1882.792519838,1775106143786,left_insole,左鞋垫,FF:25:02:05:1A:4B,1,0,0,7756,0,0,0,0,0,8518,0,562,0,0,0,603,0,0,0
2026-04-02 13:02:23.816,1882.822535333,1775106143816,left_insole,左鞋垫,FF:25:02:05:1A:4B,1,0,0,7916,0,0,0,0,0,8604,0,1440,0,0,0,5854,871,0,0
2026-04-02 13:02:23.875,1882.881465844,1775106143875,left_insole,左鞋垫,FF:25:02:05:1A:4B,1,0,0,6730,0,0,0,0,0,7549,0,1862,476,409,0,6133,1426,773,0
2026-04-02 13:02:23.966,1882.972627439,1775106143966,left_insole,左鞋垫,FF:25:02:05:1A:4B,1,0,0,5395,0,0,0,8,0,5965,0,1916,1151,1218,0,6101,1546,1255,0
2026-04-02 13:02:23.996,1883.002263906,1775106143996,left_insole,左鞋垫,FF:25:02:05:1A:4B,1,0,0,4034,0,0,214,463,0,4591,0,1711,1605,1792,0,5756,1551,1829,0
2026-04-02 13:02:24.056,1883.062628158,1775106144056,left_insole,左鞋垫,FF:25:02:05:1A:4B,1,0,0,3581,0,0,561,787,97,3963,0,1717,1877,2050,0,4309,1333,1408,0
2026-04-02 13:02:24.116,1883.122321775,1775106144116,left_insole,左鞋垫,FF:25:02:05:1A:4B,1,0,0,2985,583,0,1222,0,1707,3443,447,1306,2137,1701,0,4921,1277,1578,0
2026-04-02 13:02:24.146,1883.152742895,1775106144146,left_insole,左鞋垫,FF:25:02:05:1A:4B,1,2116,1518,2389,0,0,1158,1590,1747,2796,0,190,1594,2716,0,154,1010,1734,0
2026-04-02 13:02:24.176,1883.182608278,1775106144176,left_insole,左鞋垫,FF:25:02:05:1A:4B,1,2753,3112,1821,0,0,522,2320,3002,2479,0,0,800,3406,0,0,705,2350,0
2026-04-02 13:02:24.266,1883.272639285,1775106144266,left_insole,左鞋垫,FF:25:02:05:1A:4B,1,2999,4177,1340,0,0,0,2212,3816,2078,0,0,0,3136,0,0,0,2109,0
2026-04-02 13:02:24.296,1883.302698877,1775106144296,left_insole,左鞋垫,FF:25:02:05:1A:4B,1,2785,4669,1103,0,0,0,1659,3996,1730,0,0,0,1973,0,0,0,876,0
2026-04-02 13:02:24.356,1883.362491861,1775106144356,left_insole,左鞋垫,FF:25:02:05:1A:4B,1,1570,2837,913,0,0,0,744,2504,1351,0,0,0,676,0,0,0,33,0
2026-04-02 13:02:24.386,1883.392581029,1775106144386,left_insole,左鞋垫,FF:25:02:05:1A:4B,1,0,0,496,0,0,0,0,0,1021,0,0,0,0,0,0,0,0,0
2026-04-02 13:02:24.446,1883.452339557,1775106144446,left_insole,左鞋垫,FF:25:02:05:1A:4B,1,0,0,429,0,0,0,0,0,990,0,0,0,0,0,0,0,0,0
2026-04-02 13:02:24.507,1883.513547897,1775106144507,left_insole,左鞋垫,FF:25:02:05:1A:4B,1,0,0,471,0,0,0,0,0,1015,0,0,0,0,0,0,0,0,0
2026-04-02 13:02:24.567,1883.573284793,1775106144567,left_insole,左鞋垫,FF:25:02:05:1A:4B,1,0,0,484,0,0,0,0,0,1052,0,0,0,0,0,0,0,0,0
2026-04-02 13:02:24.626,1883.632541822,1775106144626,left_insole,左鞋垫,FF:25:02:05:1A:4B,1,0,0,528,0,0,0,0,0,1049,0,0,0,0,0,0,0,0,0
2026-04-02 13:02:24.656,1883.662496869,1775106144656,left_insole,左鞋垫,FF:25:02:05:1A:4B,1,0,0,541,0,0,0,0,0,1031,0,0,0,0,0,0,0,0,0
2026-04-02 13:02:24.716,1883.722381349,1775106144716,left_insole,左鞋垫,FF:25:02:05:1A:4B,1,0,0,545,0,0,0,0,0,1077,0,0,0,0,0,0,0,0,0
2026-04-02 13:02:24.776,1883.782478434,1775106144776,left_insole,左鞋垫,FF:25:02:05:1A:4B,1,0,0,523,0,0,0,0,0,1070,0,0,0,0,0,0,0,0,0
2026-04-02 13:02:24.806,1883.812368007,1775106144806,left_insole,左鞋垫,FF:25:02:05:1A:4B,1,0,0,515,0,0,0,0,0,1070,0,0,0,0,0,0,0,0,0
2026-04-02 13:02:24.867,1883.873502192,1775106144867,left_insole,左鞋垫,FF:25:02:05:1A:4B,1,0,0,2583,0,0,0,0,0,2859,0,0,0,0,0,0,0,0,0
2026-04-02 13:02:24.926,1883.932241749,1775106144926,left_insole,左鞋垫,FF:25:02:05:1A:4B,1,0,0,6343,0,0,0,0,0,7718,0,0,0,0,0,122,0,0,0
2026-04-02 13:02:24.986,1883.992345894,1775106144986,left_insole,左鞋垫,FF:25:02:05:1A:4B,1,0,0,8382,0,0,0,0,0,9832,0,986,0,0,0,1600,337,0,0
2026-04-02 13:02:25.076,1884.082237853,1775106145076,left_insole,左鞋垫,FF:25:02:05:1A:4B,1,0,0,9196,0,0,0,0,0,10670,0,1560,0,0,0,2110,815,0,0
2026-04-02 13:02:25.076,1884.082291942,1775106145076,left_insole,左鞋垫,FF:25:02:05:1A:4B,1,0,0,8275,0,0,0,0,0,9676,0,1449,0,0,0,1978,894,0,0
2026-04-02 13:02:25.196,1884.202343122,1775106145196,left_insole,左鞋垫,FF:25:02:05:1A:4B,1,0,0,7428,0,0,0,0,0,8529,0,1393,111,0,0,1685,811,0,0
2026-04-02 13:02:25.196,1884.20239782,1775106145196,left_insole,左鞋垫,FF:25:02:05:1A:4B,1,0,0,6282,0,0,0,0,0,7321,0,1463,626,148,0,1563,895,312,0
2026-04-02 13:02:25.226,1884.232462096,1775106145226,left_insole,左鞋垫,FF:25:02:05:1A:4B,1,0,0,5479,0,0,0,0,0,5981,0,1844,1508,1172,0,1693,1389,1024,0
2026-04-02 13:02:25.315,1884.321724077,1775106145315,left_insole,左鞋垫,FF:25:02:05:1A:4B,1,0,0,3775,0,0,1089,1385,497,3918,0,1949,2592,3015,0,1755,2226,2634,0
2026-04-02 13:02:25.346,1884.352530293,1775106145346,left_insole,左鞋垫,FF:25:02:05:1A:4B,1,2124,1144,2545,0,0,958,2770,1620,3181,0,260,2254,4487,0,5212,2081,3715,0
2026-04-02 13:02:25.376,1884.382318282,1775106145376,left_insole,左鞋垫,FF:25:02:05:1A:4B,1,3194,3001,2125,0,0,0,3156,2869,2790,0,0,350,4502,0,4634,1097,3410,0
2026-04-02 13:02:25.437,1884.443522457,1775106145437,left_insole,左鞋垫,FF:25:02:05:1A:4B,1,2193,4711,1453,0,0,0,1291,3473,2157,0,0,0,1781,0,3598,15,1072,0
2026-04-02 13:02:25.526,1884.532341262,1775106145526,left_insole,左鞋垫,FF:25:02:05:1A:4B,1,305,1115,1166,0,0,0,0,830,1582,0,0,0,0,0,0,0,0,0
2026-04-02 13:02:25.556,1884.562476896,1775106145556,left_insole,左鞋垫,FF:25:02:05:1A:4B,1,0,0,804,0,0,0,0,0,1447,0,0,0,0,0,0,0,0,0
2026-04-02 13:02:25.586,1884.592296895,1775106145586,left_insole,左鞋垫,FF:25:02:05:1A:4B,1,0,0,828,0,0,0,0,0,1390,0,0,0,0,0,0,0,0,0
2026-04-02 13:02:25.676,1884.682492344,1775106145676,left_insole,左鞋垫,FF:25:02:05:1A:4B,1,0,0,822,0,0,0,0,0,1367,0,0,0,0,0,0,0,0,0
2026-04-02 13:02:25.706,1884.712412639,1775106145706,left_insole,左鞋垫,FF:25:02:05:1A:4B,1,0,0,822,0,0,0,0,0,1360,0,0,0,0,0,0,0,0,0
2026-04-02 13:02:25.736,1884.742346112,1775106145736,left_insole,左鞋垫,FF:25:02:05:1A:4B,1,0,0,824,0,0,0,0,0,1366,0,0,0,0,0,0,0,0,0
2026-04-02 13:02:25.796,1884.802484005,1775106145796,left_insole,左鞋垫,FF:25:02:05:1A:4B,1,0,0,770,0,0,0,0,0,1277,0,0,0,0,0,0,0,0,0
2026-04-02 13:02:25.856,1884.862497943,1775106145856,left_insole,左鞋垫,FF:25:02:05:1A:4B,1,0,0,640,0,0,0,0,0,1256,0,0,0,0,0,0,0,0,0
2026-04-02 13:02:25.916,1884.922435848,1775106145916,left_insole,左鞋垫,FF:25:02:05:1A:4B,1,0,0,1835,0,0,0,0,0,2545,0,0,0,0,0,0,0,0,0
2026-04-02 13:02:25.946,1884.952458193,1775106145946,left_insole,左鞋垫,FF:25:02:05:1A:4B,1,0,0,8453,0,0,0,0,0,8999,0,0,0,0,0,0,0,0,0
2026-04-02 13:02:26.007,1885.013433926,1775106146007,left_insole,左鞋垫,FF:25:02:05:1A:4B,1,0,0,10425,0,0,0,0,0,11258,0,1396,0,0,0,1359,317,0,0
2026-04-02 13:02:26.216,1885.222292299,1775106146216,left_insole,左鞋垫,FF:25:02:05:1A:4B,1,0,0,10491,0,0,0,0,0,11425,0,1896,0,0,0,6185,1014,0,0
2026-04-02 13:02:26.216,1885.222347813,1775106146216,left_insole,左鞋垫,FF:25:02:05:1A:4B,1,0,0,7457,0,0,0,0,0,8504,0,1303,0,0,0,5584,852,0,0
2026-04-02 13:02:26.218,1885.224457845,1775106146218,left_insole,左鞋垫,FF:25:02:05:1A:4B,1,0,0,5661,0,0,0,0,0,6299,0,1229,64,0,0,1124,714,116,0
2026-04-02 13:02:26.246,1885.252436345,1775106146246,left_insole,左鞋垫,FF:25:02:05:1A:4B,1,0,0,4877,0,0,0,0,0,5163,0,1600,988,754,0,1204,1156,963,0
2026-04-02 13:02:26.276,1885.282385316,1775106146276,left_insole,左鞋垫,FF:25:02:05:1A:4B,1,0,0,3348,0,18,1301,0,1498,3571,0,2315,3040,0,200,1523,2462,0,231
2026-04-02 13:02:26.336,1885.342266629,1775106146336,left_insole,左鞋垫,FF:25:02:05:1A:4B,1,2504,1453,2468,0,0,599,2719,2061,3077,0,0,1481,4136,0,4752,1446,3160,0
2026-04-02 13:02:26.366,1885.372383002,1775106146366,left_insole,左鞋垫,FF:25:02:05:1A:4B,1,3130,4275,1657,0,0,0,2487,4227,2377,0,0,0,2884,0,3716,0,1700,0
2026-04-02 13:02:26.486,1885.492294957,1775106146486,left_insole,左鞋垫,FF:25:02:05:1A:4B,1,1483,2381,1355,0,0,0,732,2306,1741,0,0,0,667,0,0,0,0,0
2026-04-02 13:02:26.486,1885.492345375,1775106146486,left_insole,左鞋垫,FF:25:02:05:1A:4B,1,0,0,954,0,0,0,0,0,1441,0,0,0,0,0,0,0,0,0
2026-04-02 13:02:26.546,1885.552240378,1775106146546,left_insole,左鞋垫,FF:25:02:05:1A:4B,1,0,0,764,0,0,0,0,0,1284,0,0,0,0,0,0,0,0,0
2026-04-02 13:02:26.576,1885.582477823,1775106146576,left_insole,左鞋垫,FF:25:02:05:1A:4B,1,0,0,786,0,0,0,0,0,1302,0,0,0,0,0,0,0,0,0
2026-04-02 13:02:26.636,1885.642305835,1775106146636,left_insole,左鞋垫,FF:25:02:05:1A:4B,1,0,0,811,0,0,0,0,0,1287,0,0,0,0,0,0,0,0,0
2026-04-02 13:02:26.697,1885.703403713,1775106146697,left_insole,左鞋垫,FF:25:02:05:1A:4B,1,0,0,770,0,0,0,0,0,1262,0,0,0,0,0,0,0,0,0
2026-04-02 13:02:26.757,1885.763563269,1775106146757,left_insole,左鞋垫,FF:25:02:05:1A:4B,1,0,0,784,0,0,0,0,0,1241,0,0,0,0,0,0,0,0,0
2026-04-02 13:02:26.786,1885.792564736,1775106146786,left_insole,左鞋垫,FF:25:02:05:1A:4B,1,0,0,719,0,0,0,0,0,1162,0,0,0,0,0,0,0,0,0
2026-04-02 13:02:26.846,1885.852374612,1775106146846,left_insole,左鞋垫,FF:25:02:05:1A:4B,1,0,0,2130,0,0,0,0,0,2676,0,0,0,0,0,0,0,0,0
2026-04-02 13:02:27.087,1886.093407125,1775106147087,left_insole,左鞋垫,FF:25:02:05:1A:4B,1,0,0,10924,0,0,0,0,0,10857,0,0,0,0,0,0,0,0,0
2026-04-02 13:02:27.087,1886.093500235,1775106147087,left_insole,左鞋垫,FF:25:02:05:1A:4B,1,0,0,10965,0,0,0,0,0,11284,0,1673,0,0,0,3478,3,0,0
2026-04-02 13:02:27.087,1886.093553266,1775106147087,left_insole,左鞋垫,FF:25:02:05:1A:4B,1,0,0,10445,0,0,0,0,0,10758,0,1776,0,0,0,5728,529,0,0
2026-04-02 13:02:27.176,1886.182562631,1775106147176,left_insole,左鞋垫,FF:25:02:05:1A:4B,1,0,0,6472,0,0,0,0,0,6899,0,990,0,0,0,5222,610,0,0
2026-04-02 13:02:27.206,1886.212375498,1775106147206,left_insole,左鞋垫,FF:25:02:05:1A:4B,1,0,0,4160,0,0,0,0,0,4508,0,910,556,543,0,761,820,678,0
2026-04-02 13:02:27.206,1886.212472318,1775106147206,left_insole,左鞋垫,FF:25:02:05:1A:4B,1,0,0,3176,745,0,696,0,1159,3555,595,763,1997,0,0,919,1773,0,29
2026-04-02 13:02:27.208,1886.214498591,1775106147208,left_insole,左鞋垫,FF:25:02:05:1A:4B,1,0,0,2426,0,0,890,2452,1717,2931,0,0,1766,3877,0,4606,1350,2804,0
2026-04-02 13:02:27.327,1886.333618632,1775106147327,left_insole,左鞋垫,FF:25:02:05:1A:4B,1,3806,4141,1699,0,0,0,2872,3822,2357,0,0,0,3237,66,3070,0,1737,0
2026-04-02 13:02:27.327,1886.333680174,1775106147327,left_insole,左鞋垫,FF:25:02:05:1A:4B,1,2816,4632,1386,0,0,0,1970,3760,1855,0,0,0,2098,0,3311,0,1054,0
2026-04-02 13:02:27.387,1886.393552269,1775106147387,left_insole,左鞋垫,FF:25:02:05:1A:4B,1,112,102,948,0,0,0,0,343,1411,0,0,0,0,0,0,0,0,0
2026-04-02 13:02:27.447,1886.453527716,1775106147447,left_insole,左鞋垫,FF:25:02:05:1A:4B,1,0,0,623,0,0,0,0,0,1119,0,0,0,0,0,0,0,0,0
2026-04-02 13:02:27.536,1886.542433549,1775106147536,left_insole,左鞋垫,FF:25:02:05:1A:4B,1,0,0,649,0,0,0,0,0,1196,0,0,0,0,0,0,0,0,0
2026-04-02 13:02:27.536,1886.542538388,1775106147536,left_insole,左鞋垫,FF:25:02:05:1A:4B,1,0,0,640,0,0,0,0,0,1165,0,0,0,0,0,0,0,0,0
2026-04-02 13:02:27.596,1886.602474676,1775106147596,left_insole,左鞋垫,FF:25:02:05:1A:4B,1,0,0,637,0,0,0,0,0,1180,0,0,0,0,0,0,0,0,0
2026-04-02 13:02:27.627,1886.63367892,1775106147627,left_insole,左鞋垫,FF:25:02:05:1A:4B,1,0,0,582,0,0,0,0,0,1086,0,0,0,0,0,0,0,0,0
2026-04-02 13:02:27.687,1886.693372184,1775106147687,left_insole,左鞋垫,FF:25:02:05:1A:4B,1,0,0,461,0,0,0,0,0,1088,0,0,0,0,0,0,0,0,0
2026-04-02 13:02:27.746,1886.752401033,1775106147746,left_insole,左鞋垫,FF:25:02:05:1A:4B,1,0,0,2943,0,0,0,0,0,3233,0,0,0,0,0,0,0,0,0
2026-04-02 13:02:27.897,1886.903431123,1775106147897,left_insole,左鞋垫,FF:25:02:05:1A:4B,1,0,0,11310,0,0,0,0,0,11108,0,425,0,0,0,71,0,0,0
2026-04-02 13:02:27.897,1886.903543724,1775106147897,left_insole,左鞋垫,FF:25:02:05:1A:4B,1,0,0,10522,0,0,0,0,0,10558,0,1612,0,0,0,1030,8,0,0
2026-04-02 13:02:27.897,1886.90359661,1775106147897,left_insole,左鞋垫,FF:25:02:05:1A:4B,1,0,0,9171,0,0,0,0,0,9373,0,1875,0,0,0,5450,468,0,0
2026-04-02 13:02:28.016,1887.022390042,1775106148016,left_insole,左鞋垫,FF:25:02:05:1A:4B,1,0,0,5910,0,0,0,0,0,5970,0,1239,28,0,0,5003,448,0,0
2026-04-02 13:02:28.016,1887.022495488,1775106148016,left_insole,左鞋垫,FF:25:02:05:1A:4B,1,0,0,3761,0,0,0,0,0,3768,0,975,711,0,0,805,988,0,0
2026-04-02 13:02:28.077,1887.083530466,1775106148077,left_insole,左鞋垫,FF:25:02:05:1A:4B,1,0,0,2811,368,0,1720,0,1968,2841,385,0,3355,1988,0,0,1994,2379,0
2026-04-02 13:02:28.077,1887.083623214,1775106148077,left_insole,左鞋垫,FF:25:02:05:1A:4B,1,0,0,2349,0,0,343,2270,1880,2870,0,0,1069,3555,0,4482,1099,2579,0
2026-04-02 13:02:28.197,1887.203540074,1775106148197,left_insole,左鞋垫,FF:25:02:05:1A:4B,1,2696,4004,1652,0,0,0,2245,4036,2210,0,0,0,2472,0,3569,0,1326,0
2026-04-02 13:02:28.197,1887.203642479,1775106148197,left_insole,左鞋垫,FF:25:02:05:1A:4B,1,1818,3038,1248,0,0,0,846,2383,1548,0,0,0,597,0,0,0,0,0
2026-04-02 13:02:28.257,1887.263538998,1775106148257,left_insole,左鞋垫,FF:25:02:05:1A:4B,1,0,0,744,0,0,0,0,0,1053,0,0,0,0,0,0,0,0,0
2026-04-02 13:02:28.316,1887.322588477,1775106148316,left_insole,左鞋垫,FF:25:02:05:1A:4B,1,0,0,671,0,0,0,0,0,1157,0,0,0,0,0,0,0,0,0
2026-04-02 13:02:28.346,1887.352564805,1775106148346,left_insole,左鞋垫,FF:25:02:05:1A:4B,1,0,0,734,0,0,0,0,0,1192,0,0,0,0,0,0,0,0,0
2026-04-02 13:02:28.407,1887.413519333,1775106148407,left_insole,左鞋垫,FF:25:02:05:1A:4B,1,0,0,737,0,0,0,0,0,1175,0,0,0,0,0,0,0,0,0
2026-04-02 13:02:28.466,1887.472547906,1775106148466,left_insole,左鞋垫,FF:25:02:05:1A:4B,1,0,0,701,0,0,0,0,0,1122,0,0,0,0,0,0,0,0,0
2026-04-02 13:02:28.557,1887.563444293,1775106148557,left_insole,左鞋垫,FF:25:02:05:1A:4B,1,0,0,614,0,0,0,0,0,1122,0,0,0,0,0,0,0,0,0
2026-04-02 13:02:28.557,1887.563542073,1775106148557,left_insole,左鞋垫,FF:25:02:05:1A:4B,1,0,0,1383,0,0,0,0,0,2098,0,0,0,0,0,0,0,0,0
2026-04-02 13:02:28.737,1887.743419489,1775106148737,left_insole,左鞋垫,FF:25:02:05:1A:4B,1,0,0,12357,0,0,0,0,0,11560,0,0,0,0,0,0,0,0,0
2026-04-02 13:02:28.766,1887.772416779,1775106148766,left_insole,左鞋垫,FF:25:02:05:1A:4B,1,0,0,12338,0,0,0,0,0,11589,0,0,0,0,0,0,0,0,0
2026-04-02 13:02:28.766,1887.772530262,1775106148766,left_insole,左鞋垫,FF:25:02:05:1A:4B,1,0,0,10847,0,0,0,0,0,10668,0,0,689,0,0,0,809,0,0
2026-04-02 13:02:28.768,1887.77454436,1775106148768,left_insole,左鞋垫,FF:25:02:05:1A:4B,1,0,0,6512,0,0,0,0,0,6663,0,1606,6,0,0,4944,446,0,0
2026-04-02 13:02:28.827,1887.83353572,1775106148827,left_insole,左鞋垫,FF:25:02:05:1A:4B,1,0,0,3753,0,0,0,0,260,3811,0,0,2373,0,0,0,1920,0,0
2026-04-02 13:02:28.887,1887.893508275,1775106148887,left_insole,左鞋垫,FF:25:02:05:1A:4B,1,0,0,2930,421,0,582,0,1390,3207,433,885,2020,0,0,1016,2029,0,0
2026-04-02 13:02:28.916,1887.922534153,1775106148916,left_insole,左鞋垫,FF:25:02:05:1A:4B,1,0,0,2386,61,0,1681,0,1112,2683,0,0,2537,3410,0,0,1322,2120,0
2026-04-02 13:02:28.976,1887.982363618,1775106148976,left_insole,左鞋垫,FF:25:02:05:1A:4B,1,0,0,1800,0,0,0,1964,2842,2518,0,0,0,3216,0,4121,223,2179,0
2026-04-02 13:02:29.036,1888.042560144,1775106149036,left_insole,左鞋垫,FF:25:02:05:1A:4B,1,0,0,1312,0,0,0,1016,2897,1810,0,0,0,1619,0,3496,0,836,0
2026-04-02 13:02:29.068,1888.074295705,1775106149068,left_insole,左鞋垫,FF:25:02:05:1A:4B,1,0,0,894,0,0,0,0,0,1255,0,0,0,0,0,3115,0,0,0
2026-04-02 13:02:29.217,1888.223618038,1775106149217,left_insole,左鞋垫,FF:25:02:05:1A:4B,1,0,0,566,0,0,0,0,0,1142,0,0,0,0,0,0,0,0,0
2026-04-02 13:02:29.217,1888.223670321,1775106149217,left_insole,左鞋垫,FF:25:02:05:1A:4B,1,0,0,549,0,0,0,0,0,1107,0,0,0,0,0,0,0,0,0
2026-04-02 13:02:29.247,1888.253597068,1775106149247,left_insole,左鞋垫,FF:25:02:05:1A:4B,1,0,0,488,0,0,0,0,0,1130,0,0,0,0,0,0,0,0,0
2026-04-02 13:02:29.336,1888.342432017,1775106149336,left_insole,左鞋垫,FF:25:02:05:1A:4B,1,0,0,502,0,0,0,0,0,1078,0,0,0,0,0,0,0,0,0
2026-04-02 13:02:29.336,1888.342492925,1775106149336,left_insole,左鞋垫,FF:25:02:05:1A:4B,1,0,0,486,0,0,0,0,0,1046,0,0,0,0,0,0,0,0,0
2026-04-02 13:02:29.486,1888.492607562,1775106149486,left_insole,左鞋垫,FF:25:02:05:1A:4B,1,0,0,439,0,0,0,0,0,966,0,0,0,0,0,0,0,0,0
2026-04-02 13:02:29.517,1888.523610543,1775106149517,left_insole,左鞋垫,FF:25:02:05:1A:4B,1,0,0,1974,0,0,0,0,0,2634,0,0,0,0,0,0,0,0,0
2026-04-02 13:02:29.577,1888.583621265,1775106149577,left_insole,左鞋垫,FF:25:02:05:1A:4B,1,0,0,8365,0,0,0,0,0,9137,0,0,0,0,0,0,0,0,0
2026-04-02 13:02:29.607,1888.613675101,1775106149607,left_insole,左鞋垫,FF:25:02:05:1A:4B,1,0,0,10181,0,0,0,0,0,10621,0,0,0,0,0,0,1085,0,0
2026-04-02 13:02:29.607,1888.613743963,1775106149607,left_insole,左鞋垫,FF:25:02:05:1A:4B,1,0,0,8294,0,0,0,0,0,9175,0,2054,12,0,0,1990,1257,177,0
2026-04-02 13:02:29.637,1888.643448325,1775106149637,left_insole,左鞋垫,FF:25:02:05:1A:4B,1,0,0,5818,0,0,0,0,476,6517,0,2062,780,0,0,5656,1642,27,0
2026-04-02 13:02:29.757,1888.763395579,1775106149757,left_insole,左鞋垫,FF:25:02:05:1A:4B,1,0,0,3788,0,0,0,284,63,4202,0,967,686,1121,0,5389,1375,1270,0
2026-04-02 13:02:29.757,1888.763486234,1775106149757,left_insole,左鞋垫,FF:25:02:05:1A:4B,1,0,0,3368,885,0,0,404,213,3795,881,221,722,1395,0,5228,1444,1589,0
2026-04-02 13:02:29.907,1888.913597342,1775106149907,left_insole,左鞋垫,FF:25:02:05:1A:4B,1,0,0,2725,396,0,178,997,831,3088,257,495,1213,2131,0,5273,1780,2192,0
2026-04-02 13:02:29.907,1888.913706822,1775106149907,left_insole,左鞋垫,FF:25:02:05:1A:4B,1,0,0,2154,103,0,1629,0,3204,2272,190,0,3251,0,401,0,2784,2399,0
2026-04-02 13:02:29.996,1889.002317651,1775106149996,left_insole,左鞋垫,FF:25:02:05:1A:4B,1,0,0,1780,0,0,104,2431,3133,2119,0,0,1084,3603,0,46,634,2147,0
2026-04-02 13:02:29.996,1889.002424194,1775106149996,left_insole,左鞋垫,FF:25:02:05:1A:4B,1,0,0,1220,0,0,0,2184,4358,1945,0,0,0,2365,0,0,0,1407,0
2026-04-02 13:02:30.057,1889.063538487,1775106150057,left_insole,左鞋垫,FF:25:02:05:1A:4B,1,0,0,968,0,0,0,1614,4421,1603,0,0,0,1579,0,3391,0,1045,0
2026-04-02 13:02:30.087,1889.093539508,1775106150087,left_insole,左鞋垫,FF:25:02:05:1A:4B,1,0,0,783,0,0,0,697,2604,1099,0,0,0,606,0,0,0,0,0
2026-04-02 13:02:30.116,1889.122164249,1775106150116,left_insole,左鞋垫,FF:25:02:05:1A:4B,1,0,0,454,0,0,0,0,0,835,0,0,0,0,0,0,0,0,0
2026-04-02 13:02:30.267,1889.273334805,1775106150267,left_insole,左鞋垫,FF:25:02:05:1A:4B,1,0,0,306,0,0,0,0,0,745,0,0,0,0,0,0,0,0,0
2026-04-02 13:02:30.267,1889.273384549,1775106150267,left_insole,左鞋垫,FF:25:02:05:1A:4B,1,0,0,324,0,0,0,0,0,788,0,0,0,0,0,0,0,0,0
2026-04-02 13:02:30.267,1889.273409852,1775106150267,left_insole,左鞋垫,FF:25:02:05:1A:4B,1,0,0,312,0,0,0,0,0,776,0,0,0,0,0,0,0,0,0
2026-04-02 13:02:30.327,1889.33344547,1775106150327,left_insole,左鞋垫,FF:25:02:05:1A:4B,1,0,0,267,0,0,0,0,0,763,0,0,0,0,0,0,0,0,0
2026-04-02 13:02:30.417,1889.423547975,1775106150417,left_insole,左鞋垫,FF:25:02:05:1A:4B,1,0,0,336,0,0,0,0,0,739,0,0,0,0,0,0,0,0,0
2026-04-02 13:02:30.417,1889.423597948,1775106150417,left_insole,左鞋垫,FF:25:02:05:1A:4B,1,0,0,257,0,0,0,0,0,698,0,0,0,0,0,0,0,0,0
2026-04-02 13:02:30.477,1889.483542951,1775106150477,left_insole,左鞋垫,FF:25:02:05:1A:4B,1,0,0,217,0,0,0,0,0,653,0,0,0,0,0,0,0,0,0
2026-04-02 13:02:30.537,1889.543540597,1775106150537,left_insole,左鞋垫,FF:25:02:05:1A:4B,1,0,0,1050,0,0,0,0,0,1727,0,0,0,0,0,0,0,0,0
2026-04-02 13:02:30.597,1889.603442175,1775106150597,left_insole,左鞋垫,FF:25:02:05:1A:4B,1,0,0,3467,0,0,0,0,0,3564,0,0,0,0,0,0,0,0,0
2026-04-02 13:02:30.686,1889.69231203,1775106150686,left_insole,左鞋垫,FF:25:02:05:1A:4B,1,0,0,6089,0,0,0,0,0,7352,0,0,0,0,0,0,0,0,0
2026-04-02 13:02:30.686,1889.692398616,1775106150686,left_insole,左鞋垫,FF:25:02:05:1A:4B,1,0,0,7340,0,0,0,0,0,8572,0,509,0,0,0,303,0,0,0
2026-04-02 13:02:30.747,1889.75362305,1775106150747,left_insole,左鞋垫,FF:25:02:05:1A:4B,1,0,0,7239,0,0,0,0,0,8615,0,1177,0,0,0,5730,999,0,0
2026-04-02 13:02:30.806,1889.812387431,1775106150806,left_insole,左鞋垫,FF:25:02:05:1A:4B,1,0,0,5993,0,0,0,16,0,7102,0,1320,237,290,0,5546,1014,261,0
2026-04-02 13:02:30.836,1889.842556279,1775106150836,left_insole,左鞋垫,FF:25:02:05:1A:4B,1,0,0,5231,0,0,0,161,0,6053,0,1314,581,542,0,5325,930,344,0
2026-04-02 13:02:30.897,1889.903558935,1775106150897,left_insole,左鞋垫,FF:25:02:05:1A:4B,1,0,0,4019,1199,0,0,220,0,4734,1308,569,743,771,0,5202,1019,724,0
2026-04-02 13:02:30.987,1889.993537122,1775106150987,left_insole,左鞋垫,FF:25:02:05:1A:4B,1,0,0,3216,774,0,386,670,424,3774,646,700,1291,1478,0,5166,1348,1218,0
2026-04-02 13:02:31.016,1890.022313505,1775106151016,left_insole,左鞋垫,FF:25:02:05:1A:4B,1,0,0,2455,38,0,904,1266,1124,3010,4,525,1621,2088,0,4964,1510,1733,0
2026-04-02 13:02:31.046,1890.052409323,1775106151046,left_insole,左鞋垫,FF:25:02:05:1A:4B,1,0,0,1912,0,0,1338,2264,2134,2228,0,0,2411,3296,0,0,1809,2388,0
2026-04-02 13:02:31.107,1890.113580034,1775106151107,left_insole,左鞋垫,FF:25:02:05:1A:4B,1,0,0,1593,0,0,532,2680,2916,2376,0,0,600,3068,0,0,504,1862,0
2026-04-02 13:02:31.166,1890.172553398,1775106151166,left_insole,左鞋垫,FF:25:02:05:1A:4B,1,0,0,1159,0,0,0,2670,3936,1944,0,0,0,2317,0,0,0,1091,0
2026-04-02 13:02:31.197,1890.20357179,1775106151197,left_insole,左鞋垫,FF:25:02:05:1A:4B,1,0,0,838,0,0,0,1445,3430,1438,0,0,0,858,0,0,0,0,0
2026-04-02 13:02:31.256,1890.2622937,1775106151256,left_insole,左鞋垫,FF:25:02:05:1A:4B,1,0,0,607,0,0,0,0,1222,971,0,0,0,0,0,0,0,0,0
2026-04-02 13:02:31.317,1890.323577688,1775106151317,left_insole,左鞋垫,FF:25:02:05:1A:4B,1,0,0,282,0,0,0,0,0,789,0,0,0,0,0,0,0,0,0
2026-04-02 13:02:31.377,1890.383194641,1775106151377,left_insole,左鞋垫,FF:25:02:05:1A:4B,1,0,0,213,0,0,0,0,0,820,0,0,0,0,0,0,0,0,0
2026-04-02 13:02:31.407,1890.413507407,1775106151407,left_insole,左鞋垫,FF:25:02:05:1A:4B,1,0,0,199,0,0,0,0,0,794,0,0,0,0,0,0,0,0,0
2026-04-02 13:02:31.467,1890.473528631,1775106151467,left_insole,左鞋垫,FF:25:02:05:1A:4B,1,0,0,168,0,0,0,0,0,796,0,0,0,0,0,0,0,0,0
2026-04-02 13:02:31.526,1890.532542213,1775106151526,left_insole,左鞋垫,FF:25:02:05:1A:4B,1,0,0,212,0,0,0,0,0,796,0,0,0,0,0,0,0,0,0
2026-04-02 13:02:31.616,1890.622329368,1775106151616,left_insole,左鞋垫,FF:25:02:05:1A:4B,1,0,0,265,0,0,0,0,0,798,0,0,0,0,0,0,0,0,0
2026-04-02 13:02:31.616,1890.622380379,1775106151616,left_insole,左鞋垫,FF:25:02:05:1A:4B,1,0,0,239,0,0,0,0,0,787,0,0,0,0,0,0,0,0,0
2026-04-02 13:02:31.677,1890.683551806,1775106151677,left_insole,左鞋垫,FF:25:02:05:1A:4B,1,0,0,226,0,0,0,0,0,755,0,0,0,0,0,0,0,0,0
2026-04-02 13:02:31.737,1890.743530937,1775106151737,left_insole,左鞋垫,FF:25:02:05:1A:4B,1,0,0,277,0,0,0,0,0,912,0,0,0,0,0,0,0,0,0
2026-04-02 13:02:31.797,1890.803591737,1775106151797,left_insole,左鞋垫,FF:25:02:05:1A:4B,1,0,0,3201,0,0,0,0,0,3221,0,0,0,0,0,0,0,0,0
2026-04-02 13:02:31.826,1890.832342301,1775106151826,left_insole,左鞋垫,FF:25:02:05:1A:4B,1,0,0,6396,0,0,0,0,0,7767,0,0,0,0,0,0,0,0,0
2026-04-02 13:02:31.887,1890.893537503,1775106151887,left_insole,左鞋垫,FF:25:02:05:1A:4B,1,0,0,7486,0,0,0,0,0,8809,0,955,0,0,0,5461,358,0,0
2026-04-02 13:02:31.947,1890.953260524,1775106151947,left_insole,左鞋垫,FF:25:02:05:1A:4B,1,0,0,7466,0,0,0,0,0,8640,0,1344,0,0,0,5869,860,0,0
2026-04-02 13:02:31.977,1890.983527937,1775106151977,left_insole,左鞋垫,FF:25:02:05:1A:4B,1,0,0,6628,0,0,0,0,0,7803,0,1483,33,0,0,6014,1293,426,0
2026-04-02 13:02:32.066,1891.072306719,1775106152066,left_insole,左鞋垫,FF:25:02:05:1A:4B,1,0,0,5415,0,0,0,0,0,6321,0,1496,650,796,0,5878,1372,864,0
2026-04-02 13:02:32.187,1891.193381594,1775106152187,left_insole,左鞋垫,FF:25:02:05:1A:4B,1,0,0,4175,0,0,0,468,0,4889,0,1400,1098,1478,0,5810,1585,1309,0
2026-04-02 13:02:32.187,1891.193452536,1775106152187,left_insole,左鞋垫,FF:25:02:05:1A:4B,1,0,0,3571,0,0,0,729,0,4132,1030,672,1242,1613,0,1399,1866,1785,0
2026-04-02 13:02:32.216,1891.222387596,1775106152216,left_insole,左鞋垫,FF:25:02:05:1A:4B,1,0,0,3281,809,0,232,680,0,3852,802,898,1623,2156,0,5431,1917,2011,0
2026-04-02 13:02:32.307,1891.313291719,1775106152307,left_insole,左鞋垫,FF:25:02:05:1A:4B,1,0,0,2693,354,0,533,1032,213,3316,363,787,1826,2660,0,5589,2061,2412,0
2026-04-02 13:02:32.307,1891.313344675,1775106152307,left_insole,左鞋垫,FF:25:02:05:1A:4B,1,0,0,2052,0,0,1244,1910,924,2459,0,0,2992,3724,0,0,2465,3247,0
2026-04-02 13:02:32.367,1891.373621716,1775106152367,left_insole,左鞋垫,FF:25:02:05:1A:4B,1,0,0,1561,0,0,531,2501,1934,2497,0,0,1145,3609,0,4676,1230,2873,0
2026-04-02 13:02:32.397,1891.4034772,1775106152397,left_insole,左鞋垫,FF:25:02:05:1A:4B,1,0,0,1189,0,0,0,2575,2893,2135,0,0,0,3117,0,0,32,2419,0
2026-04-02 13:02:32.457,1891.463606233,1775106152457,left_insole,左鞋垫,FF:25:02:05:1A:4B,1,0,0,944,0,0,0,1650,3087,1773,0,0,0,2090,0,0,0,1133,0
2026-04-02 13:02:32.518,1891.52437641,1775106152518,left_insole,左鞋垫,FF:25:02:05:1A:4B,1,0,0,715,0,0,0,527,1575,1260,0,0,0,683,0,3279,0,157,0
2026-04-02 13:02:32.607,1891.613401341,1775106152607,left_insole,左鞋垫,FF:25:02:05:1A:4B,1,0,0,349,0,0,0,0,0,811,0,0,0,0,0,0,0,0,0
2026-04-02 13:02:32.607,1891.613489652,1775106152607,left_insole,左鞋垫,FF:25:02:05:1A:4B,1,0,0,133,0,0,0,0,0,814,0,0,0,0,0,0,0,0,0
2026-04-02 13:02:32.666,1891.672369564,1775106152666,left_insole,左鞋垫,FF:25:02:05:1A:4B,1,0,0,53,0,0,0,0,0,827,0,0,0,0,0,0,0,0,0
2026-04-02 13:02:32.757,1891.763312485,1775106152757,left_insole,左鞋垫,FF:25:02:05:1A:4B,1,0,0,119,0,0,0,0,0,806,0,0,0,0,0,0,0,0,0
2026-04-02 13:02:32.757,1891.763394615,1775106152757,left_insole,左鞋垫,FF:25:02:05:1A:4B,1,0,0,132,0,0,0,0,0,777,0,0,0,0,0,0,0,0,0
2026-04-02 13:02:32.847,1891.853381091,1775106152847,left_insole,左鞋垫,FF:25:02:05:1A:4B,1,0,0,171,0,0,0,0,0,768,0,0,0,0,0,0,0,0,0
2026-04-02 13:02:32.907,1891.913402109,1775106152907,left_insole,左鞋垫,FF:25:02:05:1A:4B,1,0,0,186,0,0,0,0,0,770,0,0,0,0,0,0,0,0,0
2026-04-02 13:02:32.936,1891.942420863,1775106152936,left_insole,左鞋垫,FF:25:02:05:1A:4B,1,0,0,176,0,0,0,0,0,793,0,0,0,0,0,0,0,0,0
2026-04-02 13:02:32.996,1892.00254034,1775106152996,left_insole,左鞋垫,FF:25:02:05:1A:4B,1,0,0,124,0,0,0,0,0,736,0,0,0,0,0,0,0,0,0
2026-04-02 13:02:33.026,1892.032344822,1775106153026,left_insole,左鞋垫,FF:25:02:05:1A:4B,1,0,0,152,0,0,0,0,0,811,0,0,0,0,0,0,0,0,0
2026-04-02 13:02:33.087,1892.093408191,1775106153087,left_insole,左鞋垫,FF:25:02:05:1A:4B,1,0,0,2462,0,0,0,0,0,2533,0,0,0,0,0,0,0,0,0
2026-04-02 13:02:33.147,1892.153595045,1775106153147,left_insole,左鞋垫,FF:25:02:05:1A:4B,1,0,0,5341,0,0,0,0,0,6955,0,0,0,0,0,0,0,0,0
2026-04-02 13:02:33.177,1892.183661099,1775106153177,left_insole,左鞋垫,FF:25:02:05:1A:4B,1,0,0,7065,0,0,0,0,0,8454,0,874,0,0,0,987,0,0,0
2026-04-02 13:02:33.237,1892.243401171,1775106153237,left_insole,左鞋垫,FF:25:02:05:1A:4B,1,0,0,7100,0,0,0,0,0,8157,0,1051,0,0,0,5260,215,0,0
2026-04-02 13:02:33.297,1892.303559705,1775106153297,left_insole,左鞋垫,FF:25:02:05:1A:4B,1,0,0,6938,0,0,0,0,0,7700,0,1194,0,0,0,5164,212,0,0
2026-04-02 13:02:33.357,1892.363394378,1775106153357,left_insole,左鞋垫,FF:25:02:05:1A:4B,1,0,0,5898,0,0,0,0,0,6543,0,1294,226,57,0,5281,427,0,0
2026-04-02 13:02:33.387,1892.393558255,1775106153387,left_insole,左鞋垫,FF:25:02:05:1A:4B,1,0,0,4785,0,0,144,358,0,5478,0,1322,839,644,0,5196,690,75,0
2026-04-02 13:02:33.507,1892.513536785,1775106153507,left_insole,左鞋垫,FF:25:02:05:1A:4B,1,0,0,3794,0,0,542,806,226,4302,0,1458,1302,1458,0,5186,988,594,0
2026-04-02 13:02:33.507,1892.513628191,1775106153507,left_insole,左鞋垫,FF:25:02:05:1A:4B,1,0,0,3205,805,0,648,870,557,3775,573,776,1491,1681,0,5178,1147,1070,0
2026-04-02 13:02:33.537,1892.543617754,1775106153537,left_insole,左鞋垫,FF:25:02:05:1A:4B,1,0,0,2889,537,0,889,1151,850,3483,386,642,1598,1908,0,5085,1282,1255,0
2026-04-02 13:02:33.687,1892.693438429,1775106153687,left_insole,左鞋垫,FF:25:02:05:1A:4B,1,0,0,2397,121,0,1128,1507,1206,2846,0,645,1813,2282,0,4953,1404,1494,0
2026-04-02 13:02:33.687,1892.693524977,1775106153687,left_insole,左鞋垫,FF:25:02:05:1A:4B,1,0,0,1926,0,0,1534,2122,1835,2233,0,0,2479,3089,0,0,1687,2018,0
2026-04-02 13:02:33.747,1892.753560432,1775106153747,left_insole,左鞋垫,FF:25:02:05:1A:4B,1,0,0,1590,0,0,598,2451,2569,2229,0,0,646,2853,0,0,353,1609,0
2026-04-02 13:02:33.747,1892.753664897,1775106153747,left_insole,左鞋垫,FF:25:02:05:1A:4B,1,0,0,1217,0,0,0,2387,3351,1918,0,0,0,2391,0,0,0,991,0
2026-04-02 13:02:33.837,1892.843657228,1775106153837,left_insole,左鞋垫,FF:25:02:05:1A:4B,1,0,0,973,0,0,0,1471,3425,1492,0,0,0,1256,0,0,0,342,0
2026-04-02 13:02:33.867,1892.873646451,1775106153867,left_insole,左鞋垫,FF:25:02:05:1A:4B,1,0,0,828,0,0,0,743,2365,1296,0,0,0,617,0,0,0,0,0
2026-04-02 13:02:33.927,1892.933608721,1775106153927,left_insole,左鞋垫,FF:25:02:05:1A:4B,1,0,0,520,0,0,0,0,644,814,0,0,0,0,0,0,0,0,0
2026-04-02 13:02:33.987,1892.993696382,1775106153987,left_insole,左鞋垫,FF:25:02:05:1A:4B,1,0,0,420,0,0,0,0,0,753,0,0,0,0,0,0,0,0,0
2026-04-02 13:02:34.018,1893.024342581,1775106154018,left_insole,左鞋垫,FF:25:02:05:1A:4B,1,0,0,300,0,0,0,0,0,711,0,0,0,0,0,0,0,0,0
2026-04-02 13:02:34.137,1893.143298553,1775106154137,left_insole,左鞋垫,FF:25:02:05:1A:4B,1,0,0,313,0,0,0,0,0,759,0,0,0,0,0,0,0,0,0
2026-04-02 13:02:34.137,1893.14339711,1775106154137,left_insole,左鞋垫,FF:25:02:05:1A:4B,1,0,0,303,0,0,0,0,0,770,0,0,0,0,0,0,0,0,0
2026-04-02 13:02:34.197,1893.203658889,1775106154197,left_insole,左鞋垫,FF:25:02:05:1A:4B,1,0,0,338,0,0,0,0,0,794,0,0,0,0,0,0,0,0,0
2026-04-02 13:02:34.227,1893.233574438,1775106154227,left_insole,左鞋垫,FF:25:02:05:1A:4B,1,0,0,363,0,0,0,0,0,822,0,0,0,0,0,0,0,0,0
2026-04-02 13:02:34.287,1893.293503262,1775106154287,left_insole,左鞋垫,FF:25:02:05:1A:4B,1,0,0,329,0,0,0,0,0,845,0,0,0,0,0,0,0,0,0
2026-04-02 13:02:34.317,1893.323560275,1775106154317,left_insole,左鞋垫,FF:25:02:05:1A:4B,1,0,0,329,0,0,0,0,0,869,0,0,0,0,0,0,0,0,0
2026-04-02 13:02:34.377,1893.383344344,1775106154377,left_insole,左鞋垫,FF:25:02:05:1A:4B,1,0,0,268,0,0,0,0,0,821,0,0,0,0,0,0,0,0,0
2026-04-02 13:02:34.437,1893.443643747,1775106154437,left_insole,左鞋垫,FF:25:02:05:1A:4B,1,0,0,247,0,0,0,0,0,762,0,0,0,0,0,0,0,0,0
2026-04-02 13:02:34.497,1893.503374621,1775106154497,left_insole,左鞋垫,FF:25:02:05:1A:4B,1,0,0,253,0,0,0,0,0,790,0,0,0,0,0,0,0,0,0
2026-04-02 13:02:34.527,1893.533511035,1775106154527,left_insole,左鞋垫,FF:25:02:05:1A:4B,1,0,0,2279,0,0,0,0,0,2379,0,0,0,0,0,0,0,0,0
2026-04-02 13:02:34.587,1893.593464983,1775106154587,left_insole,左鞋垫,FF:25:02:05:1A:4B,1,0,0,4823,0,0,0,0,0,5746,0,0,0,0,0,0,0,0,0
2026-04-02 13:02:34.708,1893.714317143,1775106154708,left_insole,左鞋垫,FF:25:02:05:1A:4B,1,0,0,6366,0,0,0,0,0,7556,0,0,0,0,0,0,0,0,0
2026-04-02 13:02:34.708,1893.714408313,1775106154708,left_insole,左鞋垫,FF:25:02:05:1A:4B,1,0,0,7352,0,0,0,0,0,8211,0,943,0,0,0,5248,137,0,0
2026-04-02 13:02:34.737,1893.743532239,1775106154737,left_insole,左鞋垫,FF:25:02:05:1A:4B,1,0,0,7383,0,0,0,0,0,8227,0,1324,0,0,0,5790,691,0,0
2026-04-02 13:02:34.797,1893.803552264,1775106154797,left_insole,左鞋垫,FF:25:02:05:1A:4B,1,0,0,7049,0,0,0,0,0,7707,0,1644,162,95,0,5923,1203,378,0
2026-04-02 13:02:34.857,1893.86356125,1775106154857,left_insole,左鞋垫,FF:25:02:05:1A:4B,1,0,0,5724,0,0,0,0,0,6446,0,1669,738,898,0,6099,1473,1066,0
2026-04-02 13:02:34.917,1893.923540632,1775106154917,left_insole,左鞋垫,FF:25:02:05:1A:4B,1,0,0,4771,0,0,0,0,0,5495,0,1828,1333,1561,0,6384,1965,1683,0
2026-04-02 13:02:34.947,1893.953266676,1775106154947,left_insole,左鞋垫,FF:25:02:05:1A:4B,1,0,0,4291,0,0,0,207,0,4896,0,1953,1671,2074,0,6510,2273,2151,0
2026-04-02 13:02:35.007,1894.013411607,1775106155007,left_insole,左鞋垫,FF:25:02:05:1A:4B,1,0,0,3623,0,0,130,661,0,4221,0,1987,2000,2485,0,6539,2477,2504,0
2026-04-02 13:02:35.127,1894.133528863,1775106155127,left_insole,左鞋垫,FF:25:02:05:1A:4B,1,0,0,3253,910,0,39,692,0,3935,957,1138,1931,2683,0,5599,2452,2602,0
2026-04-02 13:02:35.127,1894.133608307,1775106155127,left_insole,左鞋垫,FF:25:02:05:1A:4B,1,0,0,2911,495,0,431,1036,59,3553,606,1038,2233,2900,0,6080,2408,2836,0
2026-04-02 13:02:35.157,1894.163550744,1775106155157,left_insole,左鞋垫,FF:25:02:05:1A:4B,1,0,0,2318,0,0,1314,1931,773,2704,165,0,3191,4014,0,0,2697,3462,0
2026-04-02 13:02:35.247,1894.253532385,1775106155247,left_insole,左鞋垫,FF:25:02:05:1A:4B,1,0,0,1917,0,0,1158,2329,1196,2380,0,0,2741,4228,0,0,2224,3480,0
2026-04-02 13:02:35.307,1894.313434476,1775106155307,left_insole,左鞋垫,FF:25:02:05:1A:4B,1,0,0,1500,0,0,0,2440,1983,2400,0,0,103,3673,0,4327,632,2863,0
2026-04-02 13:02:35.307,1894.313526053,1775106155307,left_insole,左鞋垫,FF:25:02:05:1A:4B,1,0,0,1062,0,0,0,1453,2284,1965,0,0,0,2621,0,3841,115,1857,0
2026-04-02 13:02:35.367,1894.373532094,1775106155367,left_insole,左鞋垫,FF:25:02:05:1A:4B,1,0,0,768,0,0,0,134,755,1445,0,0,0,921,0,3437,0,445,0
2026-04-02 13:02:35.427,1894.433339155,1775106155427,left_insole,左鞋垫,FF:25:02:05:1A:4B,1,0,0,459,0,0,0,0,0,1009,0,0,0,0,0,0,0,0,0
2026-04-02 13:02:35.487,1894.493598511,1775106155487,left_insole,左鞋垫,FF:25:02:05:1A:4B,1,0,0,246,0,0,0,0,0,950,0,0,0,0,0,0,0,0,0
2026-04-02 13:02:35.517,1894.523474159,1775106155517,left_insole,左鞋垫,FF:25:02:05:1A:4B,1,0,0,162,0,0,0,0,0,912,0,0,0,0,0,0,0,0,0
2026-04-02 13:02:35.577,1894.583674132,1775106155577,left_insole,左鞋垫,FF:25:02:05:1A:4B,1,0,0,174,0,0,0,0,0,876,0,0,0,0,0,0,0,0,0
2026-04-02 13:02:35.637,1894.643264359,1775106155637,left_insole,左鞋垫,FF:25:02:05:1A:4B,1,0,0,210,0,0,0,0,0,840,0,0,0,0,0,0,0,0,0
2026-04-02 13:02:35.697,1894.703625573,1775106155697,left_insole,左鞋垫,FF:25:02:05:1A:4B,1,0,0,243,0,0,0,0,0,847,0,0,0,0,0,0,0,0,0
2026-04-02 13:02:35.727,1894.733612864,1775106155727,left_insole,左鞋垫,FF:25:02:05:1A:4B,1,0,0,279,0,0,0,0,0,840,0,0,0,0,0,0,0,0,0
2026-04-02 13:02:35.787,1894.793538794,1775106155787,left_insole,左鞋垫,FF:25:02:05:1A:4B,1,0,0,291,0,0,0,0,0,816,0,0,0,0,0,0,0,0,0
2026-04-02 13:02:35.847,1894.853594919,1775106155847,left_insole,左鞋垫,FF:25:02:05:1A:4B,1,0,0,237,0,0,0,0,0,816,0,0,0,0,0,0,0,0,0
2026-04-02 13:02:35.877,1894.883369432,1775106155877,left_insole,左鞋垫,FF:25:02:05:1A:4B,1,0,0,217,0,0,0,0,0,840,0,0,0,0,0,0,0,0,0
2026-04-02 13:02:35.937,1894.943687392,1775106155937,left_insole,左鞋垫,FF:25:02:05:1A:4B,1,0,0,1450,0,0,0,0,0,1929,0,0,0,0,0,0,0,0,0
2026-04-02 13:02:35.997,1895.003512021,1775106155997,left_insole,左鞋垫,FF:25:02:05:1A:4B,1,0,0,3492,0,0,0,0,0,3864,0,0,0,0,0,0,0,0,0
2026-04-02 13:02:36.117,1895.123473601,1775106156117,left_insole,左鞋垫,FF:25:02:05:1A:4B,1,0,0,5118,0,0,0,0,0,6748,0,0,0,0,0,0,0,0,0
2026-04-02 13:02:36.117,1895.123535919,1775106156117,left_insole,左鞋垫,FF:25:02:05:1A:4B,1,0,0,7037,0,0,0,0,0,8513,0,724,0,0,0,4684,0,0,0
2026-04-02 13:02:36.147,1895.153529167,1775106156147,left_insole,左鞋垫,FF:25:02:05:1A:4B,1,0,0,7298,0,0,0,0,0,8856,0,1143,0,0,0,5748,472,0,0
2026-04-02 13:02:36.207,1895.213524631,1775106156207,left_insole,左鞋垫,FF:25:02:05:1A:4B,1,0,0,7244,0,0,0,0,0,9031,0,1481,0,0,0,6278,1309,195,0
2026-04-02 13:02:36.267,1895.273618864,1775106156267,left_insole,左鞋垫,FF:25:02:05:1A:4B,1,0,0,6585,0,0,0,0,0,8251,0,1590,390,174,0,6668,1661,957,0
2026-04-02 13:02:36.297,1895.303687836,1775106156297,left_insole,左鞋垫,FF:25:02:05:1A:4B,1,0,0,5853,0,0,0,0,0,7354,0,1690,667,775,0,6680,2005,1427,0
2026-04-02 13:02:36.357,1895.363555262,1775106156357,left_insole,左鞋垫,FF:25:02:05:1A:4B,1,0,0,4941,0,0,0,0,0,6219,0,1949,1315,1450,0,6574,1945,1891,0
2026-04-02 13:02:36.417,1895.423624913,1775106156417,left_insole,左鞋垫,FF:25:02:05:1A:4B,1,0,0,4566,0,0,0,191,0,5521,0,2160,1806,1887,0,6409,1957,2120,0
2026-04-02 13:02:36.477,1895.483575347,1775106156477,left_insole,左鞋垫,FF:25:02:05:1A:4B,1,0,0,3834,0,0,87,594,0,4548,0,2246,1988,2368,0,6305,2206,2384,0
2026-04-02 13:02:36.507,1895.513621696,1775106156507,left_insole,左鞋垫,FF:25:02:05:1A:4B,1,0,0,3303,904,0,146,647,0,3986,1074,1297,1938,2439,0,6088,2118,2459,0
2026-04-02 13:02:36.627,1895.633686922,1775106156627,left_insole,左鞋垫,FF:25:02:05:1A:4B,1,0,0,2824,562,0,459,947,61,3447,539,1020,1985,2647,0,5790,1886,2552,0
2026-04-02 13:02:36.627,1895.633749043,1775106156627,left_insole,左鞋垫,FF:25:02:05:1A:4B,1,0,0,2266,0,0,778,1445,726,2933,0,594,1818,3138,0,712,1459,2368,0
2026-04-02 13:02:36.657,1895.663658935,1775106156657,left_insole,左鞋垫,FF:25:02:05:1A:4B,1,0,0,1786,0,0,239,2042,1633,2601,0,0,699,3116,0,16,501,2202,0
2026-04-02 13:02:36.717,1895.723570851,1775106156717,left_insole,左鞋垫,FF:25:02:05:1A:4B,1,0,0,1367,0,0,0,1855,2393,2112,0,0,0,2235,0,0,0,1211,0
2026-04-02 13:02:36.777,1895.783601927,1775106156777,left_insole,左鞋垫,FF:25:02:05:1A:4B,1,0,0,1064,0,0,0,836,1915,1702,0,0,0,1000,0,0,0,211,0
2026-04-02 13:02:36.837,1895.843613336,1775106156837,left_insole,左鞋垫,FF:25:02:05:1A:4B,1,0,0,838,0,0,0,156,826,1449,0,0,0,319,0,0,0,0,0
2026-04-02 13:02:36.867,1895.873652877,1775106156867,left_insole,左鞋垫,FF:25:02:05:1A:4B,1,0,0,567,0,0,0,0,0,1077,0,0,0,0,0,0,0,0,0
2026-04-02 13:02:36.927,1895.93339484,1775106156927,left_insole,左鞋垫,FF:25:02:05:1A:4B,1,0,0,373,0,0,0,0,0,950,0,0,0,0,0,0,0,0,0
2026-04-02 13:02:36.987,1895.993581081,1775106156987,left_insole,左鞋垫,FF:25:02:05:1A:4B,1,0,0,372,0,0,0,0,0,954,0,0,0,0,0,0,0,0,0
2026-04-02 13:02:37.077,1896.083528567,1775106157077,left_insole,左鞋垫,FF:25:02:05:1A:4B,1,0,0,346,0,0,0,0,0,958,0,0,0,0,0,0,0,0,0
2026-04-02 13:02:37.077,1896.083588267,1775106157077,left_insole,左鞋垫,FF:25:02:05:1A:4B,1,0,0,360,0,0,0,0,0,936,0,0,0,0,0,0,0,0,0
2026-04-02 13:02:37.167,1896.17353266,1775106157167,left_insole,左鞋垫,FF:25:02:05:1A:4B,1,0,0,397,0,0,0,0,0,901,0,0,0,0,0,0,0,0,0
2026-04-02 13:02:37.197,1896.203531317,1775106157197,left_insole,左鞋垫,FF:25:02:05:1A:4B,1,0,0,374,0,0,0,0,0,910,0,0,0,0,0,0,0,0,0
2026-04-02 13:02:37.287,1896.293498973,1775106157287,left_insole,左鞋垫,FF:25:02:05:1A:4B,1,0,0,333,0,0,0,0,0,900,0,0,0,0,0,0,0,0,0
2026-04-02 13:02:37.347,1896.353538999,1775106157347,left_insole,左鞋垫,FF:25:02:05:1A:4B,1,0,0,306,0,0,0,0,0,842,0,0,0,0,0,0,0,0,0
2026-04-02 13:02:37.347,1896.353587077,1775106157347,left_insole,左鞋垫,FF:25:02:05:1A:4B,1,0,0,274,0,0,0,0,0,1005,0,0,0,0,0,0,0,0,0
2026-04-02 13:02:37.407,1896.413618286,1775106157407,left_insole,左鞋垫,FF:25:02:05:1A:4B,1,0,0,1493,0,0,0,0,0,2086,0,0,0,0,0,0,0,0,0
2026-04-02 13:02:37.467,1896.473664557,1775106157467,left_insole,左鞋垫,FF:25:02:05:1A:4B,1,0,0,3642,0,0,0,0,0,4575,0,0,0,0,0,0,0,0,0
2026-04-02 13:02:37.497,1896.503227772,1775106157497,left_insole,左鞋垫,FF:25:02:05:1A:4B,1,0,0,5628,0,0,0,0,0,7391,0,0,0,0,0,0,0,0,0
2026-04-02 13:02:37.557,1896.563607796,1775106157557,left_insole,左鞋垫,FF:25:02:05:1A:4B,1,0,0,6941,0,0,0,0,0,8294,0,797,0,0,0,1121,20,0,0
2026-04-02 13:02:37.737,1896.743433485,1775106157737,left_insole,左鞋垫,FF:25:02:05:1A:4B,1,0,0,7360,0,0,0,0,0,8584,0,1123,0,0,0,5853,696,0,0
2026-04-02 13:02:37.767,1896.773399596,1775106157767,left_insole,左鞋垫,FF:25:02:05:1A:4B,1,0,0,7355,0,0,0,0,0,8557,0,1424,0,0,0,6072,979,69,0
2026-04-02 13:02:37.767,1896.773482366,1775106157767,left_insole,左鞋垫,FF:25:02:05:1A:4B,1,0,0,6650,0,0,0,0,0,7734,0,1626,471,324,0,6230,1396,691,0
2026-04-02 13:02:37.767,1896.773534552,1775106157767,left_insole,左鞋垫,FF:25:02:05:1A:4B,1,0,0,5597,0,0,0,0,126,6572,0,2299,1281,0,0,6235,1766,0,0
2026-04-02 13:02:37.828,1896.834390637,1775106157828,left_insole,左鞋垫,FF:25:02:05:1A:4B,1,0,0,5069,0,0,17,431,0,5728,0,1764,1322,1496,0,5809,1369,1030,0
2026-04-02 13:02:37.857,1896.863370296,1775106157857,left_insole,左鞋垫,FF:25:02:05:1A:4B,1,0,0,4628,0,0,461,830,0,5250,0,1727,1660,1822,0,5691,1311,1141,0
2026-04-02 13:02:37.977,1896.983365341,1775106157977,left_insole,左鞋垫,FF:25:02:05:1A:4B,1,0,0,4381,0,0,679,1077,0,4864,0,1818,1872,2115,0,5618,1339,1326,0
2026-04-02 13:02:37.977,1896.983439282,1775106157977,left_insole,左鞋垫,FF:25:02:05:1A:4B,1,0,0,3811,0,0,959,1267,458,4255,0,1884,2100,2315,0,5701,1589,1589,0
2026-04-02 13:02:38.037,1897.04352962,1775106158037,left_insole,左鞋垫,FF:25:02:05:1A:4B,1,0,0,3144,930,0,891,1220,799,3789,730,923,1929,2246,0,5381,1641,1746,0
2026-04-02 13:02:38.067,1897.073298808,1775106158067,left_insole,左鞋垫,FF:25:02:05:1A:4B,1,0,0,2571,328,0,1146,1621,1225,3176,171,687,1912,2455,0,5029,1451,1819,0
2026-04-02 13:02:38.217,1897.223429152,1775106158217,left_insole,左鞋垫,FF:25:02:05:1A:4B,1,0,0,2149,0,0,1159,2227,1937,2717,0,218,1683,2852,0,233,923,1769,0
2026-04-02 13:02:38.217,1897.223528853,1775106158217,left_insole,左鞋垫,FF:25:02:05:1A:4B,1,0,0,1774,0,0,456,2750,2789,2401,0,0,460,2974,0,0,5,1658,0
2026-04-02 13:02:38.217,1897.223580947,1775106158217,left_insole,左鞋垫,FF:25:02:05:1A:4B,1,0,0,1553,0,0,0,2322,3014,2103,0,0,0,2467,0,0,0,1324,0
2026-04-02 13:02:38.277,1897.283429426,1775106158277,left_insole,左鞋垫,FF:25:02:05:1A:4B,1,0,0,1194,0,0,0,1108,2642,1636,0,0,0,1024,0,0,0,215,0
2026-04-02 13:02:38.337,1897.343528513,1775106158337,left_insole,左鞋垫,FF:25:02:05:1A:4B,1,0,0,919,0,0,0,39,965,1265,0,0,0,0,0,0,0,0,0
2026-04-02 13:02:38.397,1897.403518436,1775106158397,left_insole,左鞋垫,FF:25:02:05:1A:4B,1,0,0,664,0,0,0,0,0,1078,0,0,0,0,0,0,0,0,0
2026-04-02 13:02:38.427,1897.433600114,1775106158427,left_insole,左鞋垫,FF:25:02:05:1A:4B,1,0,0,499,0,0,0,0,0,993,0,0,0,0,0,0,0,0,0
2026-04-02 13:02:38.487,1897.493584232,1775106158487,left_insole,左鞋垫,FF:25:02:05:1A:4B,1,0,0,500,0,0,0,0,0,941,0,0,0,0,0,0,0,0,0
2026-04-02 13:02:38.547,1897.553362982,1775106158547,left_insole,左鞋垫,FF:25:02:05:1A:4B,1,0,0,445,0,0,0,0,0,1004,0,0,0,0,0,0,0,0,0
2026-04-02 13:02:38.667,1897.673480704,1775106158667,left_insole,左鞋垫,FF:25:02:05:1A:4B,1,0,0,479,0,0,0,0,0,1015,0,0,0,0,0,0,0,0,0
2026-04-02 13:02:38.667,1897.67353216,1775106158667,left_insole,左鞋垫,FF:25:02:05:1A:4B,1,0,0,465,0,0,0,0,0,986,0,0,0,0,0,0,0,0,0
2026-04-02 13:02:38.787,1897.793544528,1775106158787,left_insole,左鞋垫,FF:25:02:05:1A:4B,1,0,0,478,0,0,0,0,0,1005,0,0,0,0,0,0,0,0,0
2026-04-02 13:02:38.847,1897.853334247,1775106158847,left_insole,左鞋垫,FF:25:02:05:1A:4B,1,0,0,480,0,0,0,0,0,993,0,0,0,0,0,0,0,0,0
2026-04-02 13:02:38.847,1897.853381802,1775106158847,left_insole,左鞋垫,FF:25:02:05:1A:4B,1,0,0,467,0,0,0,0,0,1021,0,0,0,0,0,0,0,0,0
2026-04-02 13:02:38.847,1897.853407659,1775106158847,left_insole,左鞋垫,FF:25:02:05:1A:4B,1,0,0,444,0,0,0,0,0,1012,0,0,0,0,0,0,0,0,0
2026-04-02 13:02:38.937,1897.943525845,1775106158937,left_insole,左鞋垫,FF:25:02:05:1A:4B,1,0,0,431,0,0,0,0,0,1121,0,0,0,0,0,0,0,0,0
2026-04-02 13:02:38.997,1898.003392119,1775106158997,left_insole,左鞋垫,FF:25:02:05:1A:4B,1,0,0,2372,0,0,0,0,0,2636,0,0,0,0,0,0,0,0,0
2026-04-02 13:02:38.997,1898.003480233,1775106158997,left_insole,左鞋垫,FF:25:02:05:1A:4B,1,0,0,3745,0,0,0,0,0,4593,0,0,0,0,0,0,0,0,0
2026-04-02 13:02:39.057,1898.063410399,1775106159057,left_insole,左鞋垫,FF:25:02:05:1A:4B,1,0,0,5808,0,0,0,0,0,7096,0,0,0,0,0,0,0,0,0
2026-04-02 13:02:39.117,1898.123458771,1775106159117,left_insole,左鞋垫,FF:25:02:05:1A:4B,1,0,0,7305,0,0,0,0,0,8258,0,663,0,0,0,566,0,0,0
2026-04-02 13:02:39.177,1898.183515258,1775106159177,left_insole,左鞋垫,FF:25:02:05:1A:4B,1,0,0,8048,0,0,0,0,0,8920,0,1099,0,0,0,5154,114,0,0
2026-04-02 13:02:39.207,1898.213572193,1775106159207,left_insole,左鞋垫,FF:25:02:05:1A:4B,1,0,0,8597,0,0,0,0,0,9228,0,1337,0,0,0,5131,118,0,0
2026-04-02 13:02:39.267,1898.273598196,1775106159267,left_insole,左鞋垫,FF:25:02:05:1A:4B,1,0,0,8088,0,0,0,0,0,8416,0,1341,0,0,0,4995,97,0,0
2026-04-02 13:02:39.357,1898.363561433,1775106159357,left_insole,左鞋垫,FF:25:02:05:1A:4B,1,0,0,7559,0,0,0,0,0,7779,0,1382,0,0,0,5075,140,0,0
2026-04-02 13:02:39.477,1898.483424748,1775106159477,left_insole,左鞋垫,FF:25:02:05:1A:4B,1,0,0,6844,0,0,0,0,0,7077,0,1596,444,47,0,5225,449,0,0
2026-04-02 13:02:39.477,1898.4834869,1775106159477,left_insole,左鞋垫,FF:25:02:05:1A:4B,1,0,0,6104,0,0,297,259,0,6461,0,1836,1087,633,0,5474,813,42,0
2026-04-02 13:02:39.477,1898.483532106,1775106159477,left_insole,左鞋垫,FF:25:02:05:1A:4B,1,0,0,5406,0,0,535,638,95,5646,0,2107,1582,1300,0,5582,1138,548,0
2026-04-02 13:02:39.777,1898.783417869,1775106159777,left_insole,左鞋垫,FF:25:02:05:1A:4B,1,0,0,4304,0,0,1742,1538,641,4227,0,0,3109,2692,0,0,2082,1785,0
2026-04-02 13:02:39.777,1898.783475093,1775106159777,left_insole,左鞋垫,FF:25:02:05:1A:4B,1,0,0,3420,0,0,965,1185,862,3858,771,1114,1896,2061,0,5432,1487,1422,0
2026-04-02 13:02:39.777,1898.783515293,1775106159777,left_insole,左鞋垫,FF:25:02:05:1A:4B,1,0,0,2722,28,0,1053,1486,1236,3126,58,655,1985,2515,0,4406,1159,1402,0
2026-04-02 13:02:39.807,1898.813312138,1775106159807,left_insole,左鞋垫,FF:25:02:05:1A:4B,1,0,0,2211,0,0,694,2159,2001,2666,0,0,1222,3148,0,178,747,1983,0
2026-04-02 13:02:39.807,1898.813378275,1775106159807,left_insole,左鞋垫,FF:25:02:05:1A:4B,1,0,0,1806,0,0,0,2060,2414,2386,0,0,0,2652,0,0,0,1497,0
2026-04-02 13:02:39.807,1898.813423171,1775106159807,left_insole,左鞋垫,FF:25:02:05:1A:4B,1,0,0,1404,0,0,0,1027,2048,1878,0,0,0,1164,0,2453,0,656,0
2026-04-02 13:02:39.837,1898.843639871,1775106159837,left_insole,左鞋垫,FF:25:02:05:1A:4B,1,0,0,1335,0,0,0,277,911,1597,0,0,0,351,0,0,0,0,0
2026-04-02 13:02:39.897,1898.903617532,1775106159897,left_insole,左鞋垫,FF:25:02:05:1A:4B,1,0,0,1012,0,0,0,0,0,1253,0,0,0,0,0,0,0,0,0
2026-04-02 13:02:39.987,1898.993554288,1775106159987,left_insole,左鞋垫,FF:25:02:05:1A:4B,1,0,0,742,0,0,0,0,0,1227,0,0,0,0,0,0,0,0,0
2026-04-02 13:02:40.047,1899.053449417,1775106160047,left_insole,左鞋垫,FF:25:02:05:1A:4B,1,0,0,658,0,0,0,0,0,1156,0,0,0,0,0,0,0,0,0
2026-04-02 13:02:40.077,1899.083523425,1775106160077,left_insole,左鞋垫,FF:25:02:05:1A:4B,1,0,0,639,0,0,0,0,0,1144,0,0,0,0,0,0,0,0,0
2026-04-02 13:02:40.107,1899.11352287,1775106160107,left_insole,左鞋垫,FF:25:02:05:1A:4B,1,0,0,600,0,0,0,0,0,1153,0,0,0,0,0,0,0,0,0
2026-04-02 13:02:40.167,1899.173591667,1775106160167,left_insole,左鞋垫,FF:25:02:05:1A:4B,1,0,0,692,0,0,0,0,0,1112,0,0,0,0,0,0,0,0,0
2026-04-02 13:02:40.197,1899.203527046,1775106160197,left_insole,左鞋垫,FF:25:02:05:1A:4B,1,0,0,646,0,0,0,0,0,1110,0,0,0,0,0,0,0,0,0
2026-04-02 13:02:40.257,1899.263356998,1775106160257,left_insole,左鞋垫,FF:25:02:05:1A:4B,1,0,0,634,0,0,0,0,0,1109,0,0,0,0,0,0,0,0,0
2026-04-02 13:02:40.317,1899.323516398,1775106160317,left_insole,左鞋垫,FF:25:02:05:1A:4B,1,0,0,605,0,0,0,0,0,1064,0,0,0,0,0,0,0,0,0
2026-04-02 13:02:40.377,1899.383293474,1775106160377,left_insole,左鞋垫,FF:25:02:05:1A:4B,1,0,0,541,0,0,0,0,0,1079,0,0,0,0,0,0,0,0,0
2026-04-02 13:02:40.437,1899.443533947,1775106160437,left_insole,左鞋垫,FF:25:02:05:1A:4B,1,0,0,607,0,0,0,0,0,1222,0,0,0,0,0,0,0,0,0
2026-04-02 13:02:40.467,1899.473524155,1775106160467,left_insole,左鞋垫,FF:25:02:05:1A:4B,1,0,0,2770,0,0,0,0,0,2996,0,0,0,0,0,0,0,0,0
2026-04-02 13:02:40.527,1899.533543654,1775106160527,left_insole,左鞋垫,FF:25:02:05:1A:4B,1,0,0,5088,0,0,0,0,0,6308,0,0,0,0,0,0,0,0,0
2026-04-02 13:02:40.557,1899.563509884,1775106160557,left_insole,左鞋垫,FF:25:02:05:1A:4B,1,0,0,6471,0,0,0,0,0,7779,0,428,0,0,0,1090,90,0,0
2026-04-02 13:02:40.617,1899.623382147,1775106160617,left_insole,左鞋垫,FF:25:02:05:1A:4B,1,0,0,6910,0,0,0,0,0,8266,0,1048,0,0,0,6266,1258,97,0
2026-04-02 13:02:40.677,1899.683527198,1775106160677,left_insole,左鞋垫,FF:25:02:05:1A:4B,1,0,0,7026,0,0,0,0,0,8568,0,1214,0,0,0,6520,1360,396,0
2026-04-02 13:02:40.737,1899.743344994,1775106160737,left_insole,左鞋垫,FF:25:02:05:1A:4B,1,0,0,7429,0,0,0,0,0,8793,0,1667,280,307,0,6747,1622,894,0
2026-04-02 13:02:40.767,1899.773534743,1775106160767,left_insole,左鞋垫,FF:25:02:05:1A:4B,1,0,0,6584,0,0,0,0,0,7803,0,1757,630,915,0,6884,2312,0,0
2026-04-02 13:02:40.829,1899.835313061,1775106160829,left_insole,左鞋垫,FF:25:02:05:1A:4B,1,0,0,5539,0,0,0,0,0,6900,0,1804,871,1371,0,3094,2245,1988,0
2026-04-02 13:02:40.887,1899.893530457,1775106160887,left_insole,左鞋垫,FF:25:02:05:1A:4B,1,0,0,5049,0,0,0,86,0,6271,0,2017,1242,1882,0,3386,2547,2547,0
2026-04-02 13:02:40.947,1899.953280035,1775106160947,left_insole,左鞋垫,FF:25:02:05:1A:4B,1,0,0,4816,0,0,0,310,0,5940,0,2278,1523,2361,0,3469,2898,2804,0
2026-04-02 13:02:40.977,1899.983562458,1775106160977,left_insole,左鞋垫,FF:25:02:05:1A:4B,1,0,0,4170,0,0,0,489,0,5397,0,2295,1815,2734,0,3741,3040,3162,0
2026-04-02 13:02:41.217,1900.223576493,1775106161217,left_insole,左鞋垫,FF:25:02:05:1A:4B,1,0,0,3629,0,0,0,990,0,4710,0,2226,2103,3146,0,3446,3269,3473,0
2026-04-02 13:02:41.277,1900.283410349,1775106161277,left_insole,左鞋垫,FF:25:02:05:1A:4B,1,0,0,2974,0,0,0,1129,0,4180,1596,1312,2249,3115,0,4711,3093,3841,0
2026-04-02 13:02:41.277,1900.283459329,1775106161277,left_insole,左鞋垫,FF:25:02:05:1A:4B,1,0,0,2582,189,0,394,1903,36,3190,784,0,3675,4421,0,0,3670,4671,0
2026-04-02 13:02:41.277,1900.283489103,1775106161277,left_insole,左鞋垫,FF:25:02:05:1A:4B,1,0,0,2216,0,0,500,2447,423,3094,357,527,2375,4420,0,5825,2686,4755,0
2026-04-02 13:02:41.307,1900.31339029,1775106161307,left_insole,左鞋垫,FF:25:02:05:1A:4B,1,0,0,1852,0,0,0,2644,1098,2798,0,0,638,4379,0,4838,1118,4289,0
2026-04-02 13:02:41.307,1900.313445429,1775106161307,left_insole,左鞋垫,FF:25:02:05:1A:4B,1,0,0,1420,0,0,0,1626,1468,2279,0,0,0,2819,0,4168,128,2389,0
2026-04-02 13:02:41.337,1900.343532013,1775106161337,left_insole,左鞋垫,FF:25:02:05:1A:4B,1,0,0,1144,0,0,0,0,365,1773,0,0,0,1025,0,3666,0,718,0
2026-04-02 13:02:41.397,1900.403590328,1775106161397,left_insole,左鞋垫,FF:25:02:05:1A:4B,1,0,0,880,0,0,0,0,0,1316,0,0,0,0,0,0,0,0,0
2026-04-02 13:02:41.457,1900.463569126,1775106161457,left_insole,左鞋垫,FF:25:02:05:1A:4B,1,0,0,538,0,0,0,0,0,1073,0,0,0,0,0,0,0,0,0
2026-04-02 13:02:41.667,1900.673456322,1775106161667,left_insole,左鞋垫,FF:25:02:05:1A:4B,1,0,0,515,0,0,0,0,0,1088,0,0,0,0,0,0,0,0,0
2026-04-02 13:02:41.697,1900.703468651,1775106161697,left_insole,左鞋垫,FF:25:02:05:1A:4B,1,0,0,490,0,0,0,0,0,1059,0,0,0,0,0,0,0,0,0
2026-04-02 13:02:41.727,1900.733535415,1775106161727,left_insole,左鞋垫,FF:25:02:05:1A:4B,1,0,0,475,0,0,0,0,0,1075,0,0,0,0,0,0,0,0,0
2026-04-02 13:02:41.757,1900.763321983,1775106161757,left_insole,左鞋垫,FF:25:02:05:1A:4B,1,0,0,580,0,0,0,0,0,1032,0,0,0,0,0,0,0,0,0
2026-04-02 13:02:41.757,1900.763406433,1775106161757,left_insole,左鞋垫,FF:25:02:05:1A:4B,1,0,0,522,0,0,0,0,0,1066,0,0,0,0,0,0,0,0,0
2026-04-02 13:02:41.757,1900.763457007,1775106161757,left_insole,左鞋垫,FF:25:02:05:1A:4B,1,0,0,545,0,0,0,0,0,1041,0,0,0,0,0,0,0,0,0
2026-04-02 13:02:41.817,1900.823538933,1775106161817,left_insole,左鞋垫,FF:25:02:05:1A:4B,1,0,0,516,0,0,0,0,0,1024,0,0,0,0,0,0,0,0,0
2026-04-02 13:02:41.877,1900.883312028,1775106161877,left_insole,左鞋垫,FF:25:02:05:1A:4B,1,0,0,483,0,0,0,0,0,1009,0,0,0,0,0,0,0,0,0
2026-04-02 13:02:41.997,1901.00329076,1775106161997,left_insole,左鞋垫,FF:25:02:05:1A:4B,1,0,0,979,0,0,0,0,0,1711,0,0,0,0,0,0,0,0,0
2026-04-02 13:02:41.997,1901.003382571,1775106161997,left_insole,左鞋垫,FF:25:02:05:1A:4B,1,0,0,2917,0,0,0,0,0,3292,0,0,0,0,0,0,0,0,0
2026-04-02 13:02:42.027,1901.033425821,1775106162027,left_insole,左鞋垫,FF:25:02:05:1A:4B,1,0,0,3985,0,0,0,0,0,5483,0,0,0,0,0,0,0,0,0
2026-04-02 13:02:42.087,1901.093555775,1775106162087,left_insole,左鞋垫,FF:25:02:05:1A:4B,1,0,0,6002,0,0,0,0,0,7389,0,372,0,0,0,802,15,0,0
2026-04-02 13:02:42.117,1901.123362121,1775106162117,left_insole,左鞋垫,FF:25:02:05:1A:4B,1,0,0,6675,0,0,0,0,0,7965,0,1091,0,0,0,5615,579,0,0
2026-04-02 13:02:42.207,1901.213522754,1775106162207,left_insole,左鞋垫,FF:25:02:05:1A:4B,1,0,0,6866,0,0,0,0,0,8308,0,1358,0,0,0,6268,1297,235,0
2026-04-02 13:02:42.237,1901.243158801,1775106162237,left_insole,左鞋垫,FF:25:02:05:1A:4B,1,0,0,6496,0,0,0,0,0,8040,0,1695,543,624,0,6515,1502,921,0
2026-04-02 13:02:42.297,1901.303507932,1775106162297,left_insole,左鞋垫,FF:25:02:05:1A:4B,1,0,0,5986,0,0,0,0,0,7444,0,1784,755,944,0,6680,1719,1185,0
2026-04-02 13:02:42.327,1901.333404843,1775106162327,left_insole,左鞋垫,FF:25:02:05:1A:4B,1,0,0,5041,0,0,0,0,0,6396,0,1830,1208,1546,0,6793,2033,1789,0
2026-04-02 13:02:42.387,1901.393505543,1775106162387,left_insole,左鞋垫,FF:25:02:05:1A:4B,1,0,0,4442,0,0,0,329,0,5629,0,2078,1561,2187,0,6729,2351,2282,0
2026-04-02 13:02:42.477,1901.483399773,1775106162477,left_insole,左鞋垫,FF:25:02:05:1A:4B,1,0,0,3940,0,0,0,690,0,4968,0,2194,1961,2699,0,6956,2748,2804,0
2026-04-02 13:02:42.537,1901.543524328,1775106162537,left_insole,左鞋垫,FF:25:02:05:1A:4B,1,0,0,3348,0,0,0,970,0,4284,0,2157,2157,2975,0,2879,2680,3037,0
2026-04-02 13:02:42.537,1901.543619428,1775106162537,left_insole,左鞋垫,FF:25:02:05:1A:4B,1,0,0,2940,563,0,0,1043,0,3801,1078,1275,2263,3223,0,2633,2874,3530,0
2026-04-02 13:02:42.597,1901.603362788,1775106162597,left_insole,左鞋垫,FF:25:02:05:1A:4B,1,0,0,2480,332,0,573,1709,0,3101,792,0,3554,4269,0,0,3643,4502,0
2026-04-02 13:02:42.657,1901.663522527,1775106162657,left_insole,左鞋垫,FF:25:02:05:1A:4B,1,0,0,2012,0,0,262,2025,160,2973,211,576,2426,4234,0,5798,2590,4464,0
2026-04-02 13:02:42.717,1901.723506915,1775106162717,left_insole,左鞋垫,FF:25:02:05:1A:4B,1,0,0,1568,0,0,0,2338,834,2708,0,0,937,4342,0,4943,1467,4347,0
2026-04-02 13:02:42.747,1901.753550269,1775106162747,left_insole,左鞋垫,FF:25:02:05:1A:4B,1,0,0,1249,0,0,0,1590,1663,2273,0,0,0,2946,0,4299,558,2845,0
2026-04-02 13:02:42.807,1901.813279696,1775106162807,left_insole,左鞋垫,FF:25:02:05:1A:4B,1,0,0,1014,0,0,0,394,1413,1693,0,0,0,1281,0,3622,0,1028,0
2026-04-02 13:02:42.897,1901.903527443,1775106162897,left_insole,左鞋垫,FF:25:02:05:1A:4B,1,0,0,949,0,0,0,0,574,1418,0,0,0,398,0,3376,0,89,0
2026-04-02 13:02:42.897,1901.903633678,1775106162897,left_insole,左鞋垫,FF:25:02:05:1A:4B,1,0,0,543,0,0,0,0,0,1046,0,0,0,0,0,0,0,0,0
2026-04-02 13:02:42.957,1901.963515694,1775106162957,left_insole,左鞋垫,FF:25:02:05:1A:4B,1,0,0,382,0,0,0,0,0,1021,0,0,0,0,0,0,0,0,0
2026-04-02 13:02:43.017,1902.023591788,1775106163017,left_insole,左鞋垫,FF:25:02:05:1A:4B,1,0,0,394,0,0,0,0,0,1038,0,0,0,0,0,0,0,0,0
2026-04-02 13:02:43.107,1902.11335567,1775106163107,left_insole,左鞋垫,FF:25:02:05:1A:4B,1,0,0,420,0,0,0,0,0,1013,0,0,0,0,0,0,0,0,0
2026-04-02 13:02:43.107,1902.113445406,1775106163107,left_insole,左鞋垫,FF:25:02:05:1A:4B,1,0,0,455,0,0,0,0,0,992,0,0,0,0,0,0,0,0,0
2026-04-02 13:02:43.167,1902.173424464,1775106163167,left_insole,左鞋垫,FF:25:02:05:1A:4B,1,0,0,444,0,0,0,0,0,997,0,0,0,0,0,0,0,0,0
2026-04-02 13:02:43.227,1902.233595822,1775106163227,left_insole,左鞋垫,FF:25:02:05:1A:4B,1,0,0,444,0,0,0,0,0,1011,0,0,0,0,0,0,0,0,0
2026-04-02 13:02:43.347,1902.353526412,1775106163347,left_insole,左鞋垫,FF:25:02:05:1A:4B,1,0,0,420,0,0,0,0,0,990,0,0,0,0,0,0,0,0,0
2026-04-02 13:02:43.347,1902.353614092,1775106163347,left_insole,左鞋垫,FF:25:02:05:1A:4B,1,0,0,362,0,0,0,0,0,952,0,0,0,0,0,0,0,0,0
2026-04-02 13:02:43.497,1902.503292741,1775106163497,left_insole,左鞋垫,FF:25:02:05:1A:4B,1,0,0,405,0,0,0,0,0,1131,0,0,0,0,0,0,0,0,0
2026-04-02 13:02:43.497,1902.50339152,1775106163497,left_insole,左鞋垫,FF:25:02:05:1A:4B,1,0,0,2172,0,0,0,0,0,2477,0,0,0,0,0,0,0,0,0
2026-04-02 13:02:43.527,1902.533315699,1775106163527,left_insole,左鞋垫,FF:25:02:05:1A:4B,1,0,0,3453,0,0,0,0,0,4252,0,0,0,0,0,0,0,0,0
2026-04-02 13:02:43.527,1902.53339184,1775106163527,left_insole,左鞋垫,FF:25:02:05:1A:4B,1,0,0,4659,0,0,0,0,0,5922,0,48,0,0,0,0,0,0,0
2026-04-02 13:02:43.587,1902.593515138,1775106163587,left_insole,左鞋垫,FF:25:02:05:1A:4B,1,0,0,6279,0,0,0,0,0,7364,0,1073,0,0,0,5174,464,0,0
2026-04-02 13:02:43.677,1902.683602206,1775106163677,left_insole,左鞋垫,FF:25:02:05:1A:4B,1,0,0,6782,0,0,0,0,0,8143,0,1355,0,0,0,5487,671,0,0
2026-04-02 13:02:43.677,1902.683682202,1775106163677,left_insole,左鞋垫,FF:25:02:05:1A:4B,1,0,0,6805,0,0,0,0,0,8286,0,1280,0,0,0,5320,370,0,0
2026-04-02 13:02:43.737,1902.743830051,1775106163737,left_insole,左鞋垫,FF:25:02:05:1A:4B,1,0,0,5944,0,0,0,0,0,7386,0,1175,0,0,0,5173,270,0,0
2026-04-02 13:02:43.857,1902.863510573,1775106163857,left_insole,左鞋垫,FF:25:02:05:1A:4B,1,0,0,5364,0,0,0,0,0,6670,0,1386,152,0,0,5062,404,0,0
2026-04-02 13:02:43.857,1902.863569781,1775106163857,left_insole,左鞋垫,FF:25:02:05:1A:4B,1,0,0,4832,0,0,781,506,0,5458,0,0,1943,1233,0,0,1180,653,0
2026-04-02 13:02:43.977,1902.983410597,1775106163977,left_insole,左鞋垫,FF:25:02:05:1A:4B,1,0,0,3658,0,0,958,1213,228,4000,0,1822,1689,2021,0,801,955,790,0
2026-04-02 13:02:44.007,1903.013535569,1775106164007,left_insole,左鞋垫,FF:25:02:05:1A:4B,1,0,0,2666,244,0,1296,2000,1136,2982,64,0,2783,3220,0,0,1876,1935,0
2026-04-02 13:02:44.007,1903.013585024,1775106164007,left_insole,左鞋垫,FF:25:02:05:1A:4B,1,0,0,2065,0,0,410,3625,2886,2795,0,0,437,3729,0,4072,207,1725,0
2026-04-02 13:02:44.067,1903.073468939,1775106164067,left_insole,左鞋垫,FF:25:02:05:1A:4B,1,0,0,1610,0,0,0,3000,4088,2166,0,0,0,1945,0,0,0,53,0
2026-04-02 13:02:44.097,1903.103516228,1775106164097,left_insole,左鞋垫,FF:25:02:05:1A:4B,1,0,0,1389,0,0,0,900,2123,1649,0,0,0,366,0,0,0,0,0
2026-04-02 13:02:44.189,1903.195322678,1775106164189,left_insole,左鞋垫,FF:25:02:05:1A:4B,1,0,0,1013,0,0,0,0,0,1314,0,0,0,0,0,0,0,0,0
2026-04-02 13:02:44.217,1903.223482444,1775106164217,left_insole,左鞋垫,FF:25:02:05:1A:4B,1,0,0,768,0,0,0,0,0,1154,0,0,0,0,0,0,0,0,0
2026-04-02 13:02:44.337,1903.343475542,1775106164337,left_insole,左鞋垫,FF:25:02:05:1A:4B,1,0,0,728,0,0,0,0,0,1232,0,0,0,0,0,0,0,0,0
2026-04-02 13:02:44.517,1903.523409372,1775106164517,left_insole,左鞋垫,FF:25:02:05:1A:4B,1,0,0,721,0,0,0,0,0,1199,0,0,0,0,0,0,0,0,0
2026-04-02 13:02:44.517,1903.523459154,1775106164517,left_insole,左鞋垫,FF:25:02:05:1A:4B,1,0,0,649,0,0,0,0,0,1211,0,0,0,0,0,0,0,0,0
2026-04-02 13:02:44.517,1903.523496366,1775106164517,left_insole,左鞋垫,FF:25:02:05:1A:4B,1,0,0,592,0,0,0,0,0,1213,0,0,0,0,0,0,0,0,0
2026-04-02 13:02:44.547,1903.553415469,1775106164547,left_insole,左鞋垫,FF:25:02:05:1A:4B,1,0,0,512,0,0,0,0,0,1193,0,0,0,0,0,0,0,0,0
2026-04-02 13:02:44.547,1903.553546657,1775106164547,left_insole,左鞋垫,FF:25:02:05:1A:4B,1,0,0,529,0,0,0,0,0,1146,0,0,0,0,0,0,0,0,0
2026-04-02 13:02:44.577,1903.583621802,1775106164577,left_insole,左鞋垫,FF:25:02:05:1A:4B,1,0,0,2551,0,0,0,0,0,3110,0,0,0,0,0,0,0,0,0
2026-04-02 13:02:44.787,1903.793371295,1775106164787,left_insole,左鞋垫,FF:25:02:05:1A:4B,1,0,0,9577,0,0,0,0,0,10395,0,0,0,0,0,0,0,0,0
2026-04-02 13:02:44.787,1903.793427403,1775106164787,left_insole,左鞋垫,FF:25:02:05:1A:4B,1,0,0,9855,0,0,0,0,0,10830,0,1543,0,0,0,1574,287,0,0
2026-04-02 13:02:44.787,1903.793456145,1775106164787,left_insole,左鞋垫,FF:25:02:05:1A:4B,1,0,0,8871,0,0,0,0,0,9954,0,1959,0,0,0,6029,943,0,0
2026-04-02 13:02:44.907,1903.913443664,1775106164907,left_insole,左鞋垫,FF:25:02:05:1A:4B,1,0,0,6947,0,0,0,0,0,8216,0,1586,0,0,0,3781,1144,0,0
2026-04-02 13:02:44.907,1903.913497952,1775106164907,left_insole,左鞋垫,FF:25:02:05:1A:4B,1,0,0,5306,0,0,0,0,0,6606,0,1059,231,0,0,1567,1173,195,0
2026-04-02 13:02:44.937,1903.943623447,1775106164937,left_insole,左鞋垫,FF:25:02:05:1A:4B,1,0,0,4604,0,0,0,0,0,5515,0,0,2440,1767,0,0,2091,1502,0
2026-04-02 13:02:44.937,1903.94367223,1775106164937,left_insole,左鞋垫,FF:25:02:05:1A:4B,1,0,0,3660,0,0,880,1235,194,4018,0,1969,2484,2756,0,1608,1960,2124,0
2026-04-02 13:02:45.027,1904.033575795,1775106165027,left_insole,左鞋垫,FF:25:02:05:1A:4B,1,0,0,2476,0,0,1784,3167,1479,2931,54,0,3342,4561,0,0,1547,2604,0
2026-04-02 13:02:45.177,1904.183631203,1775106165177,left_insole,左鞋垫,FF:25:02:05:1A:4B,1,0,0,2034,0,0,0,3756,2762,2828,0,0,207,4462,0,4111,485,2928,0
2026-04-02 13:02:45.207,1904.213421359,1775106165207,left_insole,左鞋垫,FF:25:02:05:1A:4B,1,0,0,1483,0,0,0,2040,3283,2015,0,0,0,1712,0,0,0,404,0
2026-04-02 13:02:45.207,1904.213510488,1775106165207,left_insole,左鞋垫,FF:25:02:05:1A:4B,1,0,0,1021,0,0,0,0,299,1355,0,0,0,0,0,0,0,0,0
2026-04-02 13:02:45.207,1904.213561871,1775106165207,left_insole,左鞋垫,FF:25:02:05:1A:4B,1,0,0,688,0,0,0,0,0,1255,0,0,0,0,0,0,0,0,0
2026-04-02 13:02:45.267,1904.273610369,1775106165267,left_insole,左鞋垫,FF:25:02:05:1A:4B,1,0,0,605,0,0,0,0,0,1198,0,0,0,0,0,0,0,0,0
2026-04-02 13:02:45.297,1904.303626706,1775106165297,left_insole,左鞋垫,FF:25:02:05:1A:4B,1,0,0,579,0,0,0,0,0,1186,0,0,0,0,0,0,0,0,0
2026-04-02 13:02:45.387,1904.393622878,1775106165387,left_insole,左鞋垫,FF:25:02:05:1A:4B,1,0,0,564,0,0,0,0,0,1159,0,0,0,0,0,0,0,0,0
2026-04-02 13:02:45.417,1904.423617869,1775106165417,left_insole,左鞋垫,FF:25:02:05:1A:4B,1,0,0,530,0,0,0,0,0,1159,0,0,0,0,0,0,0,0,0
2026-04-02 13:02:45.447,1904.453648206,1775106165447,left_insole,左鞋垫,FF:25:02:05:1A:4B,1,0,0,473,0,0,0,0,0,1143,0,0,0,0,0,0,0,0,0
2026-04-02 13:02:45.567,1904.573627063,1775106165567,left_insole,左鞋垫,FF:25:02:05:1A:4B,1,0,0,488,0,0,0,0,0,1180,0,0,0,0,0,0,0,0,0
2026-04-02 13:02:45.567,1904.573678487,1775106165567,left_insole,左鞋垫,FF:25:02:05:1A:4B,1,0,0,2614,0,0,0,0,0,3202,0,0,0,0,0,0,0,0,0
2026-04-02 13:02:45.687,1904.693473405,1775106165687,left_insole,左鞋垫,FF:25:02:05:1A:4B,1,0,0,10116,0,0,0,0,0,11200,0,342,0,0,0,379,0,0,0
2026-04-02 13:02:45.687,1904.693523917,1775106165687,left_insole,左鞋垫,FF:25:02:05:1A:4B,1,0,0,9819,0,0,0,0,0,10874,0,1916,0,0,0,6075,695,0,0
2026-04-02 13:02:45.747,1904.753652192,1775106165747,left_insole,左鞋垫,FF:25:02:05:1A:4B,1,0,0,7955,0,0,0,0,0,8985,0,1900,0,0,0,5978,1028,0,0
2026-04-02 13:02:45.807,1904.813573865,1775106165807,left_insole,左鞋垫,FF:25:02:05:1A:4B,1,0,0,5240,0,0,0,0,0,6099,0,906,189,0,0,1048,617,0,0
2026-04-02 13:02:45.867,1904.873667156,1775106165867,left_insole,左鞋垫,FF:25:02:05:1A:4B,1,0,0,4023,0,0,0,4,0,4491,0,0,1896,1339,0,0,1402,910,0
2026-04-02 13:02:45.867,1904.873727762,1775106165867,left_insole,左鞋垫,FF:25:02:05:1A:4B,1,0,0,3402,0,0,973,1035,0,3419,0,0,2402,0,0,0,1809,1657,0
2026-04-02 13:02:45.927,1904.933396815,1775106165927,left_insole,左鞋垫,FF:25:02:05:1A:4B,1,0,0,2518,0,0,1494,1935,886,2898,376,0,3180,3568,0,0,2494,2923,0
2026-04-02 13:02:45.987,1904.993537973,1775106165987,left_insole,左鞋垫,FF:25:02:05:1A:4B,1,0,0,1917,0,0,407,3270,2338,2727,0,0,973,4278,0,4594,1097,3268,0
2026-04-02 13:02:46.017,1905.023656996,1775106166017,left_insole,左鞋垫,FF:25:02:05:1A:4B,1,0,0,1381,0,0,0,2648,3928,2076,0,0,0,2385,0,3582,0,938,0
2026-04-02 13:02:46.077,1905.083567723,1775106166077,left_insole,左鞋垫,FF:25:02:05:1A:4B,1,0,0,1135,0,0,0,396,1515,1316,0,0,0,32,0,0,0,0,0
2026-04-02 13:02:46.168,1905.17424096,1775106166168,left_insole,左鞋垫,FF:25:02:05:1A:4B,1,0,0,813,0,0,0,0,0,1159,0,0,0,0,0,0,0,0,0
2026-04-02 13:02:46.197,1905.20350584,1775106166197,left_insole,左鞋垫,FF:25:02:05:1A:4B,1,0,0,616,0,0,0,0,0,1124,0,0,0,0,0,0,0,0,0
2026-04-02 13:02:46.227,1905.233531229,1775106166227,left_insole,左鞋垫,FF:25:02:05:1A:4B,1,0,0,623,0,0,0,0,0,1131,0,0,0,0,0,0,0,0,0
2026-04-02 13:02:46.317,1905.323482129,1775106166317,left_insole,左鞋垫,FF:25:02:05:1A:4B,1,0,0,594,0,0,0,0,0,1102,0,0,0,0,0,0,0,0,0
2026-04-02 13:02:46.347,1905.353595538,1775106166347,left_insole,左鞋垫,FF:25:02:05:1A:4B,1,0,0,554,0,0,0,0,0,1074,0,0,0,0,0,0,0,0,0
2026-04-02 13:02:46.407,1905.413261859,1775106166407,left_insole,左鞋垫,FF:25:02:05:1A:4B,1,0,0,448,0,0,0,0,0,992,0,0,0,0,0,0,0,0,0
2026-04-02 13:02:46.437,1905.44349726,1775106166437,left_insole,左鞋垫,FF:25:02:05:1A:4B,1,0,0,302,0,0,0,0,0,946,0,0,0,0,0,0,0,0,0
2026-04-02 13:02:46.497,1905.503526504,1775106166497,left_insole,左鞋垫,FF:25:02:05:1A:4B,1,0,0,2531,0,0,0,0,0,3064,0,0,0,0,0,0,0,0,0
2026-04-02 13:02:46.587,1905.5935469,1775106166587,left_insole,左鞋垫,FF:25:02:05:1A:4B,1,0,0,11337,0,0,0,0,0,11991,0,169,0,0,0,94,0,0,0
2026-04-02 13:02:46.617,1905.623546546,1775106166617,left_insole,左鞋垫,FF:25:02:05:1A:4B,1,0,0,10292,0,0,0,0,0,11368,0,1813,0,0,0,5407,1046,0,0
2026-04-02 13:02:46.647,1905.65336731,1775106166647,left_insole,左鞋垫,FF:25:02:05:1A:4B,1,0,0,9199,0,0,0,0,0,10431,0,1922,0,0,0,5622,1221,0,0
2026-04-02 13:02:46.707,1905.713535954,1775106166707,left_insole,左鞋垫,FF:25:02:05:1A:4B,1,0,0,6643,0,0,0,0,0,8015,0,1408,0,0,0,5597,1268,0,0
2026-04-02 13:02:46.767,1905.773346677,1775106166767,left_insole,左鞋垫,FF:25:02:05:1A:4B,1,0,0,5033,0,0,0,0,0,6088,0,772,47,0,0,1188,905,160,0
2026-04-02 13:02:46.797,1905.803423785,1775106166797,left_insole,左鞋垫,FF:25:02:05:1A:4B,1,0,0,4192,0,0,0,0,0,4635,0,1230,1076,972,0,1264,1374,1046,0
2026-04-02 13:02:46.857,1905.863303506,1775106166857,left_insole,左鞋垫,FF:25:02:05:1A:4B,1,0,0,3062,0,0,971,1435,383,3294,0,1506,2361,2774,0,1248,1862,2150,0
2026-04-02 13:02:46.917,1905.923529241,1775106166917,left_insole,左鞋垫,FF:25:02:05:1A:4B,1,0,0,2111,0,0,1234,2987,1640,2644,0,0,2644,4501,0,2754,1239,2692,0
2026-04-02 13:02:46.977,1905.983301439,1775106166977,left_insole,左鞋垫,FF:25:02:05:1A:4B,1,0,0,1677,0,0,0,3159,3146,2557,0,0,0,3683,0,1905,407,2529,0
2026-04-02 13:02:47.007,1906.013517049,1775106167007,left_insole,左鞋垫,FF:25:02:05:1A:4B,1,0,0,1172,0,0,0,1482,2988,1752,0,0,0,1129,0,0,0,161,0
2026-04-02 13:02:47.097,1906.103506562,1775106167097,left_insole,左鞋垫,FF:25:02:05:1A:4B,1,0,0,674,0,0,0,0,0,1181,0,0,0,0,0,0,0,0,0
2026-04-02 13:02:47.127,1906.133605204,1775106167127,left_insole,左鞋垫,FF:25:02:05:1A:4B,1,0,0,504,0,0,0,0,0,1014,0,0,0,0,0,0,0,0,0
2026-04-02 13:02:47.187,1906.193631427,1775106167187,left_insole,左鞋垫,FF:25:02:05:1A:4B,1,0,0,484,0,0,0,0,0,1008,0,0,0,0,0,0,0,0,0
2026-04-02 13:02:47.218,1906.224240156,1775106167218,left_insole,左鞋垫,FF:25:02:05:1A:4B,1,0,0,475,0,0,0,0,0,986,0,0,0,0,0,0,0,0,0
2026-04-02 13:02:47.277,1906.283557,1775106167277,left_insole,左鞋垫,FF:25:02:05:1A:4B,1,0,0,453,0,0,0,0,0,1004,0,0,0,0,0,0,0,0,0
2026-04-02 13:02:47.337,1906.343224173,1775106167337,left_insole,左鞋垫,FF:25:02:05:1A:4B,1,0,0,406,0,0,0,0,0,952,0,0,0,0,0,0,0,0,0
2026-04-02 13:02:47.427,1906.433632349,1775106167427,left_insole,左鞋垫,FF:25:02:05:1A:4B,1,0,0,279,0,0,0,0,0,873,0,0,0,0,0,0,0,0,0
2026-04-02 13:02:47.427,1906.433684756,1775106167427,left_insole,左鞋垫,FF:25:02:05:1A:4B,1,0,0,1095,0,0,0,0,0,1812,0,0,0,0,0,0,0,0,0
2026-04-02 13:02:47.487,1906.493617136,1775106167487,left_insole,左鞋垫,FF:25:02:05:1A:4B,1,0,0,5830,0,0,0,0,0,6098,0,0,0,0,0,0,0,0,0
2026-04-02 13:02:47.547,1906.553614989,1775106167547,left_insole,左鞋垫,FF:25:02:05:1A:4B,1,0,0,10785,0,0,0,0,0,12138,0,1069,0,0,0,869,0,0,0
2026-04-02 13:02:47.637,1906.643609933,1775106167637,left_insole,左鞋垫,FF:25:02:05:1A:4B,1,0,0,10171,0,0,0,0,0,11886,0,2078,0,0,0,6044,688,0,0
2026-04-02 13:02:47.637,1906.643660273,1775106167637,left_insole,左鞋垫,FF:25:02:05:1A:4B,1,0,0,7846,0,0,0,0,0,9380,0,1432,0,0,0,5429,372,0,0
2026-04-02 13:02:47.727,1906.733661136,1775106167727,left_insole,左鞋垫,FF:25:02:05:1A:4B,1,0,0,5626,0,0,0,0,0,6723,0,631,0,0,0,4556,51,0,0
2026-04-02 13:02:47.787,1906.793605668,1775106167787,left_insole,左鞋垫,FF:25:02:05:1A:4B,1,0,0,4939,0,0,0,0,0,5373,0,1171,432,0,0,964,411,0,0
2026-04-02 13:02:47.787,1906.793655196,1775106167787,left_insole,左鞋垫,FF:25:02:05:1A:4B,1,0,0,3938,0,0,1266,1005,124,3874,0,0,2436,1981,0,0,1963,1504,0
2026-04-02 13:02:47.907,1906.913447498,1775106167907,left_insole,左鞋垫,FF:25:02:05:1A:4B,1,0,0,2483,0,0,1806,2774,1660,2881,0,0,2868,3913,0,0,2110,2894,0
2026-04-02 13:02:47.907,1906.913513494,1775106167907,left_insole,左鞋垫,FF:25:02:05:1A:4B,1,0,0,1690,0,0,0,3415,3586,2485,0,0,0,2908,0,0,0,1372,0
2026-04-02 13:02:47.967,1906.973625524,1775106167967,left_insole,左鞋垫,FF:25:02:05:1A:4B,1,0,0,1245,0,0,0,1245,2533,1690,0,0,0,634,0,0,0,0,0
2026-04-02 13:02:47.997,1907.003701276,1775106167997,left_insole,左鞋垫,FF:25:02:05:1A:4B,1,0,0,738,0,0,0,0,0,1207,0,0,0,0,0,0,0,0,0
2026-04-02 13:02:48.057,1907.06358967,1775106168057,left_insole,左鞋垫,FF:25:02:05:1A:4B,1,0,0,595,0,0,0,0,0,1161,0,0,0,0,0,0,0,0,0
2026-04-02 13:02:48.117,1907.123533439,1775106168117,left_insole,左鞋垫,FF:25:02:05:1A:4B,1,0,0,619,0,0,0,0,0,1183,0,0,0,0,0,0,0,0,0
2026-04-02 13:02:48.177,1907.18358346,1775106168177,left_insole,左鞋垫,FF:25:02:05:1A:4B,1,0,0,602,0,0,0,0,0,1165,0,0,0,0,0,0,0,0,0
2026-04-02 13:02:48.207,1907.2135288,1775106168207,left_insole,左鞋垫,FF:25:02:05:1A:4B,1,0,0,574,0,0,0,0,0,1147,0,0,0,0,0,0,0,0,0
2026-04-02 13:02:48.297,1907.303386938,1775106168297,left_insole,左鞋垫,FF:25:02:05:1A:4B,1,0,0,467,0,0,0,0,0,1040,0,0,0,0,0,0,0,0,0
2026-04-02 13:02:48.327,1907.333451831,1775106168327,left_insole,左鞋垫,FF:25:02:05:1A:4B,1,0,0,393,0,0,0,0,0,982,0,0,0,0,0,0,0,0,0
2026-04-02 13:02:48.357,1907.363320481,1775106168357,left_insole,左鞋垫,FF:25:02:05:1A:4B,1,0,0,1293,0,0,0,0,0,2063,0,0,0,0,0,0,0,0,0
2026-04-02 13:02:48.417,1907.423581616,1775106168417,left_insole,左鞋垫,FF:25:02:05:1A:4B,1,0,0,10636,0,0,0,0,0,10984,0,0,0,0,0,0,0,0,0
2026-04-02 13:02:48.477,1907.483511519,1775106168477,left_insole,左鞋垫,FF:25:02:05:1A:4B,1,0,0,11123,0,0,0,0,0,11067,0,0,361,0,0,0,837,0,0
2026-04-02 13:02:48.717,1907.723546865,1775106168717,left_insole,左鞋垫,FF:25:02:05:1A:4B,1,0,0,8143,0,0,0,0,0,9088,0,1955,42,0,0,1964,1062,0,0
2026-04-02 13:02:48.717,1907.723615801,1775106168717,left_insole,左鞋垫,FF:25:02:05:1A:4B,1,0,0,4910,0,0,0,0,0,5797,0,1089,392,0,0,1227,967,399,0
2026-04-02 13:02:48.717,1907.723670265,1775106168717,left_insole,左鞋垫,FF:25:02:05:1A:4B,1,0,0,3871,0,0,0,0,0,4769,0,676,361,424,0,5326,1254,880,0
2026-04-02 13:02:48.749,1907.755060838,1775106168748,left_insole,左鞋垫,FF:25:02:05:1A:4B,1,0,0,3596,0,0,381,381,0,4011,0,0,2211,1984,0,0,2116,2032,0
2026-04-02 13:02:48.749,1907.755845191,1775106168749,left_insole,左鞋垫,FF:25:02:05:1A:4B,1,0,0,3027,356,0,616,1368,318,3480,529,876,2464,3174,0,5817,2606,3019,0
2026-04-02 13:02:48.778,1907.785013419,1775106168778,left_insole,左鞋垫,FF:25:02:05:1A:4B,1,0,0,2149,0,0,369,3431,1599,2867,0,0,1555,5099,0,4873,1608,4118,0
2026-04-02 13:02:48.899,1907.905072536,1775106168898,left_insole,左鞋垫,FF:25:02:05:1A:4B,1,0,0,1387,0,0,0,2102,2854,2151,0,0,0,2462,0,3767,0,1341,0
2026-04-02 13:02:48.928,1907.934100585,1775106168927,left_insole,左鞋垫,FF:25:02:05:1A:4B,1,0,0,1202,0,0,0,467,1393,1582,0,0,0,677,0,0,0,0,0
2026-04-02 13:02:48.957,1907.963851345,1775106168957,left_insole,左鞋垫,FF:25:02:05:1A:4B,1,0,0,491,0,0,0,0,0,1131,0,0,0,0,0,0,0,0,0
2026-04-02 13:02:48.987,1907.993788106,1775106168987,left_insole,左鞋垫,FF:25:02:05:1A:4B,1,0,0,482,0,0,0,0,0,1085,0,0,0,0,0,0,0,0,0
2026-04-02 13:02:49.078,1908.084731291,1775106169078,left_insole,左鞋垫,FF:25:02:05:1A:4B,1,0,0,453,0,0,0,0,0,1108,0,0,0,0,0,0,0,0,0
2026-04-02 13:02:49.140,1908.146653972,1775106169140,left_insole,左鞋垫,FF:25:02:05:1A:4B,1,0,0,467,0,0,0,0,0,1083,0,0,0,0,0,0,0,0,0
2026-04-02 13:02:49.140,1908.146748032,1775106169140,left_insole,左鞋垫,FF:25:02:05:1A:4B,1,0,0,489,0,0,0,0,0,1041,0,0,0,0,0,0,0,0,0
2026-04-02 13:02:49.228,1908.234429521,1775106169228,left_insole,左鞋垫,FF:25:02:05:1A:4B,1,0,0,360,0,0,0,0,0,928,0,0,0,0,0,0,0,0,0
2026-04-02 13:02:49.257,1908.263657731,1775106169257,left_insole,左鞋垫,FF:25:02:05:1A:4B,1,0,0,323,0,0,0,0,0,1162,0,0,0,0,0,0,0,0,0
2026-04-02 13:02:49.317,1908.323340008,1775106169317,left_insole,左鞋垫,FF:25:02:05:1A:4B,1,0,0,8218,0,0,0,0,0,9227,0,0,0,0,0,0,0,0,0
2026-04-02 13:02:49.378,1908.384409508,1775106169378,left_insole,左鞋垫,FF:25:02:05:1A:4B,1,0,0,11754,0,0,0,0,0,12385,0,1729,0,0,0,4833,396,0,0
2026-04-02 13:02:49.439,1908.445831588,1775106169439,left_insole,左鞋垫,FF:25:02:05:1A:4B,1,0,0,11046,0,0,0,0,0,12404,0,2609,0,0,0,6472,1168,0,0
2026-04-02 13:02:49.468,1908.474351748,1775106169468,left_insole,左鞋垫,FF:25:02:05:1A:4B,1,0,0,7916,0,0,0,0,0,8892,0,1854,0,0,0,5622,752,0,0
2026-04-02 13:02:49.528,1908.534281452,1775106169528,left_insole,左鞋垫,FF:25:02:05:1A:4B,1,0,0,4658,0,0,0,0,0,5247,0,975,226,0,0,1077,759,0,0
2026-04-02 13:02:49.561,1908.567350346,1775106169561,left_insole,左鞋垫,FF:25:02:05:1A:4B,1,0,0,3376,0,0,0,0,278,3461,0,1498,1378,0,0,1294,1692,0,0
2026-04-02 13:02:49.650,1908.656350995,1775106169650,left_insole,左鞋垫,FF:25:02:05:1A:4B,1,0,0,2527,0,0,676,1255,513,2904,332,0,3172,3574,0,0,3116,3581,0
2026-04-02 13:02:49.677,1908.683381487,1775106169677,left_insole,左鞋垫,FF:25:02:05:1A:4B,1,0,0,1816,0,0,0,2554,2160,2757,0,0,286,4638,0,4601,1285,3826,0
2026-04-02 13:02:49.737,1908.743306982,1775106169737,left_insole,左鞋垫,FF:25:02:05:1A:4B,1,0,0,1439,0,0,0,2209,3433,2148,0,0,0,2935,0,3720,51,1936,0
2026-04-02 13:02:49.769,1908.775417437,1775106169769,left_insole,左鞋垫,FF:25:02:05:1A:4B,1,0,0,1043,0,0,0,172,1219,1385,0,0,0,265,0,0,0,0,0
2026-04-02 13:02:49.829,1908.835559053,1775106169829,left_insole,左鞋垫,FF:25:02:05:1A:4B,1,0,0,520,0,0,0,0,0,1149,0,0,0,0,0,0,0,0,0
2026-04-02 13:02:49.918,1908.924786732,1775106169918,left_insole,左鞋垫,FF:25:02:05:1A:4B,1,0,0,423,0,0,0,0,0,1119,0,0,0,0,0,0,0,0,0
2026-04-02 13:02:49.919,1908.925414282,1775106169919,left_insole,左鞋垫,FF:25:02:05:1A:4B,1,0,0,398,0,0,0,0,0,1071,0,0,0,0,0,0,0,0,0
2026-04-02 13:02:49.978,1908.984371697,1775106169978,left_insole,左鞋垫,FF:25:02:05:1A:4B,1,0,0,439,0,0,0,0,0,1058,0,0,0,0,0,0,0,0,0
2026-04-02 13:02:50.038,1909.044346063,1775106170038,left_insole,左鞋垫,FF:25:02:05:1A:4B,1,0,0,378,0,0,0,0,0,992,0,0,0,0,0,0,0,0,0
2026-04-02 13:02:50.097,1909.103390984,1775106170097,left_insole,左鞋垫,FF:25:02:05:1A:4B,1,0,0,190,0,0,0,0,0,884,0,0,0,0,0,0,0,0,0
2026-04-02 13:02:50.127,1909.133363966,1775106170127,left_insole,左鞋垫,FF:25:02:05:1A:4B,1,0,0,1295,0,0,0,0,0,2408,0,0,0,0,0,0,0,0,0
2026-04-02 13:02:50.187,1909.193336424,1775106170187,left_insole,左鞋垫,FF:25:02:05:1A:4B,1,0,0,12843,0,0,0,0,0,13351,0,400,0,0,0,94,0,0,0
2026-04-02 13:02:50.247,1909.253413875,1775106170247,left_insole,左鞋垫,FF:25:02:05:1A:4B,1,0,0,11355,0,0,0,0,0,12411,0,1811,0,0,0,5412,805,0,0
2026-04-02 13:02:50.337,1909.343411028,1775106170337,left_insole,左鞋垫,FF:25:02:05:1A:4B,1,0,0,9803,0,0,0,0,0,11287,0,2405,19,0,0,6208,1425,0,0
2026-04-02 13:02:50.337,1909.343518297,1775106170337,left_insole,左鞋垫,FF:25:02:05:1A:4B,1,0,0,5621,0,0,0,0,0,6861,0,1276,61,0,0,5351,1030,0,0
2026-04-02 13:02:50.607,1909.613248158,1775106170607,left_insole,左鞋垫,FF:25:02:05:1A:4B,1,0,0,3440,0,0,0,0,0,4104,0,373,54,225,0,581,732,416,0
2026-04-02 13:02:50.607,1909.613333879,1775106170607,left_insole,左鞋垫,FF:25:02:05:1A:4B,1,0,0,2681,234,0,222,781,172,3117,420,0,2222,2533,0,0,2355,2487,0
2026-04-02 13:02:50.609,1909.6153263,1775106170609,left_insole,左鞋垫,FF:25:02:05:1A:4B,1,0,0,2134,0,0,976,1969,900,2708,67,0,2896,4104,0,0,2673,3522,0
2026-04-02 13:02:50.637,1909.643560107,1775106170637,left_insole,左鞋垫,FF:25:02:05:1A:4B,1,0,0,1524,0,0,0,3010,2716,2406,0,0,0,3830,0,4133,399,2600,0
2026-04-02 13:02:50.637,1909.64364252,1775106170637,left_insole,左鞋垫,FF:25:02:05:1A:4B,1,0,0,1034,0,0,0,1131,2211,1572,0,0,0,1266,0,3270,0,519,0
2026-04-02 13:02:50.667,1909.673576608,1775106170667,left_insole,左鞋垫,FF:25:02:05:1A:4B,1,0,0,516,0,0,0,0,0,916,0,0,0,0,0,0,0,0,0
2026-04-02 13:02:50.697,1909.703530907,1775106170697,left_insole,左鞋垫,FF:25:02:05:1A:4B,1,0,0,208,0,0,0,0,0,946,0,0,0,0,0,0,0,0,0
2026-04-02 13:02:50.757,1909.76355696,1775106170757,left_insole,左鞋垫,FF:25:02:05:1A:4B,1,0,0,218,0,0,0,0,0,926,0,0,0,0,0,0,0,0,0
2026-04-02 13:02:50.848,1909.854167245,1775106170848,left_insole,左鞋垫,FF:25:02:05:1A:4B,1,0,0,161,0,0,0,0,0,922,0,0,0,0,0,0,0,0,0
2026-04-02 13:02:50.879,1909.885877835,1775106170879,left_insole,左鞋垫,FF:25:02:05:1A:4B,1,0,0,184,0,0,0,0,0,825,0,0,0,0,0,0,0,0,0
2026-04-02 13:02:50.908,1909.914338125,1775106170908,left_insole,左鞋垫,FF:25:02:05:1A:4B,1,0,0,148,0,0,0,0,0,778,0,0,0,0,0,0,0,0,0
2026-04-02 13:02:50.967,1909.973238907,1775106170967,left_insole,左鞋垫,FF:25:02:05:1A:4B,1,0,0,61,0,0,0,0,0,645,0,0,0,0,0,0,0,0,0
2026-04-02 13:02:51.088,1910.094219158,1775106171088,left_insole,左鞋垫,FF:25:02:05:1A:4B,1,0,0,2590,0,0,0,0,0,3159,0,0,0,0,0,0,0,0,0
2026-04-02 13:02:51.088,1910.094991698,1775106171088,left_insole,左鞋垫,FF:25:02:05:1A:4B,1,0,0,10586,0,0,0,0,0,10843,0,0,0,0,0,0,0,0,0
2026-04-02 13:02:51.117,1910.123798219,1775106171117,left_insole,左鞋垫,FF:25:02:05:1A:4B,1,0,0,10944,0,0,0,0,0,11882,0,2069,0,0,0,1899,764,0,0
2026-04-02 13:02:51.177,1910.183260151,1775106171177,left_insole,左鞋垫,FF:25:02:05:1A:4B,1,0,0,9328,0,0,0,0,0,10410,0,2179,95,0,0,2043,1047,0,0
2026-04-02 13:02:51.237,1910.243523585,1775106171237,left_insole,左鞋垫,FF:25:02:05:1A:4B,1,0,0,5246,0,0,0,0,0,6310,0,1228,12,0,0,5105,820,0,0
2026-04-02 13:02:51.327,1910.33361255,1775106171327,left_insole,左鞋垫,FF:25:02:05:1A:4B,1,0,0,3441,0,0,0,70,0,3683,0,0,1246,0,0,740,1029,0,0
2026-04-02 13:02:51.327,1910.333661048,1775106171327,left_insole,左鞋垫,FF:25:02:05:1A:4B,1,0,0,2968,516,0,0,253,0,3444,573,205,1032,1464,0,645,1138,1269,0
2026-04-02 13:02:51.417,1910.423410305,1775106171417,left_insole,左鞋垫,FF:25:02:05:1A:4B,1,0,0,2146,0,0,1191,1738,810,2668,67,0,2800,3487,0,0,2195,2752,0
2026-04-02 13:02:51.447,1910.453493825,1775106171447,left_insole,左鞋垫,FF:25:02:05:1A:4B,1,0,0,1534,0,0,0,2896,2446,2505,0,0,0,3765,0,4175,279,2611,0
2026-04-02 13:02:51.477,1910.483517675,1775106171477,left_insole,左鞋垫,FF:25:02:05:1A:4B,1,0,0,1030,0,0,0,1830,3469,1694,0,0,0,1622,0,3376,0,408,0
2026-04-02 13:02:51.537,1910.543350445,1775106171537,left_insole,左鞋垫,FF:25:02:05:1A:4B,1,0,0,720,0,0,0,0,732,1006,0,0,0,0,0,0,0,0,0
2026-04-02 13:02:51.717,1910.723422975,1775106171717,left_insole,左鞋垫,FF:25:02:05:1A:4B,1,0,0,298,0,0,0,0,0,894,0,0,0,0,0,0,0,0,0
2026-04-02 13:02:51.717,1910.723471578,1775106171717,left_insole,左鞋垫,FF:25:02:05:1A:4B,1,0,0,189,0,0,0,0,0,806,0,0,0,0,0,0,0,0,0
2026-04-02 13:02:51.747,1910.753354398,1775106171747,left_insole,左鞋垫,FF:25:02:05:1A:4B,1,0,0,228,0,0,0,0,0,830,0,0,0,0,0,0,0,0,0
2026-04-02 13:02:51.777,1910.783610201,1775106171777,left_insole,左鞋垫,FF:25:02:05:1A:4B,1,0,0,161,0,0,0,0,0,799,0,0,0,0,0,0,0,0,0
2026-04-02 13:02:51.807,1910.813715205,1775106171807,left_insole,左鞋垫,FF:25:02:05:1A:4B,1,0,0,191,0,0,0,0,0,764,0,0,0,0,0,0,0,0,0
2026-04-02 13:02:51.867,1910.873397027,1775106171867,left_insole,左鞋垫,FF:25:02:05:1A:4B,1,0,0,85,0,0,0,0,0,631,0,0,0,0,0,0,0,0,0
2026-04-02 13:02:51.927,1910.933618271,1775106171927,left_insole,左鞋垫,FF:25:02:05:1A:4B,1,0,0,110,0,0,0,0,0,724,0,0,0,0,0,0,0,0,0
2026-04-02 13:02:51.957,1910.963719627,1775106171957,left_insole,左鞋垫,FF:25:02:05:1A:4B,1,0,0,5760,0,0,0,0,0,5848,0,0,0,0,0,0,0,0,0
2026-04-02 13:02:52.017,1911.023482452,1775106172017,left_insole,左鞋垫,FF:25:02:05:1A:4B,1,0,0,11600,0,0,0,0,0,11982,0,841,0,0,0,256,0,0,0
2026-04-02 13:02:52.108,1911.114239982,1775106172108,left_insole,左鞋垫,FF:25:02:05:1A:4B,1,0,0,11303,0,0,0,0,0,12128,0,1793,0,0,0,1784,687,0,0
2026-04-02 13:02:52.108,1911.114318229,1775106172108,left_insole,左鞋垫,FF:25:02:05:1A:4B,1,0,0,8881,0,0,0,0,0,10094,0,1278,0,0,0,1217,507,0,0
2026-04-02 13:02:52.227,1911.233897212,1775106172227,left_insole,左鞋垫,FF:25:02:05:1A:4B,1,0,0,6712,0,0,0,0,0,8088,0,1022,0,0,0,1076,582,0,0
2026-04-02 13:02:52.227,1911.233953659,1775106172227,left_insole,左鞋垫,FF:25:02:05:1A:4B,1,0,0,5215,0,0,0,0,0,6264,0,1110,456,0,0,1053,860,0,0
2026-04-02 13:02:52.407,1911.413492442,1775106172407,left_insole,左鞋垫,FF:25:02:05:1A:4B,1,0,0,4046,0,0,340,0,364,4402,479,518,1790,0,0,1168,1638,0,0
2026-04-02 13:02:52.407,1911.413567537,1775106172407,left_insole,左鞋垫,FF:25:02:05:1A:4B,1,0,0,2630,189,0,2035,0,1775,2667,98,0,4152,3286,0,0,2708,3118,0
2026-04-02 13:02:52.409,1911.415513701,1775106172409,left_insole,左鞋垫,FF:25:02:05:1A:4B,1,0,0,1832,0,0,0,2735,2009,2576,0,0,60,3813,0,4411,424,2792,0
2026-04-02 13:02:52.467,1911.473320493,1775106172467,left_insole,左鞋垫,FF:25:02:05:1A:4B,1,0,0,1325,0,0,0,1734,2840,2143,0,0,0,2070,0,3701,0,1172,0
2026-04-02 13:02:52.467,1911.473412086,1775106172467,left_insole,左鞋垫,FF:25:02:05:1A:4B,1,0,0,966,0,0,0,0,701,1290,0,0,0,0,0,0,0,0,0
2026-04-02 13:02:52.617,1911.623531032,1775106172617,left_insole,左鞋垫,FF:25:02:05:1A:4B,1,0,0,372,0,0,0,0,0,1073,0,0,0,0,0,0,0,0,0
2026-04-02 13:02:52.617,1911.623627578,1775106172617,left_insole,左鞋垫,FF:25:02:05:1A:4B,1,0,0,310,0,0,0,0,0,1021,0,0,0,0,0,0,0,0,0
2026-04-02 13:02:52.767,1911.773487049,1775106172767,left_insole,左鞋垫,FF:25:02:05:1A:4B,1,0,0,252,0,0,0,0,0,932,0,0,0,0,0,0,0,0,0
2026-04-02 13:02:52.767,1911.773598569,1775106172767,left_insole,左鞋垫,FF:25:02:05:1A:4B,1,0,0,241,0,0,0,0,0,894,0,0,0,0,0,0,0,0,0
2026-04-02 13:02:52.767,1911.773648241,1775106172767,left_insole,左鞋垫,FF:25:02:05:1A:4B,1,0,0,264,0,0,0,0,0,844,0,0,0,0,0,0,0,0,0
2026-04-02 13:02:52.827,1911.833303388,1775106172827,left_insole,左鞋垫,FF:25:02:05:1A:4B,1,0,0,208,0,0,0,0,0,750,0,0,0,0,0,0,0,0,0
2026-04-02 13:02:52.857,1911.863588886,1775106172857,left_insole,左鞋垫,FF:25:02:05:1A:4B,1,0,0,214,0,0,0,0,0,791,0,0,0,0,0,0,0,0,0
2026-04-02 13:02:52.917,1911.923482613,1775106172917,left_insole,左鞋垫,FF:25:02:05:1A:4B,1,0,0,4596,0,0,0,0,0,5156,0,0,0,0,0,0,0,0,0
2026-04-02 13:02:52.947,1911.953418346,1775106172947,left_insole,左鞋垫,FF:25:02:05:1A:4B,1,0,0,11392,0,0,0,0,0,11892,0,1237,0,0,0,1059,333,0,0
2026-04-02 13:02:53.187,1912.193408053,1775106173187,left_insole,左鞋垫,FF:25:02:05:1A:4B,1,0,0,9825,0,0,0,0,0,10977,0,2279,0,0,0,2495,1426,0,0
2026-04-02 13:02:53.187,1912.193457844,1775106173187,left_insole,左鞋垫,FF:25:02:05:1A:4B,1,0,0,7477,0,0,0,0,0,8741,0,2456,694,0,0,2669,1690,0,0
2026-04-02 13:02:53.217,1912.223642463,1775106173217,left_insole,左鞋垫,FF:25:02:05:1A:4B,1,0,0,4845,0,0,0,0,0,5823,0,1581,821,0,0,1905,1610,0,0
2026-04-02 13:02:53.517,1912.523356706,1775106173517,left_insole,左鞋垫,FF:25:02:05:1A:4B,1,0,0,3291,1025,0,0,0,183,4141,1370,674,919,0,0,1578,1828,0,0
2026-04-02 13:02:53.517,1912.523485299,1775106173517,left_insole,左鞋垫,FF:25:02:05:1A:4B,1,0,0,2826,802,0,0,0,752,3470,873,886,1528,0,0,1577,2144,0,0
2026-04-02 13:02:53.517,1912.523554539,1775106173517,left_insole,左鞋垫,FF:25:02:05:1A:4B,1,0,0,2432,348,0,0,497,360,3003,440,641,1401,2242,0,1314,2086,2427,0
2026-04-02 13:02:53.577,1912.583540702,1775106173577,left_insole,左鞋垫,FF:25:02:05:1A:4B,1,0,0,1907,0,0,496,1158,933,2270,0,0,2466,3286,0,0,2700,3307,0
2026-04-02 13:02:53.577,1912.58363176,1775106173577,left_insole,左鞋垫,FF:25:02:05:1A:4B,1,0,0,1419,0,0,0,1780,1831,2021,0,0,1242,3476,0,0,1290,2907,0
2026-04-02 13:02:53.667,1912.673490479,1775106173667,left_insole,左鞋垫,FF:25:02:05:1A:4B,1,0,0,891,0,0,0,1708,2062,1796,0,0,0,2437,0,0,0,1698,0
2026-04-02 13:02:53.667,1912.673593505,1775106173667,left_insole,左鞋垫,FF:25:02:05:1A:4B,1,0,0,424,0,0,0,0,696,1140,0,0,0,229,0,912,0,0,0
2026-04-02 13:02:53.669,1912.675378046,1775106173669,left_insole,左鞋垫,FF:25:02:05:1A:4B,1,0,0,101,0,0,0,0,0,816,0,0,0,0,0,0,0,0,0
2026-04-02 13:02:53.697,1912.703587512,1775106173697,left_insole,左鞋垫,FF:25:02:05:1A:4B,1,0,0,32,0,0,0,0,0,656,0,0,0,0,0,0,0,0,0
2026-04-02 13:02:53.697,1912.703689981,1775106173697,left_insole,左鞋垫,FF:25:02:05:1A:4B,1,0,0,67,0,0,0,0,0,631,0,0,0,0,0,0,0,0,0
2026-04-02 13:02:53.727,1912.73332987,1775106173727,left_insole,左鞋垫,FF:25:02:05:1A:4B,1,0,0,101,0,0,0,0,0,585,0,0,0,0,0,0,0,0,0
2026-04-02 13:02:53.817,1912.82359712,1775106173817,left_insole,左鞋垫,FF:25:02:05:1A:4B,1,0,0,152,0,0,0,0,0,615,0,0,0,0,0,0,0,0,0
2026-04-02 13:02:53.817,1912.823690251,1775106173817,left_insole,左鞋垫,FF:25:02:05:1A:4B,1,0,0,184,0,0,0,0,0,585,0,0,0,0,0,0,0,0,0
2026-04-02 13:02:53.877,1912.883355986,1775106173877,left_insole,左鞋垫,FF:25:02:05:1A:4B,1,0,0,140,0,0,0,0,0,501,0,0,0,0,0,0,0,0,0
2026-04-02 13:02:53.937,1912.943557343,1775106173937,left_insole,左鞋垫,FF:25:02:05:1A:4B,1,0,0,0,0,0,0,0,0,522,0,0,0,0,0,0,0,0,0
2026-04-02 13:02:53.997,1913.003395958,1775106173997,left_insole,左鞋垫,FF:25:02:05:1A:4B,1,0,0,2036,0,0,0,0,0,2080,0,0,0,0,0,0,0,0,0
2026-04-02 13:02:54.027,1913.033479824,1775106174027,left_insole,左鞋垫,FF:25:02:05:1A:4B,1,0,0,4862,0,0,0,0,0,5018,0,0,0,0,0,0,0,0,0
2026-04-02 13:02:54.117,1913.123574886,1775106174117,left_insole,左鞋垫,FF:25:02:05:1A:4B,1,0,0,6079,0,0,0,0,0,6891,0,0,0,0,0,0,0,0,0
2026-04-02 13:02:54.147,1913.153542317,1775106174147,left_insole,左鞋垫,FF:25:02:05:1A:4B,1,0,0,7492,0,0,0,0,0,8001,0,821,0,0,0,371,0,0,0
2026-04-02 13:02:54.658,1913.664306221,1775106174658,left_insole,左鞋垫,FF:25:02:05:1A:4B,1,0,0,7804,0,0,0,0,0,8090,0,1229,0,0,0,4625,322,0,0
2026-04-02 13:02:54.837,1913.843211299,1775106174837,left_insole,左鞋垫,FF:25:02:05:1A:4B,1,0,0,7364,0,0,0,0,0,7715,0,1443,0,0,0,4184,632,0,0
2026-04-02 13:02:54.837,1913.843302055,1775106174837,left_insole,左鞋垫,FF:25:02:05:1A:4B,1,0,0,6287,0,0,0,0,11,6704,0,1631,366,0,0,4278,986,0,0
2026-04-02 13:02:54.837,1913.84335142,1775106174837,left_insole,左鞋垫,FF:25:02:05:1A:4B,1,0,0,5684,0,0,0,0,73,6266,0,1847,809,0,0,4814,1356,0,0
2026-04-02 13:02:54.867,1913.873396501,1775106174867,left_insole,左鞋垫,FF:25:02:05:1A:4B,1,0,0,5036,0,0,287,0,201,5574,0,2183,1603,0,0,4559,1716,0,0
2026-04-02 13:02:54.867,1913.87348521,1775106174867,left_insole,左鞋垫,FF:25:02:05:1A:4B,1,0,0,4319,0,0,507,0,300,4819,0,2290,1931,0,0,6161,2044,0,0
2026-04-02 13:02:54.869,1913.875248622,1775106174869,left_insole,左鞋垫,FF:25:02:05:1A:4B,1,0,0,3724,1108,0,626,0,829,4086,1102,1622,2234,0,0,5921,2140,0,0
2026-04-02 13:02:54.930,1913.936684653,1775106174930,left_insole,左鞋垫,FF:25:02:05:1A:4B,1,0,0,2717,156,0,880,1165,492,3188,190,871,2152,2547,0,5314,1883,2150,0
2026-04-02 13:02:54.958,1913.964681624,1775106174958,left_insole,左鞋垫,FF:25:02:05:1A:4B,1,0,0,624,0,0,0,367,1350,1162,0,0,0,110,0,0,0,0,0
2026-04-02 13:02:55.047,1914.053623141,1775106175047,left_insole,左鞋垫,FF:25:02:05:1A:4B,1,0,0,148,0,0,0,0,0,732,0,0,0,0,0,0,0,0,0
2026-04-02 13:02:55.047,1914.05367344,1775106175047,left_insole,左鞋垫,FF:25:02:05:1A:4B,1,0,0,102,0,0,0,0,0,700,0,0,0,0,0,0,0,0,0
2026-04-02 13:02:55.077,1914.083698237,1775106175077,left_insole,左鞋垫,FF:25:02:05:1A:4B,1,0,0,103,0,0,0,0,0,685,0,0,0,0,0,0,0,0,0
2026-04-02 13:02:55.107,1914.113613459,1775106175107,left_insole,左鞋垫,FF:25:02:05:1A:4B,1,0,0,108,0,0,0,0,0,724,0,0,0,0,0,0,0,0,0
2026-04-02 13:02:55.137,1914.143419756,1775106175137,left_insole,左鞋垫,FF:25:02:05:1A:4B,1,0,0,132,0,0,0,0,0,722,0,0,0,0,0,0,0,0,0
2026-04-02 13:02:55.197,1914.203525096,1775106175197,left_insole,左鞋垫,FF:25:02:05:1A:4B,1,0,0,111,0,0,0,0,0,674,0,0,0,0,0,0,0,0,0
2026-04-02 13:02:55.227,1914.233562154,1775106175227,left_insole,左鞋垫,FF:25:02:05:1A:4B,1,0,0,88,0,0,0,0,0,640,0,0,0,0,0,0,0,0,0
2026-04-02 13:02:55.287,1914.29354429,1775106175287,left_insole,左鞋垫,FF:25:02:05:1A:4B,1,0,0,573,0,0,0,0,0,1263,0,0,0,0,0,0,0,0,0
2026-04-02 13:02:55.347,1914.353535438,1775106175347,left_insole,左鞋垫,FF:25:02:05:1A:4B,1,0,0,3521,0,0,0,0,0,3628,0,0,0,0,0,0,0,0,0
2026-04-02 13:02:55.377,1914.383335415,1775106175377,left_insole,左鞋垫,FF:25:02:05:1A:4B,1,0,0,5993,0,0,0,0,0,6986,0,108,0,0,0,0,0,0,0
2026-04-02 13:02:55.437,1914.443539517,1775106175437,left_insole,左鞋垫,FF:25:02:05:1A:4B,1,0,0,7072,0,0,0,0,0,7767,0,954,0,0,0,721,0,0,0
2026-04-02 13:02:55.647,1914.653484122,1775106175647,left_insole,左鞋垫,FF:25:02:05:1A:4B,1,0,0,7341,0,0,0,0,0,7958,0,1189,0,0,0,943,274,0,0
2026-04-02 13:02:55.647,1914.653532236,1775106175647,left_insole,左鞋垫,FF:25:02:05:1A:4B,1,0,0,6622,0,0,0,0,0,7356,0,1708,186,0,0,5487,622,0,0
2026-04-02 13:02:55.649,1914.655528169,1775106175649,left_insole,左鞋垫,FF:25:02:05:1A:4B,1,0,0,5807,0,0,0,0,32,6420,0,1847,655,0,0,4955,727,0,0
2026-04-02 13:02:55.707,1914.713195863,1775106175707,left_insole,左鞋垫,FF:25:02:05:1A:4B,1,0,0,4656,0,0,297,0,334,5234,0,1966,1292,0,0,5114,1080,0,0
2026-04-02 13:02:55.707,1914.713248629,1775106175707,left_insole,左鞋垫,FF:25:02:05:1A:4B,1,0,0,3916,0,48,757,0,745,4414,0,2246,1902,0,0,5532,1429,0,0
2026-04-02 13:02:55.887,1914.893524798,1775106175887,left_insole,左鞋垫,FF:25:02:05:1A:4B,1,0,0,3376,0,53,2321,0,1499,3456,0,0,3384,0,0,0,2388,0,0
2026-04-02 13:02:55.887,1914.893579797,1775106175887,left_insole,左鞋垫,FF:25:02:05:1A:4B,1,0,0,2757,768,0,2031,380,492,3110,392,0,2561,2443,0,0,1743,1707,0
2026-04-02 13:02:55.889,1914.895533683,1775106175889,left_insole,左鞋垫,FF:25:02:05:1A:4B,1,0,0,2145,0,0,1511,1874,1266,2471,0,0,2510,2900,0,0,1475,1756,0
2026-04-02 13:02:55.917,1914.923621684,1775106175917,left_insole,左鞋垫,FF:25:02:05:1A:4B,1,0,0,1549,0,0,650,2461,1896,2014,0,0,1439,3344,0,0,425,1556,0
2026-04-02 13:02:55.977,1914.983494838,1775106175977,left_insole,左鞋垫,FF:25:02:05:1A:4B,1,0,0,983,0,0,0,1674,2291,1844,0,0,0,2176,0,0,0,1132,0
2026-04-02 13:02:56.037,1915.043523586,1775106176037,left_insole,左鞋垫,FF:25:02:05:1A:4B,1,0,0,731,0,0,0,851,2046,1478,0,0,0,1010,0,0,0,143,0
2026-04-02 13:02:56.067,1915.073396624,1775106176067,left_insole,左鞋垫,FF:25:02:05:1A:4B,1,0,0,451,0,0,0,0,496,967,0,0,0,0,0,0,0,0,0
2026-04-02 13:02:56.157,1915.163608228,1775106176157,left_insole,左鞋垫,FF:25:02:05:1A:4B,1,0,0,101,0,0,0,0,0,791,0,0,0,0,0,0,0,0,0
2026-04-02 13:02:56.157,1915.163685604,1775106176157,left_insole,左鞋垫,FF:25:02:05:1A:4B,1,0,0,0,0,0,0,0,0,704,0,0,0,0,0,0,0,0,0
2026-04-02 13:02:56.247,1915.253622347,1775106176247,left_insole,左鞋垫,FF:25:02:05:1A:4B,1,0,0,42,0,0,0,0,0,676,0,0,0,0,0,0,0,0,0
2026-04-02 13:02:56.277,1915.283563441,1775106176277,left_insole,左鞋垫,FF:25:02:05:1A:4B,1,0,0,9,0,0,0,0,0,689,0,0,0,0,0,0,0,0,0
2026-04-02 13:02:56.397,1915.403407242,1775106176397,left_insole,左鞋垫,FF:25:02:05:1A:4B,1,0,0,25,0,0,0,0,0,698,0,0,0,0,0,0,0,0,0
2026-04-02 13:02:56.397,1915.403480051,1775106176397,left_insole,左鞋垫,FF:25:02:05:1A:4B,1,0,0,115,0,0,0,0,0,701,0,0,0,0,0,0,0,0,0
2026-04-02 13:02:56.457,1915.463680416,1775106176457,left_insole,左鞋垫,FF:25:02:05:1A:4B,1,0,0,138,0,0,0,0,0,675,0,0,0,0,0,0,0,0,0
2026-04-02 13:02:56.517,1915.523501596,1775106176517,left_insole,左鞋垫,FF:25:02:05:1A:4B,1,0,0,162,0,0,0,0,0,678,0,0,0,0,0,0,0,0,0
2026-04-02 13:02:56.547,1915.55339195,1775106176547,left_insole,左鞋垫,FF:25:02:05:1A:4B,1,0,0,322,0,0,0,0,0,932,0,0,0,0,0,0,0,0,0
2026-04-02 13:02:56.727,1915.733522394,1775106176727,left_insole,左鞋垫,FF:25:02:05:1A:4B,1,0,0,2353,0,0,0,0,0,2443,0,0,0,0,0,0,0,0,0
2026-04-02 13:02:56.727,1915.733604929,1775106176727,left_insole,左鞋垫,FF:25:02:05:1A:4B,1,0,0,5400,0,0,0,0,0,6242,0,0,0,0,0,0,0,0,0
2026-04-02 13:02:56.729,1915.735514754,1775106176729,left_insole,左鞋垫,FF:25:02:05:1A:4B,1,0,0,6841,0,0,0,0,0,7810,0,813,0,0,0,774,0,0,0
2026-04-02 13:02:56.817,1915.823506033,1775106176817,left_insole,左鞋垫,FF:25:02:05:1A:4B,1,0,0,7775,0,0,0,0,0,8490,0,1473,0,0,0,5556,419,0,0
2026-04-02 13:02:56.907,1915.913522193,1775106176907,left_insole,左鞋垫,FF:25:02:05:1A:4B,1,0,0,7323,0,0,0,0,0,8036,0,1796,251,0,0,5881,884,0,0
2026-04-02 13:02:56.907,1915.913620546,1775106176907,left_insole,左鞋垫,FF:25:02:05:1A:4B,1,0,0,6604,0,0,0,0,0,7312,0,1939,626,0,0,5844,1056,0,0
2026-04-02 13:02:56.909,1915.915570048,1775106176909,left_insole,左鞋垫,FF:25:02:05:1A:4B,1,0,0,5391,0,0,217,0,242,6033,0,2091,1201,0,0,5886,1374,0,0
2026-04-02 13:02:57.117,1916.123283802,1775106177117,left_insole,左鞋垫,FF:25:02:05:1A:4B,1,0,0,4342,0,0,561,0,573,4989,0,2323,1871,0,0,5968,1678,0,0
2026-04-02 13:02:57.238,1916.244280902,1775106177238,left_insole,左鞋垫,FF:25:02:05:1A:4B,1,0,0,3573,0,11,904,0,941,4024,0,2298,2272,0,0,5883,1987,0,0
2026-04-02 13:02:57.238,1916.244369576,1775106177238,left_insole,左鞋垫,FF:25:02:05:1A:4B,1,0,0,2793,0,0,2372,1395,382,3156,0,0,3220,3026,0,0,2429,2429,0
2026-04-02 13:02:57.238,1916.24442133,1775106177238,left_insole,左鞋垫,FF:25:02:05:1A:4B,1,0,0,2541,16,0,581,833,418,3302,438,875,1993,2335,0,4174,1784,1916,0
2026-04-02 13:02:57.267,1916.273572263,1775106177267,left_insole,左鞋垫,FF:25:02:05:1A:4B,1,0,0,2141,0,0,926,1818,1159,2763,0,398,1993,2912,0,635,1424,2139,0
2026-04-02 13:02:57.267,1916.273665643,1775106177267,left_insole,左鞋垫,FF:25:02:05:1A:4B,1,0,0,1539,0,0,253,2490,1950,2315,0,0,437,3070,0,0,321,1963,0
2026-04-02 13:02:57.297,1916.303521037,1775106177297,left_insole,左鞋垫,FF:25:02:05:1A:4B,1,0,0,976,0,0,0,1935,2669,1833,0,0,0,1675,0,0,0,452,0
2026-04-02 13:02:57.417,1916.423526404,1775106177417,left_insole,左鞋垫,FF:25:02:05:1A:4B,1,0,0,754,0,0,0,766,1560,1248,0,0,0,457,0,3122,0,0,0
2026-04-02 13:02:57.417,1916.423578959,1775106177417,left_insole,左鞋垫,FF:25:02:05:1A:4B,1,0,0,491,0,0,0,0,186,887,0,0,0,0,0,0,0,0,0
2026-04-02 13:02:57.567,1916.573544403,1775106177567,left_insole,左鞋垫,FF:25:02:05:1A:4B,1,0,0,107,0,0,0,0,0,807,0,0,0,0,0,0,0,0,0
2026-04-02 13:02:57.567,1916.573596139,1775106177567,left_insole,左鞋垫,FF:25:02:05:1A:4B,1,0,0,49,0,0,0,0,0,773,0,0,0,0,0,0,0,0,0
2026-04-02 13:02:57.569,1916.575533487,1775106177569,left_insole,左鞋垫,FF:25:02:05:1A:4B,1,0,0,138,0,0,0,0,0,724,0,0,0,0,0,0,0,0,0
2026-04-02 13:02:57.627,1916.633532493,1775106177627,left_insole,左鞋垫,FF:25:02:05:1A:4B,1,0,0,218,0,0,0,0,0,701,0,0,0,0,0,0,0,0,0
2026-04-02 13:02:57.627,1916.633584152,1775106177627,left_insole,左鞋垫,FF:25:02:05:1A:4B,1,0,0,193,0,0,0,0,0,667,0,0,0,0,0,0,0,0,0
2026-04-02 13:02:57.717,1916.723368735,1775106177717,left_insole,左鞋垫,FF:25:02:05:1A:4B,1,0,0,160,0,0,0,0,0,679,0,0,0,0,0,0,0,0,0
2026-04-02 13:02:57.717,1916.723446625,1775106177717,left_insole,左鞋垫,FF:25:02:05:1A:4B,1,0,0,164,0,0,0,0,0,608,0,0,0,0,0,0,0,0,0
2026-04-02 13:02:57.809,1916.815343212,1775106177809,left_insole,左鞋垫,FF:25:02:05:1A:4B,1,0,0,134,0,0,0,0,0,622,0,0,0,0,0,0,0,0,0
2026-04-02 13:02:57.897,1916.903495918,1775106177897,left_insole,左鞋垫,FF:25:02:05:1A:4B,1,0,0,1747,0,0,0,0,0,2011,0,0,0,0,0,0,0,0,0
2026-04-02 13:02:57.897,1916.903553447,1775106177897,left_insole,左鞋垫,FF:25:02:05:1A:4B,1,0,0,4833,0,0,0,0,0,5123,0,0,0,0,0,0,0,0,0
2026-04-02 13:02:57.927,1916.93329868,1775106177927,left_insole,左鞋垫,FF:25:02:05:1A:4B,1,0,0,6691,0,0,0,0,0,7690,0,232,0,0,0,201,0,0,0
2026-04-02 13:02:58.107,1917.113595978,1775106178107,left_insole,左鞋垫,FF:25:02:05:1A:4B,1,0,0,7458,0,0,0,0,0,8597,0,1500,0,0,0,5787,538,0,0
2026-04-02 13:02:58.107,1917.113659994,1775106178107,left_insole,左鞋垫,FF:25:02:05:1A:4B,1,0,0,7045,0,0,0,0,0,8134,0,1981,135,0,0,6254,1124,0,0
2026-04-02 13:02:58.109,1917.115646195,1775106178109,left_insole,左鞋垫,FF:25:02:05:1A:4B,1,0,0,6036,0,0,0,0,0,7185,0,2233,962,0,0,6270,1512,0,0
2026-04-02 13:02:58.197,1917.203659966,1775106178197,left_insole,左鞋垫,FF:25:02:05:1A:4B,1,0,0,5161,0,0,0,0,51,6125,0,2289,1521,0,0,6156,1563,0,0
2026-04-02 13:02:58.317,1917.323533375,1775106178317,left_insole,左鞋垫,FF:25:02:05:1A:4B,1,0,0,4577,0,0,296,0,246,5563,0,2251,1773,0,0,6049,1643,0,0
2026-04-02 13:02:58.317,1917.323587347,1775106178317,left_insole,左鞋垫,FF:25:02:05:1A:4B,1,0,0,4122,0,64,640,0,713,4848,0,2315,1980,0,0,5805,1603,0,0
2026-04-02 13:02:58.319,1917.325522533,1775106178319,left_insole,左鞋垫,FF:25:02:05:1A:4B,1,0,0,3309,0,0,1153,0,1201,3877,0,2028,2335,0,0,1435,1576,0,0
2026-04-02 13:02:58.377,1917.383541302,1775106178377,left_insole,左鞋垫,FF:25:02:05:1A:4B,1,0,0,2645,268,0,798,1095,565,3334,291,752,1867,2356,0,817,1353,1670,0
2026-04-02 13:02:58.407,1917.413327058,1775106178407,left_insole,左鞋垫,FF:25:02:05:1A:4B,1,0,0,1822,0,0,1140,2374,1153,2497,0,0,2845,4032,0,0,2041,3079,0
2026-04-02 13:02:58.467,1917.473452349,1775106178467,left_insole,左鞋垫,FF:25:02:05:1A:4B,1,0,0,1276,0,0,0,2690,1870,2342,0,0,101,3937,0,4338,414,2890,0
2026-04-02 13:02:58.497,1917.503606152,1775106178497,left_insole,左鞋垫,FF:25:02:05:1A:4B,1,0,0,977,0,0,0,2164,2152,1950,0,0,0,2573,0,0,0,1373,0
2026-04-02 13:02:58.617,1917.623540017,1775106178617,left_insole,左鞋垫,FF:25:02:05:1A:4B,1,0,0,728,0,0,0,704,1102,1281,0,0,0,432,0,0,0,0,0
2026-04-02 13:02:58.617,1917.623617556,1775106178617,left_insole,左鞋垫,FF:25:02:05:1A:4B,1,0,0,309,0,0,0,0,0,848,0,0,0,0,0,0,0,0,0
2026-04-02 13:02:58.677,1917.683500244,1775106178677,left_insole,左鞋垫,FF:25:02:05:1A:4B,1,0,0,111,0,0,0,0,0,857,0,0,0,0,0,0,0,0,0
2026-04-02 13:02:58.767,1917.773622333,1775106178767,left_insole,左鞋垫,FF:25:02:05:1A:4B,1,0,0,126,0,0,0,0,0,793,0,0,0,0,0,0,0,0,0
2026-04-02 13:02:58.767,1917.773725932,1775106178767,left_insole,左鞋垫,FF:25:02:05:1A:4B,1,0,0,114,0,0,0,0,0,771,0,0,0,0,0,0,0,0,0
2026-04-02 13:02:58.857,1917.863299652,1775106178857,left_insole,左鞋垫,FF:25:02:05:1A:4B,1,0,0,114,0,0,0,0,0,748,0,0,0,0,0,0,0,0,0
2026-04-02 13:02:58.918,1917.924644287,1775106178918,left_insole,左鞋垫,FF:25:02:05:1A:4B,1,0,0,135,0,0,0,0,0,777,0,0,0,0,0,0,0,0,0
2026-04-02 13:02:58.919,1917.925181826,1775106178919,left_insole,左鞋垫,FF:25:02:05:1A:4B,1,0,0,105,0,0,0,0,0,759,0,0,0,0,0,0,0,0,0
2026-04-02 13:02:58.977,1917.983210149,1775106178977,left_insole,左鞋垫,FF:25:02:05:1A:4B,1,0,0,94,0,0,0,0,0,681,0,0,0,0,0,0,0,0,0
2026-04-02 13:02:59.038,1918.044627476,1775106179038,left_insole,左鞋垫,FF:25:02:05:1A:4B,1,0,0,64,0,0,0,0,0,674,0,0,0,0,0,0,0,0,0
2026-04-02 13:02:59.098,1918.10420341,1775106179098,left_insole,左鞋垫,FF:25:02:05:1A:4B,1,0,0,1919,0,0,0,0,0,2406,0,0,0,0,0,0,0,0,0
2026-04-02 13:02:59.127,1918.133594426,1775106179127,left_insole,左鞋垫,FF:25:02:05:1A:4B,1,0,0,5584,0,0,0,0,0,6923,0,0,0,0,0,0,0,0,0
2026-04-02 13:02:59.187,1918.193522237,1775106179187,left_insole,左鞋垫,FF:25:02:05:1A:4B,1,0,0,7052,0,0,0,0,0,8714,0,1065,0,0,0,5312,379,0,0
2026-04-02 13:02:59.247,1918.253530154,1775106179247,left_insole,左鞋垫,FF:25:02:05:1A:4B,1,0,0,7087,0,0,0,0,0,8577,0,1749,0,0,0,6262,1291,0,0
2026-04-02 13:02:59.277,1918.283538081,1775106179277,left_insole,左鞋垫,FF:25:02:05:1A:4B,1,0,0,6529,0,0,0,0,0,8046,0,1917,294,0,0,6467,1508,0,0
2026-04-02 13:02:59.337,1918.343281778,1775106179337,left_insole,左鞋垫,FF:25:02:05:1A:4B,1,0,0,5390,0,0,0,0,0,6860,0,2267,1080,0,0,6837,2125,0,0
2026-04-02 13:02:59.517,1918.523585157,1775106179517,left_insole,左鞋垫,FF:25:02:05:1A:4B,1,0,0,4175,0,0,0,0,44,5476,0,2434,1761,0,0,2992,2678,0,0
2026-04-02 13:02:59.517,1918.523681518,1775106179517,left_insole,左鞋垫,FF:25:02:05:1A:4B,1,0,0,3483,0,0,0,177,0,4653,0,1785,1612,1772,26,2762,2737,0,0
2026-04-02 13:02:59.517,1918.523750969,1775106179517,left_insole,左鞋垫,FF:25:02:05:1A:4B,1,0,0,2700,0,0,570,0,785,3711,0,1010,4146,0,242,0,3335,0,66
2026-04-02 13:02:59.547,1918.553347039,1775106179547,left_insole,左鞋垫,FF:25:02:05:1A:4B,1,0,0,2426,421,0,508,1135,58,3224,910,0,2705,2998,0,0,2858,3031,0
2026-04-02 13:02:59.667,1918.673522362,1775106179667,left_insole,左鞋垫,FF:25:02:05:1A:4B,1,0,0,2130,226,0,794,1424,428,2924,660,0,2897,3150,0,0,2726,3060,0
2026-04-02 13:02:59.667,1918.673596152,1775106179667,left_insole,左鞋垫,FF:25:02:05:1A:4B,1,0,0,1825,0,0,1050,1748,922,2488,220,0,2712,3372,0,0,2395,3137,0
2026-04-02 13:02:59.727,1918.733542044,1775106179727,left_insole,左鞋垫,FF:25:02:05:1A:4B,1,0,0,1416,0,0,1047,2181,1570,2143,0,0,2366,3676,0,0,1837,3200,0
2026-04-02 13:02:59.757,1918.763591576,1775106179757,left_insole,左鞋垫,FF:25:02:05:1A:4B,1,0,0,1157,0,0,208,2606,2349,2135,0,0,400,3309,0,0,363,2341,0
2026-04-02 13:02:59.817,1918.823338704,1775106179817,left_insole,左鞋垫,FF:25:02:05:1A:4B,1,0,0,885,0,0,0,2280,3073,1673,0,0,0,2238,0,0,0,1197,0
2026-04-02 13:02:59.907,1918.913415452,1775106179907,left_insole,左鞋垫,FF:25:02:05:1A:4B,1,0,0,658,0,0,0,1378,2791,1334,0,0,0,1204,0,0,0,218,0
2026-04-02 13:02:59.907,1918.913468506,1775106179907,left_insole,左鞋垫,FF:25:02:05:1A:4B,1,0,0,373,0,0,0,7,945,823,0,0,0,0,0,0,0,0,0
2026-04-02 13:02:59.997,1919.003611165,1775106179997,left_insole,左鞋垫,FF:25:02:05:1A:4B,1,0,0,112,0,0,0,0,0,696,0,0,0,0,0,0,0,0,0
2026-04-02 13:03:00.027,1919.033433165,1775106180027,left_insole,左鞋垫,FF:25:02:05:1A:4B,1,0,0,18,0,0,0,0,0,611,0,0,0,0,0,0,0,0,0
2026-04-02 13:03:00.057,1919.063561776,1775106180057,left_insole,左鞋垫,FF:25:02:05:1A:4B,1,0,0,45,0,0,0,0,0,602,0,0,0,0,0,0,0,0,0
2026-04-02 13:03:00.117,1919.123625833,1775106180117,left_insole,左鞋垫,FF:25:02:05:1A:4B,1,0,0,47,0,0,0,0,0,623,0,0,0,0,0,0,0,0,0
2026-04-02 13:03:00.207,1919.21360491,1775106180207,left_insole,左鞋垫,FF:25:02:05:1A:4B,1,0,0,45,0,0,0,0,0,614,0,0,0,0,0,0,0,0,0
2026-04-02 13:03:00.267,1919.273496638,1775106180267,left_insole,左鞋垫,FF:25:02:05:1A:4B,1,0,0,35,0,0,0,0,0,624,0,0,0,0,0,0,0,0,0
2026-04-02 13:03:00.297,1919.30363502,1775106180297,left_insole,左鞋垫,FF:25:02:05:1A:4B,1,0,0,32,0,0,0,0,0,620,0,0,0,0,0,0,0,0,0
2026-04-02 13:03:00.327,1919.333626792,1775106180327,left_insole,左鞋垫,FF:25:02:05:1A:4B,1,0,0,42,0,0,0,0,0,634,0,0,0,0,0,0,0,0,0
2026-04-02 13:03:00.417,1919.423609224,1775106180417,left_insole,左鞋垫,FF:25:02:05:1A:4B,1,0,0,9,0,0,0,0,0,623,0,0,0,0,0,0,0,0,0
2026-04-02 13:03:00.477,1919.483636929,1775106180477,left_insole,左鞋垫,FF:25:02:05:1A:4B,1,0,0,23,0,0,0,0,0,602,0,0,0,0,0,0,0,0,0
2026-04-02 13:03:00.507,1919.513253404,1775106180507,left_insole,左鞋垫,FF:25:02:05:1A:4B,1,0,0,0,0,0,0,0,0,617,0,0,0,0,0,0,0,0,0
2026-04-02 13:03:00.537,1919.543635157,1775106180537,left_insole,左鞋垫,FF:25:02:05:1A:4B,1,0,0,562,0,0,0,0,0,1303,0,0,0,0,0,0,0,0,0
2026-04-02 13:03:00.657,1919.663655525,1775106180657,left_insole,左鞋垫,FF:25:02:05:1A:4B,1,0,0,3683,0,0,0,0,0,4028,0,0,0,0,0,0,0,0,0
2026-04-02 13:03:00.657,1919.663706847,1775106180657,left_insole,左鞋垫,FF:25:02:05:1A:4B,1,0,0,6657,0,0,0,0,0,8472,0,0,0,0,0,0,0,0,0
2026-04-02 13:03:00.687,1919.693565941,1775106180687,left_insole,左鞋垫,FF:25:02:05:1A:4B,1,0,0,7431,0,0,0,0,0,9257,0,467,0,0,0,3535,0,0,0
2026-04-02 13:03:00.777,1919.783534381,1775106180777,left_insole,左鞋垫,FF:25:02:05:1A:4B,1,0,0,7825,0,0,0,0,0,9525,0,1188,0,0,0,6015,654,0,0
2026-04-02 13:03:00.807,1919.813465264,1775106180807,left_insole,左鞋垫,FF:25:02:05:1A:4B,1,0,0,7892,0,0,0,0,0,9576,0,1475,0,0,0,6064,984,0,0
2026-04-02 13:03:00.837,1919.843366932,1775106180837,left_insole,左鞋垫,FF:25:02:05:1A:4B,1,0,0,8297,0,0,0,0,0,9746,0,1715,370,0,0,6295,1229,0,0
2026-04-02 13:03:00.927,1919.93357608,1775106180927,left_insole,左鞋垫,FF:25:02:05:1A:4B,1,0,0,7768,0,0,0,0,0,9069,0,1614,717,0,0,5612,1114,0,0
2026-04-02 13:03:00.987,1919.993569576,1775106180987,left_insole,左鞋垫,FF:25:02:05:1A:4B,1,0,0,7373,0,0,132,0,158,8526,0,1644,912,0,0,5803,1108,0,0
2026-04-02 13:03:01.047,1920.053620869,1775106181047,left_insole,左鞋垫,FF:25:02:05:1A:4B,1,0,0,6430,0,0,382,0,357,7529,0,1637,1152,0,0,5705,1209,0,0
2026-04-02 13:03:01.047,1920.053671975,1775106181047,left_insole,左鞋垫,FF:25:02:05:1A:4B,1,0,0,5965,0,0,558,0,633,6888,0,1888,1626,0,0,5889,1487,0,0
2026-04-02 13:03:01.138,1920.1446276,1775106181138,left_insole,左鞋垫,FF:25:02:05:1A:4B,1,0,0,5382,0,0,840,0,790,6172,0,2259,2115,0,0,6215,1769,0,0
2026-04-02 13:03:01.167,1920.173620134,1775106181167,left_insole,左鞋垫,FF:25:02:05:1A:4B,1,0,0,4551,0,0,1208,0,1121,5192,0,2302,2355,0,0,6160,2044,0,0
2026-04-02 13:03:01.257,1920.26361157,1775106181257,left_insole,左鞋垫,FF:25:02:05:1A:4B,1,0,0,3964,0,0,1288,0,1449,4594,0,2273,2403,1107,0,5782,1624,1729,0
2026-04-02 13:03:01.257,1920.263663189,1775106181257,left_insole,左鞋垫,FF:25:02:05:1A:4B,1,0,0,3506,0,61,1446,0,1758,3973,0,2131,2633,0,0,5878,2091,0,0
2026-04-02 13:03:01.317,1920.32331128,1775106181317,left_insole,左鞋垫,FF:25:02:05:1A:4B,1,0,0,3044,0,0,2749,0,2294,3200,0,0,3864,0,486,0,2714,0,55
2026-04-02 13:03:01.407,1920.41362539,1775106181407,left_insole,左鞋垫,FF:25:02:05:1A:4B,1,0,0,2651,0,0,1693,0,2178,3066,0,1880,2734,0,157,5266,1964,0,0
2026-04-02 13:03:01.467,1920.473492166,1775106181467,left_insole,左鞋垫,FF:25:02:05:1A:4B,1,0,0,2446,80,0,1762,2170,1210,2800,232,0,3053,3053,0,0,1925,2271,0
2026-04-02 13:03:01.467,1920.473562563,1775106181467,left_insole,左鞋垫,FF:25:02:05:1A:4B,1,0,0,1929,0,0,1771,2506,1679,2376,0,0,2917,3458,0,0,1889,2649,0
2026-04-02 13:03:01.527,1920.53362104,1775106181527,left_insole,左鞋垫,FF:25:02:05:1A:4B,1,0,0,1696,0,0,1512,2827,2235,2156,0,0,2327,3663,0,0,1455,2408,0
2026-04-02 13:03:01.617,1920.623679287,1775106181617,left_insole,左鞋垫,FF:25:02:05:1A:4B,1,0,0,1386,0,0,748,2898,2741,1799,0,0,965,3076,0,0,270,1517,0
2026-04-02 13:03:01.617,1920.623730926,1775106181617,left_insole,左鞋垫,FF:25:02:05:1A:4B,1,0,0,1117,0,0,0,1913,2949,1696,0,0,0,1335,0,0,0,0,0
2026-04-02 13:03:01.677,1920.683427621,1775106181677,left_insole,左鞋垫,FF:25:02:05:1A:4B,1,0,0,834,0,0,0,822,2415,1303,0,0,0,346,0,0,0,0,0
2026-04-02 13:03:01.738,1920.744636626,1775106181738,left_insole,左鞋垫,FF:25:02:05:1A:4B,1,0,0,486,0,0,0,0,831,892,0,0,0,0,0,0,0,0,0
2026-04-02 13:03:01.827,1920.83351673,1775106181827,left_insole,左鞋垫,FF:25:02:05:1A:4B,1,0,0,340,0,0,0,0,0,790,0,0,0,0,0,0,0,0,0
2026-04-02 13:03:01.827,1920.833568815,1775106181827,left_insole,左鞋垫,FF:25:02:05:1A:4B,1,0,0,164,0,0,0,0,0,722,0,0,0,0,0,0,0,0,0
2026-04-02 13:03:01.917,1920.92356514,1775106181917,left_insole,左鞋垫,FF:25:02:05:1A:4B,1,0,0,28,0,0,0,0,0,660,0,0,0,0,0,0,0,0,0
2026-04-02 13:03:01.947,1920.953675141,1775106181947,left_insole,左鞋垫,FF:25:02:05:1A:4B,1,0,0,57,0,0,0,0,0,620,0,0,0,0,0,0,0,0,0
2026-04-02 13:03:02.007,1921.013289672,1775106182007,left_insole,左鞋垫,FF:25:02:05:1A:4B,1,0,0,88,0,0,0,0,0,607,0,0,0,0,0,0,0,0,0
2026-04-02 13:03:02.037,1921.043579715,1775106182037,left_insole,左鞋垫,FF:25:02:05:1A:4B,1,0,0,90,0,0,0,0,0,609,0,0,0,0,0,0,0,0,0
2026-04-02 13:03:02.097,1921.103447716,1775106182097,left_insole,左鞋垫,FF:25:02:05:1A:4B,1,0,0,71,0,0,0,0,0,634,0,0,0,0,0,0,0,0,0
2026-04-02 13:03:02.157,1921.163669006,1775106182157,left_insole,左鞋垫,FF:25:02:05:1A:4B,1,0,0,90,0,0,0,0,0,634,0,0,0,0,0,0,0,0,0
2026-04-02 13:03:02.217,1921.223300578,1775106182217,left_insole,左鞋垫,FF:25:02:05:1A:4B,1,0,0,77,0,0,0,0,0,647,0,0,0,0,0,0,0,0,0
2026-04-02 13:03:02.277,1921.283622605,1775106182277,left_insole,左鞋垫,FF:25:02:05:1A:4B,1,0,0,100,0,0,0,0,0,598,0,0,0,0,0,0,0,0,0
2026-04-02 13:03:02.307,1921.313592795,1775106182307,left_insole,左鞋垫,FF:25:02:05:1A:4B,1,0,0,92,0,0,0,0,0,613,0,0,0,0,0,0,0,0,0
2026-04-02 13:03:02.367,1921.373657872,1775106182367,left_insole,左鞋垫,FF:25:02:05:1A:4B,1,0,0,49,0,0,0,0,0,625,0,0,0,0,0,0,0,0,0
2026-04-02 13:03:02.398,1921.404760171,1775106182398,left_insole,左鞋垫,FF:25:02:05:1A:4B,1,0,0,71,0,0,0,0,0,647,0,0,0,0,0,0,0,0,0
2026-04-02 13:03:02.460,1921.466072051,1775106182459,left_insole,左鞋垫,FF:25:02:05:1A:4B,1,0,0,85,0,0,0,0,0,652,0,0,0,0,0,0,0,0,0
2026-04-02 13:03:02.517,1921.523395514,1775106182517,left_insole,左鞋垫,FF:25:02:05:1A:4B,1,0,0,76,0,0,0,0,0,652,0,0,0,0,0,0,0,0,0
2026-04-02 13:03:02.577,1921.584078509,1775106182577,left_insole,左鞋垫,FF:25:02:05:1A:4B,1,0,0,122,0,0,0,0,0,677,0,0,0,0,0,0,0,0,0
2026-04-02 13:03:02.607,1921.613673513,1775106182607,left_insole,左鞋垫,FF:25:02:05:1A:4B,1,0,0,145,0,0,0,0,0,711,0,0,0,0,0,0,0,0,0
2026-04-02 13:03:02.667,1921.673625678,1775106182667,left_insole,左鞋垫,FF:25:02:05:1A:4B,1,0,0,188,0,0,0,0,0,725,0,0,0,0,0,0,0,0,0
2026-04-02 13:03:02.727,1921.73365385,1775106182727,left_insole,左鞋垫,FF:25:02:05:1A:4B,1,0,0,1904,0,0,0,0,0,2129,0,0,0,0,0,0,0,0,0
2026-04-02 13:03:02.787,1921.793669163,1775106182787,left_insole,左鞋垫,FF:25:02:05:1A:4B,1,0,0,3657,0,0,0,0,0,4122,0,0,0,0,0,0,0,0,0
2026-04-02 13:03:02.818,1921.824275798,1775106182818,left_insole,左鞋垫,FF:25:02:05:1A:4B,1,0,0,5233,0,0,0,0,0,6553,0,0,0,0,0,0,0,0,0
2026-04-02 13:03:02.877,1921.883684077,1775106182877,left_insole,左鞋垫,FF:25:02:05:1A:4B,1,0,0,6206,0,0,0,0,0,7361,0,0,0,0,0,0,0,0,0
2026-04-02 13:03:02.938,1921.944348938,1775106182938,left_insole,左鞋垫,FF:25:02:05:1A:4B,1,0,0,7118,0,0,0,0,0,8163,0,463,0,0,0,30,0,0,0
2026-04-02 13:03:03.027,1922.033521302,1775106183027,left_insole,左鞋垫,FF:25:02:05:1A:4B,1,0,0,7734,0,0,0,0,0,8652,0,893,0,0,0,612,0,0,0
2026-04-02 13:03:03.027,1922.033621268,1775106183027,left_insole,左鞋垫,FF:25:02:05:1A:4B,1,0,0,8363,0,0,0,0,0,9156,0,1384,0,0,0,5067,0,0,0
2026-04-02 13:03:03.087,1922.093621377,1775106183087,left_insole,左鞋垫,FF:25:02:05:1A:4B,1,0,0,8192,0,0,0,0,0,8836,0,1655,0,0,0,5254,118,0,0
2026-04-02 13:03:03.147,1922.153682612,1775106183147,left_insole,左鞋垫,FF:25:02:05:1A:4B,1,0,0,7195,0,50,0,0,126,7663,0,1912,295,0,0,5308,400,0,0
2026-04-02 13:03:03.177,1922.183335112,1775106183177,left_insole,左鞋垫,FF:25:02:05:1A:4B,1,0,0,6095,0,219,371,0,624,6603,0,2093,938,0,0,5455,710,0,0
2026-04-02 13:03:03.327,1922.333649208,1775106183327,left_insole,左鞋垫,FF:25:02:05:1A:4B,1,0,0,5539,0,418,709,0,1001,5961,0,2363,1427,0,0,5620,990,0,0
2026-04-02 13:03:03.327,1922.333742717,1775106183327,left_insole,左鞋垫,FF:25:02:05:1A:4B,1,0,0,5227,0,535,826,0,1118,5681,0,2558,1723,0,0,5700,1183,0,0
2026-04-02 13:03:03.447,1922.45362179,1775106183447,left_insole,左鞋垫,FF:25:02:05:1A:4B,1,0,0,5201,0,615,958,0,1085,5592,0,2647,1888,0,0,5785,1261,0,0
2026-04-02 13:03:03.477,1922.483624229,1775106183477,left_insole,左鞋垫,FF:25:02:05:1A:4B,1,0,0,4844,0,787,1129,0,1079,5091,0,2864,2261,0,0,6039,1638,0,0
2026-04-02 13:03:03.477,1922.483715706,1775106183477,left_insole,左鞋垫,FF:25:02:05:1A:4B,1,0,0,4413,0,831,1287,0,1173,4715,0,2948,2425,0,0,6080,1778,0,0
2026-04-02 13:03:03.508,1922.514915043,1775106183508,left_insole,左鞋垫,FF:25:02:05:1A:4B,1,0,0,3767,0,0,3061,0,1952,3743,0,0,4127,0,176,0,2903,0,0
2026-04-02 13:03:03.597,1922.603612521,1775106183597,left_insole,左鞋垫,FF:25:02:05:1A:4B,1,0,0,3352,1146,0,1276,0,1785,3686,869,1830,2431,0,0,0,3325,0,10
2026-04-02 13:03:03.597,1922.603665083,1775106183597,left_insole,左鞋垫,FF:25:02:05:1A:4B,1,0,0,2697,475,0,1763,1724,1224,2982,397,0,3156,3062,0,0,2184,2208,0
2026-04-02 13:03:03.657,1922.663543468,1775106183657,left_insole,左鞋垫,FF:25:02:05:1A:4B,1,0,0,2215,0,0,1510,1980,1667,2516,17,0,2582,3080,0,0,1601,1872,0
2026-04-02 13:03:03.778,1922.784518421,1775106183778,left_insole,左鞋垫,FF:25:02:05:1A:4B,1,0,0,1860,0,0,877,2079,2027,2172,0,0,1698,2978,0,0,1147,1741,0
2026-04-02 13:03:03.807,1922.813564698,1775106183807,left_insole,左鞋垫,FF:25:02:05:1A:4B,1,0,0,1362,0,0,0,1350,2171,2087,0,0,0,2223,0,0,122,1206,0
2026-04-02 13:03:03.837,1922.843531787,1775106183837,left_insole,左鞋垫,FF:25:02:05:1A:4B,1,0,0,1032,0,0,0,385,2036,1624,0,0,0,1221,0,0,0,750,0
2026-04-02 13:03:03.867,1922.873313714,1775106183867,left_insole,左鞋垫,FF:25:02:05:1A:4B,1,0,0,632,0,0,0,0,1369,1202,0,0,0,154,0,0,0,0,0
2026-04-02 13:03:03.927,1922.933588269,1775106183927,left_insole,左鞋垫,FF:25:02:05:1A:4B,1,0,0,452,0,0,0,0,452,965,0,0,0,0,0,0,0,0,0
2026-04-02 13:03:03.957,1922.963536382,1775106183957,left_insole,左鞋垫,FF:25:02:05:1A:4B,1,0,0,292,0,0,0,0,0,907,0,0,0,0,0,0,0,0,0
2026-04-02 13:03:04.017,1923.02353165,1775106184017,left_insole,左鞋垫,FF:25:02:05:1A:4B,1,0,0,192,0,0,0,0,0,818,0,0,0,0,0,0,0,0,0
2026-04-02 13:03:04.077,1923.083559299,1775106184077,left_insole,左鞋垫,FF:25:02:05:1A:4B,1,0,0,162,0,0,0,0,0,754,0,0,0,0,0,0,0,0,0
2026-04-02 13:03:04.137,1923.143594992,1775106184137,left_insole,左鞋垫,FF:25:02:05:1A:4B,1,0,0,147,0,0,0,0,0,748,0,0,0,0,0,0,0,0,0
2026-04-02 13:03:04.167,1923.173584965,1775106184167,left_insole,左鞋垫,FF:25:02:05:1A:4B,1,0,0,274,0,0,0,0,0,749,0,0,0,0,0,0,0,0,0
2026-04-02 13:03:04.288,1923.294564014,1775106184288,left_insole,左鞋垫,FF:25:02:05:1A:4B,1,0,0,285,0,0,0,0,0,787,0,0,0,0,0,0,0,0,0
2026-04-02 13:03:04.288,1923.294665433,1775106184288,left_insole,左鞋垫,FF:25:02:05:1A:4B,1,0,0,263,0,0,0,0,0,840,0,0,0,0,0,0,0,0,0
2026-04-02 13:03:04.347,1923.353520824,1775106184347,left_insole,左鞋垫,FF:25:02:05:1A:4B,1,0,0,285,0,0,0,0,0,840,0,0,0,0,0,0,0,0,0
2026-04-02 13:03:04.407,1923.413589275,1775106184407,left_insole,左鞋垫,FF:25:02:05:1A:4B,1,0,0,295,0,0,0,0,0,830,0,0,0,0,0,0,0,0,0
2026-04-02 13:03:04.437,1923.44330727,1775106184437,left_insole,左鞋垫,FF:25:02:05:1A:4B,1,0,0,244,0,0,0,0,0,817,0,0,0,0,0,0,0,0,0
2026-04-02 13:03:04.527,1923.533526427,1775106184527,left_insole,左鞋垫,FF:25:02:05:1A:4B,1,0,0,177,0,0,0,0,0,796,0,0,0,0,0,0,0,0,0
2026-04-02 13:03:04.558,1923.564250984,1775106184558,left_insole,左鞋垫,FF:25:02:05:1A:4B,1,0,0,165,0,0,0,0,0,790,0,0,0,0,0,0,0,0,0
2026-04-02 13:03:04.587,1923.593507255,1775106184587,left_insole,左鞋垫,FF:25:02:05:1A:4B,1,0,0,163,0,0,0,0,0,854,0,0,0,0,0,0,0,0,0
2026-04-02 13:03:04.647,1923.653538051,1775106184647,left_insole,左鞋垫,FF:25:02:05:1A:4B,1,0,0,1553,0,0,0,0,0,2011,0,0,0,0,0,0,0,0,0
2026-04-02 13:03:04.707,1923.713575963,1775106184707,left_insole,左鞋垫,FF:25:02:05:1A:4B,1,0,0,3503,0,0,0,0,0,4252,0,0,0,0,0,0,0,0,0
2026-04-02 13:03:04.737,1923.743512043,1775106184737,left_insole,左鞋垫,FF:25:02:05:1A:4B,1,0,0,5502,0,0,0,0,0,7007,0,107,0,0,0,349,0,0,0
2026-04-02 13:03:04.798,1923.804416624,1775106184798,left_insole,左鞋垫,FF:25:02:05:1A:4B,1,0,0,6428,0,0,0,0,0,7779,0,790,0,0,0,912,0,0,0
2026-04-02 13:03:04.857,1923.863571296,1775106184857,left_insole,左鞋垫,FF:25:02:05:1A:4B,1,0,0,6968,0,0,0,0,0,8167,0,1221,0,0,0,4699,277,0,0
2026-04-02 13:03:04.917,1923.923428967,1775106184917,left_insole,左鞋垫,FF:25:02:05:1A:4B,1,0,0,7428,0,0,0,0,0,8511,0,1666,0,0,0,5602,435,0,0
2026-04-02 13:03:04.947,1923.953574163,1775106184947,left_insole,左鞋垫,FF:25:02:05:1A:4B,1,0,0,6831,0,0,0,0,0,7896,0,2029,556,0,0,5468,668,0,0
2026-04-02 13:03:05.008,1924.014274832,1775106185008,left_insole,左鞋垫,FF:25:02:05:1A:4B,1,0,0,5404,0,132,331,0,630,6126,0,2223,1238,0,0,5536,936,0,0
2026-04-02 13:03:05.097,1924.103533703,1775106185097,left_insole,左鞋垫,FF:25:02:05:1A:4B,1,0,0,4339,0,37,791,0,1026,5132,0,2034,1432,0,0,5254,921,0,0
2026-04-02 13:03:05.127,1924.133298316,1775106185127,left_insole,左鞋垫,FF:25:02:05:1A:4B,1,0,0,3505,0,40,1154,0,1488,4311,0,1928,1624,0,0,5149,967,0,0
2026-04-02 13:03:05.157,1924.163386568,1775106185157,left_insole,左鞋垫,FF:25:02:05:1A:4B,1,0,0,3268,0,0,2668,0,2152,3647,0,0,3378,0,415,0,2049,0,0
2026-04-02 13:03:05.218,1924.224527691,1775106185218,left_insole,左鞋垫,FF:25:02:05:1A:4B,1,0,0,3124,0,225,1655,0,2120,3725,0,2247,2363,0,62,5499,1577,0,0
2026-04-02 13:03:05.278,1924.284508968,1775106185278,left_insole,左鞋垫,FF:25:02:05:1A:4B,1,0,0,2693,0,0,1918,0,2268,3183,286,1077,2085,0,0,923,1366,0,0
2026-04-02 13:03:05.338,1924.344525117,1775106185338,left_insole,左鞋垫,FF:25:02:05:1A:4B,1,0,0,2502,665,0,1629,0,2258,3078,434,1115,2371,0,0,840,1508,0,0
2026-04-02 13:03:05.368,1924.374227123,1775106185368,left_insole,左鞋垫,FF:25:02:05:1A:4B,1,0,0,2285,260,0,1293,1902,1252,2858,13,593,1833,2453,0,4813,1255,1515,0
2026-04-02 13:03:05.427,1924.433526242,1775106185427,left_insole,左鞋垫,FF:25:02:05:1A:4B,1,0,0,2003,0,0,1367,2468,1566,2596,0,292,1672,2756,0,1988,1029,1502,0
2026-04-02 13:03:05.487,1924.493328824,1775106185487,left_insole,左鞋垫,FF:25:02:05:1A:4B,1,0,0,1656,0,0,1643,3120,2348,2041,0,0,1977,3404,0,0,1012,1722,0
2026-04-02 13:03:05.517,1924.52354608,1775106185517,left_insole,左鞋垫,FF:25:02:05:1A:4B,1,0,0,1371,0,0,368,2712,2647,1968,0,0,192,3023,0,0,0,1309,0
2026-04-02 13:03:05.577,1924.583545752,1775106185577,left_insole,左鞋垫,FF:25:02:05:1A:4B,1,0,0,1063,0,0,0,2133,2485,1600,0,0,0,2089,0,0,0,769,0
2026-04-02 13:03:05.637,1924.643544016,1775106185637,left_insole,左鞋垫,FF:25:02:05:1A:4B,1,0,0,811,0,0,0,1160,2067,1330,0,0,0,1153,0,0,0,218,0
2026-04-02 13:03:05.758,1924.764501532,1775106185758,left_insole,左鞋垫,FF:25:02:05:1A:4B,1,0,0,525,0,0,0,0,764,986,0,0,0,19,0,0,0,0,0
2026-04-02 13:03:05.758,1924.764588765,1775106185758,left_insole,左鞋垫,FF:25:02:05:1A:4B,1,0,0,264,0,0,0,0,0,768,0,0,0,0,0,0,0,0,0
2026-04-02 13:03:05.787,1924.793489148,1775106185787,left_insole,左鞋垫,FF:25:02:05:1A:4B,1,0,0,214,0,0,0,0,0,788,0,0,0,0,0,0,0,0,0
2026-04-02 13:03:05.907,1924.913519401,1775106185907,left_insole,左鞋垫,FF:25:02:05:1A:4B,1,0,0,248,0,0,0,0,0,800,0,0,0,0,0,0,0,0,0
2026-04-02 13:03:05.907,1924.913609852,1775106185907,left_insole,左鞋垫,FF:25:02:05:1A:4B,1,0,0,291,0,0,0,0,0,797,0,0,0,0,0,0,0,0,0
2026-04-02 13:03:05.939,1924.945188039,1775106185939,left_insole,左鞋垫,FF:25:02:05:1A:4B,1,0,0,294,0,0,0,0,0,804,0,0,0,0,0,0,0,0,0
2026-04-02 13:03:05.998,1925.00449092,1775106185998,left_insole,左鞋垫,FF:25:02:05:1A:4B,1,0,0,269,0,0,0,0,0,840,0,0,0,0,0,0,0,0,0
2026-04-02 13:03:06.087,1925.093525455,1775106186087,left_insole,左鞋垫,FF:25:02:05:1A:4B,1,0,0,279,0,0,0,0,0,863,0,0,0,0,0,0,0,0,0
2026-04-02 13:03:06.267,1925.273574773,1775106186267,left_insole,左鞋垫,FF:25:02:05:1A:4B,1,0,0,301,0,0,0,0,0,883,0,0,0,0,0,0,0,0,0
2026-04-02 13:03:06.267,1925.273662977,1775106186267,left_insole,左鞋垫,FF:25:02:05:1A:4B,1,0,0,302,0,0,0,0,0,885,0,0,0,0,0,0,0,0,0
2026-04-02 13:03:06.269,1925.275521699,1775106186269,left_insole,左鞋垫,FF:25:02:05:1A:4B,1,0,0,279,0,0,0,0,0,888,0,0,0,0,0,0,0,0,0
2026-04-02 13:03:06.298,1925.305032809,1775106186298,left_insole,左鞋垫,FF:25:02:05:1A:4B,1,0,0,257,0,0,0,0,0,855,0,0,0,0,0,0,0,0,0
2026-04-02 13:03:06.298,1925.305108079,1775106186298,left_insole,左鞋垫,FF:25:02:05:1A:4B,1,0,0,259,0,0,0,0,0,857,0,0,0,0,0,0,0,0,0
2026-04-02 13:03:06.357,1925.363499957,1775106186357,left_insole,左鞋垫,FF:25:02:05:1A:4B,1,0,0,258,0,0,0,0,0,882,0,0,0,0,0,0,0,0,0
2026-04-02 13:03:06.448,1925.454503049,1775106186448,left_insole,左鞋垫,FF:25:02:05:1A:4B,1,0,0,904,0,0,0,0,0,1555,0,0,0,0,0,0,0,0,0
2026-04-02 13:03:06.507,1925.513386158,1775106186507,left_insole,左鞋垫,FF:25:02:05:1A:4B,1,0,0,3244,0,0,0,0,0,3782,0,0,0,0,0,0,0,0,0
2026-04-02 13:03:06.507,1925.513472286,1775106186507,left_insole,左鞋垫,FF:25:02:05:1A:4B,1,0,0,5411,0,0,0,0,0,6725,0,0,0,0,0,37,0,0,0
2026-04-02 13:03:06.567,1925.573563511,1775106186567,left_insole,左鞋垫,FF:25:02:05:1A:4B,1,0,0,6572,0,0,0,0,0,7946,0,689,0,0,0,1415,247,0,0
2026-04-02 13:03:06.627,1925.633523016,1775106186627,left_insole,左鞋垫,FF:25:02:05:1A:4B,1,0,0,6813,0,0,0,0,0,8423,0,1501,0,0,0,6312,1065,0,0
2026-04-02 13:03:06.687,1925.693396115,1775106186687,left_insole,左鞋垫,FF:25:02:05:1A:4B,1,0,0,7559,0,0,0,0,0,9117,0,1907,204,0,0,6610,1470,0,0
2026-04-02 13:03:06.717,1925.723560938,1775106186717,left_insole,左鞋垫,FF:25:02:05:1A:4B,1,0,0,7769,0,0,0,0,0,9273,0,2086,514,0,0,6747,1720,0,0
2026-04-02 13:03:06.777,1925.783340885,1775106186777,left_insole,左鞋垫,FF:25:02:05:1A:4B,1,0,0,7549,0,0,0,0,0,8939,0,2125,1020,0,0,2872,1787,0,0
2026-04-02 13:03:06.867,1925.873591717,1775106186867,left_insole,左鞋垫,FF:25:02:05:1A:4B,1,0,0,6636,0,0,0,0,0,8200,0,2262,1325,0,0,2948,1965,0,0
2026-04-02 13:03:06.897,1925.903364639,1775106186897,left_insole,左鞋垫,FF:25:02:05:1A:4B,1,0,0,6054,0,0,0,0,0,7540,0,2482,1719,0,0,3120,2214,0,0
2026-04-02 13:03:06.927,1925.933506049,1775106186927,left_insole,左鞋垫,FF:25:02:05:1A:4B,1,0,0,5376,0,0,0,0,0,6756,0,2684,2124,0,0,3318,2672,0,0
2026-04-02 13:03:06.987,1925.993277101,1775106186987,left_insole,左鞋垫,FF:25:02:05:1A:4B,1,0,0,4857,0,0,99,0,0,6186,0,2831,2391,0,0,3288,2666,0,0
2026-04-02 13:03:07.077,1926.083530156,1775106187077,left_insole,左鞋垫,FF:25:02:05:1A:4B,1,0,0,4246,0,99,600,0,283,5286,0,2701,2648,0,0,2802,2395,0,0
2026-04-02 13:03:07.077,1926.083626052,1775106187077,left_insole,左鞋垫,FF:25:02:05:1A:4B,1,0,0,3672,0,163,948,0,752,4480,0,2489,2632,0,0,2210,2174,0,0
2026-04-02 13:03:07.137,1926.143516806,1775106187137,left_insole,左鞋垫,FF:25:02:05:1A:4B,1,0,0,3057,0,108,1173,0,1148,3717,0,0,3935,0,540,0,2687,0,196
2026-04-02 13:03:07.197,1926.20361258,1775106187197,left_insole,左鞋垫,FF:25:02:05:1A:4B,1,0,0,2811,725,0,2037,0,1650,3196,848,0,3284,0,306,0,2370,0,176
2026-04-02 13:03:07.257,1926.263388372,1775106187257,left_insole,左鞋垫,FF:25:02:05:1A:4B,1,0,0,2360,54,0,1355,1793,865,2695,198,0,2537,3063,0,0,1672,2258,0
2026-04-02 13:03:07.287,1926.293572982,1775106187287,left_insole,左鞋垫,FF:25:02:05:1A:4B,1,0,0,1995,0,0,1363,2176,1351,2363,0,0,2271,3316,0,0,1402,2330,0
2026-04-02 13:03:07.348,1926.35423777,1775106187348,left_insole,左鞋垫,FF:25:02:05:1A:4B,1,0,0,1507,0,0,0,1938,1913,2270,0,0,281,2916,0,0,108,1978,0
2026-04-02 13:03:07.407,1926.413520895,1775106187407,left_insole,左鞋垫,FF:25:02:05:1A:4B,1,0,0,1063,0,0,0,1283,2079,1860,0,0,0,2094,0,0,0,1333,0
2026-04-02 13:03:07.468,1926.474360627,1775106187468,left_insole,左鞋垫,FF:25:02:05:1A:4B,1,0,0,680,0,0,0,399,1608,1378,0,0,0,1052,0,109,0,299,0
2026-04-02 13:03:07.497,1926.503512527,1775106187497,left_insole,左鞋垫,FF:25:02:05:1A:4B,1,0,0,513,0,0,0,0,728,1086,0,0,0,113,0,2928,0,0,0
2026-04-02 13:03:07.557,1926.563538912,1775106187557,left_insole,左鞋垫,FF:25:02:05:1A:4B,1,0,0,356,0,0,0,0,0,858,0,0,0,0,0,0,0,0,0
2026-04-02 13:03:07.617,1926.623614146,1775106187617,left_insole,左鞋垫,FF:25:02:05:1A:4B,1,0,0,135,0,0,0,0,0,795,0,0,0,0,0,0,0,0,0
2026-04-02 13:03:07.737,1926.743346595,1775106187737,left_insole,左鞋垫,FF:25:02:05:1A:4B,1,0,0,86,0,0,0,0,0,787,0,0,0,0,0,0,0,0,0
2026-04-02 13:03:07.737,1926.743450986,1775106187737,left_insole,左鞋垫,FF:25:02:05:1A:4B,1,0,0,179,0,0,0,0,0,729,0,0,0,0,0,0,0,0,0
2026-04-02 13:03:07.767,1926.773524686,1775106187767,left_insole,左鞋垫,FF:25:02:05:1A:4B,1,0,0,158,0,0,0,0,0,782,0,0,0,0,0,0,0,0,0
2026-04-02 13:03:07.827,1926.833494067,1775106187827,left_insole,左鞋垫,FF:25:02:05:1A:4B,1,0,0,203,0,0,0,0,0,793,0,0,0,0,0,0,0,0,0
2026-04-02 13:03:07.857,1926.863610376,1775106187857,left_insole,左鞋垫,FF:25:02:05:1A:4B,1,0,0,262,0,0,0,0,0,817,0,0,0,0,0,0,0,0,0
2026-04-02 13:03:07.948,1926.954373111,1775106187948,left_insole,左鞋垫,FF:25:02:05:1A:4B,1,0,0,271,0,0,0,0,0,838,0,0,0,0,0,0,0,0,0
2026-04-02 13:03:07.977,1926.983513591,1775106187977,left_insole,左鞋垫,FF:25:02:05:1A:4B,1,0,0,273,0,0,0,0,0,850,0,0,0,0,0,0,0,0,0
2026-04-02 13:03:08.067,1927.073577065,1775106188067,left_insole,左鞋垫,FF:25:02:05:1A:4B,1,0,0,262,0,0,0,0,0,839,0,0,0,0,0,0,0,0,0
2026-04-02 13:03:08.127,1927.133392045,1775106188127,left_insole,左鞋垫,FF:25:02:05:1A:4B,1,0,0,236,0,0,0,0,0,858,0,0,0,0,0,0,0,0,0
2026-04-02 13:03:08.127,1927.133494225,1775106188127,left_insole,左鞋垫,FF:25:02:05:1A:4B,1,0,0,940,0,0,0,0,0,1515,0,0,0,0,0,0,0,0,0
2026-04-02 13:03:08.277,1927.283347196,1775106188277,left_insole,左鞋垫,FF:25:02:05:1A:4B,1,0,0,3130,0,0,0,0,0,3333,0,0,0,0,0,0,0,0,0
2026-04-02 13:03:08.277,1927.283434773,1775106188277,left_insole,左鞋垫,FF:25:02:05:1A:4B,1,0,0,5420,0,0,0,0,0,6766,0,0,0,0,0,0,0,0,0
2026-04-02 13:03:08.279,1927.285513108,1775106188279,left_insole,左鞋垫,FF:25:02:05:1A:4B,1,0,0,6566,0,0,0,0,0,7934,0,399,0,0,0,386,0,0,0
2026-04-02 13:03:08.577,1927.583395224,1775106188577,left_insole,左鞋垫,FF:25:02:05:1A:4B,1,0,0,7110,0,0,0,0,0,7881,0,750,0,0,0,568,0,0,0
2026-04-02 13:03:08.577,1927.58344848,1775106188577,left_insole,左鞋垫,FF:25:02:05:1A:4B,1,0,0,7282,0,0,0,0,0,8160,0,1142,0,0,0,4906,0,0,0
2026-04-02 13:03:08.579,1927.585307993,1775106188579,left_insole,左鞋垫,FF:25:02:05:1A:4B,1,0,0,7342,0,0,0,0,127,8119,0,1633,5,0,0,5198,192,0,0
2026-04-02 13:03:08.607,1927.613379885,1775106188607,left_insole,左鞋垫,FF:25:02:05:1A:4B,1,0,0,6889,0,96,210,0,518,7549,0,1874,400,0,0,5190,307,0,0
2026-04-02 13:03:08.607,1927.613428594,1775106188607,left_insole,左鞋垫,FF:25:02:05:1A:4B,1,0,0,6218,0,234,424,0,704,6754,0,1954,634,0,0,5100,252,0,0
2026-04-02 13:03:08.609,1927.615388638,1775106188609,left_insole,左鞋垫,FF:25:02:05:1A:4B,1,0,0,5969,0,317,635,0,877,6488,0,2048,895,0,0,5114,355,0,0
2026-04-02 13:03:08.727,1927.73348697,1775106188727,left_insole,左鞋垫,FF:25:02:05:1A:4B,1,0,0,5764,0,418,1019,0,1006,6243,0,2159,1186,0,0,3986,442,0,0
2026-04-02 13:03:08.727,1927.733579962,1775106188727,left_insole,左鞋垫,FF:25:02:05:1A:4B,1,0,0,5281,0,614,1086,0,1086,5689,0,2474,1577,0,0,5289,915,0,0
2026-04-02 13:03:08.817,1927.823405657,1775106188817,left_insole,左鞋垫,FF:25:02:05:1A:4B,1,0,0,4557,0,687,1322,0,1297,5047,0,2572,2116,0,0,5538,1220,0,0
2026-04-02 13:03:08.817,1927.823456137,1775106188817,left_insole,左鞋垫,FF:25:02:05:1A:4B,1,0,0,3852,0,848,1672,0,1634,4120,0,2494,2288,0,0,5428,1421,0,0
2026-04-02 13:03:08.848,1927.854374588,1775106188848,left_insole,左鞋垫,FF:25:02:05:1A:4B,1,0,0,3405,1395,0,2627,0,2289,3572,1036,0,3470,0,79,0,2279,0,0
2026-04-02 13:03:08.938,1927.944355453,1775106188938,left_insole,左鞋垫,FF:25:02:05:1A:4B,1,0,0,2928,1025,0,2838,0,2785,3097,737,0,3604,0,319,0,2413,0,0
2026-04-02 13:03:08.967,1927.973346728,1775106188967,left_insole,左鞋垫,FF:25:02:05:1A:4B,1,0,0,2282,112,0,1833,2150,1873,2587,7,0,2823,2875,0,0,1763,1751,0
2026-04-02 13:03:09.057,1928.063604824,1775106189057,left_insole,左鞋垫,FF:25:02:05:1A:4B,1,0,0,1812,0,0,402,2046,2529,2474,0,0,632,2449,0,4098,379,1033,0
2026-04-02 13:03:09.117,1928.123350217,1775106189117,left_insole,左鞋垫,FF:25:02:05:1A:4B,1,0,0,1329,0,0,0,1580,2697,2049,0,0,0,1644,0,0,0,337,0
2026-04-02 13:03:09.117,1928.123443992,1775106189117,left_insole,左鞋垫,FF:25:02:05:1A:4B,1,0,0,1005,0,0,0,801,2311,1519,0,0,0,431,0,0,0,0,0
2026-04-02 13:03:09.238,1928.244214275,1775106189238,left_insole,左鞋垫,FF:25:02:05:1A:4B,1,0,0,820,0,0,0,280,1359,1290,0,0,0,0,0,0,0,0,0
2026-04-02 13:03:09.267,1928.27358294,1775106189267,left_insole,左鞋垫,FF:25:02:05:1A:4B,1,0,0,537,0,0,0,0,0,968,0,0,0,0,0,0,0,0,0
2026-04-02 13:03:09.267,1928.27369301,1775106189267,left_insole,左鞋垫,FF:25:02:05:1A:4B,1,0,0,390,0,0,0,0,0,963,0,0,0,0,0,0,0,0,0
2026-04-02 13:03:09.327,1928.333219125,1775106189327,left_insole,左鞋垫,FF:25:02:05:1A:4B,1,0,0,322,0,0,0,0,0,932,0,0,0,0,0,0,0,0,0
2026-04-02 13:03:09.477,1928.483329104,1775106189477,left_insole,左鞋垫,FF:25:02:05:1A:4B,1,0,0,312,0,0,0,0,0,957,0,0,0,0,0,0,0,0,0
2026-04-02 13:03:09.537,1928.543369983,1775106189537,left_insole,左鞋垫,FF:25:02:05:1A:4B,1,0,0,317,0,0,0,0,0,992,0,0,0,0,0,0,0,0,0
2026-04-02 13:03:09.537,1928.543456904,1775106189537,left_insole,左鞋垫,FF:25:02:05:1A:4B,1,0,0,307,0,0,0,0,0,1003,0,0,0,0,0,0,0,0,0
2026-04-02 13:03:09.539,1928.545389568,1775106189539,left_insole,左鞋垫,FF:25:02:05:1A:4B,1,0,0,362,0,0,0,0,0,1003,0,0,0,0,0,0,0,0,0
2026-04-02 13:03:09.597,1928.603536266,1775106189597,left_insole,左鞋垫,FF:25:02:05:1A:4B,1,0,0,362,0,0,0,0,0,1013,0,0,0,0,0,0,0,0,0
2026-04-02 13:03:09.627,1928.633503449,1775106189627,left_insole,左鞋垫,FF:25:02:05:1A:4B,1,0,0,384,0,0,0,0,0,1011,0,0,0,0,0,0,0,0,0
2026-04-02 13:03:09.687,1928.693587755,1775106189687,left_insole,左鞋垫,FF:25:02:05:1A:4B,1,0,0,353,0,0,0,0,0,995,0,0,0,0,0,0,0,0,0
2026-04-02 13:03:09.747,1928.753542473,1775106189747,left_insole,左鞋垫,FF:25:02:05:1A:4B,1,0,0,345,0,0,0,0,0,1020,0,0,0,0,0,0,0,0,0
2026-04-02 13:03:09.807,1928.813601453,1775106189807,left_insole,左鞋垫,FF:25:02:05:1A:4B,1,0,0,455,0,0,0,0,0,1253,0,0,0,0,0,0,0,0,0
2026-04-02 13:03:09.837,1928.843522991,1775106189837,left_insole,左鞋垫,FF:25:02:05:1A:4B,1,0,0,3015,0,0,0,0,0,3386,0,0,0,0,0,0,0,0,0
2026-04-02 13:03:09.898,1928.904291468,1775106189898,left_insole,左鞋垫,FF:25:02:05:1A:4B,1,0,0,5843,0,0,0,0,0,7676,0,0,0,0,0,0,0,0,0
2026-04-02 13:03:09.987,1928.993523192,1775106189987,left_insole,左鞋垫,FF:25:02:05:1A:4B,1,0,0,7655,0,0,0,0,0,9162,0,895,0,0,0,1068,0,0,0
2026-04-02 13:03:10.017,1929.023290594,1775106190017,left_insole,左鞋垫,FF:25:02:05:1A:4B,1,0,0,8186,0,0,0,0,0,9566,0,1480,0,0,0,4766,342,0,0
2026-04-02 13:03:10.047,1929.053563209,1775106190047,left_insole,左鞋垫,FF:25:02:05:1A:4B,1,0,0,8525,0,0,0,0,0,9699,0,1636,0,0,0,5790,549,0,0
2026-04-02 13:03:10.107,1929.113598471,1775106190107,left_insole,左鞋垫,FF:25:02:05:1A:4B,1,0,0,8118,0,0,0,0,0,9638,0,1822,146,0,0,6079,893,0,0
2026-04-02 13:03:10.167,1929.17352001,1775106190167,left_insole,左鞋垫,FF:25:02:05:1A:4B,1,0,0,7630,0,0,0,0,0,9166,0,1953,417,0,0,6449,1368,0,0
2026-04-02 13:03:10.197,1929.20352274,1775106190197,left_insole,左鞋垫,FF:25:02:05:1A:4B,1,0,0,6908,0,0,0,0,0,8279,0,2457,1105,0,0,6799,2061,0,0
2026-04-02 13:03:10.287,1929.293552531,1775106190287,left_insole,左鞋垫,FF:25:02:05:1A:4B,1,0,0,5994,0,0,3,0,0,7225,0,2780,2003,0,0,3152,2392,0,0
2026-04-02 13:03:10.407,1929.413526197,1775106190407,left_insole,左鞋垫,FF:25:02:05:1A:4B,1,0,0,5193,0,21,341,0,156,6268,0,3021,2460,0,0,3277,2647,0,0
2026-04-02 13:03:10.527,1929.533411181,1775106190527,left_insole,左鞋垫,FF:25:02:05:1A:4B,1,0,0,4203,0,140,742,0,558,5174,0,2900,2728,0,0,3174,2962,0,0
2026-04-02 13:03:10.527,1929.533488991,1775106190527,left_insole,左鞋垫,FF:25:02:05:1A:4B,1,0,0,3422,0,0,2315,0,1219,3985,0,0,3189,0,0,2950,3062,0,0
2026-04-02 13:03:10.529,1929.535379873,1775106190529,left_insole,左鞋垫,FF:25:02:05:1A:4B,1,0,0,2831,1204,0,1818,0,1367,3506,1424,0,4218,0,0,0,3677,0,168
2026-04-02 13:03:10.557,1929.563560075,1775106190557,left_insole,左鞋垫,FF:25:02:05:1A:4B,1,0,0,2367,535,0,1847,0,1798,3016,809,0,4140,0,247,0,3623,0,490
2026-04-02 13:03:10.587,1929.593425037,1775106190587,left_insole,左鞋垫,FF:25:02:05:1A:4B,1,0,0,2083,0,0,890,1626,840,2630,349,0,3166,3836,0,0,2842,3761,0
2026-04-02 13:03:10.617,1929.623405511,1775106190617,left_insole,左鞋垫,FF:25:02:05:1A:4B,1,0,0,1720,0,0,420,2011,1278,2378,0,0,2312,4277,0,0,2126,3933,0
2026-04-02 13:03:10.767,1929.773383357,1775106190767,left_insole,左鞋垫,FF:25:02:05:1A:4B,1,0,0,1260,0,0,0,1943,1744,2247,0,0,64,3546,0,4414,787,3117,0
2026-04-02 13:03:10.767,1929.773476559,1775106190767,left_insole,左鞋垫,FF:25:02:05:1A:4B,1,0,0,968,0,0,0,1196,1784,1830,0,0,0,2570,0,0,111,2029,0
2026-04-02 13:03:10.797,1929.803594597,1775106190797,left_insole,左鞋垫,FF:25:02:05:1A:4B,1,0,0,629,0,0,0,193,847,1348,0,0,0,1313,0,3631,0,1061,0
2026-04-02 13:03:10.857,1929.863521726,1775106190857,left_insole,左鞋垫,FF:25:02:05:1A:4B,1,0,0,523,0,0,0,0,197,1100,0,0,0,452,0,3325,0,329,0
2026-04-02 13:03:10.887,1929.893496228,1775106190887,left_insole,左鞋垫,FF:25:02:05:1A:4B,1,0,0,147,0,0,0,0,0,719,0,0,0,0,0,0,0,0,0
2026-04-02 13:03:10.977,1929.983308269,1775106190977,left_insole,左鞋垫,FF:25:02:05:1A:4B,1,0,0,161,0,0,0,0,0,785,0,0,0,0,0,0,0,0,0
2026-04-02 13:03:10.977,1929.983397866,1775106190977,left_insole,左鞋垫,FF:25:02:05:1A:4B,1,0,0,187,0,0,0,0,0,760,0,0,0,0,0,0,0,0,0
2026-04-02 13:03:11.038,1930.044571241,1775106191038,left_insole,左鞋垫,FF:25:02:05:1A:4B,1,0,0,257,0,0,0,0,0,757,0,0,0,0,0,0,0,0,0
2026-04-02 13:03:11.097,1930.103522188,1775106191097,left_insole,左鞋垫,FF:25:02:05:1A:4B,1,0,0,254,0,0,0,0,0,742,0,0,0,0,0,0,0,0,0
2026-04-02 13:03:11.158,1930.164517218,1775106191158,left_insole,左鞋垫,FF:25:02:05:1A:4B,1,0,0,326,0,0,0,0,0,806,0,0,0,0,0,0,0,0,0
2026-04-02 13:03:11.187,1930.193461062,1775106191187,left_insole,左鞋垫,FF:25:02:05:1A:4B,1,0,0,384,0,0,0,0,0,798,0,0,0,0,0,0,0,0,0
2026-04-02 13:03:11.247,1930.253622837,1775106191247,left_insole,左鞋垫,FF:25:02:05:1A:4B,1,0,0,382,0,0,0,0,0,824,0,0,0,0,0,0,0,0,0
2026-04-02 13:03:11.307,1930.313330809,1775106191307,left_insole,左鞋垫,FF:25:02:05:1A:4B,1,0,0,316,0,0,0,0,0,827,0,0,0,0,0,0,0,0,0
2026-04-02 13:03:11.367,1930.373612553,1775106191367,left_insole,左鞋垫,FF:25:02:05:1A:4B,1,0,0,214,0,0,0,0,0,846,0,0,0,0,0,0,0,0,0
2026-04-02 13:03:11.397,1930.403609593,1775106191397,left_insole,左鞋垫,FF:25:02:05:1A:4B,1,0,0,727,0,0,0,0,0,1281,0,0,0,0,0,0,0,0,0
2026-04-02 13:03:11.457,1930.463574296,1775106191457,left_insole,左鞋垫,FF:25:02:05:1A:4B,1,0,0,3467,0,0,0,0,0,3340,0,0,0,0,0,0,0,0,0
2026-04-02 13:03:11.548,1930.554159879,1775106191548,left_insole,左鞋垫,FF:25:02:05:1A:4B,1,0,0,6729,0,0,0,0,0,7721,0,0,0,0,0,234,0,0,0
2026-04-02 13:03:11.577,1930.583364434,1775106191577,left_insole,左鞋垫,FF:25:02:05:1A:4B,1,0,0,8172,0,0,0,0,0,9109,0,1494,0,0,0,6048,786,0,0
2026-04-02 13:03:11.607,1930.613374138,1775106191607,left_insole,左鞋垫,FF:25:02:05:1A:4B,1,0,0,8122,0,0,0,0,0,9175,0,2088,76,0,0,5293,1569,0,0
2026-04-02 13:03:11.667,1930.673373156,1775106191667,left_insole,左鞋垫,FF:25:02:05:1A:4B,1,0,0,7288,0,0,0,0,0,8369,0,2089,592,0,0,2652,1507,0,0
2026-04-02 13:03:11.727,1930.733350958,1775106191727,left_insole,左鞋垫,FF:25:02:05:1A:4B,1,0,0,6158,0,0,0,0,0,7331,0,2168,1170,0,0,2703,1802,0,0
2026-04-02 13:03:11.758,1930.764404462,1775106191758,left_insole,左鞋垫,FF:25:02:05:1A:4B,1,0,0,5163,0,0,0,0,0,6325,0,2181,1596,0,0,2854,2148,0,0
2026-04-02 13:03:11.817,1930.823234313,1775106191817,left_insole,左鞋垫,FF:25:02:05:1A:4B,1,0,0,4535,0,0,1130,0,181,5098,0,0,3559,0,0,0,3372,0,0
2026-04-02 13:03:11.879,1930.885295338,1775106191879,left_insole,左鞋垫,FF:25:02:05:1A:4B,1,0,0,3289,0,0,1991,0,1050,3620,703,0,3620,0,0,0,3481,0,372
2026-04-02 13:03:11.967,1930.97321689,1775106191967,left_insole,左鞋垫,FF:25:02:05:1A:4B,1,0,0,2754,589,0,2032,0,1548,3292,1013,0,4355,0,650,0,3528,276,0
2026-04-02 13:03:11.967,1930.973327916,1775106191967,left_insole,左鞋垫,FF:25:02:05:1A:4B,1,0,0,1954,0,0,741,2521,1477,2740,0,0,1441,3904,0,4803,1351,3382,0
2026-04-02 13:03:12.027,1931.033652107,1775106192027,left_insole,左鞋垫,FF:25:02:05:1A:4B,1,0,0,1328,0,0,0,2467,2808,2370,0,0,0,3100,0,4011,0,1944,0
2026-04-02 13:03:12.087,1931.093524255,1775106192087,left_insole,左鞋垫,FF:25:02:05:1A:4B,1,0,0,924,0,0,0,1094,2316,1659,0,0,0,1154,0,1885,0,153,0
2026-04-02 13:03:12.147,1931.153571932,1775106192147,left_insole,左鞋垫,FF:25:02:05:1A:4B,1,0,0,651,0,0,0,0,356,1117,0,0,0,0,0,0,0,0,0
2026-04-02 13:03:12.177,1931.183682995,1775106192177,left_insole,左鞋垫,FF:25:02:05:1A:4B,1,0,0,332,0,0,0,0,0,1058,0,0,0,0,0,0,0,0,0
2026-04-02 13:03:12.238,1931.244321362,1775106192238,left_insole,左鞋垫,FF:25:02:05:1A:4B,1,0,0,332,0,0,0,0,0,1016,0,0,0,0,0,0,0,0,0
2026-04-02 13:03:12.297,1931.303614925,1775106192297,left_insole,左鞋垫,FF:25:02:05:1A:4B,1,0,0,379,0,0,0,0,0,1008,0,0,0,0,0,0,0,0,0
2026-04-02 13:03:12.358,1931.364243104,1775106192358,left_insole,左鞋垫,FF:25:02:05:1A:4B,1,0,0,402,0,0,0,0,0,993,0,0,0,0,0,0,0,0,0
2026-04-02 13:03:12.417,1931.423630766,1775106192417,left_insole,左鞋垫,FF:25:02:05:1A:4B,1,0,0,406,0,0,0,0,0,981,0,0,0,0,0,0,0,0,0
2026-04-02 13:03:12.447,1931.453636836,1775106192447,left_insole,左鞋垫,FF:25:02:05:1A:4B,1,0,0,375,0,0,0,0,0,970,0,0,0,0,0,0,0,0,0
2026-04-02 13:03:12.537,1931.543472743,1775106192537,left_insole,左鞋垫,FF:25:02:05:1A:4B,1,0,0,316,0,0,0,0,0,854,0,0,0,0,0,0,0,0,0
2026-04-02 13:03:12.537,1931.543520496,1775106192537,left_insole,左鞋垫,FF:25:02:05:1A:4B,1,0,0,591,0,0,0,0,0,1342,0,0,0,0,0,0,0,0,0
2026-04-02 13:03:12.598,1931.604378533,1775106192598,left_insole,左鞋垫,FF:25:02:05:1A:4B,1,0,0,5589,0,0,0,0,0,5751,0,0,0,0,0,0,0,0,0
2026-04-02 13:03:12.717,1931.72354174,1775106192717,left_insole,左鞋垫,FF:25:02:05:1A:4B,1,0,0,10042,0,0,0,0,0,11170,0,1021,0,0,0,1052,0,0,0
2026-04-02 13:03:12.747,1931.753389903,1775106192747,left_insole,左鞋垫,FF:25:02:05:1A:4B,1,0,0,9165,0,0,0,0,0,10624,0,2236,0,0,0,6421,1062,0,0
2026-04-02 13:03:12.747,1931.753452154,1775106192747,left_insole,左鞋垫,FF:25:02:05:1A:4B,1,0,0,7568,0,0,0,0,0,9179,0,2114,56,0,0,6309,1288,0,0
2026-04-02 13:03:12.807,1931.813386104,1775106192807,left_insole,左鞋垫,FF:25:02:05:1A:4B,1,0,0,5245,0,0,0,0,0,6542,0,1500,521,0,0,5771,1373,0,0
2026-04-02 13:03:12.898,1931.90458827,1775106192898,left_insole,左鞋垫,FF:25:02:05:1A:4B,1,0,0,4341,0,0,0,0,0,5607,0,1739,1333,0,0,5737,1582,0,0
2026-04-02 13:03:12.927,1931.933403035,1775106192927,left_insole,左鞋垫,FF:25:02:05:1A:4B,1,0,0,3856,0,0,1642,0,499,4382,0,0,3645,0,0,0,2874,0,0
2026-04-02 13:03:12.987,1931.993611326,1775106192987,left_insole,左鞋垫,FF:25:02:05:1A:4B,1,0,0,2885,641,0,2444,0,1738,3337,879,0,4552,0,595,0,3720,0,658
2026-04-02 13:03:13.017,1932.023613374,1775106193017,left_insole,左鞋垫,FF:25:02:05:1A:4B,1,0,0,2079,0,0,327,3138,1896,2706,0,0,1961,4928,0,0,1495,3814,0
2026-04-02 13:03:13.168,1932.174236412,1775106193168,left_insole,左鞋垫,FF:25:02:05:1A:4B,1,0,0,1490,0,0,0,2730,2998,2517,0,0,0,3342,0,3852,0,2229,0
2026-04-02 13:03:13.168,1932.174330459,1775106193168,left_insole,左鞋垫,FF:25:02:05:1A:4B,1,0,0,1098,0,0,0,737,1829,1707,0,0,0,1086,0,3313,0,419,0
2026-04-02 13:03:13.168,1932.17438217,1775106193168,left_insole,左鞋垫,FF:25:02:05:1A:4B,1,0,0,613,0,0,0,0,0,1337,0,0,0,0,0,0,0,0,0
2026-04-02 13:03:13.258,1932.264600366,1775106193258,left_insole,左鞋垫,FF:25:02:05:1A:4B,1,0,0,375,0,0,0,0,0,1145,0,0,0,0,0,0,0,0,0
2026-04-02 13:03:13.288,1932.29421382,1775106193288,left_insole,左鞋垫,FF:25:02:05:1A:4B,1,0,0,384,0,0,0,0,0,1111,0,0,0,0,0,0,0,0,0
2026-04-02 13:03:13.317,1932.323456923,1775106193317,left_insole,左鞋垫,FF:25:02:05:1A:4B,1,0,0,375,0,0,0,0,0,1099,0,0,0,0,0,0,0,0,0
2026-04-02 13:03:13.378,1932.384626748,1775106193378,left_insole,左鞋垫,FF:25:02:05:1A:4B,1,0,0,458,0,0,0,0,0,1129,0,0,0,0,0,0,0,0,0
2026-04-02 13:03:13.527,1932.533492651,1775106193527,left_insole,左鞋垫,FF:25:02:05:1A:4B,1,0,0,455,0,0,0,0,0,1103,0,0,0,0,0,0,0,0,0
2026-04-02 13:03:13.527,1932.533581118,1775106193527,left_insole,左鞋垫,FF:25:02:05:1A:4B,1,0,0,341,0,0,0,0,0,974,0,0,0,0,0,0,0,0,0
2026-04-02 13:03:13.529,1932.535478598,1775106193529,left_insole,左鞋垫,FF:25:02:05:1A:4B,1,0,0,1186,0,0,0,0,0,2089,0,0,0,0,0,0,0,0,0
2026-04-02 13:03:13.587,1932.593663416,1775106193587,left_insole,左鞋垫,FF:25:02:05:1A:4B,1,0,0,5349,0,0,0,0,0,5781,0,0,0,0,0,0,0,0,0
2026-04-02 13:03:13.647,1932.653518871,1775106193647,left_insole,左鞋垫,FF:25:02:05:1A:4B,1,0,0,11019,0,0,0,0,0,12098,0,1014,0,0,0,1271,88,0,0
2026-04-02 13:03:13.707,1932.713557529,1775106193707,left_insole,左鞋垫,FF:25:02:05:1A:4B,1,0,0,10296,0,0,0,0,0,11668,0,2358,0,0,0,2688,1356,0,0
2026-04-02 13:03:13.739,1932.74527902,1775106193739,left_insole,左鞋垫,FF:25:02:05:1A:4B,1,0,0,6510,0,0,0,0,0,7843,0,1810,606,0,0,2366,1606,0,0
2026-04-02 13:03:13.797,1932.80353698,1775106193797,left_insole,左鞋垫,FF:25:02:05:1A:4B,1,0,0,3738,0,0,0,0,0,4844,0,1317,980,0,0,1850,1766,0,0
2026-04-02 13:03:13.857,1932.863276224,1775106193857,left_insole,左鞋垫,FF:25:02:05:1A:4B,1,0,0,3077,1121,0,0,0,149,3915,1622,0,2617,0,0,0,2438,0,0
2026-04-02 13:03:13.947,1932.953352714,1775106193947,left_insole,左鞋垫,FF:25:02:05:1A:4B,1,0,0,2640,742,0,1544,0,1469,3232,1035,0,3715,0,0,0,3269,0,196
2026-04-02 13:03:13.947,1932.953453469,1775106193947,left_insole,左鞋垫,FF:25:02:05:1A:4B,1,0,0,2115,0,0,1264,2011,1393,2666,0,0,3154,4413,0,0,2674,3743,0
2026-04-02 13:03:14.007,1933.013623413,1775106194007,left_insole,左鞋垫,FF:25:02:05:1A:4B,1,0,0,1499,0,0,0,2716,2857,2413,0,0,0,3804,0,4268,405,2791,0
2026-04-02 13:03:14.067,1933.073615937,1775106194067,left_insole,左鞋垫,FF:25:02:05:1A:4B,1,0,0,981,0,0,0,1351,3189,1692,0,0,0,1621,0,3419,0,808,0
2026-04-02 13:03:14.098,1933.10426148,1775106194098,left_insole,左鞋垫,FF:25:02:05:1A:4B,1,0,0,670,0,0,0,0,332,1119,0,0,0,0,0,3050,0,0,0
2026-04-02 13:03:14.157,1933.163541962,1775106194157,left_insole,左鞋垫,FF:25:02:05:1A:4B,1,0,0,321,0,0,0,0,0,1092,0,0,0,0,0,0,0,0,0
2026-04-02 13:03:14.217,1933.223205003,1775106194217,left_insole,左鞋垫,FF:25:02:05:1A:4B,1,0,0,328,0,0,0,0,0,980,0,0,0,0,0,0,0,0,0
2026-04-02 13:03:14.307,1933.313478693,1775106194307,left_insole,左鞋垫,FF:25:02:05:1A:4B,1,0,0,323,0,0,0,0,0,986,0,0,0,0,0,0,0,0,0
2026-04-02 13:03:14.307,1933.313528138,1775106194307,left_insole,左鞋垫,FF:25:02:05:1A:4B,1,0,0,294,0,0,0,0,0,1008,0,0,0,0,0,0,0,0,0
2026-04-02 13:03:14.368,1933.374637821,1775106194368,left_insole,左鞋垫,FF:25:02:05:1A:4B,1,0,0,348,0,0,0,0,0,966,0,0,0,0,0,0,0,0,0
2026-04-02 13:03:14.427,1933.433526788,1775106194427,left_insole,左鞋垫,FF:25:02:05:1A:4B,1,0,0,324,0,0,0,0,0,895,0,0,0,0,0,0,0,0,0
2026-04-02 13:03:14.487,1933.493517152,1775106194487,left_insole,左鞋垫,FF:25:02:05:1A:4B,1,0,0,204,0,0,0,0,0,906,0,0,0,0,0,0,0,0,0
2026-04-02 13:03:14.517,1933.523526275,1775106194517,left_insole,左鞋垫,FF:25:02:05:1A:4B,1,0,0,3252,0,0,0,0,0,3815,0,0,0,0,0,0,0,0,0
2026-04-02 13:03:14.577,1933.583549162,1775106194577,left_insole,左鞋垫,FF:25:02:05:1A:4B,1,0,0,10825,0,0,0,0,0,11905,0,648,0,0,0,463,0,0,0
2026-04-02 13:03:14.637,1933.643550292,1775106194637,left_insole,左鞋垫,FF:25:02:05:1A:4B,1,0,0,10467,0,0,0,0,0,11371,0,2160,0,0,0,4861,983,0,0
2026-04-02 13:03:14.697,1933.703519797,1775106194697,left_insole,左鞋垫,FF:25:02:05:1A:4B,1,0,0,9149,0,0,0,0,0,10108,0,2290,143,0,0,6275,1190,0,0
2026-04-02 13:03:14.757,1933.76361794,1775106194757,left_insole,左鞋垫,FF:25:02:05:1A:4B,1,0,0,5793,0,0,0,0,0,6633,0,1583,585,0,0,5558,1163,0,0
2026-04-02 13:03:14.788,1933.79431438,1775106194788,left_insole,左鞋垫,FF:25:02:05:1A:4B,1,0,0,4166,0,0,152,0,551,4711,0,1524,1163,0,0,5063,1276,0,0
2026-04-02 13:03:14.848,1933.854432049,1775106194848,left_insole,左鞋垫,FF:25:02:05:1A:4B,1,0,0,3302,1206,0,1670,0,1407,3660,1199,0,3143,0,0,0,2495,0,0
2026-04-02 13:03:14.907,1933.913242293,1775106194907,left_insole,左鞋垫,FF:25:02:05:1A:4B,1,0,0,2369,249,0,2419,0,2369,2809,539,0,4161,0,577,0,3318,842,0
2026-04-02 13:03:14.937,1933.943443768,1775106194937,left_insole,左鞋垫,FF:25:02:05:1A:4B,1,0,0,1833,0,0,246,2886,2327,2677,0,0,742,4060,0,4493,846,3077,0
2026-04-02 13:03:14.997,1934.003164046,1775106194997,left_insole,左鞋垫,FF:25:02:05:1A:4B,1,0,0,1356,0,0,0,2851,3443,2235,0,0,0,3141,0,1818,0,1559,0
2026-04-02 13:03:15.057,1934.063247267,1775106195057,left_insole,左鞋垫,FF:25:02:05:1A:4B,1,0,0,1021,0,0,0,985,2333,1417,0,0,0,872,0,0,0,0,0
2026-04-02 13:03:15.117,1934.123413481,1775106195117,left_insole,左鞋垫,FF:25:02:05:1A:4B,1,0,0,445,0,0,0,0,0,1174,0,0,0,0,0,0,0,0,0
2026-04-02 13:03:15.177,1934.183292939,1775106195177,left_insole,左鞋垫,FF:25:02:05:1A:4B,1,0,0,364,0,0,0,0,0,1077,0,0,0,0,0,0,0,0,0
2026-04-02 13:03:15.267,1934.27322906,1775106195267,left_insole,左鞋垫,FF:25:02:05:1A:4B,1,0,0,371,0,0,0,0,0,1065,0,0,0,0,0,0,0,0,0
2026-04-02 13:03:15.267,1934.273279551,1775106195267,left_insole,左鞋垫,FF:25:02:05:1A:4B,1,0,0,405,0,0,0,0,0,996,0,0,0,0,0,0,0,0,0
2026-04-02 13:03:15.357,1934.36341742,1775106195357,left_insole,左鞋垫,FF:25:02:05:1A:4B,1,0,0,421,0,0,0,0,0,976,0,0,0,0,0,0,0,0,0
2026-04-02 13:03:15.357,1934.36346688,1775106195357,left_insole,左鞋垫,FF:25:02:05:1A:4B,1,0,0,318,0,0,0,0,0,966,0,0,0,0,0,0,0,0,0
2026-04-02 13:03:15.478,1934.484638639,1775106195478,left_insole,左鞋垫,FF:25:02:05:1A:4B,1,0,0,205,0,0,0,0,0,973,0,0,0,0,0,0,0,0,0
2026-04-02 13:03:15.478,1934.48471512,1775106195478,left_insole,左鞋垫,FF:25:02:05:1A:4B,1,0,0,3889,0,0,0,0,0,4205,0,0,0,0,0,0,0,0,0
2026-04-02 13:03:15.537,1934.543372216,1775106195537,left_insole,左鞋垫,FF:25:02:05:1A:4B,1,0,0,9931,0,0,0,0,0,10910,0,0,0,0,0,0,0,0,0
2026-04-02 13:03:15.597,1934.603519588,1775106195597,left_insole,左鞋垫,FF:25:02:05:1A:4B,1,0,0,10255,0,0,0,0,0,11652,0,2079,0,0,0,2101,810,0,0
2026-04-02 13:03:15.627,1934.633490255,1775106195627,left_insole,左鞋垫,FF:25:02:05:1A:4B,1,0,0,9003,0,0,0,0,0,10347,0,2163,12,0,0,6290,1141,0,0
2026-04-02 13:03:15.657,1934.66338308,1775106195657,left_insole,左鞋垫,FF:25:02:05:1A:4B,1,0,0,5624,0,0,0,0,0,6852,0,1136,336,0,0,1352,916,0,0
2026-04-02 13:03:15.717,1934.723559684,1775106195717,left_insole,左鞋垫,FF:25:02:05:1A:4B,1,0,0,4158,0,0,0,0,0,4984,0,1168,994,0,0,1407,1221,0,0
2026-04-02 13:03:15.777,1934.783457467,1775106195777,left_insole,左鞋垫,FF:25:02:05:1A:4B,1,0,0,3849,729,0,115,0,416,4524,1396,1028,1500,0,0,0,2536,0,0
2026-04-02 13:03:15.838,1934.84498946,1775106195838,left_insole,左鞋垫,FF:25:02:05:1A:4B,1,0,0,2910,666,0,2254,0,1839,3121,733,0,4040,0,312,0,3199,0,520
2026-04-02 13:03:15.868,1934.874576292,1775106195868,left_insole,左鞋垫,FF:25:02:05:1A:4B,1,0,0,1906,0,0,708,2714,2076,2763,0,0,1476,4228,0,4660,1258,3548,0
2026-04-02 13:03:15.929,1934.935967783,1775106195929,left_insole,左鞋垫,FF:25:02:05:1A:4B,1,0,0,1321,0,0,0,2803,3720,2165,0,0,0,2755,0,0,0,1415,0
2026-04-02 13:03:15.988,1934.994542484,1775106195988,left_insole,左鞋垫,FF:25:02:05:1A:4B,1,0,0,955,0,0,0,787,1942,1362,0,0,0,499,0,0,0,0,0
2026-04-02 13:03:16.047,1935.053340877,1775106196047,left_insole,左鞋垫,FF:25:02:05:1A:4B,1,0,0,466,0,0,0,0,0,976,0,0,0,0,0,0,0,0,0
2026-04-02 13:03:16.077,1935.08338383,1775106196077,left_insole,左鞋垫,FF:25:02:05:1A:4B,1,0,0,387,0,0,0,0,0,1003,0,0,0,0,0,0,0,0,0
2026-04-02 13:03:16.259,1935.265537779,1775106196259,left_insole,左鞋垫,FF:25:02:05:1A:4B,1,0,0,469,0,0,0,0,0,986,0,0,0,0,0,0,0,0,0
2026-04-02 13:03:16.259,1935.265678781,1775106196259,left_insole,左鞋垫,FF:25:02:05:1A:4B,1,0,0,478,0,0,0,0,0,958,0,0,0,0,0,0,0,0,0
2026-04-02 13:03:16.259,1935.265734976,1775106196259,left_insole,左鞋垫,FF:25:02:05:1A:4B,1,0,0,432,0,0,0,0,0,992,0,0,0,0,0,0,0,0,0
2026-04-02 13:03:16.287,1935.293970468,1775106196287,left_insole,左鞋垫,FF:25:02:05:1A:4B,1,0,0,395,0,0,0,0,0,905,0,0,0,0,0,0,0,0,0
2026-04-02 13:03:16.378,1935.384380664,1775106196378,left_insole,左鞋垫,FF:25:02:05:1A:4B,1,0,0,321,0,0,0,0,0,857,0,0,0,0,0,0,0,0,0
2026-04-02 13:03:16.498,1935.504361366,1775106196498,left_insole,左鞋垫,FF:25:02:05:1A:4B,1,0,0,699,0,0,0,0,0,1532,0,0,0,0,0,0,0,0,0
2026-04-02 13:03:16.527,1935.533382471,1775106196527,left_insole,左鞋垫,FF:25:02:05:1A:4B,1,0,0,7886,0,0,0,0,0,8697,0,0,0,0,0,0,0,0,0
2026-04-02 13:03:16.527,1935.533467375,1775106196527,left_insole,左鞋垫,FF:25:02:05:1A:4B,1,0,0,11310,0,0,0,0,0,11845,0,1669,0,0,0,1505,181,0,0
2026-04-02 13:03:16.617,1935.623873849,1775106196617,left_insole,左鞋垫,FF:25:02:05:1A:4B,1,0,0,9477,0,0,0,0,0,9944,0,2243,77,0,0,1901,731,0,0
2026-04-02 13:03:16.648,1935.654394517,1775106196648,left_insole,左鞋垫,FF:25:02:05:1A:4B,1,0,0,7143,0,0,0,0,0,7533,0,1819,277,0,0,5565,819,0,0
2026-04-02 13:03:16.648,1935.654494393,1775106196648,left_insole,左鞋垫,FF:25:02:05:1A:4B,1,0,0,4388,0,0,0,0,27,4860,0,1249,754,0,0,1034,841,0,0
2026-04-02 13:03:16.827,1935.833489226,1775106196827,left_insole,左鞋垫,FF:25:02:05:1A:4B,1,0,0,3177,432,0,691,0,680,3623,1206,0,2334,0,0,0,1881,0,0
2026-04-02 13:03:16.827,1935.833604517,1775106196827,left_insole,左鞋垫,FF:25:02:05:1A:4B,1,0,0,2493,432,0,1984,0,1910,2843,671,0,3701,0,254,0,3026,0,415
2026-04-02 13:03:16.829,1935.835540724,1775106196829,left_insole,左鞋垫,FF:25:02:05:1A:4B,1,0,0,1869,0,0,583,2597,1960,2640,0,0,1627,4310,0,4680,1548,3527,0
2026-04-02 13:03:16.857,1935.863450608,1775106196857,left_insole,左鞋垫,FF:25:02:05:1A:4B,1,0,0,1237,0,0,0,3021,3770,2032,0,0,0,3356,0,3704,0,2019,0
2026-04-02 13:03:16.920,1935.926944588,1775106196920,left_insole,左鞋垫,FF:25:02:05:1A:4B,1,0,0,1064,0,0,0,1923,2895,1498,0,0,0,1819,0,0,0,453,0
2026-04-02 13:03:17.037,1936.043959867,1775106197037,left_insole,左鞋垫,FF:25:02:05:1A:4B,1,0,0,607,0,0,0,0,0,823,0,0,0,0,0,0,0,0,0
2026-04-02 13:03:17.038,1936.044609105,1775106197038,left_insole,左鞋垫,FF:25:02:05:1A:4B,1,0,0,374,0,0,0,0,0,914,0,0,0,0,0,0,0,0,0
2026-04-02 13:03:17.098,1936.104925585,1775106197098,left_insole,左鞋垫,FF:25:02:05:1A:4B,1,0,0,500,0,0,0,0,0,915,0,0,0,0,0,0,0,0,0
2026-04-02 13:03:17.129,1936.135585793,1775106197129,left_insole,左鞋垫,FF:25:02:05:1A:4B,1,0,0,523,0,0,0,0,0,903,0,0,0,0,0,0,0,0,0
2026-04-02 13:03:17.187,1936.193255114,1775106197187,left_insole,左鞋垫,FF:25:02:05:1A:4B,1,0,0,508,0,0,0,0,0,968,0,0,0,0,0,0,0,0,0
2026-04-02 13:03:17.247,1936.253542734,1775106197247,left_insole,左鞋垫,FF:25:02:05:1A:4B,1,0,0,441,0,0,0,0,0,883,0,0,0,0,0,0,0,0,0
2026-04-02 13:03:17.277,1936.28324308,1775106197277,left_insole,左鞋垫,FF:25:02:05:1A:4B,1,0,0,323,0,0,0,0,0,842,0,0,0,0,0,0,0,0,0
2026-04-02 13:03:17.517,1936.523236675,1775106197517,left_insole,左鞋垫,FF:25:02:05:1A:4B,1,0,0,1812,0,0,0,0,0,2672,0,0,0,0,0,0,0,0,0
2026-04-02 13:03:17.517,1936.523316768,1775106197517,left_insole,左鞋垫,FF:25:02:05:1A:4B,1,0,0,11201,0,0,0,0,0,11615,0,0,0,0,0,31,0,0,0
2026-04-02 13:03:17.547,1936.553454982,1775106197547,left_insole,左鞋垫,FF:25:02:05:1A:4B,1,0,0,11765,0,0,0,0,0,12332,0,1667,0,0,0,1810,350,0,0
2026-04-02 13:03:17.550,1936.556368473,1775106197550,left_insole,左鞋垫,FF:25:02:05:1A:4B,1,0,0,10719,0,0,0,0,0,11723,0,2339,0,0,0,2440,1120,0,0
2026-04-02 13:03:17.577,1936.583520016,1775106197577,left_insole,左鞋垫,FF:25:02:05:1A:4B,1,0,0,6918,0,0,0,0,0,8008,0,1442,286,0,0,1483,854,0,0
2026-04-02 13:03:17.607,1936.613436654,1775106197607,left_insole,左鞋垫,FF:25:02:05:1A:4B,1,0,0,4776,0,0,0,0,0,5638,0,972,550,0,0,931,704,0,0
2026-04-02 13:03:17.697,1936.703306387,1775106197697,left_insole,左鞋垫,FF:25:02:05:1A:4B,1,0,0,4150,0,0,1337,0,603,4151,0,0,2542,0,0,0,1890,0,0
2026-04-02 13:03:17.697,1936.703384677,1775106197697,left_insole,左鞋垫,FF:25:02:05:1A:4B,1,0,0,3303,0,0,2206,0,1494,3201,0,0,3055,0,0,0,2452,0,0
2026-04-02 13:03:17.757,1936.763487263,1775106197757,left_insole,左鞋垫,FF:25:02:05:1A:4B,1,0,0,2217,0,0,2633,1914,1108,2615,0,0,3264,4264,0,0,2148,3210,0
2026-04-02 13:03:17.818,1936.824430321,1775106197818,left_insole,左鞋垫,FF:25:02:05:1A:4B,1,0,0,1506,0,0,0,3203,2841,2346,0,0,0,3622,0,3984,0,2206,0
2026-04-02 13:03:17.847,1936.853565263,1775106197847,left_insole,左鞋垫,FF:25:02:05:1A:4B,1,0,0,1069,0,0,0,1130,2323,1544,0,0,0,949,0,0,0,0,0
2026-04-02 13:03:17.907,1936.913596428,1775106197907,left_insole,左鞋垫,FF:25:02:05:1A:4B,1,0,0,629,0,0,0,0,0,1124,0,0,0,0,0,0,0,0,0
2026-04-02 13:03:17.967,1936.973397004,1775106197967,left_insole,左鞋垫,FF:25:02:05:1A:4B,1,0,0,469,0,0,0,0,0,1050,0,0,0,0,0,0,0,0,0
2026-04-02 13:03:17.997,1937.003528052,1775106197997,left_insole,左鞋垫,FF:25:02:05:1A:4B,1,0,0,457,0,0,0,0,0,1098,0,0,0,0,0,0,0,0,0
2026-04-02 13:03:18.059,1937.065258515,1775106198059,left_insole,左鞋垫,FF:25:02:05:1A:4B,1,0,0,503,0,0,0,0,0,1090,0,0,0,0,0,0,0,0,0
2026-04-02 13:03:18.119,1937.125313061,1775106198119,left_insole,左鞋垫,FF:25:02:05:1A:4B,1,0,0,471,0,0,0,0,0,1058,0,0,0,0,0,0,0,0,0
2026-04-02 13:03:18.267,1937.273330498,1775106198267,left_insole,左鞋垫,FF:25:02:05:1A:4B,1,0,0,409,0,0,0,0,0,968,0,0,0,0,0,0,0,0,0
2026-04-02 13:03:18.267,1937.273439056,1775106198267,left_insole,左鞋垫,FF:25:02:05:1A:4B,1,0,0,287,0,0,0,0,0,975,0,0,0,0,0,0,0,0,0
2026-04-02 13:03:18.269,1937.275467007,1775106198269,left_insole,左鞋垫,FF:25:02:05:1A:4B,1,0,0,2529,0,0,0,0,0,2958,0,0,0,0,0,0,0,0,0
2026-04-02 13:03:18.327,1937.33351863,1775106198327,left_insole,左鞋垫,FF:25:02:05:1A:4B,1,0,0,12265,0,0,0,0,0,12536,0,0,0,0,0,0,0,0,0
2026-04-02 13:03:18.388,1937.394578384,1775106198388,left_insole,左鞋垫,FF:25:02:05:1A:4B,1,0,0,11435,0,0,0,0,0,12432,0,1913,0,0,0,2127,569,0,0
2026-04-02 13:03:18.417,1937.42328793,1775106198417,left_insole,左鞋垫,FF:25:02:05:1A:4B,1,0,0,8765,0,0,0,0,0,10203,0,2535,225,0,0,6698,1617,0,0
2026-04-02 13:03:18.478,1937.48450852,1775106198478,left_insole,左鞋垫,FF:25:02:05:1A:4B,1,0,0,4957,0,0,0,0,0,6421,0,1643,751,0,0,6231,1689,0,0
2026-04-02 13:03:18.537,1937.543307534,1775106198537,left_insole,左鞋垫,FF:25:02:05:1A:4B,1,0,0,3953,0,0,0,0,0,5197,0,1387,1124,0,0,1881,1693,0,0
2026-04-02 13:03:18.597,1937.60351651,1775106198597,left_insole,左鞋垫,FF:25:02:05:1A:4B,1,0,0,3701,0,0,618,0,359,4385,1686,0,3067,0,0,0,2675,0,0
2026-04-02 13:03:18.627,1937.633460954,1775106198627,left_insole,左鞋垫,FF:25:02:05:1A:4B,1,0,0,3185,884,0,2282,0,2015,3369,917,0,4075,0,263,0,3174,0,285
2026-04-02 13:03:18.687,1937.693612276,1775106198687,left_insole,左鞋垫,FF:25:02:05:1A:4B,1,0,0,1953,0,0,1229,2915,2282,2490,0,0,2262,4421,0,0,1542,3359,0
2026-04-02 13:03:18.747,1937.753604404,1775106198747,left_insole,左鞋垫,FF:25:02:05:1A:4B,1,0,0,1359,0,0,0,2161,3447,2090,0,0,0,2152,0,3594,0,1009,0
2026-04-02 13:03:18.777,1937.783335679,1775106198777,left_insole,左鞋垫,FF:25:02:05:1A:4B,1,0,0,866,0,0,0,151,1160,1335,0,0,0,26,0,367,0,0,0
2026-04-02 13:03:18.837,1937.843525129,1775106198837,left_insole,左鞋垫,FF:25:02:05:1A:4B,1,0,0,490,0,0,0,0,0,1215,0,0,0,0,0,0,0,0,0
2026-04-02 13:03:18.897,1937.903335075,1775106198897,left_insole,左鞋垫,FF:25:02:05:1A:4B,1,0,0,327,0,0,0,0,0,1022,0,0,0,0,0,0,0,0,0
2026-04-02 13:03:19.017,1938.023417723,1775106199017,left_insole,左鞋垫,FF:25:02:05:1A:4B,1,0,0,312,0,0,0,0,0,1016,0,0,0,0,0,0,0,0,0
2026-04-02 13:03:19.017,1938.023474031,1775106199017,left_insole,左鞋垫,FF:25:02:05:1A:4B,1,0,0,337,0,0,0,0,0,975,0,0,0,0,0,0,0,0,0
2026-04-02 13:03:19.047,1938.053557204,1775106199047,left_insole,左鞋垫,FF:25:02:05:1A:4B,1,0,0,346,0,0,0,0,0,943,0,0,0,0,0,0,0,0,0
2026-04-02 13:03:19.107,1938.11339214,1775106199107,left_insole,左鞋垫,FF:25:02:05:1A:4B,1,0,0,304,0,0,0,0,0,885,0,0,0,0,0,0,0,0,0
2026-04-02 13:03:19.167,1938.17362441,1775106199167,left_insole,左鞋垫,FF:25:02:05:1A:4B,1,0,0,166,0,0,0,0,0,893,0,0,0,0,0,0,0,0,0
2026-04-02 13:03:19.197,1938.203617239,1775106199197,left_insole,左鞋垫,FF:25:02:05:1A:4B,1,0,0,2541,0,0,0,0,0,3100,0,0,0,0,0,0,0,0,0
2026-04-02 13:03:19.257,1938.263432853,1775106199257,left_insole,左鞋垫,FF:25:02:05:1A:4B,1,0,0,11050,0,0,0,0,0,11880,0,369,0,0,0,523,0,0,0
2026-04-02 13:03:19.317,1938.323664866,1775106199317,left_insole,左鞋垫,FF:25:02:05:1A:4B,1,0,0,10457,0,0,0,0,0,11508,0,2068,0,0,0,2239,720,0,0
2026-04-02 13:03:19.377,1938.383423004,1775106199377,left_insole,左鞋垫,FF:25:02:05:1A:4B,1,0,0,9528,0,0,0,0,0,10630,0,2287,109,0,0,2308,1006,0,0
2026-04-02 13:03:19.407,1938.413644703,1775106199407,left_insole,左鞋垫,FF:25:02:05:1A:4B,1,0,0,6371,0,0,0,0,0,7630,0,1614,434,0,0,1671,979,0,0
2026-04-02 13:03:19.498,1938.504593758,1775106199498,left_insole,左鞋垫,FF:25:02:05:1A:4B,1,0,0,4574,0,0,0,0,0,5547,0,1274,836,0,0,1418,1084,0,0
2026-04-02 13:03:19.527,1938.533605796,1775106199527,left_insole,左鞋垫,FF:25:02:05:1A:4B,1,0,0,4012,1701,0,682,0,247,4589,1878,0,2722,0,0,0,2388,0,0
2026-04-02 13:03:19.557,1938.563589759,1775106199557,left_insole,左鞋垫,FF:25:02:05:1A:4B,1,0,0,3475,1320,0,2068,0,1421,3737,1374,0,4205,0,153,0,3522,0,311
2026-04-02 13:03:19.617,1938.62344029,1775106199617,left_insole,左鞋垫,FF:25:02:05:1A:4B,1,0,0,2040,0,0,1326,2781,1365,2671,0,0,3137,4835,0,0,2337,4040,0
2026-04-02 13:03:19.677,1938.683577205,1775106199677,left_insole,左鞋垫,FF:25:02:05:1A:4B,1,0,0,1657,0,0,0,3063,2457,2642,0,0,0,3887,0,4270,271,2618,0
2026-04-02 13:03:19.768,1938.774479433,1775106199768,left_insole,左鞋垫,FF:25:02:05:1A:4B,1,0,0,1084,0,0,0,1255,2490,1679,0,0,0,940,0,0,0,224,0
2026-04-02 13:03:19.768,1938.774534922,1775106199768,left_insole,左鞋垫,FF:25:02:05:1A:4B,1,0,0,565,0,0,0,0,0,1117,0,0,0,0,0,0,0,0,0
2026-04-02 13:03:19.917,1938.923314233,1775106199917,left_insole,左鞋垫,FF:25:02:05:1A:4B,1,0,0,407,0,0,0,0,0,1082,0,0,0,0,0,0,0,0,0
2026-04-02 13:03:19.917,1938.923367555,1775106199917,left_insole,左鞋垫,FF:25:02:05:1A:4B,1,0,0,420,0,0,0,0,0,1052,0,0,0,0,0,0,0,0,0
2026-04-02 13:03:19.977,1938.983332699,1775106199977,left_insole,左鞋垫,FF:25:02:05:1A:4B,1,0,0,393,0,0,0,0,0,1013,0,0,0,0,0,0,0,0,0
2026-04-02 13:03:19.977,1938.983383254,1775106199977,left_insole,左鞋垫,FF:25:02:05:1A:4B,1,0,0,406,0,0,0,0,0,1020,0,0,0,0,0,0,0,0,0
2026-04-02 13:03:20.097,1939.103339105,1775106200097,left_insole,左鞋垫,FF:25:02:05:1A:4B,1,0,0,330,0,0,0,0,0,957,0,0,0,0,0,0,0,0,0
2026-04-02 13:03:20.097,1939.10339144,1775106200097,left_insole,左鞋垫,FF:25:02:05:1A:4B,1,0,0,228,0,0,0,0,0,880,0,0,0,0,0,0,0,0,0
2026-04-02 13:03:20.187,1939.193337977,1775106200187,left_insole,左鞋垫,FF:25:02:05:1A:4B,1,0,0,1645,0,0,0,0,0,2362,0,0,0,0,0,0,0,0,0
2026-04-02 13:03:20.187,1939.193408566,1775106200187,left_insole,左鞋垫,FF:25:02:05:1A:4B,1,0,0,7083,0,0,0,0,0,7439,0,0,0,0,0,0,0,0,0
2026-04-02 13:03:20.248,1939.254564357,1775106200248,left_insole,左鞋垫,FF:25:02:05:1A:4B,1,0,0,10796,0,0,0,0,0,11442,0,1524,0,0,0,1871,338,0,0
2026-04-02 13:03:20.367,1939.373472436,1775106200367,left_insole,左鞋垫,FF:25:02:05:1A:4B,1,0,0,9900,0,0,0,0,0,11088,0,2485,148,0,0,2777,1306,0,0
2026-04-02 13:03:20.367,1939.373523692,1775106200367,left_insole,左鞋垫,FF:25:02:05:1A:4B,1,0,0,6370,0,0,0,0,0,7640,0,1725,709,0,0,2087,1418,0,0
2026-04-02 13:03:20.398,1939.404444435,1775106200398,left_insole,左鞋垫,FF:25:02:05:1A:4B,1,0,0,4157,0,0,0,0,0,5393,0,1329,891,0,0,1875,1559,0,0
2026-04-02 13:03:20.457,1939.463619526,1775106200457,left_insole,左鞋垫,FF:25:02:05:1A:4B,1,0,0,3674,0,0,0,0,0,4816,0,1497,1360,0,0,0,2568,0,0
2026-04-02 13:03:20.517,1939.523405986,1775106200517,left_insole,左鞋垫,FF:25:02:05:1A:4B,1,0,0,3868,0,0,2161,0,1216,3897,0,0,4170,0,18,0,3646,0,57
2026-04-02 13:03:20.577,1939.583553622,1775106200577,left_insole,左鞋垫,FF:25:02:05:1A:4B,1,0,0,2494,250,0,2620,0,2279,2915,598,0,4572,0,857,0,3901,0,1033
2026-04-02 13:03:20.607,1939.613528043,1775106200607,left_insole,左鞋垫,FF:25:02:05:1A:4B,1,0,0,1697,0,0,0,3146,2616,2614,0,0,0,3994,0,4305,333,2687,0
2026-04-02 13:03:20.667,1939.673541056,1775106200667,left_insole,左鞋垫,FF:25:02:05:1A:4B,1,0,0,1046,0,0,0,1328,2616,1712,0,0,0,1323,0,3294,0,314,0
2026-04-02 13:03:20.727,1939.733546062,1775106200727,left_insole,左鞋垫,FF:25:02:05:1A:4B,1,0,0,536,0,0,0,0,0,862,0,0,0,0,0,0,0,0,0
2026-04-02 13:03:20.757,1939.763503593,1775106200757,left_insole,左鞋垫,FF:25:02:05:1A:4B,1,0,0,365,0,0,0,0,0,960,0,0,0,0,0,0,0,0,0
2026-04-02 13:03:20.817,1939.823570896,1775106200817,left_insole,左鞋垫,FF:25:02:05:1A:4B,1,0,0,406,0,0,0,0,0,941,0,0,0,0,0,0,0,0,0
2026-04-02 13:03:20.877,1939.883671417,1775106200877,left_insole,左鞋垫,FF:25:02:05:1A:4B,1,0,0,439,0,0,0,0,0,935,0,0,0,0,0,0,0,0,0
2026-04-02 13:03:20.968,1939.974164686,1775106200968,left_insole,左鞋垫,FF:25:02:05:1A:4B,1,0,0,461,0,0,0,0,0,957,0,0,0,0,0,0,0,0,0
2026-04-02 13:03:20.968,1939.974211747,1775106200968,left_insole,左鞋垫,FF:25:02:05:1A:4B,1,0,0,391,0,0,0,0,0,946,0,0,0,0,0,0,0,0,0
2026-04-02 13:03:21.028,1940.034541679,1775106201028,left_insole,左鞋垫,FF:25:02:05:1A:4B,1,0,0,278,0,0,0,0,0,840,0,0,0,0,0,0,0,0,0
2026-04-02 13:03:21.089,1940.095192876,1775106201089,left_insole,左鞋垫,FF:25:02:05:1A:4B,1,0,0,481,0,0,0,0,0,1040,0,0,0,0,0,0,0,0,0
2026-04-02 13:03:21.117,1940.123534914,1775106201117,left_insole,左鞋垫,FF:25:02:05:1A:4B,1,0,0,8366,0,0,0,0,0,8431,0,0,0,0,0,0,0,0,0
2026-04-02 13:03:21.207,1940.213327202,1775106201207,left_insole,左鞋垫,FF:25:02:05:1A:4B,1,0,0,11639,0,0,0,0,0,12120,0,1358,0,0,0,1530,160,0,0
2026-04-02 13:03:21.267,1940.273651508,1775106201267,left_insole,左鞋垫,FF:25:02:05:1A:4B,1,0,0,10676,0,0,0,0,0,11745,0,2243,0,0,0,2229,989,0,0
2026-04-02 13:03:21.297,1940.30364172,1775106201297,left_insole,左鞋垫,FF:25:02:05:1A:4B,1,0,0,8134,0,0,0,0,0,9241,0,1866,198,0,0,1870,938,0,0
2026-04-02 13:03:21.357,1940.363552298,1775106201357,left_insole,左鞋垫,FF:25:02:05:1A:4B,1,0,0,5136,0,0,0,0,0,6161,0,1172,405,0,0,1171,761,0,0
2026-04-02 13:03:21.387,1940.393536589,1775106201387,left_insole,左鞋垫,FF:25:02:05:1A:4B,1,0,0,4394,0,0,38,0,0,5169,0,1273,1160,0,0,1141,1014,0,0
2026-04-02 13:03:21.447,1940.453360329,1775106201447,left_insole,左鞋垫,FF:25:02:05:1A:4B,1,0,0,3759,0,0,2092,0,1174,3778,0,0,3632,0,0,0,2754,0,0
2026-04-02 13:03:21.507,1940.51374341,1775106201507,left_insole,左鞋垫,FF:25:02:05:1A:4B,1,0,0,2514,122,0,2716,0,2364,2845,418,0,4321,0,880,0,3242,0,690
2026-04-02 13:03:21.567,1940.57337319,1775106201567,left_insole,左鞋垫,FF:25:02:05:1A:4B,1,0,0,1645,0,0,0,3063,2521,2597,0,0,0,3933,0,4274,398,2703,0
2026-04-02 13:03:21.627,1940.633531223,1775106201627,left_insole,左鞋垫,FF:25:02:05:1A:4B,1,0,0,1170,0,0,0,1605,2955,1994,0,0,0,2116,0,3680,0,998,0
2026-04-02 13:03:21.657,1940.663538623,1775106201657,left_insole,左鞋垫,FF:25:02:05:1A:4B,1,0,0,765,0,0,0,0,176,1245,0,0,0,0,0,3209,0,0,0
2026-04-02 13:03:21.717,1940.723535573,1775106201717,left_insole,左鞋垫,FF:25:02:05:1A:4B,1,0,0,280,0,0,0,0,0,1115,0,0,0,0,0,0,0,0,0
2026-04-02 13:03:21.747,1940.75353836,1775106201747,left_insole,左鞋垫,FF:25:02:05:1A:4B,1,0,0,305,0,0,0,0,0,1078,0,0,0,0,0,0,0,0,0
2026-04-02 13:03:21.837,1940.843680522,1775106201837,left_insole,左鞋垫,FF:25:02:05:1A:4B,1,0,0,296,0,0,0,0,0,989,0,0,0,0,0,0,0,0,0
2026-04-02 13:03:21.957,1940.963330768,1775106201957,left_insole,左鞋垫,FF:25:02:05:1A:4B,1,0,0,332,0,0,0,0,0,995,0,0,0,0,0,0,0,0,0
2026-04-02 13:03:21.957,1940.963398626,1775106201957,left_insole,左鞋垫,FF:25:02:05:1A:4B,1,0,0,375,0,0,0,0,0,967,0,0,0,0,0,0,0,0,0
2026-04-02 13:03:21.959,1940.965483171,1775106201959,left_insole,左鞋垫,FF:25:02:05:1A:4B,1,0,0,200,0,0,0,0,0,824,0,0,0,0,0,0,0,0,0
2026-04-02 13:03:22.077,1941.083551392,1775106202077,left_insole,左鞋垫,FF:25:02:05:1A:4B,1,0,0,357,0,0,0,0,0,1253,0,0,0,0,0,0,0,0,0
2026-04-02 13:03:22.107,1941.113358276,1775106202107,left_insole,左鞋垫,FF:25:02:05:1A:4B,1,0,0,7508,0,0,0,0,0,7032,0,0,0,0,0,0,0,0,0
2026-04-02 13:03:22.107,1941.113407509,1775106202107,left_insole,左鞋垫,FF:25:02:05:1A:4B,1,0,0,11185,0,0,0,0,0,11791,0,736,0,0,0,525,0,0,0
2026-04-02 13:03:22.197,1941.203526003,1775106202197,left_insole,左鞋垫,FF:25:02:05:1A:4B,1,0,0,10441,0,0,0,0,0,11224,0,2221,0,0,0,6092,908,0,0
2026-04-02 13:03:22.227,1941.233528047,1775106202227,left_insole,左鞋垫,FF:25:02:05:1A:4B,1,0,0,7671,0,0,0,0,0,8727,0,2222,463,0,0,5990,1053,0,0
2026-04-02 13:03:22.289,1941.295324885,1775106202289,left_insole,左鞋垫,FF:25:02:05:1A:4B,1,0,0,4852,0,0,0,0,0,5708,0,1391,800,0,0,1151,900,0,0
2026-04-02 13:03:22.317,1941.323626528,1775106202317,left_insole,左鞋垫,FF:25:02:05:1A:4B,1,0,0,3419,1294,0,1035,0,701,3873,1272,0,2255,0,0,0,1702,0,0
2026-04-02 13:03:22.377,1941.383489655,1775106202377,left_insole,左鞋垫,FF:25:02:05:1A:4B,1,0,0,2490,502,0,2177,0,1990,3008,708,0,3398,0,155,0,2529,0,20
2026-04-02 13:03:22.437,1941.443617545,1775106202437,left_insole,左鞋垫,FF:25:02:05:1A:4B,1,0,0,1930,0,0,1760,2454,1551,2532,0,0,2744,3472,0,0,1854,2479,0
2026-04-02 13:03:22.528,1941.534644482,1775106202528,left_insole,左鞋垫,FF:25:02:05:1A:4B,1,0,0,1366,0,0,0,3560,3389,2255,0,0,0,3587,0,3837,0,2011,0
2026-04-02 13:03:22.528,1941.534709956,1775106202528,left_insole,左鞋垫,FF:25:02:05:1A:4B,1,0,0,847,0,0,0,1958,3687,1494,0,0,0,1117,0,0,0,0,0
2026-04-02 13:03:22.587,1941.593399528,1775106202587,left_insole,左鞋垫,FF:25:02:05:1A:4B,1,0,0,587,0,0,0,0,360,848,0,0,0,0,0,0,0,0,0
2026-04-02 13:03:22.647,1941.653644111,1775106202647,left_insole,左鞋垫,FF:25:02:05:1A:4B,1,0,0,309,0,0,0,0,0,824,0,0,0,0,0,0,0,0,0
2026-04-02 13:03:22.887,1941.893426012,1775106202887,left_insole,左鞋垫,FF:25:02:05:1A:4B,1,0,0,301,0,0,0,0,0,841,0,0,0,0,0,0,0,0,0
2026-04-02 13:03:22.887,1941.893485653,1775106202887,left_insole,左鞋垫,FF:25:02:05:1A:4B,1,0,0,313,0,0,0,0,0,902,0,0,0,0,0,0,0,0,0
2026-04-02 13:03:22.890,1941.896421688,1775106202890,left_insole,左鞋垫,FF:25:02:05:1A:4B,1,0,0,306,0,0,0,0,0,898,0,0,0,0,0,0,0,0,0
2026-04-02 13:03:22.917,1941.923413269,1775106202917,left_insole,左鞋垫,FF:25:02:05:1A:4B,1,0,0,281,0,0,0,0,0,857,0,0,0,0,0,0,0,0,0
2026-04-02 13:03:22.917,1941.9234613,1775106202917,left_insole,左鞋垫,FF:25:02:05:1A:4B,1,0,0,110,0,0,0,0,0,715,0,0,0,0,0,0,0,0,0
2026-04-02 13:03:23.007,1942.013342382,1775106203007,left_insole,左鞋垫,FF:25:02:05:1A:4B,1,0,0,127,0,0,0,0,0,883,0,0,0,0,0,0,0,0,0
2026-04-02 13:03:23.007,1942.013391835,1775106203007,left_insole,左鞋垫,FF:25:02:05:1A:4B,1,0,0,6396,0,0,0,0,0,6318,0,0,0,0,0,0,0,0,0
2026-04-02 13:03:23.067,1942.073704124,1775106203067,left_insole,左鞋垫,FF:25:02:05:1A:4B,1,0,0,11523,0,0,0,0,0,12312,0,1593,0,0,0,1463,250,0,0
2026-04-02 13:03:23.097,1942.10375167,1775106203097,left_insole,左鞋垫,FF:25:02:05:1A:4B,1,0,0,10740,0,0,0,0,0,11767,0,2593,303,0,0,2588,1227,0,0
2026-04-02 13:03:23.218,1942.22471115,1775106203218,left_insole,左鞋垫,FF:25:02:05:1A:4B,1,0,0,6458,0,0,209,0,0,7496,0,0,2026,0,0,630,1085,0,0
2026-04-02 13:03:23.218,1942.224812902,1775106203218,left_insole,左鞋垫,FF:25:02:05:1A:4B,1,0,0,4483,0,0,0,0,0,5515,0,1227,739,0,0,1423,1054,0,0
2026-04-02 13:03:23.247,1942.253671013,1775106203247,left_insole,左鞋垫,FF:25:02:05:1A:4B,1,0,0,3406,1300,0,484,0,192,4123,1452,0,2343,0,0,0,2004,0,0
2026-04-02 13:03:23.428,1942.434246082,1775106203428,left_insole,左鞋垫,FF:25:02:05:1A:4B,1,0,0,2949,950,0,1725,0,1425,3409,1042,0,3688,0,0,0,2977,0,81
2026-04-02 13:03:23.428,1942.434331714,1775106203428,left_insole,左鞋垫,FF:25:02:05:1A:4B,1,0,0,1918,0,0,1452,2410,1270,2572,0,0,3332,4405,0,0,2679,3894,0
2026-04-02 13:03:23.487,1942.493321159,1775106203487,left_insole,左鞋垫,FF:25:02:05:1A:4B,1,0,0,1379,0,0,0,3337,2961,2378,0,0,0,3919,0,4127,213,2647,0
2026-04-02 13:03:23.487,1942.493412142,1775106203487,left_insole,左鞋垫,FF:25:02:05:1A:4B,1,0,0,909,0,0,0,1539,3032,1559,0,0,0,1335,0,0,0,367,0
2026-04-02 13:03:23.517,1942.523528922,1775106203517,left_insole,左鞋垫,FF:25:02:05:1A:4B,1,0,0,724,0,0,0,96,1051,1050,0,0,0,0,0,0,0,0,0
2026-04-02 13:03:23.577,1942.583369528,1775106203577,left_insole,左鞋垫,FF:25:02:05:1A:4B,1,0,0,249,0,0,0,0,0,970,0,0,0,0,0,0,0,0,0
2026-04-02 13:03:23.667,1942.673552866,1775106203667,left_insole,左鞋垫,FF:25:02:05:1A:4B,1,0,0,267,0,0,0,0,0,885,0,0,0,0,0,0,0,0,0
2026-04-02 13:03:23.697,1942.703576206,1775106203697,left_insole,左鞋垫,FF:25:02:05:1A:4B,1,0,0,246,0,0,0,0,0,885,0,0,0,0,0,0,0,0,0
2026-04-02 13:03:23.727,1942.733513692,1775106203727,left_insole,左鞋垫,FF:25:02:05:1A:4B,1,0,0,323,0,0,0,0,0,877,0,0,0,0,0,0,0,0,0
2026-04-02 13:03:23.788,1942.794592877,1775106203788,left_insole,左鞋垫,FF:25:02:05:1A:4B,1,0,0,279,0,0,0,0,0,872,0,0,0,0,0,0,0,0,0
2026-04-02 13:03:23.847,1942.853632139,1775106203847,left_insole,左鞋垫,FF:25:02:05:1A:4B,1,0,0,222,0,0,0,0,0,764,0,0,0,0,0,0,0,0,0
2026-04-02 13:03:23.877,1942.883297636,1775106203877,left_insole,左鞋垫,FF:25:02:05:1A:4B,1,0,0,145,0,0,0,0,0,940,0,0,0,0,0,0,0,0,0
2026-04-02 13:03:23.937,1942.94341907,1775106203937,left_insole,左鞋垫,FF:25:02:05:1A:4B,1,0,0,6546,0,0,0,0,0,6392,0,0,0,0,0,0,0,0,0
2026-04-02 13:03:23.998,1943.004387125,1775106203998,left_insole,左鞋垫,FF:25:02:05:1A:4B,1,0,0,11903,0,0,0,0,0,12448,0,1451,0,0,0,1304,43,0,0
2026-04-02 13:03:24.058,1943.064592265,1775106204058,left_insole,左鞋垫,FF:25:02:05:1A:4B,1,0,0,10689,0,0,0,0,0,11594,0,2262,0,0,0,2340,935,0,0
2026-04-02 13:03:24.087,1943.093519659,1775106204087,left_insole,左鞋垫,FF:25:02:05:1A:4B,1,0,0,7817,0,0,0,0,0,8832,0,2167,591,0,0,2032,1263,0,0
2026-04-02 13:03:24.147,1943.153568039,1775106204147,left_insole,左鞋垫,FF:25:02:05:1A:4B,1,0,0,4942,0,0,0,0,0,5724,0,1436,1032,0,0,1373,1130,0,0
2026-04-02 13:03:24.267,1943.273388572,1775106204267,left_insole,左鞋垫,FF:25:02:05:1A:4B,1,0,0,3600,0,0,490,0,407,3998,929,0,2044,0,0,0,2013,0,0
2026-04-02 13:03:24.267,1943.273440393,1775106204267,left_insole,左鞋垫,FF:25:02:05:1A:4B,1,0,0,2879,901,0,1469,0,1259,3352,1009,0,3579,0,0,0,3211,0,0
2026-04-02 13:03:24.327,1943.3336248,1775106204327,left_insole,左鞋垫,FF:25:02:05:1A:4B,1,0,0,2013,0,0,1330,2270,1085,2606,56,0,3410,4501,0,0,3092,4035,0
2026-04-02 13:03:24.358,1943.36430947,1775106204358,left_insole,左鞋垫,FF:25:02:05:1A:4B,1,0,0,1566,0,0,0,3191,1888,2641,0,0,893,4731,0,4672,1301,3798,58
2026-04-02 13:03:24.417,1943.423652636,1775106204417,left_insole,左鞋垫,FF:25:02:05:1A:4B,1,0,0,1047,0,0,0,2236,3113,1915,0,0,0,2457,0,3624,0,1428,0
2026-04-02 13:03:24.447,1943.453619531,1775106204447,left_insole,左鞋垫,FF:25:02:05:1A:4B,1,0,0,888,0,0,0,26,934,1094,0,0,0,0,0,0,0,0,0
2026-04-02 13:03:24.537,1943.543620557,1775106204537,left_insole,左鞋垫,FF:25:02:05:1A:4B,1,0,0,268,0,0,0,0,0,921,0,0,0,0,0,0,0,0,0
2026-04-02 13:03:24.567,1943.573661444,1775106204567,left_insole,左鞋垫,FF:25:02:05:1A:4B,1,0,0,326,0,0,0,0,0,874,0,0,0,0,0,0,0,0,0
2026-04-02 13:03:24.657,1943.663432132,1775106204657,left_insole,左鞋垫,FF:25:02:05:1A:4B,1,0,0,345,0,0,0,0,0,882,0,0,0,0,0,0,0,0,0
2026-04-02 13:03:24.657,1943.66348137,1775106204657,left_insole,左鞋垫,FF:25:02:05:1A:4B,1,0,0,332,0,0,0,0,0,889,0,0,0,0,0,0,0,0,0
2026-04-02 13:03:24.717,1943.723332024,1775106204717,left_insole,左鞋垫,FF:25:02:05:1A:4B,1,0,0,332,0,0,0,0,0,870,0,0,0,0,0,0,0,0,0
2026-04-02 13:03:24.778,1943.784607111,1775106204778,left_insole,左鞋垫,FF:25:02:05:1A:4B,1,0,0,288,0,0,0,0,0,855,0,0,0,0,0,0,0,0,0
2026-04-02 13:03:24.837,1943.84347298,1775106204837,left_insole,左鞋垫,FF:25:02:05:1A:4B,1,0,0,207,0,0,0,0,0,873,0,0,0,0,0,0,0,0,0
2026-04-02 13:03:24.867,1943.873616893,1775106204867,left_insole,左鞋垫,FF:25:02:05:1A:4B,1,0,0,2908,0,0,0,0,0,3274,0,0,0,0,0,0,0,0,0
2026-04-02 13:03:24.927,1943.933303234,1775106204927,left_insole,左鞋垫,FF:25:02:05:1A:4B,1,0,0,11940,0,0,0,0,0,12945,0,361,0,0,0,304,0,0,0
2026-04-02 13:03:24.987,1943.993641586,1775106204987,left_insole,左鞋垫,FF:25:02:05:1A:4B,1,0,0,10576,0,0,0,0,0,11792,0,2343,0,0,0,2694,1434,0,0
2026-04-02 13:03:25.017,1944.023632272,1775106205017,left_insole,左鞋垫,FF:25:02:05:1A:4B,1,0,0,7688,0,0,0,0,0,8804,0,2620,969,0,0,2747,1758,0,0
2026-04-02 13:03:25.077,1944.083653912,1775106205077,left_insole,左鞋垫,FF:25:02:05:1A:4B,1,0,0,4860,0,0,0,0,350,5584,0,1734,1137,0,0,1781,1537,0,0
2026-04-02 13:03:25.137,1944.143614065,1775106205137,left_insole,左鞋垫,FF:25:02:05:1A:4B,1,0,0,3317,1138,0,452,0,808,3672,1442,0,2074,0,0,0,1935,0,0
2026-04-02 13:03:25.197,1944.203659959,1775106205197,left_insole,左鞋垫,FF:25:02:05:1A:4B,1,0,0,2794,1005,0,785,0,1262,3302,1118,0,2377,0,0,0,2214,0,0
2026-04-02 13:03:25.227,1944.233617308,1775106205227,left_insole,左鞋垫,FF:25:02:05:1A:4B,1,0,0,2363,582,0,1496,0,2066,2778,640,0,2939,0,0,0,2513,0,0
2026-04-02 13:03:25.287,1944.293344482,1775106205287,left_insole,左鞋垫,FF:25:02:05:1A:4B,1,0,0,1930,0,0,2105,0,2928,2288,88,0,3345,0,561,0,2756,0,628
2026-04-02 13:03:25.347,1944.353634527,1775106205347,left_insole,左鞋垫,FF:25:02:05:1A:4B,1,0,0,1417,0,0,299,3185,2418,2044,0,0,890,4081,0,0,770,2873,0
2026-04-02 13:03:25.407,1944.413366531,1775106205407,left_insole,左鞋垫,FF:25:02:05:1A:4B,1,0,0,967,0,0,0,2374,2888,1691,0,0,0,2056,0,0,0,926,0
2026-04-02 13:03:25.437,1944.443623634,1775106205437,left_insole,左鞋垫,FF:25:02:05:1A:4B,1,0,0,757,0,0,0,841,1673,1216,0,0,0,642,0,3124,0,0,0
2026-04-02 13:03:25.501,1944.507295152,1775106205501,left_insole,左鞋垫,FF:25:02:05:1A:4B,1,0,0,271,0,0,0,0,0,912,0,0,0,0,0,0,0,0,0
2026-04-02 13:03:25.557,1944.563554947,1775106205557,left_insole,左鞋垫,FF:25:02:05:1A:4B,1,0,0,243,0,0,0,0,0,847,0,0,0,0,0,0,0,0,0
2026-04-02 13:03:25.647,1944.653240042,1775106205647,left_insole,左鞋垫,FF:25:02:05:1A:4B,1,0,0,259,0,0,0,0,0,855,0,0,0,0,0,0,0,0,0
2026-04-02 13:03:25.647,1944.653290331,1775106205647,left_insole,左鞋垫,FF:25:02:05:1A:4B,1,0,0,252,0,0,0,0,0,832,0,0,0,0,0,0,0,0,0
2026-04-02 13:03:25.708,1944.714497208,1775106205708,left_insole,左鞋垫,FF:25:02:05:1A:4B,1,0,0,277,0,0,0,0,0,802,0,0,0,0,0,0,0,0,0
2026-04-02 13:03:25.827,1944.833401873,1775106205827,left_insole,左鞋垫,FF:25:02:05:1A:4B,1,0,0,261,0,0,0,0,0,800,0,0,0,0,0,0,0,0,0
2026-04-02 13:03:25.827,1944.833449705,1775106205827,left_insole,左鞋垫,FF:25:02:05:1A:4B,1,0,0,193,0,0,0,0,0,725,0,0,0,0,0,0,0,0,0
2026-04-02 13:03:25.857,1944.863296144,1775106205857,left_insole,左鞋垫,FF:25:02:05:1A:4B,1,0,0,102,0,0,0,0,0,700,0,0,0,0,0,0,0,0,0
2026-04-02 13:03:25.917,1944.92366475,1775106205917,left_insole,左鞋垫,FF:25:02:05:1A:4B,1,0,0,755,0,0,0,0,0,1628,0,0,0,0,0,0,0,0,0
2026-04-02 13:03:26.008,1945.014493449,1775106206008,left_insole,左鞋垫,FF:25:02:05:1A:4B,1,0,0,3896,0,0,0,0,0,3921,0,0,0,0,0,0,0,0,0
2026-04-02 13:03:26.037,1945.043625811,1775106206037,left_insole,左鞋垫,FF:25:02:05:1A:4B,1,0,0,9451,0,0,0,0,0,11041,0,0,0,0,0,419,0,0,0
2026-04-02 13:03:26.067,1945.073595101,1775106206067,left_insole,左鞋垫,FF:25:02:05:1A:4B,1,0,0,9526,0,0,0,0,0,10969,0,1754,0,0,0,2390,984,0,0
2026-04-02 13:03:26.127,1945.133617153,1775106206127,left_insole,左鞋垫,FF:25:02:05:1A:4B,1,0,0,8803,0,0,0,0,0,10405,0,2074,301,0,0,2596,1416,0,0
2026-04-02 13:03:26.217,1945.223332774,1775106206217,left_insole,左鞋垫,FF:25:02:05:1A:4B,1,0,0,7007,0,0,0,0,0,8571,0,2043,856,0,0,2621,1647,0,0
2026-04-02 13:03:26.247,1945.253640604,1775106206247,left_insole,左鞋垫,FF:25:02:05:1A:4B,1,0,0,5612,0,0,0,0,0,6870,0,1874,1365,0,0,2534,1853,0,0
2026-04-02 13:03:26.307,1945.313422679,1775106206307,left_insole,左鞋垫,FF:25:02:05:1A:4B,1,0,0,4780,0,0,0,0,149,6021,0,2048,1762,0,0,2502,2165,0,0
2026-04-02 13:03:26.337,1945.343438791,1775106206337,left_insole,左鞋垫,FF:25:02:05:1A:4B,1,0,0,3906,0,0,282,0,426,5042,0,1441,1557,0,0,2648,2512,0,0
2026-04-02 13:03:26.428,1945.434363593,1775106206428,left_insole,左鞋垫,FF:25:02:05:1A:4B,1,0,0,3415,1198,0,233,0,785,4359,1617,1522,2141,0,0,2587,2612,0,0
2026-04-02 13:03:26.428,1945.434416024,1775106206428,left_insole,左鞋垫,FF:25:02:05:1A:4B,1,0,0,3026,805,0,628,0,1156,3941,1035,1446,2242,0,0,1838,1862,0,0
2026-04-02 13:03:26.487,1945.493608808,1775106206487,left_insole,左鞋垫,FF:25:02:05:1A:4B,1,0,0,2610,415,0,1829,0,1804,2946,626,0,3398,0,149,0,2458,0,93
2026-04-02 13:03:26.547,1945.553441336,1775106206547,left_insole,左鞋垫,FF:25:02:05:1A:4B,1,0,0,2071,16,0,2071,0,2331,2428,171,0,3438,0,582,0,2399,0,397
2026-04-02 13:03:26.607,1945.613605215,1775106206607,left_insole,左鞋垫,FF:25:02:05:1A:4B,1,0,0,1551,0,0,882,2437,1872,2157,0,0,1857,3617,0,0,1181,2685,0
2026-04-02 13:03:26.637,1945.643619966,1775106206637,left_insole,左鞋垫,FF:25:02:05:1A:4B,1,0,0,1019,0,0,0,1955,2529,1998,0,0,0,2702,0,2172,0,2096,0
2026-04-02 13:03:26.728,1945.734664837,1775106206728,left_insole,左鞋垫,FF:25:02:05:1A:4B,1,0,0,703,0,0,0,632,1878,1396,0,0,0,1033,0,3494,0,269,0
2026-04-02 13:03:26.787,1945.793284201,1775106206787,left_insole,左鞋垫,FF:25:02:05:1A:4B,1,0,0,494,0,0,0,0,47,898,0,0,0,0,0,3110,0,0,0
2026-04-02 13:03:26.787,1945.793336317,1775106206787,left_insole,左鞋垫,FF:25:02:05:1A:4B,1,0,0,32,0,0,0,0,0,647,0,0,0,0,0,0,0,0,0
2026-04-02 13:03:26.847,1945.853629893,1775106206847,left_insole,左鞋垫,FF:25:02:05:1A:4B,1,0,0,0,0,0,0,0,0,715,0,0,0,0,0,0,0,0,0
2026-04-02 13:03:26.908,1945.914323949,1775106206908,left_insole,左鞋垫,FF:25:02:05:1A:4B,1,0,0,50,0,0,0,0,0,644,0,0,0,0,0,0,0,0,0
2026-04-02 13:03:27.027,1946.033246278,1775106207027,left_insole,左鞋垫,FF:25:02:05:1A:4B,1,0,0,0,0,0,0,0,0,634,0,0,0,0,0,0,0,0,0
2026-04-02 13:03:27.057,1946.06344678,1775106207057,left_insole,左鞋垫,FF:25:02:05:1A:4B,1,0,0,53,0,0,0,0,0,610,0,0,0,0,0,0,0,0,0
2026-04-02 13:03:27.057,1946.063553591,1775106207057,left_insole,左鞋垫,FF:25:02:05:1A:4B,1,0,0,88,0,0,0,0,0,619,0,0,0,0,0,0,0,0,0
2026-04-02 13:03:27.118,1946.124631623,1775106207118,left_insole,左鞋垫,FF:25:02:05:1A:4B,1,0,0,101,0,0,0,0,0,608,0,0,0,0,0,0,0,0,0
2026-04-02 13:03:27.177,1946.183621521,1775106207177,left_insole,左鞋垫,FF:25:02:05:1A:4B,1,0,0,125,0,0,0,0,0,585,0,0,0,0,0,0,0,0,0
2026-04-02 13:03:27.207,1946.213609028,1775106207207,left_insole,左鞋垫,FF:25:02:05:1A:4B,1,0,0,0,0,0,0,0,0,610,0,0,0,0,0,0,0,0,0
2026-04-02 13:03:27.267,1946.273505468,1775106207267,left_insole,左鞋垫,FF:25:02:05:1A:4B,1,0,0,18,0,0,0,0,0,673,0,0,0,0,0,0,0,0,0
2026-04-02 13:03:27.327,1946.333625455,1775106207327,left_insole,左鞋垫,FF:25:02:05:1A:4B,1,0,0,2441,0,0,0,0,0,2329,0,0,0,0,0,0,0,0,0
2026-04-02 13:03:27.357,1946.363391761,1775106207357,left_insole,左鞋垫,FF:25:02:05:1A:4B,1,0,0,4909,0,0,0,0,0,5035,0,0,0,0,0,0,0,0,0
2026-04-02 13:03:27.417,1946.423620506,1775106207417,left_insole,左鞋垫,FF:25:02:05:1A:4B,1,0,0,8111,0,0,0,0,0,9068,0,750,0,0,0,900,0,0,0
2026-04-02 13:03:27.477,1946.483279281,1775106207477,left_insole,左鞋垫,FF:25:02:05:1A:4B,1,0,0,8983,0,0,0,0,0,9832,0,1557,0,0,0,3782,366,0,0
2026-04-02 13:03:27.537,1946.54329706,1775106207537,left_insole,左鞋垫,FF:25:02:05:1A:4B,1,0,0,8801,0,0,0,0,0,9741,0,1712,0,0,0,4664,562,0,0
2026-04-02 13:03:27.568,1946.574251819,1775106207568,left_insole,左鞋垫,FF:25:02:05:1A:4B,1,0,0,8279,0,0,0,0,0,9289,0,1922,200,0,0,5005,881,0,0
2026-04-02 13:03:27.660,1946.666412571,1775106207660,left_insole,左鞋垫,FF:25:02:05:1A:4B,1,0,0,7346,0,0,0,0,0,8514,0,1871,627,0,0,4210,1117,0,0
2026-04-02 13:03:27.687,1946.693194085,1775106207687,left_insole,左鞋垫,FF:25:02:05:1A:4B,1,0,0,6663,0,0,0,0,0,7697,0,2124,1250,0,0,2542,1638,0,0
2026-04-02 13:03:27.747,1946.753189464,1775106207747,left_insole,左鞋垫,FF:25:02:05:1A:4B,1,0,0,6033,0,0,78,0,0,7074,0,2616,1897,0,0,2918,2082,0,0
2026-04-02 13:03:27.777,1946.783315582,1775106207777,left_insole,左鞋垫,FF:25:02:05:1A:4B,1,0,0,5335,0,0,492,0,23,6198,0,2742,2423,0,0,2863,2374,0,0
2026-04-02 13:03:27.930,1946.936341386,1775106207930,left_insole,左鞋垫,FF:25:02:05:1A:4B,1,0,0,4647,0,164,956,0,436,5357,0,2722,2735,0,0,2752,2362,0,0
2026-04-02 13:03:27.958,1946.964410133,1775106207958,left_insole,左鞋垫,FF:25:02:05:1A:4B,1,0,0,3626,291,0,1673,0,873,4123,1751,0,4018,0,0,0,3365,0,0
2026-04-02 13:03:27.958,1946.964517677,1775106207958,left_insole,左鞋垫,FF:25:02:05:1A:4B,1,0,0,3099,1028,0,2252,0,1532,3597,1206,0,4454,0,219,0,3706,0,288
2026-04-02 13:03:28.078,1947.084316075,1775106208078,left_insole,左鞋垫,FF:25:02:05:1A:4B,1,0,0,2191,0,0,1326,2359,784,2726,197,0,3174,4385,0,0,2468,3607,0
2026-04-02 13:03:28.078,1947.084407414,1775106208078,left_insole,左鞋垫,FF:25:02:05:1A:4B,1,0,0,1527,0,0,0,2423,1628,2569,0,0,70,3661,0,4344,324,2621,0
2026-04-02 13:03:28.107,1947.113445809,1775106208107,left_insole,左鞋垫,FF:25:02:05:1A:4B,1,0,0,1112,0,0,0,1563,1965,1929,0,0,0,1977,0,0,0,1012,0
2026-04-02 13:03:28.137,1947.143198392,1775106208137,left_insole,左鞋垫,FF:25:02:05:1A:4B,1,0,0,844,0,0,0,173,787,1346,0,0,0,542,0,3247,0,0,0
2026-04-02 13:03:28.198,1947.204371792,1775106208198,left_insole,左鞋垫,FF:25:02:05:1A:4B,1,0,0,555,0,0,0,0,0,933,0,0,0,0,0,0,0,0,0
2026-04-02 13:03:28.258,1947.264223049,1775106208258,left_insole,左鞋垫,FF:25:02:05:1A:4B,1,0,0,233,0,0,0,0,0,982,0,0,0,0,0,0,0,0,0
2026-04-02 13:03:28.378,1947.384373029,1775106208378,left_insole,左鞋垫,FF:25:02:05:1A:4B,1,0,0,249,0,0,0,0,0,903,0,0,0,0,0,0,0,0,0
2026-04-02 13:03:28.378,1947.384476142,1775106208378,left_insole,左鞋垫,FF:25:02:05:1A:4B,1,0,0,220,0,0,0,0,0,910,0,0,0,0,0,0,0,0,0
2026-04-02 13:03:28.408,1947.414500734,1775106208408,left_insole,左鞋垫,FF:25:02:05:1A:4B,1,0,0,277,0,0,0,0,0,932,0,0,0,0,0,0,0,0,0
2026-04-02 13:03:28.527,1947.533325788,1775106208527,left_insole,左鞋垫,FF:25:02:05:1A:4B,1,0,0,275,0,0,0,0,0,892,0,0,0,0,0,0,0,0,0
2026-04-02 13:03:28.587,1947.593409136,1775106208587,left_insole,左鞋垫,FF:25:02:05:1A:4B,1,0,0,256,0,0,0,0,0,849,0,0,0,0,0,0,0,0,0
2026-04-02 13:03:28.618,1947.624409583,1775106208618,left_insole,左鞋垫,FF:25:02:05:1A:4B,1,0,0,245,0,0,0,0,0,834,0,0,0,0,0,0,0,0,0
2026-04-02 13:03:28.618,1947.624505081,1775106208618,left_insole,左鞋垫,FF:25:02:05:1A:4B,1,0,0,201,0,0,0,0,0,798,0,0,0,0,0,0,0,0,0
2026-04-02 13:03:28.677,1947.683484318,1775106208677,left_insole,左鞋垫,FF:25:02:05:1A:4B,1,0,0,634,0,0,0,0,0,1236,0,0,0,0,0,0,0,0,0
2026-04-02 13:03:28.737,1947.743306046,1775106208737,left_insole,左鞋垫,FF:25:02:05:1A:4B,1,0,0,3222,0,0,0,0,0,3412,0,0,0,0,0,0,0,0,0
2026-04-02 13:03:28.768,1947.774400029,1775106208768,left_insole,左鞋垫,FF:25:02:05:1A:4B,1,0,0,7441,0,0,0,0,0,8512,0,0,0,0,0,0,0,0,0
2026-04-02 13:03:28.827,1947.833551556,1775106208827,left_insole,左鞋垫,FF:25:02:05:1A:4B,1,0,0,8443,0,0,0,0,0,9810,0,1157,0,0,0,1631,234,0,0
2026-04-02 13:03:28.917,1947.92335548,1775106208917,left_insole,左鞋垫,FF:25:02:05:1A:4B,1,0,0,8865,0,0,0,0,0,10157,0,1893,0,0,0,2364,1002,0,0
2026-04-02 13:03:28.917,1947.923456808,1775106208917,left_insole,左鞋垫,FF:25:02:05:1A:4B,1,0,0,8080,0,0,0,0,0,9623,0,2150,266,0,0,2917,1631,0,0
2026-04-02 13:03:29.037,1948.043337585,1775106209037,left_insole,左鞋垫,FF:25:02:05:1A:4B,1,0,0,6883,0,0,0,0,0,8709,0,2343,775,0,0,3421,2200,0,0
2026-04-02 13:03:29.037,1948.043429197,1775106209037,left_insole,左鞋垫,FF:25:02:05:1A:4B,1,0,0,6105,0,0,0,0,0,7823,0,2484,1090,0,0,3678,2599,0,0
2026-04-02 13:03:29.187,1948.193483998,1775106209187,left_insole,左鞋垫,FF:25:02:05:1A:4B,1,0,0,5343,0,0,0,0,0,7000,0,2803,1635,0,0,4098,3349,0,0
2026-04-02 13:03:29.187,1948.193558129,1775106209187,left_insole,左鞋垫,FF:25:02:05:1A:4B,1,0,0,4752,0,0,0,0,0,6381,0,2979,2195,0,0,4285,3642,0,0
2026-04-02 13:03:29.189,1948.195618995,1775106209189,left_insole,左鞋垫,FF:25:02:05:1A:4B,1,0,0,4310,0,0,0,0,0,5789,0,3139,2566,0,0,4263,3747,0,0
2026-04-02 13:03:29.277,1948.283635382,1775106209277,left_insole,左鞋垫,FF:25:02:05:1A:4B,1,0,0,3883,0,0,223,0,176,5098,0,2906,2853,0,0,3745,3578,0,0
2026-04-02 13:03:29.307,1948.313644157,1775106209307,left_insole,左鞋垫,FF:25:02:05:1A:4B,1,0,0,3631,1642,0,896,0,460,4525,2391,0,3906,0,0,0,4166,0,40
2026-04-02 13:03:29.397,1948.403428388,1775106209397,left_insole,左鞋垫,FF:25:02:05:1A:4B,1,0,0,3127,1098,0,434,0,772,4232,1457,1990,2920,0,0,3224,3610,0,190
2026-04-02 13:03:29.397,1948.403479517,1775106209397,left_insole,左鞋垫,FF:25:02:05:1A:4B,1,0,0,2311,482,0,1550,0,1354,3105,1078,0,4434,0,343,0,4339,0,896
2026-04-02 13:03:29.487,1948.493402544,1775106209487,left_insole,左鞋垫,FF:25:02:05:1A:4B,1,0,0,1732,0,0,144,1881,566,2639,200,0,2977,4644,0,0,3087,4965,0
2026-04-02 13:03:29.547,1948.553283395,1775106209547,left_insole,左鞋垫,FF:25:02:05:1A:4B,1,0,0,1231,0,0,0,2262,986,2279,0,0,1562,5033,0,0,1217,4269,0
2026-04-02 13:03:29.547,1948.553390788,1775106209547,left_insole,左鞋垫,FF:25:02:05:1A:4B,1,0,0,962,0,0,0,1963,1239,2248,0,0,0,4164,0,4183,858,4116,0
2026-04-02 13:03:29.727,1948.733254282,1775106209727,left_insole,左鞋垫,FF:25:02:05:1A:4B,1,0,0,682,0,0,0,799,1162,1698,0,0,0,2319,0,3921,165,2274,0
2026-04-02 13:03:29.727,1948.733364949,1775106209727,left_insole,左鞋垫,FF:25:02:05:1A:4B,1,0,0,592,0,0,0,0,166,1118,0,0,0,527,0,0,0,281,0
2026-04-02 13:03:29.729,1948.735258947,1775106209729,left_insole,左鞋垫,FF:25:02:05:1A:4B,1,0,0,0,0,0,0,0,0,679,0,0,0,0,0,0,0,0,0
2026-04-02 13:03:29.757,1948.763145349,1775106209757,left_insole,左鞋垫,FF:25:02:05:1A:4B,1,0,0,0,0,0,0,0,0,802,0,0,0,0,0,0,0,0,0
2026-04-02 13:03:29.817,1948.823226558,1775106209817,left_insole,左鞋垫,FF:25:02:05:1A:4B,1,0,0,0,0,0,0,0,0,708,0,0,0,0,0,0,0,0,0
2026-04-02 13:03:29.937,1948.943286403,1775106209937,left_insole,左鞋垫,FF:25:02:05:1A:4B,1,0,0,27,0,0,0,0,0,730,0,0,0,0,0,0,0,0,0
2026-04-02 13:03:29.937,1948.943376275,1775106209937,left_insole,左鞋垫,FF:25:02:05:1A:4B,1,0,0,54,0,0,0,0,0,693,0,0,0,0,0,0,0,0,0
2026-04-02 13:03:29.967,1948.973363606,1775106209967,left_insole,左鞋垫,FF:25:02:05:1A:4B,1,0,0,191,0,0,0,0,0,725,0,0,0,0,0,0,0,0,0
2026-04-02 13:03:30.027,1949.033403152,1775106210027,left_insole,左鞋垫,FF:25:02:05:1A:4B,1,0,0,169,0,0,0,0,0,706,0,0,0,0,0,0,0,0,0
2026-04-02 13:03:30.088,1949.094553842,1775106210088,left_insole,左鞋垫,FF:25:02:05:1A:4B,1,0,0,125,0,0,0,0,0,692,0,0,0,0,0,0,0,0,0
2026-04-02 13:03:30.148,1949.15464375,1775106210148,left_insole,左鞋垫,FF:25:02:05:1A:4B,1,0,0,81,0,0,0,0,0,671,0,0,0,0,0,0,0,0,0
2026-04-02 13:03:30.178,1949.184222754,1775106210178,left_insole,左鞋垫,FF:25:02:05:1A:4B,1,0,0,61,0,0,0,0,0,720,0,0,0,0,0,0,0,0,0
2026-04-02 13:03:30.237,1949.24360001,1775106210237,left_insole,左鞋垫,FF:25:02:05:1A:4B,1,0,0,2459,0,0,0,0,0,2511,0,0,0,0,0,0,0,0,0
2026-04-02 13:03:30.327,1949.333331696,1775106210327,left_insole,左鞋垫,FF:25:02:05:1A:4B,1,0,0,6235,0,0,0,0,0,7132,0,0,0,0,0,0,0,0,0
2026-04-02 13:03:30.327,1949.333419121,1775106210327,left_insole,左鞋垫,FF:25:02:05:1A:4B,1,0,0,8630,0,0,0,0,0,10178,0,640,0,0,0,1233,0,0,0
2026-04-02 13:03:30.387,1949.393395492,1775106210387,left_insole,左鞋垫,FF:25:02:05:1A:4B,1,0,0,8912,0,0,0,0,0,10765,0,1341,0,0,0,2206,652,0,0
2026-04-02 13:03:30.478,1949.484522047,1775106210478,left_insole,左鞋垫,FF:25:02:05:1A:4B,1,0,0,8364,0,0,0,0,0,10237,0,1911,0,0,0,3022,1603,0,0
2026-04-02 13:03:30.478,1949.484618447,1775106210478,left_insole,左鞋垫,FF:25:02:05:1A:4B,1,0,0,7693,0,0,0,0,0,9667,0,2343,343,0,0,3622,2143,0,0
2026-04-02 13:03:30.538,1949.544411911,1775106210538,left_insole,左鞋垫,FF:25:02:05:1A:4B,1,0,0,6598,0,0,0,0,0,8780,0,2438,709,0,0,3991,2683,0,0
2026-04-02 13:03:30.687,1949.693681094,1775106210687,left_insole,左鞋垫,FF:25:02:05:1A:4B,1,0,0,5761,0,0,0,0,0,7826,0,2692,1070,0,0,4337,3171,0,0
2026-04-02 13:03:30.898,1949.904480795,1775106210898,left_insole,左鞋垫,FF:25:02:05:1A:4B,1,0,0,5407,0,0,0,0,0,7263,0,3058,1509,0,0,4696,3676,0,0
2026-04-02 13:03:30.898,1949.904533662,1775106210898,left_insole,左鞋垫,FF:25:02:05:1A:4B,1,0,0,4666,0,0,0,0,0,6695,0,3195,2033,0,0,4793,3934,0,0
2026-04-02 13:03:30.898,1949.904578667,1775106210898,left_insole,左鞋垫,FF:25:02:05:1A:4B,1,0,0,4199,0,0,0,0,0,6005,0,3176,2603,0,0,4798,4298,0,0
2026-04-02 13:03:30.928,1949.934426354,1775106210928,left_insole,左鞋垫,FF:25:02:05:1A:4B,1,0,0,3378,0,0,0,0,0,5040,0,3063,3023,622,0,4081,3860,3943,0
2026-04-02 13:03:30.928,1949.934497555,1775106210928,left_insole,左鞋垫,FF:25:02:05:1A:4B,1,0,0,2869,724,0,0,997,0,4002,1633,0,3542,4030,0,0,4621,4752,0
2026-04-02 13:03:30.928,1949.934523846,1775106210928,left_insole,左鞋垫,FF:25:02:05:1A:4B,1,0,0,2293,47,0,109,1449,0,3357,944,0,3620,4604,0,0,4387,5346,0
2026-04-02 13:03:31.077,1950.083435054,1775106211077,left_insole,左鞋垫,FF:25:02:05:1A:4B,1,0,0,1877,0,0,61,1877,11,2945,579,0,3499,4952,0,0,4128,5787,74
2026-04-02 13:03:31.077,1950.083487701,1775106211077,left_insole,左鞋垫,FF:25:02:05:1A:4B,1,0,0,1260,0,0,0,2050,460,2557,0,0,2111,5483,0,0,2392,5194,41
2026-04-02 13:03:31.079,1950.085602634,1775106211079,left_insole,左鞋垫,FF:25:02:05:1A:4B,1,0,0,935,0,0,0,1781,911,2281,0,0,0,4689,0,701,1513,5479,323
2026-04-02 13:03:31.228,1950.234336383,1775106211228,left_insole,左鞋垫,FF:25:02:05:1A:4B,1,0,0,673,0,0,0,581,696,1741,0,0,0,2646,0,1361,516,2439,0
2026-04-02 13:03:31.228,1950.234396889,1775106211228,left_insole,左鞋垫,FF:25:02:05:1A:4B,1,0,0,497,0,0,0,0,0,1224,0,0,0,640,0,2270,0,578,0
2026-04-02 13:03:31.228,1950.234444748,1775106211228,left_insole,左鞋垫,FF:25:02:05:1A:4B,1,0,0,115,0,0,0,0,0,787,0,0,0,0,0,0,0,0,0
2026-04-02 13:03:31.288,1950.294655278,1775106211288,left_insole,左鞋垫,FF:25:02:05:1A:4B,1,0,0,0,0,0,0,0,0,868,0,0,0,0,0,0,0,0,0
2026-04-02 13:03:31.378,1950.38461443,1775106211378,left_insole,左鞋垫,FF:25:02:05:1A:4B,1,0,0,0,0,0,0,0,0,783,0,0,0,0,0,0,0,0,0
2026-04-02 13:03:31.378,1950.384662257,1775106211378,left_insole,左鞋垫,FF:25:02:05:1A:4B,1,0,0,0,0,0,0,0,0,723,0,0,0,0,0,0,0,0,0
2026-04-02 13:03:31.468,1950.474416964,1775106211468,left_insole,左鞋垫,FF:25:02:05:1A:4B,1,0,0,43,0,0,0,0,0,746,0,0,0,0,0,0,0,0,0
2026-04-02 13:03:31.468,1950.474477241,1775106211468,left_insole,左鞋垫,FF:25:02:05:1A:4B,1,0,0,112,0,0,0,0,0,746,0,0,0,0,0,0,0,0,0
2026-04-02 13:03:31.708,1950.714381628,1775106211708,left_insole,左鞋垫,FF:25:02:05:1A:4B,1,0,0,132,0,0,0,0,0,730,0,0,0,0,0,0,0,0,0
2026-04-02 13:03:31.708,1950.714467702,1775106211708,left_insole,左鞋垫,FF:25:02:05:1A:4B,1,0,0,122,0,0,0,0,0,704,0,0,0,0,0,0,0,0,0
2026-04-02 13:03:31.708,1950.714518022,1775106211708,left_insole,左鞋垫,FF:25:02:05:1A:4B,1,0,0,43,0,0,0,0,0,676,0,0,0,0,0,0,0,0,0
2026-04-02 13:03:31.738,1950.744549632,1775106211738,left_insole,左鞋垫,FF:25:02:05:1A:4B,1,0,0,86,0,0,0,0,0,731,0,0,0,0,0,0,0,0,0
2026-04-02 13:03:31.738,1950.744650207,1775106211738,left_insole,左鞋垫,FF:25:02:05:1A:4B,1,0,0,2215,0,0,0,0,0,2500,0,0,0,0,0,0,0,0,0
2026-04-02 13:03:31.827,1950.833358725,1775106211827,left_insole,左鞋垫,FF:25:02:05:1A:4B,1,0,0,4318,0,0,0,0,0,4588,0,0,0,0,0,0,0,0,0
2026-04-02 13:03:31.858,1950.864505083,1775106211858,left_insole,左鞋垫,FF:25:02:05:1A:4B,1,0,0,7215,0,0,0,0,0,8640,0,151,0,0,0,360,0,0,0
2026-04-02 13:03:31.917,1950.923294198,1775106211917,left_insole,左鞋垫,FF:25:02:05:1A:4B,1,0,0,8436,0,0,0,0,0,9864,0,1246,0,0,0,1311,114,0,0
2026-04-02 13:03:31.978,1950.98452324,1775106211978,left_insole,左鞋垫,FF:25:02:05:1A:4B,1,0,0,8744,0,0,0,0,0,10067,0,1416,0,0,0,1640,373,0,0
2026-04-02 13:03:32.008,1951.014532432,1775106212008,left_insole,左鞋垫,FF:25:02:05:1A:4B,1,0,0,8264,0,0,0,0,0,9619,0,1756,139,0,0,2198,890,0,0
2026-04-02 13:03:32.037,1951.043380733,1775106212037,left_insole,左鞋垫,FF:25:02:05:1A:4B,1,0,0,7677,0,0,0,0,0,9276,0,2009,549,0,0,2553,1376,0,0
2026-04-02 13:03:32.098,1951.104513571,1775106212098,left_insole,左鞋垫,FF:25:02:05:1A:4B,1,0,0,6468,0,0,0,0,0,8116,0,2351,1126,0,0,3001,1846,0,0
2026-04-02 13:03:32.158,1951.164251118,1775106212158,left_insole,左鞋垫,FF:25:02:05:1A:4B,1,0,0,5585,0,0,0,0,0,7021,0,2642,1897,0,0,2985,2302,0,0
2026-04-02 13:03:32.248,1951.254516122,1775106212248,left_insole,左鞋垫,FF:25:02:05:1A:4B,1,0,0,4678,0,0,333,0,113,5835,0,2719,2402,0,0,2947,2311,0,0
2026-04-02 13:03:32.248,1951.254609659,1775106212248,left_insole,左鞋垫,FF:25:02:05:1A:4B,1,0,0,3847,0,0,1963,0,776,4414,0,0,4104,0,0,0,3532,0,0
2026-04-02 13:03:32.308,1951.314518829,1775106212308,left_insole,左鞋垫,FF:25:02:05:1A:4B,1,0,0,3124,1100,0,1762,0,1088,3658,1366,0,3916,0,0,0,3418,0,276
2026-04-02 13:03:32.458,1951.464624874,1775106212458,left_insole,左鞋垫,FF:25:02:05:1A:4B,1,0,0,2538,509,0,1932,0,1574,3115,855,0,4180,0,392,0,3535,0,708
2026-04-02 13:03:32.488,1951.494557776,1775106212488,left_insole,左鞋垫,FF:25:02:05:1A:4B,1,0,0,2035,0,0,851,2112,978,2566,0,0,2660,4284,0,0,2071,3743,0
2026-04-02 13:03:32.488,1951.494653119,1775106212488,left_insole,左鞋垫,FF:25:02:05:1A:4B,1,0,0,1275,0,0,0,2080,1572,2359,0,0,0,3635,0,4403,306,3002,0
2026-04-02 13:03:32.517,1951.523658247,1775106212517,left_insole,左鞋垫,FF:25:02:05:1A:4B,1,0,0,804,0,0,0,1017,1553,1786,0,0,0,1774,0,0,0,980,0
2026-04-02 13:03:32.578,1951.584630341,1775106212578,left_insole,左鞋垫,FF:25:02:05:1A:4B,1,0,0,604,0,0,0,0,221,1090,0,0,0,0,0,0,0,0,0
2026-04-02 13:03:32.637,1951.643437879,1775106212637,left_insole,左鞋垫,FF:25:02:05:1A:4B,1,0,0,253,0,0,0,0,0,912,0,0,0,0,0,0,0,0,0
2026-04-02 13:03:32.668,1951.674506248,1775106212668,left_insole,左鞋垫,FF:25:02:05:1A:4B,1,0,0,127,0,0,0,0,0,944,0,0,0,0,0,0,0,0,0
2026-04-02 13:03:32.728,1951.734282552,1775106212728,left_insole,左鞋垫,FF:25:02:05:1A:4B,1,0,0,160,0,0,0,0,0,875,0,0,0,0,0,0,0,0,0
2026-04-02 13:03:32.818,1951.8245326,1775106212818,left_insole,左鞋垫,FF:25:02:05:1A:4B,1,0,0,181,0,0,0,0,0,829,0,0,0,0,0,0,0,0,0
2026-04-02 13:03:32.818,1951.824622329,1775106212818,left_insole,左鞋垫,FF:25:02:05:1A:4B,1,0,0,179,0,0,0,0,0,793,0,0,0,0,0,0,0,0,0
2026-04-02 13:03:32.878,1951.884667753,1775106212878,left_insole,左鞋垫,FF:25:02:05:1A:4B,1,0,0,189,0,0,0,0,0,757,0,0,0,0,0,0,0,0,0
2026-04-02 13:03:32.938,1951.944602199,1775106212938,left_insole,左鞋垫,FF:25:02:05:1A:4B,1,0,0,150,0,0,0,0,0,762,0,0,0,0,0,0,0,0,0
2026-04-02 13:03:32.997,1952.003503883,1775106212997,left_insole,左鞋垫,FF:25:02:05:1A:4B,1,0,0,104,0,0,0,0,0,690,0,0,0,0,0,0,0,0,0
2026-04-02 13:03:33.028,1952.03453115,1775106213028,left_insole,左鞋垫,FF:25:02:05:1A:4B,1,0,0,6,0,0,0,0,0,717,0,0,0,0,0,0,0,0,0
2026-04-02 13:03:33.087,1952.093355338,1775106213087,left_insole,左鞋垫,FF:25:02:05:1A:4B,1,0,0,2079,0,0,0,0,0,2468,0,0,0,0,0,0,0,0,0
2026-04-02 13:03:33.148,1952.154603993,1775106213148,left_insole,左鞋垫,FF:25:02:05:1A:4B,1,0,0,4494,0,0,0,0,0,4908,0,0,0,0,0,0,0,0,0
2026-04-02 13:03:33.268,1952.274666454,1775106213268,left_insole,左鞋垫,FF:25:02:05:1A:4B,1,0,0,7315,0,0,0,0,0,8930,0,484,0,0,0,1035,0,0,0
2026-04-02 13:03:33.268,1952.274717973,1775106213268,left_insole,左鞋垫,FF:25:02:05:1A:4B,1,0,0,8278,0,0,0,0,0,9625,0,1554,0,0,0,1931,606,0,0
2026-04-02 13:03:33.358,1952.364475468,1775106213358,left_insole,左鞋垫,FF:25:02:05:1A:4B,1,0,0,8587,0,0,0,0,0,9784,0,1732,229,0,0,1922,774,0,0
2026-04-02 13:03:33.358,1952.364548289,1775106213358,left_insole,左鞋垫,FF:25:02:05:1A:4B,1,0,0,7400,0,0,0,0,0,8336,0,1906,846,0,0,4224,1120,0,0
2026-04-02 13:03:33.567,1952.573419944,1775106213567,left_insole,左鞋垫,FF:25:02:05:1A:4B,1,0,0,5828,0,0,42,0,203,6832,0,2136,1351,0,0,5476,1228,0,0
2026-04-02 13:03:33.567,1952.573475223,1775106213567,left_insole,左鞋垫,FF:25:02:05:1A:4B,1,0,0,5402,0,0,305,0,354,6343,0,2209,1481,0,0,5753,1352,0,0
2026-04-02 13:03:33.570,1952.576627474,1775106213570,left_insole,左鞋垫,FF:25:02:05:1A:4B,1,0,0,4867,0,93,614,0,527,5701,0,2311,1843,0,0,5777,1552,0,0
2026-04-02 13:03:33.598,1952.604619496,1775106213598,left_insole,左鞋垫,FF:25:02:05:1A:4B,1,0,0,4232,0,211,904,0,656,4944,0,2533,2222,0,0,5975,1822,0,0
2026-04-02 13:03:33.598,1952.604673146,1775106213598,left_insole,左鞋垫,FF:25:02:05:1A:4B,1,0,0,3522,0,0,2537,0,1479,3906,778,0,3228,0,0,0,2444,0,0
2026-04-02 13:03:33.688,1952.694625121,1775106213688,left_insole,左鞋垫,FF:25:02:05:1A:4B,1,0,0,2790,670,0,2387,0,2097,3192,800,0,3854,0,188,0,2775,0,27
2026-04-02 13:03:33.748,1952.754623866,1775106213748,left_insole,左鞋垫,FF:25:02:05:1A:4B,1,0,0,2194,43,0,2445,0,2797,2614,278,0,3656,2350,0,0,1879,2419,0
2026-04-02 13:03:33.868,1952.874646573,1775106213868,left_insole,左鞋垫,FF:25:02:05:1A:4B,1,0,0,1610,0,0,236,2007,2738,2254,0,0,938,3288,0,0,540,2177,0
2026-04-02 13:03:33.868,1952.874697918,1775106213868,left_insole,左鞋垫,FF:25:02:05:1A:4B,1,0,0,1139,0,0,0,1476,3376,1839,0,0,0,1453,0,0,0,503,0
2026-04-02 13:03:33.898,1952.904334763,1775106213898,left_insole,左鞋垫,FF:25:02:05:1A:4B,1,0,0,883,0,0,0,393,2258,1333,0,0,0,158,0,0,0,0,0
2026-04-02 13:03:33.958,1952.964541514,1775106213958,left_insole,左鞋垫,FF:25:02:05:1A:4B,1,0,0,425,0,0,0,0,0,927,0,0,0,0,0,0,0,0,0
2026-04-02 13:03:34.047,1953.053425062,1775106214047,left_insole,左鞋垫,FF:25:02:05:1A:4B,1,0,0,296,0,0,0,0,0,992,0,0,0,0,0,0,0,0,0
2026-04-02 13:03:34.047,1953.053478323,1775106214047,left_insole,左鞋垫,FF:25:02:05:1A:4B,1,0,0,256,0,0,0,0,0,945,0,0,0,0,0,0,0,0,0
2026-04-02 13:03:34.108,1953.11461755,1775106214108,left_insole,左鞋垫,FF:25:02:05:1A:4B,1,0,0,315,0,0,0,0,0,956,0,0,0,0,0,0,0,0,0
2026-04-02 13:03:34.138,1953.144341566,1775106214138,left_insole,左鞋垫,FF:25:02:05:1A:4B,1,0,0,292,0,0,0,0,0,962,0,0,0,0,0,0,0,0,0
2026-04-02 13:03:34.228,1953.234573699,1775106214228,left_insole,左鞋垫,FF:25:02:05:1A:4B,1,0,0,310,0,0,0,0,0,948,0,0,0,0,0,0,0,0,0
2026-04-02 13:03:34.228,1953.234622546,1775106214228,left_insole,左鞋垫,FF:25:02:05:1A:4B,1,0,0,273,0,0,0,0,0,934,0,0,0,0,0,0,0,0,0
2026-04-02 13:03:34.287,1953.293565858,1775106214287,left_insole,左鞋垫,FF:25:02:05:1A:4B,1,0,0,273,0,0,0,0,0,875,0,0,0,0,0,0,0,0,0
2026-04-02 13:03:34.348,1953.354522952,1775106214348,left_insole,左鞋垫,FF:25:02:05:1A:4B,1,0,0,177,0,0,0,0,0,789,0,0,0,0,0,0,0,0,0
2026-04-02 13:03:34.377,1953.383515824,1775106214377,left_insole,左鞋垫,FF:25:02:05:1A:4B,1,0,0,228,0,0,0,0,0,1007,0,0,0,0,0,0,0,0,0
2026-04-02 13:03:34.438,1953.444625783,1775106214438,left_insole,左鞋垫,FF:25:02:05:1A:4B,1,0,0,3072,0,0,0,0,0,3223,0,0,0,0,0,0,0,0,0
2026-04-02 13:03:34.497,1953.503452592,1775106214497,left_insole,左鞋垫,FF:25:02:05:1A:4B,1,0,0,6843,0,0,0,0,0,8323,0,0,0,0,0,77,0,0,0
2026-04-02 13:03:34.558,1953.56460775,1775106214558,left_insole,左鞋垫,FF:25:02:05:1A:4B,1,0,0,7795,0,0,0,0,0,9242,0,1110,0,0,0,1754,449,0,0
2026-04-02 13:03:34.588,1953.5943674,1775106214588,left_insole,左鞋垫,FF:25:02:05:1A:4B,1,0,0,7995,0,0,0,0,0,9450,0,1914,124,0,0,2548,1256,0,0
2026-04-02 13:03:34.648,1953.654597984,1775106214648,left_insole,左鞋垫,FF:25:02:05:1A:4B,1,0,0,6722,0,0,0,0,0,8180,0,2343,1024,0,0,2941,1849,0,0
2026-04-02 13:03:34.737,1953.74357362,1775106214737,left_insole,左鞋垫,FF:25:02:05:1A:4B,1,0,0,5777,0,0,0,0,0,7091,0,2456,1622,0,0,3178,2204,0,0
2026-04-02 13:03:34.768,1953.774403843,1775106214768,left_insole,左鞋垫,FF:25:02:05:1A:4B,1,0,0,4653,0,0,0,0,111,6076,0,2477,1862,0,0,5063,2455,0,0
2026-04-02 13:03:34.797,1953.803320023,1775106214797,left_insole,左鞋垫,FF:25:02:05:1A:4B,1,0,0,4517,0,0,244,0,318,5936,0,2469,2154,0,0,2849,2083,0,0
2026-04-02 13:03:34.859,1953.865348256,1775106214859,left_insole,左鞋垫,FF:25:02:05:1A:4B,1,0,0,4500,0,36,490,0,626,5450,0,2810,2232,0,0,6272,2264,0,0
2026-04-02 13:03:34.948,1953.954402948,1775106214948,left_insole,左鞋垫,FF:25:02:05:1A:4B,1,0,0,3701,0,0,2064,0,1029,4222,31,0,3230,0,0,0,3082,0,0
2026-04-02 13:03:35.098,1954.10426186,1775106215098,left_insole,左鞋垫,FF:25:02:05:1A:4B,1,0,0,3083,1164,0,1678,0,1402,3723,1482,0,3787,0,0,0,3167,0,123
2026-04-02 13:03:35.098,1954.104316171,1775106215098,left_insole,左鞋垫,FF:25:02:05:1A:4B,1,0,0,2254,381,0,1981,0,2057,2950,606,0,3748,0,378,0,3132,0,480
2026-04-02 13:03:35.098,1954.104346302,1775106215098,left_insole,左鞋垫,FF:25:02:05:1A:4B,1,0,0,1610,0,0,735,1863,1635,2373,0,0,2268,3702,0,0,1785,3198,0
2026-04-02 13:03:35.188,1954.194319455,1775106215188,left_insole,左鞋垫,FF:25:02:05:1A:4B,1,0,0,1340,0,0,0,1969,2108,2413,0,0,345,3264,0,261,423,2692,0
2026-04-02 13:03:35.218,1954.224340853,1775106215218,left_insole,左鞋垫,FF:25:02:05:1A:4B,1,0,0,900,0,0,0,1929,2661,1913,0,0,0,2572,0,0,0,1569,0
2026-04-02 13:03:35.218,1954.224389523,1775106215218,left_insole,左鞋垫,FF:25:02:05:1A:4B,1,0,0,642,0,0,0,701,1728,1340,0,0,0,1095,0,3355,0,464,0
2026-04-02 13:03:35.277,1954.28327725,1775106215277,left_insole,左鞋垫,FF:25:02:05:1A:4B,1,0,0,317,0,0,0,0,0,858,0,0,0,0,0,1197,0,0,0
2026-04-02 13:03:35.337,1954.343302103,1775106215337,left_insole,左鞋垫,FF:25:02:05:1A:4B,1,0,0,0,0,0,0,0,0,797,0,0,0,0,0,0,0,0,0
2026-04-02 13:03:35.368,1954.374753553,1775106215368,left_insole,左鞋垫,FF:25:02:05:1A:4B,1,0,0,0,0,0,0,0,0,780,0,0,0,0,0,0,0,0,0
2026-04-02 13:03:35.458,1954.46434605,1775106215458,left_insole,左鞋垫,FF:25:02:05:1A:4B,1,0,0,0,0,0,0,0,0,715,0,0,0,0,0,0,0,0,0
2026-04-02 13:03:35.488,1954.494389778,1775106215488,left_insole,左鞋垫,FF:25:02:05:1A:4B,1,0,0,43,0,0,0,0,0,733,0,0,0,0,0,0,0,0,0
2026-04-02 13:03:35.548,1954.554286774,1775106215548,left_insole,左鞋垫,FF:25:02:05:1A:4B,1,0,0,110,0,0,0,0,0,709,0,0,0,0,0,0,0,0,0
2026-04-02 13:03:35.578,1954.584241928,1775106215578,left_insole,左鞋垫,FF:25:02:05:1A:4B,1,0,0,111,0,0,0,0,0,719,0,0,0,0,0,0,0,0,0
2026-04-02 13:03:35.638,1954.644329965,1775106215638,left_insole,左鞋垫,FF:25:02:05:1A:4B,1,0,0,112,0,0,0,0,0,719,0,0,0,0,0,0,0,0,0
2026-04-02 13:03:35.728,1954.734335164,1775106215728,left_insole,左鞋垫,FF:25:02:05:1A:4B,1,0,0,76,0,0,0,0,0,699,0,0,0,0,0,0,0,0,0
2026-04-02 13:03:35.759,1954.765174917,1775106215759,left_insole,左鞋垫,FF:25:02:05:1A:4B,1,0,0,46,0,0,0,0,0,704,0,0,0,0,0,0,0,0,0
2026-04-02 13:03:35.818,1954.824540527,1775106215818,left_insole,左鞋垫,FF:25:02:05:1A:4B,1,0,0,16,0,0,0,0,0,758,0,0,0,0,0,0,0,0,0
2026-04-02 13:03:35.848,1954.854469933,1775106215848,left_insole,左鞋垫,FF:25:02:05:1A:4B,1,0,0,1517,0,0,0,0,0,1863,0,0,0,0,0,0,0,0,0
2026-04-02 13:03:35.908,1954.91443365,1775106215908,left_insole,左鞋垫,FF:25:02:05:1A:4B,1,0,0,3268,0,0,0,0,0,3359,0,0,0,0,0,0,0,0,0
2026-04-02 13:03:35.937,1954.943346383,1775106215937,left_insole,左鞋垫,FF:25:02:05:1A:4B,1,0,0,5933,0,0,0,0,0,7475,0,0,0,0,0,188,0,0,0
2026-04-02 13:03:35.999,1955.005314552,1775106215999,left_insole,左鞋垫,FF:25:02:05:1A:4B,1,0,0,7609,0,0,0,0,0,9253,0,1211,0,0,0,1627,405,0,0
2026-04-02 13:03:36.058,1955.064613289,1775106216058,left_insole,左鞋垫,FF:25:02:05:1A:4B,1,0,0,8047,0,0,0,0,0,9396,0,1694,19,0,0,1902,755,0,0
2026-04-02 13:03:36.148,1955.154595988,1775106216148,left_insole,左鞋垫,FF:25:02:05:1A:4B,1,0,0,7754,0,0,0,0,0,9109,0,1858,456,0,0,2076,906,0,0
2026-04-02 13:03:36.148,1955.154659851,1775106216148,left_insole,左鞋垫,FF:25:02:05:1A:4B,1,0,0,6889,0,0,0,0,0,8052,0,2021,1078,0,0,2033,1274,0,0
2026-04-02 13:03:36.418,1955.424617114,1775106216418,left_insole,左鞋垫,FF:25:02:05:1A:4B,1,0,0,6078,0,0,215,0,153,7242,0,2044,1452,0,0,2072,1369,0,0
2026-04-02 13:03:36.508,1955.514399456,1775106216508,left_insole,左鞋垫,FF:25:02:05:1A:4B,1,0,0,5543,0,0,519,0,419,6489,0,2200,1820,0,0,1941,1402,0,0
2026-04-02 13:03:36.508,1955.514442687,1775106216508,left_insole,左鞋垫,FF:25:02:05:1A:4B,1,0,0,5006,0,124,748,0,661,5944,0,2505,1953,0,0,6116,1638,0,0
2026-04-02 13:03:36.538,1955.544220495,1775106216538,left_insole,左鞋垫,FF:25:02:05:1A:4B,1,0,0,4888,0,302,827,0,589,5826,0,2632,2093,0,0,5971,1623,0,0
2026-04-02 13:03:36.538,1955.544576473,1775106216538,left_insole,左鞋垫,FF:25:02:05:1A:4B,1,0,0,4662,0,319,778,0,430,5470,0,2497,2014,0,0,5850,1480,0,0
2026-04-02 13:03:36.540,1955.546600718,1775106216540,left_insole,左鞋垫,FF:25:02:05:1A:4B,1,0,0,4544,0,396,843,0,458,5321,0,2511,2017,0,0,5833,1522,0,0
2026-04-02 13:03:36.658,1955.66453066,1775106216658,left_insole,左鞋垫,FF:25:02:05:1A:4B,1,0,0,4584,0,480,1093,0,655,5099,0,2598,2285,0,0,5966,1785,0,0
2026-04-02 13:03:36.658,1955.66458147,1775106216658,left_insole,左鞋垫,FF:25:02:05:1A:4B,1,0,0,3713,0,0,2757,0,1582,3817,0,0,4077,0,201,0,2996,0,11
