local_time,arrival_time_monotonic,timestamp_ms,role,role_label,mac_address,foot_id,p1,p2,p3,p4,p5,p6,p7,p8,p9,p10,p11,p12,p13,p14,p15,p16,p17,p18
2026-04-02 13:02:22.981,1881.987959864,1775106142981,right_insole,右鞋垫,FF:25:02:05:18:F3,2,0,0,2331,0,0,0,0,0,2455,0,0,0,0,0,0,0,0,0
2026-04-02 13:02:23.011,1882.017300921,1775106143011,right_insole,右鞋垫,FF:25:02:05:18:F3,2,0,0,2359,0,0,0,0,0,2529,0,0,0,0,0,0,0,0,0
2026-04-02 13:02:23.131,1882.137282139,1775106143131,right_insole,右鞋垫,FF:25:02:05:18:F3,2,0,0,2849,46,0,0,0,0,3457,0,0,0,0,0,0,0,0,0
2026-04-02 13:02:23.131,1882.137412008,1775106143131,right_insole,右鞋垫,FF:25:02:05:18:F3,2,0,0,6377,1339,0,0,0,0,7266,1603,0,0,0,0,0,0,0,0
2026-04-02 13:02:23.222,1882.228315521,1775106143222,right_insole,右鞋垫,FF:25:02:05:18:F3,2,0,0,8697,3561,0,0,0,0,9946,4210,0,0,0,0,200,0,0,0
2026-04-02 13:02:23.222,1882.228408224,1775106143222,right_insole,右鞋垫,FF:25:02:05:18:F3,2,0,0,8992,4458,0,0,0,0,9860,4661,608,191,0,0,868,0,0,0
2026-04-02 13:02:23.281,1882.287321032,1775106143281,right_insole,右鞋垫,FF:25:02:05:18:F3,2,152,0,7862,3962,0,0,663,0,8413,4097,1334,960,1139,0,1513,576,636,0
2026-04-02 13:02:23.341,1882.347533917,1775106143341,right_insole,右鞋垫,FF:25:02:05:18:F3,2,747,0,6358,2888,0,0,1385,0,6615,2838,1432,1520,1901,0,1521,884,1227,0
2026-04-02 13:02:23.371,1882.377593549,1775106143371,right_insole,右鞋垫,FF:25:02:05:18:F3,2,1056,0,5257,2113,0,195,1671,0,5369,1934,1317,1790,2380,0,1490,1192,1540,0
2026-04-02 13:02:23.431,1882.437488375,1775106143431,right_insole,右鞋垫,FF:25:02:05:18:F3,2,1120,0,4693,1727,0,183,1932,0,4807,1595,1323,2025,2771,0,1452,1303,1727,0
2026-04-02 13:02:23.491,1882.497423779,1775106143491,right_insole,右鞋垫,FF:25:02:05:18:F3,2,1391,0,4392,1330,0,377,2268,23,4158,989,1189,2217,3345,0,1331,1394,2074,0
2026-04-02 13:02:23.551,1882.557422169,1775106143551,right_insole,右鞋垫,FF:25:02:05:18:F3,2,1843,123,3805,696,0,560,2922,411,3477,343,912,2522,4089,0,1197,1528,2624,0
2026-04-02 13:02:23.581,1882.587330162,1775106143581,right_insole,右鞋垫,FF:25:02:05:18:F3,2,2459,1024,3231,131,0,496,3637,1309,2960,0,318,2103,4872,0,602,1395,3264,0
2026-04-02 13:02:23.643,1882.649312155,1775106143643,right_insole,右鞋垫,FF:25:02:05:18:F3,2,3033,2275,2786,0,0,0,4003,2372,2628,0,0,705,5278,472,0,420,3476,483
2026-04-02 13:02:23.701,1882.707491529,1775106143701,right_insole,右鞋垫,FF:25:02:05:18:F3,2,2951,3180,2476,0,0,0,3571,3084,2442,0,0,0,4338,454,0,0,2679,317
2026-04-02 13:02:23.763,1882.770045416,1775106143763,right_insole,右鞋垫,FF:25:02:05:18:F3,2,1716,2521,2175,0,0,0,1910,2502,2329,0,0,0,2329,0,0,0,1419,0
2026-04-02 13:02:23.791,1882.797413066,1775106143791,right_insole,右鞋垫,FF:25:02:05:18:F3,2,208,0,2022,0,0,0,122,299,2037,0,0,0,389,0,0,0,102,0
2026-04-02 13:02:23.851,1882.85753599,1775106143851,right_insole,右鞋垫,FF:25:02:05:18:F3,2,0,0,2242,0,0,0,0,0,2277,0,0,0,0,0,0,0,0,0
2026-04-02 13:02:23.911,1882.917607186,1775106143911,right_insole,右鞋垫,FF:25:02:05:18:F3,2,0,0,2233,0,0,0,0,0,2271,0,0,0,0,0,0,0,0,0
2026-04-02 13:02:23.971,1882.977535067,1775106143971,right_insole,右鞋垫,FF:25:02:05:18:F3,2,0,0,2289,0,0,0,0,0,2355,0,0,0,0,0,0,0,0,0
2026-04-02 13:02:24.031,1883.037709815,1775106144031,right_insole,右鞋垫,FF:25:02:05:18:F3,2,0,0,2262,0,0,0,0,0,2350,0,0,0,0,0,0,0,0,0
2026-04-02 13:02:24.061,1883.067636503,1775106144061,right_insole,右鞋垫,FF:25:02:05:18:F3,2,0,0,2322,0,0,0,0,0,2383,0,0,0,0,0,0,0,0,0
2026-04-02 13:02:24.121,1883.127598484,1775106144121,right_insole,右鞋垫,FF:25:02:05:18:F3,2,0,0,2306,0,0,0,0,0,2372,0,0,0,0,0,0,0,0,0
2026-04-02 13:02:24.151,1883.157611018,1775106144151,right_insole,右鞋垫,FF:25:02:05:18:F3,2,0,0,2170,0,0,0,0,0,2262,0,0,0,0,0,0,0,0,0
2026-04-02 13:02:24.212,1883.218564796,1775106144212,right_insole,右鞋垫,FF:25:02:05:18:F3,2,0,0,2272,0,0,0,0,0,2600,0,0,0,0,0,0,0,0,0
2026-04-02 13:02:24.271,1883.277620337,1775106144271,right_insole,右鞋垫,FF:25:02:05:18:F3,2,0,0,4530,627,0,0,0,0,5204,643,0,0,0,0,0,0,0,0
2026-04-02 13:02:24.332,1883.338375516,1775106144332,right_insole,右鞋垫,FF:25:02:05:18:F3,2,0,0,8844,3291,0,0,0,0,10203,3942,0,0,0,0,197,0,0,0
2026-04-02 13:02:24.361,1883.36734522,1775106144361,right_insole,右鞋垫,FF:25:02:05:18:F3,2,0,0,9306,4225,0,0,0,0,10388,4915,291,0,0,0,742,0,0,0
2026-04-02 13:02:24.512,1883.518537353,1775106144512,right_insole,右鞋垫,FF:25:02:05:18:F3,2,0,0,9414,4545,0,0,0,0,10574,5241,1056,383,230,0,1412,313,183,0
2026-04-02 13:02:24.512,1883.518587789,1775106144512,right_insole,右鞋垫,FF:25:02:05:18:F3,2,0,0,9000,4383,0,0,25,0,9957,5315,1367,935,873,0,2008,839,741,0
2026-04-02 13:02:24.541,1883.547453542,1775106144541,right_insole,右鞋垫,FF:25:02:05:18:F3,2,0,0,8134,4009,0,0,381,0,8854,4717,1648,1251,1404,0,2211,1158,1047,0
2026-04-02 13:02:24.572,1883.578293482,1775106144572,right_insole,右鞋垫,FF:25:02:05:18:F3,2,0,0,7024,3217,0,0,753,0,7475,3708,1742,1682,2012,0,2230,1501,1425,0
2026-04-02 13:02:24.632,1883.638587117,1775106144632,right_insole,右鞋垫,FF:25:02:05:18:F3,2,0,0,6285,2704,0,0,1283,0,6322,2794,1797,2243,2705,0,2290,1778,1881,0
2026-04-02 13:02:24.751,1883.757367805,1775106144751,right_insole,右鞋垫,FF:25:02:05:18:F3,2,475,0,5667,2074,0,249,1781,0,5451,2103,1746,2562,3436,0,2155,1858,2362,0
2026-04-02 13:02:24.751,1883.757448031,1775106144751,right_insole,右鞋垫,FF:25:02:05:18:F3,2,1449,0,4571,1081,0,706,2827,207,4087,710,1354,3005,4555,0,1702,1897,3018,0
2026-04-02 13:02:24.841,1883.847461163,1775106144841,right_insole,右鞋垫,FF:25:02:05:18:F3,2,2087,0,3861,367,0,656,3875,862,3320,8,517,2624,5529,95,763,1514,3598,53
2026-04-02 13:02:24.841,1883.847517054,1775106144841,right_insole,右鞋垫,FF:25:02:05:18:F3,2,2771,1253,3189,0,0,0,4320,2394,2986,0,0,364,5566,711,0,103,3507,404
2026-04-02 13:02:24.901,1883.907431555,1775106144901,right_insole,右鞋垫,FF:25:02:05:18:F3,2,1977,2233,2644,0,0,0,2773,3112,2623,0,0,0,3547,223,0,0,2345,0
2026-04-02 13:02:24.931,1883.937358811,1775106144931,right_insole,右鞋垫,FF:25:02:05:18:F3,2,1049,781,2311,0,0,0,1243,1451,2355,0,0,0,1546,0,0,0,870,0
2026-04-02 13:02:24.991,1883.997393707,1775106144991,right_insole,右鞋垫,FF:25:02:05:18:F3,2,0,0,2237,0,0,0,0,0,2292,0,0,0,0,0,0,0,0,0
2026-04-02 13:02:25.051,1884.057362283,1775106145051,right_insole,右鞋垫,FF:25:02:05:18:F3,2,0,0,2304,0,0,0,0,0,2290,0,0,0,0,0,0,0,0,0
2026-04-02 13:02:25.111,1884.11731984,1775106145111,right_insole,右鞋垫,FF:25:02:05:18:F3,2,0,0,2339,0,0,0,0,0,2298,0,0,0,0,0,0,0,0,0
2026-04-02 13:02:25.143,1884.149174118,1775106145143,right_insole,右鞋垫,FF:25:02:05:18:F3,2,0,0,2292,0,0,0,0,0,2322,0,0,0,0,0,0,0,0,0
2026-04-02 13:02:25.231,1884.237226802,1775106145231,right_insole,右鞋垫,FF:25:02:05:18:F3,2,0,0,2269,0,0,0,0,0,2355,0,0,0,0,0,0,0,0,0
2026-04-02 13:02:25.261,1884.267345016,1775106145261,right_insole,右鞋垫,FF:25:02:05:18:F3,2,0,0,2246,0,0,0,0,0,2335,0,0,0,0,0,0,0,0,0
2026-04-02 13:02:25.322,1884.32852479,1775106145322,right_insole,右鞋垫,FF:25:02:05:18:F3,2,0,0,2129,0,0,0,0,0,2236,0,0,0,0,0,0,0,0,0
2026-04-02 13:02:25.351,1884.357464535,1775106145351,right_insole,右鞋垫,FF:25:02:05:18:F3,2,0,0,2089,0,0,0,0,0,2218,0,0,0,0,0,0,0,0,0
2026-04-02 13:02:25.412,1884.418575435,1775106145412,right_insole,右鞋垫,FF:25:02:05:18:F3,2,0,0,4362,581,0,0,0,0,4960,532,0,0,0,0,0,0,0,0
2026-04-02 13:02:25.472,1884.478569907,1775106145472,right_insole,右鞋垫,FF:25:02:05:18:F3,2,0,0,11236,3759,0,0,0,0,12127,4344,0,0,0,0,0,0,0,0
2026-04-02 13:02:25.501,1884.507446504,1775106145501,right_insole,右鞋垫,FF:25:02:05:18:F3,2,0,0,10920,5008,0,0,0,0,11822,5629,461,0,0,0,931,0,0,0
2026-04-02 13:02:25.562,1884.568377081,1775106145562,right_insole,右鞋垫,FF:25:02:05:18:F3,2,0,0,10569,4858,0,0,0,0,11165,5415,970,247,0,0,1154,115,0,0
2026-04-02 13:02:25.681,1884.687320279,1775106145681,right_insole,右鞋垫,FF:25:02:05:18:F3,2,0,0,9057,4086,0,0,0,0,9656,4536,948,558,392,0,1272,282,234,0
2026-04-02 13:02:25.681,1884.687412628,1775106145681,right_insole,右鞋垫,FF:25:02:05:18:F3,2,0,0,7738,3303,0,0,0,0,8215,3548,945,843,726,0,1262,546,653,0
2026-04-02 13:02:25.711,1884.717460098,1775106145711,right_insole,右鞋垫,FF:25:02:05:18:F3,2,0,0,6855,2610,0,0,563,0,6752,2520,1105,1465,1653,0,1405,782,1430,0
2026-04-02 13:02:25.771,1884.777464908,1775106145771,right_insole,右鞋垫,FF:25:02:05:18:F3,2,1345,0,5493,1612,0,508,2184,90,4798,1211,1298,2469,3381,0,1451,1438,2495,0
2026-04-02 13:02:25.891,1884.897318552,1775106145891,right_insole,右鞋垫,FF:25:02:05:18:F3,2,2913,120,3985,383,0,774,4377,1165,3430,0,296,2361,5683,223,649,1099,3590,174
2026-04-02 13:02:25.891,1884.897410159,1775106145891,right_insole,右鞋垫,FF:25:02:05:18:F3,2,3902,1372,3461,0,0,0,5137,2450,3135,0,0,532,6103,1053,0,146,3520,512
2026-04-02 13:02:25.921,1884.927478189,1775106145921,right_insole,右鞋垫,FF:25:02:05:18:F3,2,2678,2418,2770,0,0,0,3166,3311,2660,0,0,0,3417,133,0,0,1999,0
2026-04-02 13:02:25.981,1884.987391843,1775106145981,right_insole,右鞋垫,FF:25:02:05:18:F3,2,655,0,2375,0,0,0,509,461,2234,0,0,0,515,0,0,0,224,0
2026-04-02 13:02:26.041,1885.047467447,1775106146041,right_insole,右鞋垫,FF:25:02:05:18:F3,2,0,0,2440,0,0,0,0,0,2262,0,0,0,0,0,0,0,0,0
2026-04-02 13:02:26.191,1885.197301028,1775106146191,right_insole,右鞋垫,FF:25:02:05:18:F3,2,0,0,2416,0,0,0,0,0,2275,0,0,0,0,0,0,0,0,0
2026-04-02 13:02:26.191,1885.197362654,1775106146191,right_insole,右鞋垫,FF:25:02:05:18:F3,2,0,0,2387,0,0,0,0,0,2282,0,0,0,0,0,0,0,0,0
2026-04-02 13:02:26.193,1885.199113994,1775106146192,right_insole,右鞋垫,FF:25:02:05:18:F3,2,0,0,2301,0,0,0,0,0,2335,0,0,0,0,0,0,0,0,0
2026-04-02 13:02:26.251,1885.257463938,1775106146251,right_insole,右鞋垫,FF:25:02:05:18:F3,2,0,0,2291,0,0,0,0,0,2308,0,0,0,0,0,0,0,0,0
2026-04-02 13:02:26.281,1885.287455568,1775106146281,right_insole,右鞋垫,FF:25:02:05:18:F3,2,0,0,2152,0,0,0,0,0,2186,0,0,0,0,0,0,0,0,0
2026-04-02 13:02:26.341,1885.34736425,1775106146341,right_insole,右鞋垫,FF:25:02:05:18:F3,2,0,0,2136,0,0,0,0,0,2329,0,0,0,0,0,0,0,0,0
2026-04-02 13:02:26.401,1885.407437414,1775106146401,right_insole,右鞋垫,FF:25:02:05:18:F3,2,0,0,5009,1009,0,0,0,0,5890,764,0,0,0,0,0,0,0,0
2026-04-02 13:02:26.461,1885.46744704,1775106146461,right_insole,右鞋垫,FF:25:02:05:18:F3,2,0,0,13885,5403,0,0,0,0,13767,5225,0,0,0,0,114,0,0,0
2026-04-02 13:02:26.491,1885.497448442,1775106146491,right_insole,右鞋垫,FF:25:02:05:18:F3,2,0,0,12304,5981,0,0,0,0,12710,5961,879,0,0,0,1073,0,0,0
2026-04-02 13:02:26.581,1885.587453802,1775106146581,right_insole,右鞋垫,FF:25:02:05:18:F3,2,0,0,9986,4910,0,0,0,0,9962,4602,1229,552,55,0,1489,406,347,0
2026-04-02 13:02:26.611,1885.617457404,1775106146611,right_insole,右鞋垫,FF:25:02:05:18:F3,2,0,0,6828,2377,0,0,23,0,6591,2353,742,912,1194,0,1184,571,920,0
2026-04-02 13:02:26.731,1885.737431696,1775106146731,right_insole,右鞋垫,FF:25:02:05:18:F3,2,100,0,5230,1321,0,0,951,0,4762,1155,630,1376,2191,0,959,1008,1697,0
2026-04-02 13:02:26.731,1885.737483548,1775106146731,right_insole,右鞋垫,FF:25:02:05:18:F3,2,949,0,4570,891,0,0,1851,0,4043,412,691,1962,3317,0,974,1263,2420,0
2026-04-02 13:02:26.761,1885.767410417,1775106146761,right_insole,右鞋垫,FF:25:02:05:18:F3,2,2321,0,3741,141,0,426,3728,1065,3307,0,250,2051,5536,165,685,1225,3622,246
2026-04-02 13:02:26.821,1885.827249513,1775106146821,right_insole,右鞋垫,FF:25:02:05:18:F3,2,2965,1789,3039,0,0,0,4829,2917,2811,0,0,49,6017,1222,0,138,3775,708
2026-04-02 13:02:26.884,1885.890325025,1775106146884,right_insole,右鞋垫,FF:25:02:05:18:F3,2,1660,2007,2544,0,0,0,2738,2958,2424,0,0,0,3594,0,0,0,2384,0
2026-04-02 13:02:26.911,1885.917422065,1775106146911,right_insole,右鞋垫,FF:25:02:05:18:F3,2,0,0,2015,0,0,0,0,0,2061,0,0,0,134,0,0,0,199,0
2026-04-02 13:02:26.972,1885.978509367,1775106146972,right_insole,右鞋垫,FF:25:02:05:18:F3,2,0,0,2104,0,0,0,0,0,2167,0,0,0,0,0,0,0,0,0
2026-04-02 13:02:27.031,1886.037506975,1775106147031,right_insole,右鞋垫,FF:25:02:05:18:F3,2,0,0,2213,0,0,0,0,0,2146,0,0,0,0,0,0,0,0,0
2026-04-02 13:02:27.061,1886.067535324,1775106147061,right_insole,右鞋垫,FF:25:02:05:18:F3,2,0,0,2176,0,0,0,0,0,2065,0,0,0,0,0,0,0,0,0
2026-04-02 13:02:27.122,1886.128275275,1775106147122,right_insole,右鞋垫,FF:25:02:05:18:F3,2,0,0,2223,0,0,0,0,0,2183,0,0,0,0,0,0,0,0,0
2026-04-02 13:02:27.181,1886.187552955,1775106147181,right_insole,右鞋垫,FF:25:02:05:18:F3,2,0,0,2143,0,0,0,0,0,2143,0,0,0,0,0,0,0,0,0
2026-04-02 13:02:27.241,1886.247429766,1775106147241,right_insole,右鞋垫,FF:25:02:05:18:F3,2,0,0,2005,0,0,0,0,0,2034,0,0,0,0,0,0,0,0,0
2026-04-02 13:02:27.272,1886.278669421,1775106147272,right_insole,右鞋垫,FF:25:02:05:18:F3,2,0,0,3024,111,0,0,0,0,3777,0,0,0,0,0,0,0,0,0
2026-04-02 13:02:27.361,1886.367476596,1775106147361,right_insole,右鞋垫,FF:25:02:05:18:F3,2,0,0,13477,4770,0,0,0,0,13245,4512,0,0,0,0,0,0,0,0
2026-04-02 13:02:27.391,1886.397294631,1775106147391,right_insole,右鞋垫,FF:25:02:05:18:F3,2,0,0,12275,5820,0,0,0,0,12587,5945,724,0,0,0,1183,0,0,0
2026-04-02 13:02:27.452,1886.458535538,1775106147452,right_insole,右鞋垫,FF:25:02:05:18:F3,2,0,0,10313,4953,0,0,0,0,10425,4817,968,66,0,0,1223,64,99,0
2026-04-02 13:02:27.481,1886.487619919,1775106147481,right_insole,右鞋垫,FF:25:02:05:18:F3,2,0,0,7596,3145,0,0,0,0,7640,2979,676,477,250,0,1066,251,547,0
2026-04-02 13:02:27.575,1886.581373657,1775106147575,right_insole,右鞋垫,FF:25:02:05:18:F3,2,0,0,5674,1740,0,0,303,0,5383,1416,439,1031,1512,0,920,547,1136,0
2026-04-02 13:02:27.601,1886.607567599,1775106147601,right_insole,右鞋垫,FF:25:02:05:18:F3,2,1251,0,4811,910,0,26,1916,0,4030,406,657,1870,3291,0,764,988,2221,0
2026-04-02 13:02:27.661,1886.667619911,1775106147661,right_insole,右鞋垫,FF:25:02:05:18:F3,2,2652,0,3818,232,0,491,3860,955,3261,0,115,1971,5217,200,391,936,3115,175
2026-04-02 13:02:27.692,1886.699092434,1775106147692,right_insole,右鞋垫,FF:25:02:05:18:F3,2,3277,1934,3055,0,0,0,4342,2613,2835,0,0,0,5093,954,0,0,2809,424
2026-04-02 13:02:27.812,1886.818321504,1775106147812,right_insole,右鞋垫,FF:25:02:05:18:F3,2,2317,2576,2620,0,0,0,3063,3207,2562,0,0,0,3479,77,0,0,2078,0
2026-04-02 13:02:27.812,1886.818485657,1775106147812,right_insole,右鞋垫,FF:25:02:05:18:F3,2,135,0,2163,0,0,0,128,198,2157,0,0,0,418,0,0,0,100,0
2026-04-02 13:02:27.902,1886.908571218,1775106147902,right_insole,右鞋垫,FF:25:02:05:18:F3,2,0,0,2192,0,0,0,0,0,2114,0,0,0,0,0,0,0,0,0
2026-04-02 13:02:27.902,1886.908682047,1775106147902,right_insole,右鞋垫,FF:25:02:05:18:F3,2,0,0,2183,0,0,0,0,0,2151,0,0,0,0,0,0,0,0,0
2026-04-02 13:02:27.962,1886.968518652,1775106147962,right_insole,右鞋垫,FF:25:02:05:18:F3,2,0,0,2191,0,0,0,0,0,2140,0,0,0,0,0,0,0,0,0
2026-04-02 13:02:28.022,1887.028428361,1775106148022,right_insole,右鞋垫,FF:25:02:05:18:F3,2,0,0,2183,0,0,0,0,0,2143,0,0,0,0,0,0,0,0,0
2026-04-02 13:02:28.082,1887.088574604,1775106148082,right_insole,右鞋垫,FF:25:02:05:18:F3,2,0,0,2074,0,0,0,0,0,2051,0,0,0,0,0,0,0,0,0
2026-04-02 13:02:28.142,1887.148559101,1775106148142,right_insole,右鞋垫,FF:25:02:05:18:F3,2,0,0,1958,0,0,0,0,0,2039,0,0,0,0,0,0,0,0,0
2026-04-02 13:02:28.201,1887.207549912,1775106148201,right_insole,右鞋垫,FF:25:02:05:18:F3,2,0,0,6208,1445,0,0,0,0,6753,1169,0,0,0,0,0,0,0,0
2026-04-02 13:02:28.231,1887.237535441,1775106148231,right_insole,右鞋垫,FF:25:02:05:18:F3,2,0,0,9900,4880,0,0,0,0,9379,3987,263,0,0,0,7,0,0,0
2026-04-02 13:02:28.262,1887.268320417,1775106148262,right_insole,右鞋垫,FF:25:02:05:18:F3,2,0,0,7605,3455,0,0,509,0,7242,3215,1202,811,926,0,1073,326,467,0
2026-04-02 13:02:28.321,1887.327561748,1775106148321,right_insole,右鞋垫,FF:25:02:05:18:F3,2,345,0,5853,2089,0,0,943,0,5580,1859,1087,1073,1396,0,1100,651,1015,0
2026-04-02 13:02:28.411,1887.417569534,1775106148411,right_insole,右鞋垫,FF:25:02:05:18:F3,2,643,0,4139,841,0,0,931,0,4053,625,369,1109,1754,0,647,586,1388,0
2026-04-02 13:02:28.442,1887.448552862,1775106148442,right_insole,右鞋垫,FF:25:02:05:18:F3,2,1319,0,3525,309,0,0,1673,116,3252,0,0,1132,2719,0,272,700,1999,0
2026-04-02 13:02:28.501,1887.50728669,1775106148501,right_insole,右鞋垫,FF:25:02:05:18:F3,2,2564,161,3279,0,0,42,3121,1125,2860,0,0,1358,4376,0,121,735,3016,34
2026-04-02 13:02:28.532,1887.538564754,1775106148532,right_insole,右鞋垫,FF:25:02:05:18:F3,2,3955,2149,2727,0,0,0,4640,3121,2671,0,0,14,5207,1003,0,0,3005,564
2026-04-02 13:02:28.592,1887.598353962,1775106148592,right_insole,右鞋垫,FF:25:02:05:18:F3,2,3555,3764,2389,0,0,0,3871,4083,2534,0,0,0,3867,749,0,0,2061,165
2026-04-02 13:02:28.621,1887.627465805,1775106148621,right_insole,右鞋垫,FF:25:02:05:18:F3,2,1168,1021,1959,0,0,0,1020,1471,2237,0,0,0,1149,0,0,0,630,0
2026-04-02 13:02:28.711,1887.7176297,1775106148711,right_insole,右鞋垫,FF:25:02:05:18:F3,2,0,0,2101,0,0,0,0,0,2285,0,0,0,0,0,0,0,0,0
2026-04-02 13:02:28.741,1887.747317352,1775106148741,right_insole,右鞋垫,FF:25:02:05:18:F3,2,0,0,2250,0,0,0,0,0,2334,0,0,0,0,0,0,0,0,0
2026-04-02 13:02:28.802,1887.808551013,1775106148802,right_insole,右鞋垫,FF:25:02:05:18:F3,2,0,0,2160,0,0,0,0,0,2348,0,0,0,0,0,0,0,0,0
2026-04-02 13:02:28.832,1887.838439399,1775106148832,right_insole,右鞋垫,FF:25:02:05:18:F3,2,0,0,2188,0,0,0,0,0,2341,0,0,0,0,0,0,0,0,0
2026-04-02 13:02:28.891,1887.89751922,1775106148891,right_insole,右鞋垫,FF:25:02:05:18:F3,2,0,0,2144,0,0,0,0,0,2300,0,0,0,0,0,0,0,0,0
2026-04-02 13:02:28.954,1887.960309961,1775106148954,right_insole,右鞋垫,FF:25:02:05:18:F3,2,0,0,2097,0,0,0,0,0,2216,0,0,0,0,0,0,0,0,0
2026-04-02 13:02:29.071,1888.07729312,1775106149071,right_insole,右鞋垫,FF:25:02:05:18:F3,2,0,0,3814,354,0,0,0,0,4523,188,0,0,0,0,0,0,0,0
2026-04-02 13:02:29.071,1888.0773881,1775106149071,right_insole,右鞋垫,FF:25:02:05:18:F3,2,0,0,11931,5659,0,0,0,0,11684,5371,318,0,0,0,240,0,0,0
2026-04-02 13:02:29.132,1888.138522144,1775106149132,right_insole,右鞋垫,FF:25:02:05:18:F3,2,0,0,9313,4442,0,0,0,0,9759,4690,676,37,0,0,942,0,105,0
2026-04-02 13:02:29.162,1888.168532272,1775106149162,right_insole,右鞋垫,FF:25:02:05:18:F3,2,801,0,7014,3350,0,0,1030,0,7163,3136,1086,736,1304,0,924,187,733,0
2026-04-02 13:02:29.252,1888.258699884,1775106149252,right_insole,右鞋垫,FF:25:02:05:18:F3,2,1679,0,4507,1428,0,0,1695,0,4460,1113,402,962,1810,0,434,303,1114,0
2026-04-02 13:02:29.252,1888.258748727,1775106149252,right_insole,右鞋垫,FF:25:02:05:18:F3,2,2244,0,3668,645,0,0,1875,17,3414,274,7,899,2097,0,10,235,1294,0
2026-04-02 13:02:29.311,1888.317475599,1775106149311,right_insole,右鞋垫,FF:25:02:05:18:F3,2,2642,87,3332,241,0,0,2297,569,2936,0,0,906,2660,0,0,205,1641,0
2026-04-02 13:02:29.372,1888.378697742,1775106149372,right_insole,右鞋垫,FF:25:02:05:18:F3,2,2990,665,3133,0,0,0,2659,1384,2781,0,0,728,3124,0,0,117,1881,0
2026-04-02 13:02:29.401,1888.407733973,1775106149401,right_insole,右鞋垫,FF:25:02:05:18:F3,2,3739,2075,2747,0,0,0,3117,2391,2463,0,0,10,3416,244,0,0,1867,0
2026-04-02 13:02:29.462,1888.468670178,1775106149462,right_insole,右鞋垫,FF:25:02:05:18:F3,2,2503,3318,2274,0,0,0,2146,3054,2162,0,0,0,2485,168,0,0,1350,0
2026-04-02 13:02:29.551,1888.55749812,1775106149551,right_insole,右鞋垫,FF:25:02:05:18:F3,2,824,1137,1953,0,0,0,650,1338,1967,0,0,0,965,0,0,0,479,0
2026-04-02 13:02:29.582,1888.588571057,1775106149582,right_insole,右鞋垫,FF:25:02:05:18:F3,2,0,0,2173,0,0,0,0,0,2195,0,0,0,0,0,0,0,0,0
2026-04-02 13:02:29.612,1888.618583044,1775106149612,right_insole,右鞋垫,FF:25:02:05:18:F3,2,0,0,2183,0,0,0,0,0,2209,0,0,0,0,0,0,0,0,0
2026-04-02 13:02:29.702,1888.708670677,1775106149702,right_insole,右鞋垫,FF:25:02:05:18:F3,2,0,0,2221,0,0,0,0,0,2215,0,0,0,0,0,0,0,0,0
2026-04-02 13:02:29.732,1888.738655215,1775106149732,right_insole,右鞋垫,FF:25:02:05:18:F3,2,0,0,2195,0,0,0,0,0,2274,0,0,0,0,0,0,0,0,0
2026-04-02 13:02:29.791,1888.797519569,1775106149791,right_insole,右鞋垫,FF:25:02:05:18:F3,2,0,0,2174,0,0,0,0,0,2299,0,0,0,0,0,0,0,0,0
2026-04-02 13:02:29.852,1888.858624793,1775106149852,right_insole,右鞋垫,FF:25:02:05:18:F3,2,0,0,2144,0,0,0,0,0,2277,0,0,0,0,0,0,0,0,0
2026-04-02 13:02:29.881,1888.887211767,1775106149881,right_insole,右鞋垫,FF:25:02:05:18:F3,2,0,0,1983,0,0,0,0,0,2135,0,0,0,0,0,0,0,0,0
2026-04-02 13:02:29.941,1888.947634845,1775106149941,right_insole,右鞋垫,FF:25:02:05:18:F3,2,0,0,1987,0,0,0,0,0,2125,0,0,0,0,0,0,0,0,0
2026-04-02 13:02:30.001,1889.007404952,1775106150001,right_insole,右鞋垫,FF:25:02:05:18:F3,2,0,0,3714,340,0,0,0,0,4264,252,0,0,0,0,0,0,0,0
2026-04-02 13:02:30.061,1889.067520706,1775106150061,right_insole,右鞋垫,FF:25:02:05:18:F3,2,0,0,8717,3165,0,0,0,0,9451,3570,0,0,0,0,0,0,0,0
2026-04-02 13:02:30.092,1889.09854464,1775106150092,right_insole,右鞋垫,FF:25:02:05:18:F3,2,0,0,8428,3923,0,0,0,0,8970,4116,334,0,0,0,624,0,0,0
2026-04-02 13:02:30.152,1889.158594879,1775106150152,right_insole,右鞋垫,FF:25:02:05:18:F3,2,0,0,7539,3579,0,0,207,0,8126,3871,916,551,726,0,1097,168,262,0
2026-04-02 13:02:30.182,1889.188612162,1775106150182,right_insole,右鞋垫,FF:25:02:05:18:F3,2,193,0,6759,3066,0,0,823,0,7244,3233,1156,981,1199,0,1211,379,546,0
2026-04-02 13:02:30.241,1889.247348314,1775106150241,right_insole,右鞋垫,FF:25:02:05:18:F3,2,875,0,5428,2163,0,0,1317,0,5691,2189,1037,1364,1734,0,1084,697,939,0
2026-04-02 13:02:30.302,1889.308542635,1775106150302,right_insole,右鞋垫,FF:25:02:05:18:F3,2,1176,0,4753,1697,0,115,1534,0,5016,1675,1001,1478,1914,0,1022,732,1084,0
2026-04-02 13:02:30.362,1889.368539874,1775106150362,right_insole,右鞋垫,FF:25:02:05:18:F3,2,1312,0,4723,1603,0,260,1589,0,4627,1347,1067,1753,2160,0,947,898,1363,0
2026-04-02 13:02:30.392,1889.398621216,1775106150392,right_insole,右鞋垫,FF:25:02:05:18:F3,2,1683,0,4571,1352,0,534,1939,0,4070,782,1147,2103,2749,0,939,1038,1718,0
2026-04-02 13:02:30.482,1889.488496135,1775106150482,right_insole,右鞋垫,FF:25:02:05:18:F3,2,1997,0,4069,849,0,699,2317,115,3547,165,861,2086,3227,0,609,905,2002,0
2026-04-02 13:02:30.512,1889.518528243,1775106150512,right_insole,右鞋垫,FF:25:02:05:18:F3,2,2922,578,3423,239,0,702,3505,988,2816,0,133,1861,4294,0,14,629,2389,0
2026-04-02 13:02:30.572,1889.578195117,1775106150572,right_insole,右鞋垫,FF:25:02:05:18:F3,2,3741,2190,2861,0,0,0,4099,2228,2561,0,0,187,4599,402,0,0,2713,125
2026-04-02 13:02:30.602,1889.608581479,1775106150602,right_insole,右鞋垫,FF:25:02:05:18:F3,2,2360,2489,2402,0,0,0,2607,2671,2414,0,0,0,3070,78,0,0,1857,0
2026-04-02 13:02:30.691,1889.697283591,1775106150691,right_insole,右鞋垫,FF:25:02:05:18:F3,2,1193,1013,2037,0,0,0,1006,1140,2181,0,0,0,1112,0,0,0,425,0
2026-04-02 13:02:30.722,1889.728687078,1775106150722,right_insole,右鞋垫,FF:25:02:05:18:F3,2,0,0,2000,0,0,0,0,0,2088,0,0,0,0,0,0,0,0,0
2026-04-02 13:02:30.782,1889.78835462,1775106150782,right_insole,右鞋垫,FF:25:02:05:18:F3,2,0,0,2192,0,0,0,0,0,2212,0,0,0,0,0,0,0,0,0
2026-04-02 13:02:30.811,1889.817362603,1775106150811,right_insole,右鞋垫,FF:25:02:05:18:F3,2,0,0,2229,0,0,0,0,0,2262,0,0,0,0,0,0,0,0,0
2026-04-02 13:02:30.872,1889.87853489,1775106150872,right_insole,右鞋垫,FF:25:02:05:18:F3,2,0,0,2243,0,0,0,0,0,2314,0,0,0,0,0,0,0,0,0
2026-04-02 13:02:30.931,1889.937412728,1775106150931,right_insole,右鞋垫,FF:25:02:05:18:F3,2,0,0,2215,0,0,0,0,0,2328,0,0,0,0,0,0,0,0,0
2026-04-02 13:02:30.962,1889.968579506,1775106150962,right_insole,右鞋垫,FF:25:02:05:18:F3,2,0,0,2201,0,0,0,0,0,2347,0,0,0,0,0,0,0,0,0
2026-04-02 13:02:31.022,1890.028294261,1775106151022,right_insole,右鞋垫,FF:25:02:05:18:F3,2,0,0,2166,0,0,0,0,0,2325,0,0,0,0,0,0,0,0,0
2026-04-02 13:02:31.082,1890.088604491,1775106151082,right_insole,右鞋垫,FF:25:02:05:18:F3,2,0,0,2050,0,0,0,0,0,2263,0,0,0,0,0,0,0,0,0
2026-04-02 13:02:31.141,1890.147304519,1775106151141,right_insole,右鞋垫,FF:25:02:05:18:F3,2,0,0,2802,0,0,0,0,0,3529,0,0,0,0,0,0,0,0,0
2026-04-02 13:02:31.172,1890.178538842,1775106151172,right_insole,右鞋垫,FF:25:02:05:18:F3,2,0,0,6988,1822,0,0,0,0,7676,1962,0,0,0,0,0,0,0,0
2026-04-02 13:02:31.231,1890.237533257,1775106151231,right_insole,右鞋垫,FF:25:02:05:18:F3,2,0,0,8524,3937,0,0,0,0,9007,3885,0,0,0,0,178,0,0,0
2026-04-02 13:02:31.292,1890.298607351,1775106151292,right_insole,右鞋垫,FF:25:02:05:18:F3,2,0,0,7337,3372,0,0,0,0,7697,3281,408,69,55,0,376,0,0,0
2026-04-02 13:02:31.352,1890.358584005,1775106151352,right_insole,右鞋垫,FF:25:02:05:18:F3,2,988,0,6029,2504,0,0,1017,0,6121,2399,792,679,1286,0,664,123,559,0
2026-04-02 13:02:31.381,1890.387367623,1775106151381,right_insole,右鞋垫,FF:25:02:05:18:F3,2,1909,0,4953,1747,0,165,1707,0,5113,1449,740,1004,1740,0,460,284,875,0
2026-04-02 13:02:31.442,1890.44851089,1775106151442,right_insole,右鞋垫,FF:25:02:05:18:F3,2,2467,267,4116,1209,0,425,1993,222,4115,755,482,1178,2066,0,233,305,1050,0
2026-04-02 13:02:31.501,1890.507550241,1775106151501,right_insole,右鞋垫,FF:25:02:05:18:F3,2,2836,895,3741,899,0,523,2219,523,3554,259,367,1290,2483,0,34,391,1283,0
2026-04-02 13:02:31.562,1890.568613678,1775106151562,right_insole,右鞋垫,FF:25:02:05:18:F3,2,3101,1324,3490,605,0,552,2443,765,3315,0,235,1343,2708,0,2,396,1496,0
2026-04-02 13:02:31.593,1890.599255161,1775106151593,right_insole,右鞋垫,FF:25:02:05:18:F3,2,3313,1671,3179,389,0,686,2801,1158,2912,0,155,1533,3210,0,0,515,1882,0
2026-04-02 13:02:31.652,1890.658510734,1775106151652,right_insole,右鞋垫,FF:25:02:05:18:F3,2,3656,2393,2918,0,0,739,3392,1890,2533,0,0,1533,3886,0,0,433,2184,0
2026-04-02 13:02:31.711,1890.717312831,1775106151711,right_insole,右鞋垫,FF:25:02:05:18:F3,2,4267,3217,2468,0,0,216,3871,2724,2264,0,0,843,4423,294,0,63,2538,2
2026-04-02 13:02:31.741,1890.747526504,1775106151741,right_insole,右鞋垫,FF:25:02:05:18:F3,2,3374,3544,2097,0,0,0,3575,3219,2050,0,0,0,4296,749,0,0,2645,401
2026-04-02 13:02:31.802,1890.808555862,1775106151802,right_insole,右鞋垫,FF:25:02:05:18:F3,2,2708,3568,1954,0,0,0,2743,3506,2008,0,0,0,3329,739,0,0,2088,167
2026-04-02 13:02:31.922,1890.928517099,1775106151922,right_insole,右鞋垫,FF:25:02:05:18:F3,2,1692,1842,1702,0,0,0,1543,2035,1952,0,0,0,1868,0,0,0,907,0
2026-04-02 13:02:31.922,1890.928569067,1775106151922,right_insole,右鞋垫,FF:25:02:05:18:F3,2,72,0,1690,0,0,0,0,0,1774,0,0,0,81,0,0,0,0,0
2026-04-02 13:02:31.952,1890.958305367,1775106151952,right_insole,右鞋垫,FF:25:02:05:18:F3,2,0,0,2020,0,0,0,0,0,2075,0,0,0,0,0,0,0,0,0
2026-04-02 13:02:32.012,1891.018585999,1775106152012,right_insole,右鞋垫,FF:25:02:05:18:F3,2,0,0,2111,0,0,0,0,0,2088,0,0,0,0,0,0,0,0,0
2026-04-02 13:02:32.132,1891.138564918,1775106152132,right_insole,右鞋垫,FF:25:02:05:18:F3,2,0,0,2138,0,0,0,0,0,2107,0,0,0,0,0,0,0,0,0
2026-04-02 13:02:32.132,1891.138625853,1775106152132,right_insole,右鞋垫,FF:25:02:05:18:F3,2,0,0,2063,0,0,0,0,0,2185,0,0,0,0,0,0,0,0,0
2026-04-02 13:02:32.162,1891.168535003,1775106152162,right_insole,右鞋垫,FF:25:02:05:18:F3,2,0,0,2180,0,0,0,0,0,2269,0,0,0,0,0,0,0,0,0
2026-04-02 13:02:32.221,1891.227561709,1775106152221,right_insole,右鞋垫,FF:25:02:05:18:F3,2,0,0,2148,0,0,0,0,0,2235,0,0,0,0,0,0,0,0,0
2026-04-02 13:02:32.342,1891.348615642,1775106152342,right_insole,右鞋垫,FF:25:02:05:18:F3,2,0,0,2081,0,0,0,0,0,2271,0,0,0,0,0,0,0,0,0
2026-04-02 13:02:32.342,1891.348666521,1775106152342,right_insole,右鞋垫,FF:25:02:05:18:F3,2,0,0,2021,0,0,0,0,0,2212,0,0,0,0,0,0,0,0,0
2026-04-02 13:02:32.372,1891.378637825,1775106152372,right_insole,右鞋垫,FF:25:02:05:18:F3,2,0,0,2276,0,0,0,0,0,2729,0,0,0,0,0,0,0,0,0
2026-04-02 13:02:32.432,1891.43863127,1775106152432,right_insole,右鞋垫,FF:25:02:05:18:F3,2,0,0,5193,838,0,0,0,0,5416,722,0,0,0,0,0,0,0,0
2026-04-02 13:02:32.522,1891.528381685,1775106152522,right_insole,右鞋垫,FF:25:02:05:18:F3,2,0,0,8071,3078,0,0,0,0,8941,3511,0,0,0,0,0,0,0,0
2026-04-02 13:02:32.522,1891.528479518,1775106152522,right_insole,右鞋垫,FF:25:02:05:18:F3,2,0,0,8273,3947,0,0,0,0,9013,4263,298,0,0,0,671,0,0,0
2026-04-02 13:02:32.582,1891.58845837,1775106152582,right_insole,右鞋垫,FF:25:02:05:18:F3,2,0,0,7693,3680,0,0,0,0,8327,3907,635,315,460,0,1001,251,251,0
2026-04-02 13:02:32.672,1891.678521315,1775106152672,right_insole,右鞋垫,FF:25:02:05:18:F3,2,196,0,6318,2932,0,0,1017,0,6871,2995,1137,1210,1500,0,1414,761,871,0
2026-04-02 13:02:32.702,1891.708416845,1775106152702,right_insole,右鞋垫,FF:25:02:05:18:F3,2,822,0,4969,1981,0,153,1667,0,5303,1911,1227,1697,2168,0,1353,1082,1341,0
2026-04-02 13:02:32.732,1891.73840394,1775106152732,right_insole,右鞋垫,FF:25:02:05:18:F3,2,1234,0,4123,1177,0,330,2024,0,4302,1081,1053,1939,2656,0,1133,1320,1705,0
2026-04-02 13:02:32.792,1891.79851606,1775106152792,right_insole,右鞋垫,FF:25:02:05:18:F3,2,1466,0,3639,764,0,219,2241,113,3800,390,736,1804,2913,0,843,1379,1965,0
2026-04-02 13:02:32.852,1891.858401511,1775106152852,right_insole,右鞋垫,FF:25:02:05:18:F3,2,1694,278,3196,462,0,265,2365,436,3226,71,400,1868,3240,0,544,1305,2164,0
2026-04-02 13:02:32.912,1891.91840197,1775106152912,right_insole,右鞋垫,FF:25:02:05:18:F3,2,1889,659,3030,181,0,327,2542,643,3004,0,296,1759,3441,0,471,1235,2438,0
2026-04-02 13:02:32.972,1891.978535259,1775106152972,right_insole,右鞋垫,FF:25:02:05:18:F3,2,2279,1289,2736,0,0,313,3107,1333,2663,0,0,1654,4124,0,224,989,2834,0
2026-04-02 13:02:33.032,1892.038386068,1775106153032,right_insole,右鞋垫,FF:25:02:05:18:F3,2,2904,2265,2425,0,0,0,3592,2265,2442,0,0,1032,4694,150,0,627,3111,388
2026-04-02 13:02:33.061,1892.067430667,1775106153061,right_insole,右鞋垫,FF:25:02:05:18:F3,2,2654,2964,2083,0,0,0,3388,3035,2254,0,0,0,4400,571,0,143,3008,652
2026-04-02 13:02:33.121,1892.127503423,1775106153121,right_insole,右鞋垫,FF:25:02:05:18:F3,2,1664,2610,1826,0,0,0,2396,3093,2165,0,0,0,3321,666,0,0,2379,454
2026-04-02 13:02:33.152,1892.15860736,1775106153152,right_insole,右鞋垫,FF:25:02:05:18:F3,2,1306,1693,1722,0,0,0,1612,2302,2105,0,0,0,2301,221,0,0,1533,0
2026-04-02 13:02:33.213,1892.21987928,1775106153213,right_insole,右鞋垫,FF:25:02:05:18:F3,2,179,0,1632,0,0,0,126,406,1920,0,0,0,458,0,0,0,229,0
2026-04-02 13:02:33.272,1892.278624543,1775106153272,right_insole,右鞋垫,FF:25:02:05:18:F3,2,0,0,1898,0,0,0,0,0,2166,0,0,0,0,0,0,0,0,0
2026-04-02 13:02:33.302,1892.308563167,1775106153302,right_insole,右鞋垫,FF:25:02:05:18:F3,2,0,0,1934,0,0,0,0,0,2168,0,0,0,0,0,0,0,0,0
2026-04-02 13:02:33.362,1892.368540489,1775106153362,right_insole,右鞋垫,FF:25:02:05:18:F3,2,0,0,2069,0,0,0,0,0,2220,0,0,0,0,0,0,0,0,0
2026-04-02 13:02:33.422,1892.428575474,1775106153422,right_insole,右鞋垫,FF:25:02:05:18:F3,2,0,0,2120,0,0,0,0,0,2247,0,0,0,0,0,0,0,0,0
2026-04-02 13:02:33.512,1892.518539735,1775106153512,right_insole,右鞋垫,FF:25:02:05:18:F3,2,0,0,2137,0,0,0,0,0,2290,0,0,0,0,0,0,0,0,0
2026-04-02 13:02:33.512,1892.518630928,1775106153512,right_insole,右鞋垫,FF:25:02:05:18:F3,2,0,0,2151,0,0,0,0,0,2326,0,0,0,0,0,0,0,0,0
2026-04-02 13:02:33.572,1892.578398509,1775106153572,right_insole,右鞋垫,FF:25:02:05:18:F3,2,0,0,2107,0,0,0,0,0,2363,0,0,0,0,0,0,0,0,0
2026-04-02 13:02:33.632,1892.638553179,1775106153632,right_insole,右鞋垫,FF:25:02:05:18:F3,2,0,0,2003,0,0,0,0,0,2307,0,0,0,0,0,0,0,0,0
2026-04-02 13:02:33.692,1892.698494466,1775106153692,right_insole,右鞋垫,FF:25:02:05:18:F3,2,0,0,1997,0,0,0,0,0,2274,0,0,0,0,0,0,0,0,0
2026-04-02 13:02:33.722,1892.728499979,1775106153722,right_insole,右鞋垫,FF:25:02:05:18:F3,2,0,0,2058,0,0,0,0,0,2535,0,0,0,0,0,0,0,0,0
2026-04-02 13:02:33.782,1892.788432691,1775106153782,right_insole,右鞋垫,FF:25:02:05:18:F3,2,0,0,4770,608,0,0,0,0,5225,661,0,0,0,0,0,0,0,0
2026-04-02 13:02:33.932,1892.938429926,1775106153932,right_insole,右鞋垫,FF:25:02:05:18:F3,2,0,0,8559,2945,0,0,0,0,9457,3377,0,0,0,0,0,0,0,0
2026-04-02 13:02:33.932,1892.938531986,1775106153932,right_insole,右鞋垫,FF:25:02:05:18:F3,2,0,0,8525,3884,0,0,0,0,9196,4224,74,0,0,0,600,0,0,0
2026-04-02 13:02:33.932,1892.938584254,1775106153932,right_insole,右鞋垫,FF:25:02:05:18:F3,2,0,0,8091,3763,0,0,0,0,8919,4106,480,17,0,0,902,112,0,0
2026-04-02 13:02:34.022,1893.028338027,1775106154022,right_insole,右鞋垫,FF:25:02:05:18:F3,2,0,0,7567,3479,0,0,241,0,8301,3867,944,709,784,0,1298,500,417,0
2026-04-02 13:02:34.052,1893.058418247,1775106154052,right_insole,右鞋垫,FF:25:02:05:18:F3,2,0,0,6656,2979,0,0,987,0,7285,3612,1419,1316,1656,0,1780,993,1006,0
2026-04-02 13:02:34.082,1893.088546965,1775106154082,right_insole,右鞋垫,FF:25:02:05:18:F3,2,97,0,5931,2580,0,0,1339,0,6528,3168,1562,1709,2063,0,2166,1473,1460,0
2026-04-02 13:02:34.142,1893.148294969,1775106154142,right_insole,右鞋垫,FF:25:02:05:18:F3,2,217,0,5289,2241,0,0,1506,0,5755,2698,1683,1889,2610,0,2322,1948,1846,0
2026-04-02 13:02:34.262,1893.268379179,1775106154262,right_insole,右鞋垫,FF:25:02:05:18:F3,2,439,0,4950,1975,0,0,1717,0,5243,2332,1699,2332,2935,0,2324,1974,2052,0
2026-04-02 13:02:34.262,1893.2684563,1775106154262,right_insole,右鞋垫,FF:25:02:05:18:F3,2,523,0,4641,1568,0,0,1865,0,4845,1937,1659,2346,3150,0,2226,2018,2265,0
2026-04-02 13:02:34.292,1893.298560865,1775106154292,right_insole,右鞋垫,FF:25:02:05:18:F3,2,681,0,4164,1170,0,2,2070,0,4306,1391,1448,2444,3426,0,2018,1993,2512,0
2026-04-02 13:02:34.352,1893.358520535,1775106154352,right_insole,右鞋垫,FF:25:02:05:18:F3,2,974,0,3856,894,0,131,2409,104,3836,751,1239,2516,3880,0,1733,1915,2745,0
2026-04-02 13:02:34.412,1893.418632286,1775106154412,right_insole,右鞋垫,FF:25:02:05:18:F3,2,1647,0,3325,428,0,375,3003,550,3206,186,755,2565,4488,0,1072,1612,2977,15
2026-04-02 13:02:34.472,1893.478386854,1775106154472,right_insole,右鞋垫,FF:25:02:05:18:F3,2,2301,137,2926,0,0,208,3729,1386,2838,0,109,2007,5059,67,360,1113,3217,348
2026-04-02 13:02:34.502,1893.508411027,1775106154502,right_insole,右鞋垫,FF:25:02:05:18:F3,2,2928,803,2644,0,0,0,4059,1923,2680,0,0,1090,5226,480,0,543,3330,466
2026-04-02 13:02:34.652,1893.658608851,1775106154652,right_insole,右鞋垫,FF:25:02:05:18:F3,2,2976,1604,2281,0,0,0,3463,2489,2495,0,0,0,4285,586,0,0,2611,428
2026-04-02 13:02:34.652,1893.658722649,1775106154652,right_insole,右鞋垫,FF:25:02:05:18:F3,2,2098,1854,2034,0,0,0,2198,2411,2384,0,0,0,2557,129,0,0,1271,0
2026-04-02 13:02:34.682,1893.688563084,1775106154682,right_insole,右鞋垫,FF:25:02:05:18:F3,2,970,516,1720,0,0,0,895,967,2150,0,0,0,967,0,0,0,458,0
2026-04-02 13:02:34.712,1893.718301425,1775106154712,right_insole,右鞋垫,FF:25:02:05:18:F3,2,0,0,1981,0,0,0,0,0,2204,0,0,0,0,0,0,0,0,0
2026-04-02 13:02:34.772,1893.778586961,1775106154772,right_insole,右鞋垫,FF:25:02:05:18:F3,2,0,0,2006,0,0,0,0,0,2241,0,0,0,0,0,0,0,0,0
2026-04-02 13:02:34.832,1893.839073264,1775106154832,right_insole,右鞋垫,FF:25:02:05:18:F3,2,0,0,2061,0,0,0,0,0,2220,0,0,0,0,0,0,0,0,0
2026-04-02 13:02:34.862,1893.868573069,1775106154862,right_insole,右鞋垫,FF:25:02:05:18:F3,2,0,0,2137,0,0,0,0,0,2260,0,0,0,0,0,0,0,0,0
2026-04-02 13:02:34.922,1893.928522474,1775106154922,right_insole,右鞋垫,FF:25:02:05:18:F3,2,0,0,2131,0,0,0,0,0,2268,0,0,0,0,0,0,0,0,0
2026-04-02 13:02:34.982,1893.988584588,1775106154982,right_insole,右鞋垫,FF:25:02:05:18:F3,2,0,0,2107,0,0,0,0,0,2326,0,0,0,0,0,0,0,0,0
2026-04-02 13:02:35.042,1894.048543861,1775106155042,right_insole,右鞋垫,FF:25:02:05:18:F3,2,0,0,2089,0,0,0,0,0,2345,0,0,0,0,0,0,0,0,0
2026-04-02 13:02:35.072,1894.078426177,1775106155072,right_insole,右鞋垫,FF:25:02:05:18:F3,2,0,0,2138,0,0,0,0,0,2330,0,0,0,0,0,0,0,0,0
2026-04-02 13:02:35.131,1894.13743918,1775106155131,right_insole,右鞋垫,FF:25:02:05:18:F3,2,0,0,2102,0,0,0,0,0,2328,0,0,0,0,0,0,0,0,0
2026-04-02 13:02:35.192,1894.198503628,1775106155192,right_insole,右鞋垫,FF:25:02:05:18:F3,2,0,0,2061,0,0,0,0,0,2310,0,0,0,0,0,0,0,0,0
2026-04-02 13:02:35.252,1894.25854236,1775106155252,right_insole,右鞋垫,FF:25:02:05:18:F3,2,0,0,3269,97,0,0,0,0,4005,79,0,0,0,0,0,0,0,0
2026-04-02 13:02:35.282,1894.288305134,1775106155282,right_insole,右鞋垫,FF:25:02:05:18:F3,2,0,0,4852,738,0,0,0,0,5275,688,0,0,0,0,0,0,0,0
2026-04-02 13:02:35.342,1894.348526011,1775106155342,right_insole,右鞋垫,FF:25:02:05:18:F3,2,0,0,7321,2741,0,0,0,0,8706,3299,0,0,0,0,0,0,0,0
2026-04-02 13:02:35.402,1894.408298742,1775106155402,right_insole,右鞋垫,FF:25:02:05:18:F3,2,0,0,8729,3986,0,0,0,0,9766,4423,100,0,0,0,532,0,0,0
2026-04-02 13:02:35.462,1894.468523492,1775106155462,right_insole,右鞋垫,FF:25:02:05:18:F3,2,0,0,8036,3878,0,0,0,0,8839,4219,594,184,96,0,799,0,0,0
2026-04-02 13:02:35.492,1894.498493413,1775106155492,right_insole,右鞋垫,FF:25:02:05:18:F3,2,750,0,7324,3679,0,0,912,0,7919,3807,974,769,1121,0,955,89,381,0
2026-04-02 13:02:35.552,1894.558705541,1775106155552,right_insole,右鞋垫,FF:25:02:05:18:F3,2,1261,0,6756,3347,0,51,1301,0,7196,3248,1034,1034,1413,0,1059,231,609,0
2026-04-02 13:02:35.612,1894.618623651,1775106155612,right_insole,右鞋垫,FF:25:02:05:18:F3,2,1760,0,5765,2512,0,353,1587,0,6068,2324,895,1281,1795,0,947,401,770,0
2026-04-02 13:02:35.642,1894.648319237,1775106155642,right_insole,右鞋垫,FF:25:02:05:18:F3,2,2441,134,5058,2029,0,703,2001,299,5067,1441,811,1371,1931,0,515,431,930,0
2026-04-02 13:02:35.702,1894.708595695,1775106155702,right_insole,右鞋垫,FF:25:02:05:18:F3,2,3037,906,4588,1492,0,812,2241,784,4419,873,611,1383,2170,0,189,343,1003,0
2026-04-02 13:02:35.762,1894.768353623,1775106155762,right_insole,右鞋垫,FF:25:02:05:18:F3,2,3440,1491,4221,1072,0,919,2612,1086,3866,391,446,1458,2525,0,55,385,1189,0
2026-04-02 13:02:35.822,1894.828585469,1775106155822,right_insole,右鞋垫,FF:25:02:05:18:F3,2,3840,2108,3888,864,0,1058,2791,1501,3541,0,251,1529,2753,0,0,386,1336,0
2026-04-02 13:02:35.852,1894.858563392,1775106155852,right_insole,右鞋垫,FF:25:02:05:18:F3,2,4101,2448,3664,599,0,1142,3287,1950,3123,0,70,1562,3190,0,0,331,1531,0
2026-04-02 13:02:35.912,1894.918613004,1775106155912,right_insole,右鞋垫,FF:25:02:05:18:F3,2,4316,3254,3141,32,0,851,3779,2613,2723,0,0,1422,4107,0,0,224,1952,0
2026-04-02 13:02:35.972,1894.978484879,1775106155972,right_insole,右鞋垫,FF:25:02:05:18:F3,2,3897,3345,2667,0,0,0,3662,2855,2425,0,0,235,4102,117,0,0,2270,0
2026-04-02 13:02:36.032,1895.038660796,1775106156032,right_insole,右鞋垫,FF:25:02:05:18:F3,2,2461,2974,2393,0,0,0,2342,2870,2265,0,0,0,2702,40,0,0,1613,0
2026-04-02 13:02:36.062,1895.068620214,1775106156062,right_insole,右鞋垫,FF:25:02:05:18:F3,2,1336,1256,1986,0,0,0,1038,1378,2167,0,0,0,1401,0,0,0,521,0
2026-04-02 13:02:36.122,1895.128580516,1775106156122,right_insole,右鞋垫,FF:25:02:05:18:F3,2,371,0,1899,0,0,0,224,236,1997,0,0,0,336,0,0,0,0,0
2026-04-02 13:02:36.213,1895.219310205,1775106156213,right_insole,右鞋垫,FF:25:02:05:18:F3,2,0,0,2183,0,0,0,0,0,2189,0,0,0,0,0,0,0,0,0
2026-04-02 13:02:36.272,1895.278637142,1775106156272,right_insole,右鞋垫,FF:25:02:05:18:F3,2,0,0,2203,0,0,0,0,0,2185,0,0,0,0,0,0,0,0,0
2026-04-02 13:02:36.272,1895.278692364,1775106156272,right_insole,右鞋垫,FF:25:02:05:18:F3,2,0,0,2188,0,0,0,0,0,2292,0,0,0,0,0,0,0,0,0
2026-04-02 13:02:36.334,1895.340302685,1775106156334,right_insole,右鞋垫,FF:25:02:05:18:F3,2,0,0,2198,0,0,0,0,0,2384,0,0,0,0,0,0,0,0,0
2026-04-02 13:02:36.392,1895.398625328,1775106156392,right_insole,右鞋垫,FF:25:02:05:18:F3,2,0,0,2260,0,0,0,0,0,2391,0,0,0,0,0,0,0,0,0
2026-04-02 13:02:36.422,1895.428608557,1775106156422,right_insole,右鞋垫,FF:25:02:05:18:F3,2,0,0,2271,0,0,0,0,0,2408,0,0,0,0,0,0,0,0,0
2026-04-02 13:02:36.482,1895.488562801,1775106156482,right_insole,右鞋垫,FF:25:02:05:18:F3,2,0,0,2261,0,0,0,0,0,2424,0,0,0,0,0,0,0,0,0
2026-04-02 13:02:36.542,1895.548609241,1775106156542,right_insole,右鞋垫,FF:25:02:05:18:F3,2,0,0,2208,0,0,0,0,0,2369,0,0,0,0,0,0,0,0,0
2026-04-02 13:02:36.602,1895.608624839,1775106156602,right_insole,右鞋垫,FF:25:02:05:18:F3,2,0,0,2117,0,0,0,0,0,2252,0,0,0,0,0,0,0,0,0
2026-04-02 13:02:36.662,1895.668619591,1775106156662,right_insole,右鞋垫,FF:25:02:05:18:F3,2,0,0,2192,0,0,0,0,0,2405,0,0,0,0,0,0,0,0,0
2026-04-02 13:02:36.692,1895.698255398,1775106156692,right_insole,右鞋垫,FF:25:02:05:18:F3,2,0,0,4373,430,0,0,0,0,4621,347,0,0,0,0,0,0,0,0
2026-04-02 13:02:36.752,1895.758655799,1775106156752,right_insole,右鞋垫,FF:25:02:05:18:F3,2,0,0,7062,2295,0,0,0,0,7774,2566,0,0,0,0,0,0,0,0
2026-04-02 13:02:36.812,1895.818528119,1775106156812,right_insole,右鞋垫,FF:25:02:05:18:F3,2,0,0,8369,3749,0,0,0,0,8986,4003,0,0,0,0,241,0,0,0
2026-04-02 13:02:36.842,1895.848547174,1775106156842,right_insole,右鞋垫,FF:25:02:05:18:F3,2,0,0,8131,3963,0,0,0,0,8680,4185,476,83,69,0,669,0,0,0
2026-04-02 13:02:36.902,1895.908612821,1775106156902,right_insole,右鞋垫,FF:25:02:05:18:F3,2,0,0,7898,3949,0,0,253,0,8526,4273,876,522,699,0,1107,237,379,0
2026-04-02 13:02:36.962,1895.968545014,1775106156962,right_insole,右鞋垫,FF:25:02:05:18:F3,2,210,0,7351,3790,0,0,926,0,7917,3787,1240,1092,1374,0,1520,570,714,0
2026-04-02 13:02:37.025,1896.031304122,1775106157025,right_insole,右鞋垫,FF:25:02:05:18:F3,2,585,0,6475,3111,0,0,1281,0,6786,3196,1378,1437,1818,0,1534,792,1036,0
2026-04-02 13:02:37.052,1896.05856713,1775106157052,right_insole,右鞋垫,FF:25:02:05:18:F3,2,990,0,5885,2691,0,197,1556,0,6138,2640,1372,1736,2144,0,1468,1014,1223,0
2026-04-02 13:02:37.142,1896.148305249,1775106157142,right_insole,右鞋垫,FF:25:02:05:18:F3,2,1399,0,5476,2423,0,519,1821,0,5573,2260,1446,1998,2449,0,1399,1040,1460,0
2026-04-02 13:02:37.172,1896.178508397,1775106157172,right_insole,右鞋垫,FF:25:02:05:18:F3,2,1541,0,5178,2160,0,595,2019,0,5109,1881,1519,2171,2749,0,1393,1120,1667,0
2026-04-02 13:02:37.202,1896.20853193,1775106157202,right_insole,右鞋垫,FF:25:02:05:18:F3,2,1658,0,4689,1644,0,675,2267,39,4435,1179,1251,2341,3159,0,1404,1304,1994,0
2026-04-02 13:02:37.263,1896.269193591,1775106157263,right_insole,右鞋垫,FF:25:02:05:18:F3,2,2056,159,3968,1045,0,743,2533,389,3801,527,980,2413,3632,0,1013,1327,2204,0
2026-04-02 13:02:37.352,1896.358592629,1775106157352,right_insole,右鞋垫,FF:25:02:05:18:F3,2,2496,712,3496,473,0,758,2913,961,3146,0,633,2196,3983,0,696,1224,2494,0
2026-04-02 13:02:37.412,1896.418616977,1775106157412,right_insole,右鞋垫,FF:25:02:05:18:F3,2,2931,1632,2952,0,0,404,3572,1738,2789,0,0,1499,4422,0,133,666,2664,0
2026-04-02 13:02:37.412,1896.418716826,1775106157412,right_insole,右鞋垫,FF:25:02:05:18:F3,2,3248,2708,2655,0,0,0,3463,2470,2596,0,0,269,3984,4,0,29,2350,0
2026-04-02 13:02:37.472,1896.478652677,1775106157472,right_insole,右鞋垫,FF:25:02:05:18:F3,2,2788,3016,2436,0,0,0,2759,2579,2471,0,0,0,3170,0,0,0,1662,0
2026-04-02 13:02:37.532,1896.538578545,1775106157532,right_insole,右鞋垫,FF:25:02:05:18:F3,2,1649,1972,2123,0,0,0,1371,1765,2280,0,0,0,1675,0,0,0,624,0
2026-04-02 13:02:37.592,1896.598603609,1775106157592,right_insole,右鞋垫,FF:25:02:05:18:F3,2,396,71,1913,0,0,0,171,383,2102,0,0,0,289,0,0,0,4,0
2026-04-02 13:02:37.622,1896.628298957,1775106157622,right_insole,右鞋垫,FF:25:02:05:18:F3,2,0,0,2172,0,0,0,0,0,2244,0,0,0,0,0,0,0,0,0
2026-04-02 13:02:37.682,1896.688595245,1775106157682,right_insole,右鞋垫,FF:25:02:05:18:F3,2,0,0,2182,0,0,0,0,0,2297,0,0,0,0,0,0,0,0,0
2026-04-02 13:02:37.742,1896.748459572,1775106157742,right_insole,右鞋垫,FF:25:02:05:18:F3,2,0,0,2204,0,0,0,0,0,2315,0,0,0,0,0,0,0,0,0
2026-04-02 13:02:37.802,1896.808666337,1775106157802,right_insole,右鞋垫,FF:25:02:05:18:F3,2,0,0,2209,0,0,0,0,0,2384,0,0,0,0,0,0,0,0,0
2026-04-02 13:02:37.832,1896.838349371,1775106157832,right_insole,右鞋垫,FF:25:02:05:18:F3,2,0,0,2217,0,0,0,0,0,2404,0,0,0,0,0,0,0,0,0
2026-04-02 13:02:37.892,1896.8986469,1775106157892,right_insole,右鞋垫,FF:25:02:05:18:F3,2,0,0,2227,0,0,0,0,0,2443,0,0,0,0,0,0,0,0,0
2026-04-02 13:02:37.952,1896.958377848,1775106157952,right_insole,右鞋垫,FF:25:02:05:18:F3,2,0,0,2252,0,0,0,0,0,2433,0,0,0,0,0,0,0,0,0
2026-04-02 13:02:38.042,1897.048542498,1775106158042,right_insole,右鞋垫,FF:25:02:05:18:F3,2,0,0,2233,0,0,0,0,0,2420,0,0,0,0,0,0,0,0,0
2026-04-02 13:02:38.042,1897.048632891,1775106158042,right_insole,右鞋垫,FF:25:02:05:18:F3,2,0,0,2184,0,0,0,0,0,2411,0,0,0,0,0,0,0,0,0
2026-04-02 13:02:38.102,1897.108517098,1775106158102,right_insole,右鞋垫,FF:25:02:05:18:F3,2,0,0,2174,0,0,0,0,0,2446,0,0,0,0,0,0,0,0,0
2026-04-02 13:02:38.162,1897.168546033,1775106158162,right_insole,右鞋垫,FF:25:02:05:18:F3,2,0,0,3311,223,0,0,0,0,4053,95,0,0,0,0,0,0,0,0
2026-04-02 13:02:38.192,1897.198383254,1775106158192,right_insole,右鞋垫,FF:25:02:05:18:F3,2,0,0,5683,1300,0,0,0,0,6250,1291,0,0,0,0,0,0,0,0
2026-04-02 13:02:38.252,1897.258487866,1775106158252,right_insole,右鞋垫,FF:25:02:05:18:F3,2,0,0,7118,2526,0,0,0,0,8076,2750,0,0,0,0,0,0,0,0
2026-04-02 13:02:38.342,1897.348562129,1775106158342,right_insole,右鞋垫,FF:25:02:05:18:F3,2,0,0,7688,3401,0,0,0,0,8642,3675,0,0,0,0,182,0,0,0
2026-04-02 13:02:38.372,1897.378543846,1775106158372,right_insole,右鞋垫,FF:25:02:05:18:F3,2,0,0,7903,3882,0,0,0,0,8281,3903,475,172,29,0,535,0,0,0
2026-04-02 13:02:38.432,1897.438387138,1775106158432,right_insole,右鞋垫,FF:25:02:05:18:F3,2,597,0,7399,3695,0,0,658,0,7793,3636,835,674,1083,0,976,177,389,0
2026-04-02 13:02:38.492,1897.498583306,1775106158492,right_insole,右鞋垫,FF:25:02:05:18:F3,2,1160,0,6590,3402,0,56,1366,0,6767,3069,1235,1220,1585,0,1143,554,879,0
2026-04-02 13:02:38.523,1897.529314263,1775106158523,right_insole,右鞋垫,FF:25:02:05:18:F3,2,1188,0,5900,2770,0,159,1506,0,5937,2407,1254,1484,1945,0,1273,823,1127,0
2026-04-02 13:02:38.612,1897.618530106,1775106158612,right_insole,右鞋垫,FF:25:02:05:18:F3,2,1183,0,4919,2050,0,183,1775,0,4963,1765,1278,1852,2626,0,1396,1246,1644,0
2026-04-02 13:02:38.612,1897.618631041,1775106158612,right_insole,右鞋垫,FF:25:02:05:18:F3,2,987,0,4398,1711,0,164,1874,0,4406,1364,1378,2106,2849,0,1539,1564,2006,0
2026-04-02 13:02:38.672,1897.678631622,1775106158672,right_insole,右鞋垫,FF:25:02:05:18:F3,2,1250,0,4156,1412,0,249,2088,0,4152,1071,1212,2206,3044,0,1444,1482,2076,0
2026-04-02 13:02:38.732,1897.738601639,1775106158732,right_insole,右鞋垫,FF:25:02:05:18:F3,2,1355,0,3812,1155,0,256,2188,0,3867,616,1083,2255,3372,0,1361,1577,2354,0
2026-04-02 13:02:38.792,1897.798515341,1775106158792,right_insole,右鞋垫,FF:25:02:05:18:F3,2,1386,0,3626,812,0,251,2306,198,3527,355,947,2399,3612,0,1355,1623,2583,0
2026-04-02 13:02:38.882,1897.888402677,1775106158882,right_insole,右鞋垫,FF:25:02:05:18:F3,2,1595,247,3326,449,0,382,2674,516,3137,111,758,2419,4108,0,1152,1758,2970,0
2026-04-02 13:02:38.882,1897.888467519,1775106158882,right_insole,右鞋垫,FF:25:02:05:18:F3,2,2027,725,2843,0,0,226,3281,1077,2806,0,325,2218,4700,0,688,1642,3331,31
2026-04-02 13:02:38.942,1897.948459141,1775106158942,right_insole,右鞋垫,FF:25:02:05:18:F3,2,2657,1598,2506,0,0,0,3710,1950,2575,0,0,1184,5165,219,152,840,3501,318
2026-04-02 13:02:38.972,1897.978553612,1775106158972,right_insole,右鞋垫,FF:25:02:05:18:F3,2,2794,2545,2108,0,0,0,3507,2893,2401,0,0,0,4323,479,0,0,2763,390
2026-04-02 13:02:39.032,1898.038499137,1775106159032,right_insole,右鞋垫,FF:25:02:05:18:F3,2,2200,2887,1941,0,0,0,2257,2889,2326,0,0,0,2738,277,0,0,1513,0
2026-04-02 13:02:39.214,1898.220306451,1775106159214,right_insole,右鞋垫,FF:25:02:05:18:F3,2,1427,1840,1790,0,0,0,1385,2086,2219,0,0,0,1758,0,0,0,829,0
2026-04-02 13:02:39.214,1898.220392082,1775106159214,right_insole,右鞋垫,FF:25:02:05:18:F3,2,154,0,1759,0,0,0,5,437,1983,0,0,0,272,0,0,0,189,0
2026-04-02 13:02:39.242,1898.248565337,1775106159242,right_insole,右鞋垫,FF:25:02:05:18:F3,2,0,0,2011,0,0,0,0,0,2229,0,0,0,0,0,0,0,0,0
2026-04-02 13:02:39.242,1898.248629136,1775106159242,right_insole,右鞋垫,FF:25:02:05:18:F3,2,0,0,2143,0,0,0,0,0,2297,0,0,0,0,0,0,0,0,0
2026-04-02 13:02:39.302,1898.308616055,1775106159302,right_insole,右鞋垫,FF:25:02:05:18:F3,2,0,0,2210,0,0,0,0,0,2298,0,0,0,0,0,0,0,0,0
2026-04-02 13:02:39.392,1898.398483344,1775106159392,right_insole,右鞋垫,FF:25:02:05:18:F3,2,0,0,2197,0,0,0,0,0,2353,0,0,0,0,0,0,0,0,0
2026-04-02 13:02:39.392,1898.398568286,1775106159392,right_insole,右鞋垫,FF:25:02:05:18:F3,2,0,0,2233,0,0,0,0,0,2389,0,0,0,0,0,0,0,0,0
2026-04-02 13:02:39.452,1898.458355756,1775106159452,right_insole,右鞋垫,FF:25:02:05:18:F3,2,0,0,2256,0,0,0,0,0,2401,0,0,0,0,0,0,0,0,0
2026-04-02 13:02:39.512,1898.51862759,1775106159512,right_insole,右鞋垫,FF:25:02:05:18:F3,2,0,0,2217,0,0,0,0,0,2393,0,0,0,0,0,0,0,0,0
2026-04-02 13:02:39.542,1898.548587649,1775106159542,right_insole,右鞋垫,FF:25:02:05:18:F3,2,0,0,2069,0,0,0,0,0,2359,0,0,0,0,0,0,0,0,0
2026-04-02 13:02:39.602,1898.608617466,1775106159602,right_insole,右鞋垫,FF:25:02:05:18:F3,2,0,0,1987,0,0,0,0,0,2338,0,0,0,0,0,0,0,0,0
2026-04-02 13:02:39.693,1898.69950152,1775106159693,right_insole,右鞋垫,FF:25:02:05:18:F3,2,0,0,2105,0,0,0,0,0,2632,0,0,0,0,0,0,0,0,0
2026-04-02 13:02:39.722,1898.728781342,1775106159722,right_insole,右鞋垫,FF:25:02:05:18:F3,2,0,0,4278,481,0,0,0,0,4839,468,0,0,0,0,0,0,0,0
2026-04-02 13:02:39.782,1898.788592332,1775106159782,right_insole,右鞋垫,FF:25:02:05:18:F3,2,0,0,7185,2240,0,0,0,0,8316,2627,0,0,0,0,0,0,0,0
2026-04-02 13:02:39.813,1898.819428071,1775106159813,right_insole,右鞋垫,FF:25:02:05:18:F3,2,0,0,8395,3736,0,0,0,0,9518,4386,0,0,0,0,736,0,0,0
2026-04-02 13:02:39.872,1898.878658442,1775106159872,right_insole,右鞋垫,FF:25:02:05:18:F3,2,0,0,8421,4047,0,0,0,0,9542,4614,407,0,0,0,1014,57,57,0
2026-04-02 13:02:39.932,1898.93863162,1775106159932,right_insole,右鞋垫,FF:25:02:05:18:F3,2,0,0,8276,4107,0,0,0,0,9126,4665,952,519,698,0,1447,386,481,0
2026-04-02 13:02:40.023,1899.029395071,1775106160023,right_insole,右鞋垫,FF:25:02:05:18:F3,2,0,0,7733,4001,0,0,683,0,8550,4472,1286,1075,1497,0,1815,850,923,0
2026-04-02 13:02:40.023,1899.029473749,1775106160023,right_insole,右鞋垫,FF:25:02:05:18:F3,2,0,0,7188,3599,0,0,941,0,7906,4045,1491,1341,1867,0,2070,1052,1238,0
2026-04-02 13:02:40.082,1899.088534516,1775106160082,right_insole,右鞋垫,FF:25:02:05:18:F3,2,0,0,6722,3271,0,0,1195,0,7373,3809,1615,1630,2186,0,2215,1259,1486,0
2026-04-02 13:02:40.142,1899.148340004,1775106160142,right_insole,右鞋垫,FF:25:02:05:18:F3,2,0,0,6626,3217,0,0,1323,0,7118,3651,1609,1668,2449,0,2248,1413,1667,0
2026-04-02 13:02:40.232,1899.238565798,1775106160232,right_insole,右鞋垫,FF:25:02:05:18:F3,2,67,0,6472,3081,0,0,1532,0,6866,3426,1887,2022,2762,0,2515,1631,1939,0
2026-04-02 13:02:40.262,1899.268173579,1775106160262,right_insole,右鞋垫,FF:25:02:05:18:F3,2,136,0,6115,2849,0,0,1629,0,6485,3082,1937,2314,3006,0,2406,1786,2225,0
2026-04-02 13:02:40.292,1899.298605323,1775106160292,right_insole,右鞋垫,FF:25:02:05:18:F3,2,444,0,5748,2398,0,225,1908,0,5812,2669,2037,2654,3421,0,2587,2063,2626,0
2026-04-02 13:02:40.322,1899.328535896,1775106160322,right_insole,右鞋垫,FF:25:02:05:18:F3,2,876,0,5030,1768,0,366,2310,0,4930,1882,1793,2908,3963,0,2298,2114,3037,0
2026-04-02 13:02:40.382,1899.388520323,1775106160382,right_insole,右鞋垫,FF:25:02:05:18:F3,2,1802,0,3934,952,0,610,3100,145,3808,615,1082,2904,4785,0,1419,1863,3129,10
2026-04-02 13:02:40.442,1899.448534447,1775106160442,right_insole,右鞋垫,FF:25:02:05:18:F3,2,2301,0,3562,330,0,534,3725,602,3361,0,370,2331,5165,0,635,1210,3230,22
2026-04-02 13:02:40.502,1899.508346753,1775106160502,right_insole,右鞋垫,FF:25:02:05:18:F3,2,2879,464,3047,0,0,0,3734,1345,3078,0,0,353,4488,122,0,13,2561,0
2026-04-02 13:02:40.562,1899.568505737,1775106160562,right_insole,右鞋垫,FF:25:02:05:18:F3,2,2264,966,2644,0,0,0,2240,1472,2768,0,0,0,2380,0,0,0,1015,0
2026-04-02 13:02:40.623,1899.629438786,1775106160623,right_insole,右鞋垫,FF:25:02:05:18:F3,2,894,179,2285,0,0,0,762,486,2436,0,0,0,719,0,0,0,85,0
2026-04-02 13:02:40.652,1899.658538143,1775106160652,right_insole,右鞋垫,FF:25:02:05:18:F3,2,0,0,2246,0,0,0,0,0,2427,0,0,0,0,0,0,0,0,0
2026-04-02 13:02:40.742,1899.748638601,1775106160742,right_insole,右鞋垫,FF:25:02:05:18:F3,2,0,0,2325,0,0,0,0,0,2457,0,0,0,0,0,0,0,0,0
2026-04-02 13:02:40.742,1899.748744535,1775106160742,right_insole,右鞋垫,FF:25:02:05:18:F3,2,0,0,2337,0,0,0,0,0,2480,0,0,0,0,0,0,0,0,0
2026-04-02 13:02:40.802,1899.808542179,1775106160802,right_insole,右鞋垫,FF:25:02:05:18:F3,2,0,0,2335,0,0,0,0,0,2469,0,0,0,0,0,0,0,0,0
2026-04-02 13:02:40.892,1899.898531079,1775106160892,right_insole,右鞋垫,FF:25:02:05:18:F3,2,0,0,2357,0,0,0,0,0,2546,0,0,0,0,0,0,0,0,0
2026-04-02 13:02:40.922,1899.928510226,1775106160922,right_insole,右鞋垫,FF:25:02:05:18:F3,2,0,0,2350,0,0,0,0,0,2552,0,0,0,0,0,0,0,0,0
2026-04-02 13:02:40.952,1899.958356441,1775106160952,right_insole,右鞋垫,FF:25:02:05:18:F3,2,0,0,2327,0,0,0,0,0,2539,0,0,0,0,0,0,0,0,0
2026-04-02 13:02:41.012,1900.018557342,1775106161012,right_insole,右鞋垫,FF:25:02:05:18:F3,2,0,0,2377,0,0,0,0,0,2512,0,0,0,0,0,0,0,0,0
2026-04-02 13:02:41.072,1900.07826006,1775106161072,right_insole,右鞋垫,FF:25:02:05:18:F3,2,0,0,2253,0,0,0,0,0,2515,0,0,0,0,0,0,0,0,0
2026-04-02 13:02:41.132,1900.138649246,1775106161132,right_insole,右鞋垫,FF:25:02:05:18:F3,2,0,0,2260,0,0,0,0,0,2494,0,0,0,0,0,0,0,0,0
2026-04-02 13:02:41.162,1900.168613762,1775106161162,right_insole,右鞋垫,FF:25:02:05:18:F3,2,0,0,2320,0,0,0,0,0,2710,0,0,0,0,0,0,0,0,0
2026-04-02 13:02:41.252,1900.25862805,1775106161252,right_insole,右鞋垫,FF:25:02:05:18:F3,2,0,0,3572,277,0,0,0,0,4281,198,0,0,0,0,0,0,0,0
2026-04-02 13:02:41.282,1900.288608827,1775106161282,right_insole,右鞋垫,FF:25:02:05:18:F3,2,0,0,5937,1190,0,0,0,0,6486,1406,0,0,0,0,0,0,0,0
2026-04-02 13:02:41.312,1900.318319039,1775106161312,right_insole,右鞋垫,FF:25:02:05:18:F3,2,0,0,8351,3382,0,0,0,0,9588,4161,0,0,0,0,539,0,0,0
2026-04-02 13:02:41.372,1900.378548779,1775106161372,right_insole,右鞋垫,FF:25:02:05:18:F3,2,0,0,9006,4290,0,0,0,0,9954,4743,358,0,0,0,883,0,0,0
2026-04-02 13:02:41.462,1900.468554687,1775106161462,right_insole,右鞋垫,FF:25:02:05:18:F3,2,0,0,8668,4340,0,0,0,0,9678,4793,867,417,327,0,1293,197,256,0
2026-04-02 13:02:41.524,1900.530210145,1775106161524,right_insole,右鞋垫,FF:25:02:05:18:F3,2,0,0,8455,4279,0,0,334,0,9197,4722,1229,837,972,0,1506,406,610,0
2026-04-02 13:02:41.552,1900.558354157,1775106161552,right_insole,右鞋垫,FF:25:02:05:18:F3,2,94,0,7402,3692,0,0,933,0,8019,4161,1398,1233,1713,0,1819,816,1036,0
2026-04-02 13:02:41.582,1900.588503863,1775106161582,right_insole,右鞋垫,FF:25:02:05:18:F3,2,378,0,6640,3289,0,0,1409,0,7070,3505,1521,1685,2237,0,1976,1129,1403,0
2026-04-02 13:02:41.702,1900.708373369,1775106161702,right_insole,右鞋垫,FF:25:02:05:18:F3,2,619,0,6190,2832,0,162,1596,0,6437,3128,1638,2010,2740,0,2062,1331,1683,0
2026-04-02 13:02:41.702,1900.708462983,1775106161702,right_insole,右鞋垫,FF:25:02:05:18:F3,2,797,0,5900,2616,0,272,1773,0,6167,2913,1748,2196,3017,0,2099,1426,1896,0
2026-04-02 13:02:41.762,1900.768246749,1775106161762,right_insole,右鞋垫,FF:25:02:05:18:F3,2,824,0,5926,2538,0,304,1850,0,5943,2674,1808,2375,3211,0,2105,1492,2028,0
2026-04-02 13:02:41.792,1900.798547335,1775106161792,right_insole,右鞋垫,FF:25:02:05:18:F3,2,1183,0,5498,2284,0,608,2214,0,5366,2170,1901,2767,3693,0,2158,1681,2364,0
2026-04-02 13:02:41.882,1900.888312665,1775106161882,right_insole,右鞋垫,FF:25:02:05:18:F3,2,1560,0,4746,1552,0,868,2612,0,4507,1258,1672,2971,4212,0,1934,1804,2806,0
2026-04-02 13:02:41.882,1900.888416237,1775106161882,right_insole,右鞋垫,FF:25:02:05:18:F3,2,1932,0,3760,735,0,694,3295,325,3432,268,932,2709,4906,0,1130,1738,3227,0
2026-04-02 13:02:41.942,1900.948542331,1775106161942,right_insole,右鞋垫,FF:25:02:05:18:F3,2,2332,329,3230,0,0,0,3509,993,3072,0,0,1253,5308,52,212,641,3326,99
2026-04-02 13:02:42.003,1901.009352005,1775106162003,right_insole,右鞋垫,FF:25:02:05:18:F3,2,2373,1132,2803,0,0,0,3125,1491,2822,0,0,0,4029,0,0,0,2421,0
2026-04-02 13:02:42.092,1901.098615742,1775106162092,right_insole,右鞋垫,FF:25:02:05:18:F3,2,1836,1480,2564,0,0,0,1949,1649,2623,0,0,0,2598,0,0,0,1336,0
2026-04-02 13:02:42.092,1901.098722504,1775106162092,right_insole,右鞋垫,FF:25:02:05:18:F3,2,919,476,2249,0,0,0,750,643,2382,0,0,0,933,0,0,0,228,0
2026-04-02 13:02:42.152,1901.158275835,1775106162152,right_insole,右鞋垫,FF:25:02:05:18:F3,2,0,0,2228,0,0,0,0,0,2338,0,0,0,0,0,0,0,0,0
2026-04-02 13:02:42.212,1901.218527771,1775106162212,right_insole,右鞋垫,FF:25:02:05:18:F3,2,0,0,2284,0,0,0,0,0,2422,0,0,0,0,0,0,0,0,0
2026-04-02 13:02:42.302,1901.308532046,1775106162302,right_insole,右鞋垫,FF:25:02:05:18:F3,2,0,0,2297,0,0,0,0,0,2431,0,0,0,0,0,0,0,0,0
2026-04-02 13:02:42.302,1901.308612493,1775106162302,right_insole,右鞋垫,FF:25:02:05:18:F3,2,0,0,2308,0,0,0,0,0,2456,0,0,0,0,0,0,0,0,0
2026-04-02 13:02:42.362,1901.368350687,1775106162362,right_insole,右鞋垫,FF:25:02:05:18:F3,2,0,0,2285,0,0,0,0,0,2499,0,0,0,0,0,0,0,0,0
2026-04-02 13:02:42.422,1901.428544921,1775106162422,right_insole,右鞋垫,FF:25:02:05:18:F3,2,0,0,2337,0,0,0,0,0,2549,0,0,0,0,0,0,0,0,0
2026-04-02 13:02:42.482,1901.488467264,1775106162482,right_insole,右鞋垫,FF:25:02:05:18:F3,2,0,0,2341,0,0,0,0,0,2573,0,0,0,0,0,0,0,0,0
2026-04-02 13:02:42.512,1901.518633632,1775106162512,right_insole,右鞋垫,FF:25:02:05:18:F3,2,0,0,2288,0,0,0,0,0,2606,0,0,0,0,0,0,0,0,0
2026-04-02 13:02:42.575,1901.581111025,1775106162574,right_insole,右鞋垫,FF:25:02:05:18:F3,2,0,0,2271,0,0,0,0,0,2540,0,0,0,0,0,0,0,0,0
2026-04-02 13:02:42.632,1901.638534304,1775106162632,right_insole,右鞋垫,FF:25:02:05:18:F3,2,0,0,2165,0,0,0,0,0,2474,0,0,0,0,0,0,0,0,0
2026-04-02 13:02:42.662,1901.668492589,1775106162662,right_insole,右鞋垫,FF:25:02:05:18:F3,2,0,0,2341,0,0,0,0,0,2784,0,0,0,0,0,0,0,0,0
2026-04-02 13:02:42.752,1901.758547128,1775106162752,right_insole,右鞋垫,FF:25:02:05:18:F3,2,0,0,4405,532,0,0,0,0,4836,450,0,0,0,0,0,0,0,0
2026-04-02 13:02:42.813,1901.819305639,1775106162813,right_insole,右鞋垫,FF:25:02:05:18:F3,2,0,0,7310,2433,0,0,0,0,8255,2907,0,0,0,0,0,0,0,0
2026-04-02 13:02:42.842,1901.848555929,1775106162842,right_insole,右鞋垫,FF:25:02:05:18:F3,2,0,0,8673,3826,0,0,0,0,9486,4158,0,0,0,0,340,0,0,0
2026-04-02 13:02:42.872,1901.878521889,1775106162872,right_insole,右鞋垫,FF:25:02:05:18:F3,2,0,0,8793,4437,0,0,0,0,9400,4476,478,0,0,0,678,0,0,0
2026-04-02 13:02:42.932,1901.938410749,1775106162932,right_insole,右鞋垫,FF:25:02:05:18:F3,2,0,0,8388,4308,0,0,300,0,9130,4467,936,489,653,0,1116,118,423,0
2026-04-02 13:02:42.992,1901.998536855,1775106162992,right_insole,右鞋垫,FF:25:02:05:18:F3,2,652,0,7973,4195,0,0,953,0,8394,4169,1197,929,1272,0,1352,386,648,0
2026-04-02 13:02:43.052,1902.058476693,1775106163052,right_insole,右鞋垫,FF:25:02:05:18:F3,2,952,0,7028,3635,0,0,1272,0,7434,3525,1329,1254,1505,0,1281,585,764,0
2026-04-02 13:02:43.082,1902.088524717,1775106163082,right_insole,右鞋垫,FF:25:02:05:18:F3,2,1271,0,6645,3263,0,37,1415,0,6903,3166,1349,1407,1730,0,1305,619,872,0
2026-04-02 13:02:43.142,1902.148504973,1775106163142,right_insole,右鞋垫,FF:25:02:05:18:F3,2,1436,0,6420,3092,0,279,1592,0,6500,2845,1368,1661,1982,0,1328,675,965,0
2026-04-02 13:02:43.202,1902.208592779,1775106163202,right_insole,右鞋垫,FF:25:02:05:18:F3,2,1713,0,6468,3027,0,461,1680,0,6466,2750,1488,1870,2120,0,1386,742,1094,0
2026-04-02 13:02:43.262,1902.268288418,1775106163262,right_insole,右鞋垫,FF:25:02:05:18:F3,2,1913,0,6580,3038,34,701,2008,92,6252,2500,1688,2235,2471,0,1427,924,1317,0
2026-04-02 13:02:43.292,1902.298480369,1775106163292,right_insole,右鞋垫,FF:25:02:05:18:F3,2,2217,0,5760,2221,1,989,2336,187,5200,1624,1580,2514,2966,0,1371,1050,1618,0
2026-04-02 13:02:43.382,1902.388287918,1775106163382,right_insole,右鞋垫,FF:25:02:05:18:F3,2,3019,501,4425,1037,0,1192,3295,740,4026,465,982,2676,3983,0,799,1209,2055,0
2026-04-02 13:02:43.442,1902.448514276,1775106163442,right_insole,右鞋垫,FF:25:02:05:18:F3,2,3510,832,3787,493,0,954,4179,1108,3342,0,247,2141,4684,0,303,898,2496,0
2026-04-02 13:02:43.442,1902.448602302,1775106163442,right_insole,右鞋垫,FF:25:02:05:18:F3,2,3340,1240,3109,0,0,0,4222,1313,3070,0,0,404,5122,268,0,91,3314,91
2026-04-02 13:02:43.532,1902.538392422,1775106163532,right_insole,右鞋垫,FF:25:02:05:18:F3,2,2477,1561,2742,0,0,0,2884,1893,2822,0,0,0,3360,0,0,0,2148,0
2026-04-02 13:02:43.562,1902.568515021,1775106163562,right_insole,右鞋垫,FF:25:02:05:18:F3,2,1349,809,2364,0,0,0,1287,1016,2595,0,0,0,1421,0,0,0,454,0
2026-04-02 13:02:43.622,1902.628313964,1775106163622,right_insole,右鞋垫,FF:25:02:05:18:F3,2,0,0,2292,0,0,0,0,0,2478,0,0,0,0,0,0,0,0,0
2026-04-02 13:02:43.652,1902.658605143,1775106163652,right_insole,右鞋垫,FF:25:02:05:18:F3,2,0,0,2434,0,0,0,0,0,2555,0,0,0,0,0,0,0,0,0
2026-04-02 13:02:43.743,1902.749246727,1775106163743,right_insole,右鞋垫,FF:25:02:05:18:F3,2,0,0,2392,0,0,0,0,0,2546,0,0,0,0,0,0,0,0,0
2026-04-02 13:02:43.802,1902.80861569,1775106163802,right_insole,右鞋垫,FF:25:02:05:18:F3,2,0,0,2392,0,0,0,0,0,2586,0,0,0,0,0,0,0,0,0
2026-04-02 13:02:43.832,1902.838478934,1775106163832,right_insole,右鞋垫,FF:25:02:05:18:F3,2,0,0,2393,0,0,0,0,0,2663,0,0,0,0,0,0,0,0,0
2026-04-02 13:02:43.862,1902.868522974,1775106163862,right_insole,右鞋垫,FF:25:02:05:18:F3,2,0,0,2399,0,0,0,0,0,2683,0,0,0,0,0,0,0,0,0
2026-04-02 13:02:43.982,1902.988482184,1775106163982,right_insole,右鞋垫,FF:25:02:05:18:F3,2,0,0,2322,0,0,0,0,0,2628,0,0,0,0,0,0,0,0,0
2026-04-02 13:02:43.982,1902.988531619,1775106163982,right_insole,右鞋垫,FF:25:02:05:18:F3,2,0,0,2175,0,0,0,0,0,2507,0,0,0,0,0,0,0,0,0
2026-04-02 13:02:44.042,1903.048540852,1775106164042,right_insole,右鞋垫,FF:25:02:05:18:F3,2,0,0,2262,0,0,0,0,0,2853,0,0,0,0,0,0,0,0,0
2026-04-02 13:02:44.073,1903.079353043,1775106164073,right_insole,右鞋垫,FF:25:02:05:18:F3,2,0,0,7182,1555,0,0,0,0,8159,1807,0,0,0,0,0,0,0,0
2026-04-02 13:02:44.132,1903.138542513,1775106164132,right_insole,右鞋垫,FF:25:02:05:18:F3,2,0,0,11695,5172,0,0,0,0,12613,5605,127,0,0,0,873,0,0,0
2026-04-02 13:02:44.192,1903.198315713,1775106164192,right_insole,右鞋垫,FF:25:02:05:18:F3,2,0,0,10311,5201,0,0,0,0,11881,6031,768,0,0,0,1602,211,0,0
2026-04-02 13:02:44.222,1903.228487779,1775106164222,right_insole,右鞋垫,FF:25:02:05:18:F3,2,0,0,9894,4786,0,0,0,0,11068,5602,1016,429,167,0,1717,475,332,0
2026-04-02 13:02:44.282,1903.288537742,1775106164282,right_insole,右鞋垫,FF:25:02:05:18:F3,2,0,0,7893,3351,0,0,0,0,8660,3976,794,735,661,0,1628,698,626,0
2026-04-02 13:02:44.342,1903.348495886,1775106164342,right_insole,右鞋垫,FF:25:02:05:18:F3,2,0,0,6864,2666,0,0,66,0,7377,2975,817,975,1004,0,1674,810,883,0
2026-04-02 13:02:44.402,1903.408581458,1775106164402,right_insole,右鞋垫,FF:25:02:05:18:F3,2,0,0,6425,2435,0,0,570,0,6622,2521,1174,1609,1913,0,1824,1151,1550,0
2026-04-02 13:02:44.432,1903.438331152,1775106164432,right_insole,右鞋垫,FF:25:02:05:18:F3,2,8,0,5987,2100,0,0,1574,0,5788,2164,1590,2385,3151,0,2360,1728,2398,0
2026-04-02 13:02:44.492,1903.49863679,1775106164492,right_insole,右鞋垫,FF:25:02:05:18:F3,2,1495,0,4324,860,0,653,3331,32,4045,584,1416,3407,5367,0,2184,2575,3838,0
2026-04-02 13:02:44.582,1903.588627308,1775106164582,right_insole,右鞋垫,FF:25:02:05:18:F3,2,2840,0,3381,0,0,0,5185,1235,3338,0,0,1419,7059,823,631,1000,4932,671
2026-04-02 13:02:44.612,1903.618618537,1775106164612,right_insole,右鞋垫,FF:25:02:05:18:F3,2,2404,1057,2850,0,0,0,3743,2297,3064,0,0,0,4305,211,0,0,2781,0
2026-04-02 13:02:44.642,1903.64861232,1775106164642,right_insole,右鞋垫,FF:25:02:05:18:F3,2,637,0,2402,0,0,0,732,384,2708,0,0,0,944,0,0,0,419,0
2026-04-02 13:02:44.732,1903.738593518,1775106164732,right_insole,右鞋垫,FF:25:02:05:18:F3,2,0,0,2317,0,0,0,0,0,2566,0,0,0,0,0,0,0,0,0
2026-04-02 13:02:44.792,1903.798465659,1775106164792,right_insole,右鞋垫,FF:25:02:05:18:F3,2,0,0,2411,0,0,0,0,0,2518,0,0,0,0,0,0,0,0,0
2026-04-02 13:02:44.822,1903.828612228,1775106164822,right_insole,右鞋垫,FF:25:02:05:18:F3,2,0,0,2360,0,0,0,0,0,2574,0,0,0,0,0,0,0,0,0
2026-04-02 13:02:44.852,1903.85861436,1775106164852,right_insole,右鞋垫,FF:25:02:05:18:F3,2,0,0,2354,0,0,0,0,0,2553,0,0,0,0,0,0,0,0,0
2026-04-02 13:02:44.912,1903.918564048,1775106164912,right_insole,右鞋垫,FF:25:02:05:18:F3,2,0,0,2375,0,0,0,0,0,2523,0,0,0,0,0,0,0,0,0
2026-04-02 13:02:44.972,1903.978612731,1775106164972,right_insole,右鞋垫,FF:25:02:05:18:F3,2,0,0,2188,0,0,0,0,0,2461,0,0,0,0,0,0,0,0,0
2026-04-02 13:02:45.003,1904.009382046,1775106165003,right_insole,右鞋垫,FF:25:02:05:18:F3,2,0,0,2069,0,0,0,0,0,2406,0,0,0,0,0,0,0,0,0
2026-04-02 13:02:45.062,1904.068643142,1775106165062,right_insole,右鞋垫,FF:25:02:05:18:F3,2,0,0,3181,118,0,0,0,0,4368,250,0,0,0,0,0,0,0,0
2026-04-02 13:02:45.123,1904.129250854,1775106165123,right_insole,右鞋垫,FF:25:02:05:18:F3,2,0,0,12452,4253,0,0,0,0,12949,4719,0,0,0,0,333,0,0,0
2026-04-02 13:02:45.182,1904.188622625,1775106165182,right_insole,右鞋垫,FF:25:02:05:18:F3,2,0,0,10503,5296,0,0,0,0,11220,5626,919,0,0,0,1598,331,106,0
2026-04-02 13:02:45.212,1904.218661272,1775106165212,right_insole,右鞋垫,FF:25:02:05:18:F3,2,0,0,8426,3866,0,0,113,0,9062,4414,1195,804,1195,0,2141,791,865,0
2026-04-02 13:02:45.272,1904.278657235,1775106165272,right_insole,右鞋垫,FF:25:02:05:18:F3,2,0,0,6701,2641,0,0,557,0,7113,3103,1010,1040,1563,0,2038,1059,1245,0
2026-04-02 13:02:45.332,1904.338594298,1775106165332,right_insole,右鞋垫,FF:25:02:05:18:F3,2,0,0,5072,1563,0,0,819,0,5334,1812,540,1169,1979,0,1697,1123,1635,0
2026-04-02 13:02:45.392,1904.398673638,1775106165392,right_insole,右鞋垫,FF:25:02:05:18:F3,2,0,0,4677,1226,0,0,1058,0,4772,1280,748,1419,2579,0,1743,1514,2177,0
2026-04-02 13:02:45.422,1904.428604902,1775106165422,right_insole,右鞋垫,FF:25:02:05:18:F3,2,447,0,4335,820,0,0,2490,0,4023,774,1281,2660,4415,0,2347,2453,3526,53
2026-04-02 13:02:45.482,1904.4883666,1775106165482,right_insole,右鞋垫,FF:25:02:05:18:F3,2,2006,0,3442,0,0,202,4282,867,3210,0,455,2842,6657,425,1242,1957,4872,595
2026-04-02 13:02:45.602,1904.608371118,1775106165602,right_insole,右鞋垫,FF:25:02:05:18:F3,2,2805,118,3053,0,0,0,5227,1730,3132,0,0,894,7005,1109,420,709,4859,1024
2026-04-02 13:02:45.602,1904.608456949,1775106165602,right_insole,右鞋垫,FF:25:02:05:18:F3,2,2180,887,2504,0,0,0,3514,2595,2822,0,0,0,4103,300,0,0,2835,113
2026-04-02 13:02:45.632,1904.63864672,1775106165632,right_insole,右鞋垫,FF:25:02:05:18:F3,2,184,0,2133,0,0,0,384,124,2413,0,0,0,579,0,0,0,261,0
2026-04-02 13:02:45.692,1904.698564318,1775106165692,right_insole,右鞋垫,FF:25:02:05:18:F3,2,0,0,2191,0,0,0,0,0,2510,0,0,0,0,0,0,0,0,0
2026-04-02 13:02:45.752,1904.758603599,1775106165752,right_insole,右鞋垫,FF:25:02:05:18:F3,2,0,0,2273,0,0,0,0,0,2490,0,0,0,0,0,0,0,0,0
2026-04-02 13:02:45.782,1904.788611818,1775106165782,right_insole,右鞋垫,FF:25:02:05:18:F3,2,0,0,2227,0,0,0,0,0,2493,0,0,0,0,0,0,0,0,0
2026-04-02 13:02:45.842,1904.848530768,1775106165842,right_insole,右鞋垫,FF:25:02:05:18:F3,2,0,0,2251,0,0,0,0,0,2449,0,0,0,0,0,0,0,0,0
2026-04-02 13:02:45.902,1904.908622757,1775106165902,right_insole,右鞋垫,FF:25:02:05:18:F3,2,0,0,2237,0,0,0,0,0,2452,0,0,0,0,0,0,0,0,0
2026-04-02 13:02:45.962,1904.968561255,1775106165962,right_insole,右鞋垫,FF:25:02:05:18:F3,2,0,0,2103,0,0,0,0,0,2357,0,0,0,0,0,0,0,0,0
2026-04-02 13:02:45.992,1904.998676286,1775106165992,right_insole,右鞋垫,FF:25:02:05:18:F3,2,0,0,2428,0,0,0,0,0,3255,0,0,0,0,0,0,0,0,0
2026-04-02 13:02:46.052,1905.058322151,1775106166052,right_insole,右鞋垫,FF:25:02:05:18:F3,2,0,0,7783,1652,0,0,0,0,8775,1694,0,0,0,0,0,0,0,0
2026-04-02 13:02:46.112,1905.11865612,1775106166112,right_insole,右鞋垫,FF:25:02:05:18:F3,2,0,0,11995,5531,0,0,0,0,12645,5843,494,0,0,0,1077,0,0,0
2026-04-02 13:02:46.173,1905.179428038,1775106166173,right_insole,右鞋垫,FF:25:02:05:18:F3,2,0,0,9809,4831,0,0,0,0,10802,5322,1118,258,74,0,1681,379,379,0
2026-04-02 13:02:46.232,1905.238531426,1775106166232,right_insole,右鞋垫,FF:25:02:05:18:F3,2,0,0,7009,2950,0,0,358,0,7542,3202,901,887,1368,0,1486,638,857,0
2026-04-02 13:02:46.292,1905.298306984,1775106166292,right_insole,右鞋垫,FF:25:02:05:18:F3,2,0,0,5194,1652,0,0,836,0,5459,1559,493,950,1628,0,979,546,967,0
2026-04-02 13:02:46.322,1905.328528437,1775106166322,right_insole,右鞋垫,FF:25:02:05:18:F3,2,590,0,4795,1302,0,0,1117,0,4797,1077,541,1172,1900,0,755,575,1225,0
2026-04-02 13:02:46.382,1905.388623152,1775106166382,right_insole,右鞋垫,FF:25:02:05:18:F3,2,1186,0,4678,1226,0,31,1736,0,4444,822,710,1811,2730,0,975,975,1828,0
2026-04-02 13:02:46.412,1905.418427769,1775106166412,right_insole,右鞋垫,FF:25:02:05:18:F3,2,2357,0,4005,425,0,797,3550,591,3500,99,924,2907,4977,0,1170,1726,3307,0
2026-04-02 13:02:46.472,1905.47854747,1775106166472,right_insole,右鞋垫,FF:25:02:05:18:F3,2,3284,409,3132,0,0,0,5189,1782,3022,0,0,1056,6642,1056,161,613,4250,690
2026-04-02 13:02:46.532,1905.538433985,1775106166532,right_insole,右鞋垫,FF:25:02:05:18:F3,2,2787,1410,2608,0,0,0,3089,2802,2778,0,0,0,3303,115,0,0,1958,0
2026-04-02 13:02:46.562,1905.568602631,1775106166562,right_insole,右鞋垫,FF:25:02:05:18:F3,2,469,0,2173,0,0,0,157,323,2354,0,0,0,56,0,0,0,0,0
2026-04-02 13:02:46.622,1905.628514959,1775106166622,right_insole,右鞋垫,FF:25:02:05:18:F3,2,0,0,2347,0,0,0,0,0,2470,0,0,0,0,0,0,0,0,0
2026-04-02 13:02:46.712,1905.71852641,1775106166712,right_insole,右鞋垫,FF:25:02:05:18:F3,2,0,0,2415,0,0,0,0,0,2518,0,0,0,0,0,0,0,0,0
2026-04-02 13:02:46.742,1905.748291583,1775106166742,right_insole,右鞋垫,FF:25:02:05:18:F3,2,0,0,2371,0,0,0,0,0,2553,0,0,0,0,0,0,0,0,0
2026-04-02 13:02:46.772,1905.778531182,1775106166772,right_insole,右鞋垫,FF:25:02:05:18:F3,2,0,0,2342,0,0,0,0,0,2543,0,0,0,0,0,0,0,0,0
2026-04-02 13:02:46.832,1905.838597149,1775106166832,right_insole,右鞋垫,FF:25:02:05:18:F3,2,0,0,2320,0,0,0,0,0,2481,0,0,0,0,0,0,0,0,0
2026-04-02 13:02:46.892,1905.898522294,1775106166892,right_insole,右鞋垫,FF:25:02:05:18:F3,2,0,0,2201,0,0,0,0,0,2395,0,0,0,0,0,0,0,0,0
2026-04-02 13:02:46.952,1905.958522733,1775106166952,right_insole,右鞋垫,FF:25:02:05:18:F3,2,0,0,2095,0,0,0,0,0,2316,0,0,0,0,0,0,0,0,0
2026-04-02 13:02:46.982,1905.988387632,1775106166982,right_insole,右鞋垫,FF:25:02:05:18:F3,2,0,0,5719,1029,0,0,0,0,6514,990,0,0,0,0,0,0,0,0
2026-04-02 13:02:47.042,1906.048594226,1775106167042,right_insole,右鞋垫,FF:25:02:05:18:F3,2,0,0,12857,5408,0,0,0,0,13007,5753,274,0,0,0,803,0,0,0
2026-04-02 13:02:47.132,1906.13861989,1775106167132,right_insole,右鞋垫,FF:25:02:05:18:F3,2,0,0,10327,4976,0,0,0,0,11231,5608,1060,92,0,0,1712,320,165,0
2026-04-02 13:02:47.192,1906.198463043,1775106167192,right_insole,右鞋垫,FF:25:02:05:18:F3,2,0,0,8880,4133,0,0,0,0,9466,4527,1199,702,597,0,1694,472,412,0
2026-04-02 13:02:47.192,1906.198516211,1775106167192,right_insole,右鞋垫,FF:25:02:05:18:F3,2,0,0,6449,2326,0,0,150,0,6740,2533,669,726,994,0,1130,359,501,0
2026-04-02 13:02:47.252,1906.258551465,1775106167252,right_insole,右鞋垫,FF:25:02:05:18:F3,2,0,0,5676,1767,0,0,228,0,5879,1797,579,897,1132,0,1039,525,776,0
2026-04-02 13:02:47.342,1906.348322872,1775106167342,right_insole,右鞋垫,FF:25:02:05:18:F3,2,246,0,5618,1637,0,0,1325,0,5230,1440,1085,1866,2547,0,1458,1159,1719,0
2026-04-02 13:02:47.342,1906.348369362,1775106167342,right_insole,右鞋垫,FF:25:02:05:18:F3,2,1704,0,4407,729,0,660,3126,178,3976,407,1194,2942,4734,0,1725,1896,3164,0
2026-04-02 13:02:47.402,1906.408658804,1775106167402,right_insole,右鞋垫,FF:25:02:05:18:F3,2,2412,0,3629,134,0,327,4551,1056,3314,0,310,2615,6203,441,965,1597,4137,465
2026-04-02 13:02:47.462,1906.468425544,1775106167462,right_insole,右鞋垫,FF:25:02:05:18:F3,2,2828,1033,3010,0,0,0,4474,2688,2980,0,0,0,5472,746,0,79,3509,393
2026-04-02 13:02:47.552,1906.558412425,1775106167552,right_insole,右鞋垫,FF:25:02:05:18:F3,2,1316,787,2457,0,0,0,1783,1783,2715,0,0,0,1930,0,0,0,1188,0
2026-04-02 13:02:47.552,1906.558462159,1775106167552,right_insole,右鞋垫,FF:25:02:05:18:F3,2,0,0,2228,0,0,0,0,0,2558,0,0,0,0,0,0,0,0,0
2026-04-02 13:02:47.612,1906.61865806,1775106167612,right_insole,右鞋垫,FF:25:02:05:18:F3,2,0,0,2319,0,0,0,0,0,2579,0,0,0,0,0,0,0,0,0
2026-04-02 13:02:47.732,1906.738632403,1775106167732,right_insole,右鞋垫,FF:25:02:05:18:F3,2,0,0,2348,0,0,0,0,0,2519,0,0,0,0,0,0,0,0,0
2026-04-02 13:02:47.732,1906.738681092,1775106167732,right_insole,右鞋垫,FF:25:02:05:18:F3,2,0,0,2336,0,0,0,0,0,2518,0,0,0,0,0,0,0,0,0
2026-04-02 13:02:47.762,1906.768640553,1775106167762,right_insole,右鞋垫,FF:25:02:05:18:F3,2,0,0,2304,0,0,0,0,0,2515,0,0,0,0,0,0,0,0,0
2026-04-02 13:02:47.822,1906.828449811,1775106167822,right_insole,右鞋垫,FF:25:02:05:18:F3,2,0,0,2183,0,0,0,0,0,2446,0,0,0,0,0,0,0,0,0
2026-04-02 13:02:47.913,1906.919298296,1775106167913,right_insole,右鞋垫,FF:25:02:05:18:F3,2,0,0,2123,0,0,0,0,0,2406,0,0,0,0,0,0,0,0,0
2026-04-02 13:02:47.913,1906.919350435,1775106167913,right_insole,右鞋垫,FF:25:02:05:18:F3,2,0,0,7262,1599,0,0,0,0,8350,1526,0,0,0,0,0,0,0,0
2026-04-02 13:02:47.972,1906.978608831,1775106167972,right_insole,右鞋垫,FF:25:02:05:18:F3,2,0,0,14604,6111,0,0,0,0,14633,6231,165,0,0,0,496,0,0,0
2026-04-02 13:02:48.062,1907.068586659,1775106168062,right_insole,右鞋垫,FF:25:02:05:18:F3,2,0,0,10842,5412,0,0,0,0,12156,6177,1118,0,0,0,1848,415,128,0
2026-04-02 13:02:48.092,1907.098525525,1775106168092,right_insole,右鞋垫,FF:25:02:05:18:F3,2,0,0,8762,4022,0,0,0,0,9723,4696,1254,710,318,0,1686,571,343,0
2026-04-02 13:02:48.122,1907.128554475,1775106168122,right_insole,右鞋垫,FF:25:02:05:18:F3,2,0,0,6117,2128,0,0,0,0,6614,2341,547,659,869,0,1198,411,578,0
2026-04-02 13:02:48.212,1907.218561431,1775106168212,right_insole,右鞋垫,FF:25:02:05:18:F3,2,0,0,5380,1593,0,0,309,0,5417,1566,637,1164,1538,0,1140,692,1091,0
2026-04-02 13:02:48.242,1907.248561945,1775106168242,right_insole,右鞋垫,FF:25:02:05:18:F3,2,99,0,5179,1329,0,0,1155,0,4869,1272,1018,1851,2415,0,1445,1195,1832,0
2026-04-02 13:02:48.302,1907.308470778,1775106168302,right_insole,右鞋垫,FF:25:02:05:18:F3,2,1702,0,4391,762,0,653,3016,117,3886,457,1256,3028,4582,0,1658,1933,3126,0
2026-04-02 13:02:48.332,1907.338526282,1775106168332,right_insole,右鞋垫,FF:25:02:05:18:F3,2,2827,294,3367,0,0,0,4884,1700,3139,0,0,1223,6339,895,256,680,4010,628
2026-04-02 13:02:48.422,1907.428556299,1775106168422,right_insole,右鞋垫,FF:25:02:05:18:F3,2,2274,1329,2760,0,0,0,3138,2500,2858,0,0,0,3621,90,0,0,2140,0
2026-04-02 13:02:48.452,1907.45865216,1775106168452,right_insole,右鞋垫,FF:25:02:05:18:F3,2,93,0,2301,0,0,0,107,0,2490,0,0,0,290,0,0,0,28,0
2026-04-02 13:02:48.512,1907.518460144,1775106168512,right_insole,右鞋垫,FF:25:02:05:18:F3,2,0,0,2262,0,0,0,0,0,2540,0,0,0,0,0,0,0,0,0
2026-04-02 13:02:48.542,1907.548564074,1775106168542,right_insole,右鞋垫,FF:25:02:05:18:F3,2,0,0,2321,0,0,0,0,0,2520,0,0,0,0,0,0,0,0,0
2026-04-02 13:02:48.725,1907.731109566,1775106168724,right_insole,右鞋垫,FF:25:02:05:18:F3,2,0,0,2323,0,0,0,0,0,2513,0,0,0,0,0,0,0,0,0
2026-04-02 13:02:48.725,1907.731800387,1775106168725,right_insole,右鞋垫,FF:25:02:05:18:F3,2,0,0,2313,0,0,0,0,0,2503,0,0,0,0,0,0,0,0,0
2026-04-02 13:02:48.752,1907.758947743,1775106168752,right_insole,右鞋垫,FF:25:02:05:18:F3,2,0,0,2264,0,0,0,0,0,2429,0,0,0,0,0,0,0,0,0
2026-04-02 13:02:48.753,1907.760042791,1775106168753,right_insole,右鞋垫,FF:25:02:05:18:F3,2,0,0,2127,0,0,0,0,0,2358,0,0,0,0,0,0,0,0,0
2026-04-02 13:02:48.812,1907.818952814,1775106168812,right_insole,右鞋垫,FF:25:02:05:18:F3,2,0,0,2167,0,0,0,0,0,2589,0,0,0,0,0,0,0,0,0
2026-04-02 13:02:48.873,1907.879094358,1775106168872,right_insole,右鞋垫,FF:25:02:05:18:F3,2,0,0,8678,2176,0,0,0,0,9252,2128,0,0,0,0,0,0,0,0
2026-04-02 13:02:48.932,1907.938873,1775106168932,right_insole,右鞋垫,FF:25:02:05:18:F3,2,0,0,10744,5398,0,0,0,0,11239,5390,541,0,0,0,1018,0,0,0
2026-04-02 13:02:49.022,1908.028982186,1775106169022,right_insole,右鞋垫,FF:25:02:05:18:F3,2,0,0,8774,4397,0,0,0,0,9278,4406,1138,703,553,0,1213,312,526,0
2026-04-02 13:02:49.023,1908.029683544,1775106169023,right_insole,右鞋垫,FF:25:02:05:18:F3,2,147,0,6103,2136,0,0,741,0,6083,2040,585,921,1299,0,936,399,709,0
2026-04-02 13:02:49.086,1908.09296458,1775106169086,right_insole,右鞋垫,FF:25:02:05:18:F3,2,699,0,4949,1431,0,0,1036,0,4808,960,283,920,1570,0,458,328,969,0
2026-04-02 13:02:49.142,1908.148300754,1775106169142,right_insole,右鞋垫,FF:25:02:05:18:F3,2,1518,0,4301,804,0,0,1685,0,3871,324,54,1267,2401,0,286,563,1527,0
2026-04-02 13:02:49.174,1908.180368038,1775106169174,right_insole,右鞋垫,FF:25:02:05:18:F3,2,2621,0,3683,275,0,763,3221,913,3287,0,173,2016,4292,0,262,846,2487,0
2026-04-02 13:02:49.236,1908.242378305,1775106169236,right_insole,右鞋垫,FF:25:02:05:18:F3,2,4016,1821,3051,0,0,0,4553,3188,2889,0,0,266,5212,962,0,0,2893,431
2026-04-02 13:02:49.292,1908.298451134,1775106169292,right_insole,右鞋垫,FF:25:02:05:18:F3,2,2907,3416,2441,0,0,0,2887,3698,2573,0,0,0,2875,0,0,0,1570,0
2026-04-02 13:02:49.325,1908.331859731,1775106169325,right_insole,右鞋垫,FF:25:02:05:18:F3,2,1333,1129,2126,0,0,0,1111,1441,2261,0,0,0,1036,0,0,0,397,0
2026-04-02 13:02:49.383,1908.389381763,1775106169383,right_insole,右鞋垫,FF:25:02:05:18:F3,2,0,0,2278,0,0,0,0,0,2355,0,0,0,0,0,0,0,0,0
2026-04-02 13:02:49.444,1908.450068172,1775106169443,right_insole,右鞋垫,FF:25:02:05:18:F3,2,0,0,2334,0,0,0,0,0,2358,0,0,0,0,0,0,0,0,0
2026-04-02 13:02:49.502,1908.508325205,1775106169502,right_insole,右鞋垫,FF:25:02:05:18:F3,2,0,0,2309,0,0,0,0,0,2357,0,0,0,0,0,0,0,0,0
2026-04-02 13:02:49.533,1908.539181721,1775106169533,right_insole,右鞋垫,FF:25:02:05:18:F3,2,0,0,2274,0,0,0,0,0,2390,0,0,0,0,0,0,0,0,0
2026-04-02 13:02:49.652,1908.658357185,1775106169652,right_insole,右鞋垫,FF:25:02:05:18:F3,2,0,0,2243,0,0,0,0,0,2386,0,0,0,0,0,0,0,0,0
2026-04-02 13:02:49.652,1908.658460952,1775106169652,right_insole,右鞋垫,FF:25:02:05:18:F3,2,0,0,2063,0,0,0,0,0,2210,0,0,0,0,0,0,0,0,0
2026-04-02 13:02:49.684,1908.690175276,1775106169684,right_insole,右鞋垫,FF:25:02:05:18:F3,2,0,0,2473,0,0,0,0,0,3242,0,0,0,0,0,0,0,0,0
2026-04-02 13:02:49.802,1908.808350613,1775106169802,right_insole,右鞋垫,FF:25:02:05:18:F3,2,0,0,11956,4420,0,0,0,0,12173,4595,0,0,0,0,225,0,0,0
2026-04-02 13:02:49.802,1908.808474456,1775106169802,right_insole,右鞋垫,FF:25:02:05:18:F3,2,0,0,11117,5746,0,0,0,0,10936,5058,882,260,0,0,922,0,0,0
2026-04-02 13:02:49.926,1908.932413258,1775106169926,right_insole,右鞋垫,FF:25:02:05:18:F3,2,0,0,9405,4659,0,0,0,0,9185,4182,1025,652,324,0,1105,90,55,0
2026-04-02 13:02:49.926,1908.932558427,1775106169926,right_insole,右鞋垫,FF:25:02:05:18:F3,2,218,0,5737,1956,0,0,749,0,5732,1715,501,846,1191,0,838,307,543,0
2026-04-02 13:02:49.952,1908.958330196,1775106169952,right_insole,右鞋垫,FF:25:02:05:18:F3,2,807,0,4201,748,0,0,1228,0,4121,528,0,819,1747,0,250,238,1054,0
2026-04-02 13:02:50.042,1909.048287253,1775106170042,right_insole,右鞋垫,FF:25:02:05:18:F3,2,2039,0,3722,409,0,184,2521,290,3434,0,0,1549,3285,0,283,733,1965,0
2026-04-02 13:02:50.102,1909.108402863,1775106170102,right_insole,右鞋垫,FF:25:02:05:18:F3,2,3177,825,3279,0,0,325,4287,1890,3077,0,0,1563,5133,229,52,781,3204,90
2026-04-02 13:02:50.102,1909.108503786,1775106170102,right_insole,右鞋垫,FF:25:02:05:18:F3,2,3668,2333,2890,0,0,0,4761,3134,2837,0,0,192,5577,932,0,141,3240,415
2026-04-02 13:02:50.162,1909.168321663,1775106170162,right_insole,右鞋垫,FF:25:02:05:18:F3,2,2580,3168,2376,0,0,0,2990,3604,2549,0,0,0,3116,0,0,0,1859,0
2026-04-02 13:02:50.222,1909.228373365,1775106170222,right_insole,右鞋垫,FF:25:02:05:18:F3,2,0,0,2002,0,0,0,0,32,2107,0,0,0,0,0,0,0,23,0
2026-04-02 13:02:50.282,1909.288413957,1775106170282,right_insole,右鞋垫,FF:25:02:05:18:F3,2,0,0,2251,0,0,0,0,0,2368,0,0,0,0,0,0,0,0,0
2026-04-02 13:02:50.312,1909.31851956,1775106170312,right_insole,右鞋垫,FF:25:02:05:18:F3,2,0,0,2221,0,0,0,0,0,2402,0,0,0,0,0,0,0,0,0
2026-04-02 13:02:50.372,1909.378372633,1775106170372,right_insole,右鞋垫,FF:25:02:05:18:F3,2,0,0,2227,0,0,0,0,0,2395,0,0,0,0,0,0,0,0,0
2026-04-02 13:02:50.432,1909.438386108,1775106170432,right_insole,右鞋垫,FF:25:02:05:18:F3,2,0,0,2250,0,0,0,0,0,2347,0,0,0,0,0,0,0,0,0
2026-04-02 13:02:50.462,1909.468495406,1775106170462,right_insole,右鞋垫,FF:25:02:05:18:F3,2,0,0,2179,0,0,0,0,0,2319,0,0,0,0,0,0,0,0,0
2026-04-02 13:02:50.522,1909.528333242,1775106170522,right_insole,右鞋垫,FF:25:02:05:18:F3,2,0,0,1993,0,0,0,0,0,2265,0,0,0,0,0,0,0,0,0
2026-04-02 13:02:50.582,1909.588361187,1775106170582,right_insole,右鞋垫,FF:25:02:05:18:F3,2,0,0,4373,600,0,0,0,0,5293,730,0,0,0,0,0,0,0,0
2026-04-02 13:02:50.672,1909.678568912,1775106170672,right_insole,右鞋垫,FF:25:02:05:18:F3,2,0,0,13381,6349,0,0,0,0,12795,5726,466,0,0,0,701,0,0,0
2026-04-02 13:02:50.672,1909.678677124,1775106170672,right_insole,右鞋垫,FF:25:02:05:18:F3,2,0,0,9826,4800,0,0,0,0,10404,4770,1004,236,0,0,1131,34,10,0
2026-04-02 13:02:50.733,1909.739298996,1775106170733,right_insole,右鞋垫,FF:25:02:05:18:F3,2,967,0,8135,3540,0,0,826,0,7906,3144,959,683,974,0,925,116,315,0
2026-04-02 13:02:50.792,1909.798606304,1775106170792,right_insole,右鞋垫,FF:25:02:05:18:F3,2,1377,0,5036,1110,0,0,1351,0,4737,938,314,897,1589,0,494,294,791,0
2026-04-02 13:02:50.885,1909.891974487,1775106170885,right_insole,右鞋垫,FF:25:02:05:18:F3,2,1757,0,4121,585,0,0,1520,0,3724,146,0,793,1836,0,122,264,996,0
2026-04-02 13:02:50.886,1909.892793913,1775106170886,right_insole,右鞋垫,FF:25:02:05:18:F3,2,2307,0,3616,237,0,67,2564,0,3267,0,0,1405,3321,0,165,777,1961,0
2026-04-02 13:02:50.943,1909.949417718,1775106170943,right_insole,右鞋垫,FF:25:02:05:18:F3,2,2973,271,3377,0,0,321,3819,923,2947,0,0,1597,4628,0,134,1016,2905,47
2026-04-02 13:02:51.032,1910.038362962,1775106171032,right_insole,右鞋垫,FF:25:02:05:18:F3,2,3571,2114,2746,0,0,0,4969,2571,2671,0,0,261,5977,1074,0,486,3968,933
2026-04-02 13:02:51.063,1910.069336725,1775106171063,right_insole,右鞋垫,FF:25:02:05:18:F3,2,1940,2208,2264,0,0,0,2972,2882,2447,0,0,0,3747,0,0,0,2475,0
2026-04-02 13:02:51.122,1910.128879892,1775106171122,right_insole,右鞋垫,FF:25:02:05:18:F3,2,0,0,1966,0,0,0,0,77,2097,0,0,0,227,0,0,0,154,0
2026-04-02 13:02:51.153,1910.159124764,1775106171153,right_insole,右鞋垫,FF:25:02:05:18:F3,2,0,0,2073,0,0,0,0,0,2257,0,0,0,0,0,0,0,0,0
2026-04-02 13:02:51.242,1910.248388287,1775106171242,right_insole,右鞋垫,FF:25:02:05:18:F3,2,0,0,2096,0,0,0,0,0,2333,0,0,0,0,0,0,0,0,0
2026-04-02 13:02:51.242,1910.248469142,1775106171242,right_insole,右鞋垫,FF:25:02:05:18:F3,2,0,0,2171,0,0,0,0,0,2331,0,0,0,0,0,0,0,0,0
2026-04-02 13:02:51.302,1910.308355277,1775106171302,right_insole,右鞋垫,FF:25:02:05:18:F3,2,0,0,2191,0,0,0,0,0,2266,0,0,0,0,0,0,0,0,0
2026-04-02 13:02:51.392,1910.398531603,1775106171392,right_insole,右鞋垫,FF:25:02:05:18:F3,2,0,0,2135,0,0,0,0,0,2252,0,0,0,0,0,0,0,0,0
2026-04-02 13:02:51.422,1910.428458511,1775106171422,right_insole,右鞋垫,FF:25:02:05:18:F3,2,0,0,1981,0,0,0,0,0,2162,0,0,0,0,0,0,0,0,0
2026-04-02 13:02:51.452,1910.458524145,1775106171452,right_insole,右鞋垫,FF:25:02:05:18:F3,2,0,0,2013,0,0,0,0,0,2317,0,0,0,0,0,0,0,0,0
2026-04-02 13:02:51.512,1910.518276665,1775106171512,right_insole,右鞋垫,FF:25:02:05:18:F3,2,0,0,9980,2444,0,0,0,0,10914,2915,0,0,0,0,0,0,0,0
2026-04-02 13:02:51.572,1910.578514044,1775106171572,right_insole,右鞋垫,FF:25:02:05:18:F3,2,0,0,11052,5625,0,0,0,0,11414,5725,891,0,0,0,1506,413,92,0
2026-04-02 13:02:51.633,1910.639389123,1775106171633,right_insole,右鞋垫,FF:25:02:05:18:F3,2,0,0,9098,4580,0,0,0,0,9318,4742,1690,1141,668,0,2113,850,678,0
2026-04-02 13:02:51.662,1910.668355581,1775106171662,right_insole,右鞋垫,FF:25:02:05:18:F3,2,0,0,5952,2115,0,0,732,0,5892,2090,1040,1310,1493,0,1340,838,1021,0
2026-04-02 13:02:51.722,1910.728616258,1775106171722,right_insole,右鞋垫,FF:25:02:05:18:F3,2,261,0,4783,1157,0,0,921,0,4713,1123,494,1096,1587,0,895,617,967,0
2026-04-02 13:02:51.782,1910.788584498,1775106171782,right_insole,右鞋垫,FF:25:02:05:18:F3,2,839,0,4184,694,0,0,1356,0,3936,404,242,1281,2049,0,574,683,1325,0
2026-04-02 13:02:51.842,1910.848619576,1775106171842,right_insole,右鞋垫,FF:25:02:05:18:F3,2,1820,0,3718,379,0,326,2641,219,3331,0,370,2016,3579,0,570,1183,2373,0
2026-04-02 13:02:51.872,1910.87833132,1775106171872,right_insole,右鞋垫,FF:25:02:05:18:F3,2,3149,637,3238,0,0,167,4562,1846,2916,0,0,1659,5727,642,141,859,3651,552
2026-04-02 13:02:51.932,1910.938616423,1775106171932,right_insole,右鞋垫,FF:25:02:05:18:F3,2,3299,2228,2585,0,0,0,4358,3237,2699,0,0,0,4916,990,0,0,2792,453
2026-04-02 13:02:51.992,1910.998282094,1775106171992,right_insole,右鞋垫,FF:25:02:05:18:F3,2,1538,1287,2126,0,0,0,1680,1729,2406,0,0,0,1871,0,0,0,760,0
2026-04-02 13:02:52.022,1911.028453141,1775106172022,right_insole,右鞋垫,FF:25:02:05:18:F3,2,0,0,1978,0,0,0,0,0,2232,0,0,0,0,0,0,0,0,0
2026-04-02 13:02:52.142,1911.148684325,1775106172142,right_insole,右鞋垫,FF:25:02:05:18:F3,2,0,0,2225,0,0,0,0,0,2410,0,0,0,0,0,0,0,0,0
2026-04-02 13:02:52.142,1911.148733571,1775106172142,right_insole,右鞋垫,FF:25:02:05:18:F3,2,0,0,2220,0,0,0,0,0,2389,0,0,0,0,0,0,0,0,0
2026-04-02 13:02:52.202,1911.208605428,1775106172202,right_insole,右鞋垫,FF:25:02:05:18:F3,2,0,0,2239,0,0,0,0,0,2390,0,0,0,0,0,0,0,0,0
2026-04-02 13:02:52.232,1911.238320432,1775106172232,right_insole,右鞋垫,FF:25:02:05:18:F3,2,0,0,2231,0,0,0,0,0,2407,0,0,0,0,0,0,0,0,0
2026-04-02 13:02:52.352,1911.358784112,1775106172352,right_insole,右鞋垫,FF:25:02:05:18:F3,2,0,0,2197,0,0,0,0,0,2350,0,0,0,0,0,0,0,0,0
2026-04-02 13:02:52.412,1911.418496551,1775106172412,right_insole,右鞋垫,FF:25:02:05:18:F3,2,0,0,2016,0,0,0,0,0,2298,0,0,0,0,0,0,0,0,0
2026-04-02 13:02:52.412,1911.418598057,1775106172412,right_insole,右鞋垫,FF:25:02:05:18:F3,2,0,0,4108,417,0,0,0,0,4812,458,0,0,0,0,0,0,0,0
2026-04-02 13:02:52.442,1911.448530039,1775106172442,right_insole,右鞋垫,FF:25:02:05:18:F3,2,0,0,12228,5127,0,0,0,0,12307,5203,19,0,0,0,428,0,0,0
2026-04-02 13:02:52.532,1911.538516069,1775106172532,right_insole,右鞋垫,FF:25:02:05:18:F3,2,0,0,9623,4651,0,0,0,0,10296,5090,975,173,37,0,1544,366,235,0
2026-04-02 13:02:52.562,1911.568533611,1775106172562,right_insole,右鞋垫,FF:25:02:05:18:F3,2,0,0,8299,3757,0,0,155,0,8559,4049,1362,839,1034,0,1666,707,804,0
2026-04-02 13:02:52.652,1911.658574009,1775106172652,right_insole,右鞋垫,FF:25:02:05:18:F3,2,117,0,5610,1808,0,0,931,0,5727,1927,925,1221,1772,0,1257,865,1257,0
2026-04-02 13:02:52.652,1911.658679468,1775106172652,right_insole,右鞋垫,FF:25:02:05:18:F3,2,966,0,4459,903,0,0,1429,0,4203,738,411,1243,2171,0,691,715,1361,0
2026-04-02 13:02:52.712,1911.718412626,1775106172712,right_insole,右鞋垫,FF:25:02:05:18:F3,2,1570,0,3911,451,0,148,1911,0,3655,199,295,1477,2756,0,434,777,1692,0
2026-04-02 13:02:52.772,1911.778578721,1775106172772,right_insole,右鞋垫,FF:25:02:05:18:F3,2,2345,0,3416,35,0,407,2910,740,3133,0,80,1722,3749,0,163,757,2379,0
2026-04-02 13:02:52.802,1911.808438674,1775106172802,right_insole,右鞋垫,FF:25:02:05:18:F3,2,3200,797,3103,0,0,257,3627,1680,2811,0,0,1290,4744,56,0,446,2870,37
2026-04-02 13:02:52.892,1911.898527223,1775106172892,right_insole,右鞋垫,FF:25:02:05:18:F3,2,3582,2556,2659,0,0,0,3944,2950,2581,0,0,0,4277,621,0,0,2414,234
2026-04-02 13:02:52.924,1911.93029309,1775106172924,right_insole,右鞋垫,FF:25:02:05:18:F3,2,1658,2087,2190,0,0,0,1963,2341,2430,0,0,0,2430,0,0,0,1276,0
2026-04-02 13:02:52.982,1911.988544324,1775106172982,right_insole,右鞋垫,FF:25:02:05:18:F3,2,0,0,1969,0,0,0,0,0,2110,0,0,0,0,0,0,0,0,0
2026-04-02 13:02:53.012,1912.018534619,1775106173012,right_insole,右鞋垫,FF:25:02:05:18:F3,2,0,0,2114,0,0,0,0,0,2275,0,0,0,0,0,0,0,0,0
2026-04-02 13:02:53.072,1912.078585802,1775106173072,right_insole,右鞋垫,FF:25:02:05:18:F3,2,0,0,2213,0,0,0,0,0,2330,0,0,0,0,0,0,0,0,0
2026-04-02 13:02:53.132,1912.138526039,1775106173132,right_insole,右鞋垫,FF:25:02:05:18:F3,2,0,0,2195,0,0,0,0,0,2325,0,0,0,0,0,0,0,0,0
2026-04-02 13:02:53.192,1912.198652546,1775106173192,right_insole,右鞋垫,FF:25:02:05:18:F3,2,0,0,2174,0,0,0,0,0,2310,0,0,0,0,0,0,0,0,0
2026-04-02 13:02:53.222,1912.22861508,1775106173222,right_insole,右鞋垫,FF:25:02:05:18:F3,2,0,0,2164,0,0,0,0,0,2326,0,0,0,0,0,0,0,0,0
2026-04-02 13:02:53.282,1912.28842874,1775106173282,right_insole,右鞋垫,FF:25:02:05:18:F3,2,0,0,2086,0,0,0,0,0,2227,0,0,0,0,0,0,0,0,0
2026-04-02 13:02:53.372,1912.378633919,1775106173372,right_insole,右鞋垫,FF:25:02:05:18:F3,2,0,0,2032,0,0,0,0,0,2223,0,0,0,0,0,0,0,0,0
2026-04-02 13:02:53.372,1912.37872714,1775106173372,right_insole,右鞋垫,FF:25:02:05:18:F3,2,0,0,2840,0,0,0,0,0,3485,0,0,0,0,0,0,0,0,0
2026-04-02 13:02:53.492,1912.498663874,1775106173492,right_insole,右鞋垫,FF:25:02:05:18:F3,2,0,0,8966,2737,0,0,0,0,10049,3418,0,0,0,0,200,0,0,0
2026-04-02 13:02:53.492,1912.498775846,1775106173492,right_insole,右鞋垫,FF:25:02:05:18:F3,2,0,0,9780,4719,0,0,0,0,10354,4971,605,0,0,0,1166,57,0,0
2026-04-02 13:02:53.552,1912.558527991,1775106173552,right_insole,右鞋垫,FF:25:02:05:18:F3,2,0,0,7746,3509,0,0,0,0,8155,3768,1150,551,566,0,1409,384,431,0
2026-04-02 13:02:53.582,1912.588524309,1775106173582,right_insole,右鞋垫,FF:25:02:05:18:F3,2,0,0,6368,2509,0,0,635,0,6767,2703,1029,971,1114,0,1222,504,684,0
2026-04-02 13:02:53.672,1912.678541401,1775106173672,right_insole,右鞋垫,FF:25:02:05:18:F3,2,440,0,5518,1864,0,0,862,0,5784,2059,728,1079,1274,0,1018,634,887,0
2026-04-02 13:02:53.702,1912.708536626,1775106173702,right_insole,右鞋垫,FF:25:02:05:18:F3,2,886,0,5017,1619,0,28,1173,0,5134,1648,784,1397,1634,0,1067,692,1128,0
2026-04-02 13:02:53.762,1912.768368967,1775106173762,right_insole,右鞋垫,FF:25:02:05:18:F3,2,1223,0,4929,1509,0,233,1346,0,4734,1413,939,1665,1846,0,1072,865,1230,0
2026-04-02 13:02:53.792,1912.79858726,1775106173792,right_insole,右鞋垫,FF:25:02:05:18:F3,2,1424,126,4685,1292,0,410,1564,3,4299,1036,1092,1928,2235,0,1126,1040,1494,0
2026-04-02 13:02:53.853,1912.860071179,1775106173853,right_insole,右鞋垫,FF:25:02:05:18:F3,2,1803,522,4362,906,0,702,1994,335,3821,497,970,2153,2737,0,1037,1148,1843,0
2026-04-02 13:02:53.912,1912.91854589,1775106173912,right_insole,右鞋垫,FF:25:02:05:18:F3,2,2284,902,3869,599,0,776,2417,789,3393,33,740,2324,3226,0,842,1078,1996,0
2026-04-02 13:02:53.972,1912.978430947,1775106173972,right_insole,右鞋垫,FF:25:02:05:18:F3,2,3217,1915,3198,0,0,630,3442,1717,2811,0,0,1742,4004,0,27,591,2295,0
2026-04-02 13:02:54.002,1913.008535095,1775106174002,right_insole,右鞋垫,FF:25:02:05:18:F3,2,3618,3058,2746,0,0,0,3421,2494,2539,0,0,29,3572,16,0,0,2078,0
2026-04-02 13:02:54.092,1913.098315065,1775106174092,right_insole,右鞋垫,FF:25:02:05:18:F3,2,2491,3233,2381,0,0,0,2064,2546,2338,0,0,0,2251,0,0,0,1172,0
2026-04-02 13:02:54.122,1913.128569937,1775106174122,right_insole,右鞋垫,FF:25:02:05:18:F3,2,928,1041,2021,0,0,0,687,904,2124,0,0,0,941,0,0,0,331,0
2026-04-02 13:02:54.182,1913.188542948,1775106174182,right_insole,右鞋垫,FF:25:02:05:18:F3,2,0,0,2045,0,0,0,0,0,2071,0,0,0,0,0,0,0,0,0
2026-04-02 13:02:54.212,1913.218401657,1775106174212,right_insole,右鞋垫,FF:25:02:05:18:F3,2,0,0,2234,0,0,0,0,0,2198,0,0,0,0,0,0,0,0,0
2026-04-02 13:02:54.272,1913.278370282,1775106174272,right_insole,右鞋垫,FF:25:02:05:18:F3,2,0,0,2199,0,0,0,0,0,2205,0,0,0,0,0,0,0,0,0
2026-04-02 13:02:54.332,1913.338619266,1775106174332,right_insole,右鞋垫,FF:25:02:05:18:F3,2,0,0,2215,0,0,0,0,0,2273,0,0,0,0,0,0,0,0,0
2026-04-02 13:02:54.362,1913.368666854,1775106174362,right_insole,右鞋垫,FF:25:02:05:18:F3,2,0,0,2241,0,0,0,0,0,2295,0,0,0,0,0,0,0,0,0
2026-04-02 13:02:54.452,1913.458417302,1775106174452,right_insole,右鞋垫,FF:25:02:05:18:F3,2,0,0,2227,0,0,0,0,0,2320,0,0,0,0,0,0,0,0,0
2026-04-02 13:02:54.482,1913.48839679,1775106174482,right_insole,右鞋垫,FF:25:02:05:18:F3,2,0,0,2252,0,0,0,0,0,2295,0,0,0,0,0,0,0,0,0
2026-04-02 13:02:54.662,1913.668284717,1775106174662,right_insole,右鞋垫,FF:25:02:05:18:F3,2,0,0,2124,0,0,0,0,0,2260,0,0,0,0,0,0,0,0,0
2026-04-02 13:02:54.662,1913.668372903,1775106174662,right_insole,右鞋垫,FF:25:02:05:18:F3,2,0,0,2060,0,0,0,0,0,2258,0,0,0,0,0,0,0,0,0
2026-04-02 13:02:54.782,1913.788303431,1775106174782,right_insole,右鞋垫,FF:25:02:05:18:F3,2,0,0,3166,0,0,0,0,0,3851,22,0,0,0,0,0,0,0,0
2026-04-02 13:02:54.782,1913.788404298,1775106174782,right_insole,右鞋垫,FF:25:02:05:18:F3,2,0,0,5434,787,0,0,0,0,5580,774,0,0,0,0,0,0,0,0
2026-04-02 13:02:54.812,1913.818354372,1775106174812,right_insole,右鞋垫,FF:25:02:05:18:F3,2,0,0,8258,3219,0,0,0,0,8927,3540,0,0,0,0,80,0,0,0
2026-04-02 13:02:54.812,1913.818445287,1775106174812,right_insole,右鞋垫,FF:25:02:05:18:F3,2,0,0,8063,3466,0,0,0,0,8619,3898,343,0,0,0,772,0,0,0
2026-04-02 13:02:54.932,1913.938385407,1775106174932,right_insole,右鞋垫,FF:25:02:05:18:F3,2,0,0,7511,3340,0,0,311,0,7995,3803,911,576,897,0,1355,376,567,0
2026-04-02 13:02:54.962,1913.968621689,1775106174962,right_insole,右鞋垫,FF:25:02:05:18:F3,2,0,0,6695,2886,0,0,1009,0,7134,3422,1191,1162,1617,0,1781,911,1034,0
2026-04-02 13:02:54.962,1913.968693275,1775106174962,right_insole,右鞋垫,FF:25:02:05:18:F3,2,0,0,5783,2385,0,0,1289,0,6258,2832,1315,1592,2117,0,2045,1320,1432,0
2026-04-02 13:02:54.992,1913.998602774,1775106174992,right_insole,右鞋垫,FF:25:02:05:18:F3,2,205,0,5292,2134,0,0,1507,0,5640,2350,1378,1769,2480,0,2001,1519,1773,0
2026-04-02 13:02:55.232,1914.238288006,1775106175232,right_insole,右鞋垫,FF:25:02:05:18:F3,2,689,0,4812,1607,0,72,1879,0,4883,1773,1383,2135,3002,0,1889,1672,2094,0
2026-04-02 13:02:55.232,1914.238335484,1775106175232,right_insole,右鞋垫,FF:25:02:05:18:F3,2,1036,0,4427,1170,0,329,2269,0,4258,1135,1308,2444,3581,0,1796,1782,2374,0
2026-04-02 13:02:55.234,1914.240441472,1775106175234,right_insole,右鞋垫,FF:25:02:05:18:F3,2,1521,0,3882,680,0,559,2706,207,3660,398,939,2463,4058,0,1368,1638,2665,0
2026-04-02 13:02:55.262,1914.268406532,1775106175262,right_insole,右鞋垫,FF:25:02:05:18:F3,2,2110,0,3206,200,0,605,3355,901,3065,0,477,2429,4790,0,722,1504,3133,0
2026-04-02 13:02:55.262,1914.268464633,1775106175262,right_insole,右鞋垫,FF:25:02:05:18:F3,2,2601,432,2954,0,0,371,3870,1461,2792,0,0,1909,5260,87,367,966,3410,164
2026-04-02 13:02:55.322,1914.328529861,1775106175322,right_insole,右鞋垫,FF:25:02:05:18:F3,2,3264,1743,2636,0,0,0,4093,2290,2542,0,0,397,5203,533,0,204,3205,391
2026-04-02 13:02:55.354,1914.360301311,1775106175354,right_insole,右鞋垫,FF:25:02:05:18:F3,2,2467,2408,2239,0,0,0,2946,2727,2290,0,0,0,3529,197,0,0,2117,0
2026-04-02 13:02:55.412,1914.418597836,1775106175412,right_insole,右鞋垫,FF:25:02:05:18:F3,2,1032,997,1929,0,0,0,1225,1347,2209,0,0,0,1607,0,0,0,819,0
2026-04-02 13:02:55.472,1914.478461247,1775106175472,right_insole,右鞋垫,FF:25:02:05:18:F3,2,0,0,1856,0,0,0,0,0,2100,0,0,0,0,0,0,0,0,0
2026-04-02 13:02:55.532,1914.538617371,1775106175532,right_insole,右鞋垫,FF:25:02:05:18:F3,2,0,0,2090,0,0,0,0,0,2272,0,0,0,0,0,0,0,0,0
2026-04-02 13:02:55.592,1914.59820295,1775106175592,right_insole,右鞋垫,FF:25:02:05:18:F3,2,0,0,2099,0,0,0,0,0,2294,0,0,0,0,0,0,0,0,0
2026-04-02 13:02:55.622,1914.628514857,1775106175622,right_insole,右鞋垫,FF:25:02:05:18:F3,2,0,0,2140,0,0,0,0,0,2304,0,0,0,0,0,0,0,0,0
2026-04-02 13:02:55.682,1914.688521584,1775106175682,right_insole,右鞋垫,FF:25:02:05:18:F3,2,0,0,2209,0,0,0,0,0,2317,0,0,0,0,0,0,0,0,0
2026-04-02 13:02:55.742,1914.748586767,1775106175742,right_insole,右鞋垫,FF:25:02:05:18:F3,2,0,0,2214,0,0,0,0,0,2342,0,0,0,0,0,0,0,0,0
2026-04-02 13:02:55.772,1914.778611192,1775106175772,right_insole,右鞋垫,FF:25:02:05:18:F3,2,0,0,2210,0,0,0,0,0,2347,0,0,0,0,0,0,0,0,0
2026-04-02 13:02:55.832,1914.838214973,1775106175832,right_insole,右鞋垫,FF:25:02:05:18:F3,2,0,0,2160,0,0,0,0,0,2279,0,0,0,0,0,0,0,0,0
2026-04-02 13:02:55.892,1914.898532581,1775106175892,right_insole,右鞋垫,FF:25:02:05:18:F3,2,0,0,2078,0,0,0,0,0,2295,0,0,0,0,0,0,0,0,0
2026-04-02 13:02:55.922,1914.92861615,1775106175922,right_insole,右鞋垫,FF:25:02:05:18:F3,2,0,0,4256,428,0,0,0,0,4613,263,0,0,0,0,0,0,0,0
2026-04-02 13:02:56.042,1915.048568902,1775106176042,right_insole,右鞋垫,FF:25:02:05:18:F3,2,0,0,7624,2374,0,0,0,0,8137,2550,0,0,0,0,0,0,0,0
2026-04-02 13:02:56.042,1915.048619376,1775106176042,right_insole,右鞋垫,FF:25:02:05:18:F3,2,0,0,8411,3638,0,0,0,0,9051,3833,0,0,0,0,304,0,0,0
2026-04-02 13:02:56.192,1915.198659069,1775106176192,right_insole,右鞋垫,FF:25:02:05:18:F3,2,0,0,7865,3580,0,0,0,0,8272,3712,465,148,336,0,848,8,229,0
2026-04-02 13:02:56.223,1915.229639618,1775106176223,right_insole,右鞋垫,FF:25:02:05:18:F3,2,0,0,7093,3150,0,0,683,0,7447,3405,1070,807,1244,0,1354,501,765,0
2026-04-02 13:02:56.223,1915.229722232,1775106176223,right_insole,右鞋垫,FF:25:02:05:18:F3,2,226,0,6244,2702,0,0,1243,0,6474,2827,1214,1403,1911,0,1616,953,1149,0
2026-04-02 13:02:56.312,1915.318608299,1775106176312,right_insole,右鞋垫,FF:25:02:05:18:F3,2,594,0,5544,2290,0,57,1518,0,5675,2359,1374,1750,2272,0,1614,1290,1464,0
2026-04-02 13:02:56.312,1915.318661589,1775106176312,right_insole,右鞋垫,FF:25:02:05:18:F3,2,744,0,5267,2130,0,175,1648,0,5248,2033,1385,1861,2480,0,1696,1220,1621,0
2026-04-02 13:02:56.342,1915.348768684,1775106176342,right_insole,右鞋垫,FF:25:02:05:18:F3,2,890,0,4825,1706,0,270,1925,0,4831,1680,1321,2141,2889,0,1612,1447,1953,0
2026-04-02 13:02:56.403,1915.409336897,1775106176403,right_insole,右鞋垫,FF:25:02:05:18:F3,2,1137,0,4494,1361,0,339,2137,0,4243,1127,1343,2463,3354,0,1666,1590,2254,0
2026-04-02 13:02:56.522,1915.529037591,1775106176522,right_insole,右鞋垫,FF:25:02:05:18:F3,2,1642,0,3885,749,0,681,2676,302,3584,395,1068,2726,3955,0,1302,1635,2726,0
2026-04-02 13:02:56.522,1915.529087794,1775106176522,right_insole,右鞋垫,FF:25:02:05:18:F3,2,2431,106,3289,126,0,655,3520,1212,2974,0,375,2311,4825,0,664,1212,3150,0
2026-04-02 13:02:56.582,1915.588542915,1775106176582,right_insole,右鞋垫,FF:25:02:05:18:F3,2,3196,1107,2790,0,0,0,4087,1880,2658,0,0,922,5206,440,0,268,3109,242
2026-04-02 13:02:56.612,1915.618521401,1775106176612,right_insole,右鞋垫,FF:25:02:05:18:F3,2,3264,1681,2493,0,0,0,3669,2245,2545,0,0,0,4314,434,0,0,2576,111
2026-04-02 13:02:56.702,1915.708530345,1775106176702,right_insole,右鞋垫,FF:25:02:05:18:F3,2,1870,1478,2103,0,0,0,1855,1892,2363,0,0,0,2277,0,0,0,1201,0
2026-04-02 13:02:56.702,1915.708613469,1775106176702,right_insole,右鞋垫,FF:25:02:05:18:F3,2,455,0,1844,0,0,0,341,200,2092,0,0,0,413,0,0,0,179,0
2026-04-02 13:02:56.762,1915.76829683,1775106176762,right_insole,右鞋垫,FF:25:02:05:18:F3,2,0,0,2151,0,0,0,0,0,2327,0,0,0,0,0,0,0,0,0
2026-04-02 13:02:56.852,1915.8585073,1775106176852,right_insole,右鞋垫,FF:25:02:05:18:F3,2,0,0,2177,0,0,0,0,0,2330,0,0,0,0,0,0,0,0,0
2026-04-02 13:02:56.973,1915.979532315,1775106176973,right_insole,右鞋垫,FF:25:02:05:18:F3,2,0,0,2221,0,0,0,0,0,2388,0,0,0,0,0,0,0,0,0
2026-04-02 13:02:57.002,1916.008214708,1775106177002,right_insole,右鞋垫,FF:25:02:05:18:F3,2,0,0,2239,0,0,0,0,0,2377,0,0,0,0,0,0,0,0,0
2026-04-02 13:02:57.002,1916.008313853,1775106177002,right_insole,右鞋垫,FF:25:02:05:18:F3,2,0,0,2272,0,0,0,0,0,2417,0,0,0,0,0,0,0,0,0
2026-04-02 13:02:57.032,1916.038460009,1775106177032,right_insole,右鞋垫,FF:25:02:05:18:F3,2,0,0,2291,0,0,0,0,0,2422,0,0,0,0,0,0,0,0,0
2026-04-02 13:02:57.092,1916.098568864,1775106177092,right_insole,右鞋垫,FF:25:02:05:18:F3,2,0,0,2198,0,0,0,0,0,2359,0,0,0,0,0,0,0,0,0
2026-04-02 13:02:57.122,1916.128290949,1775106177122,right_insole,右鞋垫,FF:25:02:05:18:F3,2,0,0,2113,0,0,0,0,0,2287,0,0,0,0,0,0,0,0,0
2026-04-02 13:02:57.272,1916.278531,1775106177272,right_insole,右鞋垫,FF:25:02:05:18:F3,2,0,0,2180,0,0,0,0,0,2569,0,0,0,0,0,0,0,0,0
2026-04-02 13:02:57.302,1916.30854522,1775106177302,right_insole,右鞋垫,FF:25:02:05:18:F3,2,0,0,5278,757,0,0,0,0,5334,722,0,0,0,0,0,0,0,0
2026-04-02 13:02:57.302,1916.308636588,1775106177302,right_insole,右鞋垫,FF:25:02:05:18:F3,2,0,0,8394,3240,0,0,0,0,9182,3661,0,0,0,0,20,0,0,0
2026-04-02 13:02:57.422,1916.428520526,1775106177422,right_insole,右鞋垫,FF:25:02:05:18:F3,2,0,0,8218,3753,0,0,0,0,8973,4150,165,0,0,0,661,0,0,0
2026-04-02 13:02:57.422,1916.428570818,1775106177422,right_insole,右鞋垫,FF:25:02:05:18:F3,2,0,0,7944,3744,0,0,0,0,8586,4070,651,286,402,0,1022,51,249,0
2026-04-02 13:02:57.452,1916.458534989,1775106177452,right_insole,右鞋垫,FF:25:02:05:18:F3,2,0,0,7471,3725,0,0,574,0,7974,3883,1185,933,1378,0,1399,484,786,0
2026-04-02 13:02:57.482,1916.488449288,1775106177482,right_insole,右鞋垫,FF:25:02:05:18:F3,2,85,0,6674,3229,0,0,1092,0,7009,3162,1267,1385,1870,0,1574,828,1122,0
2026-04-02 13:02:57.632,1916.638617901,1775106177632,right_insole,右鞋垫,FF:25:02:05:18:F3,2,534,0,6041,2600,0,0,1253,0,6327,2660,1277,1627,2034,0,1448,786,1313,0
2026-04-02 13:02:57.662,1916.668486307,1775106177662,right_insole,右鞋垫,FF:25:02:05:18:F3,2,698,0,5816,2393,0,234,1515,0,5814,2330,1299,1937,2344,0,1612,1041,1600,0
2026-04-02 13:02:57.662,1916.668568533,1775106177662,right_insole,右鞋垫,FF:25:02:05:18:F3,2,1106,0,5463,2174,0,419,1784,0,5394,1952,1501,2169,2678,0,1588,1163,1737,0
2026-04-02 13:02:57.812,1916.818345966,1775106177812,right_insole,右鞋垫,FF:25:02:05:18:F3,2,1591,0,4798,1500,0,791,2460,25,4514,1257,1387,2603,3414,0,1524,1448,2327,0
2026-04-02 13:02:57.812,1916.818433495,1775106177812,right_insole,右鞋垫,FF:25:02:05:18:F3,2,2234,0,3923,707,0,873,3140,584,3546,205,792,2605,4361,0,945,1352,2762,0
2026-04-02 13:02:57.814,1916.820344032,1775106177814,right_insole,右鞋垫,FF:25:02:05:18:F3,2,3134,880,3215,7,0,320,3882,1665,2989,0,0,1403,4951,220,45,368,2824,33
2026-04-02 13:02:57.932,1916.938301204,1775106177932,right_insole,右鞋垫,FF:25:02:05:18:F3,2,3392,2128,2733,0,0,0,3245,2509,2763,0,0,0,3850,317,0,0,2038,0
2026-04-02 13:02:57.932,1916.938354899,1775106177932,right_insole,右鞋垫,FF:25:02:05:18:F3,2,2637,2566,2460,0,0,0,2141,2588,2567,0,0,0,2429,0,0,0,1319,0
2026-04-02 13:02:57.962,1916.968464758,1775106177962,right_insole,右鞋垫,FF:25:02:05:18:F3,2,1226,1012,2097,0,0,0,783,1132,2371,0,0,0,1061,0,0,0,284,0
2026-04-02 13:02:58.112,1917.118475924,1775106178112,right_insole,右鞋垫,FF:25:02:05:18:F3,2,0,0,2154,0,0,0,0,0,2305,0,0,0,0,0,0,0,0,0
2026-04-02 13:02:58.112,1917.118525686,1775106178112,right_insole,右鞋垫,FF:25:02:05:18:F3,2,0,0,2270,0,0,0,0,0,2384,0,0,0,0,0,0,0,0,0
2026-04-02 13:02:58.112,1917.118549519,1775106178112,right_insole,右鞋垫,FF:25:02:05:18:F3,2,0,0,2315,0,0,0,0,0,2436,0,0,0,0,0,0,0,0,0
2026-04-02 13:02:58.172,1917.178339463,1775106178172,right_insole,右鞋垫,FF:25:02:05:18:F3,2,0,0,2301,0,0,0,0,0,2466,0,0,0,0,0,0,0,0,0
2026-04-02 13:02:58.262,1917.268478896,1775106178262,right_insole,右鞋垫,FF:25:02:05:18:F3,2,0,0,2288,0,0,0,0,0,2475,0,0,0,0,0,0,0,0,0
2026-04-02 13:02:58.262,1917.268529358,1775106178262,right_insole,右鞋垫,FF:25:02:05:18:F3,2,0,0,2305,0,0,0,0,0,2496,0,0,0,0,0,0,0,0,0
2026-04-02 13:02:58.352,1917.358574492,1775106178352,right_insole,右鞋垫,FF:25:02:05:18:F3,2,0,0,2270,0,0,0,0,0,2492,0,0,0,0,0,0,0,0,0
2026-04-02 13:02:58.382,1917.388580319,1775106178382,right_insole,右鞋垫,FF:25:02:05:18:F3,2,0,0,2131,0,0,0,0,0,2402,0,0,0,0,0,0,0,0,0
2026-04-02 13:02:58.472,1917.478671201,1775106178472,right_insole,右鞋垫,FF:25:02:05:18:F3,2,0,0,2545,0,0,0,0,0,3134,0,0,0,0,0,0,0,0,0
2026-04-02 13:02:58.502,1917.508451834,1775106178502,right_insole,右鞋垫,FF:25:02:05:18:F3,2,0,0,5038,861,0,0,0,0,5391,705,0,0,0,0,0,0,0,0
2026-04-02 13:02:58.562,1917.568466107,1775106178562,right_insole,右鞋垫,FF:25:02:05:18:F3,2,0,0,8731,3494,0,0,0,0,9610,3901,0,0,0,0,280,0,0,0
2026-04-02 13:02:58.592,1917.59863207,1775106178592,right_insole,右鞋垫,FF:25:02:05:18:F3,2,0,0,8650,4160,0,0,0,0,9376,4410,351,0,0,0,755,0,0,0
2026-04-02 13:02:58.652,1917.658756791,1775106178652,right_insole,右鞋垫,FF:25:02:05:18:F3,2,0,0,7643,3640,0,0,369,0,7992,3658,993,627,905,0,1144,258,434,0
2026-04-02 13:02:58.682,1917.688620854,1775106178682,right_insole,右鞋垫,FF:25:02:05:18:F3,2,774,0,6191,2720,0,0,1172,0,6447,2670,1070,1242,1632,0,1182,569,858,0
2026-04-02 13:02:58.742,1917.748405626,1775106178742,right_insole,右鞋垫,FF:25:02:05:18:F3,2,1233,0,5407,2117,0,149,1374,0,5571,1902,1035,1461,1773,0,1070,658,1070,0
2026-04-02 13:02:58.802,1917.80862901,1775106178802,right_insole,右鞋垫,FF:25:02:05:18:F3,2,1751,0,4706,1537,0,512,1755,6,4647,1237,804,1559,2173,0,739,703,1187,0
2026-04-02 13:02:58.862,1917.868394023,1775106178862,right_insole,右鞋垫,FF:25:02:05:18:F3,2,2000,0,4266,1130,0,615,2026,180,4111,642,670,1610,2493,0,546,738,1246,0
2026-04-02 13:02:58.892,1917.898594529,1775106178892,right_insole,右鞋垫,FF:25:02:05:18:F3,2,2255,409,3862,826,0,663,2317,623,3656,196,554,1693,2804,0,447,678,1587,0
2026-04-02 13:02:58.952,1917.958459603,1775106178952,right_insole,右鞋垫,FF:25:02:05:18:F3,2,2772,1107,3598,518,0,721,2688,1114,3067,0,349,1887,3452,0,242,806,2029,0
2026-04-02 13:02:59.012,1918.018438834,1775106179012,right_insole,右鞋垫,FF:25:02:05:18:F3,2,3118,1681,3195,112,0,739,3250,1831,2827,0,16,1799,3938,0,21,623,2381,0
2026-04-02 13:02:59.042,1918.048607879,1775106179042,right_insole,右鞋垫,FF:25:02:05:18:F3,2,3821,2837,2730,0,0,91,3718,2757,2458,0,0,987,4402,286,0,106,2687,0
2026-04-02 13:02:59.102,1918.108378148,1775106179102,right_insole,右鞋垫,FF:25:02:05:18:F3,2,3199,3430,2376,0,0,0,2794,3318,2344,0,0,0,3410,264,0,0,2098,0
2026-04-02 13:02:59.192,1918.198462594,1775106179192,right_insole,右鞋垫,FF:25:02:05:18:F3,2,2145,2510,2082,0,0,0,1495,2381,2217,0,0,0,1721,0,0,0,834,0
2026-04-02 13:02:59.222,1918.228434921,1775106179222,right_insole,右鞋垫,FF:25:02:05:18:F3,2,462,146,1818,0,0,0,76,370,1937,0,0,0,233,0,0,0,0,0
2026-04-02 13:02:59.252,1918.258609341,1775106179252,right_insole,右鞋垫,FF:25:02:05:18:F3,2,0,0,2101,0,0,0,0,0,2197,0,0,0,0,0,0,0,0,0
2026-04-02 13:02:59.312,1918.31855024,1775106179312,right_insole,右鞋垫,FF:25:02:05:18:F3,2,0,0,2082,0,0,0,0,0,2233,0,0,0,0,0,0,0,0,0
2026-04-02 13:02:59.372,1918.378535984,1775106179372,right_insole,右鞋垫,FF:25:02:05:18:F3,2,0,0,2097,0,0,0,0,0,2287,0,0,0,0,0,0,0,0,0
2026-04-02 13:02:59.462,1918.46842884,1775106179462,right_insole,右鞋垫,FF:25:02:05:18:F3,2,0,0,2127,0,0,0,0,0,2328,0,0,0,0,0,0,0,0,0
2026-04-02 13:02:59.492,1918.498611634,1775106179492,right_insole,右鞋垫,FF:25:02:05:18:F3,2,0,0,2145,0,0,0,0,0,2330,0,0,0,0,0,0,0,0,0
2026-04-02 13:02:59.522,1918.528617519,1775106179522,right_insole,右鞋垫,FF:25:02:05:18:F3,2,0,0,2144,0,0,0,0,0,2347,0,0,0,0,0,0,0,0,0
2026-04-02 13:02:59.582,1918.588958202,1775106179582,right_insole,右鞋垫,FF:25:02:05:18:F3,2,0,0,2173,0,0,0,0,0,2371,0,0,0,0,0,0,0,0,0
2026-04-02 13:02:59.642,1918.648553216,1775106179642,right_insole,右鞋垫,FF:25:02:05:18:F3,2,0,0,2157,0,0,0,0,0,2372,0,0,0,0,0,0,0,0,0
2026-04-02 13:02:59.672,1918.678576737,1775106179672,right_insole,右鞋垫,FF:25:02:05:18:F3,2,0,0,2099,0,0,0,0,0,2298,0,0,0,0,0,0,0,0,0
2026-04-02 13:02:59.732,1918.738548935,1775106179732,right_insole,右鞋垫,FF:25:02:05:18:F3,2,0,0,2103,0,0,0,0,0,2417,0,0,0,0,0,0,0,0,0
2026-04-02 13:02:59.792,1918.798515971,1775106179792,right_insole,右鞋垫,FF:25:02:05:18:F3,2,0,0,4839,731,0,0,0,0,5335,732,0,0,0,0,0,0,0,0
2026-04-02 13:02:59.852,1918.858529983,1775106179852,right_insole,右鞋垫,FF:25:02:05:18:F3,2,0,0,7514,1898,0,0,0,0,8376,2316,0,0,0,0,0,0,0,0
2026-04-02 13:02:59.882,1918.88854432,1775106179882,right_insole,右鞋垫,FF:25:02:05:18:F3,2,0,0,8542,3675,0,0,0,0,9565,4126,0,0,0,0,391,0,0,0
2026-04-02 13:02:59.942,1918.94851782,1775106179942,right_insole,右鞋垫,FF:25:02:05:18:F3,2,0,0,7229,3403,0,0,0,0,8195,3879,628,322,744,0,1302,348,622,0
2026-04-02 13:03:00.003,1919.009413834,1775106180003,right_insole,右鞋垫,FF:25:02:05:18:F3,2,0,0,6564,3038,0,0,1143,0,7352,3530,1228,1095,1744,0,1595,717,1047,0
2026-04-02 13:03:00.062,1919.068617924,1775106180062,right_insole,右鞋垫,FF:25:02:05:18:F3,2,548,0,6177,2801,0,0,1639,0,6602,3220,1469,1662,2270,0,1892,1156,1467,0
2026-04-02 13:03:00.092,1919.098649619,1775106180092,right_insole,右鞋垫,FF:25:02:05:18:F3,2,663,0,5636,2481,0,0,1786,0,6067,2743,1479,1803,2508,0,1990,1460,1612,0
2026-04-02 13:03:00.182,1919.188621494,1775106180182,right_insole,右鞋垫,FF:25:02:05:18:F3,2,593,0,4875,2017,0,8,1908,0,5189,2259,1516,2011,2886,0,2124,1751,2048,0
2026-04-02 13:03:00.212,1919.218618488,1775106180212,right_insole,右鞋垫,FF:25:02:05:18:F3,2,794,0,4656,1735,0,85,2035,0,4901,1874,1524,2252,3155,0,2092,1885,2312,0
2026-04-02 13:03:00.242,1919.248634535,1775106180242,right_insole,右鞋垫,FF:25:02:05:18:F3,2,906,0,4482,1503,0,198,2143,0,4530,1588,1559,2490,3438,0,2061,2008,2529,0
2026-04-02 13:03:00.302,1919.308638842,1775106180302,right_insole,右鞋垫,FF:25:02:05:18:F3,2,1358,0,4214,1289,0,363,2268,173,4138,1090,1365,2607,3545,0,1645,1813,2521,0
2026-04-02 13:03:00.362,1919.368641129,1775106180362,right_insole,右鞋垫,FF:25:02:05:18:F3,2,1555,0,3880,1127,0,475,2388,300,3850,829,1101,2605,3635,0,1421,1639,2534,0
2026-04-02 13:03:00.422,1919.428630343,1775106180422,right_insole,右鞋垫,FF:25:02:05:18:F3,2,1635,0,3590,743,0,459,2645,528,3559,306,959,2594,3801,0,1234,1684,2894,0
2026-04-02 13:03:00.452,1919.458610844,1775106180452,right_insole,右鞋垫,FF:25:02:05:18:F3,2,1836,103,3097,234,0,261,2790,1019,2987,0,380,2286,4304,0,799,1532,3257,104
2026-04-02 13:03:00.542,1919.548656549,1775106180542,right_insole,右鞋垫,FF:25:02:05:18:F3,2,2111,649,2689,0,0,0,3016,1678,2654,0,0,1388,4664,39,183,907,3257,361
2026-04-02 13:03:00.572,1919.578605492,1775106180572,right_insole,右鞋垫,FF:25:02:05:18:F3,2,2668,1816,2273,0,0,0,3108,2704,2509,0,0,266,4103,279,0,92,2535,326
2026-04-02 13:03:00.632,1919.638300132,1775106180632,right_insole,右鞋垫,FF:25:02:05:18:F3,2,2897,2565,2079,0,0,0,2672,3162,2369,0,0,0,3111,346,0,0,1880,83
2026-04-02 13:03:00.662,1919.668692243,1775106180662,right_insole,右鞋垫,FF:25:02:05:18:F3,2,2004,2460,1899,0,0,0,1799,2558,2256,0,0,0,1829,56,0,0,955,0
2026-04-02 13:03:00.722,1919.728509657,1775106180722,right_insole,右鞋垫,FF:25:02:05:18:F3,2,629,464,1751,0,0,0,514,1001,2057,0,0,0,909,0,0,0,469,0
2026-04-02 13:03:00.782,1919.78845386,1775106180782,right_insole,右鞋垫,FF:25:02:05:18:F3,2,0,0,1885,0,0,0,0,0,2072,0,0,0,0,0,0,0,0,0
2026-04-02 13:03:00.812,1919.818525618,1775106180812,right_insole,右鞋垫,FF:25:02:05:18:F3,2,0,0,1967,0,0,0,0,0,2119,0,0,0,0,0,0,0,0,0
2026-04-02 13:03:00.872,1919.878510813,1775106180872,right_insole,右鞋垫,FF:25:02:05:18:F3,2,0,0,2039,0,0,0,0,0,2118,0,0,0,0,0,0,0,0,0
2026-04-02 13:03:00.992,1919.998639901,1775106180992,right_insole,右鞋垫,FF:25:02:05:18:F3,2,0,0,2034,0,0,0,0,0,2175,0,0,0,0,0,0,0,0,0
2026-04-02 13:03:01.022,1920.028632774,1775106181022,right_insole,右鞋垫,FF:25:02:05:18:F3,2,0,0,2081,0,0,0,0,0,2180,0,0,0,0,0,0,0,0,0
2026-04-02 13:03:01.022,1920.028687309,1775106181022,right_insole,右鞋垫,FF:25:02:05:18:F3,2,0,0,2107,0,0,0,0,0,2235,0,0,0,0,0,0,0,0,0
2026-04-02 13:03:01.082,1920.088983049,1775106181082,right_insole,右鞋垫,FF:25:02:05:18:F3,2,0,0,2094,0,0,0,0,0,2264,0,0,0,0,0,0,0,0,0
2026-04-02 13:03:01.143,1920.149701735,1775106181143,right_insole,右鞋垫,FF:25:02:05:18:F3,2,0,0,2139,0,0,0,0,0,2290,0,0,0,0,0,0,0,0,0
2026-04-02 13:03:01.202,1920.208205832,1775106181202,right_insole,右鞋垫,FF:25:02:05:18:F3,2,0,0,2151,0,0,0,0,0,2304,0,0,0,0,0,0,0,0,0
2026-04-02 13:03:01.232,1920.23863754,1775106181232,right_insole,右鞋垫,FF:25:02:05:18:F3,2,0,0,2120,0,0,0,0,0,2252,0,0,0,0,0,0,0,0,0
2026-04-02 13:03:01.292,1920.298704425,1775106181292,right_insole,右鞋垫,FF:25:02:05:18:F3,2,0,0,2113,0,0,0,0,0,2315,0,0,0,0,0,0,0,0,0
2026-04-02 13:03:01.352,1920.35865477,1775106181352,right_insole,右鞋垫,FF:25:02:05:18:F3,2,0,0,2118,0,0,0,0,0,2319,0,0,0,0,0,0,0,0,0
2026-04-02 13:03:01.382,1920.388625192,1775106181382,right_insole,右鞋垫,FF:25:02:05:18:F3,2,0,0,2166,0,0,0,0,0,2317,0,0,0,0,0,0,0,0,0
2026-04-02 13:03:01.442,1920.448498447,1775106181442,right_insole,右鞋垫,FF:25:02:05:18:F3,2,0,0,2181,0,0,0,0,0,2327,0,0,0,0,0,0,0,0,0
2026-04-02 13:03:01.502,1920.508619507,1775106181502,right_insole,右鞋垫,FF:25:02:05:18:F3,2,0,0,3017,37,0,0,0,0,3675,0,0,0,0,0,0,0,0,0
2026-04-02 13:03:01.562,1920.568374353,1775106181562,right_insole,右鞋垫,FF:25:02:05:18:F3,2,0,0,4795,698,0,0,0,0,5193,707,0,0,0,0,0,0,0,0
2026-04-02 13:03:01.592,1920.598646997,1775106181592,right_insole,右鞋垫,FF:25:02:05:18:F3,2,0,0,6155,1943,0,0,0,0,6956,2184,0,0,0,0,0,0,0,0
2026-04-02 13:03:01.652,1920.658380822,1775106181652,right_insole,右鞋垫,FF:25:02:05:18:F3,2,0,0,6736,2840,0,0,0,0,7440,2956,0,0,0,0,0,0,0,0
2026-04-02 13:03:01.712,1920.718642834,1775106181712,right_insole,右鞋垫,FF:25:02:05:18:F3,2,0,0,7148,3021,0,0,0,0,7690,3319,0,0,0,0,325,0,0,0
2026-04-02 13:03:01.802,1920.808606734,1775106181802,right_insole,右鞋垫,FF:25:02:05:18:F3,2,0,0,7012,3120,0,0,265,0,7745,3763,549,418,925,0,1413,667,776,0
2026-04-02 13:03:01.802,1920.808686978,1775106181802,right_insole,右鞋垫,FF:25:02:05:18:F3,2,0,0,6498,3121,0,0,965,0,7402,3921,1273,1199,1839,0,2340,1563,1652,0
2026-04-02 13:03:01.862,1920.868599219,1775106181862,right_insole,右鞋垫,FF:25:02:05:18:F3,2,0,0,6061,2781,0,0,1347,0,7001,3888,1661,1646,2309,0,2831,2251,2251,0
2026-04-02 13:03:01.952,1920.958612571,1775106181952,right_insole,右鞋垫,FF:25:02:05:18:F3,2,0,0,5449,2481,0,0,1483,0,6198,3550,1741,1771,2818,0,3287,2788,2856,0
2026-04-02 13:03:02.013,1921.01930445,1775106182013,right_insole,右鞋垫,FF:25:02:05:18:F3,2,0,0,5090,2211,0,0,1318,0,5940,3477,1792,1926,2896,0,3548,3314,3287,0
2026-04-02 13:03:02.013,1921.019386957,1775106182013,right_insole,右鞋垫,FF:25:02:05:18:F3,2,0,0,4752,1994,0,0,1115,0,5632,3258,1870,2064,3109,0,3975,3806,3652,47
2026-04-02 13:03:02.102,1921.108553428,1775106182102,right_insole,右鞋垫,FF:25:02:05:18:F3,2,0,0,4725,2038,0,0,1030,0,5599,3232,2003,2198,3202,0,3830,3732,3690,171
2026-04-02 13:03:02.132,1921.138405974,1775106182132,right_insole,右鞋垫,FF:25:02:05:18:F3,2,0,0,4529,1898,0,0,1372,0,5318,2959,1974,2362,3258,0,3520,3534,3646,423
2026-04-02 13:03:02.162,1921.168628574,1775106182162,right_insole,右鞋垫,FF:25:02:05:18:F3,2,0,0,4433,1830,0,0,1356,0,5100,2575,1995,2441,3392,0,3622,3804,3946,550
2026-04-02 13:03:02.222,1921.228466594,1775106182222,right_insole,右鞋垫,FF:25:02:05:18:F3,2,0,0,4309,1695,0,0,1524,0,4981,2397,1877,2605,3585,0,3513,3696,4034,707
2026-04-02 13:03:02.282,1921.288775008,1775106182282,right_insole,右鞋垫,FF:25:02:05:18:F3,2,0,0,4154,1660,0,0,1793,0,4745,2184,1872,2764,3836,0,3477,3831,4171,790
2026-04-02 13:03:02.342,1921.348512226,1775106182342,right_insole,右鞋垫,FF:25:02:05:18:F3,2,61,0,3871,1343,0,0,1814,0,4418,1850,1643,2824,3916,0,3101,3706,4297,818
2026-04-02 13:03:02.372,1921.378561903,1775106182372,right_insole,右鞋垫,FF:25:02:05:18:F3,2,328,0,3566,1175,0,0,1985,0,4180,1482,1467,2772,4048,0,2823,3423,4260,786
2026-04-02 13:03:02.432,1921.438853444,1775106182432,right_insole,右鞋垫,FF:25:02:05:18:F3,2,500,0,3430,950,0,0,2216,0,4022,1203,1247,2883,4212,0,2600,3379,4283,791
2026-04-02 13:03:02.492,1921.498526559,1775106182492,right_insole,右鞋垫,FF:25:02:05:18:F3,2,577,0,3311,819,0,0,2267,0,3873,1076,1091,2897,4323,0,2423,3198,4251,872
2026-04-02 13:03:02.552,1921.558551012,1775106182552,right_insole,右鞋垫,FF:25:02:05:18:F3,2,744,0,3112,550,0,0,2523,170,3502,679,911,2895,4473,0,2004,2810,4123,787
2026-04-02 13:03:02.582,1921.588387464,1775106182582,right_insole,右鞋垫,FF:25:02:05:18:F3,2,1020,0,2861,169,0,0,2848,431,3254,360,633,2765,4897,0,1735,2619,4345,687
2026-04-02 13:03:02.642,1921.648628247,1775106182642,right_insole,右鞋垫,FF:25:02:05:18:F3,2,1511,0,2590,0,0,0,3244,681,2971,9,442,2755,5587,52,1412,2460,4666,827
2026-04-02 13:03:02.702,1921.708304566,1775106182702,right_insole,右鞋垫,FF:25:02:05:18:F3,2,2044,0,2372,0,0,43,3831,1135,2765,0,187,2419,6164,302,986,1762,4708,786
2026-04-02 13:03:02.762,1921.768729147,1775106182762,right_insole,右鞋垫,FF:25:02:05:18:F3,2,2608,138,2126,0,0,0,4168,1576,2560,0,0,1335,6247,687,381,826,4514,904
2026-04-02 13:03:02.792,1921.798620112,1775106182792,right_insole,右鞋垫,FF:25:02:05:18:F3,2,2648,444,1926,0,0,0,3937,1719,2478,0,0,236,5357,821,0,316,3726,901
2026-04-02 13:03:02.852,1921.858604175,1775106182852,right_insole,右鞋垫,FF:25:02:05:18:F3,2,1866,868,1717,0,0,0,2795,2118,2373,0,0,0,3678,758,0,7,2794,635
2026-04-02 13:03:02.912,1921.918500178,1775106182912,right_insole,右鞋垫,FF:25:02:05:18:F3,2,1199,664,1603,0,0,0,1555,1688,2326,0,0,0,2462,224,0,0,1926,72
2026-04-02 13:03:02.942,1921.948347332,1775106182942,right_insole,右鞋垫,FF:25:02:05:18:F3,2,559,0,1562,0,0,0,723,747,2117,0,0,0,1385,0,0,0,1095,0
2026-04-02 13:03:03.002,1922.008595763,1775106183002,right_insole,右鞋垫,FF:25:02:05:18:F3,2,0,0,1710,0,0,0,0,0,1993,0,0,0,43,0,0,0,113,0
2026-04-02 13:03:03.062,1922.068576042,1775106183062,right_insole,右鞋垫,FF:25:02:05:18:F3,2,0,0,1787,0,0,0,0,0,2120,0,0,0,0,0,0,0,0,0
2026-04-02 13:03:03.155,1922.161372038,1775106183155,right_insole,右鞋垫,FF:25:02:05:18:F3,2,0,0,1875,0,0,0,0,0,2216,0,0,0,0,0,0,0,0,0
2026-04-02 13:03:03.155,1922.161420265,1775106183155,right_insole,右鞋垫,FF:25:02:05:18:F3,2,0,0,1983,0,0,0,0,0,2235,0,0,0,0,0,0,0,0,0
2026-04-02 13:03:03.212,1922.218616474,1775106183212,right_insole,右鞋垫,FF:25:02:05:18:F3,2,0,0,2063,0,0,0,0,0,2244,0,0,0,0,0,0,0,0,0
2026-04-02 13:03:03.273,1922.279400311,1775106183273,right_insole,右鞋垫,FF:25:02:05:18:F3,2,0,0,2039,0,0,0,0,0,2291,0,0,0,0,0,0,0,0,0
2026-04-02 13:03:03.332,1922.338608773,1775106183332,right_insole,右鞋垫,FF:25:02:05:18:F3,2,0,0,2078,0,0,0,0,0,2312,0,0,0,0,0,0,0,0,0
2026-04-02 13:03:03.362,1922.368601392,1775106183362,right_insole,右鞋垫,FF:25:02:05:18:F3,2,0,0,2126,0,0,0,0,0,2345,0,0,0,0,0,0,0,0,0
2026-04-02 13:03:03.422,1922.428643077,1775106183422,right_insole,右鞋垫,FF:25:02:05:18:F3,2,0,0,2113,0,0,0,0,0,2349,0,0,0,0,0,0,0,0,0
2026-04-02 13:03:03.482,1922.488626477,1775106183482,right_insole,右鞋垫,FF:25:02:05:18:F3,2,0,0,2084,0,0,0,0,0,2365,0,0,0,0,0,0,0,0,0
2026-04-02 13:03:03.543,1922.549597625,1775106183543,right_insole,右鞋垫,FF:25:02:05:18:F3,2,0,0,2056,0,0,0,0,0,2337,0,0,0,0,0,0,0,0,0
2026-04-02 13:03:03.572,1922.578618407,1775106183572,right_insole,右鞋垫,FF:25:02:05:18:F3,2,0,0,2050,0,0,0,0,0,2360,0,0,0,0,0,0,0,0,0
2026-04-02 13:03:03.632,1922.638666615,1775106183632,right_insole,右鞋垫,FF:25:02:05:18:F3,2,0,0,2184,0,0,0,0,0,2566,0,0,0,0,0,0,0,0,0
2026-04-02 13:03:03.692,1922.698626013,1775106183692,right_insole,右鞋垫,FF:25:02:05:18:F3,2,0,0,3749,104,0,0,0,0,4317,186,0,0,0,0,0,0,0,0
2026-04-02 13:03:03.752,1922.758311702,1775106183752,right_insole,右鞋垫,FF:25:02:05:18:F3,2,0,0,4780,763,0,0,0,0,5298,745,0,0,0,0,0,0,0,0
2026-04-02 13:03:03.782,1922.788538795,1775106183782,right_insole,右鞋垫,FF:25:02:05:18:F3,2,0,0,5812,1942,0,0,0,0,6664,2143,0,0,0,0,0,0,0,0
2026-04-02 13:03:03.843,1922.849535186,1775106183843,right_insole,右鞋垫,FF:25:02:05:18:F3,2,0,0,5951,2300,0,0,0,0,6576,2334,0,0,0,0,0,0,0,0
2026-04-02 13:03:03.902,1922.908496389,1775106183902,right_insole,右鞋垫,FF:25:02:05:18:F3,2,740,0,6199,2673,0,0,367,0,6540,2633,0,0,247,0,37,0,0,0
2026-04-02 13:03:03.932,1922.938535706,1775106183932,right_insole,右鞋垫,FF:25:02:05:18:F3,2,1901,0,5583,2443,0,0,1305,16,5957,2383,125,443,1067,0,297,0,401,0
2026-04-02 13:03:03.992,1922.998462368,1775106183992,right_insole,右鞋垫,FF:25:02:05:18:F3,2,2273,0,5442,2528,0,114,1585,87,5990,2339,513,751,1355,0,590,75,578,0
2026-04-02 13:03:04.052,1923.058519002,1775106184052,right_insole,右鞋垫,FF:25:02:05:18:F3,2,2371,252,5337,2560,0,312,1834,214,5724,2488,814,1126,1680,0,861,466,920,0
2026-04-02 13:03:04.113,1923.119596499,1775106184113,right_insole,右鞋垫,FF:25:02:05:18:F3,2,2581,549,5002,2350,0,536,2001,424,5427,2132,845,1254,1849,0,914,589,1106,0
2026-04-02 13:03:04.142,1923.148608307,1775106184142,right_insole,右鞋垫,FF:25:02:05:18:F3,2,2794,845,4723,2183,0,619,2196,465,5061,1876,918,1313,1960,0,901,648,1238,0
2026-04-02 13:03:04.203,1923.209304354,1775106184203,right_insole,右鞋垫,FF:25:02:05:18:F3,2,2957,1076,4251,1763,0,630,2301,671,4416,1311,878,1591,2276,0,880,758,1390,0
2026-04-02 13:03:04.262,1923.268568174,1775106184262,right_insole,右鞋垫,FF:25:02:05:18:F3,2,2984,1257,3966,1514,0,688,2465,742,4184,984,804,1638,2431,0,726,885,1481,0
2026-04-02 13:03:04.322,1923.328289141,1775106184322,right_insole,右鞋垫,FF:25:02:05:18:F3,2,2424,1009,3714,1187,0,576,2369,562,3799,688,911,1846,2837,0,963,1124,1844,0
2026-04-02 13:03:04.352,1923.358535941,1775106184352,right_insole,右鞋垫,FF:25:02:05:18:F3,2,2081,827,3396,954,0,417,2350,470,3537,466,869,1953,2995,0,1044,1255,2107,0
2026-04-02 13:03:04.412,1923.418526554,1775106184412,right_insole,右鞋垫,FF:25:02:05:18:F3,2,1740,736,3428,914,0,273,2291,420,3367,326,812,2062,3214,0,1063,1416,2388,0
2026-04-02 13:03:04.472,1923.478575701,1775106184472,right_insole,右鞋垫,FF:25:02:05:18:F3,2,1933,799,3110,514,0,301,2631,713,3058,87,756,2193,3686,0,950,1458,2680,0
2026-04-02 13:03:04.502,1923.508482068,1775106184502,right_insole,右鞋垫,FF:25:02:05:18:F3,2,1604,737,2723,22,0,87,2710,809,2664,0,568,2259,4426,0,1094,1890,3456,180
2026-04-02 13:03:04.652,1923.658532557,1775106184652,right_insole,右鞋垫,FF:25:02:05:18:F3,2,1807,1048,2383,0,0,0,3048,1365,2526,0,0,1792,4926,0,590,1488,3923,446
2026-04-02 13:03:04.652,1923.658624039,1775106184652,right_insole,右鞋垫,FF:25:02:05:18:F3,2,2117,1643,2065,0,0,0,3296,2000,2412,0,0,1073,5009,321,128,989,3871,591
2026-04-02 13:03:04.682,1923.688465839,1775106184682,right_insole,右鞋垫,FF:25:02:05:18:F3,2,1710,1733,1876,0,0,0,3092,2298,2319,0,0,356,4941,584,0,667,3832,936
2026-04-02 13:03:04.712,1923.718525216,1775106184712,right_insole,右鞋垫,FF:25:02:05:18:F3,2,1325,1873,1724,0,0,0,2455,2631,2290,0,0,0,3891,834,0,262,3096,799
2026-04-02 13:03:04.772,1923.778529996,1775106184772,right_insole,右鞋垫,FF:25:02:05:18:F3,2,1105,1273,1615,0,0,0,1615,2032,2232,0,0,0,2382,444,0,0,1951,157
2026-04-02 13:03:04.862,1923.868563707,1775106184862,right_insole,右鞋垫,FF:25:02:05:18:F3,2,664,42,1533,0,0,0,768,743,2064,0,0,0,1353,0,0,0,878,0
2026-04-02 13:03:04.892,1923.898295519,1775106184892,right_insole,右鞋垫,FF:25:02:05:18:F3,2,53,0,1678,0,0,0,0,0,1946,0,0,0,242,0,0,0,192,0
2026-04-02 13:03:04.922,1923.928524103,1775106184922,right_insole,右鞋垫,FF:25:02:05:18:F3,2,0,0,1809,0,0,0,0,0,2094,0,0,0,0,0,0,0,0,0
2026-04-02 13:03:04.982,1923.988576528,1775106184982,right_insole,右鞋垫,FF:25:02:05:18:F3,2,0,0,1942,0,0,0,0,0,2158,0,0,0,0,0,0,0,0,0
2026-04-02 13:03:05.042,1924.048458945,1775106185042,right_insole,右鞋垫,FF:25:02:05:18:F3,2,0,0,2086,0,0,0,0,0,2171,0,0,0,0,0,0,0,0,0
2026-04-02 13:03:05.102,1924.108337489,1775106185102,right_insole,右鞋垫,FF:25:02:05:18:F3,2,0,0,2058,0,0,0,0,0,2245,0,0,0,0,0,0,0,0,0
2026-04-02 13:03:05.132,1924.13829552,1775106185132,right_insole,右鞋垫,FF:25:02:05:18:F3,2,0,0,2133,0,0,0,0,0,2318,0,0,0,0,0,0,0,0,0
2026-04-02 13:03:05.192,1924.198533121,1775106185192,right_insole,右鞋垫,FF:25:02:05:18:F3,2,0,0,2156,0,0,0,0,0,2381,0,0,0,0,0,0,0,0,0
2026-04-02 13:03:05.253,1924.25934008,1775106185253,right_insole,右鞋垫,FF:25:02:05:18:F3,2,0,0,2165,0,0,0,0,0,2365,0,0,0,0,0,0,0,0,0
2026-04-02 13:03:05.282,1924.288555304,1775106185282,right_insole,右鞋垫,FF:25:02:05:18:F3,2,0,0,2190,0,0,0,0,0,2445,0,0,0,0,0,0,0,0,0
2026-04-02 13:03:05.342,1924.348520407,1775106185342,right_insole,右鞋垫,FF:25:02:05:18:F3,2,0,0,2162,0,0,0,0,0,2419,0,0,0,0,0,0,0,0,0
2026-04-02 13:03:05.492,1924.49823352,1775106185492,right_insole,右鞋垫,FF:25:02:05:18:F3,2,0,0,2036,0,0,0,0,0,2365,0,0,0,0,0,0,0,0,0
2026-04-02 13:03:05.492,1924.49832314,1775106185492,right_insole,右鞋垫,FF:25:02:05:18:F3,2,0,0,1941,0,0,0,0,0,2366,0,0,0,0,0,0,0,0,0
2026-04-02 13:03:05.522,1924.528487853,1775106185522,right_insole,右鞋垫,FF:25:02:05:18:F3,2,0,0,2422,0,0,0,0,0,3047,0,0,0,0,0,0,0,0,0
2026-04-02 13:03:05.552,1924.558606282,1775106185552,right_insole,右鞋垫,FF:25:02:05:18:F3,2,0,0,4191,450,0,0,0,0,4685,380,0,0,0,0,0,0,0,0
2026-04-02 13:03:05.612,1924.618380746,1775106185612,right_insole,右鞋垫,FF:25:02:05:18:F3,2,0,0,6449,2091,0,0,0,0,7758,2565,0,0,0,0,0,0,0,0
2026-04-02 13:03:05.672,1924.678570546,1775106185672,right_insole,右鞋垫,FF:25:02:05:18:F3,2,0,0,7956,3775,0,0,0,0,9381,4676,44,0,0,0,1341,162,115,0
2026-04-02 13:03:05.704,1924.710297558,1775106185704,right_insole,右鞋垫,FF:25:02:05:18:F3,2,0,0,7121,3513,0,0,0,0,8665,4684,778,347,911,0,1956,900,1010,0
2026-04-02 13:03:05.762,1924.768534467,1775106185762,right_insole,右鞋垫,FF:25:02:05:18:F3,2,0,0,6889,3555,0,0,373,0,8249,4410,1094,796,1467,0,2176,1132,1219,0
2026-04-02 13:03:05.822,1924.828284199,1775106185822,right_insole,右鞋垫,FF:25:02:05:18:F3,2,0,0,6523,3314,0,0,1157,0,7647,4213,1411,1336,2075,0,2345,1521,1635,0
2026-04-02 13:03:05.882,1924.888576469,1775106185882,right_insole,右鞋垫,FF:25:02:05:18:F3,2,70,0,6217,3216,0,0,1382,0,7262,4011,1668,1593,2454,0,2656,1741,1870,0
2026-04-02 13:03:05.942,1924.948161602,1775106185942,right_insole,右鞋垫,FF:25:02:05:18:F3,2,161,0,5629,2761,0,0,1637,0,6551,3608,1715,1760,2781,0,2778,2110,2280,0
2026-04-02 13:03:06.002,1925.008539831,1775106186002,right_insole,右鞋垫,FF:25:02:05:18:F3,2,217,0,5266,2465,0,0,1851,0,5950,3072,1813,2172,3221,0,2844,2301,2552,0
2026-04-02 13:03:06.032,1925.038516112,1775106186032,right_insole,右鞋垫,FF:25:02:05:18:F3,2,505,0,4973,2279,0,0,2032,0,5584,2689,1778,2285,3494,0,2769,2279,2663,0
2026-04-02 13:03:06.062,1925.068330698,1775106186062,right_insole,右鞋垫,FF:25:02:05:18:F3,2,765,0,4613,1993,0,0,2252,0,5038,2187,1726,2543,3701,0,2576,2337,2842,0
2026-04-02 13:03:06.122,1925.128519604,1775106186122,right_insole,右鞋垫,FF:25:02:05:18:F3,2,942,0,4311,1565,0,0,2268,0,4584,1730,1524,2657,3804,0,2293,2201,2901,0
2026-04-02 13:03:06.183,1925.189439404,1775106186183,right_insole,右鞋垫,FF:25:02:05:18:F3,2,1247,0,4036,1381,0,147,2437,0,4258,1305,1320,2586,3924,0,1996,1826,2832,0
2026-04-02 13:03:06.242,1925.248475303,1775106186242,right_insole,右鞋垫,FF:25:02:05:18:F3,2,1307,0,3802,1058,0,156,2550,0,3922,866,1154,2567,4065,0,1694,1850,2917,0
2026-04-02 13:03:06.272,1925.278542317,1775106186272,right_insole,右鞋垫,FF:25:02:05:18:F3,2,1312,0,3528,811,0,155,2671,102,3744,676,1007,2607,4320,0,1649,1910,3100,54
2026-04-02 13:03:06.332,1925.338527341,1775106186332,right_insole,右鞋垫,FF:25:02:05:18:F3,2,1676,0,3120,418,0,179,3013,458,3143,104,660,2472,4741,0,1147,1642,3373,80
2026-04-02 13:03:06.392,1925.398525605,1775106186392,right_insole,右鞋垫,FF:25:02:05:18:F3,2,2097,0,2669,0,0,0,3447,1009,2878,0,10,1908,5254,66,533,1151,3587,403
2026-04-02 13:03:06.452,1925.458557425,1775106186452,right_insole,右鞋垫,FF:25:02:05:18:F3,2,2736,773,2415,0,0,0,3761,1671,2688,0,0,607,5015,281,0,186,3096,448
2026-04-02 13:03:06.482,1925.488521629,1775106186482,right_insole,右鞋垫,FF:25:02:05:18:F3,2,2594,1696,2058,0,0,0,3066,2160,2494,0,0,0,3500,354,0,0,2077,64
2026-04-02 13:03:06.542,1925.548339292,1775106186542,right_insole,右鞋垫,FF:25:02:05:18:F3,2,2226,2015,1904,0,0,0,2079,2240,2416,0,0,0,2478,176,0,0,1373,0
2026-04-02 13:03:06.602,1925.608523254,1775106186602,right_insole,右鞋垫,FF:25:02:05:18:F3,2,1329,801,1797,0,0,0,1065,1172,2195,0,0,0,1239,0,0,0,454,0
2026-04-02 13:03:06.663,1925.669351942,1775106186663,right_insole,右鞋垫,FF:25:02:05:18:F3,2,18,0,1883,0,0,0,0,0,2115,0,0,0,28,0,0,0,0,0
2026-04-02 13:03:06.692,1925.69850456,1775106186692,right_insole,右鞋垫,FF:25:02:05:18:F3,2,0,0,1993,0,0,0,0,0,2291,0,0,0,0,0,0,0,0,0
2026-04-02 13:03:06.752,1925.758461162,1775106186752,right_insole,右鞋垫,FF:25:02:05:18:F3,2,0,0,2070,0,0,0,0,0,2289,0,0,0,0,0,0,0,0,0
2026-04-02 13:03:06.842,1925.848403114,1775106186842,right_insole,右鞋垫,FF:25:02:05:18:F3,2,0,0,2049,0,0,0,0,0,2337,0,0,0,0,0,0,0,0,0
2026-04-02 13:03:06.842,1925.848497014,1775106186842,right_insole,右鞋垫,FF:25:02:05:18:F3,2,0,0,2116,0,0,0,0,0,2321,0,0,0,0,0,0,0,0,0
2026-04-02 13:03:06.902,1925.908296653,1775106186902,right_insole,右鞋垫,FF:25:02:05:18:F3,2,0,0,2142,0,0,0,0,0,2411,0,0,0,0,0,0,0,0,0
2026-04-02 13:03:06.963,1925.969447988,1775106186963,right_insole,右鞋垫,FF:25:02:05:18:F3,2,0,0,2155,0,0,0,0,0,2430,0,0,0,0,0,0,0,0,0
2026-04-02 13:03:07.022,1926.028382978,1775106187022,right_insole,右鞋垫,FF:25:02:05:18:F3,2,0,0,2162,0,0,0,0,0,2422,0,0,0,0,0,0,0,0,0
2026-04-02 13:03:07.052,1926.058588672,1775106187052,right_insole,右鞋垫,FF:25:02:05:18:F3,2,0,0,2187,0,0,0,0,0,2421,0,0,0,0,0,0,0,0,0
2026-04-02 13:03:07.112,1926.118282615,1775106187112,right_insole,右鞋垫,FF:25:02:05:18:F3,2,0,0,2115,0,0,0,0,0,2444,0,0,0,0,0,0,0,0,0
2026-04-02 13:03:07.172,1926.178555158,1775106187172,right_insole,右鞋垫,FF:25:02:05:18:F3,2,0,0,2146,0,0,0,0,0,2445,0,0,0,0,0,0,0,0,0
2026-04-02 13:03:07.232,1926.238268783,1775106187232,right_insole,右鞋垫,FF:25:02:05:18:F3,2,0,0,2155,0,0,0,0,0,2454,0,0,0,0,0,0,0,0,0
2026-04-02 13:03:07.262,1926.268536393,1775106187262,right_insole,右鞋垫,FF:25:02:05:18:F3,2,0,0,2760,0,0,0,0,0,3577,0,0,0,0,0,0,0,0,0
2026-04-02 13:03:07.322,1926.328507903,1775106187322,right_insole,右鞋垫,FF:25:02:05:18:F3,2,0,0,4741,750,0,0,0,0,5222,714,0,0,0,0,0,0,0,0
2026-04-02 13:03:07.382,1926.388520576,1775106187382,right_insole,右鞋垫,FF:25:02:05:18:F3,2,0,0,5693,1410,0,0,0,0,6334,1407,0,0,0,0,0,0,0,0
2026-04-02 13:03:07.442,1926.448518674,1775106187442,right_insole,右鞋垫,FF:25:02:05:18:F3,2,0,0,6788,2727,0,0,0,0,7932,2991,0,0,0,0,0,0,0,0
2026-04-02 13:03:07.472,1926.478326798,1775106187472,right_insole,右鞋垫,FF:25:02:05:18:F3,2,0,0,6983,3290,0,0,0,0,7993,3618,6,0,0,0,495,0,0,0
2026-04-02 13:03:07.562,1926.568592723,1775106187562,right_insole,右鞋垫,FF:25:02:05:18:F3,2,0,0,6676,3354,0,0,416,0,7525,3619,578,419,924,0,1013,200,542,0
2026-04-02 13:03:07.622,1926.628631644,1775106187622,right_insole,右鞋垫,FF:25:02:05:18:F3,2,578,0,6367,3283,0,0,1488,0,7030,3518,1080,1153,1946,0,1364,601,1086,0
2026-04-02 13:03:07.622,1926.628731612,1775106187622,right_insole,右鞋垫,FF:25:02:05:18:F3,2,1049,0,6323,3357,0,21,1809,0,6926,3454,1457,1502,2247,0,1475,763,1278,0
2026-04-02 13:03:07.682,1926.688282474,1775106187682,right_insole,右鞋垫,FF:25:02:05:18:F3,2,1442,0,5972,3055,0,339,2074,0,6406,3040,1572,1735,2476,0,1424,810,1314,0
2026-04-02 13:03:07.742,1926.748495082,1775106187742,right_insole,右鞋垫,FF:25:02:05:18:F3,2,1844,0,5676,2806,0,520,2195,0,5827,2562,1448,1873,2517,0,1243,789,1366,0
2026-04-02 13:03:07.804,1926.810176456,1775106187804,right_insole,右鞋垫,FF:25:02:05:18:F3,2,2052,0,5236,2485,0,712,2428,0,5326,2150,1381,1976,2629,0,1235,841,1469,0
2026-04-02 13:03:07.832,1926.83862688,1775106187832,right_insole,右鞋垫,FF:25:02:05:18:F3,2,2340,0,4877,2050,0,840,2541,81,4779,1712,1265,2028,2964,0,1087,840,1567,0
2026-04-02 13:03:07.922,1926.928318591,1775106187922,right_insole,右鞋垫,FF:25:02:05:18:F3,2,2513,0,4601,1820,0,921,2775,204,4525,1346,1217,2033,3035,0,950,876,1591,0
2026-04-02 13:03:08.012,1927.018339587,1775106188012,right_insole,右鞋垫,FF:25:02:05:18:F3,2,2686,138,4188,1487,0,958,2935,402,4080,872,985,2121,3299,0,752,826,1721,0
2026-04-02 13:03:08.012,1927.018438288,1775106188012,right_insole,右鞋垫,FF:25:02:05:18:F3,2,2890,487,3959,1122,0,1053,3180,663,3800,366,604,2005,3505,0,486,830,1850,0
2026-04-02 13:03:08.042,1927.048323807,1775106188042,right_insole,右鞋垫,FF:25:02:05:18:F3,2,3467,1087,3652,669,0,1116,3596,1254,3269,0,443,2016,3798,0,288,766,2080,0
2026-04-02 13:03:08.102,1927.108618466,1775106188102,right_insole,右鞋垫,FF:25:02:05:18:F3,2,4130,1948,3168,239,0,1076,4200,2024,2826,0,21,1734,4345,0,0,431,2312,0
2026-04-02 13:03:08.164,1927.17016165,1775106188164,right_insole,右鞋垫,FF:25:02:05:18:F3,2,4371,2788,2789,0,0,478,4276,2584,2629,0,0,1107,4300,169,0,0,2187,0
2026-04-02 13:03:08.252,1927.258388045,1775106188252,right_insole,右鞋垫,FF:25:02:05:18:F3,2,3797,3465,2443,0,0,0,3302,2853,2465,0,0,0,3344,204,0,0,1603,0
2026-04-02 13:03:08.252,1927.258479385,1775106188252,right_insole,右鞋垫,FF:25:02:05:18:F3,2,2182,2964,2151,0,0,0,1773,2503,2334,0,0,0,1953,0,0,0,1005,0
2026-04-02 13:03:08.313,1927.319322793,1775106188313,right_insole,右鞋垫,FF:25:02:05:18:F3,2,1035,1430,1949,0,0,0,774,1452,2214,0,0,0,943,0,0,0,427,0
2026-04-02 13:03:08.372,1927.378544564,1775106188372,right_insole,右鞋垫,FF:25:02:05:18:F3,2,49,0,1939,0,0,0,0,170,2075,0,0,0,0,0,0,0,0,0
2026-04-02 13:03:08.402,1927.408336781,1775106188402,right_insole,右鞋垫,FF:25:02:05:18:F3,2,0,0,2149,0,0,0,0,0,2184,0,0,0,0,0,0,0,0,0
2026-04-02 13:03:08.462,1927.468510077,1775106188462,right_insole,右鞋垫,FF:25:02:05:18:F3,2,0,0,2190,0,0,0,0,0,2314,0,0,0,0,0,0,0,0,0
2026-04-02 13:03:08.522,1927.528458124,1775106188522,right_insole,右鞋垫,FF:25:02:05:18:F3,2,0,0,2188,0,0,0,0,0,2374,0,0,0,0,0,0,0,0,0
2026-04-02 13:03:08.582,1927.588540126,1775106188582,right_insole,右鞋垫,FF:25:02:05:18:F3,2,0,0,2206,0,0,0,0,0,2407,0,0,0,0,0,0,0,0,0
2026-04-02 13:03:08.612,1927.618546615,1775106188612,right_insole,右鞋垫,FF:25:02:05:18:F3,2,0,0,2279,0,0,0,0,0,2440,0,0,0,0,0,0,0,0,0
2026-04-02 13:03:08.672,1927.6785988,1775106188672,right_insole,右鞋垫,FF:25:02:05:18:F3,2,0,0,2262,0,0,0,0,0,2480,0,0,0,0,0,0,0,0,0
2026-04-02 13:03:08.733,1927.739396802,1775106188733,right_insole,右鞋垫,FF:25:02:05:18:F3,2,0,0,2250,0,0,0,0,0,2525,0,0,0,0,0,0,0,0,0
2026-04-02 13:03:08.792,1927.798556642,1775106188792,right_insole,右鞋垫,FF:25:02:05:18:F3,2,0,0,2251,0,0,0,0,0,2519,0,0,0,0,0,0,0,0,0
2026-04-02 13:03:08.852,1927.85834406,1775106188852,right_insole,右鞋垫,FF:25:02:05:18:F3,2,0,0,2156,0,0,0,0,0,2458,0,0,0,0,0,0,0,0,0
2026-04-02 13:03:08.912,1927.918628634,1775106188912,right_insole,右鞋垫,FF:25:02:05:18:F3,2,0,0,2106,0,0,0,0,0,2471,0,0,0,0,0,0,0,0,0
2026-04-02 13:03:08.942,1927.948387823,1775106188942,right_insole,右鞋垫,FF:25:02:05:18:F3,2,0,0,2110,0,0,0,0,0,2578,0,0,0,0,0,0,0,0,0
2026-04-02 13:03:09.002,1928.008583619,1775106189002,right_insole,右鞋垫,FF:25:02:05:18:F3,2,0,0,3169,42,0,0,0,0,3849,0,0,0,0,0,0,0,0,0
2026-04-02 13:03:09.032,1928.03866398,1775106189032,right_insole,右鞋垫,FF:25:02:05:18:F3,2,0,0,4909,815,0,0,0,0,5297,722,0,0,0,0,0,0,0,0
2026-04-02 13:03:09.092,1928.098371081,1775106189092,right_insole,右鞋垫,FF:25:02:05:18:F3,2,0,0,6400,2233,0,0,0,0,7377,2540,0,0,0,0,0,0,0,0
2026-04-02 13:03:09.152,1928.158513039,1775106189152,right_insole,右鞋垫,FF:25:02:05:18:F3,2,0,0,7593,3453,0,0,0,0,8583,3918,0,0,0,0,716,0,0,0
2026-04-02 13:03:09.182,1928.188571876,1775106189182,right_insole,右鞋垫,FF:25:02:05:18:F3,2,0,0,7647,3775,0,0,0,0,8335,4159,521,288,361,0,1080,243,291,0
2026-04-02 13:03:09.272,1928.278576639,1775106189272,right_insole,右鞋垫,FF:25:02:05:18:F3,2,0,0,7341,3790,0,0,479,0,7999,4152,1015,764,1134,0,1392,516,755,0
2026-04-02 13:03:09.302,1928.308560789,1775106189302,right_insole,右鞋垫,FF:25:02:05:18:F3,2,468,0,6599,3455,0,0,1274,0,7088,3491,1344,1403,1862,0,1601,818,1038,0
2026-04-02 13:03:09.362,1928.368545044,1775106189362,right_insole,右鞋垫,FF:25:02:05:18:F3,2,861,0,5305,2538,0,231,1621,0,5681,2510,1507,1828,2205,0,1806,1304,1580,0
2026-04-02 13:03:09.393,1928.399250742,1775106189393,right_insole,右鞋垫,FF:25:02:05:18:F3,2,769,0,4395,1797,0,0,1931,0,4701,1771,1327,1987,2762,0,1913,1695,2157,0
2026-04-02 13:03:09.452,1928.458247759,1775106189452,right_insole,右鞋垫,FF:25:02:05:18:F3,2,515,0,3932,1428,0,0,2098,0,4366,1563,1390,2238,3230,0,2151,2151,2595,0
2026-04-02 13:03:09.512,1928.518519229,1775106189512,right_insole,右鞋垫,FF:25:02:05:18:F3,2,493,0,3809,1325,0,0,2140,0,4376,1533,1447,2269,3352,0,2266,2214,2753,0
2026-04-02 13:03:09.602,1928.608378814,1775106189602,right_insole,右鞋垫,FF:25:02:05:18:F3,2,458,0,3749,1166,0,0,2151,0,4119,1319,1376,2430,3614,0,2237,2302,2924,0
2026-04-02 13:03:09.602,1928.608471816,1775106189602,right_insole,右鞋垫,FF:25:02:05:18:F3,2,461,0,3560,957,0,0,2179,121,3803,892,1193,2398,3876,0,2108,2426,3156,0
2026-04-02 13:03:09.664,1928.670304522,1775106189664,right_insole,右鞋垫,FF:25:02:05:18:F3,2,542,0,3292,669,0,0,2357,181,3455,632,1134,2610,4158,0,1963,2471,3485,214
2026-04-02 13:03:09.752,1928.758553317,1775106189752,right_insole,右鞋垫,FF:25:02:05:18:F3,2,1061,71,2905,244,0,60,2786,705,3102,154,755,2772,4761,0,1406,2229,3821,305
2026-04-02 13:03:09.782,1928.788279368,1775106189782,right_insole,右鞋垫,FF:25:02:05:18:F3,2,1551,521,2671,0,0,121,3213,1231,2872,0,303,2474,5228,0,854,1883,3993,578
2026-04-02 13:03:09.842,1928.848538832,1775106189842,right_insole,右鞋垫,FF:25:02:05:18:F3,2,2122,1365,2311,0,0,0,3567,1983,2699,0,0,1251,5678,305,165,889,4028,786
2026-04-02 13:03:09.872,1928.878503436,1775106189872,right_insole,右鞋垫,FF:25:02:05:18:F3,2,1975,2115,1941,0,0,0,3224,2544,2479,0,0,0,4451,508,0,195,3151,657
2026-04-02 13:03:09.932,1928.938521404,1775106189932,right_insole,右鞋垫,FF:25:02:05:18:F3,2,925,1455,1732,0,0,0,1585,2002,2450,0,0,0,2575,32,0,0,1946,0
2026-04-02 13:03:09.962,1928.968569509,1775106189962,right_insole,右鞋垫,FF:25:02:05:18:F3,2,24,0,1634,0,0,0,116,525,2270,0,0,0,914,0,0,0,739,0
2026-04-02 13:03:10.024,1929.030541016,1775106190024,right_insole,右鞋垫,FF:25:02:05:18:F3,2,0,0,1759,0,0,0,0,0,2179,0,0,0,0,0,0,0,39,0
2026-04-02 13:03:10.082,1929.088599938,1775106190082,right_insole,右鞋垫,FF:25:02:05:18:F3,2,0,0,2001,0,0,0,0,0,2311,0,0,0,0,0,0,0,0,0
2026-04-02 13:03:10.142,1929.148412672,1775106190142,right_insole,右鞋垫,FF:25:02:05:18:F3,2,0,0,2104,0,0,0,0,0,2347,0,0,0,0,0,0,0,0,0
2026-04-02 13:03:10.172,1929.178505346,1775106190172,right_insole,右鞋垫,FF:25:02:05:18:F3,2,0,0,2156,0,0,0,0,0,2402,0,0,0,0,0,0,0,0,0
2026-04-02 13:03:10.262,1929.268330903,1775106190262,right_insole,右鞋垫,FF:25:02:05:18:F3,2,0,0,2235,0,0,0,0,0,2464,0,0,0,0,0,0,0,0,0
2026-04-02 13:03:10.322,1929.32833601,1775106190322,right_insole,右鞋垫,FF:25:02:05:18:F3,2,0,0,2248,0,0,0,0,0,2460,0,0,0,0,0,0,0,0,0
2026-04-02 13:03:10.352,1929.358573701,1775106190352,right_insole,右鞋垫,FF:25:02:05:18:F3,2,0,0,2271,0,0,0,0,0,2480,0,0,0,0,0,0,0,0,0
2026-04-02 13:03:10.382,1929.388379852,1775106190382,right_insole,右鞋垫,FF:25:02:05:18:F3,2,0,0,2231,0,0,0,0,0,2527,0,0,0,0,0,0,0,0,0
2026-04-02 13:03:10.442,1929.448524811,1775106190442,right_insole,右鞋垫,FF:25:02:05:18:F3,2,0,0,2251,0,0,0,0,0,2522,0,0,0,0,0,0,0,0,0
2026-04-02 13:03:10.502,1929.508562564,1775106190502,right_insole,右鞋垫,FF:25:02:05:18:F3,2,0,0,2145,0,0,0,0,0,2454,0,0,0,0,0,0,0,0,0
2026-04-02 13:03:10.562,1929.568571672,1775106190562,right_insole,右鞋垫,FF:25:02:05:18:F3,2,0,0,2035,0,0,0,0,0,2437,0,0,0,0,0,0,0,0,0
2026-04-02 13:03:10.593,1929.599314346,1775106190593,right_insole,右鞋垫,FF:25:02:05:18:F3,2,0,0,2003,0,0,0,0,0,2446,0,0,0,0,0,0,0,0,0
2026-04-02 13:03:10.652,1929.658527897,1775106190652,right_insole,右鞋垫,FF:25:02:05:18:F3,2,0,0,3670,165,0,0,0,0,4395,259,0,0,0,0,0,0,0,0
2026-04-02 13:03:10.712,1929.718308846,1775106190712,right_insole,右鞋垫,FF:25:02:05:18:F3,2,0,0,5867,1260,0,0,0,0,6713,1380,0,0,0,0,0,0,0,0
2026-04-02 13:03:10.742,1929.748391701,1775106190742,right_insole,右鞋垫,FF:25:02:05:18:F3,2,0,0,8038,3113,0,0,0,0,9483,3956,0,0,0,0,528,0,0,0
2026-04-02 13:03:10.802,1929.808582236,1775106190802,right_insole,右鞋垫,FF:25:02:05:18:F3,2,0,0,8652,4106,0,0,0,0,9897,4730,238,0,0,0,1116,0,0,0
2026-04-02 13:03:10.862,1929.868579158,1775106190862,right_insole,右鞋垫,FF:25:02:05:18:F3,2,0,0,8693,4034,0,0,0,0,9822,4888,502,0,0,0,1091,53,0,0
2026-04-02 13:03:10.922,1929.928513455,1775106190922,right_insole,右鞋垫,FF:25:02:05:18:F3,2,0,0,9167,4441,0,0,0,0,10326,5302,779,295,0,0,1350,219,114,0
2026-04-02 13:03:10.952,1929.958211318,1775106190952,right_insole,右鞋垫,FF:25:02:05:18:F3,2,0,0,9393,4766,0,0,0,0,10544,5485,1258,688,426,0,1611,360,336,0
2026-04-02 13:03:11.012,1930.018594895,1775106191012,right_insole,右鞋垫,FF:25:02:05:18:F3,2,0,0,9436,4648,0,0,0,0,10284,5334,1246,908,601,0,1667,410,469,0
2026-04-02 13:03:11.072,1930.078374222,1775106191072,right_insole,右鞋垫,FF:25:02:05:18:F3,2,0,0,8995,4327,0,0,94,0,9713,5022,1389,1113,914,0,1777,642,630,0
2026-04-02 13:03:11.133,1930.139507973,1775106191133,right_insole,右鞋垫,FF:25:02:05:18:F3,2,0,0,8793,4284,0,0,224,0,9422,4853,1574,1251,1175,0,1887,770,770,0
2026-04-02 13:03:11.192,1930.198447001,1775106191192,right_insole,右鞋垫,FF:25:02:05:18:F3,2,0,0,8489,4079,0,0,656,0,8955,4461,1775,1638,1668,0,2193,1030,1117,0
2026-04-02 13:03:11.222,1930.228610172,1775106191222,right_insole,右鞋垫,FF:25:02:05:18:F3,2,0,0,7756,3518,0,59,1097,0,7804,3778,2039,2116,2360,0,2414,1404,1694,0
2026-04-02 13:03:11.282,1930.288587029,1775106191282,right_insole,右鞋垫,FF:25:02:05:18:F3,2,563,0,6307,2556,132,473,1985,0,6036,2677,2060,2812,3294,0,2623,1971,2414,0
2026-04-02 13:03:11.342,1930.348673009,1775106191342,right_insole,右鞋垫,FF:25:02:05:18:F3,2,1539,0,4639,1142,0,724,3134,0,4382,989,1464,3241,4693,0,1983,2128,3234,0
2026-04-02 13:03:11.372,1930.378619698,1775106191372,right_insole,右鞋垫,FF:25:02:05:18:F3,2,2179,0,3902,539,0,621,3915,676,3647,199,665,2687,5567,0,1015,1640,3565,28
2026-04-02 13:03:11.432,1930.438259741,1775106191432,right_insole,右鞋垫,FF:25:02:05:18:F3,2,3082,1205,3221,0,0,0,4422,1967,3303,0,0,398,5472,495,0,113,3249,200
2026-04-02 13:03:11.492,1930.498616674,1775106191492,right_insole,右鞋垫,FF:25:02:05:18:F3,2,2705,2550,2841,0,0,0,2932,2658,3014,0,0,0,3014,0,0,0,1815,0
2026-04-02 13:03:11.522,1930.52860209,1775106191522,right_insole,右鞋垫,FF:25:02:05:18:F3,2,1538,1196,2495,0,0,0,1204,1315,2740,0,0,0,1262,0,0,0,510,0
2026-04-02 13:03:11.583,1930.589319855,1775106191583,right_insole,右鞋垫,FF:25:02:05:18:F3,2,0,0,2378,0,0,0,0,0,2505,0,0,0,0,0,0,0,0,0
2026-04-02 13:03:11.672,1930.678361479,1775106191672,right_insole,右鞋垫,FF:25:02:05:18:F3,2,0,0,2446,0,0,0,0,0,2542,0,0,0,0,0,0,0,0,0
2026-04-02 13:03:11.702,1930.708352881,1775106191702,right_insole,右鞋垫,FF:25:02:05:18:F3,2,0,0,2384,0,0,0,0,0,2535,0,0,0,0,0,0,0,0,0
2026-04-02 13:03:11.732,1930.738412799,1775106191732,right_insole,右鞋垫,FF:25:02:05:18:F3,2,0,0,2459,0,0,0,0,0,2560,0,0,0,0,0,0,0,0,0
2026-04-02 13:03:11.792,1930.798357023,1775106191792,right_insole,右鞋垫,FF:25:02:05:18:F3,2,0,0,2436,0,0,0,0,0,2563,0,0,0,0,0,0,0,0,0
2026-04-02 13:03:11.852,1930.858428612,1775106191852,right_insole,右鞋垫,FF:25:02:05:18:F3,2,0,0,2442,0,0,0,0,0,2590,0,0,0,0,0,0,0,0,0
2026-04-02 13:03:11.912,1930.918378364,1775106191912,right_insole,右鞋垫,FF:25:02:05:18:F3,2,0,0,2409,0,0,0,0,0,2592,0,0,0,0,0,0,0,0,0
2026-04-02 13:03:11.942,1930.948398778,1775106191942,right_insole,右鞋垫,FF:25:02:05:18:F3,2,0,0,2243,0,0,0,0,0,2467,0,0,0,0,0,0,0,0,0
2026-04-02 13:03:12.002,1931.008316581,1775106192002,right_insole,右鞋垫,FF:25:02:05:18:F3,2,0,0,2244,0,0,0,0,0,2586,0,0,0,0,0,0,0,0,0
2026-04-02 13:03:12.063,1931.069404222,1775106192063,right_insole,右鞋垫,FF:25:02:05:18:F3,2,0,0,5494,985,0,0,0,0,5966,971,0,0,0,0,0,0,0,0
2026-04-02 13:03:12.123,1931.129374017,1775106192123,right_insole,右鞋垫,FF:25:02:05:18:F3,2,0,0,10260,4502,0,0,0,0,10685,4602,15,0,0,0,501,0,0,0
2026-04-02 13:03:12.152,1931.158616664,1775106192152,right_insole,右鞋垫,FF:25:02:05:18:F3,2,0,0,9692,5053,0,0,0,0,10255,4959,651,0,0,0,940,0,0,0
2026-04-02 13:03:12.212,1931.218630028,1775106192212,right_insole,右鞋垫,FF:25:02:05:18:F3,2,0,0,8999,4631,0,0,0,0,9455,4725,1125,553,598,0,1380,280,269,0
2026-04-02 13:03:12.272,1931.278619902,1775106192272,right_insole,右鞋垫,FF:25:02:05:18:F3,2,0,0,7157,3437,0,0,626,0,7545,3399,1098,1055,1348,0,1519,617,701,0
2026-04-02 13:03:12.302,1931.308617695,1775106192302,right_insole,右鞋垫,FF:25:02:05:18:F3,2,62,0,5769,2404,0,0,1213,0,5897,2201,988,1445,2015,0,1427,865,1170,0
2026-04-02 13:03:12.362,1931.368491927,1775106192362,right_insole,右鞋垫,FF:25:02:05:18:F3,2,749,0,4932,1673,0,4,1754,0,4864,1285,1015,1879,2685,0,1261,1039,1596,0
2026-04-02 13:03:12.452,1931.458613397,1775106192452,right_insole,右鞋垫,FF:25:02:05:18:F3,2,1580,0,4248,1061,0,557,2587,0,4011,525,1008,2431,3684,0,1047,1209,2186,0
2026-04-02 13:03:12.482,1931.488573451,1775106192482,right_insole,右鞋垫,FF:25:02:05:18:F3,2,2211,0,3684,458,0,745,3478,527,3433,0,513,2441,4553,0,742,1221,2721,0
2026-04-02 13:03:12.512,1931.518717205,1775106192512,right_insole,右鞋垫,FF:25:02:05:18:F3,2,3297,1513,3104,0,0,0,4620,2162,3034,0,0,1085,5701,691,58,410,3380,272
2026-04-02 13:03:12.572,1931.578412742,1775106192572,right_insole,右鞋垫,FF:25:02:05:18:F3,2,3162,3114,2575,0,0,0,3865,3399,2690,0,0,0,4568,798,0,0,2719,207
2026-04-02 13:03:12.632,1931.638637808,1775106192632,right_insole,右鞋垫,FF:25:02:05:18:F3,2,1719,1650,2183,0,0,0,1699,1836,2478,0,0,0,1930,0,0,0,1017,0
2026-04-02 13:03:12.693,1931.699374227,1775106192693,right_insole,右鞋垫,FF:25:02:05:18:F3,2,0,0,2073,0,0,0,0,0,2308,0,0,0,0,0,0,0,0,0
2026-04-02 13:03:12.722,1931.728582402,1775106192722,right_insole,右鞋垫,FF:25:02:05:18:F3,2,0,0,2159,0,0,0,0,0,2357,0,0,0,0,0,0,0,0,0
2026-04-02 13:03:12.782,1931.788673079,1775106192782,right_insole,右鞋垫,FF:25:02:05:18:F3,2,0,0,2292,0,0,0,0,0,2410,0,0,0,0,0,0,0,0,0
2026-04-02 13:03:12.842,1931.848654994,1775106192842,right_insole,右鞋垫,FF:25:02:05:18:F3,2,0,0,2190,0,0,0,0,0,2440,0,0,0,0,0,0,0,0,0
2026-04-02 13:03:12.903,1931.90959062,1775106192903,right_insole,右鞋垫,FF:25:02:05:18:F3,2,0,0,2181,0,0,0,0,0,2434,0,0,0,0,0,0,0,0,0
2026-04-02 13:03:12.932,1931.938322756,1775106192932,right_insole,右鞋垫,FF:25:02:05:18:F3,2,0,0,2081,0,0,0,0,0,2324,0,0,0,0,0,0,0,0,0
2026-04-02 13:03:12.992,1931.998601733,1775106192992,right_insole,右鞋垫,FF:25:02:05:18:F3,2,0,0,1972,0,0,0,0,0,2219,0,0,0,0,0,0,0,0,0
2026-04-02 13:03:13.053,1932.059234656,1775106193053,right_insole,右鞋垫,FF:25:02:05:18:F3,2,0,0,2117,0,0,0,0,0,2610,0,0,0,0,0,0,0,0,0
2026-04-02 13:03:13.112,1932.118670178,1775106193112,right_insole,右鞋垫,FF:25:02:05:18:F3,2,0,0,7251,1606,0,0,0,0,7947,1658,0,0,0,0,0,0,0,0
2026-04-02 13:03:13.142,1932.148688688,1775106193142,right_insole,右鞋垫,FF:25:02:05:18:F3,2,0,0,11702,5744,0,0,0,0,12142,5480,294,0,0,0,664,0,0,0
2026-04-02 13:03:13.203,1932.20950477,1775106193203,right_insole,右鞋垫,FF:25:02:05:18:F3,2,0,0,9917,5333,0,0,0,0,10339,4979,973,85,0,0,1246,56,10,0
2026-04-02 13:03:13.262,1932.268649927,1775106193262,right_insole,右鞋垫,FF:25:02:05:18:F3,2,0,0,7323,3321,0,0,337,0,7611,3107,1124,963,1197,0,1459,484,786,0
2026-04-02 13:03:13.322,1932.328621021,1775106193322,right_insole,右鞋垫,FF:25:02:05:18:F3,2,89,0,5833,2274,0,0,983,0,6002,1981,778,1216,1768,0,1132,565,1024,0
2026-04-02 13:03:13.352,1932.35847719,1775106193352,right_insole,右鞋垫,FF:25:02:05:18:F3,2,1032,0,4719,1373,0,0,1561,0,4577,1029,652,1599,2351,0,752,728,1323,0
2026-04-02 13:03:13.442,1932.448562281,1775106193442,right_insole,右鞋垫,FF:25:02:05:18:F3,2,1748,0,4074,790,0,334,2385,0,3784,208,499,1886,3299,0,585,807,1949,0
2026-04-02 13:03:13.472,1932.478527882,1775106193472,right_insole,右鞋垫,FF:25:02:05:18:F3,2,2861,100,3369,104,0,498,4062,906,3223,0,0,1886,5166,0,220,1000,3089,0
2026-04-02 13:03:13.502,1932.508527016,1775106193502,right_insole,右鞋垫,FF:25:02:05:18:F3,2,3722,1719,2892,0,0,0,5359,2496,2898,0,0,383,6289,980,0,137,3936,643
2026-04-02 13:03:13.563,1932.569709349,1775106193563,right_insole,右鞋垫,FF:25:02:05:18:F3,2,3671,3049,2560,0,0,0,4662,3570,2642,0,0,0,4985,925,0,0,3108,390
2026-04-02 13:03:13.622,1932.62840211,1775106193622,right_insole,右鞋垫,FF:25:02:05:18:F3,2,1810,1660,2281,0,0,0,2019,1919,2453,0,0,0,2123,0,0,0,1401,0
2026-04-02 13:03:13.682,1932.688543129,1775106193682,right_insole,右鞋垫,FF:25:02:05:18:F3,2,0,0,2173,0,0,0,0,0,2450,0,0,0,0,0,0,0,0,0
2026-04-02 13:03:13.712,1932.718517992,1775106193712,right_insole,右鞋垫,FF:25:02:05:18:F3,2,0,0,2234,0,0,0,0,0,2407,0,0,0,0,0,0,0,0,0
2026-04-02 13:03:13.772,1932.778590469,1775106193772,right_insole,右鞋垫,FF:25:02:05:18:F3,2,0,0,2300,0,0,0,0,0,2479,0,0,0,0,0,0,0,0,0
2026-04-02 13:03:13.832,1932.838520416,1775106193832,right_insole,右鞋垫,FF:25:02:05:18:F3,2,0,0,2265,0,0,0,0,0,2480,0,0,0,0,0,0,0,0,0
2026-04-02 13:03:13.862,1932.868315601,1775106193862,right_insole,右鞋垫,FF:25:02:05:18:F3,2,0,0,2280,0,0,0,0,0,2489,0,0,0,0,0,0,0,0,0
2026-04-02 13:03:13.922,1932.928590925,1775106193922,right_insole,右鞋垫,FF:25:02:05:18:F3,2,0,0,2231,0,0,0,0,0,2440,0,0,0,0,0,0,0,0,0
2026-04-02 13:03:13.983,1932.989327274,1775106193983,right_insole,右鞋垫,FF:25:02:05:18:F3,2,0,0,2056,0,0,0,0,0,2317,0,0,0,0,0,0,0,0,0
2026-04-02 13:03:14.042,1933.048599421,1775106194042,right_insole,右鞋垫,FF:25:02:05:18:F3,2,0,0,3763,259,0,0,0,0,4610,413,0,0,0,0,0,0,0,0
2026-04-02 13:03:14.072,1933.078665824,1775106194072,right_insole,右鞋垫,FF:25:02:05:18:F3,2,0,0,10050,2715,0,0,0,0,10980,3038,0,0,0,0,0,0,0,0
2026-04-02 13:03:14.133,1933.139545496,1775106194133,right_insole,右鞋垫,FF:25:02:05:18:F3,2,0,0,11657,5930,0,0,0,0,12384,6054,622,0,0,0,1311,0,0,0
2026-04-02 13:03:14.192,1933.19853927,1775106194192,right_insole,右鞋垫,FF:25:02:05:18:F3,2,0,0,9642,4924,0,0,0,0,10325,5208,1191,427,260,0,1719,461,413,0
2026-04-02 13:03:14.252,1933.258633556,1775106194252,right_insole,右鞋垫,FF:25:02:05:18:F3,2,0,0,6941,2789,0,0,114,0,7175,2742,807,835,1093,0,1171,418,693,0
2026-04-02 13:03:14.282,1933.288623773,1775106194282,right_insole,右鞋垫,FF:25:02:05:18:F3,2,244,0,5493,1873,0,0,844,0,5500,1523,502,1055,1538,0,833,379,904,0
2026-04-02 13:03:14.342,1933.348374746,1775106194342,right_insole,右鞋垫,FF:25:02:05:18:F3,2,829,0,4951,1624,0,0,1382,0,4879,1137,666,1414,2066,0,801,632,1224,0
2026-04-02 13:03:14.402,1933.408597739,1775106194402,right_insole,右鞋垫,FF:25:02:05:18:F3,2,1850,0,4398,877,0,524,2563,0,3994,314,779,2245,3571,0,911,1136,2214,0
2026-04-02 13:03:14.462,1933.468489843,1775106194462,right_insole,右鞋垫,FF:25:02:05:18:F3,2,3082,250,3493,74,0,678,4413,1172,3192,0,164,2206,5576,307,427,1026,3352,59
2026-04-02 13:03:14.492,1933.498543235,1775106194492,right_insole,右鞋垫,FF:25:02:05:18:F3,2,3600,1964,2826,0,0,0,4973,2624,2830,0,0,0,5800,1110,0,0,3439,552
2026-04-02 13:03:14.554,1933.560264974,1775106194554,right_insole,右鞋垫,FF:25:02:05:18:F3,2,2386,2174,2431,0,0,0,2802,2533,2584,0,0,0,2934,0,0,0,1728,0
2026-04-02 13:03:14.612,1933.618588853,1775106194612,right_insole,右鞋垫,FF:25:02:05:18:F3,2,917,123,2190,0,0,0,690,619,2321,0,0,0,879,0,0,0,241,0
2026-04-02 13:03:14.672,1933.678306261,1775106194672,right_insole,右鞋垫,FF:25:02:05:18:F3,2,0,0,2252,0,0,0,0,0,2417,0,0,0,0,0,0,0,0,0
2026-04-02 13:03:14.702,1933.708635408,1775106194702,right_insole,右鞋垫,FF:25:02:05:18:F3,2,0,0,2268,0,0,0,0,0,2411,0,0,0,0,0,0,0,0,0
2026-04-02 13:03:14.763,1933.769586524,1775106194763,right_insole,右鞋垫,FF:25:02:05:18:F3,2,0,0,2249,0,0,0,0,0,2401,0,0,0,0,0,0,0,0,0
2026-04-02 13:03:14.852,1933.858486713,1775106194852,right_insole,右鞋垫,FF:25:02:05:18:F3,2,0,0,2260,0,0,0,0,0,2407,0,0,0,0,0,0,0,0,0
2026-04-02 13:03:14.852,1933.858543946,1775106194852,right_insole,右鞋垫,FF:25:02:05:18:F3,2,0,0,2221,0,0,0,0,0,2397,0,0,0,0,0,0,0,0,0
2026-04-02 13:03:14.913,1933.919704083,1775106194913,right_insole,右鞋垫,FF:25:02:05:18:F3,2,0,0,2443,0,0,0,0,0,2601,0,0,0,0,0,0,0,0,0
2026-04-02 13:03:14.972,1933.978677745,1775106194972,right_insole,右鞋垫,FF:25:02:05:18:F3,2,0,0,2878,0,0,0,0,0,3535,0,0,0,0,0,0,0,0,0
2026-04-02 13:03:15.033,1934.039750791,1775106195033,right_insole,右鞋垫,FF:25:02:05:18:F3,2,0,0,10061,2924,0,0,0,0,10276,2861,0,0,0,0,0,0,0,0
2026-04-02 13:03:15.062,1934.068328704,1775106195062,right_insole,右鞋垫,FF:25:02:05:18:F3,2,0,0,10609,5276,0,0,0,0,11233,5330,439,0,0,0,1040,0,0,0
2026-04-02 13:03:15.122,1934.128518002,1775106195122,right_insole,右鞋垫,FF:25:02:05:18:F3,2,0,0,9574,4794,0,0,0,0,10092,4862,1073,512,360,0,1547,369,428,0
2026-04-02 13:03:15.182,1934.188291162,1775106195182,right_insole,右鞋垫,FF:25:02:05:18:F3,2,0,0,7591,3419,0,0,191,0,8052,3567,1024,935,1229,0,1721,675,930,0
2026-04-02 13:03:15.242,1934.24860816,1775106195242,right_insole,右鞋垫,FF:25:02:05:18:F3,2,0,0,5694,2070,0,0,848,0,5715,1956,788,1139,1801,0,1084,636,1168,0
2026-04-02 13:03:15.272,1934.278538756,1775106195272,right_insole,右鞋垫,FF:25:02:05:18:F3,2,848,0,4614,1298,0,0,1603,0,4541,878,520,1417,2481,0,920,834,1570,0
2026-04-02 13:03:15.362,1934.368630367,1775106195362,right_insole,右鞋垫,FF:25:02:05:18:F3,2,1813,0,4028,719,0,382,2812,17,3661,62,640,2291,4169,0,972,1416,2607,0
2026-04-02 13:03:15.392,1934.398694237,1775106195392,right_insole,右鞋垫,FF:25:02:05:18:F3,2,2807,296,3281,0,0,230,4521,1224,3153,0,0,1909,5968,394,456,1088,3769,443
2026-04-02 13:03:15.422,1934.428218006,1775106195422,right_insole,右鞋垫,FF:25:02:05:18:F3,2,3306,1552,2816,0,0,0,5039,2344,2898,0,0,286,6233,1022,0,260,4032,742
2026-04-02 13:03:15.483,1934.489684143,1775106195483,right_insole,右鞋垫,FF:25:02:05:18:F3,2,2329,2106,2360,0,0,0,3383,2748,2644,0,0,0,3939,0,0,0,2415,0
2026-04-02 13:03:15.543,1934.54973135,1775106195543,right_insole,右鞋垫,FF:25:02:05:18:F3,2,355,0,2043,0,0,0,219,90,2271,0,0,0,384,0,0,0,54,0
2026-04-02 13:03:15.602,1934.608515307,1775106195602,right_insole,右鞋垫,FF:25:02:05:18:F3,2,0,0,2192,0,0,0,0,0,2450,0,0,0,0,0,0,0,0,0
2026-04-02 13:03:15.632,1934.638489079,1775106195632,right_insole,右鞋垫,FF:25:02:05:18:F3,2,0,0,2231,0,0,0,0,0,2421,0,0,0,0,0,0,0,0,0
2026-04-02 13:03:15.693,1934.699244902,1775106195693,right_insole,右鞋垫,FF:25:02:05:18:F3,2,0,0,2242,0,0,0,0,0,2456,0,0,0,0,0,0,0,0,0
2026-04-02 13:03:15.753,1934.759361174,1775106195753,right_insole,右鞋垫,FF:25:02:05:18:F3,2,0,0,2224,0,0,0,0,0,2449,0,0,0,0,0,0,0,0,0
2026-04-02 13:03:15.814,1934.820675878,1775106195814,right_insole,右鞋垫,FF:25:02:05:18:F3,2,0,0,2225,0,0,0,0,0,2443,0,0,0,0,0,0,0,0,0
2026-04-02 13:03:15.843,1934.84913333,1775106195843,right_insole,右鞋垫,FF:25:02:05:18:F3,2,0,0,2003,0,0,0,0,0,2325,0,0,0,0,0,0,0,0,0
2026-04-02 13:03:15.904,1934.910154147,1775106195904,right_insole,右鞋垫,FF:25:02:05:18:F3,2,0,0,2202,0,0,0,0,0,2817,0,0,0,0,0,0,0,0,0
2026-04-02 13:03:15.963,1934.969343508,1775106195963,right_insole,右鞋垫,FF:25:02:05:18:F3,2,0,0,6250,1366,0,0,0,0,6734,1142,0,0,0,0,0,0,0,0
2026-04-02 13:03:16.023,1935.029328102,1775106196023,right_insole,右鞋垫,FF:25:02:05:18:F3,2,0,0,11476,5409,0,0,0,0,11651,5366,351,0,0,0,912,0,0,0
2026-04-02 13:03:16.052,1935.058397332,1775106196052,right_insole,右鞋垫,FF:25:02:05:18:F3,2,0,0,9632,4982,0,0,0,0,10119,5085,1313,355,415,0,1743,389,485,0
2026-04-02 13:03:16.112,1935.118285016,1775106196112,right_insole,右鞋垫,FF:25:02:05:18:F3,2,0,0,7100,3132,0,0,612,0,7300,3106,1235,1089,1498,0,1753,822,1031,0
2026-04-02 13:03:16.173,1935.179126514,1775106196173,right_insole,右鞋垫,FF:25:02:05:18:F3,2,144,0,5050,1601,0,0,1006,0,5034,1326,595,1064,1891,0,1107,814,1376,0
2026-04-02 13:03:16.203,1935.20932741,1775106196203,right_insole,右鞋垫,FF:25:02:05:18:F3,2,824,0,4368,935,0,0,1404,0,4251,680,462,1117,2357,0,856,868,1855,0
2026-04-02 13:03:16.294,1935.300987573,1775106196294,right_insole,右鞋垫,FF:25:02:05:18:F3,2,1378,0,4353,942,0,0,1977,0,3899,355,702,1856,3218,0,951,1190,2361,0
2026-04-02 13:03:16.323,1935.329424135,1775106196323,right_insole,右鞋垫,FF:25:02:05:18:F3,2,2518,0,3615,356,0,737,3451,750,3170,0,452,2416,5005,83,661,1251,3305,134
2026-04-02 13:03:16.382,1935.38836724,1775106196382,right_insole,右鞋垫,FF:25:02:05:18:F3,2,3209,1608,2874,0,0,0,4502,2510,2794,0,0,295,5762,971,0,142,3498,607
2026-04-02 13:03:16.413,1935.419380423,1775106196413,right_insole,右鞋垫,FF:25:02:05:18:F3,2,2406,2596,2367,0,0,0,2897,3078,2547,0,0,0,3611,77,0,0,2328,0
2026-04-02 13:03:16.506,1935.51235767,1775106196506,right_insole,右鞋垫,FF:25:02:05:18:F3,2,549,0,2061,0,0,0,410,518,2164,0,0,0,715,0,0,0,380,0
2026-04-02 13:03:16.533,1935.539428293,1775106196533,right_insole,右鞋垫,FF:25:02:05:18:F3,2,0,0,2055,0,0,0,0,0,2300,0,0,0,0,0,0,0,0,0
2026-04-02 13:03:16.594,1935.600387387,1775106196594,right_insole,右鞋垫,FF:25:02:05:18:F3,2,0,0,2171,0,0,0,0,0,2343,0,0,0,0,0,0,0,0,0
2026-04-02 13:03:16.656,1935.662380586,1775106196656,right_insole,右鞋垫,FF:25:02:05:18:F3,2,0,0,2227,0,0,0,0,0,2349,0,0,0,0,0,0,0,0,0
2026-04-02 13:03:16.683,1935.689379305,1775106196683,right_insole,右鞋垫,FF:25:02:05:18:F3,2,0,0,2273,0,0,0,0,0,2359,0,0,0,0,0,0,0,0,0
2026-04-02 13:03:16.743,1935.749309992,1775106196743,right_insole,右鞋垫,FF:25:02:05:18:F3,2,0,0,2270,0,0,0,0,0,2353,0,0,0,0,0,0,0,0,0
2026-04-02 13:03:16.864,1935.870271449,1775106196864,right_insole,右鞋垫,FF:25:02:05:18:F3,2,0,0,2117,0,0,0,0,0,2275,0,0,0,0,0,0,0,0,0
2026-04-02 13:03:16.864,1935.870354634,1775106196864,right_insole,右鞋垫,FF:25:02:05:18:F3,2,0,0,1965,0,0,0,0,0,2241,0,0,0,0,0,0,0,0,0
2026-04-02 13:03:16.922,1935.928856505,1775106196922,right_insole,右鞋垫,FF:25:02:05:18:F3,2,0,0,5091,868,0,0,0,0,5612,659,0,0,0,0,0,0,0,0
2026-04-02 13:03:16.953,1935.959997049,1775106196953,right_insole,右鞋垫,FF:25:02:05:18:F3,2,0,0,10815,5044,0,0,0,0,11112,4914,176,0,0,0,633,0,0,0
2026-04-02 13:03:16.983,1935.988986504,1775106196982,right_insole,右鞋垫,FF:25:02:05:18:F3,2,0,0,9874,5056,0,0,0,0,10020,4883,1211,351,169,0,1327,205,205,0
2026-04-02 13:03:17.043,1936.049408656,1775106197043,right_insole,右鞋垫,FF:25:02:05:18:F3,2,0,0,8055,3787,0,0,215,0,8111,3537,1112,774,1112,0,1463,406,622,0
2026-04-02 13:03:17.102,1936.108701693,1775106197102,right_insole,右鞋垫,FF:25:02:05:18:F3,2,236,0,5423,1859,0,0,1056,0,5428,1606,619,994,1648,0,1045,587,984,0
2026-04-02 13:03:17.192,1936.198430142,1775106197192,right_insole,右鞋垫,FF:25:02:05:18:F3,2,867,0,4411,983,0,0,1443,0,4185,649,391,1069,2099,0,536,632,1258,0
2026-04-02 13:03:17.192,1936.198572981,1775106197192,right_insole,右鞋垫,FF:25:02:05:18:F3,2,1706,0,3810,717,0,371,2464,0,3628,110,456,1855,3461,0,648,1084,2028,0
2026-04-02 13:03:17.253,1936.259544622,1775106197253,right_insole,右鞋垫,FF:25:02:05:18:F3,2,2962,536,3316,0,0,587,4035,1361,3097,0,0,1847,5190,203,198,850,2994,61
2026-04-02 13:03:17.312,1936.318518626,1775106197312,right_insole,右鞋垫,FF:25:02:05:18:F3,2,3558,1996,2847,0,0,0,4699,2454,2868,0,0,552,5583,856,0,25,3219,422
2026-04-02 13:03:17.372,1936.378579967,1775106197372,right_insole,右鞋垫,FF:25:02:05:18:F3,2,2855,3338,2335,0,0,0,3385,3541,2525,0,0,0,3771,329,0,0,2208,0
2026-04-02 13:03:17.402,1936.408569083,1775106197402,right_insole,右鞋垫,FF:25:02:05:18:F3,2,979,490,2027,0,0,0,815,839,2261,0,0,0,1047,0,0,0,486,0
2026-04-02 13:03:17.462,1936.468528212,1775106197462,right_insole,右鞋垫,FF:25:02:05:18:F3,2,0,0,2127,0,0,0,0,0,2374,0,0,0,0,0,0,0,0,0
2026-04-02 13:03:17.522,1936.528444842,1775106197522,right_insole,右鞋垫,FF:25:02:05:18:F3,2,0,0,2200,0,0,0,0,0,2410,0,0,0,0,0,0,0,0,0
2026-04-02 13:03:17.582,1936.588477369,1775106197582,right_insole,右鞋垫,FF:25:02:05:18:F3,2,0,0,2239,0,0,0,0,0,2419,0,0,0,0,0,0,0,0,0
2026-04-02 13:03:17.612,1936.618281037,1775106197612,right_insole,右鞋垫,FF:25:02:05:18:F3,2,0,0,2235,0,0,0,0,0,2404,0,0,0,0,0,0,0,0,0
2026-04-02 13:03:17.732,1936.738291703,1775106197732,right_insole,右鞋垫,FF:25:02:05:18:F3,2,0,0,2196,0,0,0,0,0,2427,0,0,0,0,0,0,0,0,0
2026-04-02 13:03:17.732,1936.738377586,1775106197732,right_insole,右鞋垫,FF:25:02:05:18:F3,2,0,0,2120,0,0,0,0,0,2301,0,0,0,0,0,0,0,0,0
2026-04-02 13:03:17.762,1936.768434269,1775106197762,right_insole,右鞋垫,FF:25:02:05:18:F3,2,0,0,2069,0,0,0,0,0,2438,0,0,0,0,0,0,0,0,0
2026-04-02 13:03:17.822,1936.828560778,1775106197822,right_insole,右鞋垫,FF:25:02:05:18:F3,2,0,0,8229,1952,0,0,0,0,8638,1982,0,0,0,0,0,0,0,0
2026-04-02 13:03:17.882,1936.888305056,1775106197882,right_insole,右鞋垫,FF:25:02:05:18:F3,2,0,0,11536,5587,0,0,0,0,11755,5414,362,0,0,0,738,0,0,0
2026-04-02 13:03:17.943,1936.949322918,1775106197943,right_insole,右鞋垫,FF:25:02:05:18:F3,2,0,0,9100,4688,0,0,0,0,9696,4874,1139,503,353,0,1617,293,329,0
2026-04-02 13:03:17.972,1936.978398877,1775106197972,right_insole,右鞋垫,FF:25:02:05:18:F3,2,0,0,6598,2749,0,0,624,0,6668,2779,1007,1037,1411,0,1304,519,869,0
2026-04-02 13:03:18.032,1937.038543538,1775106198032,right_insole,右鞋垫,FF:25:02:05:18:F3,2,939,0,4553,1186,0,0,1147,0,4593,933,335,920,1749,0,620,392,1002,0
2026-04-02 13:03:18.093,1937.099297536,1775106198093,right_insole,右鞋垫,FF:25:02:05:18:F3,2,1628,0,3985,757,0,0,1620,0,3854,208,128,1123,2334,0,218,398,1308,0
2026-04-02 13:03:18.152,1937.158418212,1775106198152,right_insole,右鞋垫,FF:25:02:05:18:F3,2,2369,0,3741,590,0,350,2358,111,3482,0,180,1572,3291,0,268,694,1852,0
2026-04-02 13:03:18.182,1937.188409333,1775106198182,right_insole,右鞋垫,FF:25:02:05:18:F3,2,3356,700,3318,0,0,789,3893,1636,2936,0,0,1714,4714,242,4,676,2767,66
2026-04-02 13:03:18.242,1937.248617212,1775106198242,right_insole,右鞋垫,FF:25:02:05:18:F3,2,4421,2884,2688,0,0,0,4552,3355,2648,0,0,0,4878,1037,0,0,2662,312
2026-04-02 13:03:18.302,1937.308286699,1775106198302,right_insole,右鞋垫,FF:25:02:05:18:F3,2,2443,3041,2314,0,0,0,2429,2917,2461,0,0,0,2535,0,0,0,1355,0
2026-04-02 13:03:18.363,1937.369506604,1775106198363,right_insole,右鞋垫,FF:25:02:05:18:F3,2,0,0,1957,0,0,0,0,0,2158,0,0,0,0,0,0,0,0,0
2026-04-02 13:03:18.392,1937.398526877,1775106198392,right_insole,右鞋垫,FF:25:02:05:18:F3,2,0,0,2198,0,0,0,0,0,2367,0,0,0,0,0,0,0,0,0
2026-04-02 13:03:18.452,1937.458538513,1775106198452,right_insole,右鞋垫,FF:25:02:05:18:F3,2,0,0,2215,0,0,0,0,0,2422,0,0,0,0,0,0,0,0,0
2026-04-02 13:03:18.512,1937.518368617,1775106198512,right_insole,右鞋垫,FF:25:02:05:18:F3,2,0,0,2205,0,0,0,0,0,2408,0,0,0,0,0,0,0,0,0
2026-04-02 13:03:18.542,1937.548345463,1775106198542,right_insole,右鞋垫,FF:25:02:05:18:F3,2,0,0,2227,0,0,0,0,0,2441,0,0,0,0,0,0,0,0,0
2026-04-02 13:03:18.602,1937.608527452,1775106198602,right_insole,右鞋垫,FF:25:02:05:18:F3,2,0,0,2240,0,0,0,0,0,2412,0,0,0,0,0,0,0,0,0
2026-04-02 13:03:18.662,1937.668386574,1775106198662,right_insole,右鞋垫,FF:25:02:05:18:F3,2,0,0,2268,0,0,0,0,0,2470,0,0,0,0,0,0,0,0,0
2026-04-02 13:03:18.722,1937.72851426,1775106198722,right_insole,右鞋垫,FF:25:02:05:18:F3,2,0,0,2198,0,0,0,0,0,2681,0,0,0,0,0,0,0,0,0
2026-04-02 13:03:18.752,1937.758663966,1775106198752,right_insole,右鞋垫,FF:25:02:05:18:F3,2,0,0,9504,2362,0,0,0,0,10202,2554,0,0,0,0,0,0,0,0
2026-04-02 13:03:18.812,1937.818626636,1775106198812,right_insole,右鞋垫,FF:25:02:05:18:F3,2,0,0,10282,5224,0,0,0,0,10771,5228,803,0,0,0,1300,0,0,0
2026-04-02 13:03:18.873,1937.879350243,1775106198873,right_insole,右鞋垫,FF:25:02:05:18:F3,2,0,0,8449,4029,0,0,168,0,8808,4303,1486,899,1110,0,1871,738,763,0
2026-04-02 13:03:18.932,1937.938542044,1775106198932,right_insole,右鞋垫,FF:25:02:05:18:F3,2,0,0,6597,2673,0,0,919,0,6676,2744,1250,1236,1671,0,1648,912,1084,0
2026-04-02 13:03:18.962,1937.968581165,1775106198962,right_insole,右鞋垫,FF:25:02:05:18:F3,2,716,0,4606,1167,0,0,1339,0,4585,1039,572,1231,1959,0,972,704,1264,0
2026-04-02 13:03:19.022,1938.028490401,1775106199022,right_insole,右鞋垫,FF:25:02:05:18:F3,2,1158,0,4041,766,0,0,1628,0,3942,439,345,1170,2387,0,713,799,1556,0
2026-04-02 13:03:19.142,1938.148471298,1775106199142,right_insole,右鞋垫,FF:25:02:05:18:F3,2,1731,0,3682,467,0,334,2672,0,3417,120,678,2118,3780,0,1056,1451,2558,0
2026-04-02 13:03:19.142,1938.148562625,1775106199142,right_insole,右鞋垫,FF:25:02:05:18:F3,2,2789,87,3193,0,0,650,4438,1005,2976,0,421,2373,5689,292,660,1475,3545,505
2026-04-02 13:03:19.172,1938.178657556,1775106199172,right_insole,右鞋垫,FF:25:02:05:18:F3,2,3580,1672,2648,0,0,0,4891,2340,2699,0,0,123,5922,1033,0,42,3662,796
2026-04-02 13:03:19.232,1938.238265875,1775106199232,right_insole,右鞋垫,FF:25:02:05:18:F3,2,2856,2546,2398,0,0,0,3424,2736,2571,0,0,0,3902,386,0,0,2389,71
2026-04-02 13:03:19.292,1938.298632594,1775106199292,right_insole,右鞋垫,FF:25:02:05:18:F3,2,878,390,1962,0,0,0,802,706,2297,0,0,0,1086,0,0,0,508,0
2026-04-02 13:03:19.352,1938.358415041,1775106199352,right_insole,右鞋垫,FF:25:02:05:18:F3,2,0,0,2124,0,0,0,0,0,2380,0,0,0,0,0,0,0,0,0
2026-04-02 13:03:19.412,1938.418578455,1775106199412,right_insole,右鞋垫,FF:25:02:05:18:F3,2,0,0,2238,0,0,0,0,0,2362,0,0,0,0,0,0,0,0,0
2026-04-02 13:03:19.442,1938.448610715,1775106199442,right_insole,右鞋垫,FF:25:02:05:18:F3,2,0,0,2195,0,0,0,0,0,2399,0,0,0,0,0,0,0,0,0
2026-04-02 13:03:19.562,1938.568448301,1775106199562,right_insole,右鞋垫,FF:25:02:05:18:F3,2,0,0,2209,0,0,0,0,0,2387,0,0,0,0,0,0,0,0,0
2026-04-02 13:03:19.562,1938.568527738,1775106199562,right_insole,右鞋垫,FF:25:02:05:18:F3,2,0,0,2202,0,0,0,0,0,2410,0,0,0,0,0,0,0,0,0
2026-04-02 13:03:19.592,1938.598359745,1775106199592,right_insole,右鞋垫,FF:25:02:05:18:F3,2,0,0,2240,0,0,0,0,0,2421,0,0,0,0,0,0,0,0,0
2026-04-02 13:03:19.652,1938.65857333,1775106199652,right_insole,右鞋垫,FF:25:02:05:18:F3,2,0,0,2182,0,0,0,0,0,2503,0,0,0,0,0,0,0,0,0
2026-04-02 13:03:19.742,1938.748346983,1775106199742,right_insole,右鞋垫,FF:25:02:05:18:F3,2,0,0,6904,1465,0,0,0,0,7295,1559,0,0,0,0,0,0,0,0
2026-04-02 13:03:19.742,1938.748420267,1775106199742,right_insole,右鞋垫,FF:25:02:05:18:F3,2,0,0,11100,5001,0,0,0,0,11462,5116,180,0,0,0,817,0,0,0
2026-04-02 13:03:19.803,1938.809358876,1775106199803,right_insole,右鞋垫,FF:25:02:05:18:F3,2,0,0,9272,4606,0,0,0,0,10114,4970,1036,188,400,0,1814,428,609,0
2026-04-02 13:03:19.863,1938.869525458,1775106199863,right_insole,右鞋垫,FF:25:02:05:18:F3,2,0,0,7112,3143,0,0,533,0,7570,3452,1201,1084,1509,0,1912,902,1074,0
2026-04-02 13:03:19.922,1938.928418703,1775106199922,right_insole,右鞋垫,FF:25:02:05:18:F3,2,0,0,5214,1799,0,0,987,0,5351,1848,675,1122,1750,0,1303,887,1205,0
2026-04-02 13:03:19.952,1938.958536648,1775106199952,right_insole,右鞋垫,FF:25:02:05:18:F3,2,402,0,4633,1167,0,0,1339,0,4557,1087,552,1223,2088,0,997,838,1461,0
2026-04-02 13:03:20.012,1939.018532301,1775106200012,right_insole,右鞋垫,FF:25:02:05:18:F3,2,812,0,4375,959,0,0,1850,0,4200,692,748,1811,3110,0,1222,1272,2089,0
2026-04-02 13:03:20.072,1939.078539316,1775106200072,right_insole,右鞋垫,FF:25:02:05:18:F3,2,2121,0,3666,321,0,770,3543,443,3281,0,834,2777,5038,0,1046,1733,3225,241
2026-04-02 13:03:20.102,1939.108535073,1775106200102,right_insole,右鞋垫,FF:25:02:05:18:F3,2,3355,1223,2989,0,0,0,4967,2198,2973,0,0,1058,6144,846,69,503,3797,644
2026-04-02 13:03:20.161,1939.168069852,1775106200161,right_insole,右鞋垫,FF:25:02:05:18:F3,2,2658,2563,2419,0,0,0,3410,2992,2678,0,0,0,3913,338,0,0,2468,15
2026-04-02 13:03:20.222,1939.228534291,1775106200222,right_insole,右鞋垫,FF:25:02:05:18:F3,2,818,375,2060,0,0,0,800,739,2380,0,0,0,1265,0,0,0,574,0
2026-04-02 13:03:20.282,1939.288177899,1775106200282,right_insole,右鞋垫,FF:25:02:05:18:F3,2,0,0,1999,0,0,0,0,0,2399,0,0,0,0,0,0,0,0,0
2026-04-02 13:03:20.312,1939.318648906,1775106200312,right_insole,右鞋垫,FF:25:02:05:18:F3,2,0,0,2176,0,0,0,0,0,2444,0,0,0,0,0,0,0,0,0
2026-04-02 13:03:20.372,1939.378660319,1775106200372,right_insole,右鞋垫,FF:25:02:05:18:F3,2,0,0,2238,0,0,0,0,0,2444,0,0,0,0,0,0,0,0,0
2026-04-02 13:03:20.432,1939.438636116,1775106200432,right_insole,右鞋垫,FF:25:02:05:18:F3,2,0,0,2220,0,0,0,0,0,2449,0,0,0,0,0,0,0,0,0
2026-04-02 13:03:20.492,1939.498538076,1775106200492,right_insole,右鞋垫,FF:25:02:05:18:F3,2,0,0,2240,0,0,0,0,0,2451,0,0,0,0,0,0,0,0,0
2026-04-02 13:03:20.522,1939.528281951,1775106200522,right_insole,右鞋垫,FF:25:02:05:18:F3,2,0,0,2151,0,0,0,0,0,2391,0,0,0,0,0,0,0,0,0
2026-04-02 13:03:20.582,1939.588457872,1775106200582,right_insole,右鞋垫,FF:25:02:05:18:F3,2,0,0,2070,0,0,0,0,0,2293,0,0,0,0,0,0,0,0,0
2026-04-02 13:03:20.642,1939.64841861,1775106200642,right_insole,右鞋垫,FF:25:02:05:18:F3,2,0,0,4910,688,0,0,0,0,5288,626,0,0,0,0,0,0,0,0
2026-04-02 13:03:20.702,1939.708591967,1775106200702,right_insole,右鞋垫,FF:25:02:05:18:F3,2,0,0,11529,5102,0,0,0,0,11679,5136,172,0,0,0,815,0,0,0
2026-04-02 13:03:20.732,1939.738350313,1775106200732,right_insole,右鞋垫,FF:25:02:05:18:F3,2,0,0,9422,4694,0,0,0,0,10065,5018,1143,292,474,0,1817,434,482,0
2026-04-02 13:03:20.792,1939.798533523,1775106200792,right_insole,右鞋垫,FF:25:02:05:18:F3,2,0,0,7048,3093,0,0,780,0,7321,3120,1269,1181,1680,0,1977,1051,1112,0
2026-04-02 13:03:20.853,1939.859335623,1775106200853,right_insole,右鞋垫,FF:25:02:05:18:F3,2,0,0,5408,1971,0,0,1155,0,5654,1977,913,1283,2092,0,1548,1113,1460,0
2026-04-02 13:03:20.882,1939.888550885,1775106200882,right_insole,右鞋垫,FF:25:02:05:18:F3,2,298,0,4457,1118,0,0,1404,0,4494,999,490,1303,2389,0,1099,987,1593,0
2026-04-02 13:03:20.942,1939.948602054,1775106200942,right_insole,右鞋垫,FF:25:02:05:18:F3,2,1178,0,4182,824,0,0,2125,0,4037,569,751,1973,3476,0,1175,1403,2416,0
2026-04-02 13:03:21.002,1940.008396673,1775106201002,right_insole,右鞋垫,FF:25:02:05:18:F3,2,2375,0,3579,318,0,727,3921,399,3263,0,768,2831,5282,0,953,1656,3413,419
2026-04-02 13:03:21.062,1940.068545065,1775106201062,right_insole,右鞋垫,FF:25:02:05:18:F3,2,3597,777,2980,0,0,0,5471,2008,2928,0,0,988,6522,946,0,418,3705,879
2026-04-02 13:03:21.092,1940.098495554,1775106201092,right_insole,右鞋垫,FF:25:02:05:18:F3,2,3477,2058,2578,0,0,0,4455,2844,2665,0,0,0,5057,1066,0,0,2911,600
2026-04-02 13:03:21.152,1940.158550705,1775106201152,right_insole,右鞋垫,FF:25:02:05:18:F3,2,1498,855,2160,0,0,0,1753,1445,2442,0,0,0,2149,0,0,0,1177,0
2026-04-02 13:03:21.212,1940.218386327,1775106201212,right_insole,右鞋垫,FF:25:02:05:18:F3,2,0,0,1957,0,0,0,0,0,2431,0,0,0,0,0,0,0,0,0
2026-04-02 13:03:21.272,1940.278527999,1775106201272,right_insole,右鞋垫,FF:25:02:05:18:F3,2,0,0,2200,0,0,0,0,0,2443,0,0,0,0,0,0,0,0,0
2026-04-02 13:03:21.302,1940.308618838,1775106201302,right_insole,右鞋垫,FF:25:02:05:18:F3,2,0,0,2247,0,0,0,0,0,2431,0,0,0,0,0,0,0,0,0
2026-04-02 13:03:21.422,1940.428336014,1775106201422,right_insole,右鞋垫,FF:25:02:05:18:F3,2,0,0,2206,0,0,0,0,0,2420,0,0,0,0,0,0,0,0,0
2026-04-02 13:03:21.422,1940.428384133,1775106201422,right_insole,右鞋垫,FF:25:02:05:18:F3,2,0,0,2228,0,0,0,0,0,2441,0,0,0,0,0,0,0,0,0
2026-04-02 13:03:21.512,1940.518480738,1775106201512,right_insole,右鞋垫,FF:25:02:05:18:F3,2,0,0,2174,0,0,0,0,0,2381,0,0,0,0,0,0,0,0,0
2026-04-02 13:03:21.512,1940.518576427,1775106201512,right_insole,右鞋垫,FF:25:02:05:18:F3,2,0,0,2016,0,0,0,0,0,2220,0,0,0,0,0,0,0,0,0
2026-04-02 13:03:21.573,1940.579464204,1775106201573,right_insole,右鞋垫,FF:25:02:05:18:F3,2,0,0,4883,748,0,0,0,0,5416,625,0,0,0,0,0,0,0,0
2026-04-02 13:03:21.632,1940.63857905,1775106201632,right_insole,右鞋垫,FF:25:02:05:18:F3,2,0,0,10946,4241,0,0,0,0,11504,4932,0,0,0,0,648,0,0,0
2026-04-02 13:03:21.662,1940.668360134,1775106201662,right_insole,右鞋垫,FF:25:02:05:18:F3,2,0,0,9592,4838,0,0,0,0,10369,5223,941,227,1,0,1577,282,282,0
2026-04-02 13:03:21.722,1940.728530343,1775106201722,right_insole,右鞋垫,FF:25:02:05:18:F3,2,0,0,7747,3637,0,0,594,0,8072,3871,1278,1056,1353,0,1587,675,785,0
2026-04-02 13:03:21.872,1940.87843806,1775106201872,right_insole,右鞋垫,FF:25:02:05:18:F3,2,769,0,5209,1833,0,0,1216,0,5504,1758,719,1071,1801,0,1050,649,1171,0
2026-04-02 13:03:21.872,1940.878494821,1775106201872,right_insole,右鞋垫,FF:25:02:05:18:F3,2,1395,0,4431,1085,0,0,1280,0,4464,903,400,998,1814,0,513,404,1160,0
2026-04-02 13:03:21.902,1940.909045096,1775106201902,right_insole,右鞋垫,FF:25:02:05:18:F3,2,1577,0,4342,1015,0,0,1568,0,4264,558,462,1212,2247,0,594,594,1382,0
2026-04-02 13:03:21.932,1940.938524871,1775106201932,right_insole,右鞋垫,FF:25:02:05:18:F3,2,2454,0,4124,645,0,631,2901,0,3634,131,868,2428,4073,0,872,1277,2646,0
2026-04-02 13:03:22.023,1941.029344077,1775106202023,right_insole,右鞋垫,FF:25:02:05:18:F3,2,3770,402,3279,0,0,641,4785,1525,2928,0,11,1941,6003,725,235,797,3554,477
2026-04-02 13:03:22.052,1941.058557931,1775106202052,right_insole,右鞋垫,FF:25:02:05:18:F3,2,3746,1880,2674,0,0,0,4304,2888,2677,0,0,0,5020,1182,0,0,2891,515
2026-04-02 13:03:22.082,1941.088563778,1775106202082,right_insole,右鞋垫,FF:25:02:05:18:F3,2,1775,1135,2174,0,0,0,1826,1775,2414,0,0,0,2084,0,0,0,1094,0
2026-04-02 13:03:22.142,1941.148218513,1775106202142,right_insole,右鞋垫,FF:25:02:05:18:F3,2,0,0,2072,0,0,0,0,0,2382,0,0,0,0,0,0,0,0,0
2026-04-02 13:03:22.202,1941.208531193,1775106202202,right_insole,右鞋垫,FF:25:02:05:18:F3,2,0,0,2223,0,0,0,0,0,2385,0,0,0,0,0,0,0,0,0
2026-04-02 13:03:22.262,1941.268324926,1775106202262,right_insole,右鞋垫,FF:25:02:05:18:F3,2,0,0,2291,0,0,0,0,0,2417,0,0,0,0,0,0,0,0,0
2026-04-02 13:03:22.292,1941.298413153,1775106202292,right_insole,右鞋垫,FF:25:02:05:18:F3,2,0,0,2237,0,0,0,0,0,2430,0,0,0,0,0,0,0,0,0
2026-04-02 13:03:22.352,1941.358315577,1775106202352,right_insole,右鞋垫,FF:25:02:05:18:F3,2,0,0,2254,0,0,0,0,0,2454,0,0,0,0,0,0,0,0,0
2026-04-02 13:03:22.412,1941.418619184,1775106202412,right_insole,右鞋垫,FF:25:02:05:18:F3,2,0,0,2182,0,0,0,0,0,2395,0,0,0,0,0,0,0,0,0
2026-04-02 13:03:22.472,1941.47838872,1775106202472,right_insole,右鞋垫,FF:25:02:05:18:F3,2,0,0,2113,0,0,0,0,0,2316,0,0,0,0,0,0,0,0,0
2026-04-02 13:03:22.502,1941.508572451,1775106202502,right_insole,右鞋垫,FF:25:02:05:18:F3,2,0,0,3360,37,0,0,0,0,4023,105,0,0,0,0,0,0,0,0
2026-04-02 13:03:22.594,1941.6003852,1775106202594,right_insole,右鞋垫,FF:25:02:05:18:F3,2,0,0,10503,4054,0,0,0,0,10558,4149,0,0,0,0,254,0,0,0
2026-04-02 13:03:22.622,1941.628632509,1775106202622,right_insole,右鞋垫,FF:25:02:05:18:F3,2,0,0,9338,4632,0,0,0,0,9826,4809,919,213,438,0,1294,80,209,0
2026-04-02 13:03:22.652,1941.65861882,1775106202652,right_insole,右鞋垫,FF:25:02:05:18:F3,2,48,0,7859,3673,0,0,905,0,7932,3639,1269,988,1374,0,1424,531,833,0
2026-04-02 13:03:22.863,1941.86939884,1775106202863,right_insole,右鞋垫,FF:25:02:05:18:F3,2,610,0,5882,2230,0,0,1186,0,5943,1981,986,1228,1825,0,1190,596,1081,0
2026-04-02 13:03:22.863,1941.869474281,1775106202863,right_insole,右鞋垫,FF:25:02:05:18:F3,2,1265,0,4637,1222,0,0,1262,0,4547,951,418,1143,2031,0,716,620,1066,0
2026-04-02 13:03:22.863,1941.869500186,1775106202863,right_insole,右鞋垫,FF:25:02:05:18:F3,2,1762,0,4129,791,0,88,1916,0,3876,361,375,1597,2887,0,581,876,1849,0
2026-04-02 13:03:22.892,1941.898567757,1775106202892,right_insole,右鞋垫,FF:25:02:05:18:F3,2,2634,0,3496,284,0,758,3334,772,3195,0,351,2279,4645,0,520,1216,3067,0
2026-04-02 13:03:22.922,1941.928611401,1775106202922,right_insole,右鞋垫,FF:25:02:05:18:F3,2,3800,1396,2978,0,0,0,4852,2554,2781,0,0,953,5949,869,0,283,3594,510
2026-04-02 13:03:22.983,1941.989678932,1775106202983,right_insole,右鞋垫,FF:25:02:05:18:F3,2,3224,2673,2601,0,0,0,4049,3607,2611,0,0,0,4591,922,0,0,2836,303
2026-04-02 13:03:23.042,1942.048661244,1775106203042,right_insole,右鞋垫,FF:25:02:05:18:F3,2,1514,1514,2119,0,0,0,1547,2057,2431,0,0,0,1812,0,0,0,1044,0
2026-04-02 13:03:23.133,1942.139629919,1775106203133,right_insole,右鞋垫,FF:25:02:05:18:F3,2,0,0,2026,0,0,0,0,0,2338,0,0,0,0,0,0,0,0,0
2026-04-02 13:03:23.162,1942.168599193,1775106203162,right_insole,右鞋垫,FF:25:02:05:18:F3,2,0,0,2268,0,0,0,0,0,2341,0,0,0,0,0,0,0,0,0
2026-04-02 13:03:23.252,1942.258469807,1775106203252,right_insole,右鞋垫,FF:25:02:05:18:F3,2,0,0,2254,0,0,0,0,0,2373,0,0,0,0,0,0,0,0,0
2026-04-02 13:03:23.252,1942.258550255,1775106203252,right_insole,右鞋垫,FF:25:02:05:18:F3,2,0,0,2263,0,0,0,0,0,2430,0,0,0,0,0,0,0,0,0
2026-04-02 13:03:23.282,1942.288743205,1775106203282,right_insole,右鞋垫,FF:25:02:05:18:F3,2,0,0,2247,0,0,0,0,0,2427,0,0,0,0,0,0,0,0,0
2026-04-02 13:03:23.342,1942.348730287,1775106203342,right_insole,右鞋垫,FF:25:02:05:18:F3,2,0,0,2176,0,0,0,0,0,2367,0,0,0,0,0,0,0,0,0
2026-04-02 13:03:23.402,1942.408509359,1775106203402,right_insole,右鞋垫,FF:25:02:05:18:F3,2,0,0,2127,0,0,0,0,0,2305,0,0,0,0,0,0,0,0,0
2026-04-02 13:03:23.432,1942.438333562,1775106203432,right_insole,右鞋垫,FF:25:02:05:18:F3,2,0,0,4538,549,0,0,0,0,4986,451,0,0,0,0,0,0,0,0
2026-04-02 13:03:23.492,1942.498523082,1775106203492,right_insole,右鞋垫,FF:25:02:05:18:F3,2,0,0,10844,4864,0,0,0,0,11146,4751,171,0,0,0,710,0,0,0
2026-04-02 13:03:23.612,1942.618556548,1775106203612,right_insole,右鞋垫,FF:25:02:05:18:F3,2,0,0,9577,4609,0,0,0,0,10163,4937,699,0,0,0,1337,66,90,0
2026-04-02 13:03:23.672,1942.678342117,1775106203672,right_insole,右鞋垫,FF:25:02:05:18:F3,2,0,0,7566,3576,0,0,620,0,7770,3535,1315,1078,1506,0,1710,808,966,0
2026-04-02 13:03:23.672,1942.678441064,1775106203672,right_insole,右鞋垫,FF:25:02:05:18:F3,2,435,0,5289,1857,0,0,1357,0,5416,1802,908,1405,2184,0,1355,1034,1355,0
2026-04-02 13:03:23.702,1942.708503707,1775106203702,right_insole,右鞋垫,FF:25:02:05:18:F3,2,1010,0,4381,1148,0,0,1678,0,4401,850,601,1402,2466,0,1003,843,1544,0
2026-04-02 13:03:23.792,1942.798648347,1775106203792,right_insole,右鞋垫,FF:25:02:05:18:F3,2,1695,0,3778,495,0,72,2415,0,3689,197,336,1715,3400,0,730,1080,2177,0
2026-04-02 13:03:23.822,1942.828599613,1775106203822,right_insole,右鞋垫,FF:25:02:05:18:F3,2,2310,0,3371,143,0,438,3317,532,3191,0,237,2086,4577,0,505,1266,2812,75
2026-04-02 13:03:23.852,1942.858615907,1775106203852,right_insole,右鞋垫,FF:25:02:05:18:F3,2,3675,1330,2870,0,0,0,4904,2214,2855,0,0,1226,6026,805,0,545,3765,520
2026-04-02 13:03:23.912,1942.918638983,1775106203912,right_insole,右鞋垫,FF:25:02:05:18:F3,2,3602,3284,2409,0,0,0,4293,3692,2586,0,0,0,4735,980,0,0,2579,409
2026-04-02 13:03:24.002,1943.008351445,1775106204002,right_insole,右鞋垫,FF:25:02:05:18:F3,2,1500,1364,2003,0,0,0,1683,1720,2381,0,0,0,1870,0,0,0,1114,0
2026-04-02 13:03:24.002,1943.008420217,1775106204002,right_insole,右鞋垫,FF:25:02:05:18:F3,2,0,0,2042,0,0,0,0,0,2384,0,0,0,0,0,0,0,0,0
2026-04-02 13:03:24.062,1943.068533696,1775106204062,right_insole,右鞋垫,FF:25:02:05:18:F3,2,0,0,2143,0,0,0,0,0,2384,0,0,0,0,0,0,0,0,0
2026-04-02 13:03:24.124,1943.130330881,1775106204124,right_insole,右鞋垫,FF:25:02:05:18:F3,2,0,0,2187,0,0,0,0,0,2383,0,0,0,0,0,0,0,0,0
2026-04-02 13:03:24.182,1943.188533469,1775106204182,right_insole,右鞋垫,FF:25:02:05:18:F3,2,0,0,2291,0,0,0,0,0,2428,0,0,0,0,0,0,0,0,0
2026-04-02 13:03:24.212,1943.218573766,1775106204212,right_insole,右鞋垫,FF:25:02:05:18:F3,2,0,0,2297,0,0,0,0,0,2440,0,0,0,0,0,0,0,0,0
2026-04-02 13:03:24.272,1943.278593517,1775106204272,right_insole,右鞋垫,FF:25:02:05:18:F3,2,0,0,2223,0,0,0,0,0,2331,0,0,0,0,0,0,0,0,0
2026-04-02 13:03:24.332,1943.33863475,1775106204332,right_insole,右鞋垫,FF:25:02:05:18:F3,2,0,0,2088,0,0,0,0,0,2225,0,0,0,0,0,0,0,0,0
2026-04-02 13:03:24.392,1943.398645184,1775106204392,right_insole,右鞋垫,FF:25:02:05:18:F3,2,0,0,2936,0,0,0,0,0,3672,0,0,0,0,0,0,0,0,0
2026-04-02 13:03:24.422,1943.428660825,1775106204422,right_insole,右鞋垫,FF:25:02:05:18:F3,2,0,0,10919,3682,0,0,0,0,11177,4132,0,0,0,0,380,0,0,0
2026-04-02 13:03:24.482,1943.488386784,1775106204482,right_insole,右鞋垫,FF:25:02:05:18:F3,2,0,0,9738,4773,0,0,0,0,10380,4893,727,0,0,0,1235,29,41,0
2026-04-02 13:03:24.572,1943.578778145,1775106204572,right_insole,右鞋垫,FF:25:02:05:18:F3,2,0,0,8214,3828,0,0,482,0,8711,4114,1314,924,1253,0,1820,774,859,0
2026-04-02 13:03:24.602,1943.608414096,1775106204602,right_insole,右鞋垫,FF:25:02:05:18:F3,2,0,0,6288,2489,0,0,1195,0,6436,2527,1012,1359,1907,0,1636,1032,1278,0
2026-04-02 13:03:24.632,1943.638587371,1775106204632,right_insole,右鞋垫,FF:25:02:05:18:F3,2,742,0,4617,1206,0,0,1550,0,4749,1135,595,1398,2297,0,1139,1078,1533,0
2026-04-02 13:03:24.693,1943.699311864,1775106204693,right_insole,右鞋垫,FF:25:02:05:18:F3,2,1510,0,3992,708,0,34,2258,0,3859,426,412,1755,3236,0,822,1120,2114,0
2026-04-02 13:03:24.752,1943.758605938,1775106204752,right_insole,右鞋垫,FF:25:02:05:18:F3,2,2287,0,3429,151,0,487,3349,460,3229,0,277,2096,4405,0,538,1258,2800,0
2026-04-02 13:03:24.782,1943.788612701,1775106204782,right_insole,右鞋垫,FF:25:02:05:18:F3,2,3208,1081,3053,0,0,23,4460,1795,2922,0,0,1429,5645,368,0,726,3468,321
2026-04-02 13:03:24.842,1943.848565802,1775106204842,right_insole,右鞋垫,FF:25:02:05:18:F3,2,3724,2481,2661,0,0,0,4536,2862,2753,0,0,0,5046,797,0,0,2947,397
2026-04-02 13:03:24.902,1943.908684302,1775106204902,right_insole,右鞋垫,FF:25:02:05:18:F3,2,2066,2395,2213,0,0,0,2379,2583,2527,0,0,0,2615,0,0,0,1559,0
2026-04-02 13:03:24.962,1943.968605605,1775106204962,right_insole,右鞋垫,FF:25:02:05:18:F3,2,0,0,1997,0,0,0,0,0,2280,0,0,0,275,0,0,0,43,0
2026-04-02 13:03:24.992,1943.998471668,1775106204992,right_insole,右鞋垫,FF:25:02:05:18:F3,2,0,0,2089,0,0,0,0,0,2383,0,0,0,0,0,0,0,0,0
2026-04-02 13:03:25.053,1944.05922809,1775106205053,right_insole,右鞋垫,FF:25:02:05:18:F3,2,0,0,2125,0,0,0,0,0,2361,0,0,0,0,0,0,0,0,0
2026-04-02 13:03:25.112,1944.118603422,1775106205112,right_insole,右鞋垫,FF:25:02:05:18:F3,2,0,0,2141,0,0,0,0,0,2344,0,0,0,0,0,0,0,0,0
2026-04-02 13:03:25.172,1944.178399557,1775106205172,right_insole,右鞋垫,FF:25:02:05:18:F3,2,0,0,2120,0,0,0,0,0,2374,0,0,0,0,0,0,0,0,0
2026-04-02 13:03:25.202,1944.208603493,1775106205202,right_insole,右鞋垫,FF:25:02:05:18:F3,2,0,0,2154,0,0,0,0,0,2397,0,0,0,0,0,0,0,0,0
2026-04-02 13:03:25.262,1944.268611481,1775106205262,right_insole,右鞋垫,FF:25:02:05:18:F3,2,0,0,2075,0,0,0,0,0,2321,0,0,0,0,0,0,0,0,0
2026-04-02 13:03:25.322,1944.328680342,1775106205322,right_insole,右鞋垫,FF:25:02:05:18:F3,2,0,0,2003,0,0,0,0,0,2247,0,0,0,0,0,0,0,0,0
2026-04-02 13:03:25.382,1944.388610932,1775106205382,right_insole,右鞋垫,FF:25:02:05:18:F3,2,0,0,4427,506,0,0,0,0,4848,512,0,0,0,0,0,0,0,0
2026-04-02 13:03:25.412,1944.418454946,1775106205412,right_insole,右鞋垫,FF:25:02:05:18:F3,2,0,0,8983,2778,0,0,0,0,9625,3313,0,0,0,0,299,0,0,0
2026-04-02 13:03:25.503,1944.509256357,1775106205503,right_insole,右鞋垫,FF:25:02:05:18:F3,2,0,0,9082,4367,0,0,0,0,9604,4377,552,123,0,0,990,0,69,0
2026-04-02 13:03:25.562,1944.568211979,1775106205562,right_insole,右鞋垫,FF:25:02:05:18:F3,2,0,0,7460,3235,0,0,853,0,7487,3300,1199,791,1228,0,1446,568,640,0
2026-04-02 13:03:25.562,1944.56826011,1775106205562,right_insole,右鞋垫,FF:25:02:05:18:F3,2,676,0,5423,1865,0,0,1267,0,5481,1776,1013,1296,1876,0,1324,978,1337,0
2026-04-02 13:03:25.624,1944.630703893,1775106205624,right_insole,右鞋垫,FF:25:02:05:18:F3,2,1136,0,4341,1117,0,0,1636,0,4464,1034,728,1533,2325,0,1176,1151,1534,0
2026-04-02 13:03:25.682,1944.688525988,1775106205682,right_insole,右鞋垫,FF:25:02:05:18:F3,2,1347,0,3919,970,0,94,1874,0,4119,792,778,1707,2524,0,1120,1194,1677,0
2026-04-02 13:03:25.742,1944.748278157,1775106205742,right_insole,右鞋垫,FF:25:02:05:18:F3,2,1552,0,3779,842,0,241,2164,68,3900,585,864,1964,2870,0,1096,1296,1882,0
2026-04-02 13:03:25.802,1944.808618323,1775106205802,right_insole,右鞋垫,FF:25:02:05:18:F3,2,1765,0,3544,578,0,351,2570,311,3508,131,744,2252,3508,0,1175,1544,2408,0
2026-04-02 13:03:25.832,1944.83860455,1775106205832,right_insole,右鞋垫,FF:25:02:05:18:F3,2,2150,355,3122,212,0,603,3216,899,2984,0,639,2451,4192,0,873,1565,2986,0
2026-04-02 13:03:25.892,1944.898634572,1775106205892,right_insole,右鞋垫,FF:25:02:05:18:F3,2,3024,1412,2761,0,0,430,4001,1790,2683,0,0,1778,5021,109,337,921,3361,184
2026-04-02 13:03:25.953,1944.959647908,1775106205953,right_insole,右鞋垫,FF:25:02:05:18:F3,2,3675,2356,2438,0,0,0,4127,2358,2505,0,0,586,5019,384,0,165,3114,327
2026-04-02 13:03:25.982,1944.988310098,1775106205982,right_insole,右鞋垫,FF:25:02:05:18:F3,2,2555,2818,2064,0,0,0,2533,2610,2285,0,0,0,2989,0,0,0,1683,0
2026-04-02 13:03:26.042,1945.048643673,1775106206042,right_insole,右鞋垫,FF:25:02:05:18:F3,2,739,673,1838,0,0,0,693,849,2095,0,0,0,949,0,0,0,351,0
2026-04-02 13:03:26.102,1945.108376172,1775106206102,right_insole,右鞋垫,FF:25:02:05:18:F3,2,0,0,1987,0,0,0,0,0,2128,0,0,0,0,0,0,0,0,0
2026-04-02 13:03:26.162,1945.16864374,1775106206162,right_insole,右鞋垫,FF:25:02:05:18:F3,2,0,0,2135,0,0,0,0,0,2244,0,0,0,0,0,0,0,0,0
2026-04-02 13:03:26.192,1945.198669646,1775106206192,right_insole,右鞋垫,FF:25:02:05:18:F3,2,0,0,2198,0,0,0,0,0,2266,0,0,0,0,0,0,0,0,0
2026-04-02 13:03:26.253,1945.259622613,1775106206253,right_insole,右鞋垫,FF:25:02:05:18:F3,2,0,0,2262,0,0,0,0,0,2299,0,0,0,0,0,0,0,0,0
2026-04-02 13:03:26.315,1945.321350631,1775106206315,right_insole,右鞋垫,FF:25:02:05:18:F3,2,0,0,2314,0,0,0,0,0,2325,0,0,0,0,0,0,0,0,0
2026-04-02 13:03:26.372,1945.378707076,1775106206372,right_insole,右鞋垫,FF:25:02:05:18:F3,2,0,0,2329,0,0,0,0,0,2386,0,0,0,0,0,0,0,0,0
2026-04-02 13:03:26.402,1945.408626047,1775106206402,right_insole,右鞋垫,FF:25:02:05:18:F3,2,0,0,2312,0,0,0,0,0,2380,0,0,0,0,0,0,0,0,0
2026-04-02 13:03:26.462,1945.468454047,1775106206462,right_insole,右鞋垫,FF:25:02:05:18:F3,2,0,0,2274,0,0,0,0,0,2344,0,0,0,0,0,0,0,0,0
2026-04-02 13:03:26.522,1945.528598161,1775106206522,right_insole,右鞋垫,FF:25:02:05:18:F3,2,0,0,2131,0,0,0,0,0,2298,0,0,0,0,0,0,0,0,0
2026-04-02 13:03:26.612,1945.618598873,1775106206612,right_insole,右鞋垫,FF:25:02:05:18:F3,2,0,0,2410,0,0,0,0,0,2723,0,0,0,0,0,0,0,0,0
2026-04-02 13:03:26.672,1945.678281258,1775106206672,right_insole,右鞋垫,FF:25:02:05:18:F3,2,0,0,5064,720,0,0,0,0,5088,616,0,0,0,0,0,0,0,0
2026-04-02 13:03:26.672,1945.6783348,1775106206672,right_insole,右鞋垫,FF:25:02:05:18:F3,2,0,0,7372,2736,0,0,0,0,7869,2893,0,0,0,0,0,0,0,0
2026-04-02 13:03:26.763,1945.769627067,1775106206763,right_insole,右鞋垫,FF:25:02:05:18:F3,2,0,0,7826,3423,0,0,0,0,8132,3554,260,0,89,0,803,0,96,0
2026-04-02 13:03:26.763,1945.769676511,1775106206763,right_insole,右鞋垫,FF:25:02:05:18:F3,2,0,0,7457,3363,0,0,115,0,7778,3568,733,415,849,0,1185,342,568,0
2026-04-02 13:03:26.823,1945.829614713,1775106206823,right_insole,右鞋垫,FF:25:02:05:18:F3,2,0,0,7066,3161,0,0,782,0,7357,3456,1292,1116,1616,0,1730,872,1056,0
2026-04-02 13:03:26.882,1945.888665303,1775106206882,right_insole,右鞋垫,FF:25:02:05:18:F3,2,30,0,6338,2868,0,0,1271,0,6675,3064,1487,1547,2122,0,1965,1192,1354,0
2026-04-02 13:03:26.942,1945.948665152,1775106206942,right_insole,右鞋垫,FF:25:02:05:18:F3,2,232,0,5361,2397,0,28,1718,0,5616,2490,1526,1862,2593,0,2129,1620,1785,0
2026-04-02 13:03:26.972,1945.978508286,1775106206972,right_insole,右鞋垫,FF:25:02:05:18:F3,2,450,0,4890,1890,0,13,1944,0,5096,2029,1520,2059,3017,0,2261,1964,2171,0
2026-04-02 13:03:27.032,1946.038360658,1775106207032,right_insole,右鞋垫,FF:25:02:05:18:F3,2,531,0,4621,1649,0,28,2113,0,4724,1667,1566,2203,3377,0,2259,2037,2455,0
2026-04-02 13:03:27.092,1946.09860487,1775106207092,right_insole,右鞋垫,FF:25:02:05:18:F3,2,770,0,4289,1271,0,197,2467,0,4251,1301,1446,2536,3844,0,2329,2342,2802,0
2026-04-02 13:03:27.122,1946.128615303,1775106207122,right_insole,右鞋垫,FF:25:02:05:18:F3,2,898,0,3711,945,0,230,2821,69,3787,763,1255,2674,4323,0,2194,2446,3203,0
2026-04-02 13:03:27.182,1946.188620629,1775106207182,right_insole,右鞋垫,FF:25:02:05:18:F3,2,1116,0,3311,468,0,281,3218,455,3306,285,920,2814,4983,0,1919,2467,3751,113
2026-04-02 13:03:27.243,1946.24934201,1775106207243,right_insole,右鞋垫,FF:25:02:05:18:F3,2,1446,160,2754,0,0,143,3753,1235,2935,0,409,2632,5923,20,1232,2228,4542,587
2026-04-02 13:03:27.302,1946.308403894,1775106207302,right_insole,右鞋垫,FF:25:02:05:18:F3,2,1691,570,2503,0,0,0,4023,1683,2778,0,0,1585,6301,306,692,1489,4744,640
2026-04-02 13:03:27.452,1946.458395474,1775106207452,right_insole,右鞋垫,FF:25:02:05:18:F3,2,1621,1223,2120,0,0,0,3483,2261,2540,0,0,104,5274,413,0,367,3892,621
2026-04-02 13:03:27.452,1946.458487897,1775106207452,right_insole,右鞋垫,FF:25:02:05:18:F3,2,1181,1362,1850,0,0,0,1961,1998,2485,0,0,0,2950,0,0,0,2196,0
2026-04-02 13:03:27.454,1946.460537432,1775106207454,right_insole,右鞋垫,FF:25:02:05:18:F3,2,127,0,1733,0,0,0,346,593,2271,0,0,0,1010,0,0,0,672,0
2026-04-02 13:03:27.513,1946.519358936,1775106207513,right_insole,右鞋垫,FF:25:02:05:18:F3,2,0,0,1886,0,0,0,0,0,2268,0,0,0,0,0,0,0,0,0
2026-04-02 13:03:27.542,1946.548261376,1775106207542,right_insole,右鞋垫,FF:25:02:05:18:F3,2,0,0,1989,0,0,0,0,0,2327,0,0,0,0,0,0,0,0,0
2026-04-02 13:03:27.603,1946.60927308,1775106207603,right_insole,右鞋垫,FF:25:02:05:18:F3,2,0,0,2051,0,0,0,0,0,2319,0,0,0,0,0,0,0,0,0
2026-04-02 13:03:27.664,1946.670771266,1775106207664,right_insole,右鞋垫,FF:25:02:05:18:F3,2,0,0,2088,0,0,0,0,0,2350,0,0,0,0,0,0,0,0,0
2026-04-02 13:03:27.752,1946.758312664,1775106207752,right_insole,右鞋垫,FF:25:02:05:18:F3,2,0,0,2168,0,0,0,0,0,2375,0,0,0,0,0,0,0,0,0
2026-04-02 13:03:27.752,1946.758445365,1775106207752,right_insole,右鞋垫,FF:25:02:05:18:F3,2,0,0,2202,0,0,0,0,0,2387,0,0,0,0,0,0,0,0,0
2026-04-02 13:03:27.845,1946.851922088,1775106207845,right_insole,右鞋垫,FF:25:02:05:18:F3,2,0,0,2194,0,0,0,0,0,2388,0,0,0,0,0,0,0,0,0
2026-04-02 13:03:27.872,1946.878242359,1775106207872,right_insole,右鞋垫,FF:25:02:05:18:F3,2,0,0,2178,0,0,0,0,0,2377,0,0,0,0,0,0,0,0,0
2026-04-02 13:03:27.902,1946.908368662,1775106207902,right_insole,右鞋垫,FF:25:02:05:18:F3,2,0,0,2094,0,0,0,0,0,2332,0,0,0,0,0,0,0,0,0
2026-04-02 13:03:27.962,1946.968340615,1775106207962,right_insole,右鞋垫,FF:25:02:05:18:F3,2,0,0,2048,0,0,0,0,0,2318,0,0,0,0,0,0,0,0,0
2026-04-02 13:03:28.053,1947.059345258,1775106208053,right_insole,右鞋垫,FF:25:02:05:18:F3,2,0,0,3750,228,0,0,0,0,4160,172,0,0,0,0,0,0,0,0
2026-04-02 13:03:28.086,1947.092378475,1775106208086,right_insole,右鞋垫,FF:25:02:05:18:F3,2,0,0,6563,1557,0,0,0,0,7172,1725,0,0,0,0,0,0,0,0
2026-04-02 13:03:28.112,1947.118474149,1775106208112,right_insole,右鞋垫,FF:25:02:05:18:F3,2,0,0,8212,3345,0,0,0,0,9064,3708,0,0,0,0,241,0,0,0
2026-04-02 13:03:28.174,1947.180312072,1775106208174,right_insole,右鞋垫,FF:25:02:05:18:F3,2,0,0,8465,3903,0,0,0,0,9187,4335,283,0,0,0,861,0,0,0
2026-04-02 13:03:28.232,1947.238425915,1775106208232,right_insole,右鞋垫,FF:25:02:05:18:F3,2,0,0,8568,4061,0,0,0,0,9224,4344,772,415,415,0,1205,56,173,0
2026-04-02 13:03:28.293,1947.299373516,1775106208293,right_insole,右鞋垫,FF:25:02:05:18:F3,2,0,0,8206,4030,0,0,532,0,8468,3998,1118,984,998,0,1337,327,422,0
2026-04-02 13:03:28.323,1947.329332556,1775106208323,right_insole,右鞋垫,FF:25:02:05:18:F3,2,804,0,7036,3374,0,211,1227,0,7296,3185,1224,1195,1576,0,1247,421,781,0
2026-04-02 13:03:28.384,1947.390352995,1775106208384,right_insole,右鞋垫,FF:25:02:05:18:F3,2,1401,0,6478,2898,0,417,1544,0,6384,2591,1143,1533,1838,0,1120,506,999,0
2026-04-02 13:03:28.442,1947.448375992,1775106208442,right_insole,右鞋垫,FF:25:02:05:18:F3,2,1836,0,5450,2191,0,751,1979,131,5166,1714,1102,1815,2314,0,1021,669,1264,0
2026-04-02 13:03:28.503,1947.509347,1775106208503,right_insole,右鞋垫,FF:25:02:05:18:F3,2,1961,0,4785,1606,0,923,2233,337,4502,983,983,1954,2644,0,903,841,1542,0
2026-04-02 13:03:28.532,1947.538455126,1775106208532,right_insole,右鞋垫,FF:25:02:05:18:F3,2,2220,408,4157,1065,0,845,2480,653,3933,372,692,1985,3015,0,736,860,1782,0
2026-04-02 13:03:28.592,1947.59857624,1775106208592,right_insole,右鞋垫,FF:25:02:05:18:F3,2,2664,1011,3769,769,0,920,2916,1195,3489,27,470,2077,3406,0,477,822,2026,0
2026-04-02 13:03:28.653,1947.659474588,1775106208653,right_insole,右鞋垫,FF:25:02:05:18:F3,2,3190,1442,3541,448,0,1029,3306,1760,3053,0,377,2083,3872,0,297,727,2241,0
2026-04-02 13:03:28.682,1947.688540944,1775106208682,right_insole,右鞋垫,FF:25:02:05:18:F3,2,3980,2337,3035,0,0,752,3957,2582,2731,0,0,1517,4260,0,0,239,2344,0
2026-04-02 13:03:28.742,1947.748329373,1775106208742,right_insole,右鞋垫,FF:25:02:05:18:F3,2,3796,3195,2586,0,0,0,3285,2678,2491,0,0,0,3422,0,0,0,1747,0
2026-04-02 13:03:28.802,1947.808549348,1775106208802,right_insole,右鞋垫,FF:25:02:05:18:F3,2,2137,2172,2178,0,0,0,1240,1733,2247,0,0,0,1216,0,0,0,331,0
2026-04-02 13:03:28.863,1947.869718755,1775106208863,right_insole,右鞋垫,FF:25:02:05:18:F3,2,377,0,2124,0,0,0,0,5,2118,0,0,0,0,0,0,0,0,0
2026-04-02 13:03:28.892,1947.898355492,1775106208892,right_insole,右鞋垫,FF:25:02:05:18:F3,2,0,0,2311,0,0,0,0,0,2302,0,0,0,0,0,0,0,0,0
2026-04-02 13:03:28.953,1947.959535934,1775106208953,right_insole,右鞋垫,FF:25:02:05:18:F3,2,0,0,2264,0,0,0,0,0,2412,0,0,0,0,0,0,0,0,0
2026-04-02 13:03:29.012,1948.018536949,1775106209012,right_insole,右鞋垫,FF:25:02:05:18:F3,2,0,0,2318,0,0,0,0,0,2496,0,0,0,0,0,0,0,0,0
2026-04-02 13:03:29.072,1948.078522327,1775106209072,right_insole,右鞋垫,FF:25:02:05:18:F3,2,0,0,2363,0,0,0,0,0,2566,0,0,0,0,0,0,0,0,0
2026-04-02 13:03:29.103,1948.109287734,1775106209103,right_insole,右鞋垫,FF:25:02:05:18:F3,2,0,0,2386,0,0,0,0,0,2602,0,0,0,0,0,0,0,0,0
2026-04-02 13:03:29.162,1948.168541603,1775106209162,right_insole,右鞋垫,FF:25:02:05:18:F3,2,0,0,2337,0,0,0,0,0,2611,0,0,0,0,0,0,0,0,0
2026-04-02 13:03:29.222,1948.228426442,1775106209222,right_insole,右鞋垫,FF:25:02:05:18:F3,2,0,0,2377,0,0,0,0,0,2626,0,0,0,0,0,0,0,0,0
2026-04-02 13:03:29.282,1948.288613498,1775106209282,right_insole,右鞋垫,FF:25:02:05:18:F3,2,0,0,2350,0,0,0,0,0,2622,0,0,0,0,0,0,0,0,0
2026-04-02 13:03:29.312,1948.318377593,1775106209312,right_insole,右鞋垫,FF:25:02:05:18:F3,2,0,0,2249,0,0,0,0,0,2596,0,0,0,0,0,0,0,0,0
2026-04-02 13:03:29.372,1948.378625964,1775106209372,right_insole,右鞋垫,FF:25:02:05:18:F3,2,0,0,2261,0,0,0,0,0,2563,0,0,0,0,0,0,0,0,0
2026-04-02 13:03:29.432,1948.438428721,1775106209432,right_insole,右鞋垫,FF:25:02:05:18:F3,2,0,0,2213,0,0,0,0,0,2514,0,0,0,0,0,0,0,0,0
2026-04-02 13:03:29.462,1948.468323109,1775106209462,right_insole,右鞋垫,FF:25:02:05:18:F3,2,0,0,2370,0,0,0,0,0,2831,0,0,0,0,0,0,0,0,0
2026-04-02 13:03:29.522,1948.528458784,1775106209522,right_insole,右鞋垫,FF:25:02:05:18:F3,2,0,0,4457,468,0,0,0,0,4901,531,0,0,0,0,0,0,0,0
2026-04-02 13:03:29.582,1948.588196597,1775106209582,right_insole,右鞋垫,FF:25:02:05:18:F3,2,0,0,7311,2270,0,0,0,0,8257,2793,0,0,0,0,44,0,0,0
2026-04-02 13:03:29.645,1948.651042942,1775106209644,right_insole,右鞋垫,FF:25:02:05:18:F3,2,0,0,8764,3826,0,0,0,0,9585,4414,116,0,0,0,910,0,0,0
2026-04-02 13:03:29.704,1948.710339382,1775106209704,right_insole,右鞋垫,FF:25:02:05:18:F3,2,0,0,9114,4317,0,0,0,0,9882,4843,734,285,104,0,1197,132,16,0
2026-04-02 13:03:29.732,1948.738279558,1775106209732,right_insole,右鞋垫,FF:25:02:05:18:F3,2,0,0,9077,4381,0,0,1,0,9707,4840,1032,624,654,0,1352,336,289,0
2026-04-02 13:03:29.793,1948.799377538,1775106209793,right_insole,右鞋垫,FF:25:02:05:18:F3,2,0,0,8310,4018,0,0,792,0,8706,4324,1423,1136,1468,0,1861,625,698,0
2026-04-02 13:03:29.852,1948.858305916,1775106209852,right_insole,右鞋垫,FF:25:02:05:18:F3,2,38,0,7214,3456,0,0,1179,0,7595,3588,1517,1428,1860,0,1853,933,982,0
2026-04-02 13:03:29.882,1948.888339294,1775106209882,right_insole,右鞋垫,FF:25:02:05:18:F3,2,399,0,6777,3222,0,81,1488,0,7133,3319,1696,1785,2128,0,2025,1133,1195,0
2026-04-02 13:03:29.944,1948.950864173,1775106209944,right_insole,右鞋垫,FF:25:02:05:18:F3,2,725,0,6742,3163,0,342,1645,0,6825,3105,1676,1944,2317,0,2019,1148,1310,0
2026-04-02 13:03:30.002,1949.008398143,1775106210002,right_insole,右鞋垫,FF:25:02:05:18:F3,2,913,0,6807,3069,0,454,1733,0,6687,2888,1770,2128,2545,0,1914,1119,1355,0
2026-04-02 13:03:30.062,1949.068457298,1775106210062,right_insole,右鞋垫,FF:25:02:05:18:F3,2,1244,0,6506,2833,5,579,1871,0,6294,2570,1798,2287,2673,0,1976,1261,1638,0
2026-04-02 13:03:30.092,1949.098501411,1775106210092,right_insole,右鞋垫,FF:25:02:05:18:F3,2,1788,0,5932,2363,123,1063,2550,123,5504,1938,1864,2784,3424,0,2039,1528,2269,0
2026-04-02 13:03:30.182,1949.188267143,1775106210182,right_insole,右鞋垫,FF:25:02:05:18:F3,2,2507,0,4614,1336,0,1152,3257,502,4134,690,1332,2908,4383,0,1417,1532,2645,0
2026-04-02 13:03:30.213,1949.219590843,1775106210213,right_insole,右鞋垫,FF:25:02:05:18:F3,2,3241,370,3675,369,0,826,4131,1144,3366,0,162,1848,4728,0,196,604,2582,0
2026-04-02 13:03:30.242,1949.248580044,1775106210242,right_insole,右鞋垫,FF:25:02:05:18:F3,2,3524,1070,3336,0,0,0,3928,1530,3137,0,0,402,4174,0,0,0,2057,0
2026-04-02 13:03:30.303,1949.309407593,1775106210303,right_insole,右鞋垫,FF:25:02:05:18:F3,2,2823,1824,2845,0,0,0,2247,1624,2827,0,0,0,2153,0,0,0,827,0
2026-04-02 13:03:30.392,1949.398493831,1775106210392,right_insole,右鞋垫,FF:25:02:05:18:F3,2,1228,634,2474,0,0,0,615,591,2487,0,0,0,531,0,0,0,0,0
2026-04-02 13:03:30.423,1949.429532261,1775106210423,right_insole,右鞋垫,FF:25:02:05:18:F3,2,0,0,2495,0,0,0,0,0,2458,0,0,0,0,0,0,0,0,0
2026-04-02 13:03:30.453,1949.459505063,1775106210453,right_insole,右鞋垫,FF:25:02:05:18:F3,2,0,0,2526,0,0,0,0,0,2549,0,0,0,0,0,0,0,0,0
2026-04-02 13:03:30.514,1949.520501183,1775106210514,right_insole,右鞋垫,FF:25:02:05:18:F3,2,0,0,2497,0,0,0,0,0,2566,0,0,0,0,0,0,0,0,0
2026-04-02 13:03:30.573,1949.579509803,1775106210573,right_insole,右鞋垫,FF:25:02:05:18:F3,2,0,0,2453,0,0,0,0,0,2628,0,0,0,0,0,0,0,0,0
2026-04-02 13:03:30.633,1949.639368001,1775106210633,right_insole,右鞋垫,FF:25:02:05:18:F3,2,0,0,2523,0,0,0,0,0,2674,0,0,0,0,0,0,0,0,0
2026-04-02 13:03:30.662,1949.66861349,1775106210662,right_insole,右鞋垫,FF:25:02:05:18:F3,2,0,0,2536,0,0,0,0,0,2690,0,0,0,0,0,0,0,0,0
2026-04-02 13:03:30.722,1949.728506802,1775106210722,right_insole,右鞋垫,FF:25:02:05:18:F3,2,0,0,2515,0,0,0,0,0,2664,0,0,0,0,0,0,0,0,0
2026-04-02 13:03:30.782,1949.78855305,1775106210782,right_insole,右鞋垫,FF:25:02:05:18:F3,2,0,0,2502,0,0,0,0,0,2657,0,0,0,0,0,0,0,0,0
2026-04-02 13:03:30.842,1949.848643271,1775106210842,right_insole,右鞋垫,FF:25:02:05:18:F3,2,0,0,2429,0,0,0,0,0,2642,0,0,0,0,0,0,0,0,0
2026-04-02 13:03:30.873,1949.879411547,1775106210873,right_insole,右鞋垫,FF:25:02:05:18:F3,2,0,0,2357,0,0,0,0,0,2585,0,0,0,0,0,0,0,0,0
2026-04-02 13:03:30.932,1949.938614465,1775106210932,right_insole,右鞋垫,FF:25:02:05:18:F3,2,0,0,2304,0,0,0,0,0,2546,0,0,0,0,0,0,0,0,0
2026-04-02 13:03:30.992,1949.998373575,1775106210992,right_insole,右鞋垫,FF:25:02:05:18:F3,2,0,0,2328,0,0,0,0,0,2909,0,0,0,0,0,0,0,0,0
2026-04-02 13:03:31.022,1950.028620204,1775106211022,right_insole,右鞋垫,FF:25:02:05:18:F3,2,0,0,4829,566,0,0,0,0,5248,824,0,0,0,0,0,0,0,0
2026-04-02 13:03:31.083,1950.089630491,1775106211083,right_insole,右鞋垫,FF:25:02:05:18:F3,2,0,0,7485,1854,0,0,0,0,8260,2246,0,0,0,0,0,0,0,0
2026-04-02 13:03:31.143,1950.149611191,1775106211143,right_insole,右鞋垫,FF:25:02:05:18:F3,2,0,0,8825,3742,0,0,0,0,9801,4212,71,0,0,0,1072,0,0,0
2026-04-02 13:03:31.202,1950.208599099,1775106211202,right_insole,右鞋垫,FF:25:02:05:18:F3,2,0,0,9005,4343,0,0,0,0,9679,4597,719,184,95,0,1390,199,117,0
2026-04-02 13:03:31.292,1950.298436481,1775106211292,right_insole,右鞋垫,FF:25:02:05:18:F3,2,0,0,7922,3675,0,0,612,0,8604,4032,1128,905,1277,0,1925,840,840,0
2026-04-02 13:03:31.292,1950.29848743,1775106211292,right_insole,右鞋垫,FF:25:02:05:18:F3,2,71,0,7140,3309,0,0,1282,0,7387,3422,1475,1372,2039,0,2096,1165,1276,0
2026-04-02 13:03:31.353,1950.359503372,1775106211353,right_insole,右鞋垫,FF:25:02:05:18:F3,2,291,0,6434,2684,0,0,1676,0,6622,2918,1463,1521,2331,0,2146,1343,1506,0
2026-04-02 13:03:31.443,1950.449481789,1775106211443,right_insole,右鞋垫,FF:25:02:05:18:F3,2,535,0,5957,2443,0,3,1857,0,6341,2617,1557,1837,2632,0,2152,1505,1759,0
2026-04-02 13:03:31.443,1950.449561183,1775106211443,right_insole,右鞋垫,FF:25:02:05:18:F3,2,584,0,5645,2238,0,214,2057,0,5749,2350,1629,2174,2997,0,2331,1792,2010,0
2026-04-02 13:03:31.503,1950.509621234,1775106211503,right_insole,右鞋垫,FF:25:02:05:18:F3,2,783,0,5275,2048,0,399,2299,0,5222,1940,1748,2411,3456,0,2410,1905,2293,0
2026-04-02 13:03:31.566,1950.572352288,1775106211566,right_insole,右鞋垫,FF:25:02:05:18:F3,2,1136,0,4784,1624,0,431,2538,113,4730,1530,1560,2617,3879,0,2139,2021,2686,0
2026-04-02 13:03:31.622,1950.628638417,1775106211622,right_insole,右鞋垫,FF:25:02:05:18:F3,2,1483,0,4464,1361,0,707,2933,331,4183,889,1341,2812,4226,0,1760,1865,2851,0
2026-04-02 13:03:31.684,1950.690635417,1775106211684,right_insole,右鞋垫,FF:25:02:05:18:F3,2,2190,0,3638,620,0,702,3555,743,3435,28,686,2547,4852,0,995,1470,3115,0
2026-04-02 13:03:31.833,1950.839351748,1775106211833,right_insole,右鞋垫,FF:25:02:05:18:F3,2,2664,705,3150,0,0,83,4181,1521,3037,0,0,1385,5446,153,372,779,3343,207
2026-04-02 13:03:31.833,1950.839446457,1775106211833,right_insole,右鞋垫,FF:25:02:05:18:F3,2,2319,1475,2608,0,0,0,3545,2061,2674,0,0,0,4785,390,0,55,2929,92
2026-04-02 13:03:31.922,1950.928332148,1775106211922,right_insole,右鞋垫,FF:25:02:05:18:F3,2,1658,1958,2212,0,0,0,2149,2363,2464,0,0,0,2589,0,0,0,1678,0
2026-04-02 13:03:31.923,1950.929962549,1775106211923,right_insole,右鞋垫,FF:25:02:05:18:F3,2,991,1171,2062,0,0,0,1082,1360,2357,0,0,0,1479,0,0,0,726,0
2026-04-02 13:03:31.925,1950.931237095,1775106211925,right_insole,右鞋垫,FF:25:02:05:18:F3,2,0,0,2017,0,0,0,0,0,2231,0,0,0,0,0,0,0,0,0
2026-04-02 13:03:32.072,1951.078377253,1775106212072,right_insole,右鞋垫,FF:25:02:05:18:F3,2,0,0,2217,0,0,0,0,0,2379,0,0,0,0,0,0,0,0,0
2026-04-02 13:03:32.072,1951.078482255,1775106212072,right_insole,右鞋垫,FF:25:02:05:18:F3,2,0,0,2258,0,0,0,0,0,2390,0,0,0,0,0,0,0,0,0
2026-04-02 13:03:32.074,1951.08042401,1775106212074,right_insole,右鞋垫,FF:25:02:05:18:F3,2,0,0,2262,0,0,0,0,0,2447,0,0,0,0,0,0,0,0,0
2026-04-02 13:03:32.133,1951.139490769,1775106212133,right_insole,右鞋垫,FF:25:02:05:18:F3,2,0,0,2277,0,0,0,0,0,2466,0,0,0,0,0,0,0,0,0
2026-04-02 13:03:32.193,1951.199518078,1775106212193,right_insole,右鞋垫,FF:25:02:05:18:F3,2,0,0,2349,0,0,0,0,0,2489,0,0,0,0,0,0,0,0,0
2026-04-02 13:03:32.222,1951.228569472,1775106212222,right_insole,右鞋垫,FF:25:02:05:18:F3,2,0,0,2331,0,0,0,0,0,2492,0,0,0,0,0,0,0,0,0
2026-04-02 13:03:32.312,1951.318474949,1775106212312,right_insole,右鞋垫,FF:25:02:05:18:F3,2,0,0,2276,0,0,0,0,0,2484,0,0,0,0,0,0,0,0,0
2026-04-02 13:03:32.343,1951.349579852,1775106212343,right_insole,右鞋垫,FF:25:02:05:18:F3,2,0,0,2194,0,0,0,0,0,2454,0,0,0,0,0,0,0,0,0
2026-04-02 13:03:32.402,1951.408617826,1775106212402,right_insole,右鞋垫,FF:25:02:05:18:F3,2,0,0,2219,0,0,0,0,0,2488,0,0,0,0,0,0,0,0,0
2026-04-02 13:03:32.432,1951.4386103,1775106212432,right_insole,右鞋垫,FF:25:02:05:18:F3,2,0,0,4159,543,0,0,0,0,4722,407,0,0,0,0,0,0,0,0
2026-04-02 13:03:32.492,1951.498483477,1775106212492,right_insole,右鞋垫,FF:25:02:05:18:F3,2,0,0,7019,1894,0,0,0,0,7633,2100,0,0,0,0,0,0,0,0
2026-04-02 13:03:32.553,1951.559607933,1775106212553,right_insole,右鞋垫,FF:25:02:05:18:F3,2,0,0,8687,3960,0,0,0,0,9503,4094,0,0,0,0,672,0,0,0
2026-04-02 13:03:32.583,1951.589703922,1775106212583,right_insole,右鞋垫,FF:25:02:05:18:F3,2,0,0,9005,4355,0,0,0,0,9490,4523,530,29,0,0,1017,0,0,0
2026-04-02 13:03:32.673,1951.679575173,1775106212673,right_insole,右鞋垫,FF:25:02:05:18:F3,2,0,0,8645,4308,0,0,418,0,8946,4273,1078,719,1018,0,1350,364,435,0
2026-04-02 13:03:32.703,1951.709511778,1775106212703,right_insole,右鞋垫,FF:25:02:05:18:F3,2,179,0,8230,4236,0,0,1053,0,8606,4126,1193,1029,1630,0,1297,422,721,0
2026-04-02 13:03:32.823,1951.82948237,1775106212823,right_insole,右鞋垫,FF:25:02:05:18:F3,2,602,0,7414,3724,0,0,1427,0,7715,3558,1248,1309,2098,0,1384,549,1008,0
2026-04-02 13:03:32.853,1951.859836348,1775106212853,right_insole,右鞋垫,FF:25:02:05:18:F3,2,985,0,7062,3399,0,137,1703,0,7020,3003,1320,1644,2324,0,1477,745,1209,0
2026-04-02 13:03:32.853,1951.859921706,1775106212853,right_insole,右鞋垫,FF:25:02:05:18:F3,2,1387,0,6343,2841,0,381,2182,0,6169,2411,1428,1927,2763,0,1534,881,1498,0
2026-04-02 13:03:32.913,1951.919624154,1775106212913,right_insole,右鞋垫,FF:25:02:05:18:F3,2,1926,0,5879,2474,0,642,2516,0,5496,2016,1488,2325,3220,0,1439,1066,1850,0
2026-04-02 13:03:32.973,1951.979357648,1775106212973,right_insole,右鞋垫,FF:25:02:05:18:F3,2,2305,0,5414,2160,20,904,2817,0,4970,1488,1429,2556,3492,0,1371,1194,1985,0
2026-04-02 13:03:33.033,1952.03953483,1775106213033,right_insole,右鞋垫,FF:25:02:05:18:F3,2,2896,0,4654,1394,0,1138,3515,326,4029,617,1253,2656,4174,0,1118,1244,2407,0
2026-04-02 13:03:33.062,1952.068547225,1775106213062,right_insole,右鞋垫,FF:25:02:05:18:F3,2,3828,641,3875,500,0,1008,4693,1347,3357,0,347,1951,4961,35,181,614,2417,0
2026-04-02 13:03:33.123,1952.12960036,1775106213123,right_insole,右鞋垫,FF:25:02:05:18:F3,2,4204,1689,3160,0,0,0,4377,2105,2997,0,0,0,4092,244,0,0,1852,0
2026-04-02 13:03:33.182,1952.188634526,1775106213182,right_insole,右鞋垫,FF:25:02:05:18:F3,2,2711,2403,2737,0,0,0,2163,2138,2709,0,0,0,2065,0,0,0,717,0
2026-04-02 13:03:33.273,1952.279648446,1775106213273,right_insole,右鞋垫,FF:25:02:05:18:F3,2,1405,1394,2491,0,0,0,934,1167,2484,0,0,0,970,0,0,0,48,0
2026-04-02 13:03:33.302,1952.308687343,1775106213302,right_insole,右鞋垫,FF:25:02:05:18:F3,2,0,0,2383,0,0,0,0,0,2418,0,0,0,0,0,0,0,0,0
2026-04-02 13:03:33.333,1952.339492927,1775106213333,right_insole,右鞋垫,FF:25:02:05:18:F3,2,0,0,2446,0,0,0,0,0,2479,0,0,0,0,0,0,0,0,0
2026-04-02 13:03:33.363,1952.369613496,1775106213363,right_insole,右鞋垫,FF:25:02:05:18:F3,2,0,0,2428,0,0,0,0,0,2503,0,0,0,0,0,0,0,0,0
2026-04-02 13:03:33.423,1952.429359831,1775106213423,right_insole,右鞋垫,FF:25:02:05:18:F3,2,0,0,2445,0,0,0,0,0,2585,0,0,0,0,0,0,0,0,0
2026-04-02 13:03:33.483,1952.489659727,1775106213483,right_insole,右鞋垫,FF:25:02:05:18:F3,2,0,0,2442,0,0,0,0,0,2599,0,0,0,0,0,0,0,0,0
2026-04-02 13:03:33.542,1952.548367832,1775106213542,right_insole,右鞋垫,FF:25:02:05:18:F3,2,0,0,2412,0,0,0,0,0,2613,0,0,0,0,0,0,0,0,0
2026-04-02 13:03:33.572,1952.578689701,1775106213572,right_insole,右鞋垫,FF:25:02:05:18:F3,2,0,0,2405,0,0,0,0,0,2609,0,0,0,0,0,0,0,0,0
2026-04-02 13:03:33.633,1952.639623134,1775106213633,right_insole,右鞋垫,FF:25:02:05:18:F3,2,0,0,2316,0,0,0,0,0,2553,0,0,0,0,0,0,0,0,0
2026-04-02 13:03:33.693,1952.699616062,1775106213693,right_insole,右鞋垫,FF:25:02:05:18:F3,2,0,0,2188,0,0,0,0,0,2519,0,0,0,0,0,0,0,0,0
2026-04-02 13:03:33.753,1952.759611444,1775106213753,right_insole,右鞋垫,FF:25:02:05:18:F3,2,0,0,2583,0,0,0,0,0,3222,0,0,0,0,0,0,0,0,0
2026-04-02 13:03:33.783,1952.789381562,1775106213783,right_insole,右鞋垫,FF:25:02:05:18:F3,2,0,0,5912,1128,0,0,0,0,6190,1099,0,0,0,0,0,0,0,0
2026-04-02 13:03:33.843,1952.84961823,1775106213843,right_insole,右鞋垫,FF:25:02:05:18:F3,2,0,0,8196,3440,0,0,0,0,8847,3627,0,0,0,0,451,0,0,0
2026-04-02 13:03:33.902,1952.908739182,1775106213902,right_insole,右鞋垫,FF:25:02:05:18:F3,2,0,0,8252,4073,0,0,0,0,8805,4015,293,0,0,0,827,0,0,0
2026-04-02 13:03:33.963,1952.96953934,1775106213963,right_insole,右鞋垫,FF:25:02:05:18:F3,2,0,0,7836,3904,0,0,642,0,8197,3878,1002,752,973,0,1281,342,544,0
2026-04-02 13:03:34.022,1953.028465348,1775106214022,right_insole,右鞋垫,FF:25:02:05:18:F3,2,640,0,7349,3591,0,0,1296,0,7559,3631,1319,1244,1600,0,1580,551,854,0
2026-04-02 13:03:34.052,1953.058606185,1775106214052,right_insole,右鞋垫,FF:25:02:05:18:F3,2,961,0,6529,3062,0,164,1428,0,6741,2995,1298,1386,1869,0,1420,702,1092,0
2026-04-02 13:03:34.113,1953.119583499,1775106214113,right_insole,右鞋垫,FF:25:02:05:18:F3,2,1182,0,5799,2586,0,355,1674,0,5955,2354,1284,1630,2151,0,1540,828,1269,0
2026-04-02 13:03:34.142,1953.148383524,1775106214142,right_insole,右鞋垫,FF:25:02:05:18:F3,2,1408,0,5482,2264,0,473,1858,0,5487,2061,1396,1888,2509,0,1559,952,1472,0
2026-04-02 13:03:34.203,1953.209647261,1775106214203,right_insole,右鞋垫,FF:25:02:05:18:F3,2,1553,0,5216,2132,0,688,2090,0,5012,1730,1484,2164,2829,0,1575,1136,1788,0
2026-04-02 13:03:34.262,1953.268471853,1775106214262,right_insole,右鞋垫,FF:25:02:05:18:F3,2,1871,0,4693,1679,0,842,2474,185,4346,1036,1424,2475,3440,0,1459,1269,2180,0
2026-04-02 13:03:34.323,1953.329462274,1775106214323,right_insole,右鞋垫,FF:25:02:05:18:F3,2,2321,67,4315,1218,0,1008,2879,590,3819,506,1178,2548,3777,0,1137,1263,2387,0
2026-04-02 13:03:34.473,1953.479361604,1775106214473,right_insole,右鞋垫,FF:25:02:05:18:F3,2,3292,827,3511,467,0,954,3846,1426,3149,0,405,2108,4583,0,295,831,2651,0
2026-04-02 13:03:34.473,1953.479411463,1775106214473,right_insole,右鞋垫,FF:25:02:05:18:F3,2,4030,2241,3083,0,0,89,4244,2440,2846,0,0,611,4779,285,0,0,2549,0
2026-04-02 13:03:34.473,1953.479444112,1775106214473,right_insole,右鞋垫,FF:25:02:05:18:F3,2,3265,3241,2523,0,0,0,2968,3087,2530,0,0,0,3233,189,0,0,1632,0
2026-04-02 13:03:34.533,1953.539613955,1775106214533,right_insole,右鞋垫,FF:25:02:05:18:F3,2,1722,2058,2259,0,0,0,1306,1913,2390,0,0,0,1605,0,0,0,536,0
2026-04-02 13:03:34.563,1953.569599085,1775106214563,right_insole,右鞋垫,FF:25:02:05:18:F3,2,634,359,2070,0,0,0,271,495,2192,0,0,0,464,0,0,0,0,0
2026-04-02 13:03:34.713,1953.719289075,1775106214713,right_insole,右鞋垫,FF:25:02:05:18:F3,2,0,0,2250,0,0,0,0,0,2308,0,0,0,0,0,0,0,0,0
2026-04-02 13:03:34.742,1953.748310483,1775106214742,right_insole,右鞋垫,FF:25:02:05:18:F3,2,0,0,2297,0,0,0,0,0,2356,0,0,0,0,0,0,0,0,0
2026-04-02 13:03:34.742,1953.748360326,1775106214742,right_insole,右鞋垫,FF:25:02:05:18:F3,2,0,0,2320,0,0,0,0,0,2420,0,0,0,0,0,0,0,0,0
2026-04-02 13:03:34.772,1953.778399384,1775106214772,right_insole,右鞋垫,FF:25:02:05:18:F3,2,0,0,2276,0,0,0,0,0,2464,0,0,0,0,0,0,0,0,0
2026-04-02 13:03:34.862,1953.86842396,1775106214862,right_insole,右鞋垫,FF:25:02:05:18:F3,2,0,0,2284,0,0,0,0,0,2493,0,0,0,0,0,0,0,0,0
2026-04-02 13:03:34.893,1953.899399365,1775106214893,right_insole,右鞋垫,FF:25:02:05:18:F3,2,0,0,2299,0,0,0,0,0,2512,0,0,0,0,0,0,0,0,0
2026-04-02 13:03:34.922,1953.928409474,1775106214922,right_insole,右鞋垫,FF:25:02:05:18:F3,2,0,0,2316,0,0,0,0,0,2510,0,0,0,0,0,0,0,0,0
2026-04-02 13:03:35.013,1954.019414255,1775106215013,right_insole,右鞋垫,FF:25:02:05:18:F3,2,0,0,2224,0,0,0,0,0,2458,0,0,0,0,0,0,0,0,0
2026-04-02 13:03:35.042,1954.048331787,1775106215042,right_insole,右鞋垫,FF:25:02:05:18:F3,2,0,0,2152,0,0,0,0,0,2422,0,0,0,0,0,0,0,0,0
2026-04-02 13:03:35.133,1954.13935709,1775106215133,right_insole,右鞋垫,FF:25:02:05:18:F3,2,0,0,2258,0,0,0,0,0,2754,0,0,0,0,0,0,0,0,0
2026-04-02 13:03:35.133,1954.139409032,1775106215133,right_insole,右鞋垫,FF:25:02:05:18:F3,2,0,0,5094,765,0,0,0,0,5582,880,0,0,0,0,0,0,0,0
2026-04-02 13:03:35.193,1954.199257313,1775106215193,right_insole,右鞋垫,FF:25:02:05:18:F3,2,0,0,8870,3365,0,0,0,0,9702,3896,0,0,0,0,440,0,0,0
2026-04-02 13:03:35.253,1954.259409384,1775106215253,right_insole,右鞋垫,FF:25:02:05:18:F3,2,0,0,8335,3855,0,0,0,0,9125,4171,275,0,0,0,1010,0,0,0
2026-04-02 13:03:35.313,1954.319332204,1775106215313,right_insole,右鞋垫,FF:25:02:05:18:F3,2,0,0,7643,3699,0,0,146,0,8144,3603,729,425,642,0,1108,133,298,0
2026-04-02 13:03:35.343,1954.349242105,1775106215343,right_insole,右鞋垫,FF:25:02:05:18:F3,2,742,0,6930,3321,0,0,1073,0,7157,3089,1054,966,1504,0,1314,495,869,0
2026-04-02 13:03:35.403,1954.409299513,1775106215403,right_insole,右鞋垫,FF:25:02:05:18:F3,2,955,0,6280,2864,0,108,1401,0,6593,2741,1215,1346,1840,0,1438,719,1158,0
2026-04-02 13:03:35.583,1954.589190742,1775106215583,right_insole,右鞋垫,FF:25:02:05:18:F3,2,1176,0,5630,2398,0,251,1673,0,5703,2109,1274,1563,2223,0,1565,996,1453,0
2026-04-02 13:03:35.583,1954.589268745,1775106215583,right_insole,右鞋垫,FF:25:02:05:18:F3,2,1415,0,5116,2117,0,422,1839,76,5128,1768,1239,1854,2497,0,1564,1067,1576,0
2026-04-02 13:03:35.583,1954.589319032,1775106215583,right_insole,右鞋垫,FF:25:02:05:18:F3,2,1703,0,4753,1754,0,616,2212,254,4766,1358,1201,2028,2827,0,1497,1210,1759,0
2026-04-02 13:03:35.613,1954.619426298,1775106215613,right_insole,右鞋垫,FF:25:02:05:18:F3,2,1926,319,4433,1446,0,713,2428,478,4277,935,1162,2229,3168,0,1534,1221,1912,0
2026-04-02 13:03:35.673,1954.679278113,1775106215673,right_insole,右鞋垫,FF:25:02:05:18:F3,2,2163,567,4113,1161,0,817,2623,596,3984,619,1057,2245,3391,0,1308,1232,2062,0
2026-04-02 13:03:35.702,1954.708298765,1775106215702,right_insole,右鞋垫,FF:25:02:05:18:F3,2,2570,1149,3796,851,0,920,2902,1030,3568,193,812,2274,3765,0,953,1154,2317,0
2026-04-02 13:03:35.763,1954.76928063,1775106215763,right_insole,右鞋垫,FF:25:02:05:18:F3,2,3124,1951,3322,242,0,889,3598,1672,2912,0,384,2074,4477,0,415,988,2495,0
2026-04-02 13:03:35.823,1954.829504931,1775106215823,right_insole,右鞋垫,FF:25:02:05:18:F3,2,3783,3051,2795,0,0,397,4221,2521,2739,0,0,1232,4685,95,0,428,2861,0
2026-04-02 13:03:35.883,1954.889315706,1775106215883,right_insole,右鞋垫,FF:25:02:05:18:F3,2,3341,3980,2415,0,0,0,3582,3171,2540,0,0,0,4242,274,0,0,2621,19
2026-04-02 13:03:35.913,1954.919431114,1775106215913,right_insole,右鞋垫,FF:25:02:05:18:F3,2,2657,3995,2245,0,0,0,2674,3285,2350,0,0,0,3162,142,0,0,1799,0
2026-04-02 13:03:35.973,1954.979459179,1775106215973,right_insole,右鞋垫,FF:25:02:05:18:F3,2,1297,2385,1902,0,0,0,1335,2124,2319,0,0,0,1953,0,0,0,953,0
2026-04-02 13:03:36.032,1955.038529696,1775106216032,right_insole,右鞋垫,FF:25:02:05:18:F3,2,0,210,1809,0,0,0,0,439,2104,0,0,0,456,0,0,0,181,0
2026-04-02 13:03:36.093,1955.099567869,1775106216093,right_insole,右鞋垫,FF:25:02:05:18:F3,2,0,0,2099,0,0,0,0,0,2268,0,0,0,0,0,0,0,0,0
2026-04-02 13:03:36.153,1955.159588876,1775106216153,right_insole,右鞋垫,FF:25:02:05:18:F3,2,0,0,2145,0,0,0,0,0,2317,0,0,0,0,0,0,0,0,0
2026-04-02 13:03:36.183,1955.189542131,1775106216183,right_insole,右鞋垫,FF:25:02:05:18:F3,2,0,0,2187,0,0,0,0,0,2344,0,0,0,0,0,0,0,0,0
2026-04-02 13:03:36.242,1955.248272244,1775106216242,right_insole,右鞋垫,FF:25:02:05:18:F3,2,0,0,2234,0,0,0,0,0,2374,0,0,0,0,0,0,0,0,0
2026-04-02 13:03:36.303,1955.3096736,1775106216303,right_insole,右鞋垫,FF:25:02:05:18:F3,2,0,0,2210,0,0,0,0,0,2405,0,0,0,0,0,0,0,0,0
2026-04-02 13:03:36.363,1955.369386474,1775106216363,right_insole,右鞋垫,FF:25:02:05:18:F3,2,0,0,2229,0,0,0,0,0,2431,0,0,0,0,0,0,0,0,0
2026-04-02 13:03:36.393,1955.399610539,1775106216393,right_insole,右鞋垫,FF:25:02:05:18:F3,2,0,0,2260,0,0,0,0,0,2425,0,0,0,0,0,0,0,0,0
2026-04-02 13:03:36.483,1955.48949265,1775106216483,right_insole,右鞋垫,FF:25:02:05:18:F3,2,0,0,2224,0,0,0,0,0,2425,0,0,0,0,0,0,0,0,0
2026-04-02 13:03:36.483,1955.489532265,1775106216483,right_insole,右鞋垫,FF:25:02:05:18:F3,2,0,0,2150,0,0,0,0,0,2403,0,0,0,0,0,0,0,0,0
2026-04-02 13:03:36.544,1955.550246425,1775106216544,right_insole,右鞋垫,FF:25:02:05:18:F3,2,0,0,2134,0,0,0,0,0,2439,0,0,0,0,0,0,0,0,0
2026-04-02 13:03:36.603,1955.609541152,1775106216603,right_insole,右鞋垫,FF:25:02:05:18:F3,2,0,0,2479,0,0,0,0,0,3005,0,0,0,0,0,0,0,0,0
2026-04-02 13:03:36.663,1955.669565197,1775106216663,right_insole,右鞋垫,FF:25:02:05:18:F3,2,0,0,4723,557,0,0,0,0,5111,689,0,0,0,0,0,0,0,0
