local_time,arrival_time_monotonic,timestamp_us,role,role_label,mac_address,quat_w,quat_x,quat_y,quat_z,euler_x,euler_y,euler_z,acc_x,acc_y,acc_z,gyro_x,gyro_y,gyro_z
2026-04-02 13:03:43.369,1962.375431142,607450792,left_foot,左脚,D4:22:CD:00:84:61,0.22944337129592896,0.44684216380119324,-0.09173648804426193,0.8598093390464783,4.6315993755669345,-54.144312745938535,147.74892621335135,-0.7342430353164673,-4.4458489418029785,2.26999831199646,-0.40732598304748535,5.6660027503967285,-1.4287489652633667
2026-04-02 13:03:43.398,1962.404563364,607484126,left_foot,左脚,D4:22:CD:00:84:61,0.2206679880619049,0.4530702531337738,-0.1083712950348854,0.8569066524505615,1.4400761659837273,-55.51816086523873,150.36026715749932,7.756620407104492,0.4808626174926758,5.952547073364258,0.4318714439868927,-31.66526985168457,2.0460708141326904
2026-04-02 13:03:43.428,1962.43454317,607517460,left_foot,左脚,D4:22:CD:00:84:61,0.21764078736305237,0.460369348526001,-0.11140798032283783,0.8533936738967896,1.0641705592220798,-56.537456020368204,150.81343434635104,7.891450881958008,0.21974287927150726,5.8988938331604,0.4542885720729828,-42.75873565673828,7.850677490234375
2026-04-02 13:03:43.488,1962.494484257,607550794,left_foot,左脚,D4:22:CD:00:84:61,0.21385471522808075,0.4703391492366791,-0.11533114314079285,0.8483784794807434,0.5912785619981994,-57.92777026058297,151.3766027793697,8.038800239562988,-0.20864343643188477,6.227821350097656,0.013015082105994225,-57.700687408447266,9.99682331085205
2026-04-02 13:03:43.518,1962.524593712,607584128,left_foot,左脚,D4:22:CD:00:84:61,0.20898589491844177,0.48483431339263916,-0.11934878677129745,0.8408429622650146,0.22168060451976523,-59.90818892539638,151.95692112911473,8.447474479675293,-0.36559543013572693,6.647878170013428,6.383958339691162,-77.4951171875,5.298342227935791
2026-04-02 13:03:43.548,1962.554587843,607617462,left_foot,左脚,D4:22:CD:00:84:61,0.20357632637023926,0.5059648156166077,-0.12409987300634384,0.8289483785629272,0.03260059849938679,-62.793573914228055,152.3843954400713,8.676318168640137,-0.8118336200714111,6.8131561279296875,8.467050552368164,-108.33502197265625,1.1206045150756836
2026-04-02 13:03:43.578,1962.584466379,607650796,left_foot,左脚,D4:22:CD:00:84:61,0.19728320837020874,0.5357426404953003,-0.13012678921222687,0.8106331825256348,0.06076976230293468,-66.91514965965091,152.60359298030616,8.86345100402832,0.44360679388046265,7.453138828277588,9.727639198303223,-148.03024291992188,-3.3354246616363525
2026-04-02 13:03:43.608,1962.614557908,607684130,left_foot,左脚,D4:22:CD:00:84:61,0.18823876976966858,0.5755301117897034,-0.13837075233459473,0.783699631690979,-0.039836788136644104,-72.58818571541161,153.01693412856403,9.080763816833496,0.7110999822616577,8.199865341186523,8.871880531311035,-199.675048828125,3.63543701171875
2026-04-02 13:03:43.638,1962.644304078,607717464,left_foot,左脚,D4:22:CD:00:84:61,0.17373156547546387,0.6319889426231384,-0.14731454849243164,0.7407469153404236,0.48923812956983526,-80.92177681995345,153.1840554579505,11.653725624084473,-0.43842142820358276,9.671439170837402,20.595252990722656,-286.9519348144531,2.828826665878296
2026-04-02 13:03:43.668,1962.674474163,607750798,left_foot,左脚,D4:22:CD:00:84:61,0.15316468477249146,0.6948074698448181,-0.1604519486427307,0.6841333508491516,-158.4914868747093,-88.95273827138142,-47.134507367954605,13.414877891540527,2.9618334770202637,11.22065544128418,19.77545166015625,-349.0079650878906,18.01276969909668
2026-04-02 13:03:43.698,1962.704536694,607784132,left_foot,左脚,D4:22:CD:00:84:61,0.11926303058862686,0.7486286163330078,-0.14776766300201416,0.6352136135101318,-176.81378305602158,-80.51352146580975,-25.029704491324864,10.261333465576172,-2.9091978073120117,4.788231372833252,112.58202362060547,-309.9299011230469,1.3992822170257568
2026-04-02 13:03:43.728,1962.734589362,607817466,left_foot,左脚,D4:22:CD:00:84:61,0.10359480232000351,0.7607601881027222,-0.12546075880527496,0.6283087134361267,-179.98951862186672,-79.10599419667294,-18.737943292139896,16.229511260986328,11.094710350036621,8.328916549682617,91.70531463623047,-94.55322265625,-24.07498550415039
2026-04-02 13:03:43.818,1962.824431824,607850800,left_foot,左脚,D4:22:CD:00:84:61,0.12182189524173737,0.7301930785179138,-0.13838958740234375,0.6578952074050903,-177.71047980059382,-83.98720674135804,-23.52443882131496,4.148863792419434,0.34615057706832886,8.089311599731445,-70.54859161376953,90.64393615722656,40.46326446533203
2026-04-02 13:03:43.818,1962.824676712,607884134,left_foot,左脚,D4:22:CD:00:84:61,0.11143209785223007,0.6950719952583313,-0.12475355714559555,0.6992097496986389,-82.35918094841378,-88.86969318620048,-116.86962612891419,2.8296003341674805,-2.751668691635132,5.071348190307617,61.980777740478516,130.48155212402344,37.591148376464844
2026-04-02 13:03:43.848,1962.854391467,607917468,left_foot,左脚,D4:22:CD:00:84:61,0.10602648556232452,0.6419731974601746,-0.11432848125696182,0.7507050037384033,-13.357257234382756,-81.15520560015695,175.37520482162515,5.541814804077148,1.714670181274414,3.873839855194092,37.57646560668945,205.48870849609375,41.916744232177734
2026-04-02 13:03:43.878,1962.884393552,607950802,left_foot,左脚,D4:22:CD:00:84:61,0.11229325085878372,0.5748533606529236,-0.10117145627737045,0.8041754961013794,-6.0225912594961315,-71.31383487187327,168.42423368882453,6.260244369506836,-1.6508110761642456,3.703885078430176,12.849740028381348,258.31268310546875,10.679543495178223
2026-04-02 13:03:43.908,1962.914562965,607984136,left_foot,左脚,D4:22:CD:00:84:61,0.12330546975135803,0.5009838342666626,-0.08218277245759964,0.8526763916015625,-1.962515042889854,-61.00018572553228,164.6990945237659,8.333565711975098,0.05713078752160072,4.304680824279785,15.1254301071167,277.29229736328125,-16.60597801208496
2026-04-02 13:03:43.938,1962.944488315,608017470,left_foot,左脚,D4:22:CD:00:84:61,0.13608455657958984,0.42410680651664734,-0.06022730469703674,0.8933013081550598,0.7083643007888634,-50.72370838811853,162.34065475133124,9.946746826171875,-1.0752278566360474,4.79341459274292,17.55012321472168,280.4189758300781,-31.050996780395508
2026-04-02 13:03:43.968,1962.974420309,608050804,left_foot,左脚,D4:22:CD:00:84:61,0.1511656641960144,0.34921881556510925,-0.032988451421260834,0.9241791367530823,3.385947354522026,-40.95414645991603,160.1563425552249,12.34671401977539,0.21293839812278748,5.7807817459106445,30.231319427490234,269.2846374511719,-52.350669860839844
2026-04-02 13:03:43.998,1963.004521914,608084138,left_foot,左脚,D4:22:CD:00:84:61,0.17786775529384613,0.2685414254665375,-0.006657734047621489,0.9466808438301086,5.535249562137577,-30.718081377598416,157.19650038393917,16.52434539794922,1.4024924039840698,7.6470842361450195,9.94953441619873,285.607666015625,-92.87149810791016
2026-04-02 13:03:44.028,1963.034593563,608117472,left_foot,左脚,D4:22:CD:00:84:61,0.20659132301807404,0.18248334527015686,0.023891031742095947,0.9609627723693848,7.414293523073301,-19.92854201146791,154.42968836369056,20.01685333251953,-1.488635778427124,6.571563720703125,18.715652465820312,306.36444091796875,-109.46044921875
2026-04-02 13:03:44.088,1963.094551633,608150806,left_foot,左脚,D4:22:CD:00:84:61,0.21515049040317535,0.10624758899211884,0.05675346404314041,0.969123899936676,9.11120129979719,-10.457901161189856,154.13051734815986,22.347808837890625,2.9888341426849365,-1.7312488555908203,47.31753158569336,283.45623779296875,-49.63943862915039
2026-04-02 13:03:44.118,1963.124545938,608184140,left_foot,左脚,D4:22:CD:00:84:61,0.22311942279338837,0.07182297855615616,0.08040445297956467,0.9688109159469604,10.885890461642955,-5.928433392849516,153.49618252042885,18.745553970336914,-6.421440124511719,-12.229391098022461,48.542694091796875,144.30616760253906,-44.29262161254883
2026-04-02 13:03:44.148,1963.154414074,608217474,left_foot,左脚,D4:22:CD:00:84:61,0.22935032844543457,0.0897003561258316,0.0636180192232132,0.9671118259429932,9.551506758842862,-8.29783933643399,152.62310005241062,17.991867065429688,0.7380639910697937,-15.188882827758789,-44.43526077270508,-53.13962936401367,-16.66807746887207
2026-04-02 13:03:44.178,1963.184388578,608250808,left_foot,左脚,D4:22:CD:00:84:61,0.2259446233510971,0.12753452360630035,0.023053018376231194,0.9654804468154907,6.033568609267653,-13.641542533714595,152.9346821431651,5.580002307891846,1.421379566192627,11.368179321289062,-105.53107452392578,-132.013427734375,27.767667770385742
2026-04-02 13:03:44.208,1963.214431383,608284142,left_foot,左脚,D4:22:CD:00:84:61,0.23685984313488007,0.18203261494636536,-0.009473742917180061,0.9542913436889648,4.175304308649459,-20.60431439619201,151.36192279688274,8.248675346374512,-4.903875350952148,7.525569438934326,-70.66553497314453,-188.47525024414062,-28.027790069580078
2026-04-02 13:03:44.238,1963.244372026,608317476,left_foot,左脚,D4:22:CD:00:84:61,0.23795820772647858,0.23259975016117096,-0.025843851268291473,0.9426588416099548,3.9812508445600234,-26.796548979717137,150.71656039235455,18.713743209838867,-0.22298629581928253,5.703403949737549,-13.11520004272461,-162.61941528320312,-6.360865592956543
2026-04-02 13:03:44.268,1963.274352532,608350810,left_foot,左脚,D4:22:CD:00:84:61,0.23210427165031433,0.2601126730442047,-0.037414222955703735,0.9365197420120239,3.3644200036699408,-30.30276472971536,151.24963924326022,10.199727058410645,0.5659876465797424,5.841573238372803,-10.938980102539062,-77.54573059082031,19.15294075012207
2026-04-02 13:03:44.298,1963.304380375,608384144,left_foot,左脚,D4:22:CD:00:84:61,0.22763822972774506,0.28017348051071167,-0.04686605930328369,0.9313899874687195,2.748211961777194,-32.90437222921205,151.71980714698577,8.712214469909668,-0.8946967124938965,5.678976058959961,-10.856317520141602,-51.66706085205078,14.680810928344727
2026-04-02 13:03:44.328,1963.334426112,608417478,left_foot,左脚,D4:22:CD:00:84:61,0.22470182180404663,0.2943550646305084,-0.05280270799994469,0.927402913570404,2.395107120477559,-34.72938935315515,152.01132101396877,8.11920166015625,-0.7711591124534607,5.717236042022705,-5.0690412521362305,-29.821821212768555,8.183101654052734
2026-04-02 13:03:44.388,1963.39441368,608450812,left_foot,左脚,D4:22:CD:00:84:61,0.22320395708084106,0.3051877021789551,-0.05544013902544975,0.9241034388542175,2.394757544329684,-36.07180952886037,152.06233433555107,7.479726314544678,-0.5894001126289368,6.090030670166016,1.7538975477218628,-16.77220916748047,1.3105846643447876
2026-04-02 13:03:44.418,1963.424442028,608484146,left_foot,左脚,D4:22:CD:00:84:61,0.22070451080799103,0.3152669072151184,-0.059289127588272095,0.9210761785507202,2.159124750620656,-37.36859343271371,152.31991250438642,7.637557029724121,0.9344571828842163,5.803027629852295,-1.5120714902877808,-16.49073028564453,6.1224446296691895
2026-04-02 13:03:44.448,1963.454514927,608517480,left_foot,左脚,D4:22:CD:00:84:61,0.2186315804719925,0.3194194436073303,-0.06341691315174103,0.9198639988899231,1.6721133822131624,-37.979155682107695,152.68478798090408,7.729132652282715,-0.8761042952537537,5.794936180114746,-7.074943542480469,3.124610424041748,7.862250328063965
2026-04-02 13:03:44.478,1963.484456839,608550814,left_foot,左脚,D4:22:CD:00:84:61,0.21894928812980652,0.32297131419181824,-0.06462041288614273,0.918463408946991,1.662421462661016,-38.43100656959371,152.60396317650228,7.376262187957764,-0.37767595052719116,6.137945652008057,-0.7387540340423584,6.589022636413574,-3.000075578689575
2026-04-02 13:03:44.508,1963.514413239,608584148,left_foot,左脚,D4:22:CD:00:84:61,0.2194199562072754,0.32628634572029114,-0.06613034754991531,0.9170708656311035,1.6113547995443822,-38.86414952891791,152.52004494084602,7.545412540435791,0.20061446726322174,5.81112813949585,-2.323296546936035,2.0448191165924072,-2.7293410301208496
2026-04-02 13:03:44.539,1963.545420618,608617482,left_foot,左脚,D4:22:CD:00:84:61,0.21923044323921204,0.32879921793937683,-0.06832292675971985,0.9160574674606323,1.4046641645324935,-39.2240662056671,152.58174131449985,7.434061527252197,0.2841642498970032,5.930882930755615,-4.705727577209473,-3.7928524017333984,1.206278920173645
2026-04-02 13:03:44.568,1963.574494912,608650816,left_foot,左脚,D4:22:CD:00:84:61,0.21962706744670868,0.33216580748558044,-0.06953820586204529,0.9146553874015808,1.3916754810238752,-39.65618805520266,152.49370341384238,7.513165473937988,-0.5441300272941589,6.020130157470703,-1.9212048053741455,-9.857707977294922,-1.9786349534988403
2026-04-02 13:03:44.598,1963.604439234,608684150,left_foot,左脚,D4:22:CD:00:84:61,0.2204497754573822,0.33633458614349365,-0.0697292611002922,0.9129177927970886,1.572589495915694,-40.153318676541105,152.27362888723653,7.548383712768555,0.08092521131038666,5.818475246429443,1.2882102727890015,-13.148116111755371,-4.858845233917236
2026-04-02 13:03:44.659,1963.665310238,608717484,left_foot,左脚,D4:22:CD:00:84:61,0.21981146931648254,0.3407350182533264,-0.07184446603059769,0.9112743139266968,1.425897348358153,-40.73721222656732,152.34768887531004,7.423435688018799,0.8517367243766785,5.802690505981445,-2.895840644836426,-15.98791790008545,2.0060293674468994
2026-04-02 13:03:44.689,1963.695173499,608750818,left_foot,左脚,D4:22:CD:00:84:61,0.21833008527755737,0.3467494249343872,-0.07577893882989883,0.9090404510498047,1.0445825453166293,-41.5679672967478,152.5929435214097,7.43851900100708,0.0133993960916996,6.07790994644165,-6.548033714294434,-23.471057891845703,5.949700355529785
2026-04-02 13:03:44.718,1963.724364878,608784152,left_foot,左脚,D4:22:CD:00:84:61,0.2162369340658188,0.3566049635410309,-0.08196704834699631,0.9051827788352966,0.4563360671332987,-42.92449398664064,152.949684792869,7.438357830047607,0.21839159727096558,6.3255934715271,-10.401159286499023,-39.32685089111328,8.331498146057129
2026-04-02 13:03:44.748,1963.754381294,608817486,left_foot,左脚,D4:22:CD:00:84:61,0.2132803201675415,0.3707500696182251,-0.08875929564237595,0.8995431661605835,-0.1242506194078574,-44.819239852516255,153.37435761964534,7.661365509033203,-0.1894487887620926,6.330765247344971,-8.535055160522461,-55.58449172973633,9.22546100616455
2026-04-02 13:03:44.778,1963.784369839,608850820,left_foot,左脚,D4:22:CD:00:84:61,0.20800252258777618,0.3897112011909485,-0.09568437933921814,0.8920229077339172,-0.725391343127087,-47.31293251789061,154.06631459206798,7.936769962310791,-0.15974201261997223,7.23381233215332,-3.028679370880127,-73.70276641845703,13.723920822143555
2026-04-02 13:03:44.808,1963.814410956,608884154,left_foot,左脚,D4:22:CD:00:84:61,0.20191019773483276,0.4132978618144989,-0.10261517763137817,0.8819793462753296,-1.2683913114370022,-50.396853131117105,154.80795155266185,8.569896697998047,-1.0328381061553955,7.519353866577148,0.5240061283111572,-91.56560516357422,12.901989936828613
2026-04-02 13:03:44.838,1963.84430863,608917488,left_foot,左脚,D4:22:CD:00:84:61,0.19663457572460175,0.44604921340942383,-0.10894370824098587,0.8663178086280823,-1.3215771180001772,-54.65511797437959,155.10659247375972,8.467212677001953,-1.1719975471496582,7.8594255447387695,5.5788044929504395,-126.66548919677734,2.4265496730804443
2026-04-02 13:03:44.868,1963.874392099,608950822,left_foot,左脚,D4:22:CD:00:84:61,0.18990696966648102,0.4926122725009918,-0.11745107173919678,0.8411146998405457,-1.2324317384452566,-60.843971453106775,155.2778782279207,9.024374008178711,0.489413857460022,9.592806816101074,7.0814337730407715,-184.5391387939453,-1.534733772277832
2026-04-02 13:03:44.898,1963.904462105,608984156,left_foot,左脚,D4:22:CD:00:84:61,0.17516738176345825,0.5564734935760498,-0.13315995037555695,0.8012005686759949,-3.054927886846229,-69.77529555464474,157.4652533002579,9.60988998413086,1.6793464422225952,11.837528228759766,5.169427871704102,-267.65557861328125,17.276426315307617
2026-04-02 13:03:44.928,1963.934371271,609017490,left_foot,左脚,D4:22:CD:00:84:61,0.14551717042922974,0.6354067325592041,-0.16285239160060883,0.7406497597694397,-21.984655642111296,-81.3491939908869,176.72244297596066,12.796417236328125,5.530973434448242,13.594016075134277,-5.2276201248168945,-364.43548583984375,65.92382049560547
2026-04-02 13:03:45.018,1964.024837219,609050824,left_foot,左脚,D4:22:CD:00:84:61,0.10511286556720734,0.7106562256813049,-0.18898598849773407,0.66948002576828,-128.1774715642771,-82.42355186780676,-75.88145361519952,9.470251083374023,-0.5137101411819458,7.006508827209473,19.57439613342285,-382.73809814453125,82.40364837646484
2026-04-02 13:03:45.019,1964.025958777,609084158,left_foot,左脚,D4:22:CD:00:84:61,0.07503275573253632,0.7472543120384216,-0.1768881380558014,0.6361538171768188,-147.80640376759018,-77.76379437257575,-52.834730468628,16.742158889770508,1.9531844854354858,5.277238368988037,92.9666519165039,-180.10243225097656,3.823390483856201
2026-04-02 13:03:45.048,1964.054386304,609117492,left_foot,左脚,D4:22:CD:00:84:61,0.09490086883306503,0.7300212979316711,-0.17967860400676727,0.6525170803070068,-143.66678230305448,-80.68233132507581,-58.79936948865806,6.805016994476318,5.426486015319824,8.180378913879395,-51.623146057128906,91.82992553710938,-21.507442474365234
2026-04-02 13:03:45.078,1964.084412137,609150826,left_foot,左脚,D4:22:CD:00:84:61,0.10778731852769852,0.6997653245925903,-0.18003365397453308,0.6828603744506836,-114.92903222394267,-83.9851060767829,-88.58958957751368,1.349230408668518,-1.9271514415740967,5.030337810516357,-24.265077590942383,152.58580017089844,0.6346369981765747
2026-04-02 13:03:45.108,1964.1144173,609184160,left_foot,左脚,D4:22:CD:00:84:61,0.11283966898918152,0.6633063554763794,-0.17207469046115875,0.7195014953613281,-58.150873688208705,-83.38036553039068,-145.13377426832494,4.659775257110596,0.08741875737905502,3.6861791610717773,15.701626777648926,180.57106018066406,5.129159927368164
2026-04-02 13:03:45.138,1964.144283133,609217494,left_foot,左脚,D4:22:CD:00:84:61,0.1303551197052002,0.6085132360458374,-0.16808979213237762,0.7645031809806824,-25.862169052652096,-76.96773521501437,-178.66443626664645,6.0901641845703125,0.46010568737983704,3.808713674545288,-24.754547119140625,250.98416137695312,-2.561203956604004
2026-04-02 13:03:45.168,1964.174434301,609250828,left_foot,左脚,D4:22:CD:00:84:61,0.1553334891796112,0.548063337802887,-0.15571270883083344,0.8070017695426941,-13.011823579619257,-68.89955828317339,167.15599754946982,7.0960001945495605,-0.9984972476959229,4.383732795715332,-22.29286003112793,268.764404296875,-37.64873504638672
2026-04-02 13:03:45.198,1964.204383189,609284162,left_foot,左脚,D4:22:CD:00:84:61,0.17450648546218872,0.4848215579986572,-0.13588865101337433,0.846185564994812,-7.027082904611191,-60.21836950056611,160.77317959504794,9.451574325561523,0.5001367926597595,4.717016696929932,7.160386562347412,271.093505859375,-35.35736846923828
2026-04-02 13:03:45.228,1964.234342874,609317496,left_foot,左脚,D4:22:CD:00:84:61,0.18392635881900787,0.42162689566612244,-0.10446624457836151,0.881753146648407,-2.6786571907659273,-51.441294318782205,157.72557236021976,12.770550727844238,1.068512201309204,5.299247741699219,54.45249557495117,267.4888916015625,-29.002012252807617
2026-04-02 13:03:45.288,1964.29435859,609350830,left_foot,左脚,D4:22:CD:00:84:61,0.1998436450958252,0.3487113118171692,-0.065523661673069,0.9133288264274597,1.5071554175533266,-41.5417172514512,154.74381791451572,16.61465072631836,2.206721067428589,6.558585166931152,60.252506256103516,298.5270080566406,-58.65184020996094
2026-04-02 13:03:45.318,1964.324252399,609384164,left_foot,左脚,D4:22:CD:00:84:61,0.2185710072517395,0.27299973368644714,-0.01235776674002409,0.9367738366127014,6.4513855918943666,-31.123204882495468,151.93471134114097,17.33458709716797,-0.6004524230957031,6.350481986999512,97.84087371826172,308.25787353515625,-89.56688690185547
2026-04-02 13:03:45.348,1964.354364819,609417498,left_foot,左脚,D4:22:CD:00:84:61,0.21755918860435486,0.2099984586238861,0.04855263978242874,0.951951265335083,11.455403046009861,-22.252591535119333,151.99322852314262,22.303739547729492,-0.39949747920036316,1.0667908191680908,150.57972717285156,264.7244873046875,-40.02058410644531
2026-04-02 13:03:45.378,1964.3843326,609450832,left_foot,左脚,D4:22:CD:00:84:61,0.2098592072725296,0.1682146191596985,0.09638520330190659,0.9583178162574768,15.434435868825503,-16.376707025781815,153.06172220321105,20.861356735229492,-2.8792672157287598,-8.995326042175293,129.85960388183594,180.56582641601562,-11.87098503112793
2026-04-02 13:03:45.408,1964.414402072,609484166,left_foot,左脚,D4:22:CD:00:84:61,0.2270193099975586,0.16689911484718323,0.10254157334566116,0.9539875984191895,16.382592281532833,-15.776256855686997,150.94361174954358,18.475749969482422,-2.77451753616333,-14.307957649230957,10.87503719329834,3.1075663566589355,-64.14055633544922
2026-04-02 13:03:45.438,1964.444349515,609517500,left_foot,左脚,D4:22:CD:00:84:61,0.24155840277671814,0.18653284013271332,0.026075445115566254,0.951932430267334,8.555104810296246,-20.031441213887977,150.0091613713536,5.929363250732422,3.7683041095733643,9.375542640686035,-243.39111328125,-127.62425994873047,1.0647363662719727
2026-04-02 13:03:45.468,1964.474468704,609550834,left_foot,左脚,D4:22:CD:00:84:61,0.2623573839664459,0.2205025553703308,-0.03226369246840477,0.9388856887817383,3.501865876162244,-25.529934502768853,147.98198147162066,5.036545276641846,-11.35440444946289,5.96821403503418,-175.05929565429688,-167.34458923339844,-38.71070861816406
2026-04-02 13:03:45.498,1964.504253665,609584168,left_foot,左脚,D4:22:CD:00:84:61,0.2700820863246918,0.26511090993881226,-0.052363645285367966,0.9241374135017395,3.1115605242545437,-31.217133203918017,146.54819957587614,11.40761661529541,-9.38262939453125,8.244524955749512,-31.881967544555664,-169.89439392089844,-28.264060974121094
2026-04-02 13:03:45.528,1964.534471064,609617502,left_foot,左脚,D4:22:CD:00:84:61,0.266653448343277,0.3016420006752014,-0.06653453409671783,0.9129518866539001,2.7863710333736624,-35.891531433358516,146.5335312324494,15.68955135345459,8.15573787689209,5.238748550415039,-9.666434288024902,-137.3626708984375,6.486972808837891
2026-04-02 13:03:45.588,1964.594465506,609650836,left_foot,左脚,D4:22:CD:00:84:61,0.25910377502441406,0.3211304843425751,-0.08332756161689758,0.907081663608551,1.1197034658501965,-38.73828546670267,147.722854947256,9.920416831970215,-0.8586920499801636,5.308833599090576,-28.190021514892578,-81.56637573242188,31.01536750793457
2026-04-02 13:03:45.618,1964.624292947,609684170,left_foot,左脚,D4:22:CD:00:84:61,0.2529858350753784,0.3335435688495636,-0.09496767818927765,0.9031766653060913,-0.20984967244002892,-40.582963936723274,148.78175976087385,9.023140907287598,-2.96962571144104,5.623753547668457,-19.39342498779297,-52.3617057800293,24.627843856811523
2026-04-02 13:03:45.648,1964.654383411,609717504,left_foot,左脚,D4:22:CD:00:84:61,0.2513178288936615,0.3411540389060974,-0.09700918197631836,0.900579035282135,-0.249014472782201,-41.54687403942984,148.90961147078465,8.260357856750488,-2.0813441276550293,5.7778730392456055,1.6254136562347412,-26.197139739990234,2.4605748653411865
2026-04-02 13:03:45.678,1964.684443336,609750838,left_foot,左脚,D4:22:CD:00:84:61,0.25060030817985535,0.3464399576187134,-0.09712181240320206,0.8987471461296082,-0.07267237878064524,-42.175302336619566,148.86758131353398,7.7881598472595215,0.7778927087783813,5.690213680267334,4.741176128387451,-16.18535804748535,-1.3256034851074219
2026-04-02 13:03:45.708,1964.714460524,609784172,left_foot,左脚,D4:22:CD:00:84:61,0.24854031205177307,0.3487853705883026,-0.10008228570222855,0.8980870246887207,-0.4970429434751438,-42.549584274050986,149.2553079669355,7.684080123901367,0.2915666103363037,5.741593360900879,-4.649580478668213,-8.661677360534668,8.243162155151367
2026-04-02 13:03:45.739,1964.74522347,609817506,left_foot,左脚,D4:22:CD:00:84:61,0.24736784398555756,0.34963512420654297,-0.10177912563085556,0.8978894352912903,-0.7637889397909555,-42.70479216491714,149.4929169217514,7.700305461883545,-0.5778042674064636,5.827258110046387,-2.9398531913757324,-2.150148868560791,4.9090704917907715
2026-04-02 13:03:45.768,1964.774508846,609850840,left_foot,左脚,D4:22:CD:00:84:61,0.24688920378684998,0.34906578063964844,-0.10249068588018417,0.8981618285179138,-0.915137921127189,-42.659706127270475,149.61734106852725,7.671442031860352,-0.008099676109850407,5.506007671356201,-1.7736605405807495,3.8486640453338623,2.4796907901763916
2026-04-02 13:03:45.828,1964.83423156,609884174,left_foot,左脚,D4:22:CD:00:84:61,0.24600161612033844,0.348067045211792,-0.10441185534000397,0.8985715508460999,-1.276120202374795,-42.60165028383612,149.8761912830349,7.493526935577393,0.041594840586185455,5.719809532165527,-5.350428104400635,4.145813465118408,5.479755878448486
2026-04-02 13:03:45.829,1964.835316031,609917508,left_foot,左脚,D4:22:CD:00:84:61,0.2450377196073532,0.35013484954833984,-0.10710065811872482,0.8977147936820984,-1.6200420023505946,-42.93198240658236,150.10231685114113,7.4703688621521,-0.5010493397712708,6.074836254119873,-5.516670227050781,-7.661557197570801,4.484505653381348
2026-04-02 13:03:45.888,1964.894589756,609950842,left_foot,左脚,D4:22:CD:00:84:61,0.24462538957595825,0.35402917861938477,-0.10871662944555283,0.896104097366333,-1.7075618636044203,-43.44702605906805,150.1423641401071,7.7075605392456055,-0.4008465111255646,5.738042831420898,-1.6265450716018677,-13.294901847839355,0.1958768218755722
2026-04-02 13:03:45.918,1964.924577761,609984176,left_foot,左脚,D4:22:CD:00:84:61,0.24358892440795898,0.35863131284713745,-0.11142338812351227,0.89422208070755,-1.9590573181759168,-44.08102138369445,150.3175211396652,7.535465240478516,0.3651554584503174,5.77717399597168,-3.760697603225708,-17.122051239013672,2.9744324684143066
2026-04-02 13:03:45.948,1964.954433502,610017510,left_foot,左脚,D4:22:CD:00:84:61,0.2413567304611206,0.3644568622112274,-0.11642135679721832,0.8918319940567017,-2.5687122985948094,-44.931966328051985,150.77590122522994,7.630197048187256,0.053961992263793945,5.958271026611328,-8.530945777893066,-24.01908302307129,8.605598449707031
2026-04-02 13:03:45.978,1964.984369131,610050844,left_foot,左脚,D4:22:CD:00:84:61,0.23830008506774902,0.3734588027000427,-0.12264391779899597,0.8880879878997803,-3.300440496345103,-46.20167912248832,151.3674905239683,7.495564937591553,-0.47905290126800537,6.1323676109313965,-9.170904159545898,-36.899105072021484,10.28416919708252
2026-04-02 13:03:46.008,1965.01454529,610084178,left_foot,左脚,D4:22:CD:00:84:61,0.2337682843208313,0.3873920738697052,-0.13040825724601746,0.8821981549263,-4.206460820764051,-48.1147700684554,152.19583565161233,7.782257556915283,-0.24803049862384796,6.442159175872803,-8.853915214538574,-56.673954010009766,12.933863639831543
2026-04-02 13:03:46.038,1965.044310144,610117512,left_foot,左脚,D4:22:CD:00:84:61,0.227298766374588,0.40680238604545593,-0.13792051374912262,0.8739709258079529,-5.0848869182553385,-50.69320777688464,153.2533260351891,8.220040321350098,-1.397596001625061,7.363443851470947,-2.1604838371276855,-77.1357421875,14.142224311828613
2026-04-02 13:03:46.069,1965.075284681,610150846,left_foot,左脚,D4:22:CD:00:84:61,0.22159430384635925,0.4319828450679779,-0.1431649625301361,0.8624330759048462,-5.41135330481787,-53.95562142813334,153.93626622242726,8.654951095581055,-1.8993360996246338,7.635105609893799,6.537391185760498,-97.03678894042969,3.328639030456543
2026-04-02 13:03:46.098,1965.104525338,610184180,left_foot,左脚,D4:22:CD:00:84:61,0.21624307334423065,0.4675443768501282,-0.14785601198673248,0.8442630171775818,-5.223218255408352,-58.584114578675134,154.19866623907345,8.466689109802246,-0.49288082122802734,7.523993968963623,12.303621292114258,-137.15802001953125,-8.722929000854492
2026-04-02 13:03:46.128,1965.134509549,610217514,left_foot,左脚,D4:22:CD:00:84:61,0.20634344220161438,0.5123046040534973,-0.1597747951745987,0.8181922435760498,-6.729223465446419,-64.72435512760049,155.9581768944519,8.93465805053711,1.5472608804702759,8.205828666687012,1.4336637258529663,-184.3644256591797,5.575085163116455
2026-04-02 13:03:46.188,1965.194354751,610250848,left_foot,左脚,D4:22:CD:00:84:61,0.18606635928153992,0.5695008635520935,-0.17952294647693634,0.7802689075469971,-13.376913721026064,-72.84960404625551,163.0666689931876,10.159287452697754,2.8631491661071777,10.0697021484375,-0.030699118971824646,-251.72430419921875,33.39729690551758
2026-04-02 13:03:46.218,1965.224502779,610284182,left_foot,左脚,D4:22:CD:00:84:61,0.1516069918870926,0.6348673701286316,-0.21094360947608948,0.7276411652565002,-47.50291661353412,-81.06758862373147,-162.29827027349992,12.561026573181152,3.5906476974487305,11.46207046508789,-7.4770660400390625,-319.0799255371094,80.03521728515625
2026-04-02 13:03:46.248,1965.254497774,610317516,left_foot,左脚,D4:22:CD:00:84:61,0.10382997244596481,0.7029013633728027,-0.23893426358699799,0.6618607044219971,-120.9956273534241,-78.53966756940562,-87.20118959298888,11.95346450805664,3.481555938720703,8.690096855163574,22.054420471191406,-362.7944641113281,97.25904846191406
2026-04-02 13:03:46.278,1965.284492819,610350850,left_foot,左脚,D4:22:CD:00:84:61,0.07854374498128891,0.7295288443565369,-0.25031140446662903,0.6316350698471069,-133.2619684321366,-73.92761167421124,-73.90263274045154,16.9454402923584,1.2950152158737183,5.53200626373291,19.882490158081055,-157.7425079345703,52.57230758666992
2026-04-02 13:03:46.308,1965.314353475,610384184,left_foot,左脚,D4:22:CD:00:84:61,0.09392496198415756,0.7148836851119995,-0.25061899423599243,0.6459951996803284,-127.93952925735815,-76.09639493551113,-80.47540015553218,4.188111782073975,4.866672515869141,9.646340370178223,-30.87723731994629,81.55431365966797,-15.827800750732422
2026-04-02 13:03:46.338,1965.344530692,610417518,left_foot,左脚,D4:22:CD:00:84:61,0.100287064909935,0.69403076171875,-0.23137211799621582,0.6743373274803162,-112.16824667102313,-79.24339194519975,-95.08048994673496,2.232604503631592,-0.949120044708252,6.379095554351807,44.724178314208984,128.10972595214844,-34.017967224121094
2026-04-02 13:03:46.368,1965.374572786,610450852,left_foot,左脚,D4:22:CD:00:84:61,0.10233684629201889,0.6605990529060364,-0.20985962450504303,0.7135090827941895,-76.59929692275088,-80.27823167173655,-129.00123929802936,4.1446213722229,0.9637751579284668,5.154322624206543,64.5261459350586,180.47299194335938,-15.712838172912598
2026-04-02 13:03:46.398,1965.404541802,610484186,left_foot,左脚,D4:22:CD:00:84:61,0.11792226135730743,0.6132171154022217,-0.18229855597019196,0.7594908475875854,-36.09143169346663,-77.02284706159338,-168.5820385589892,6.503680229187012,-1.6320700645446777,4.6927618980407715,48.61006164550781,242.1629638671875,-50.25855255126953
2026-04-02 13:03:46.428,1965.434392983,610517520,left_foot,左脚,D4:22:CD:00:84:61,0.14353574812412262,0.5555394291877747,-0.15091706812381744,0.8049830794334412,-13.906918466903363,-69.6726797744606,169.48298628199498,7.5400238037109375,-1.391182780265808,5.303149223327637,32.96468734741211,275.9631652832031,-78.36605834960938
2026-04-02 13:03:46.488,1965.494539577,610550854,left_foot,左脚,D4:22:CD:00:84:61,0.1687639057636261,0.48987293243408203,-0.11953537166118622,0.8469088673591614,-4.319874943783224,-60.470483450689045,159.97910533513465,10.542301177978516,-1.4511061906814575,5.531723499298096,27.9318904876709,291.15057373046875,-74.9957504272461
2026-04-02 13:03:46.518,1965.524538514,610584188,left_foot,左脚,D4:22:CD:00:84:61,0.19119906425476074,0.41927871108055115,-0.0874820351600647,0.8831734657287598,0.5255866455363261,-50.71848188310835,155.31987771407634,12.91089916229248,-1.293901801109314,6.700000762939453,29.440629959106445,295.3323669433594,-69.30744171142578
2026-04-02 13:03:46.548,1965.554502098,610617522,left_foot,左脚,D4:22:CD:00:84:61,0.222938671708107,0.3407701551914215,-0.049554839730262756,0.9119859933853149,4.613312408829809,-40.064573066709045,150.84358313345297,17.190410614013672,0.1447160542011261,8.654029846191406,26.480810165405273,315.59967041015625,-108.67720031738281
2026-04-02 13:03:46.578,1965.584510257,610650856,left_foot,左脚,D4:22:CD:00:84:61,0.24589695036411285,0.25806137919425964,-0.0075600529089570045,0.9342814087867737,7.414474484089336,-29.072892999357432,148.58398809265742,20.3147029876709,-3.904020071029663,7.0885233879089355,45.26677703857422,323.13763427734375,-90.23768615722656
2026-04-02 13:03:46.608,1965.614517382,610684190,left_foot,左脚,D4:22:CD:00:84:61,0.2383800745010376,0.19737669825553894,0.0453120619058609,0.9498233199119568,11.104687765331828,-20.69192148322258,149.78916710730462,23.308012008666992,-2.804922580718994,-2.875678062438965,125.88553619384766,255.20480346679688,-8.301655769348145
2026-04-02 13:03:46.638,1965.64429107,610717524,left_foot,左脚,D4:22:CD:00:84:61,0.2272174060344696,0.17770496010780334,0.08137449622154236,0.9540290236473083,14.334964581773255,-17.5832956212949,150.97892938596618,21.0314998626709,-6.260082244873047,-17.02613639831543,108.84918212890625,100.8900375366211,11.903992652893066
2026-04-02 13:03:46.668,1965.674595872,610750858,left_foot,左脚,D4:22:CD:00:84:61,0.2186899185180664,0.19677028059959412,0.04283636808395386,0.9547886848449707,10.352595387977978,-20.91682016952661,152.28238424528533,13.747733116149902,-1.7379150390625,-6.238024711608887,-106.26618194580078,-86.62142181396484,56.8536262512207
2026-04-02 13:03:46.698,1965.70455218,610784192,left_foot,左脚,D4:22:CD:00:84:61,0.2089313566684723,0.22880414128303528,-0.014255831018090248,0.9506804347038269,4.377412183061697,-26.167456624702567,154.19245325748918,1.868515968322754,-0.29736316204071045,11.62240219116211,-155.93186950683594,-146.42254638671875,71.87428283691406
2026-04-02 13:03:46.728,1965.734528746,610817526,left_foot,左脚,D4:22:CD:00:84:61,0.2171645611524582,0.2775362730026245,-0.04606418311595917,0.9347147345542908,2.34227273678211,-32.60479607335051,153.15562848260655,11.492964744567871,-7.591090202331543,7.308913230895996,-75.87596130371094,-191.64100646972656,-16.152061462402344
2026-04-02 13:03:46.788,1965.79454951,610850860,left_foot,左脚,D4:22:CD:00:84:61,0.21643143892288208,0.32053250074386597,-0.06171860545873642,0.920112669467926,1.8320896658362849,-38.065915063058696,152.89464310072168,18.60262107849121,2.210341215133667,5.351695537567139,-19.381961822509766,-161.19248962402344,-0.8791112303733826
2026-04-02 13:03:46.818,1965.824515319,610884194,left_foot,左脚,D4:22:CD:00:84:61,0.21095234155654907,0.3424335718154907,-0.07357168197631836,0.9125929474830627,0.7737885973514411,-40.998931268136275,153.6792672239046,9.891629219055176,-0.959775984287262,5.320035934448242,-16.43334197998047,-84.66826629638672,19.760543823242188
2026-04-02 13:03:46.848,1965.854528539,610917528,left_foot,左脚,D4:22:CD:00:84:61,0.2050451934337616,0.3553391098976135,-0.08418717980384827,0.9080767631530762,-0.5606535609962645,-42.833838711010976,154.771726946201,8.974300384521484,-1.6880842447280884,5.56011962890625,-17.827260971069336,-52.2501220703125,24.126537322998047
2026-04-02 13:03:46.878,1965.88438204,610950862,left_foot,左脚,D4:22:CD:00:84:61,0.20229527354240417,0.363031268119812,-0.0882585197687149,0.9052598476409912,-1.026420785043292,-43.866768908438786,155.2198663064343,8.33273696899414,-2.0164358615875244,5.6589274406433105,-4.424810409545898,-28.504762649536133,8.977401733398438
2026-04-02 13:03:46.908,1965.914561801,610984196,left_foot,左脚,D4:22:CD:00:84:61,0.20134098827838898,0.3676549792289734,-0.08789373934268951,0.9036407470703125,-0.8663945737759282,-44.414895668395786,155.231818043791,7.749153137207031,-0.23415768146514893,5.809515953063965,5.366444110870361,-13.953810691833496,-0.38561320304870605
2026-04-02 13:03:46.938,1965.944455937,611017530,left_foot,左脚,D4:22:CD:00:84:61,0.19987501204013824,0.36931750178337097,-0.08891340345144272,0.9031882286071777,-1.0449993374654065,-44.64157835793556,155.4722140185531,7.600708961486816,0.49588000774383545,5.614339351654053,-0.026573192328214645,-4.505123138427734,4.691407680511475
2026-04-02 13:03:46.968,1965.974571878,611050864,left_foot,左脚,D4:22:CD:00:84:61,0.1986917406320572,0.3674176335334778,-0.09056879580020905,0.9040594696998596,-1.4251448378696023,-44.45309066616717,155.79189277493677,7.535051345825195,-0.5318124294281006,5.882817268371582,-4.4407758712768555,7.794210910797119,6.655231475830078
2026-04-02 13:03:46.998,1966.004403828,611084198,left_foot,左脚,D4:22:CD:00:84:61,0.19894851744174957,0.36446675658226013,-0.09023582935333252,0.9052298069000244,-1.4637549665779983,-44.0875619858782,155.80228309823534,7.562506198883057,-0.3454308807849884,5.820126056671143,-0.7124125361442566,13.172645568847656,0.20926587283611298
2026-04-02 13:03:47.028,1966.034444064,611117532,left_foot,左脚,D4:22:CD:00:84:61,0.19886831939220428,0.36271774768829346,-0.0909629836678505,0.9058769941329956,-1.6330597630499044,-43.89464830422619,155.8944922061895,7.532158374786377,0.001331668347120285,5.798684597015381,-2.94838285446167,7.895029544830322,1.874585509300232
2026-04-02 13:03:47.088,1966.094534009,611150866,left_foot,左脚,D4:22:CD:00:84:61,0.19815176725387573,0.36387720704078674,-0.09254007041454315,0.9054091572761536,-1.863888313128907,-44.07420040199375,156.06505040143253,7.368528366088867,-0.5767572522163391,6.086424827575684,-3.180842638015747,-3.3833494186401367,3.261711359024048
2026-04-02 13:03:47.118,1966.124386828,611184200,left_foot,左脚,D4:22:CD:00:84:61,0.1982351392507553,0.36789530515670776,-0.09321630746126175,0.9036961197853088,-1.8197501446343083,-44.5787202364782,156.00107320620495,7.496251106262207,-0.6248599290847778,6.060965061187744,0.16822782158851624,-13.03244400024414,-2.1105170249938965
2026-04-02 13:03:47.148,1966.154541802,611217534,left_foot,左脚,D4:22:CD:00:84:61,0.19833959639072418,0.3727380335330963,-0.09347611665725708,0.9016597270965576,-1.6834379999322566,-45.1735663903431,155.88859311324558,7.526859283447266,-0.19525498151779175,5.79250431060791,1.8826074600219727,-15.766318321228027,-3.179398775100708
2026-04-02 13:03:47.178,1966.184571966,611250868,left_foot,左脚,D4:22:CD:00:84:61,0.19763948023319244,0.3787630796432495,-0.09535102546215057,0.8991026878356934,-1.7922352675316735,-45.95416369677294,155.9649563026099,7.310184478759766,0.3812018930912018,6.008810043334961,-1.4742892980575562,-21.50234031677246,0.6641063690185547
2026-04-02 13:03:47.208,1966.214512414,611284202,left_foot,左脚,D4:22:CD:00:84:61,0.19608581066131592,0.3886725902557373,-0.0999356210231781,0.8947049379348755,-2.230162692493971,-47.28072613885356,156.2530193633175,7.4289631843566895,-0.25425735116004944,6.3836669921875,-6.72744083404541,-38.08348083496094,4.330287456512451
2026-04-02 13:03:47.238,1966.244420306,611317536,left_foot,左脚,D4:22:CD:00:84:61,0.19376550614833832,0.4036802053451538,-0.10562112927436829,0.8878858685493469,-2.7336447058568103,-49.26847478914992,156.63215489740384,7.587751865386963,-0.2029612809419632,6.413732528686523,-6.490488529205322,-58.055023193359375,4.779058456420898
2026-04-02 13:03:47.298,1966.304458045,611350870,left_foot,左脚,D4:22:CD:00:84:61,0.18738913536071777,0.42403215169906616,-0.11350569128990173,0.8787482976913452,-3.7762755106049566,-51.97801663782831,157.76589892300018,7.969768047332764,-0.14112482964992523,7.84788179397583,-4.865758895874023,-80.58795166015625,16.73696517944336
2026-04-02 13:03:47.299,1966.305689304,611384204,left_foot,左脚,D4:22:CD:00:84:61,0.17738980054855347,0.45095354318618774,-0.12320763617753983,0.8660218119621277,-5.420187217556714,-55.56646154251157,159.7053717115516,8.547428131103516,-0.45338717103004456,8.886313438415527,-2.2550160884857178,-108.363037109375,25.46603775024414
2026-04-02 13:03:47.328,1966.334291078,611417538,left_foot,左脚,D4:22:CD:00:84:61,0.16654518246650696,0.4935598373413086,-0.1358768343925476,0.8427330851554871,-7.732548017603228,-61.29896840623946,162.22848560577592,8.28359603881836,-0.757239818572998,8.75985336303711,-4.696578025817871,-173.7848663330078,19.504138946533203
2026-04-02 13:03:47.388,1966.394526153,611450872,left_foot,左脚,D4:22:CD:00:84:61,0.1526700258255005,0.5489611029624939,-0.15083223581314087,0.8078262805938721,-12.202263519162653,-68.90507985169502,166.98421769627407,9.517345428466797,-0.07405684888362885,9.247655868530273,-4.295259952545166,-233.53231811523438,19.55191993713379
2026-04-02 13:03:47.418,1966.424511286,611484206,left_foot,左脚,D4:22:CD:00:84:61,0.12712867558002472,0.6188287138938904,-0.17177487909793854,0.7558987140655518,-30.30813031423591,-78.29879194550169,-174.2253782007368,10.875149726867676,3.841521739959717,13.181035995483398,-0.17820622026920319,-315.5121765136719,46.91276168823242
2026-04-02 13:03:47.448,1966.454390955,611517540,left_foot,左脚,D4:22:CD:00:84:61,0.08790935575962067,0.6939912438392639,-0.20307452976703644,0.6851341724395752,-106.31200431907777,-80.63034888017923,-97.51636237808474,14.373008728027344,2.3050081729888916,11.191604614257812,-6.88706636428833,-382.7249450683594,93.47420501708984
2026-04-02 13:03:47.478,1966.484491029,611550874,left_foot,左脚,D4:22:CD:00:84:61,0.055042825639247894,0.7435414791107178,-0.22538520395755768,0.62715083360672,-135.90631297628286,-73.22324999920696,-67.21869479485702,9.045188903808594,1.911231279373169,6.689524173736572,0.30343833565711975,-284.54296875,78.85750579833984
2026-04-02 13:03:47.508,1966.514593564,611584208,left_foot,左脚,D4:22:CD:00:84:61,0.07160085439682007,0.7491415739059448,-0.21843457221984863,0.6212461590766907,-143.0065934952338,-74.1715407146622,-60.89342330878363,15.40841293334961,5.520807266235352,9.114575386047363,-30.908306121826172,-12.75599193572998,-58.569332122802734
2026-04-02 13:03:47.538,1966.544548407,611617542,left_foot,左脚,D4:22:CD:00:84:61,0.09349378198385239,0.7338287234306335,-0.21504798531532288,0.6375805139541626,-141.05201925367535,-77.41158857450401,-64.30673469751368,0.6200146675109863,-1.121429443359375,8.308594703674316,-40.71059799194336,91.96282958984375,-39.458770751953125
2026-04-02 13:03:47.568,1966.574355607,611650876,left_foot,左脚,D4:22:CD:00:84:61,0.09640184044837952,0.7082617282867432,-0.19237901270389557,0.6723557710647583,-122.32540188373021,-81.68943118529049,-81.30281606700389,4.126380920410156,0.7304240465164185,5.399218559265137,59.76839065551758,153.0294952392578,-33.12519836425781
2026-04-02 13:03:47.628,1966.634542721,611684210,left_foot,左脚,D4:22:CD:00:84:61,0.11207039654254913,0.6607699990272522,-0.18196234107017517,0.7195228934288025,-61.97427391080205,-82.59646564752092,-142.07674983505095,5.301143646240234,0.3614945113658905,4.729164123535156,1.2414239645004272,238.337158203125,-14.13987922668457
2026-04-02 13:03:47.629,1966.635660829,611717544,left_foot,左脚,D4:22:CD:00:84:61,0.1377222239971161,0.6038647294044495,-0.16195929050445557,0.7682117223739624,-20.709968938304314,-76.50803113988655,176.06847700292153,6.082592487335205,-1.4603122472763062,5.028687953948975,-0.439193993806839,275.1087951660156,-54.281124114990234
2026-04-02 13:03:47.719,1966.725374913,611750878,left_foot,左脚,D4:22:CD:00:84:61,0.16052187979221344,0.5382680296897888,-0.1374429613351822,0.815849244594574,-7.656993275468349,-67.28188846434853,162.83739062177986,10.021657943725586,-0.4770505726337433,5.080924987792969,12.71977710723877,296.5167236328125,-51.8798942565918
2026-04-02 13:03:47.720,1966.726525845,611784212,left_foot,左脚,D4:22:CD:00:84:61,0.17255327105522156,0.46535664796829224,-0.106602743268013,0.8615709543228149,-2.4301700722842,-56.9993897177056,158.6691587494528,12.143035888671875,0.08845318853855133,5.917173862457275,45.48619842529297,312.06597900390625,-31.001466751098633
2026-04-02 13:03:47.748,1966.754440929,611817546,left_foot,左脚,D4:22:CD:00:84:61,0.18650467693805695,0.38851895928382874,-0.06939365714788437,0.8996962904930115,1.6685125417780673,-46.46740949687747,155.86089110600625,15.581000328063965,1.1903254985809326,7.54774284362793,56.16322708129883,316.2778015136719,-49.982486724853516
2026-04-02 13:03:47.778,1966.784550351,611850880,left_foot,左脚,D4:22:CD:00:84:61,0.2010636180639267,0.30930793285369873,-0.023481758311390877,0.9291667342185974,5.709802571291312,-35.74930547840301,153.73710027287595,19.549407958984375,-0.5692155361175537,7.403607368469238,78.7164306640625,318.1906433105469,-68.51974487304688
2026-04-02 13:03:47.808,1966.814400702,611884214,left_foot,左脚,D4:22:CD:00:84:61,0.192794069647789,0.2411627173423767,0.03860586881637573,0.9503582715988159,10.6973746225634,-26.327145881039154,154.55590924013308,24.012096405029297,-0.8676794767379761,0.1218411922454834,161.8232879638672,284.04071044921875,-19.492008209228516
2026-04-02 13:03:47.838,1966.844556922,611917548,left_foot,左脚,D4:22:CD:00:84:61,0.18504688143730164,0.20603661239147186,0.08916061371564865,0.9567428827285767,15.351416444014884,-21.17700358831127,155.2203540659206,20.488117218017578,-7.06648063659668,-11.919682502746582,147.47991943359375,156.9984130859375,-17.34456443786621
2026-04-02 13:03:47.868,1966.874540601,611950882,left_foot,左脚,D4:22:CD:00:84:61,0.19381287693977356,0.2130456566810608,0.06607826799154282,0.9553438425064087,13.056909190806635,-22.423530701353208,154.46488261170663,22.69965934753418,0.3794132173061371,-17.222332000732422,-77.13592529296875,-38.00479507446289,-11.87377643585205
2026-04-02 13:03:47.898,1966.904381942,611984216,left_foot,左脚,D4:22:CD:00:84:61,0.19644050300121307,0.23394758999347687,-0.0066669778898358345,0.9521740078926086,5.083844243967249,-26.624211877267303,155.48236480364147,3.1036722660064697,-3.3542442321777344,12.752732276916504,-226.35752868652344,-116.0157241821289,46.75516891479492
2026-04-02 13:03:47.928,1966.934546277,612017550,left_foot,左脚,D4:22:CD:00:84:61,0.21109920740127563,0.2835788428783417,-0.04792650789022446,0.9341967105865479,2.071106841080314,-33.371896777197264,153.9127302318489,5.850785732269287,-12.233344078063965,6.758385181427002,-113.51600646972656,-201.03028869628906,-28.5266170501709
2026-04-02 13:03:48.021,1967.027187293,612050884,left_foot,左脚,D4:22:CD:00:84:61,0.20811955630779266,0.33469462394714355,-0.06348301470279694,0.9168620109558105,1.7083456604741587,-39.80386361649782,153.8036345684857,20.13909912109375,0.07839514315128326,6.1341047286987305,-12.201366424560547,-189.40081787109375,3.1202099323272705
2026-04-02 13:03:48.022,1967.028266705,612084218,left_foot,左脚,D4:22:CD:00:84:61,0.2020653784275055,0.36105090379714966,-0.07962943613529205,0.9069019556045532,0.11667207619221084,-43.39752500870325,154.8319553734938,11.188876152038574,0.09871362149715424,4.4308061599731445,-26.8067684173584,-103.63548278808594,24.27227783203125
2026-04-02 13:03:48.051,1967.057429111,612117552,left_foot,左脚,D4:22:CD:00:84:61,0.19706638157367706,0.3757205009460449,-0.09106697142124176,0.9009472131729126,-1.3081301741076279,-45.47144665071917,155.87192677766402,9.379672050476074,-2.5920603275299072,5.373105049133301,-20.470203399658203,-58.76464080810547,21.157855987548828
2026-04-02 13:03:48.078,1967.08450434,612150886,left_foot,左脚,D4:22:CD:00:84:61,0.19448432326316833,0.3840470016002655,-0.09451685845851898,0.8976360559463501,-1.6922629719448692,-46.57150223682925,156.27852792856234,8.398914337158203,-2.1823654174804688,5.635270118713379,-2.285252809524536,-29.71779441833496,7.100309371948242
2026-04-02 13:03:48.108,1967.114455525,612184220,left_foot,左脚,D4:22:CD:00:84:61,0.19405797123908997,0.3891701102256775,-0.09278364479541779,0.8957005143165588,-1.2781886570456273,-47.152849605821544,156.1088539215428,7.721760272979736,-0.08159807324409485,5.917789936065674,9.166364669799805,-14.03950023651123,-4.4472222328186035
2026-04-02 13:03:48.138,1967.145011991,612217554,left_foot,左脚,D4:22:CD:00:84:61,0.19310887157917023,0.39208710193634033,-0.09350626170635223,0.8945577144622803,-1.3461057009485404,-47.52759836704396,156.2295910987292,7.82874059677124,0.7057225108146667,5.564685821533203,1.017474889755249,-8.179813385009766,1.734586477279663
2026-04-02 13:03:48.168,1967.174609567,612250888,left_foot,左脚,D4:22:CD:00:84:61,0.19176314771175385,0.39171597361564636,-0.09516648203134537,0.8948345184326172,-1.7041965377730701,-47.52234949376043,156.55921296344397,7.582790851593018,-0.2894493341445923,5.636383056640625,-3.1122846603393555,2.9490320682525635,6.273390293121338
2026-04-02 13:03:48.198,1967.204601489,612284222,left_foot,左脚,D4:22:CD:00:84:61,0.1910250037908554,0.38978344202041626,-0.09570537507534027,0.8957783579826355,-1.9050050661118592,-47.29735871004952,156.7582171106037,7.608405590057373,-0.05751469358801842,5.6541056632995605,-1.3118971586227417,9.462674140930176,3.869825601577759
2026-04-02 13:03:48.228,1967.234605194,612317556,left_foot,左脚,D4:22:CD:00:84:61,0.19043932855129242,0.38868841528892517,-0.09766332805156708,0.8961674571037292,-2.2781043957558356,-47.210777090100386,157.00138395154,7.512369155883789,-0.2470729649066925,5.81633996963501,-5.548798561096191,5.153367519378662,4.69748592376709
2026-04-02 13:03:48.288,1967.294625279,612350890,left_foot,左脚,D4:22:CD:00:84:61,0.19010892510414124,0.3913874924182892,-0.09973777830600739,0.894833505153656,-2.522825940507256,-47.593192569597,157.12415853506923,7.5094990730285645,-0.6386234164237976,5.995081901550293,-4.358819961547852,-8.923458099365234,1.6808514595031738
2026-04-02 13:03:48.348,1967.354539805,612384224,left_foot,左脚,D4:22:CD:00:84:61,0.18967244029045105,0.3968096971511841,-0.10142998397350311,0.8923443555831909,-2.627369045341685,-48.301766054580895,157.17839362388884,7.584689617156982,-0.38642793893814087,5.9255523681640625,-1.670077919960022,-18.731416702270508,-0.18580184876918793
2026-04-02 13:03:48.349,1967.355138685,612417558,left_foot,左脚,D4:22:CD:00:84:61,0.18920549750328064,0.4038858413696289,-0.10364913940429688,0.8890076279640198,-2.760894091403143,-49.229993696168975,157.23537218877564,7.620701313018799,-0.18355754017829895,5.857471942901611,-2.4832186698913574,-25.405166625976562,-0.48729243874549866
2026-04-02 13:03:48.378,1967.384566384,612450892,left_foot,左脚,D4:22:CD:00:84:61,0.18773698806762695,0.4142382740974426,-0.10794007033109665,0.8840309381484985,-3.190104105612516,-50.61749675697819,157.5298872005019,7.411696434020996,0.2484942376613617,6.148100852966309,-5.907951831817627,-39.497013092041016,3.2433035373687744
2026-04-02 13:03:48.408,1967.414618439,612484226,left_foot,左脚,D4:22:CD:00:84:61,0.18448032438755035,0.42945611476898193,-0.11398569494485855,0.8766651749610901,-3.9138737366654612,-52.658522569146065,158.17020658270528,7.757882118225098,-0.32784196734428406,6.609996795654297,-6.46915340423584,-59.59138107299805,7.8565216064453125
2026-04-02 13:03:48.438,1967.444580308,612517560,left_foot,左脚,D4:22:CD:00:84:61,0.17950424551963806,0.45017340779304504,-0.11840591579675674,0.8666616082191467,-4.401855067993088,-55.36653892551199,158.90675428247422,8.20728874206543,-2.0027129650115967,7.498722076416016,3.409810781478882,-79.83143615722656,6.812817573547363
2026-04-02 13:03:48.468,1967.474697944,612550894,left_foot,左脚,D4:22:CD:00:84:61,0.17594601213932037,0.4782083332538605,-0.11853843182325363,0.8522374629974365,-3.754871428672043,-58.95989887875576,158.79331854623993,8.531332969665527,-1.6673412322998047,8.05793571472168,16.736778259277344,-105.39997863769531,-9.822595596313477
2026-04-02 13:03:48.498,1967.504527202,612584228,left_foot,左脚,D4:22:CD:00:84:61,0.16928426921367645,0.5182704925537109,-0.12311252951622009,0.8292056322097778,-3.796828545381551,-64.31460360089652,159.31054961461757,8.426653861999512,1.4797223806381226,9.078913688659668,12.56773853302002,-158.97207641601562,-3.5272631645202637
2026-04-02 13:03:48.528,1967.534609462,612617562,left_foot,左脚,D4:22:CD:00:84:61,0.1567736119031906,0.5743016004562378,-0.133135586977005,0.7923853993415833,-5.790249993977846,-72.15344705759007,161.83751204322743,9.300887107849121,0.41959908604621887,11.114763259887695,10.853364944458008,-235.08505249023438,8.15063762664795
2026-04-02 13:03:48.591,1967.597366456,612650896,left_foot,左脚,D4:22:CD:00:84:61,0.131431445479393,0.65191251039505,-0.14700362086296082,0.7322062849998474,-22.349742118613083,-83.3689928519028,179.6016361722475,12.096881866455078,4.473447799682617,15.367709159851074,26.655202865600586,-348.7789306640625,28.34803009033203
2026-04-02 13:03:48.618,1967.624543294,612684230,left_foot,左脚,D4:22:CD:00:84:61,0.08918024599552155,0.7338085770606995,-0.17779889702796936,0.6495840549468994,-144.46685350779666,-80.0812351532701,-57.37944552591131,13.41818618774414,4.25979471206665,12.27476978302002,12.462850570678711,-427.2244567871094,97.0644302368164
2026-04-02 13:03:48.648,1967.654657912,612717564,left_foot,左脚,D4:22:CD:00:84:61,0.052511829882860184,0.7826774716377258,-0.19432184100151062,0.5889801979064941,-153.9926813993472,-70.45367574713964,-46.410029661063696,9.543054580688477,1.5537852048873901,7.140527725219727,33.584861755371094,-289.7586364746094,75.56430053710938
2026-04-02 13:03:48.678,1967.684679731,612750898,left_foot,左脚,D4:22:CD:00:84:61,0.06405768543481827,0.7778446674346924,-0.1834670752286911,0.5976574420928955,-156.6690410681491,-72.41579274867058,-43.73361124159881,12.156631469726562,7.0239577293396,10.84731674194336,-4.149122714996338,42.508426666259766,-47.27193832397461
2026-04-02 13:03:48.709,1967.715173963,612784232,left_foot,左脚,D4:22:CD:00:84:61,0.08052612096071243,0.7533575892448425,-0.17746372520923615,0.6280722618103027,-152.84808695693303,-77.13739491377709,-48.308814439661816,-0.25322607159614563,-2.8662424087524414,8.140620231628418,-17.90215301513672,142.63401794433594,-27.04447364807129
2026-04-02 13:03:48.739,1967.745512747,612817566,left_foot,左脚,D4:22:CD:00:84:61,0.07406347244977951,0.7164504528045654,-0.14767639338970184,0.6777942776679993,-126.74180813488185,-83.25896627153982,-71.33140226245355,5.166752815246582,0.555161714553833,5.240743160247803,101.1727066040039,212.06320190429688,-26.394229888916016
2026-04-02 13:03:48.768,1967.774608356,612850900,left_foot,左脚,D4:22:CD:00:84:61,0.07966119050979614,0.6561830043792725,-0.1318557858467102,0.7387098073959351,-40.93402143102858,-82.08150827956833,-156.310893237722,6.010970115661621,-0.28494489192962646,5.226592540740967,38.52912139892578,296.80487060546875,-5.28206205368042
2026-04-02 13:03:48.798,1967.804670004,612884234,left_foot,左脚,D4:22:CD:00:84:61,0.09267552196979523,0.5899865031242371,-0.10791987925767899,0.794783353805542,-12.499480625766376,-73.30067177578535,176.0146102433422,6.711688041687012,-1.9452661275863647,5.851984977722168,38.52064895629883,306.5506286621094,-41.217247009277344
2026-04-02 13:03:48.828,1967.834375209,612917568,left_foot,左脚,D4:22:CD:00:84:61,0.1053301990032196,0.518848717212677,-0.07901681214570999,0.8446643352508545,-3.0824265011148007,-63.27201007920066,167.68301962263968,11.461782455444336,-0.5875106453895569,6.436405658721924,48.9476432800293,308.9850769042969,-50.57474899291992
2026-04-02 13:03:48.888,1967.894605887,612950902,left_foot,左脚,D4:22:CD:00:84:61,0.12056398391723633,0.43803948163986206,-0.04899298772215843,0.8894861340522766,1.729885836260088,-52.285949447122476,163.71283243400936,16.129741668701172,1.5446423292160034,7.607841968536377,42.711341857910156,329.4171447753906,-59.32247543334961
2026-04-02 13:03:48.918,1967.924687584,612984236,left_foot,左脚,D4:22:CD:00:84:61,0.14540037512779236,0.3491845428943634,-0.01440267264842987,0.9255926012992859,5.658684614277334,-40.586358691687145,160.0509330202209,18.94523048400879,-0.479092538356781,8.857919692993164,37.4079704284668,344.8680725097656,-97.93423461914062
2026-04-02 13:03:48.948,1967.954476565,613017570,left_foot,左脚,D4:22:CD:00:84:61,0.15028274059295654,0.26887762546539307,0.036719515919685364,0.9506690502166748,10.01793477277874,-30.012612908513734,159.34207261967444,24.17359733581543,0.08277743309736252,1.871607780456543,117.90648651123047,312.269775390625,-60.30851364135742
2026-04-02 13:03:48.978,1967.984656816,613050904,left_foot,左脚,D4:22:CD:00:84:61,0.13880202174186707,0.21776756644248962,0.09145470708608627,0.9617418646812439,14.898357025785238,-23.1714671259179,160.5042306050193,23.11336898803711,-6.48418664932251,-9.753989219665527,161.6796875,208.88250732421875,-13.911811828613281
2026-04-02 13:03:49.008,1968.014668816,613084238,left_foot,左脚,D4:22:CD:00:84:61,0.14069630205631256,0.2120647430419922,0.1123877614736557,0.9605218768119812,17.29954086172287,-22.071323801217254,159.934531451619,24.026432037353516,-1.1062817573547363,-19.198949813842773,65.53321838378906,30.404560089111328,-24.911739349365234
2026-04-02 13:03:49.038,1968.044284449,613117572,left_foot,左脚,D4:22:CD:00:84:61,0.1500115543603897,0.23828282952308655,0.03409114107489586,0.9589346051216125,8.800252342184478,-26.53645871907592,160.13891504015803,8.486809730529785,0.10155835747718811,5.649750232696533,-252.4481964111328,-124.99398040771484,34.987857818603516
2026-04-02 13:03:49.068,1968.074415849,613150906,left_foot,左脚,D4:22:CD:00:84:61,0.16819745302200317,0.278576523065567,-0.026946188881993294,0.9451871514320374,2.9035015738221848,-32.38993066519858,158.97607574788924,1.7047592401504517,-11.347115516662598,7.965907096862793,-193.87490844726562,-173.7770233154297,-12.750859260559082
2026-04-02 13:03:49.098,1968.104533581,613184240,left_foot,左脚,D4:22:CD:00:84:61,0.17601795494556427,0.33391082286834717,-0.04720932990312576,0.9248203039169312,2.240724715325659,-39.36322075719607,157.64636688335884,15.233429908752441,-8.714737892150879,7.934499740600586,-42.70124435424805,-206.5575714111328,-23.515348434448242
2026-04-02 13:03:49.128,1968.134522215,613217574,left_foot,左脚,D4:22:CD:00:84:61,0.17270731925964355,0.3679344356060028,-0.060875020921230316,0.9116417765617371,1.2775277751488359,-43.778785399702016,158.03198552992131,17.722501754760742,4.522828578948975,4.038435935974121,-20.620620727539062,-127.94168090820312,12.038736343383789
2026-04-02 13:03:49.188,1968.194385051,613250908,left_foot,左脚,D4:22:CD:00:84:61,0.16826778650283813,0.38798531889915466,-0.07200322300195694,0.9033100008964539,0.040639800368381454,-46.4832934872685,158.87841787647977,8.993277549743652,-0.6835851669311523,5.313285827636719,-18.638322830200195,-76.65216064453125,18.2701416015625
2026-04-02 13:03:49.218,1968.224513391,613284242,left_foot,左脚,D4:22:CD:00:84:61,0.16555489599704742,0.3998161256313324,-0.07828173041343689,0.8981152176856995,-0.7057419039512283,-48.08026679251445,159.42596425763915,8.468502044677734,-1.8177833557128906,5.650730609893799,-9.848167419433594,-43.87372970581055,10.291149139404297
2026-04-02 13:03:49.248,1968.254527082,613317576,left_foot,左脚,D4:22:CD:00:84:61,0.16479900479316711,0.4069088101387024,-0.0787774845957756,0.8950200080871582,-0.6020991796555729,-48.968415027797995,159.40829567986515,8.390233039855957,-1.4446394443511963,5.654544353485107,3.1949422359466553,-22.745258331298828,-1.2501907348632812
2026-04-02 13:03:49.279,1968.285423656,613350910,left_foot,左脚,D4:22:CD:00:84:61,0.1642504632472992,0.41060692071914673,-0.07876027375459671,0.8934319615364075,-0.5152568947671252,-49.426430974242386,159.4030150205362,7.77368688583374,0.8530383110046387,5.762220859527588,2.9419784545898438,-10.037389755249023,-0.8173794150352478
2026-04-02 13:03:49.308,1968.314401691,613384244,left_foot,左脚,D4:22:CD:00:84:61,0.16242048144340515,0.412075400352478,-0.08141423016786575,0.8928523063659668,-1.0200988709018017,-49.66663621721799,159.8519905434657,7.57183837890625,0.15074819326400757,5.5790886878967285,-4.504754543304443,-3.810361623764038,8.138110160827637
2026-04-02 13:03:49.338,1968.344534555,613417578,left_foot,左脚,D4:22:CD:00:84:61,0.16122913360595703,0.411455363035202,-0.08309284597635269,0.8931995630264282,-1.39405739631069,-49.624670120333654,160.18027236021422,7.732008457183838,-0.4776242673397064,5.596877574920654,-3.3499650955200195,4.474142551422119,5.936705589294434
2026-04-02 13:03:49.368,1968.374515995,613450912,left_foot,左脚,D4:22:CD:00:84:61,0.16115021705627441,0.4090808928012848,-0.08379530906677246,0.8942382335662842,-1.5848426320349396,-49.34432916714053,160.29685103596853,7.7097086906433105,-0.3436910808086395,5.609020233154297,-2.7123897075653076,11.565925598144531,2.0468714237213135
2026-04-02 13:03:49.398,1968.404233255,613484246,left_foot,左脚,D4:22:CD:00:84:61,0.16073554754257202,0.40852275490760803,-0.08504113554954529,0.894450306892395,-1.8280744054741103,-49.30091898482073,160.46396419703268,7.33361291885376,-0.05528319999575615,6.019454479217529,-3.1620428562164307,4.301792621612549,2.8871960639953613
2026-04-02 13:03:49.458,1968.464592528,613517580,left_foot,左脚,D4:22:CD:00:84:61,0.15968555212020874,0.41144654154777527,-0.08713050931692123,0.8930962085723877,-2.147028212652005,-49.707185156167036,160.71987676641197,7.531689167022705,-0.3621644079685211,5.95910120010376,-3.4259090423583984,-9.384648323059082,4.1745405197143555
2026-04-02 13:03:49.488,1968.494522141,613550914,left_foot,左脚,D4:22:CD:00:84:61,0.15965785086154938,0.41606462001800537,-0.0876370444893837,0.8909094333648682,-2.0899229748465538,-50.29425194196209,160.66117697600623,7.533655643463135,-0.5668069124221802,5.7858357429504395,0.6589176058769226,-14.699172973632812,-2.161052703857422
2026-04-02 13:03:49.518,1968.52433177,613584248,left_foot,左脚,D4:22:CD:00:84:61,0.15879885852336884,0.42325642704963684,-0.08984345197677612,0.8874485492706299,-2.291985457521988,-51.23959425228649,160.809099745483,7.288214206695557,0.7059147357940674,6.205738067626953,-2.3589706420898438,-25.70383071899414,1.3677148818969727
2026-04-02 13:03:49.548,1968.55449219,613617582,left_foot,左脚,D4:22:CD:00:84:61,0.15693816542625427,0.4355831444263458,-0.095237135887146,0.881230890750885,-2.9584913476097574,-52.90068319674333,161.2762500678095,7.32969331741333,-0.1049717366695404,6.762475967407227,-8.723169326782227,-47.57512664794922,6.023337364196777
2026-04-02 13:03:49.578,1968.584526298,613650916,left_foot,左脚,D4:22:CD:00:84:61,0.1530311107635498,0.45529377460479736,-0.10081423074007034,0.8712782263755798,-3.6781535735291455,-55.510539881030425,162.0124654598456,7.667633533477783,-0.5507512092590332,7.633748531341553,-3.4703752994537354,-76.47789001464844,8.079422950744629
2026-04-02 13:03:49.608,1968.614537892,613684250,left_foot,左脚,D4:22:CD:00:84:61,0.1475389152765274,0.4811893403530121,-0.10390400886535645,0.8578421473503113,-4.02692629823946,-58.895739518427064,162.7566551606928,8.355629920959473,-2.09451961517334,8.091819763183594,8.495014190673828,-99.90699005126953,4.9418110847473145
2026-04-02 13:03:49.638,1968.644265929,613717584,left_foot,左脚,D4:22:CD:00:84:61,0.14278572797775269,0.517589807510376,-0.10497383773326874,0.8370745778083801,-3.6147724864506947,-63.70172590529889,162.88580202284058,8.428911209106445,-0.1604003608226776,8.942957878112793,15.95776081085205,-141.95962524414062,-8.109893798828125
2026-04-02 13:03:49.668,1968.674515613,613750918,left_foot,左脚,D4:22:CD:00:84:61,0.13325777649879456,0.5675784945487976,-0.1129627674818039,0.804572343826294,-5.278372125528427,-70.63442169326791,164.93244268532604,9.155698776245117,1.700760006904602,9.93048095703125,6.9171295166015625,-207.43470764160156,7.336606025695801
2026-04-02 13:03:49.698,1968.704516753,613784252,left_foot,左脚,D4:22:CD:00:84:61,0.11585214734077454,0.6328738927841187,-0.1241312175989151,0.7554076313972473,-13.672785232841598,-80.0360926977654,174.0579170295441,9.569670677185059,1.0020636320114136,12.133818626403809,13.985053062438965,-287.3905029296875,21.87502098083496
2026-04-02 13:03:49.728,1968.734510483,613817586,left_foot,左脚,D4:22:CD:00:84:61,0.08490125834941864,0.7156009078025818,-0.146671861410141,0.6776390671730042,-131.01025749711908,-84.12260377694042,-67.86368371637207,13.337845802307129,4.670574188232422,14.99747371673584,8.606493949890137,-406.4337463378906,63.245967864990234
2026-04-02 13:03:49.788,1968.794636923,613850920,left_foot,左脚,D4:22:CD:00:84:61,0.043310560286045074,0.7844065427780151,-0.15543316304683685,0.5988917350769043,-157.02776313836065,-72.36632489049829,-39.32414170238023,10.774572372436523,-0.3390811085700989,6.283433437347412,62.41207504272461,-378.264404296875,61.11387634277344
2026-04-02 13:03:49.818,1968.824568327,613884254,left_foot,左脚,D4:22:CD:00:84:61,0.0287172794342041,0.7990383505821228,-0.14926710724830627,0.581749677658081,-158.32383399480975,-69.76027512833599,-36.36608312646566,16.918115615844727,8.567935943603516,9.399476051330566,45.07835388183594,-83.51526641845703,3.466456890106201
2026-04-02 13:03:49.848,1968.854526647,613917588,left_foot,左脚,D4:22:CD:00:84:61,0.04515629634261131,0.7816140055656433,-0.16417351365089417,0.6000731587409973,-155.3663335334403,-72.34081819722427,-41.8636064476703,0.9814870953559875,-0.381439745426178,10.395126342773438,-67.24666595458984,91.24252319335938,19.667438507080078
2026-04-02 13:03:49.878,1968.884357258,613950922,left_foot,左脚,D4:22:CD:00:84:61,0.03768693655729294,0.7572770118713379,-0.14569619297981262,0.6355187296867371,-145.92516185468872,-76.78245370866371,-49.076301255189,2.688922643661499,-0.8553382158279419,6.249842643737793,74.34568786621094,142.94996643066406,-14.365641593933105
2026-04-02 13:03:49.908,1968.914530607,613984256,left_foot,左脚,D4:22:CD:00:84:61,0.036045338958501816,0.7106656432151794,-0.13631221652030945,0.6892561912536621,-109.07196025434487,-81.68508964433462,-84.96583962088742,6.306826114654541,1.8476594686508179,4.659865856170654,45.488609313964844,241.02951049804688,10.204961776733398
2026-04-02 13:03:49.938,1968.944368738,614017590,left_foot,左脚,D4:22:CD:00:84:61,0.047539424151182175,0.651904821395874,-0.12312544882297516,0.7467263340950012,-45.51674992067353,-80.16228130126814,-148.3972459096587,4.766036510467529,-1.4972553253173828,5.173347473144531,22.499889373779297,285.64813232421875,-24.081836700439453
2026-04-02 13:03:49.968,1968.974424586,614050924,left_foot,左脚,D4:22:CD:00:84:61,0.06656404584646225,0.5887352228164673,-0.10102815926074982,0.799220621585846,-16.183879135113507,-72.65138430018851,-177.58610199738678,8.338356018066406,-0.7033801078796387,5.476912498474121,25.631555557250977,290.4500427246094,-62.51952362060547
2026-04-02 13:03:49.998,1969.004579987,614084258,left_foot,左脚,D4:22:CD:00:84:61,0.08562513440847397,0.5181447267532349,-0.07501780986785889,0.8476832509040833,-4.864445916967125,-63.03603376070808,171.44830590532436,12.269319534301758,0.10892143845558167,6.335253715515137,33.22653579711914,303.68359375,-68.97180938720703
2026-04-02 13:03:50.028,1969.034724257,614117592,left_foot,左脚,D4:22:CD:00:84:61,0.11080668866634369,0.43457287549972534,-0.04776325449347496,0.8925172686576843,1.024625554449897,-51.84223022886514,165.34778865438656,16.605581283569336,1.2821778059005737,7.8144731521606445,21.19075584411621,337.35101318359375,-86.83858489990234
2026-04-02 13:03:50.088,1969.094365361,614150926,left_foot,左脚,D4:22:CD:00:84:61,0.14380007982254028,0.34263375401496887,-0.017344670370221138,0.9282364845275879,4.958913235119191,-39.87228980256525,160.58814939612756,20.45340347290039,-0.4881943166255951,8.925731658935547,14.561908721923828,352.38885498046875,-117.78308868408203
2026-04-02 13:03:50.118,1969.124645331,614184260,left_foot,左脚,D4:22:CD:00:84:61,0.1549772173166275,0.26124003529548645,0.02843313291668892,0.9523273706436157,8.91033918551198,-29.25904808885204,159.18371537023438,24.116981506347656,0.35394003987312317,1.017172932624817,94.0184097290039,311.9757385253906,-72.70075988769531
2026-04-02 13:03:50.148,1969.154630229,614217594,left_foot,左脚,D4:22:CD:00:84:61,0.15118421614170074,0.21826624870300293,0.07570256292819977,0.9611307978630066,13.321848971455047,-23.370462950719077,159.35425643785373,22.594388961791992,-7.362869739532471,-13.542326927185059,134.22567749023438,175.8636474609375,-29.586162567138672
2026-04-02 13:03:50.178,1969.184609513,614250928,left_foot,左脚,D4:22:CD:00:84:61,0.16001498699188232,0.2233765423297882,0.06310781091451645,0.9594351649284363,12.179972831984978,-24.106505485502154,158.45251985080682,25.69350814819336,1.00922691822052,-19.615419387817383,-45.21223449707031,-23.675878524780273,-19.765275955200195
2026-04-02 13:03:50.209,1969.215507911,614284262,left_foot,左脚,D4:22:CD:00:84:61,0.14490310847759247,0.2543658912181854,-0.002359767211601138,0.9561879634857178,4.544968269550258,-29.151930244450707,161.5832227655308,2.1351711750030518,0.8021496534347534,13.05584716796875,-186.86541748046875,-132.9789581298828,104.63868713378906
2026-04-02 13:03:50.238,1969.244716249,614317596,left_foot,左脚,D4:22:CD:00:84:61,0.15020151436328888,0.30795085430145264,-0.047359563410282135,0.9382766485214233,0.2585625350613525,-36.30709806791056,161.7254682276508,5.8239054679870605,-10.006428718566895,5.7711896896362305,-126.009765625,-210.345947265625,12.273697853088379
2026-04-02 13:03:50.268,1969.274635476,614350930,left_foot,左脚,D4:22:CD:00:84:61,0.15158066153526306,0.3620462417602539,-0.058686625212430954,0.9178789854049683,0.158648309470921,-43.0330959395778,161.18280797126963,17.169071197509766,-6.674025535583496,7.29926872253418,-12.821267127990723,-197.73468017578125,-12.389293670654297
2026-04-02 13:03:50.298,1969.304626394,614384264,left_foot,左脚,D4:22:CD:00:84:61,0.15150626003742218,0.3942774832248688,-0.06772689521312714,0.9038829207420349,-0.24971672079257679,-47.16236022415554,161.07840166900618,14.813222885131836,3.357966184616089,4.389162540435791,-13.929285049438477,-119.43428802490234,-2.9407005310058594
2026-04-02 13:03:50.328,1969.334263257,614417598,left_foot,左脚,D4:22:CD:00:84:61,0.14966334402561188,0.41248345375061035,-0.07539251446723938,0.8954185247421265,-1.020448801857222,-49.57518919444677,161.49345591374617,9.386704444885254,-0.5188170671463013,5.029616832733154,-13.387200355529785,-67.99695587158203,6.9385223388671875
2026-04-02 13:03:50.388,1969.394591585,614450932,left_foot,左脚,D4:22:CD:00:84:61,0.14875634014606476,0.4209975302219391,-0.07864497601985931,0.8913179636001587,-1.3520075876351394,-50.70388113468826,161.69053431206407,8.535264015197754,-1.551204800605774,5.653242111206055,-4.986023426055908,-29.602375030517578,2.549485206604004
2026-04-02 13:03:50.418,1969.424535106,614484266,left_foot,左脚,D4:22:CD:00:84:61,0.1493605375289917,0.4254743754863739,-0.07690777629613876,0.8892404437065125,-0.8858252690855027,-51.2305279093665,161.35543413050112,8.020565032958984,-0.969308078289032,5.809608459472656,6.609930992126465,-11.54824447631836,-7.2081146240234375
2026-04-02 13:03:50.448,1969.454330972,614517600,left_foot,左脚,D4:22:CD:00:84:61,0.14979682862758636,0.42671722173690796,-0.07559043914079666,0.8886841535568237,-0.5973729158722894,-51.35956500494015,161.15153443131712,7.715647220611572,0.8459069728851318,5.611212253570557,4.282052040100098,0.095615454018116,-4.424820423126221
2026-04-02 13:03:50.478,1969.484565622,614550934,left_foot,左脚,D4:22:CD:00:84:61,0.1495402753353119,0.4233766794204712,-0.07624068856239319,0.8902681469917297,-0.830033414838427,-50.95391770989763,161.32533101404854,7.667814254760742,0.10499062389135361,5.5582051277160645,-2.577434778213501,15.860809326171875,2.9427788257598877
2026-04-02 13:03:50.508,1969.514521097,614584268,left_foot,左脚,D4:22:CD:00:84:61,0.14938420057296753,0.4186464548110962,-0.07607340067625046,0.892542839050293,-0.962707306774696,-50.35818413323654,161.44962841786355,7.477687358856201,-0.3049180507659912,5.70994758605957,-0.7729771733283997,21.402935028076172,2.1985347270965576
2026-04-02 13:03:50.538,1969.544528085,614617602,left_foot,左脚,D4:22:CD:00:84:61,0.14891141653060913,0.41586199402809143,-0.07657559961080551,0.8938794732093811,-1.1633901010472085,-50.019828875823876,161.62665663356924,7.0795183181762695,0.3146896958351135,6.145971775054932,-1.6322697401046753,13.502951622009277,3.1680595874786377
2026-04-02 13:03:50.568,1969.574452188,614650936,left_foot,左脚,D4:22:CD:00:84:61,0.1483035385608673,0.4182574152946472,-0.07886866480112076,0.8926627039909363,-1.504476329009412,-50.3645276892883,161.8419268677613,7.0044708251953125,-0.3001895546913147,6.418851852416992,-4.995186805725098,-7.189078330993652,3.5171754360198975
2026-04-02 13:03:50.598,1969.60448373,614684270,left_foot,左脚,D4:22:CD:00:84:61,0.14843519032001495,0.42373529076576233,-0.07949043810367584,0.889998197555542,-1.43134422189605,-51.0637370930203,161.74627918961966,7.5458574295043945,-0.5945490002632141,6.103528022766113,0.24411256611347198,-17.83049774169922,-2.7278549671173096
2026-04-02 13:03:50.628,1969.634538048,614717604,left_foot,左脚,D4:22:CD:00:84:61,0.1484442800283432,0.4310280680656433,-0.08004258573055267,0.8864381313323975,-1.297024260090102,-51.99182857463051,161.61925195757604,6.970626354217529,0.0559612438082695,6.116015434265137,1.3039122819900513,-24.812103271484375,-3.4034128189086914
2026-04-02 13:03:50.688,1969.694419438,614750938,left_foot,左脚,D4:22:CD:00:84:61,0.14876265823841095,0.44389161467552185,-0.08274915814399719,0.8797628283500671,-1.3087791424395236,-53.673901353419275,161.46701599297714,7.119160175323486,0.3065659999847412,6.815954208374023,-3.7723028659820557,-47.586395263671875,-4.240230083465576
2026-04-02 13:03:50.718,1969.72453402,614784272,left_foot,左脚,D4:22:CD:00:84:61,0.14898815751075745,0.46792519092559814,-0.08710767328739166,0.8667529821395874,-1.2120192098686797,-56.835894792531235,161.14906972590924,7.336856842041016,-0.7239899635314941,8.151815414428711,-4.751101493835449,-92.11357879638672,-7.8324384689331055
2026-04-02 13:03:50.748,1969.754526887,614817606,left_foot,左脚,D4:22:CD:00:84:61,0.14528314769268036,0.501541793346405,-0.08772678673267365,0.84832364320755,-0.37008445926540584,-61.21462936633376,160.7826400868048,7.760243892669678,-1.218475103378296,10.332061767578125,16.00694465637207,-128.95233154296875,-7.820049285888672
2026-04-02 13:03:50.808,1969.814375583,614850940,left_foot,左脚,D4:22:CD:00:84:61,0.1395646333694458,0.5505678057670593,-0.08716455101966858,0.818412721157074,1.6653970740583834,-67.7458915553554,159.52678750041161,8.136825561523438,0.41022762656211853,11.356743812561035,27.16412353515625,-194.16110229492188,-14.411139488220215
2026-04-02 13:03:50.808,1969.814966645,614884274,left_foot,左脚,D4:22:CD:00:84:61,0.1280718892812729,0.6201276183128357,-0.09605133533477783,0.7679932117462158,3.0471229770859236,-77.71746161946338,158.60945525311874,8.9188232421875,2.11842942237854,13.640045166015625,15.15307331085205,-297.7777099609375,3.818674325942993
2026-04-02 13:03:50.868,1969.874499468,614917608,left_foot,左脚,D4:22:CD:00:84:61,0.10535751283168793,0.710858166217804,-0.11138623207807541,0.6864209771156311,-174.9590643353651,-87.96041759745398,-22.675653915375502,12.048258781433105,2.675654411315918,17.954360961914062,21.090518951416016,-428.0956115722656,26.70121192932129
2026-04-02 13:03:50.869,1969.875167389,614950942,left_foot,左脚,D4:22:CD:00:84:61,0.06807134300470352,0.8037616610527039,-0.13038161396980286,0.5764844417572021,-172.85047669218005,-70.8150124566684,-23.51344656283111,15.824163436889648,1.7445557117462158,16.783226013183594,38.06597137451172,-511.2955017089844,59.32370376586914
2026-04-02 13:03:50.898,1969.904272665,614984276,left_foot,左脚,D4:22:CD:00:84:61,0.036668743938207626,0.8363604545593262,-0.10838755965232849,0.5361054539680481,-172.59926829751163,-64.78336255668638,-19.46714945860558,16.216930389404297,6.7184906005859375,14.16604232788086,120.06307220458984,-186.39173889160156,-22.398250579833984
2026-04-02 13:03:50.928,1969.934621142,615017610,left_foot,左脚,D4:22:CD:00:84:61,0.07351510226726532,0.8124551773071289,-0.1382114291191101,0.5616137981414795,-174.29727237340433,-68.89036931339439,-23.22204173297752,1.0705418586730957,5.776126861572266,18.896265029907227,-154.18357849121094,125.11876678466797,30.79633331298828
2026-04-02 13:03:50.988,1969.994677392,615050944,left_foot,左脚,D4:22:CD:00:84:61,0.07572237402200699,0.7668872475624084,-0.13653741776943207,0.6225013136863708,-165.8453151623417,-77.27908816841938,-31.526756890187734,5.976676940917969,-2.565425157546997,10.08957576751709,14.584317207336426,256.76153564453125,28.67490005493164
2026-04-02 13:03:51.018,1970.024408441,615084278,left_foot,左脚,D4:22:CD:00:84:61,0.06932348012924194,0.6940476894378662,-0.1511956751346588,0.7004514336585999,-94.5136975776947,-83.34201524261587,-103.45842000756281,3.1934125423431396,0.2949064373970032,7.105362892150879,2.899204969406128,351.993896484375,107.58895874023438
2026-04-02 13:03:51.048,1970.054604065,615117612,left_foot,左脚,D4:22:CD:00:84:61,0.05683422088623047,0.619500994682312,-0.13431286811828613,0.7713292241096497,-34.860784968286865,-76.15466979495068,-160.78992334137175,7.113285064697266,-2.05906081199646,5.955554485321045,89.10066223144531,343.54339599609375,45.97187805175781
2026-04-02 13:03:51.078,1970.084371592,615150946,left_foot,左脚,D4:22:CD:00:84:61,0.05628696084022522,0.5341788530349731,-0.10340855270624161,0.8371328711509705,-15.483402768600982,-64.95809126181715,-177.80146832028765,12.624857902526855,1.8703714609146118,6.588380336761475,96.27139282226562,369.84271240234375,-11.59720516204834
2026-04-02 13:03:51.108,1970.114632427,615184280,left_foot,左脚,D4:22:CD:00:84:61,0.07026266306638718,0.44429081678390503,-0.07143115997314453,0.8902620673179626,-6.210695613613129,-53.236068335067756,174.08954700448237,14.38171100616455,2.1133711338043213,9.498689651489258,67.12346649169922,365.2887878417969,-56.109130859375
2026-04-02 13:03:51.138,1970.144553719,615217614,left_foot,左脚,D4:22:CD:00:84:61,0.09706687927246094,0.3540622591972351,-0.016855789348483086,0.9300181865692139,2.8583957608447674,-41.440425934875556,167.00167431596194,24.560848236083984,-4.0060038566589355,7.6297831535339355,113.50509643554688,354.9398193359375,-133.18197631835938
2026-04-02 13:03:51.168,1970.174631597,615250948,left_foot,左脚,D4:22:CD:00:84:61,0.11343124508857727,0.25988128781318665,0.034301526844501495,0.9583415985107422,8.226299833495728,-29.36216183590241,164.340842414679,29.790851593017578,-0.30679482221603394,-2.999955654144287,113.53511810302734,353.1587219238281,-99.29608154296875
2026-04-02 13:03:51.198,1970.204668882,615284282,left_foot,左脚,D4:22:CD:00:84:61,0.12432999163866043,0.21202373504638672,0.05536481365561485,0.967741072177887,10.029911974766694,-23.365869127521066,163.27905620952356,31.21245765686035,-6.066045761108398,-21.24481773376465,39.48210144042969,173.94485473632812,-56.538455963134766
2026-04-02 13:03:51.228,1970.234652672,615317616,left_foot,左脚,D4:22:CD:00:84:61,0.1450386941432953,0.23110394179821014,0.027096059173345566,0.9616760015487671,7.610938436074977,-25.889325935459514,161.0949084330135,25.761459350585938,-4.915858745574951,-23.353849411010742,-100.1269302368164,-80.48064422607422,-47.56516647338867
2026-04-02 13:03:51.288,1970.294619069,615350950,left_foot,左脚,D4:22:CD:00:84:61,0.14756277203559875,0.27318406105041504,-0.026823006570339203,0.9501980543136597,1.9993918382246263,-31.807970366803218,161.77557100288666,3.972970724105835,-4.119716167449951,15.179888725280762,-158.52635192871094,-170.70252990722656,32.4130744934082
2026-04-02 13:03:51.318,1970.324605216,615384284,left_foot,左脚,D4:22:CD:00:84:61,0.15940223634243011,0.3500957190990448,-0.053400639444589615,0.9215055704116821,1.0089774736066004,-41.47204287475584,159.99016359840527,17.24449920654297,-8.190180778503418,8.626670837402344,-61.45000457763672,-286.6358337402344,-35.74681854248047
2026-04-02 13:03:51.348,1970.354606699,615417618,left_foot,左脚,D4:22:CD:00:84:61,0.157266303896904,0.39662742614746094,-0.061728883534669876,0.902299165725708,1.1289772168224657,-47.32147785832968,159.7312192213763,20.56649398803711,2.1273138523101807,3.6479310989379883,-1.4650909900665283,-170.6316375732422,-2.805262565612793
2026-04-02 13:03:51.378,1970.384474689,615450952,left_foot,左脚,D4:22:CD:00:84:61,0.15266607701778412,0.4231667220592499,-0.07127167284488678,0.8902491331100464,0.20927461932885294,-50.82398615119785,160.4389235296655,10.190900802612305,-0.5485789179801941,4.365326404571533,-11.275506973266602,-99.73812866210938,14.690543174743652
2026-04-02 13:03:51.408,1970.414616983,615484286,left_foot,左脚,D4:22:CD:00:84:61,0.14899712800979614,0.4400778114795685,-0.07869763672351837,0.882007896900177,-0.7333151763631144,-53.10678505758357,161.18963308627207,8.139363288879395,-0.4561823308467865,6.150183200836182,-10.265105247497559,-63.52971267700195,13.141012191772461
2026-04-02 13:03:51.438,1970.444607444,615517620,left_foot,左脚,D4:22:CD:00:84:61,0.14547766745090485,0.4523477554321289,-0.08317138254642487,0.8759568333625793,-1.3996296576787135,-54.75315094122137,161.8657298700964,8.584741592407227,-0.4198687970638275,5.5114426612854,-3.3024985790252686,-44.885772705078125,10.593344688415527
2026-04-02 13:03:51.468,1970.47459886,615550954,left_foot,左脚,D4:22:CD:00:84:61,0.1433885395526886,0.4562608003616333,-0.08739285171031952,0.8738584518432617,-2.2058346626561613,-55.33349869503726,162.5196889347306,8.404644966125488,-0.043965622782707214,5.233326435089111,-7.816956043243408,-13.272149085998535,10.284211158752441
2026-04-02 13:03:51.498,1970.5046013,615584288,left_foot,左脚,D4:22:CD:00:84:61,0.14344704151153564,0.45772507786750793,-0.08959182351827621,0.8728598356246948,-2.5423679287591283,-55.564450142468935,162.67429252239623,7.862954139709473,-1.0791629552841187,5.118052005767822,-5.992836952209473,-2.7663075923919678,1.962436318397522
2026-04-02 13:03:51.558,1970.564616023,615617622,left_foot,左脚,D4:22:CD:00:84:61,0.14357063174247742,0.46139782667160034,-0.09118013828992844,0.8707387447357178,-2.700636670253868,-56.067449968820405,162.71238753806122,7.543771266937256,0.635118842124939,5.546517372131348,-3.5172066688537598,-11.061339378356934,-0.42809149622917175
2026-04-02 13:03:51.591,1970.597358399,615650956,left_foot,左脚,D4:22:CD:00:84:61,0.14360235631465912,0.4646691381931305,-0.09448641538619995,0.8686387538909912,-3.192408853350604,-56.553016164051975,162.94322573427237,7.8983354568481445,-0.6376723647117615,5.040570259094238,-8.747919082641602,-10.91756534576416,2.7652089595794678
2026-04-02 13:03:51.618,1970.624655355,615684290,left_foot,左脚,D4:22:CD:00:84:61,0.14468920230865479,0.46976450085639954,-0.09666884690523148,0.8654718995094299,-3.326983521949079,-57.25748951676796,162.834631206683,7.153858184814453,0.12490680813789368,6.218479633331299,-6.526994705200195,-17.34803009033203,-3.301814079284668
2026-04-02 13:03:51.648,1970.654608417,615717624,left_foot,左脚,D4:22:CD:00:84:61,0.1426415592432022,0.4853740334510803,-0.10332244634628296,0.8563820123672485,-4.338264298125096,-59.40732754411484,163.56258152981746,7.381277561187744,0.04543161392211914,7.965247631072998,-11.555838584899902,-61.75128173828125,6.8761701583862305
2026-04-02 13:03:51.678,1970.684607143,615750958,left_foot,左脚,D4:22:CD:00:84:61,0.13800762593746185,0.5120798945426941,-0.10563230514526367,0.8411718606948853,-4.587663972880741,-62.9550822683963,164.17523696250697,8.35185432434082,-1.6366651058197021,9.5829496383667,8.818325996398926,-103.75973510742188,0.26979100704193115
2026-04-02 13:03:51.708,1970.714372559,615784292,left_foot,左脚,D4:22:CD:00:84:61,0.13096173107624054,0.5550197958946228,-0.10909178107976913,0.8141874670982361,-5.120704761138689,-68.80475935007438,165.23230352812814,8.19468879699707,-0.7648388147354126,11.230063438415527,13.150345802307129,-173.3523406982422,-2.254347085952759
2026-04-02 13:03:51.738,1970.74467681,615817626,left_foot,左脚,D4:22:CD:00:84:61,0.11994922906160355,0.6184743642807007,-0.11524345725774765,0.7679980397224426,-7.82505238797769,-77.85560840900715,168.56974062981303,9.056374549865723,0.4516648054122925,12.51098346710205,15.186040878295898,-270.864501953125,-2.369584321975708
2026-04-02 13:03:51.768,1970.774619707,615850960,left_foot,左脚,D4:22:CD:00:84:61,0.09857440739870071,0.7079975008964539,-0.12466739118099213,0.6880993843078613,-136.4135246083135,-87.34086831721439,-61.756328664393585,10.127482414245605,1.4082963466644287,16.161705017089844,25.969196319580078,-418.3162841796875,7.799784183502197
2026-04-02 13:03:51.798,1970.804527127,615884294,left_foot,左脚,D4:22:CD:00:84:61,0.06775197386741638,0.7988525032997131,-0.14298368990421295,0.5803449153900146,-169.68888641709725,-71.19029042231692,-27.68584820424163,17.82305335998535,4.084789752960205,20.195825576782227,16.385181427001953,-498.1636657714844,42.13818359375
2026-04-02 13:03:51.828,1970.834406305,615917628,left_foot,左脚,D4:22:CD:00:84:61,0.03827487677335739,0.8451019525527954,-0.14037065207958221,0.514426052570343,-170.32791805517053,-61.67011399110236,-24.643933934730306,18.547574996948242,5.19575834274292,15.381636619567871,64.67344665527344,-288.6839294433594,13.835007667541504
2026-04-02 13:03:51.888,1970.894588831,615950962,left_foot,左脚,D4:22:CD:00:84:61,0.07004101574420929,0.8265257477760315,-0.16751888394355774,0.5328106880187988,-171.5530721216259,-64.71971729122878,-28.27291826299717,4.141358852386475,9.517585754394531,21.70452117919922,-133.68820190429688,95.4806137084961,34.89608383178711
2026-04-02 13:03:51.918,1970.924532223,615984296,left_foot,左脚,D4:22:CD:00:84:61,0.06950021535158157,0.7887104153633118,-0.1635177731513977,0.5885300636291504,-164.4452745878255,-72.00593677117523,-34.76080807542455,4.699270248413086,-4.131760597229004,10.980031967163086,31.9035587310791,224.82998657226562,25.57257080078125
2026-04-02 13:03:51.978,1970.984422814,616017630,left_foot,左脚,D4:22:CD:00:84:61,0.06548558175563812,0.7201330661773682,-0.17139014601707458,0.6691378355026245,-125.38786204462393,-80.46469365744271,-73.96431431898529,4.607728481292725,3.9190211296081543,7.1262431144714355,23.590896606445312,349.8413391113281,88.25077056884766
2026-04-02 13:03:51.978,1970.984991834,616050964,left_foot,左脚,D4:22:CD:00:84:61,0.06805220991373062,0.6443347930908203,-0.16305485367774963,0.744053065776825,-53.06335887197567,-78.82232670906447,-145.83792299063356,5.396361827850342,-0.9803375005722046,5.718459129333496,39.22014617919922,359.79925537109375,35.90129470825195
2026-04-02 13:03:52.008,1971.014501237,616084298,left_foot,左脚,D4:22:CD:00:84:61,0.08510898798704147,0.5655249953269958,-0.13488970696926117,0.8091617226600647,-20.6401870886241,-69.7453138469704,-177.54433470991202,11.302000999450684,0.2222757786512375,6.410752296447754,51.480167388916016,358.5205383300781,-45.90597915649414
2026-04-02 13:03:52.038,1971.044532996,616117632,left_foot,左脚,D4:22:CD:00:84:61,0.10550165921449661,0.4753378927707672,-0.09825708717107773,0.8679107427597046,-7.5682768490472965,-57.76141411151714,170.31728098930836,15.16586685180664,2.038289785385132,8.729782104492188,62.28559494018555,382.0869140625,-68.2245101928711
2026-04-02 13:03:52.068,1971.074423322,616150966,left_foot,左脚,D4:22:CD:00:84:61,0.12594524025917053,0.37971121072769165,-0.04725057631731033,0.9152729511260986,0.7414036481466079,-44.98979056446611,164.02312255445494,22.328468322753906,-3.3199520111083984,9.549323081970215,99.34945678710938,385.2908020019531,-94.15977478027344
2026-04-02 13:03:52.098,1971.104486997,616184300,left_foot,左脚,D4:22:CD:00:84:61,0.13691867887973785,0.2871043384075165,0.003982889465987682,0.9480552673339844,5.891282999352779,-32.907936349838266,161.8229309133526,32.070213317871094,0.32111436128616333,-2.0736167430877686,111.52547454833984,356.1896667480469,-71.44589233398438
2026-04-02 13:03:52.128,1971.13453359,616217634,left_foot,左脚,D4:22:CD:00:84:61,0.14733432233333588,0.22805489599704742,0.05023742839694023,0.9611242413520813,10.415701488368734,-25.060483913722994,160.2485671652589,32.398563385009766,-6.977005958557129,-20.214988708496094,111.97663116455078,226.99095153808594,-73.82283782958984
2026-04-02 13:03:52.188,1971.194539442,616250968,left_foot,左脚,D4:22:CD:00:84:61,0.15885958075523376,0.24499854445457458,0.0071873473934829235,0.9563931822776794,5.942851099340089,-27.797381278563147,159.66642818845904,28.752565383911133,-4.576551914215088,-29.351581573486328,-142.47479248046875,-80.85139465332031,-3.7978029251098633
2026-04-02 13:03:52.218,1971.224625193,616284302,left_foot,左脚,D4:22:CD:00:84:61,0.1710708737373352,0.2953796982765198,-0.04205726459622383,0.9389978647232056,1.5386227665021566,-34.68827279647036,158.86911971568003,5.925864219665527,-8.985657691955566,14.471088409423828,-144.6806640625,-202.9903564453125,-7.086241722106934
2026-04-02 13:03:52.248,1971.254417958,616317636,left_foot,左脚,D4:22:CD:00:84:61,0.18083740770816803,0.3751022517681122,-0.06494077295064926,0.9068509936332703,1.4423990934976063,-44.73358373519263,156.85131527041935,24.681610107421875,-5.304294586181641,7.843959808349609,-41.3692512512207,-298.0823669433594,-39.13676452636719
2026-04-02 13:03:52.278,1971.284312168,616350970,left_foot,左脚,D4:22:CD:00:84:61,0.1749584823846817,0.412250280380249,-0.07550450414419174,0.8909200429916382,0.8581314010850535,-49.55104123410723,157.38325369916032,16.34532356262207,0.99830561876297,3.1442995071411133,-5.551662921905518,-138.86288452148438,13.279603958129883
2026-04-02 13:03:52.308,1971.314519988,616384304,left_foot,左脚,D4:22:CD:00:84:61,0.1712583750486374,0.43305978178977966,-0.08334005624055862,0.8810132145881653,0.13904569826640878,-52.336046150095505,157.93083087431035,10.395004272460938,-0.6527913808822632,4.647206783294678,-8.566052436828613,-77.95791625976562,10.643120765686035
2026-04-02 13:03:52.338,1971.344530532,616417638,left_foot,左脚,D4:22:CD:00:84:61,0.1690715253353119,0.44376763701438904,-0.08718261122703552,0.875719428062439,-0.25577808602340985,-53.77590785149939,158.27487255718083,8.018770217895508,-1.1833856105804443,6.089572906494141,-3.329387903213501,-37.876495361328125,5.708732604980469
2026-04-02 13:03:52.368,1971.374522047,616450972,left_foot,左脚,D4:22:CD:00:84:61,0.16756673157215118,0.45130765438079834,-0.08735717087984085,0.8721305727958679,-0.11167997664875454,-54.73342285756905,158.3058465922947,7.902090549468994,-0.15336577594280243,5.823117733001709,5.367380619049072,-23.715333938598633,-0.03647278621792793
2026-04-02 13:03:52.428,1971.434399821,616484306,left_foot,左脚,D4:22:CD:00:84:61,0.16627933084964752,0.45791059732437134,-0.08943800628185272,0.8687174916267395,-0.31563893678463406,-55.622280732855835,158.49489776704002,7.851124286651611,0.6530953645706177,5.411306858062744,-1.198887586593628,-21.95576286315918,2.683458089828491
2026-04-02 13:03:52.429,1971.435547979,616517640,left_foot,左脚,D4:22:CD:00:84:61,0.16396668553352356,0.4659382104873657,-0.09438967704772949,0.8643536567687988,-1.0846980832440927,-56.764427726773086,159.10347266906982,7.049339771270752,0.49255722761154175,5.482215881347656,-7.675278186798096,-29.928464889526367,9.35676097869873
2026-04-02 13:03:52.488,1971.494569785,616550974,left_foot,左脚,D4:22:CD:00:84:61,0.16128574311733246,0.48176419734954834,-0.10104099661111832,0.8553836941719055,-1.9396495097702062,-58.956840999059956,159.74057761619534,6.9182448387146,0.3725474774837494,6.333622932434082,-9.249475479125977,-61.8541259765625,8.084906578063965
2026-04-02 13:03:52.519,1971.525247607,616584308,left_foot,左脚,D4:22:CD:00:84:61,0.15817555785179138,0.49881818890571594,-0.10875459015369415,0.8451824188232422,-3.1128253819574905,-61.35292568856589,160.64630600749496,8.450640678405762,-0.674344539642334,5.0344038009643555,-11.426748275756836,-68.5462417602539,10.043645858764648
2026-04-02 13:03:52.548,1971.554517127,616617642,left_foot,左脚,D4:22:CD:00:84:61,0.15537498891353607,0.510636568069458,-0.11678435653448105,0.8375383615493774,-4.68046527616489,-63.08081687349254,161.85436292690574,8.15212345123291,0.4284830689430237,6.630279541015625,-14.768982887268066,-49.216949462890625,13.057944297790527
2026-04-02 13:03:52.578,1971.584594532,616650976,left_foot,左脚,D4:22:CD:00:84:61,0.15258590877056122,0.5293126106262207,-0.12040036916732788,0.8258629441261292,-5.194986119100389,-65.64696918941985,162.41652318803335,8.819284439086914,-3.5632474422454834,9.061939239501953,-0.043589770793914795,-74.0107650756836,0.36554381251335144
2026-04-02 13:03:52.608,1971.614590523,616684310,left_foot,左脚,D4:22:CD:00:84:61,0.14945277571678162,0.5668253898620605,-0.11838375777006149,0.801472544670105,-3.5327755621346246,-70.73027011288266,161.38220195045596,8.532286643981934,-1.3830859661102295,11.483830451965332,21.217531204223633,-148.3455810546875,-23.53960609436035
2026-04-02 13:03:52.668,1971.674335614,616717644,left_foot,左脚,D4:22:CD:00:84:61,0.14336372911930084,0.6268481612205505,-0.11793462187051773,0.75670325756073,0.38489267884630324,-79.26248458600831,158.22521586593635,8.190500259399414,-0.9622946381568909,11.449223518371582,25.897010803222656,-252.8873748779297,-32.04536437988281
2026-04-02 13:03:52.669,1971.675622646,616750978,left_foot,左脚,D4:22:CD:00:84:61,0.1295546144247055,0.7113224267959595,-0.12218164652585983,0.6799322366714478,156.5256570642439,-87.38705525908327,2.9618663028160257,9.812795639038086,2.445507764816284,16.261796951293945,29.36439323425293,-392.2726135253906,-27.556987762451172
2026-04-02 13:03:52.698,1971.704502704,616784312,left_foot,左脚,D4:22:CD:00:84:61,0.09819914400577545,0.8032642602920532,-0.14187531173229218,0.5700833797454834,-179.30674984775416,-70.68581247690585,-20.52457900712801,19.404632568359375,7.104499340057373,20.44707679748535,25.612533569335938,-507.0267639160156,33.82877731323242
2026-04-02 13:03:52.728,1971.734533855,616817646,left_foot,左脚,D4:22:CD:00:84:61,0.05559677630662918,0.8571083545684814,-0.1386781632900238,0.4929937720298767,-175.33510702751482,-59.37480333890177,-21.04179760028101,14.217657089233398,4.071256160736084,15.939205169677734,104.84214782714844,-339.92718505859375,22.5833740234375
2026-04-02 13:03:52.788,1971.79454055,616850980,left_foot,左脚,D4:22:CD:00:84:61,0.08472990989685059,0.8427777290344238,-0.16614235937595367,0.504919171333313,-176.99679369449532,-61.54885071259734,-24.092911712879484,10.972612380981445,14.000082969665527,20.919958114624023,-129.0700225830078,65.52205657958984,41.383934020996094
2026-04-02 13:03:52.818,1971.824528088,616884314,left_foot,左脚,D4:22:CD:00:84:61,0.0915374606847763,0.8031432032585144,-0.17446096241474152,0.5622680187225342,-172.0273325385612,-69.24476622241637,-30.020325206205083,6.032654762268066,-5.813008785247803,9.655951499938965,-12.646624565124512,232.9344482421875,52.48240280151367
2026-04-02 13:03:52.878,1971.884404811,616917648,left_foot,左脚,D4:22:CD:00:84:61,0.07763423025608063,0.7337601780891418,-0.17977070808410645,0.6505779027938843,-139.69348610333182,-79.31113232668241,-61.373173386266245,3.2127809524536133,5.624624729156494,6.302493095397949,59.21977615356445,364.68914794921875,111.97671508789062
2026-04-02 13:03:52.879,1971.885477366,616950982,left_foot,左脚,D4:22:CD:00:84:61,0.06333228945732117,0.6617320775985718,-0.17474260926246643,0.726336658000946,-69.62382641086045,-79.55013558049647,-129.8409750108803,2.353107213973999,-1.4187465906143188,5.246270656585693,74.36136627197266,341.300537109375,85.2420654296875
2026-04-02 13:03:52.908,1971.914530467,616984316,left_foot,左脚,D4:22:CD:00:84:61,0.06754644215106964,0.5976217985153198,-0.14315232634544373,0.7859982848167419,-30.526843023936525,-73.49562780340766,-166.790211117131,9.85492992401123,-0.4408029317855835,6.164788246154785,90.29066467285156,301.642822265625,-29.862564086914062
2026-04-02 13:03:52.938,1971.944507388,617017650,left_foot,左脚,D4:22:CD:00:84:61,0.09134239703416824,0.5147771835327148,-0.09560250490903854,0.8470662832260132,-8.550854109898557,-62.81873835616133,172.91818492857016,16.72123908996582,3.8788015842437744,7.703173637390137,89.58782958984375,368.99261474609375,-106.09236907958984
2026-04-02 13:03:52.971,1971.977118292,617050984,left_foot,左脚,D4:22:CD:00:84:61,0.1174602136015892,0.41632482409477234,-0.053789783269166946,0.8999907970428467,0.08693853065650331,-49.642009910111796,165.08819681896387,20.657211303710938,-1.1551891565322876,8.631532669067383,61.05345153808594,399.3946838378906,-99.94999694824219
2026-04-02 13:03:52.998,1972.004649278,617084318,left_foot,左脚,D4:22:CD:00:84:61,0.13421399891376495,0.3176782727241516,0.010300624184310436,0.9385952949523926,7.468801679985738,-36.41130022530972,161.26482656980104,31.139930725097656,-0.5333734750747681,-0.6394567489624023,140.9782257080078,387.663330078125,-108.79872131347656
2026-04-02 13:03:53.028,1972.034731606,617117652,left_foot,左脚,D4:22:CD:00:84:61,0.14847113192081451,0.2520069181919098,0.053805261850357056,0.9547534584999084,11.572316289057747,-27.725220931326316,159.45677314626192,30.377641677856445,-8.372440338134766,-16.103992462158203,92.99925994873047,248.7162322998047,-87.54669189453125
2026-04-02 13:03:53.088,1972.095045556,617150986,left_foot,左脚,D4:22:CD:00:84:61,0.16417507827281952,0.2560659348964691,0.044270675629377365,0.9515866637229919,11.013184521849494,-28.216298055023202,157.64651102778402,34.843040466308594,0.6372115612030029,-27.6121826171875,-42.89638900756836,-21.8409366607666,-43.950599670410156
2026-04-02 13:03:53.118,1972.124292822,617184320,left_foot,左脚,D4:22:CD:00:84:61,0.17315806448459625,0.2900485098361969,-0.037356797605752945,0.9404747486114502,2.0852220754234674,-33.95238747131254,158.4987026655453,7.101390361785889,-12.67796516418457,8.010766983032227,-255.09814453125,-164.15829467773438,41.401145935058594
2026-04-02 13:03:53.148,1972.1546406,617217654,left_foot,左脚,D4:22:CD:00:84:61,0.18236090242862701,0.37020793557167053,-0.07150528579950333,0.9080625772476196,0.41312781519891634,-44.30065251742171,157.12116301039265,12.531986236572266,-13.13729476928711,9.31026554107666,-75.997314453125,-307.0596618652344,-25.584074020385742
2026-04-02 13:03:53.178,1972.18462938,617250988,left_foot,左脚,D4:22:CD:00:84:61,0.1793999820947647,0.42123499512672424,-0.08523580431938171,0.8849360942840576,0.025679077697368106,-50.90618355501096,157.06765534871997,24.461383819580078,2.138303279876709,2.055319309234619,-12.38461971282959,-193.49380493164062,-0.8938255906105042
2026-04-02 13:03:53.209,1972.215172589,617284322,left_foot,左脚,D4:22:CD:00:84:61,0.1746474802494049,0.44694751501083374,-0.09714221209287643,0.871951699256897,-1.3090294989136853,-54.42595839160683,158.0207895636672,10.193915367126465,-0.9165816903114319,4.0706071853637695,-16.984952926635742,-100.6506576538086,15.697820663452148
2026-04-02 13:03:53.238,1972.244525872,617317656,left_foot,左脚,D4:22:CD:00:84:61,0.17127922177314758,0.46160900592803955,-0.10458628088235855,0.864084780216217,-2.3462046781042716,-56.466746141853726,158.83619617623032,8.400880813598633,-1.738019585609436,5.844413757324219,-10.627903938293457,-56.617454528808594,11.450211524963379
2026-04-02 13:03:53.268,1972.274543502,617350990,left_foot,左脚,D4:22:CD:00:84:61,0.16969722509384155,0.4717843234539032,-0.1043282002210617,0.8589167594909668,-2.051771087798218,-57.76369706229814,158.77974837488924,8.615386962890625,-1.3277634382247925,5.487729072570801,7.775294303894043,-34.0970573425293,-2.9578311443328857
2026-04-02 13:03:53.298,1972.304519639,617384324,left_foot,左脚,D4:22:CD:00:84:61,0.16809487342834473,0.4759361147880554,-0.10532937198877335,0.8568165302276611,-2.2360845664565883,-58.31957522626164,159.04850868421372,8.048495292663574,1.021118402481079,5.376812934875488,1.658409833908081,-12.327178001403809,3.1092958450317383
2026-04-02 13:03:53.358,1972.364561237,617417658,left_foot,左脚,D4:22:CD:00:84:61,0.16666293144226074,0.476698637008667,-0.10878323763608932,0.8562406301498413,-3.0048522113873153,-58.49535546768391,159.65368065207258,7.762346267700195,-0.1556282490491867,5.3863420486450195,-7.300268650054932,-1.4563347101211548,8.815534591674805
2026-04-02 13:03:53.388,1972.39452546,617450992,left_foot,左脚,D4:22:CD:00:84:61,0.16665750741958618,0.4782179594039917,-0.11117058247327805,0.855087161064148,-3.3950468439038253,-58.747675084199415,159.853840643772,7.656511306762695,-0.815689742565155,5.7485270500183105,-6.285046577453613,-3.7356464862823486,2.2716526985168457
2026-04-02 13:03:53.418,1972.424554743,617484326,left_foot,左脚,D4:22:CD:00:84:61,0.1664372980594635,0.48329266905784607,-0.11379685997962952,0.8519256711006165,-3.726293818535774,-59.4672292442494,160.02002668188638,7.460995197296143,0.35186120867729187,5.411984443664551,-5.371380805969238,-17.939401626586914,0.7922654747962952
2026-04-02 13:03:53.448,1972.454375648,617517660,left_foot,左脚,D4:22:CD:00:84:61,0.16298192739486694,0.49456730484962463,-0.12086989730596542,0.8451216220855713,-5.112740129579121,-61.08503265846094,161.1870471859193,7.421084880828857,0.2742137312889099,6.434326648712158,-10.945873260498047,-46.20609664916992,13.230562210083008
2026-04-02 13:03:53.478,1972.48452043,617550994,left_foot,左脚,D4:22:CD:00:84:61,0.15885481238365173,0.5152588486671448,-0.12525857985019684,0.8328169584274292,-5.862017419711863,-63.90007788601043,162.05963578769075,7.895201206207275,-2.747438669204712,7.831388473510742,0.9699010848999023,-81.98846435546875,3.6249799728393555
2026-04-02 13:03:53.508,1972.514612368,617584328,left_foot,左脚,D4:22:CD:00:84:61,0.15393663942813873,0.5471697449684143,-0.12587027251720428,0.8130594491958618,-5.5982999757399305,-68.20449509660074,162.35045135148133,8.543057441711426,-0.3307047486305237,10.270380020141602,16.121726989746094,-125.9802017211914,-9.823309898376465
2026-04-02 13:03:53.538,1972.544555871,617617662,left_foot,左脚,D4:22:CD:00:84:61,0.14421020448207855,0.598048985004425,-0.13039596378803253,0.7775202393531799,-6.8881130079267985,-75.37503251912854,164.30891624503116,8.220460891723633,-0.5829929709434509,11.98315715789795,17.37436866760254,-213.4872589111328,-5.570302486419678
2026-04-02 13:03:53.568,1972.574390717,617650996,left_foot,左脚,D4:22:CD:00:84:61,0.12804383039474487,0.6702041029930115,-0.1396159529685974,0.7175922393798828,-24.63939644218042,-86.04659635925128,-177.1934308851988,8.977139472961426,0.6739126443862915,14.828635215759277,17.612483978271484,-326.7550048828125,-0.31279340386390686
2026-04-02 13:03:53.598,1972.604523366,617684330,left_foot,左脚,D4:22:CD:00:84:61,0.09612957388162613,0.764521598815918,-0.15853199362754822,0.6173602938652039,-167.46272767203155,-77.02024686008824,-33.4205942167738,14.6793212890625,5.769381999969482,22.874217987060547,20.348237991333008,-488.32147216796875,32.77016830444336
2026-04-02 13:03:53.628,1972.634323933,617717664,left_foot,左脚,D4:22:CD:00:84:61,0.0576038584113121,0.8456119298934937,-0.19676443934440613,0.4928551912307739,-169.23146729708057,-58.89223219287228,-32.28938708384249,12.604232788085938,7.236814975738525,22.231075286865234,-21.048185348510742,-536.2739868164062,97.53108215332031
2026-04-02 13:03:53.688,1972.694451809,617750998,left_foot,左脚,D4:22:CD:00:84:61,0.05185296759009361,0.8597491383552551,-0.1968783587217331,0.4683820307254791,-170.274691300032,-55.66962665979913,-30.940174388014647,24.899497985839844,6.779380798339844,15.385168075561523,2.8256425857543945,-101.52031707763672,-3.7864797115325928
2026-04-02 13:03:53.718,1972.724561051,617784332,left_foot,左脚,D4:22:CD:00:84:61,0.08728232979774475,0.818008542060852,-0.23329336941242218,0.5184767842292786,-167.5008240395283,-62.743040563580585,-39.47598608057892,-0.05119132995605469,-0.11396390199661255,16.711021423339844,-136.90794372558594,229.0263671875,88.81120300292969
2026-04-02 13:03:53.748,1972.754560132,617817666,left_foot,左脚,D4:22:CD:00:84:61,0.062161169946193695,0.7625218629837036,-0.20306672155857086,0.6111142635345459,-147.98604592572727,-73.1805605160907,-53.87084058069046,5.792206287384033,-3.2368814945220947,6.815309524536133,182.0977020263672,344.64105224609375,32.71529006958008
2026-04-02 13:03:53.781,1972.787299315,617851000,left_foot,左脚,D4:22:CD:00:84:61,0.06219102442264557,0.6770500540733337,-0.19845084846019745,0.7059410810470581,-88.70184292642632,-78.69529653953184,-112.64399003658465,2.314270257949829,-0.5143044590950012,6.2996134757995605,56.83509063720703,425.7509765625,68.86652374267578
2026-04-02 13:03:53.808,1972.814552663,617884334,left_foot,左脚,D4:22:CD:00:84:61,0.06888076663017273,0.598353922367096,-0.1611984670162201,0.7818204760551453,-36.17522385415884,-73.29899882578162,-162.7534731933324,4.734933376312256,-3.360191822052002,7.748760223388672,108.85613250732422,376.3702087402344,-32.39329147338867
2026-04-02 13:03:53.838,1972.844580721,617917668,left_foot,左脚,D4:22:CD:00:84:61,0.08467470109462738,0.5126295685768127,-0.1053958460688591,0.8478991389274597,-11.489579538410132,-62.5191311341942,175.5836895732289,20.626338958740234,0.02600516378879547,8.97698974609375,133.02108764648438,384.5960388183594,-93.52223205566406
2026-04-02 13:03:53.868,1972.874608723,617951002,left_foot,左脚,D4:22:CD:00:84:61,0.11901317536830902,0.4007851183414459,-0.05083474889397621,0.9069856405258179,0.27089121346607564,-47.65588818346431,164.92926750617315,28.526046752929688,1.8712443113327026,7.9878644943237305,86.63956451416016,455.6895446777344,-137.93466186523438
2026-04-02 13:03:53.899,1972.905225054,617984336,left_foot,左脚,D4:22:CD:00:84:61,0.14403478801250458,0.29633286595344543,0.0076870243065059185,0.9441301226615906,6.909160557350788,-33.871984069525766,160.54565879789146,34.52921676635742,-0.595818042755127,-6.928145408630371,111.12508392333984,403.3441162109375,-124.44084167480469
2026-04-02 13:03:53.928,1972.934589155,618017670,left_foot,左脚,D4:22:CD:00:84:61,0.16492529213428497,0.25610557198524475,0.061048977077007294,0.9505170583724976,13.105465388951158,-27.822135716400137,157.05378364137235,31.896453857421875,-11.5604248046875,-26.147817611694336,131.23655700683594,162.65769958496094,-119.47056579589844
2026-04-02 13:03:53.988,1972.994637099,618051004,left_foot,左脚,D4:22:CD:00:84:61,0.1623905599117279,0.2751971483230591,0.018103256821632385,0.947400689125061,8.299269156326975,-31.035185159925234,158.23924801446063,28.662078857421875,0.10245710611343384,-23.999460220336914,-127.21038818359375,-86.18336486816406,48.36566925048828
2026-04-02 13:03:54.018,1973.024238582,618084338,left_foot,左脚,D4:22:CD:00:84:61,0.1740945428609848,0.32271555066108704,-0.04837389662861824,0.929088830947876,1.6360080824270251,-38.061422546169666,158.20941236029145,0.07667136192321777,-12.232732772827148,16.379772186279297,-200.59222412109375,-205.8192596435547,17.48567008972168
2026-04-02 13:03:54.048,1973.054496723,618117672,left_foot,左脚,D4:22:CD:00:84:61,0.18392601609230042,0.40214186906814575,-0.07377958297729492,0.8938735127449036,1.379413089955865,-48.25089624100882,156.12806221584168,28.41032600402832,-7.41750431060791,6.524040222167969,-50.16348648071289,-302.91455078125,-37.968902587890625
2026-04-02 13:03:54.078,1973.084579555,618151006,left_foot,左脚,D4:22:CD:00:84:61,0.17618024349212646,0.4390338659286499,-0.09194783121347427,0.8762166500091553,-0.6168801483257537,-53.30004950602121,157.5719292551928,16.207685470581055,2.676851749420166,2.6779873371124268,-25.960649490356445,-146.23025512695312,27.880104064941406
2026-04-02 13:03:54.108,1973.114532372,618184340,left_foot,左脚,D4:22:CD:00:84:61,0.16918203234672546,0.45746904611587524,-0.10563552379608154,0.8665683269500732,-2.8964828021108553,-55.95515298450202,159.44481947385282,10.311768531799316,-2.504756212234497,4.3415303230285645,-22.22662353515625,-75.30198669433594,29.629880905151367
2026-04-02 13:03:54.138,1973.14428493,618217674,left_foot,左脚,D4:22:CD:00:84:61,0.1661592721939087,0.4672233462333679,-0.10838457196950912,0.8615953326225281,-3.339054159399607,-57.25994159336445,159.99208590203062,8.211725234985352,-2.7580726146698,5.963491439819336,0.8660153150558472,-34.341270446777344,6.323054313659668
2026-04-02 13:03:54.168,1973.174576009,618251008,left_foot,左脚,D4:22:CD:00:84:61,0.16519302129745483,0.47180190682411194,-0.10474573820829391,0.8597341179847717,-2.6035461047736566,-57.763631868320765,159.68332936854506,7.958620548248291,0.0070042721927165985,5.779643535614014,14.737395286560059,-9.796599388122559,-6.442427158355713
2026-04-02 13:03:54.198,1973.204569244,618284342,left_foot,左脚,D4:22:CD:00:84:61,0.16469182074069977,0.47203710675239563,-0.10520119965076447,0.8596457242965698,-2.7312559554046665,-57.80293920288711,159.81727967246897,7.791330814361572,0.9814315438270569,5.4151716232299805,0.004165265709161758,3.565451145172119,1.4462307691574097
2026-04-02 13:03:54.228,1973.23454142,618317676,left_foot,左脚,D4:22:CD:00:84:61,0.16419324278831482,0.47242453694343567,-0.10767511278390884,0.8592216372489929,-3.225778380918533,-57.90774241649801,160.14795959947057,7.026347637176514,-0.5104971528053284,5.847310543060303,-6.048060894012451,1.2518378496170044,4.557480335235596
2026-04-02 13:03:54.288,1973.29470129,618351010,left_foot,左脚,D4:22:CD:00:84:61,0.16531367599964142,0.47690898180007935,-0.10839862376451492,0.8564339280128479,-3.0719280175466164,-58.50892129432284,159.8705832167838,7.479353427886963,-0.8651008605957031,5.852286338806152,-2.063352108001709,-13.325140953063965,-5.9434051513671875
2026-04-02 13:03:54.318,1973.324603862,618384344,left_foot,左脚,D4:22:CD:00:84:61,0.1649232655763626,0.4855858087539673,-0.1124134436249733,0.8510993719100952,-3.546274825155685,-59.72806508972082,160.10332591037664,7.313924312591553,1.3785802125930786,5.794126510620117,-7.868472576141357,-32.476985931396484,0.9177783131599426
2026-04-02 13:03:54.348,1973.354627355,618417678,left_foot,左脚,D4:22:CD:00:84:61,0.1615273803472519,0.501258909702301,-0.12200292199850082,0.8412869572639465,-5.294746455667424,-61.984279611778916,161.4447753104315,7.240417003631592,0.20812830328941345,7.56381368637085,-16.99852180480957,-64.97344970703125,13.906392097473145
2026-04-02 13:03:54.378,1973.384540916,618451012,left_foot,左脚,D4:22:CD:00:84:61,0.1557663381099701,0.5274983644485474,-0.12750402092933655,0.8253637552261353,-6.405919823067174,-65.5714187134958,162.75375966088262,8.42782974243164,-2.5142550468444824,9.208736419677734,2.200702667236328,-105.15965270996094,5.843379497528076
2026-04-02 13:03:54.408,1973.414408276,618484346,left_foot,左脚,D4:22:CD:00:84:61,0.1458447128534317,0.5676336884498596,-0.13445726037025452,0.7990260720252991,-8.773217788128022,-71.1429479923785,165.59196401398125,8.16625690460205,0.03737606108188629,11.832868576049805,8.48089599609375,-166.6576385498047,8.544657707214355
2026-04-02 13:03:54.438,1973.444626257,618517680,left_foot,左脚,D4:22:CD:00:84:61,0.1303156167268753,0.6296520233154297,-0.14590995013713837,0.751842200756073,-18.579979229519026,-80.00614821145477,175.96595878948327,8.26577377319336,0.9486549496650696,13.115090370178223,8.304906845092773,-273.2951965332031,12.180391311645508
2026-04-02 13:03:54.469,1973.475434863,618551014,left_foot,左脚,D4:22:CD:00:84:61,0.10174229741096497,0.7140023708343506,-0.16076409816741943,0.6737983226776123,-134.97273889456903,-84.21098320334575,-66.44948200627283,9.631607055664062,1.95941162109375,17.806367874145508,22.194242477416992,-407.5897216796875,28.378400802612305
2026-04-02 13:03:54.498,1973.504311099,618584348,left_foot,左脚,D4:22:CD:00:84:61,0.057608287781476974,0.8078571557998657,-0.19240084290504456,0.5541029572486877,-162.42479160835492,-66.55461927694587,-38.37868184011119,18.560691833496094,4.564236640930176,20.9819278717041,1.6208057403564453,-549.4043579101562,86.54654693603516
2026-04-02 13:03:54.528,1973.534517904,618617682,left_foot,左脚,D4:22:CD:00:84:61,0.02621232345700264,0.8490117788314819,-0.20059750974178314,0.4881111979484558,-163.837596805201,-57.07055142213329,-35.41675542133437,21.528841018676758,5.3756422996521,13.042256355285645,35.970916748046875,-286.6426086425781,42.88344955444336
2026-04-02 13:03:54.589,1973.595338096,618651016,left_foot,左脚,D4:22:CD:00:84:61,0.06030631065368652,0.8250722289085388,-0.2231724113225937,0.5155705809593201,-164.18505410362656,-61.36415899998314,-39.69358096078384,6.0051374435424805,8.780987739562988,19.49310874938965,-120.68419647216797,137.68707275390625,28.94645118713379
2026-04-02 13:03:54.618,1973.624529274,618684350,left_foot,左脚,D4:22:CD:00:84:61,0.05827833339571953,0.7820085883140564,-0.21827535331249237,0.5808806419372559,-152.9683542709873,-69.05892950851525,-49.972760568671305,-0.4763776659965515,-2.6494436264038086,10.43746566772461,55.26066207885742,255.80389404296875,37.62549591064453
2026-04-02 13:03:54.648,1973.654354791,618717684,left_foot,左脚,D4:22:CD:00:84:61,0.03038429096341133,0.7289705872535706,-0.20599018037319183,0.6521095037460327,-123.3507310611782,-74.41969486166808,-76.07362469961932,1.482734203338623,-0.2520464360713959,6.468287467956543,141.54917907714844,273.4143981933594,78.39447784423828
2026-04-02 13:03:54.678,1973.684543604,618751018,left_foot,左脚,D4:22:CD:00:84:61,0.02165912091732025,0.6644576787948608,-0.1701214462518692,0.7273826599121094,-74.87593270241507,-76.9059208368718,-120.81474403146169,7.787540912628174,0.15512557327747345,5.49119758605957,147.59666442871094,325.3575134277344,-14.930638313293457
2026-04-02 13:03:54.708,1973.714217226,618784352,left_foot,左脚,D4:22:CD:00:84:61,0.045809321105480194,0.5918955206871033,-0.12800656259059906,0.7944656610488892,-29.232130051091744,-72.21491911484593,-165.06028063578495,8.780068397521973,-3.135326385498047,7.362868309020996,82.39171600341797,346.33477783203125,-107.2748794555664
2026-04-02 13:03:54.738,1973.744534982,618817686,left_foot,左脚,D4:22:CD:00:84:61,0.07162870466709137,0.5139364004135132,-0.08597640693187714,0.8504980802536011,-9.030058845754,-62.43920739162806,175.8520497764025,14.697526931762695,-1.9802019596099854,9.913516998291016,73.09507751464844,338.9764404296875,-111.14250183105469
2026-04-02 13:03:54.768,1973.774535133,618851020,left_foot,左脚,D4:22:CD:00:84:61,0.09684719145298004,0.4207957983016968,-0.024041585624217987,0.9016505479812622,3.3866249415018976,-49.771786309818026,166.1672503566184,25.038244247436523,-4.68809175491333,6.024727821350098,127.6528091430664,379.9249267578125,-141.5277862548828
2026-04-02 13:03:54.798,1973.804521571,618884354,left_foot,左脚,D4:22:CD:00:84:61,0.1060035452246666,0.3212721049785614,0.023321062326431274,0.9407463669776917,8.043559485476072,-36.83601692667168,164.45956677009804,29.95979118347168,-1.620905876159668,-2.0955331325531006,102.73359680175781,377.40777587890625,-74.03715515136719
2026-04-02 13:03:54.829,1973.835455659,618917688,left_foot,左脚,D4:22:CD:00:84:61,0.12224987149238586,0.26821520924568176,0.056662656366825104,0.9538894295692444,11.552110833763148,-29.857279818328838,162.30394875104068,29.495628356933594,-9.65395736694336,-20.405582427978516,68.6093978881836,194.7882080078125,-87.66203308105469
2026-04-02 13:03:54.888,1973.894626839,618951022,left_foot,左脚,D4:22:CD:00:84:61,0.14697884023189545,0.28248801827430725,0.015245064161717892,0.9478213787078857,7.591105714309446,-32.07405605482105,160.18572238959925,28.91825294494629,-6.374077796936035,-27.03150177001953,-152.04086303710938,-73.1544418334961,-42.404476165771484
2026-04-02 13:03:54.918,1973.924694709,618984356,left_foot,左脚,D4:22:CD:00:84:61,0.1452960968017578,0.32502320408821106,-0.03869347646832466,0.9336766600608826,1.6180340733601295,-38.183129602572556,161.74941944801907,3.178647994995117,-7.2735595703125,15.487651824951172,-152.17648315429688,-175.51132202148438,52.822654724121094
2026-04-02 13:03:54.948,1973.954426618,619017690,left_foot,左脚,D4:22:CD:00:84:61,0.15341760218143463,0.4017793834209442,-0.07599005848169327,0.8995898365974426,-1.156755844412701,-48.26138951911315,161.16178118672542,24.89915657043457,-6.848597049713135,7.265552520751953,-94.77824401855469,-298.8560485839844,-12.057134628295898
2026-04-02 13:03:54.978,1973.98461355,619051024,left_foot,左脚,D4:22:CD:00:84:61,0.14912651479244232,0.4419296979904175,-0.08702119439840317,0.880276620388031,-2.062290661001588,-53.51330269741038,161.8096350159762,15.789116859436035,-0.8219265937805176,3.488492727279663,-11.434566497802734,-152.77569580078125,7.054318904876709
2026-04-02 13:03:55.008,1974.014625559,619084358,left_foot,左脚,D4:22:CD:00:84:61,0.14615190029144287,0.463322252035141,-0.09245844185352325,0.8691511750221252,-2.615750718093926,-56.348132182612815,162.31068518969337,11.140726089477539,-0.9505882859230042,3.717129707336426,-3.678187847137451,-79.84744262695312,4.331841468811035
2026-04-02 13:03:55.038,1974.04472212,619117692,left_foot,左脚,D4:22:CD:00:84:61,0.14566263556480408,0.4726925194263458,-0.09345032274723053,0.8640668392181396,-2.5427071930549605,-57.57564267267056,162.25964328705925,8.47384262084961,-1.2231191396713257,5.9596452713012695,1.513504147529602,-31.16820526123047,-3.355975866317749
2026-04-02 13:03:55.068,1974.074408982,619151026,left_foot,左脚,D4:22:CD:00:84:61,0.14533637464046478,0.47900718450546265,-0.09084354341030121,0.8609163761138916,-1.8760312579821998,-58.339799714729864,161.8830613297544,7.8679890632629395,-0.6184666752815247,5.793406963348389,11.033426284790039,-17.26405906677246,-7.8204803466796875
2026-04-02 13:03:55.098,1974.104681837,619184360,left_foot,左脚,D4:22:CD:00:84:61,0.14478877186775208,0.4827943742275238,-0.09008480608463287,0.8589707612991333,-1.6549118136266545,-58.81488782452704,161.79706114608834,7.720231533050537,0.5745602250099182,5.445635795593262,5.011699676513672,-8.979903221130371,-2.73673415184021
2026-04-02 13:03:55.128,1974.13462989,619217694,left_foot,左脚,D4:22:CD:00:84:61,0.14357486367225647,0.4864640533924103,-0.09252046048641205,0.8568423986434937,-2.119901227165383,-59.340543123363226,162.18326843742634,7.392159461975098,0.89048832654953,5.512637138366699,-3.4895386695861816,-10.910903930664062,4.567319869995117
2026-04-02 13:03:55.188,1974.194276131,619251028,left_foot,左脚,D4:22:CD:00:84:61,0.14259783923625946,0.48959311842918396,-0.09620223939418793,0.8548154830932617,-2.8323665799007305,-59.821108853239274,162.68818298723843,7.839386463165283,-0.5831137299537659,5.484825611114502,-7.83095121383667,-9.888348579406738,6.264458179473877
2026-04-02 13:03:55.218,1974.224724234,619284362,left_foot,左脚,D4:22:CD:00:84:61,0.1415223330259323,0.4950518310070038,-0.10134942084550858,0.8512483239173889,-3.791339730473524,-60.634615540698505,163.33906271927725,7.400761604309082,0.3273651599884033,5.657721042633057,-11.342409133911133,-20.26535987854004,7.5177202224731445
2026-04-02 13:03:55.248,1974.254661618,619317696,left_foot,左脚,D4:22:CD:00:84:61,0.13909250497817993,0.5068347454071045,-0.10760456323623657,0.8439154624938965,-5.013536489242668,-62.29895241306131,164.31302114050905,7.479763507843018,-0.21546590328216553,6.722208499908447,-10.561729431152344,-46.44019317626953,9.412227630615234
2026-04-02 13:03:55.278,1974.28469783,619351030,left_foot,左脚,D4:22:CD:00:84:61,0.13462327420711517,0.5287148356437683,-0.11168377846479416,0.8305805921554565,-5.924978023000158,-65.27843852278602,165.38364202095366,7.723283290863037,-1.2830952405929565,8.76308822631836,1.8970669507980347,-86.28565216064453,4.906023979187012
2026-04-02 13:03:55.338,1974.344498451,619384364,left_foot,左脚,D4:22:CD:00:84:61,0.12567073106765747,0.5641019344329834,-0.1177288219332695,0.8075493574142456,-8.193913662485315,-70.16442891675251,168.06912704686496,8.34688949584961,0.1203824132680893,11.496177673339844,6.904975414276123,-145.7895965576172,11.573065757751465
2026-04-02 13:03:55.339,1974.345730167,619417698,left_foot,左脚,D4:22:CD:00:84:61,0.11451726406812668,0.6204285025596619,-0.12269145995378494,0.7660948634147644,-12.920103037583667,-78.15723979529575,173.50356598637444,8.208298683166504,-1.9328428506851196,12.045066833496094,15.661861419677734,-241.1368865966797,-0.9076928496360779
2026-04-02 13:03:55.368,1974.374618586,619451032,left_foot,左脚,D4:22:CD:00:84:61,0.09941499680280685,0.6985064148902893,-0.12789411842823029,0.6970284581184387,-102.22203833465937,-87.68911855169424,-96.28050768750107,9.045456886291504,-0.2585946321487427,16.132736206054688,20.21315574645996,-360.7043151855469,-10.163338661193848
2026-04-02 13:03:55.398,1974.404546088,619484366,left_foot,左脚,D4:22:CD:00:84:61,0.07003690302371979,0.7942742109298706,-0.1432083398103714,0.5862719416618347,-169.39981331914777,-72.06026143761545,-28.161713291856948,15.8246431350708,5.163822174072266,21.46272850036621,17.778871536254883,-516.0758056640625,26.677244186401367
2026-04-02 13:03:55.428,1974.434528842,619517700,left_foot,左脚,D4:22:CD:00:84:61,0.03059621900320053,0.8637694120407104,-0.15379127860069275,0.47886815667152405,-170.07137456095398,-56.79055441455154,-25.567916956756214,7.490594387054443,1.509658932685852,16.22509002685547,50.11833572387695,-459.8082275390625,48.56256103515625
2026-04-02 13:03:55.519,1974.525371135,619551034,left_foot,左脚,D4:22:CD:00:84:61,0.025610921904444695,0.8674936294555664,-0.15023988485336304,0.47352614998817444,-169.9162752707002,-56.022517416126796,-25.02510921447804,24.366424560546875,13.898978233337402,16.076908111572266,17.97997283935547,-29.3609619140625,-4.183873176574707
2026-04-02 13:03:55.519,1974.525895999,619584368,left_foot,左脚,D4:22:CD:00:84:61,0.04610692337155342,0.8363013863563538,-0.18868783116340637,0.5127096772193909,-166.09415912612963,-61.04013685898114,-33.65263651965629,2.5306906700134277,-5.065274715423584,12.735960960388184,-106.26025390625,167.55218505859375,102.52938842773438
2026-04-02 13:03:55.548,1974.554596689,619617702,left_foot,左脚,D4:22:CD:00:84:61,0.024051038548350334,0.7848435640335083,-0.1733362227678299,0.5944720506668091,-150.04126351499505,-70.30035619345416,-46.24679896238763,8.639957427978516,2.3140058517456055,6.089612007141113,134.55931091308594,306.1373291015625,42.18816375732422
2026-04-02 13:03:55.578,1974.584624067,619651036,left_foot,左脚,D4:22:CD:00:84:61,0.023977503180503845,0.7039490938186646,-0.18233375251293182,0.6860287189483643,-104.89904922403696,-77.0592493368088,-91.98623754776008,4.103172779083252,3.6087143421173096,5.582777500152588,28.164081573486328,403.835693359375,82.20826721191406
2026-04-02 13:03:55.608,1974.614616988,619684370,left_foot,左脚,D4:22:CD:00:84:61,0.02613115683197975,0.6287866234779358,-0.16164475679397583,0.7601418495178223,-53.59212491179584,-74.66192933812111,-141.80669347960915,5.033941745758057,-0.7405157089233398,6.132960319519043,81.68744659423828,351.39434814453125,-0.10355642437934875
2026-04-02 13:03:55.638,1974.64434046,619717704,left_foot,左脚,D4:22:CD:00:84:61,0.04326854273676872,0.5460265278816223,-0.118654265999794,0.8281933069229126,-21.678304136373946,-66.16300471237827,-171.76192181193042,15.014850616455078,3.2751829624176025,6.796945095062256,103.38655853271484,368.4692077636719,-83.80194854736328
2026-04-02 13:03:55.668,1974.674547096,619751038,left_foot,左脚,D4:22:CD:00:84:61,0.08524678647518158,0.44558992981910706,-0.07650918513536453,0.887878954410553,-5.7846971682238895,-53.54310101293503,171.95179395158246,18.314374923706055,0.17194342613220215,10.203320503234863,48.22152328491211,413.47662353515625,-146.8087158203125
2026-04-02 13:03:55.698,1974.704673122,619784372,left_foot,左脚,D4:22:CD:00:84:61,0.11929818987846375,0.33957812190055847,-0.01129518449306488,0.9329132437705994,4.456784624367013,-39.51563847490556,163.82393073829,31.767847061157227,-1.717016339302063,1.0949769020080566,125.95460510253906,413.55316162109375,-160.9872283935547
2026-04-02 13:03:55.728,1974.734558573,619817706,left_foot,左脚,D4:22:CD:00:84:61,0.14131125807762146,0.2557961344718933,0.028802238404750824,0.9559131860733032,8.352204425198558,-28.744040528618335,161.03821823726665,33.24967575073242,-7.30784797668457,-13.48826789855957,67.70475769042969,308.0840148925781,-102.84305572509766
2026-04-02 13:03:55.788,1974.794548526,619851040,left_foot,左脚,D4:22:CD:00:84:61,0.162391796708107,0.24253429472446442,0.03775850683450699,0.9557093977928162,9.738434465972134,-26.828482662522624,158.3852247059053,34.86030578613281,-6.246040344238281,-28.69453239440918,3.333188056945801,44.66289520263672,-77.5748291015625
2026-04-02 13:03:55.818,1974.824528226,619884374,left_foot,左脚,D4:22:CD:00:84:61,0.16957083344459534,0.2746270000934601,-0.025363894179463387,0.9461408853530884,3.0476199591985207,-31.88887862717763,158.80735207462922,11.858901023864746,-3.7691256999969482,4.022469997406006,-195.3051300048828,-146.51998901367188,28.194984436035156
2026-04-02 13:03:55.848,1974.854538709,619917708,left_foot,左脚,D4:22:CD:00:84:61,0.17892475426197052,0.34458717703819275,-0.07022805511951447,0.9188655614852905,-0.4377039280371541,-41.177159514206814,158.12652635092795,7.087787628173828,-8.669824600219727,9.324613571166992,-116.84489440917969,-275.79486083984375,-9.880915641784668
2026-04-02 13:03:55.908,1974.914507998,619951042,left_foot,左脚,D4:22:CD:00:84:61,0.1837741732597351,0.4086279571056366,-0.08452155441045761,0.8900037407875061,-0.022721891603529585,-49.32566378248374,156.6767066468223,25.049985885620117,-5.339969635009766,4.749142646789551,-18.20970916748047,-240.69378662109375,-32.003231048583984
2026-04-02 13:03:55.908,1974.915094714,619984376,left_foot,左脚,D4:22:CD:00:84:61,0.17973145842552185,0.44137847423553467,-0.09450843930244446,0.8740424513816833,-0.6333229088075019,-53.662341518582366,157.08055913145796,13.265058517456055,1.154767632484436,3.741406202316284,-8.518953323364258,-125.43526458740234,6.333800315856934
2026-04-02 13:03:55.939,1974.945303079,620017710,left_foot,左脚,D4:22:CD:00:84:61,0.17779500782489777,0.45545095205307007,-0.10025724023580551,0.8665459752082825,-1.1965131635714907,-55.587354806409785,157.44101870357295,9.473670959472656,0.06734635680913925,5.163422584533691,-7.820536136627197,-52.97053909301758,4.940042972564697
2026-04-02 13:03:55.968,1974.97461611,620051044,left_foot,左脚,D4:22:CD:00:84:61,0.1768275499343872,0.4638361930847168,-0.1010357216000557,0.862194836139679,-1.0624525497778365,-56.674821594612936,157.39282757726042,7.842677593231201,-1.6410349607467651,6.207566261291504,3.0824108123779297,-27.98876953125,-1.8753892183303833
2026-04-02 13:03:55.999,1975.005308572,620084378,left_foot,左脚,D4:22:CD:00:84:61,0.17568768560886383,0.4720693528652191,-0.10164936631917953,0.8578763604164124,-0.9159519882092315,-57.7439308092934,157.35748936677228,7.892707824707031,0.0979050025343895,5.83060884475708,3.773211717605591,-27.83145523071289,-1.5945427417755127
2026-04-02 13:03:56.028,1975.034579417,620117712,left_foot,左脚,D4:22:CD:00:84:61,0.1743946224451065,0.48074811697006226,-0.10352347791194916,0.8530830144882202,-0.9928919323221798,-58.90853296714439,157.45329931249495,7.329853057861328,0.531364381313324,5.206871032714844,0.37250015139579773,-31.039316177368164,0.4874386489391327
2026-04-02 13:03:56.088,1975.094304917,620151046,left_foot,左脚,D4:22:CD:00:84:61,0.17170597612857819,0.49280861020088196,-0.10929262638092041,0.8459976315498352,-1.8321121020101538,-60.61731296750933,158.12490877294383,7.4110636711120605,0.29160967469215393,5.395981788635254,-7.585178852081299,-47.91162872314453,8.534908294677734
2026-04-02 13:03:56.118,1975.124480387,620184380,left_foot,左脚,D4:22:CD:00:84:61,0.16905423998832703,0.5032298564910889,-0.11528962105512619,0.8395766019821167,-2.8741363486279785,-62.12629116905502,158.96220553865416,7.755910873413086,-0.2146853357553482,5.30203104019165,-9.035988807678223,-42.42521667480469,9.855935096740723
2026-04-02 13:03:56.148,1975.154674108,620217714,left_foot,左脚,D4:22:CD:00:84:61,0.16637249290943146,0.5133094787597656,-0.12068702280521393,0.8332275748252869,-3.9072667311894995,-63.58112655604958,159.83853644079616,8.175048828125,-0.29190346598625183,5.4929962158203125,-7.4395294189453125,-41.262916564941406,9.110796928405762
2026-04-02 13:03:56.178,1975.184132439,620251048,left_foot,左脚,D4:22:CD:00:84:61,0.16364194452762604,0.5244148373603821,-0.12696272134780884,0.8258881568908691,-5.208735404439841,-65.19877468024177,160.9174917754241,7.833196640014648,0.3716782033443451,7.196970462799072,-9.706936836242676,-46.74778366088867,9.839035034179688
2026-04-02 13:03:56.209,1975.215361615,620284382,left_foot,左脚,D4:22:CD:00:84:61,0.1561734974384308,0.5458706021308899,-0.13611052930355072,0.8118555545806885,-7.835327856257727,-68.25617908242498,163.5374868964237,8.754079818725586,-0.619579017162323,10.630430221557617,-6.450401782989502,-92.34877014160156,20.241548538208008
2026-04-02 13:03:56.238,1975.244534421,620317716,left_foot,左脚,D4:22:CD:00:84:61,0.14681768417358398,0.5872479677200317,-0.14205239713191986,0.7832021713256836,-10.509774265394764,-74.06614143444983,166.7040948144708,8.457414627075195,-3.214935302734375,11.817959785461426,9.870072364807129,-175.22161865234375,2.2645862102508545
2026-04-02 13:03:56.268,1975.274520334,620351050,left_foot,左脚,D4:22:CD:00:84:61,0.13427498936653137,0.6543909907341003,-0.14552515745162964,0.7297706007957458,-19.916565733723782,-83.82146170834787,177.06054877619093,8.737812042236328,-1.0090632438659668,14.312105178833008,23.85016632080078,-295.9261169433594,-19.412302017211914
2026-04-02 13:03:56.298,1975.304524265,620384384,left_foot,左脚,D4:22:CD:00:84:61,0.11096733063459396,0.7461686134338379,-0.15699122846126556,0.6373952031135559,-168.02687224535924,-80.41860891850781,-33.894985088233035,12.245745658874512,3.3865208625793457,20.07988166809082,19.831878662109375,-456.3646545410156,-4.645929336547852
2026-04-02 13:03:56.358,1975.364680009,620417718,left_foot,左脚,D4:22:CD:00:84:61,0.07158681005239487,0.8339980244636536,-0.1827101856470108,0.5156935453414917,-171.42546003372334,-62.416118506276796,-29.914702444757605,20.330585479736328,5.847378253936768,22.704357147216797,12.457685470581055,-539.3814086914062,58.767433166503906
2026-04-02 13:03:56.388,1975.39464569,620451052,left_foot,左脚,D4:22:CD:00:84:61,0.05086640268564224,0.8568954467773438,-0.1830843687057495,0.479189932346344,-170.63900820307538,-57.12501864814797,-29.224786131953653,17.279787063598633,9.585927963256836,18.946043014526367,41.48180389404297,-161.26626586914062,14.924592018127441
2026-04-02 13:03:56.448,1975.454520988,620484386,left_foot,左脚,D4:22:CD:00:84:61,0.0777474120259285,0.8242371082305908,-0.22059939801692963,0.5156787037849426,-167.71023244086368,-62.175937835791174,-37.39527758455885,-0.20776760578155518,4.006068706512451,19.96398162841797,-123.65390014648438,167.4736785888672,94.27787780761719
2026-04-02 13:03:56.449,1975.455613532,620517720,left_foot,左脚,D4:22:CD:00:84:61,0.0634569376707077,0.7765755653381348,-0.1961473822593689,0.5953401923179626,-154.50573699420946,-71.72218634760328,-46.92475796990196,4.947705268859863,-1.6524399518966675,9.639823913574219,131.39894104003906,301.60498046875,14.355164527893066
2026-04-02 13:03:56.478,1975.484528321,620551054,left_foot,左脚,D4:22:CD:00:84:61,0.06714755296707153,0.698152482509613,-0.1827780306339264,0.6889605522155762,-104.75889858394498,-80.59051236235688,-95.66867188662206,5.344891548156738,4.315857410430908,6.535996437072754,63.09028625488281,412.0371398925781,31.325714111328125
2026-04-02 13:03:56.508,1975.514536303,620584388,left_foot,左脚,D4:22:CD:00:84:61,0.07657290995121002,0.616673469543457,-0.15581713616847992,0.7678356766700745,-37.193298700041154,-76.13674496298366,-161.86327045864863,8.141792297363281,-2.020873785018921,6.72707462310791,71.21501922607422,390.5885925292969,-16.383573532104492
2026-04-02 13:03:56.538,1975.544526879,620617722,left_foot,左脚,D4:22:CD:00:84:61,0.09186088293790817,0.5232497453689575,-0.10747652500867844,0.8403691053390503,-11.135832004240601,-64.05199341507206,174.50234961759745,17.413822174072266,1.1762367486953735,8.149157524108887,108.68922424316406,417.8946228027344,-72.64863586425781
2026-04-02 13:03:56.568,1975.574231152,620651056,left_foot,左脚,D4:22:CD:00:84:61,0.11307838559150696,0.42093247175216675,-0.05830610543489456,0.8981256484985352,-0.8551756838646666,-50.28987862643159,166.04930200865806,19.81230354309082,-1.256466269493103,10.329684257507324,92.04586791992188,419.8172607421875,-92.58487701416016
2026-04-02 13:03:56.598,1975.604528999,620684390,left_foot,左脚,D4:22:CD:00:84:61,0.1325383186340332,0.32844361662864685,0.0039787073619663715,0.9351699352264404,6.8714432074837255,-37.824608908869045,161.51002828528226,30.032045364379883,-2.4558815956115723,0.19893264770507812,134.95460510253906,364.7301330566406,-116.25788116455078
2026-04-02 13:03:56.628,1975.634511575,620717724,left_foot,左脚,D4:22:CD:00:84:61,0.1607033759355545,0.26080322265625,0.042088571935892105,0.9509914517402649,10.783400348117626,-28.849834237517456,158.0355857083692,35.481666564941406,-7.0065412521362305,-16.411598205566406,58.96943664550781,251.02450561523438,-126.476318359375
2026-04-02 13:03:56.688,1975.694394847,620751058,left_foot,左脚,D4:22:CD:00:84:61,0.17928260564804077,0.2555606961250305,0.02750837430357933,0.9496261477470398,9.413271966794982,-28.39260473788344,156.23130390054953,34.820926666259766,-5.8089599609375,-28.50775146484375,-67.57843017578125,6.145741939544678,-48.81412124633789
2026-04-02 13:03:56.718,1975.724488816,620784392,left_foot,左脚,D4:22:CD:00:84:61,0.18686097860336304,0.29054489731788635,-0.04515735059976578,0.937351405620575,1.657015149988282,-34.16385571612016,156.94254205476042,10.36461067199707,-7.10846471786499,4.672213554382324,-221.8026580810547,-167.57882690429688,34.94112014770508
2026-04-02 13:03:56.748,1975.75459283,620817726,left_foot,左脚,D4:22:CD:00:84:61,0.19930052757263184,0.3676758110523224,-0.0810442790389061,0.90472412109375,-0.007154008860473744,-44.23433610597719,155.1565137194498,9.639711380004883,-11.46819019317627,9.2628755569458,-83.66643524169922,-299.7335510253906,-37.37095260620117
2026-04-02 13:03:56.778,1975.784611772,620851060,left_foot,左脚,D4:22:CD:00:84:61,0.199629008769989,0.42368248105049133,-0.09113278985023499,0.8788267374038696,0.8238779694759978,-51.35886125881704,154.00825838903694,26.617521286010742,-0.32089293003082275,3.6802942752838135,-0.3094817101955414,-210.54638671875,-22.12006187438965
2026-04-02 13:03:56.808,1975.814516473,620884394,left_foot,左脚,D4:22:CD:00:84:61,0.19553713500499725,0.45191147923469543,-0.10044492036104202,0.8645532727241516,0.30594107429326056,-55.15335104878194,154.3517280133051,10.740760803222656,0.30462533235549927,4.032127380371094,-7.064913749694824,-109.92424774169922,6.862548351287842
2026-04-02 13:03:56.838,1975.844502853,620917728,left_foot,左脚,D4:22:CD:00:84:61,0.19252058863639832,0.46514996886253357,-0.10668904334306717,0.8574315905570984,-0.4056597260514499,-57.00815724307957,154.91060683634436,8.780166625976562,-0.707480251789093,5.593779563903809,-7.241662979125977,-51.78943634033203,8.907915115356445
2026-04-02 13:03:56.868,1975.87452746,620951062,left_foot,左脚,D4:22:CD:00:84:61,0.18977339565753937,0.4761424660682678,-0.10915479063987732,0.8516805768013,-0.5712083805919497,-58.48154158876521,155.19664179758004,7.964548587799072,-1.0915733575820923,6.059176445007324,2.494354486465454,-40.544288635253906,3.7765884399414062
2026-04-02 13:03:56.898,1975.904291938,620984396,left_foot,左脚,D4:22:CD:00:84:61,0.18788626790046692,0.4828909933567047,-0.11052532494068146,0.8481152057647705,-0.6772594121291395,-59.387009174775706,155.40376303412214,8.183117866516113,0.3448925316333771,5.454294681549072,2.3487513065338135,-23.675537109375,2.452573299407959
2026-04-02 13:03:56.928,1975.934487202,621017730,left_foot,左脚,D4:22:CD:00:84:61,0.1859607994556427,0.48584529757499695,-0.11496399343013763,0.8462602496147156,-1.5857381214162227,-59.88961920543409,156.1266512213624,7.722278118133545,0.7769054174423218,5.16004753112793,-8.354145050048828,-11.912034034729004,10.262198448181152
2026-04-02 13:03:56.988,1975.994553299,621051064,left_foot,左脚,D4:22:CD:00:84:61,0.18477939069271088,0.4876634478569031,-0.12028639018535614,0.8447320461273193,-2.657913500117383,-60.26661604628366,156.86555619317798,7.628818988800049,-0.5340828895568848,5.71787166595459,-12.774484634399414,-8.482666015625,10.282548904418945
2026-04-02 13:03:57.021,1976.027228813,621084398,left_foot,左脚,D4:22:CD:00:84:61,0.1830824762582779,0.4931061565876007,-0.1264037787914276,0.8410406708717346,-3.807851776240337,-61.13138498726645,157.68766821050124,7.314489841461182,0.19657421112060547,5.718424320220947,-12.80145263671875,-23.51137351989746,10.251667976379395
2026-04-02 13:03:57.048,1976.054648148,621117732,left_foot,左脚,D4:22:CD:00:84:61,0.17934520542621613,0.5054828524589539,-0.13420867919921875,0.8332529067993164,-5.341230057664431,-62.939857270254365,158.97723592657857,7.64044713973999,-0.41404902935028076,6.360448360443115,-11.655040740966797,-52.6280632019043,13.453645706176758
2026-04-02 13:03:57.078,1976.084602797,621151066,left_foot,左脚,D4:22:CD:00:84:61,0.17302972078323364,0.5280663967132568,-0.14269588887691498,0.8190511465072632,-7.2390788401877675,-66.12176061422004,160.85826579393958,7.969488620758057,-1.3878694772720337,9.147174835205078,-5.804598808288574,-94.86557006835938,13.36705493927002
2026-04-02 13:03:57.108,1976.11466449,621184400,left_foot,左脚,D4:22:CD:00:84:61,0.16267123818397522,0.5651278495788574,-0.15155565738677979,0.7944806814193726,-10.238795765706703,-71.31134215180724,164.2118685660004,8.468526840209961,-0.12634702026844025,11.660030364990234,4.001147270202637,-157.07591247558594,12.115901947021484
2026-04-02 13:03:57.139,1976.145580687,621217734,left_foot,左脚,D4:22:CD:00:84:61,0.14666017889976501,0.6241576075553894,-0.16196486353874207,0.7501237988471985,-19.584426072639538,-79.70424720520188,174.27035175517068,8.025191307067871,-1.0212013721466064,12.593928337097168,12.660972595214844,-260.05145263671875,8.050437927246094
2026-04-02 13:03:57.168,1976.174576955,621251068,left_foot,左脚,D4:22:CD:00:84:61,0.1228838786482811,0.7039493918418884,-0.17538142204284668,0.6771974563598633,-129.18884610518953,-85.22435783252548,-75.18347233703118,9.831228256225586,0.020329486578702927,16.699880599975586,16.070480346679688,-381.94195556640625,8.555166244506836
2026-04-02 13:03:57.228,1976.234336272,621284402,left_foot,左脚,D4:22:CD:00:84:61,0.0814543068408966,0.796779453754425,-0.20616185665130615,0.5621436238288879,-163.95991880902528,-68.34056043827023,-39.94067680461205,16.767791748046875,7.735660076141357,25.957412719726562,-1.6518726348876953,-534.734130859375,66.49812316894531
2026-04-02 13:03:57.228,1976.234871233,621317736,left_foot,左脚,D4:22:CD:00:84:61,0.0361848883330822,0.8638374209403992,-0.23012711107730865,0.44667330384254456,-166.5527862806792,-52.032561115172854,-36.42081217633152,9.044724464416504,4.915528774261475,20.015522003173828,14.604544639587402,-488.0114440917969,73.90391540527344
2026-04-02 13:03:57.288,1976.294540072,621351070,left_foot,左脚,D4:22:CD:00:84:61,0.07588330656290054,0.8524133563041687,-0.22185802459716797,0.46734604239463806,-171.9520909704145,-56.14134738241814,-33.47440786988667,27.957883834838867,18.10826301574707,20.30939292907715,-90.18334197998047,108.3398666381836,-73.1949234008789
2026-04-02 13:03:57.318,1976.32452559,621384404,left_foot,左脚,D4:22:CD:00:84:61,0.10794445872306824,0.8022487759590149,-0.23705227673053741,0.5371696352958679,-168.47525975468605,-65.93230064551558,-40.412412424848455,1.005248785018921,-14.081779479980469,11.706265449523926,-77.96363830566406,301.6327209472656,50.63470458984375
2026-04-02 13:03:57.348,1976.354604865,621417738,left_foot,左脚,D4:22:CD:00:84:61,0.07514980435371399,0.7366644144058228,-0.1948309987783432,0.6432097554206848,-139.05539256810164,-77.67234449272154,-63.08544626266257,6.86668062210083,3.0487987995147705,5.127206802368164,230.81976318359375,398.9037170410156,37.74480438232422
2026-04-02 13:03:57.408,1976.41442726,621451072,left_foot,左脚,D4:22:CD:00:84:61,0.08258902281522751,0.6499285697937012,-0.179026797413826,0.7339763641357422,-59.63204920289333,-79.62041333465072,-141.77788571993872,3.987746477127075,0.022274799644947052,5.571860313415527,53.89461135864258,426.95086669921875,26.47382926940918
2026-04-02 13:03:57.408,1976.414941551,621484406,left_foot,左脚,D4:22:CD:00:84:61,0.11232587695121765,0.5749518871307373,-0.1320791095495224,0.7996052503585815,-15.10714246089501,-71.64810397513023,174.9427727539642,7.213300704956055,-1.9041160345077515,8.024601936340332,70.35086059570312,363.1879577636719,-114.17294311523438
2026-04-02 13:03:57.438,1976.444631869,621517740,left_foot,左脚,D4:22:CD:00:84:61,0.15150365233421326,0.48677894473075867,-0.06957130879163742,0.8574689626693726,3.1242485211633855,-58.856651404345335,158.19723005664704,20.802257537841797,-2.8026790618896484,10.253150939941406,86.17853546142578,394.53564453125,-168.06207275390625
2026-04-02 13:03:57.468,1976.474615337,621551074,left_foot,左脚,D4:22:CD:00:84:61,0.17573216557502747,0.37260037660598755,-0.003756491467356682,0.911193311214447,9.749570294935896,-42.87038024982659,154.33243537705488,30.558847427368164,0.23950056731700897,4.620420455932617,106.77549743652344,463.3237609863281,-125.4095687866211
2026-04-02 13:03:57.498,1976.504401121,621584408,left_foot,左脚,D4:22:CD:00:84:61,0.18772822618484497,0.2691556215286255,0.031973302364349365,0.9440822005271912,10.71546983973953,-29.74926830184048,154.65334763929803,37.69288635253906,-2.297621011734009,-12.342796325683594,34.12718963623047,385.4369812011719,-61.10824966430664
2026-04-02 13:03:57.528,1976.534520119,621617742,left_foot,左脚,D4:22:CD:00:84:61,0.20303252339363098,0.25096622109413147,0.04838692024350166,0.9452263116836548,12.540927250525717,-27.051511196312777,152.7262180296633,38.357688903808594,-7.1112847328186035,-33.48792266845703,26.846860885620117,68.39689636230469,-65.53065490722656
2026-04-02 13:03:57.588,1976.594620068,621651076,left_foot,左脚,D4:22:CD:00:84:61,0.21129506826400757,0.2846519649028778,-0.017943717539310455,0.9348828196525574,5.914471197313252,-32.671058749935,152.79393673634192,17.370281219482422,-2.820441484451294,-2.190004825592041,-198.031005859375,-163.9304962158203,28.88967514038086
2026-04-02 13:03:57.618,1976.624384777,621684410,left_foot,左脚,D4:22:CD:00:84:61,0.21738608181476593,0.36650049686431885,-0.07290473580360413,0.9017238616943359,2.2140403111909124,-43.841136580647884,152.00066969833125,9.265148162841797,-7.5275349617004395,12.20444393157959,-125.55714416503906,-333.1958312988281,5.067812919616699
2026-04-02 13:03:57.648,1976.654515961,621717744,left_foot,左脚,D4:22:CD:00:84:61,0.21663019061088562,0.42570626735687256,-0.09608916938304901,0.8732770085334778,1.5375016556134322,-51.73458725432308,151.39068855193477,25.980037689208984,-3.222283363342285,2.9389355182647705,-33.665714263916016,-234.06935119628906,-4.899699687957764
2026-04-02 13:03:57.678,1976.684541509,621751078,left_foot,左脚,D4:22:CD:00:84:61,0.21210192143917084,0.45888957381248474,-0.10934185236692429,0.8558491468429565,0.774572020537435,-56.29064420277534,151.74769374767922,12.32829475402832,-1.3836122751235962,2.922393798828125,-14.04615306854248,-132.84317016601562,8.619887351989746
2026-04-02 13:03:57.708,1976.714213705,621784412,left_foot,左脚,D4:22:CD:00:84:61,0.20778322219848633,0.47741180658340454,-0.11695889383554459,0.8457097411155701,0.06316925518009951,-58.882314870645885,152.35706411383492,8.729928016662598,0.33074524998664856,5.781861782073975,-5.721199035644531,-73.80564880371094,9.889260292053223
2026-04-02 13:03:57.738,1976.74452662,621817746,left_foot,左脚,D4:22:CD:00:84:61,0.2034008949995041,0.49019575119018555,-0.12275591492652893,0.8386102318763733,-0.75833879613301,-60.70403428206842,153.17698391796088,8.9367036819458,-1.25227952003479,5.16728401184082,-3.2116236686706543,-50.93042755126953,11.57613468170166
2026-04-02 13:03:57.768,1976.774458203,621851080,left_foot,左脚,D4:22:CD:00:84:61,0.20031346380710602,0.4975247383117676,-0.12510381639003754,0.8346812129020691,-1.1516971100412638,-61.72317315843717,153.69807819423167,8.466171264648438,-0.14400693774223328,5.408777236938477,2.1046345233917236,-26.97610092163086,6.478370666503906
2026-04-02 13:03:57.798,1976.804583545,621884414,left_foot,左脚,D4:22:CD:00:84:61,0.19815868139266968,0.5000138282775879,-0.12912030518054962,0.8330951929092407,-2.08336690806797,-62.164341834242045,154.49666191586755,7.910913944244385,0.6151424050331116,5.165932655334473,-6.609508037567139,-9.935641288757324,10.382627487182617
2026-04-02 13:03:57.828,1976.834376714,621917748,left_foot,左脚,D4:22:CD:00:84:61,0.19750383496284485,0.5011623501777649,-0.13568221032619476,0.8315160870552063,-3.437310157260474,-62.50417907051162,155.36349309571182,7.597207546234131,0.05234256014227867,5.633277416229248,-17.396596908569336,-7.278070449829102,11.118155479431152
2026-04-02 13:03:57.918,1976.924304583,621951082,left_foot,左脚,D4:22:CD:00:84:61,0.19493421912193298,0.5064301490783691,-0.14389124512672424,0.8275414109230042,-5.219592275067759,-63.41637981872077,156.716376766053,7.727517604827881,-0.6715191006660461,5.544105529785156,-17.119731903076172,-25.348487854003906,15.924007415771484
2026-04-02 13:03:57.919,1976.925512088,621984416,left_foot,左脚,D4:22:CD:00:84:61,0.19109582901000977,0.519888162612915,-0.15038703382015228,0.8188911080360413,-6.556272152899415,-65.35928323646162,157.9376020231846,7.429675102233887,-1.2578600645065308,7.075254917144775,-6.856879711151123,-56.433929443359375,9.338472366333008
2026-04-02 13:03:57.948,1976.954518766,622017750,left_foot,左脚,D4:22:CD:00:84:61,0.18620096147060394,0.5440961718559265,-0.1544213891029358,0.8033944964408875,-7.19888634463318,-68.70997371929968,158.82647813015902,8.703935623168945,-2.1168477535247803,7.988988399505615,5.479031562805176,-98.16529083251953,-2.207923650741577
2026-04-02 13:03:57.978,1976.984463174,622051084,left_foot,左脚,D4:22:CD:00:84:61,0.17811335623264313,0.5816015005111694,-0.159043088555336,0.7776379585266113,-8.374721015053286,-73.98843478906964,160.51287015187714,8.359505653381348,0.09148786962032318,10.941359519958496,12.851804733276367,-156.5736541748047,-6.006862640380859
2026-04-02 13:03:58.008,1977.014746453,622084418,left_foot,左脚,D4:22:CD:00:84:61,0.16487380862236023,0.6385313868522644,-0.16743668913841248,0.7328433394432068,-15.177914410595662,-82.3495441539516,167.93528818025192,8.84437370300293,-0.8632434606552124,11.651554107666016,14.471046447753906,-252.4716033935547,-6.980746746063232
2026-04-02 13:03:58.038,1977.044613494,622117752,left_foot,左脚,D4:22:CD:00:84:61,0.14250051975250244,0.7186345458030701,-0.17771267890930176,0.6570206880569458,-163.3556308450467,-84.24732311182288,-42.8513384885142,9.783411979675293,0.7268017530441284,18.404855728149414,24.943803787231445,-386.7066955566406,-10.80040454864502
2026-04-02 13:03:58.071,1977.077385803,622151086,left_foot,左脚,D4:22:CD:00:84:61,0.09744204580783844,0.8132463097572327,-0.20459255576133728,0.5359827280044556,-171.48866044155554,-65.73349401142654,-33.74742833392819,19.91425132751465,6.547451019287109,24.04636001586914,22.929702758789062,-556.302490234375,51.006465911865234
2026-04-02 13:03:58.098,1977.104371845,622184420,left_foot,左脚,D4:22:CD:00:84:61,0.056940529495477676,0.8608507513999939,-0.20524494349956512,0.46213456988334656,-170.80654512455848,-54.98793274085171,-31.612401388513923,22.232318878173828,5.589479923248291,16.061853408813477,76.0501708984375,-325.78668212890625,18.48649787902832
2026-04-02 13:03:58.128,1977.134616858,622217754,left_foot,左脚,D4:22:CD:00:84:61,0.09742322564125061,0.8364387154579163,-0.2256401926279068,0.48986297845840454,-173.38749993846548,-59.70569574629067,-33.99177788306893,7.782503128051758,12.291905403137207,21.372543334960938,-137.22019958496094,141.2832489013672,19.53223419189453
2026-04-02 13:03:58.188,1977.194397942,622251088,left_foot,左脚,D4:22:CD:00:84:61,0.09823032468557358,0.8002438545227051,-0.22031617164611816,0.5490186214447021,-167.36570754601564,-67.21742105160087,-39.20166307852832,-0.777066707611084,-7.579531669616699,11.699075698852539,40.586463928222656,228.21319580078125,32.138580322265625
2026-04-02 13:03:58.218,1977.224673037,622284422,left_foot,左脚,D4:22:CD:00:84:61,0.08504170924425125,0.742230236530304,-0.2000095695257187,0.6339232325553894,-144.9937670562896,-77.17484486821073,-58.41131070975309,3.741316556930542,2.5734121799468994,8.070195198059082,119.17979431152344,334.61248779296875,42.69474411010742
2026-04-02 13:03:58.248,1977.254610622,622317756,left_foot,左脚,D4:22:CD:00:84:61,0.09403357654809952,0.6637787818908691,-0.16917170584201813,0.7224518656730652,-62.7656478111158,-82.2694995230743,-138.73604135371926,5.693227291107178,-2.521361827850342,7.0312113761901855,81.71456909179688,406.76220703125,-17.173425674438477
2026-04-02 13:03:58.278,1977.284707952,622351090,left_foot,左脚,D4:22:CD:00:84:61,0.11680756509304047,0.5740652084350586,-0.13042470812797546,0.7998716831207275,-13.651902115401398,-71.59092760094926,173.25012416185487,10.836901664733887,-2.5591838359832764,8.391487121582031,59.482704162597656,419.753173828125,-66.67569732666016
2026-04-02 13:03:58.308,1977.314375102,622384424,left_foot,左脚,D4:22:CD:00:84:61,0.1388656198978424,0.47222745418548584,-0.08038497716188431,0.866750180721283,-0.8677236451888457,-57.238650879229525,162.2690071443673,20.45494842529297,-2.1180710792541504,11.492205619812012,82.47777557373047,436.4670104980469,-85.90882873535156
2026-04-02 13:03:58.338,1977.344651151,622417758,left_foot,左脚,D4:22:CD:00:84:61,0.1631592959165573,0.356833279132843,-0.023492690175771713,0.9195091724395752,5.6201948610264285,-41.59715407446166,157.73991707783895,33.45741271972656,0.5581791400909424,4.362668514251709,89.0972671508789,458.44775390625,-106.7447280883789
2026-04-02 13:03:58.370,1977.376106682,622451092,left_foot,左脚,D4:22:CD:00:84:61,0.18667472898960114,0.26556476950645447,0.009988982230424881,0.9457951188087463,7.826797844642621,-29.908094147120824,155.57621709972705,34.693458557128906,-5.513899803161621,-14.410208702087402,27.28350257873535,337.5772705078125,-92.2158203125
2026-04-02 13:03:58.400,1977.406161034,622484426,left_foot,左脚,D4:22:CD:00:84:61,0.20185531675815582,0.2532367706298828,0.017071528360247612,0.945956826210022,8.778777453131726,-28.17785212275035,153.7015979931949,36.9114875793457,-6.50675630569458,-35.04197692871094,0.8941918611526489,42.892982482910156,-55.574241638183594
2026-04-02 13:03:58.429,1977.435523357,622517760,left_foot,左脚,D4:22:CD:00:84:61,0.1965370625257492,0.2804602384567261,-0.03681463748216629,0.9388077855110168,2.8024744424252446,-32.75632537004535,155.52826142160856,15.060223579406738,-3.089763641357422,1.817504644393921,-151.6947021484375,-129.778076171875,60.984893798828125
2026-04-02 13:03:58.488,1977.494531146,622551094,left_foot,左脚,D4:22:CD:00:84:61,0.2129577100276947,0.3532155752182007,-0.07781326770782471,0.9076526761054993,0.71270861998747,-42.40258070305299,153.3151967691695,3.0135257244110107,-6.049867153167725,11.518214225769043,-103.08348083496094,-288.66558837890625,-43.83108139038086
2026-04-02 13:03:58.518,1977.524500655,622584428,left_foot,左脚,D4:22:CD:00:84:61,0.2177428901195526,0.4205985367298126,-0.09446250647306442,0.8756493926048279,1.6165163646652796,-51.05326673669757,151.29959573204368,32.054813385009766,-2.864541530609131,3.021536350250244,-16.723203659057617,-257.8529052734375,-36.726661682128906
2026-04-02 13:03:58.548,1977.554460466,622617762,left_foot,左脚,D4:22:CD:00:84:61,0.21223334968090057,0.4544541537761688,-0.10791971534490585,0.8583600521087646,0.7758281415420953,-55.68784519077758,151.81400023495067,11.443161964416504,0.21946007013320923,3.5480103492736816,-12.623923301696777,-135.282470703125,11.575055122375488
2026-04-02 13:03:58.578,1977.58429561,622651096,left_foot,左脚,D4:22:CD:00:84:61,0.20854783058166504,0.46739739179611206,-0.11702444404363632,0.8510892987251282,-0.4542451522472489,-57.608138391352696,152.71323349719356,9.890470504760742,-0.1833023726940155,5.133245468139648,-14.181770324707031,-53.79231262207031,14.476507186889648
2026-04-02 13:03:58.608,1977.614396332,622684430,left_foot,左脚,D4:22:CD:00:84:61,0.20665234327316284,0.4747133255004883,-0.11926481872797012,0.84718257188797,-0.6464624779670504,-58.60872544290214,152.94605736335626,8.38675594329834,-2.0272319316864014,6.0818681716918945,0.370789110660553,-26.32544708251953,2.8266422748565674
2026-04-02 13:03:58.668,1977.674212265,622717764,left_foot,左脚,D4:22:CD:00:84:61,0.20627668499946594,0.48008495569229126,-0.11764643341302872,0.8444690108299255,-0.07135900845720904,-59.24580466320522,152.5871276139661,7.984999179840088,0.03253593295812607,5.529653072357178,8.261874198913574,-15.47182846069336,-6.365599632263184
2026-04-02 13:03:58.669,1977.675410453,622751098,left_foot,左脚,D4:22:CD:00:84:61,0.2057604342699051,0.483364075422287,-0.11846648901700974,0.8426075577735901,-0.08255335169118042,-59.69186255990294,152.60181934028773,7.783626079559326,0.8624660968780518,4.9614973068237305,0.2518468201160431,-9.890165328979492,-0.44833171367645264
2026-04-02 13:03:58.728,1977.734212892,622784432,left_foot,左脚,D4:22:CD:00:84:61,0.20432212948799133,0.4842836558818817,-0.12133309990167618,0.8420215249061584,-0.7346352308165119,-59.898290831926765,153.1441338094302,7.4866533279418945,0.3893374800682068,5.093564987182617,-5.3123369216918945,-2.849313974380493,7.5598249435424805
2026-04-02 13:03:58.729,1977.735266255,622817766,left_foot,左脚,D4:22:CD:00:84:61,0.20179800689220428,0.4852696359157562,-0.1275319755077362,0.8411460518836975,-2.1561667042960244,-60.20819790193528,154.2686482780171,7.216778755187988,0.4342499077320099,5.598513603210449,-13.234643936157227,-6.447214126586914,16.086397171020508
2026-04-02 13:03:58.788,1977.794421282,622851100,left_foot,左脚,D4:22:CD:00:84:61,0.19997087121009827,0.4904521703720093,-0.13369779288768768,0.8376119136810303,-3.2955551161325083,-61.05539850039646,155.08889788151077,7.3889899253845215,-0.5160397291183472,6.022537708282471,-12.546921730041504,-22.842973709106445,10.354537010192871
2026-04-02 13:03:58.818,1977.824622768,622884434,left_foot,左脚,D4:22:CD:00:84:61,0.19658946990966797,0.5047862529754639,-0.14306975901126862,0.8282961249351501,-4.9007601748603795,-63.18617559134369,156.31199673633142,7.2365899085998535,0.47913438081741333,7.374166488647461,-15.538586616516113,-62.07278823852539,12.092155456542969
2026-04-02 13:03:58.848,1977.854596659,622917768,left_foot,左脚,D4:22:CD:00:84:61,0.18730223178863525,0.5307726263999939,-0.15558072924613953,0.8117839694023132,-7.886352917191966,-66.92994086637155,159.2326955167553,8.131060600280762,-0.054257236421108246,10.783221244812012,-9.915797233581543,-113.1247329711914,23.8250675201416
2026-04-02 13:03:58.878,1977.884540782,622951102,left_foot,左脚,D4:22:CD:00:84:61,0.17377397418022156,0.5720718502998352,-0.1674874871969223,0.7838906049728394,-12.426557138498662,-72.76417917089002,164.17352225897795,8.761391639709473,-3.382577896118164,12.12983226776123,3.2333128452301025,-179.15032958984375,19.024187088012695
2026-04-02 13:03:58.908,1977.91460258,622984436,left_foot,左脚,D4:22:CD:00:84:61,0.15698158740997314,0.6374883651733398,-0.1743093580007553,0.7338812351226807,-23.771883091620488,-82.05788326911102,176.6096411933423,8.919771194458008,-1.9054747819900513,13.28510856628418,24.96640968322754,-287.43585205078125,-9.509815216064453
2026-04-02 13:03:58.938,1977.94440152,623017770,left_foot,左脚,D4:22:CD:00:84:61,0.12667909264564514,0.7307248711585999,-0.18519195914268494,0.6447460651397705,-158.53787026752806,-81.56538193794923,-47.01235166612186,10.800006866455078,2.1940717697143555,20.55701446533203,35.77564239501953,-455.7000732421875,-4.31522274017334
2026-04-02 13:03:58.968,1977.974394321,623051104,left_foot,左脚,D4:22:CD:00:84:61,0.08037817478179932,0.8223756551742554,-0.20917944610118866,0.5229547619819641,-168.8707376379887,-63.349261450199855,-35.42238853659781,20.34140968322754,5.440495014190674,21.620067596435547,25.349538803100586,-552.8568115234375,51.54287338256836
2026-04-02 13:03:59.028,1978.034321481,623084438,left_foot,左脚,D4:22:CD:00:84:61,0.05930318310856819,0.8530009984970093,-0.21652507781982422,0.47115758061408997,-169.38756752311832,-56.045040935604725,-34.145849527277576,18.020423889160156,7.548638820648193,15.140053749084473,17.42333984375,-221.9471435546875,22.710445404052734
2026-04-02 13:03:59.029,1978.035536963,623117772,left_foot,左脚,D4:22:CD:00:84:61,0.09360247105360031,0.8321629762649536,-0.23953792452812195,0.49128931760787964,-170.9521737133911,-59.59936116309471,-37.30582166544757,0.996841549873352,6.040532112121582,17.71456527709961,-127.00723266601562,108.82421875,32.405487060546875
2026-04-02 13:03:59.088,1978.094405404,623151106,left_foot,左脚,D4:22:CD:00:84:61,0.09486985951662064,0.7977890968322754,-0.22488626837730408,0.5513243079185486,-165.52097023569837,-67.27221589800683,-41.14653097810311,4.222343444824219,-3.774976968765259,8.310659408569336,59.44379806518555,230.051025390625,4.302045822143555
2026-04-02 13:03:59.148,1978.154304089,623184440,left_foot,左脚,D4:22:CD:00:84:61,0.09881268441677094,0.7318682074546814,-0.21814295649528503,0.6379802227020264,-141.22319214888537,-77.67306919213455,-64.83249158999482,3.1716530323028564,2.7702796459198,6.182526111602783,47.159576416015625,362.4469299316406,54.27561569213867
2026-04-02 13:03:59.149,1978.155500107,623217774,left_foot,左脚,D4:22:CD:00:84:61,0.1056949570775032,0.6574413180351257,-0.19394278526306152,0.7204067707061768,-66.76083741136141,-81.20722881657841,-137.77709199262927,5.286839962005615,-2.375340700149536,5.906248092651367,71.62625122070312,378.4844055175781,8.911935806274414
2026-04-02 13:03:59.178,1978.184520922,623251108,left_foot,左脚,D4:22:CD:00:84:61,0.12526440620422363,0.5734745860099792,-0.15203610062599182,0.7951859831809998,-18.338639633420698,-71.82850684847604,175.43164532277558,12.34402847290039,0.6355833411216736,7.655810356140137,78.104736328125,399.6900939941406,-59.054786682128906
2026-04-02 13:03:59.208,1978.214512837,623284442,left_foot,左脚,D4:22:CD:00:84:61,0.1486409306526184,0.4771422743797302,-0.1039213165640831,0.8599079251289368,-4.0330345947615465,-58.37417118602249,162.63932457218354,18.127222061157227,0.7033184766769409,10.554067611694336,76.9893569946289,418.3872985839844,-79.41008758544922
2026-04-02 13:03:59.238,1978.244247728,623317776,left_foot,左脚,D4:22:CD:00:84:61,0.1714174449443817,0.37518757581710815,-0.042266130447387695,0.9099803566932678,4.136701427232911,-44.212118566905254,156.98299566064745,29.690996170043945,-1.748180627822876,7.399551868438721,110.04069519042969,418.0357360839844,-105.22045135498047
2026-04-02 13:03:59.269,1978.275286776,623351110,left_foot,左脚,D4:22:CD:00:84:61,0.18534255027770996,0.28289201855659485,0.01767933927476406,0.9409080147743225,9.345820822147079,-31.72192311855885,155.05202301951027,31.923748016357422,-1.6043851375579834,-8.297405242919922,119.04147338867188,362.0716857910156,-87.82372283935547
2026-04-02 13:03:59.298,1978.304404518,623384444,left_foot,左脚,D4:22:CD:00:84:61,0.20376268029212952,0.25688546895980835,0.05804463475942612,0.9429324865341187,13.963046507511141,-27.438518873709107,152.18762124292667,34.276607513427734,-7.514939785003662,-29.09065055847168,95.39825439453125,108.64942169189453,-98.00674438476562
2026-04-02 13:03:59.328,1978.334507386,623417778,left_foot,左脚,D4:22:CD:00:84:61,0.21292348206043243,0.27382898330688477,-0.008083741180598736,0.937878429889679,6.8067205164098405,-31.13652119526145,152.5198065201327,20.44609260559082,-6.133451461791992,-10.277083396911621,-210.42977905273438,-106.37052917480469,29.148658752441406
2026-04-02 13:03:59.388,1978.394466531,623451112,left_foot,左脚,D4:22:CD:00:84:61,0.22196365892887115,0.3344455659389496,-0.0668674111366272,0.9134590029716492,1.9635902909609715,-39.84319350800994,151.97281104728913,-1.1621450185775757,-9.350399017333984,14.213006019592285,-154.83216857910156,-259.6065979003906,6.884925365447998
2026-04-02 13:03:59.418,1978.424513447,623484446,left_foot,左脚,D4:22:CD:00:84:61,0.23054201900959015,0.4092942476272583,-0.09054651856422424,0.8781401515007019,2.6214292063022966,-49.51578205821136,149.37060253746995,31.183353424072266,-2.6890647411346436,5.185802459716797,-35.06890869140625,-290.36553955078125,-44.36185073852539
2026-04-02 13:03:59.448,1978.454499314,623517780,left_foot,左脚,D4:22:CD:00:84:61,0.22452092170715332,0.4501582980155945,-0.10918447375297546,0.8573369979858398,1.497523491483802,-55.17529301092708,149.86717272940842,13.123438835144043,0.9436740875244141,3.2984232902526855,-21.769338607788086,-166.47239685058594,14.733358383178711
2026-04-02 13:03:59.478,1978.484505351,623551114,left_foot,左脚,D4:22:CD:00:84:61,0.22020399570465088,0.47218838334083557,-0.12115135043859482,0.8449087142944336,0.3528930483643244,-58.349867934756055,150.58751281981822,10.666361808776855,-1.4282361268997192,4.011960983276367,-16.144845962524414,-91.87712860107422,12.909078598022461
2026-04-02 13:03:59.508,1978.514455539,623584448,left_foot,左脚,D4:22:CD:00:84:61,0.2169358879327774,0.4857652485370636,-0.1262177973985672,0.8372814059257507,-0.06925784258292993,-60.25090332866738,150.98885699802867,8.924428939819336,-0.6466747522354126,5.2456278800964355,-2.177931308746338,-53.820316314697266,5.7298970222473145
2026-04-02 13:03:59.538,1978.544497578,623617782,left_foot,左脚,D4:22:CD:00:84:61,0.21442811191082,0.4910915195941925,-0.1283506453037262,0.834491491317749,-0.42640755334903274,-61.00560837725041,151.42967449282693,8.751809120178223,-0.1903170347213745,5.182615756988525,0.9400460124015808,-19.53985023498535,5.8008270263671875
2026-04-02 13:03:59.598,1978.604355222,623651116,left_foot,左脚,D4:22:CD:00:84:61,0.2123863697052002,0.4909997582435608,-0.13084010779857635,0.8346809148788452,-1.1675731678106351,-61.072620165047475,152.136613678041,8.433783531188965,-0.16755667328834534,4.960339546203613,-3.5457189083099365,0.8813695907592773,9.671232223510742
2026-04-02 13:03:59.599,1978.605487789,623684450,left_foot,左脚,D4:22:CD:00:84:61,0.21325597167015076,0.4863301217556,-0.1303086280822754,0.8372721672058105,-1.2528520091088724,-60.453925833161186,152.15080965425005,7.9119873046875,-1.0703365802764893,4.890059947967529,-2.0451552867889404,21.505300521850586,0.015025145374238491
2026-04-02 13:03:59.628,1978.634389508,623717784,left_foot,左脚,D4:22:CD:00:84:61,0.21491791307926178,0.4828133285045624,-0.12963302433490753,0.8389857411384583,-1.1442267407416777,-59.98193673037561,151.9240881318836,7.426217555999756,0.793188214302063,5.579794883728027,-2.4966790676116943,17.066028594970703,-3.682680130004883
2026-04-02 13:03:59.688,1978.694620559,623751118,left_foot,左脚,D4:22:CD:00:84:61,0.21416808664798737,0.4814480245113373,-0.13247884809970856,0.8395174145698547,-1.8525831945675644,-59.89563615224101,152.44461813147208,7.7096171379089355,0.15554490685462952,5.160226345062256,-7.602511405944824,5.092202663421631,7.373114109039307
2026-04-02 13:03:59.718,1978.724307859,623784452,left_foot,左脚,D4:22:CD:00:84:61,0.21258318424224854,0.48222815990448,-0.13570265471935272,0.8389573693275452,-2.606029474953567,-60.09275325289445,153.06979850578557,7.605419158935547,-0.2997480034828186,5.6072282791137695,-6.223916530609131,-3.6666953563690186,8.647915840148926
2026-04-02 13:03:59.748,1978.754492561,623817786,left_foot,左脚,D4:22:CD:00:84:61,0.21030671894550323,0.48723888397216797,-0.14085708558559418,0.8357802033424377,-3.59599046736378,-60.89098436491228,153.86591697348513,7.326789379119873,0.07542315125465393,6.012126445770264,-8.781793594360352,-22.08382225036621,9.977556228637695
2026-04-02 13:03:59.778,1978.784526737,623851120,left_foot,左脚,D4:22:CD:00:84:61,0.20639847218990326,0.4983263909816742,-0.1489059180021286,0.8287928700447083,-5.118876970816482,-62.55908449320401,155.14273625885073,7.35943078994751,0.26291143894195557,6.89357328414917,-11.831235885620117,-48.97651290893555,13.857038497924805
2026-04-02 13:03:59.808,1978.814527617,623884454,left_foot,左脚,D4:22:CD:00:84:61,0.1992034614086151,0.5175618529319763,-0.15817882120609283,0.8169622421264648,-7.189660057711622,-65.32307565417052,157.20587361711907,8.143625259399414,-1.917618751525879,7.875196933746338,-6.40210485458374,-83.28903198242188,17.757184982299805
2026-04-02 13:03:59.838,1978.84430444,623917788,left_foot,左脚,D4:22:CD:00:84:61,0.19293127954006195,0.5455090999603271,-0.16132625937461853,0.7994818687438965,-7.6624478092886905,-69.14734873374513,158.15041958428824,8.732232093811035,-2.188143491744995,8.720295906066895,12.044306755065918,-113.4144515991211,-4.468418121337891
2026-04-02 13:03:59.868,1978.874356848,623951122,left_foot,左脚,D4:22:CD:00:84:61,0.18512102961540222,0.5872322916984558,-0.16490428149700165,0.7705162167549133,-8.161549405854414,-75.01605073301535,159.2495601382092,8.623387336730957,-0.73121577501297,9.834407806396484,16.447725296020508,-174.39637756347656,-14.788812637329102
2026-04-02 13:03:59.898,1978.904527758,623984456,left_foot,左脚,D4:22:CD:00:84:61,0.1645042598247528,0.6590479016304016,-0.17161352932453156,0.7135427594184875,-21.19242185193792,-85.54582744656255,173.67296738122482,8.8268404006958,0.312534898519516,14.302582740783691,37.23504638671875,-320.846435546875,-9.419514656066895
2026-04-02 13:03:59.928,1978.9345241,624017790,left_foot,左脚,D4:22:CD:00:84:61,0.12860162556171417,0.7414224147796631,-0.18548999726772308,0.6319399476051331,-165.42523031102786,-79.98995882314419,-40.339063558409535,15.202609062194824,5.976655006408691,15.766657829284668,45.684017181396484,-417.09649658203125,24.436023712158203
2026-04-02 13:03:59.988,1978.994504575,624051124,left_foot,左脚,D4:22:CD:00:84:61,0.08433401584625244,0.8052031993865967,-0.20671533048152924,0.5493673086166382,-166.56194366032273,-66.86341885536777,-37.69099385511638,11.743209838867188,1.8838790655136108,9.560981750488281,42.2554931640625,-388.6329650878906,73.3490982055664
2026-04-02 13:04:00.018,1979.024509483,624084458,left_foot,左脚,D4:22:CD:00:84:61,0.06182199344038963,0.8342130184173584,-0.2095089554786682,0.5063324570655823,-167.1940891078764,-60.53809212701755,-35.690468633493374,12.793046951293945,6.2138848304748535,8.571980476379395,34.78580093383789,-192.58767700195312,17.48248863220215
2026-04-02 13:04:00.048,1979.054593854,624117792,left_foot,左脚,D4:22:CD:00:84:61,0.10004132986068726,0.8180873394012451,-0.21631447970867157,0.5233862996101379,-171.7379304278538,-64.1097223275261,-34.80097154951295,8.010885238647461,5.725285530090332,9.741703987121582,-112.3698501586914,100.40430450439453,-31.078550338745117
2026-04-02 13:04:00.108,1979.11436582,624151126,left_foot,左脚,D4:22:CD:00:84:61,0.11981566250324249,0.7845243811607361,-0.2102843075990677,0.5709169507026672,-170.73319191815025,-71.11803780667803,-36.6411901997876,0.799007773399353,-2.34104585647583,5.646646976470947,-20.675460815429688,207.72021484375,-10.539938926696777
2026-04-02 13:04:00.109,1979.115523253,624184460,left_foot,左脚,D4:22:CD:00:84:61,0.11489557474851608,0.7417097091674805,-0.20019467175006866,0.6297521591186523,-155.63570061590008,-78.57636923912709,-50.24237092864704,2.798098564147949,0.8120574951171875,4.225255012512207,58.12510681152344,240.08489990234375,38.3582763671875
2026-04-02 13:04:00.138,1979.144525422,624217794,left_foot,左脚,D4:22:CD:00:84:61,0.11879485845565796,0.6889767646789551,-0.18597306311130524,0.690371572971344,-101.26991173791396,-84.55342951669833,-103.64881268936989,5.540018081665039,-0.10716667771339417,4.759299278259277,41.66128921508789,273.7562561035156,16.397043228149414
2026-04-02 13:04:00.168,1979.174505958,624251128,left_foot,左脚,D4:22:CD:00:84:61,0.1409916877746582,0.6306262612342834,-0.16474294662475586,0.7451790571212769,-24.242487708178025,-80.50970277267308,179.18486282811716,7.9044952392578125,0.020060347393155098,5.772029876708984,8.79053020477295,287.7533264160156,-42.45320129394531
2026-04-02 13:04:00.198,1979.204282002,624284462,left_foot,左脚,D4:22:CD:00:84:61,0.16449490189552307,0.566501796245575,-0.13919423520565033,0.7953880429267883,-6.2630112587277775,-71.25728001675802,161.12146295238657,11.80525016784668,-0.20746411383152008,6.312421798706055,11.589391708374023,295.2867431640625,-54.15013122558594
2026-04-02 13:04:00.228,1979.234558722,624317796,left_foot,左脚,D4:22:CD:00:84:61,0.18270814418792725,0.4935733377933502,-0.1079474464058876,0.843416154384613,-0.20245095681617267,-60.69433583476633,155.6724369271438,16.76055908203125,0.6416800618171692,7.375888347625732,31.450286865234375,315.8941345214844,-47.77748489379883
2026-04-02 13:04:00.288,1979.294548066,624351130,left_foot,左脚,D4:22:CD:00:84:61,0.20780049264431,0.409126877784729,-0.06801062822341919,0.8858944177627563,4.318212516350103,-48.864118135777,151.63557937615653,20.131807327270508,-0.27376094460487366,9.024842262268066,35.708255767822266,348.2978210449219,-81.71135711669922
2026-04-02 13:04:00.318,1979.324396549,624384464,left_foot,左脚,D4:22:CD:00:84:61,0.21254216134548187,0.33211997151374817,-0.021020175889134407,0.9187384843826294,7.5045028141071235,-38.25759809374747,151.34236348793215,22.905288696289062,-1.8446316719055176,2.2256293296813965,88.97338104248047,312.78106689453125,-38.21137237548828
2026-04-02 13:04:00.348,1979.354550965,624417798,left_foot,左脚,D4:22:CD:00:84:61,0.19964231550693512,0.2840697765350342,0.02222388982772827,0.9375253319740295,10.490191778238152,-31.585570372715917,152.9826546311859,22.86807632446289,-6.5314788818359375,-10.608509063720703,117.3292236328125,202.2879180908203,9.33554458618164
2026-04-02 13:04:00.378,1979.384606775,624451132,left_foot,左脚,D4:22:CD:00:84:61,0.19671417772769928,0.27925658226013184,0.03706590086221695,0.9391194581985474,12.043371051848872,-30.65902282016855,153.0263394607228,24.899194717407227,-3.319176435470581,-20.89723777770996,47.15031433105469,27.42641258239746,-4.048840522766113
2026-04-02 13:04:00.408,1979.414576307,624484466,left_foot,左脚,D4:22:CD:00:84:61,0.18165072798728943,0.3036652207374573,-0.022045709192752838,0.9350424408912659,4.848227837970768,-35.1619142830812,156.475176413345,6.525143623352051,-0.45571064949035645,8.166475296020508,-159.59327697753906,-119.3287353515625,105.85340118408203
2026-04-02 13:04:00.438,1979.444481056,624517800,left_foot,左脚,D4:22:CD:00:84:61,0.18697941303253174,0.3471790552139282,-0.0640275701880455,0.9167366623878479,0.9491636406866981,-41.33702905711663,156.58585323397054,3.5703125,-7.090475082397461,7.501244068145752,-114.81140899658203,-183.61099243164062,11.942442893981934
2026-04-02 13:04:00.468,1979.474478584,624551134,left_foot,左脚,D4:22:CD:00:84:61,0.1917782872915268,0.3960249125957489,-0.08224663883447647,0.8942154049873352,0.40923351190105967,-47.71515980957788,155.609811699818,16.115196228027344,-3.93251633644104,7.84196662902832,-36.56067657470703,-190.22247314453125,-19.018827438354492
2026-04-02 13:04:00.498,1979.504527619,624584468,left_foot,左脚,D4:22:CD:00:84:61,0.18818220496177673,0.4284449815750122,-0.09838178753852844,0.8782616853713989,-1.0793153997290978,-52.14822705263893,156.34073107757268,14.657833099365234,3.882481813430786,4.818880081176758,-27.694639205932617,-131.40989685058594,12.899404525756836
2026-04-02 13:04:00.528,1979.53427206,624617802,left_foot,左脚,D4:22:CD:00:84:61,0.1828075349330902,0.44784364104270935,-0.11323918402194977,0.8678678274154663,-3.2763785634869156,-54.95885748155327,157.91464676858632,9.94454574584961,-2.758387804031372,5.078415393829346,-27.80144691467285,-83.51952362060547,24.53493881225586
2026-04-02 13:04:00.588,1979.594544248,624651136,left_foot,左脚,D4:22:CD:00:84:61,0.1802872121334076,0.45880866050720215,-0.11820956319570541,0.8619846701622009,-3.9816202507585734,-56.469869950063064,158.51201455332293,9.021171569824219,-2.1599929332733154,5.548354625701904,-6.21315860748291,-44.093345642089844,6.799523830413818
2026-04-02 13:04:00.618,1979.624528845,624684470,left_foot,左脚,D4:22:CD:00:84:61,0.1801387220621109,0.4646488130092621,-0.11683954298496246,0.8590695261955261,-3.52756501057686,-57.18508714688078,158.23753389489153,8.195333480834961,-1.2831857204437256,5.599516868591309,6.859936237335205,-19.40580940246582,-6.346792221069336
2026-04-02 13:04:00.648,1979.654454695,624717804,left_foot,左脚,D4:22:CD:00:84:61,0.1803261935710907,0.46789640188217163,-0.11421322822570801,0.8576192855834961,-2.8999488967960527,-57.53773860374394,157.84394981270015,7.80931282043457,0.2707440257072449,5.633545875549316,8.999037742614746,-8.593860626220703,-7.383599281311035
2026-04-02 13:04:00.678,1979.684406543,624751138,left_foot,左脚,D4:22:CD:00:84:61,0.17978310585021973,0.4693746566772461,-0.11407182365655899,0.85694420337677,-2.8696479805236277,-57.72253323274068,157.88470895444325,7.510709285736084,0.2607474625110626,5.743899345397949,2.026960611343384,-4.057584285736084,-0.00149194011464715
2026-04-02 13:04:00.708,1979.714569623,624784472,left_foot,左脚,D4:22:CD:00:84:61,0.1794224977493286,0.46899616718292236,-0.11401999741792679,0.8572338819503784,-2.914031693805701,-57.67129734764058,157.9614426410583,7.673461437225342,-0.4902476966381073,5.521007537841797,0.6859882473945618,2.8906912803649902,0.974643349647522
2026-04-02 13:04:00.738,1979.744558885,624817806,left_foot,左脚,D4:22:CD:00:84:61,0.17979198694229126,0.46602338552474976,-0.11267799884080887,0.8589534163475037,-2.7548247569279014,-57.25664461756025,157.8595620428793,7.661564826965332,-0.15164847671985626,5.507415771484375,2.270690441131592,13.848121643066406,-1.3355458974838257
2026-04-02 13:04:00.768,1979.774344261,624851140,left_foot,左脚,D4:22:CD:00:84:61,0.17980574071407318,0.4626331925392151,-0.11285117268562317,0.8607585430145264,-2.9234263894039554,-56.82606547553615,157.98384514937553,7.212034225463867,0.3207622766494751,5.950072288513184,-1.8713651895523071,14.075366973876953,2.388035535812378
2026-04-02 13:04:00.798,1979.804377057,624884474,left_foot,左脚,D4:22:CD:00:84:61,0.1792927384376526,0.4632468521595001,-0.11450451612472534,0.860317051410675,-3.248233227999504,-56.9439933878518,158.2176851981919,7.41471004486084,-0.40902721881866455,6.277853965759277,-3.820993661880493,-2.54489803314209,3.3981244564056396
2026-04-02 13:04:00.828,1979.83450733,624917808,left_foot,左脚,D4:22:CD:00:84:61,0.1789264678955078,0.4670061767101288,-0.11512976139783859,0.8582748770713806,-3.2496046882939393,-57.441114856516386,158.229125869333,7.65207052230835,-0.611771821975708,5.970827102661133,0.2940378189086914,-13.772319793701172,-0.887988269329071
2026-04-02 13:04:00.889,1979.89511679,624951142,left_foot,左脚,D4:22:CD:00:84:61,0.1782892346382141,0.47251802682876587,-0.11573571711778641,0.8553041219711304,-3.2047305837881503,-58.16405092967163,158.23320408510486,7.3382086753845215,0.10731834918260574,6.054555416107178,1.4856767654418945,-20.58243179321289,-1.376460313796997
2026-04-02 13:04:00.918,1979.924422519,624984476,left_foot,左脚,D4:22:CD:00:84:61,0.1767870932817459,0.4822312295436859,-0.11902716010808945,0.8497247099876404,-3.589337418302229,-59.498103146823226,158.54614792256515,7.274849891662598,0.25976330041885376,6.300624847412109,-3.479926586151123,-39.22376251220703,2.292044162750244
2026-04-02 13:04:00.948,1979.954518659,625017810,left_foot,左脚,D4:22:CD:00:84:61,0.1742182970046997,0.4979836046695709,-0.12508410215377808,0.8402466177940369,-4.437647935258053,-61.695712230551216,159.2235798444169,7.513299942016602,-0.17361342906951904,6.492814540863037,-7.725773811340332,-65.5126724243164,5.175695419311523
2026-04-02 13:04:00.978,1979.984529677,625051144,left_foot,左脚,D4:22:CD:00:84:61,0.1678566336631775,0.5184977054595947,-0.13171888887882233,0.8280304670333862,-5.883780760023026,-64.53972263820947,160.79802309231837,7.978557586669922,-0.169326514005661,7.56389856338501,-1.2398383617401123,-86.00729370117188,13.44657039642334
2026-04-02 13:04:01.008,1980.014320398,625084478,left_foot,左脚,D4:22:CD:00:84:61,0.1591983437538147,0.5429927706718445,-0.13879276812076569,0.8127432465553284,-8.070537282804846,-67.9441581540037,163.27753438607516,8.677603721618652,-0.5712207555770874,8.172773361206055,2.501649856567383,-104.21250915527344,17.203540802001953
2026-04-02 13:04:01.038,1980.044537921,625117812,left_foot,左脚,D4:22:CD:00:84:61,0.1479676514863968,0.578106701374054,-0.15021850168704987,0.7882466316223145,-12.924608677073318,-72.90840706543707,168.3027571547348,8.422249794006348,0.5255113840103149,9.169451713562012,-3.4594531059265137,-154.83851623535156,22.43084144592285
2026-04-02 13:04:01.068,1980.074541281,625151146,left_foot,左脚,D4:22:CD:00:84:61,0.13223208487033844,0.6270614266395569,-0.16374924778938293,0.7499966025352478,-26.50980351077311,-79.70274792264571,-177.75110504185656,9.490652084350586,-0.5147198438644409,10.075878143310547,-0.2852531373500824,-223.32901000976562,24.720111846923828
2026-04-02 13:04:01.098,1980.104520007,625184480,left_foot,左脚,D4:22:CD:00:84:61,0.1055542454123497,0.6906979084014893,-0.18038608133792877,0.692283034324646,-100.4681882705279,-83.93229645453582,-102.89516187527745,11.236271858215332,4.031068325042725,13.037282943725586,10.988937377929688,-311.1935119628906,42.59549331665039
2026-04-02 13:04:01.128,1980.13436155,625217814,left_foot,左脚,D4:22:CD:00:84:61,0.061228424310684204,0.7603799104690552,-0.2061050534248352,0.6128575801849365,-146.53462021217064,-73.18581961172261,-55.497794537175366,13.412328720092773,2.7509539127349854,10.182862281799316,20.03642463684082,-392.1310119628906,94.86710357666016
2026-04-02 13:04:01.188,1980.194573089,625251148,left_foot,左脚,D4:22:CD:00:84:61,0.017348438501358032,0.8051723837852478,-0.22094321250915527,0.5500734448432922,-151.37892112837545,-63.313052519320934,-48.56574132203996,9.155988693237305,1.9023842811584473,4.940680503845215,48.39754104614258,-293.2817687988281,86.63855743408203
2026-04-02 13:04:01.218,1980.224519472,625284482,left_foot,左脚,D4:22:CD:00:84:61,0.020884979516267776,0.8078926801681519,-0.22156432271003723,0.5456947684288025,-152.72542451021943,-62.996663866426005,-47.584398868872356,15.691753387451172,6.668467044830322,7.364130020141602,-14.127034187316895,-14.968897819519043,-6.946812152862549
2026-04-02 13:04:01.248,1980.254446771,625317816,left_foot,左脚,D4:22:CD:00:84:61,0.04120580106973648,0.7939019203186035,-0.22789853811264038,0.5622137188911438,-152.36220614130625,-65.70879245297887,-50.08545593676926,0.8179001808166504,-0.9041997194290161,7.191652297973633,-56.67646408081055,86.58695983886719,-8.246500968933105
2026-04-02 13:04:01.278,1980.284374292,625351150,left_foot,左脚,D4:22:CD:00:84:61,0.04285246878862381,0.7730191946029663,-0.2137611210346222,0.5957443118095398,-146.66594597618857,-69.94499718345513,-54.57097326269272,3.0436465740203857,0.18985989689826965,4.924237251281738,46.13222122192383,134.57901000976562,-20.2758846282959
2026-04-02 13:04:01.308,1980.314552645,625384484,left_foot,左脚,D4:22:CD:00:84:61,0.05171395465731621,0.734984278678894,-0.2025766223669052,0.6450477838516235,-131.2416562656938,-75.73161795493772,-69.63924893715013,5.509939670562744,0.7401675581932068,4.311260223388672,29.949283599853516,216.56459045410156,-12.241195678710938
2026-04-02 13:04:01.338,1980.34453203,625417818,left_foot,左脚,D4:22:CD:00:84:61,0.07120649516582489,0.6877861022949219,-0.1855505406856537,0.698176920413971,-95.3029689243477,-80.68645025739686,-105.68775639135168,5.059203624725342,-0.7048937082290649,4.997373104095459,17.0191650390625,255.05970764160156,-43.540367126464844
2026-04-02 13:04:01.368,1980.374385913,625451152,left_foot,左脚,D4:22:CD:00:84:61,0.09274345636367798,0.6340619325637817,-0.1656327247619629,0.7496199607849121,-42.819129626503766,-78.91215957798548,-158.33503115568269,8.883635520935059,-0.9302473068237305,5.154870986938477,16.410024642944336,268.7601013183594,-51.574405670166016
2026-04-02 13:04:01.398,1980.40453543,625484486,left_foot,左脚,D4:22:CD:00:84:61,0.10638734698295593,0.5714339017868042,-0.1363300383090973,0.8022215962409973,-17.412756171310015,-71.05673501738704,177.37191291809037,12.516715049743652,-1.347450613975525,5.687509059906006,55.661643981933594,292.81689453125,-46.2700080871582
2026-04-02 13:04:01.428,1980.434534407,625517820,left_foot,左脚,D4:22:CD:00:84:61,0.12059517204761505,0.4999357759952545,-0.10277578234672546,0.8514448404312134,-6.483545226693684,-61.178265111155,167.7123223736166,15.570130348205566,1.0954227447509766,7.011711120605469,61.41141128540039,312.5962219238281,-53.27043914794922
2026-04-02 13:04:01.488,1980.494403525,625551154,left_foot,左脚,D4:22:CD:00:84:61,0.14536799490451813,0.4239599406719208,-0.07126099616289139,0.8910937905311584,-0.3399431848545441,-50.92251285587695,161.63127789666945,17.30774688720703,-0.7781814336776733,8.650213241577148,31.98995018005371,312.2292175292969,-83.0854721069336
2026-04-02 13:04:01.518,1980.524625673,625584488,left_foot,左脚,D4:22:CD:00:84:61,0.16900667548179626,0.3540738821029663,-0.024043429642915726,0.9195055961608887,5.760243655265395,-41.24442844821523,157.0011141175744,21.0097713470459,-2.8293120861053467,5.049574851989746,82.16229248046875,284.88751220703125,-109.65747833251953
2026-04-02 13:04:01.548,1980.554472519,625617822,left_foot,左脚,D4:22:CD:00:84:61,0.1721474826335907,0.30113542079925537,0.023879116401076317,0.9376101493835449,10.292810163888166,-33.812274591581144,156.05639810822478,21.35538673400879,-2.543034076690674,-4.154295444488525,118.35724639892578,217.67991638183594,-53.090232849121094
2026-04-02 13:04:01.578,1980.584311964,625651156,left_foot,左脚,D4:22:CD:00:84:61,0.1696627140045166,0.2833554446697235,0.06016691401600838,0.9419682025909424,14.130525000641942,-30.89107115754511,155.65661781873467,18.362001419067383,-5.072498321533203,-14.882901191711426,108.56623077392578,84.06182098388672,-28.260087966918945
2026-04-02 13:04:01.608,1980.614532956,625684490,left_foot,左脚,D4:22:CD:00:84:61,0.17250566184520721,0.2988482415676117,0.017919696867465973,0.9384084343910217,9.458822924483549,-33.6901183068842,156.29762999489617,13.12014389038086,0.39979010820388794,-5.420417785644531,-129.9160919189453,-77.79181671142578,33.19054412841797
2026-04-02 13:04:01.638,1980.644506,625717824,left_foot,左脚,D4:22:CD:00:84:61,0.18406417965888977,0.32422804832458496,-0.04731343686580658,0.9266920685768127,2.309298404896657,-38.194752218586046,156.73203904945044,0.7352980971336365,-3.866973876953125,12.59010124206543,-206.79336547851562,-132.2342071533203,24.46165657043457
2026-04-02 13:04:01.668,1980.674505402,625751158,left_foot,左脚,D4:22:CD:00:84:61,0.2135172337293625,0.37014245986938477,-0.07106153666973114,0.9013075828552246,2.3969889939332205,-44.232370995581604,152.3707367872336,9.389525413513184,-9.017536163330078,6.400656223297119,-83.60504150390625,-183.8601837158203,-91.01441955566406
2026-04-02 13:04:01.698,1980.704431791,625784492,left_foot,左脚,D4:22:CD:00:84:61,0.21475234627723694,0.41627591848373413,-0.08545231819152832,0.8793712258338928,2.5547972210035583,-50.24842491993216,151.35445403370676,18.284568786621094,1.0801961421966553,6.821688652038574,-17.623058319091797,-180.08738708496094,-13.131636619567871
2026-04-02 13:04:01.728,1980.734384089,625817826,left_foot,左脚,D4:22:CD:00:84:61,0.2080676555633545,0.4398898482322693,-0.1021549329161644,0.8676228523254395,0.5602215396244989,-53.69020135797377,152.74520017218808,11.547986030578613,0.7255268692970276,4.853650093078613,-26.94556427001953,-101.25936889648438,28.333282470703125
2026-04-02 13:04:01.788,1980.794508638,625851160,left_foot,左脚,D4:22:CD:00:84:61,0.20255595445632935,0.4540379047393799,-0.11537566035985947,0.859947144985199,-1.480149894479683,-55.856788993190904,154.2764280013749,9.133769035339355,-2.496843099594116,5.419976234436035,-23.663291931152344,-63.93595886230469,25.82295036315918
2026-04-02 13:04:01.818,1980.824734104,625884494,left_foot,左脚,D4:22:CD:00:84:61,0.20038357377052307,0.4620806574821472,-0.11932357400655746,0.8556225895881653,-1.9990793920186114,-56.987745765905586,154.72341198755095,8.552095413208008,-2.1217477321624756,5.618195056915283,-4.379963397979736,-32.890689849853516,6.182284355163574
2026-04-02 13:04:01.848,1980.854579109,625917828,left_foot,左脚,D4:22:CD:00:84:61,0.20018918812274933,0.4656759798526764,-0.11720770597457886,0.8540096879005432,-1.4614292605700037,-57.38496705756257,154.4147682484955,7.9046854972839355,-0.5057891607284546,5.839181423187256,8.359546661376953,-10.54610538482666,-5.604248046875
2026-04-02 13:04:01.878,1980.884516633,625951162,left_foot,左脚,D4:22:CD:00:84:61,0.19943425059318542,0.4683105945587158,-0.1172860711812973,0.8527341485023499,-1.4199614383771484,-57.72235616363745,154.45559679978604,7.44962739944458,1.0746753215789795,5.893319606781006,2.2847096920013428,-8.965012550354004,0.19049787521362305
2026-04-02 13:04:01.908,1980.914529638,625984496,left_foot,左脚,D4:22:CD:00:84:61,0.19858543574810028,0.4677264988422394,-0.11924061179161072,0.8529815673828125,-1.8932733932582113,-57.70226445213348,154.83158198074176,7.525127410888672,-0.20994623005390167,5.701982021331787,-4.662347316741943,1.5566418170928955,5.859175205230713
2026-04-02 13:04:01.938,1980.944319799,626017830,left_foot,左脚,D4:22:CD:00:84:61,0.19878187775611877,0.4653959572315216,-0.11893291771411896,0.8542526364326477,-1.932763862775408,-57.39598749740186,154.8592769733063,7.6199493408203125,-0.6018277406692505,5.742331504821777,-0.47953444719314575,10.260381698608398,0.5787869691848755
2026-04-02 13:04:01.968,1980.974593182,626051164,left_foot,左脚,D4:22:CD:00:84:61,0.1994389146566391,0.4636003077030182,-0.11844936013221741,0.8551426529884338,-1.8661467766866882,-57.15441366294787,154.7605053136276,7.253627300262451,0.20562277734279633,6.047754764556885,-0.48897889256477356,8.356108665466309,-1.5295214653015137
2026-04-02 13:04:02.028,1981.034567491,626084498,left_foot,左脚,D4:22:CD:00:84:61,0.19919174909591675,0.464962363243103,-0.12014489620923996,0.8542236089706421,-2.1289721547895404,-57.37606946188259,154.91321908503664,7.424506664276123,-0.22133851051330566,5.987325668334961,-4.033945560455322,-5.708472728729248,2.0897064208984375
2026-04-02 13:04:02.058,1981.064397924,626117832,left_foot,左脚,D4:22:CD:00:84:61,0.1990482211112976,0.4683844745159149,-0.1214522197842598,0.8522003293037415,-2.212266572362435,-57.85069156503319,154.92888321930022,7.592325210571289,-0.49722281098365784,6.038761138916016,-2.1026034355163574,-13.245616912841797,-0.4355835020542145
2026-04-02 13:04:02.088,1981.094472279,626151166,left_foot,左脚,D4:22:CD:00:84:61,0.19899801909923553,0.4730057716369629,-0.1219797357916832,0.8495802283287048,-2.0824321481396004,-58.45832659544642,154.79973348656907,7.557867050170898,-0.2782600224018097,5.869946479797363,0.5997655391693115,-17.175085067749023,-2.8714840412139893
2026-04-02 13:04:02.118,1981.124542966,626184500,left_foot,左脚,D4:22:CD:00:84:61,0.19892938435077667,0.47907623648643494,-0.12288521975278854,0.8460569381713867,-1.9433746275296906,-59.26524886348213,154.6428182949135,7.505224704742432,-0.009528739377856255,5.827073097229004,0.13760849833488464,-23.16889762878418,-3.4207496643066406
2026-04-02 13:04:02.148,1981.154451547,626217834,left_foot,左脚,D4:22:CD:00:84:61,0.19836607575416565,0.48763707280158997,-0.12586456537246704,0.8408443927764893,-2.115780306693125,-60.45726197748897,154.68469910435508,7.3079094886779785,0.43870553374290466,6.202577590942383,-4.096508026123047,-34.848323822021484,-0.7636685967445374
2026-04-02 13:04:02.178,1981.184496402,626251168,left_foot,左脚,D4:22:CD:00:84:61,0.19685494899749756,0.500899612903595,-0.13001932203769684,0.8327321410179138,-2.3839548545404847,-62.30327418243131,154.84045202176108,7.705559730529785,-0.5842310190200806,6.273525238037109,-3.95391583442688,-54.54698944091797,-0.05120835080742836
2026-04-02 13:04:02.208,1981.214583483,626284502,left_foot,左脚,D4:22:CD:00:84:61,0.1923312097787857,0.5187105536460876,-0.13418151438236237,0.8221579194068909,-2.837557266248318,-64.76117595715797,155.46625837091497,7.901824474334717,-0.015065811574459076,7.189815521240234,3.1873233318328857,-73.19596862792969,4.88787317276001
2026-04-02 13:04:02.238,1981.244495313,626317836,left_foot,左脚,D4:22:CD:00:84:61,0.18534637987613678,0.5406596660614014,-0.1392509639263153,0.8086674213409424,-3.7672137973812716,-67.82677520850368,156.7148201624599,8.39197826385498,-0.6240211725234985,7.474623680114746,6.397599697113037,-91.88180541992188,9.630865097045898
2026-04-02 13:04:02.268,1981.274295288,626351170,left_foot,左脚,D4:22:CD:00:84:61,0.17699871957302094,0.5703385472297668,-0.1462787538766861,0.7886621356010437,-5.371346999297273,-72.06213926231986,158.6098222954521,8.431182861328125,0.6094639301300049,8.32295036315918,5.279723644256592,-127.45157623291016,9.20794677734375
2026-04-02 13:04:02.299,1981.305551502,626384504,left_foot,左脚,D4:22:CD:00:84:61,0.16432315111160278,0.6116904616355896,-0.158796027302742,0.7573748230934143,-11.106915645578008,-78.16590340361716,164.54767549003566,8.654848098754883,0.4641406238079071,8.58743667602539,0.3154396116733551,-186.87457275390625,19.006139755249023
2026-04-02 13:04:02.328,1981.334618807,626417838,left_foot,左脚,D4:22:CD:00:84:61,0.1458025872707367,0.6659309267997742,-0.17191405594348907,0.7111422419548035,-43.00014425150069,-85.76855188913058,-162.98360048700104,9.949653625488281,-0.07153226435184479,10.741917610168457,10.174156188964844,-255.6243133544922,20.032360076904297
2026-04-02 13:04:02.388,1981.394340682,626451172,left_foot,左脚,D4:22:CD:00:84:61,0.11403393745422363,0.7326930165290833,-0.19032509624958038,0.6433767676353455,-151.9689659706561,-80.47111458939493,-52.97480827777296,13.01536750793457,3.8344852924346924,12.482744216918945,21.12389373779297,-346.5153503417969,46.444496154785156
2026-04-02 13:04:02.418,1981.424488853,626484506,left_foot,左脚,D4:22:CD:00:84:61,0.06778427213430405,0.7958503365516663,-0.20651614665985107,0.5651361346244812,-160.37592279210438,-68.05215118511566,-42.414158443810294,13.576430320739746,1.5143592357635498,7.920639514923096,54.34283447265625,-373.8843688964844,71.27640533447266
2026-04-02 13:04:02.448,1981.454429893,626517840,left_foot,左脚,D4:22:CD:00:84:61,0.03220340609550476,0.8246020078659058,-0.2068967968225479,0.5255361199378967,-159.75208152634158,-61.64740823593768,-40.33305553618905,14.43492317199707,3.515899419784546,5.090223789215088,75.23039245605469,-189.50433349609375,40.65794372558594
2026-04-02 13:04:02.478,1981.484601854,626551174,left_foot,左脚,D4:22:CD:00:84:61,0.04405833035707474,0.8175683617591858,-0.21818546950817108,0.5310708284378052,-159.71353582732155,-62.573063748350215,-42.294233751806196,4.6181960105896,5.980323314666748,8.206804275512695,-50.784332275390625,35.60037612915039,16.394533157348633
2026-04-02 13:04:02.538,1981.54434472,626584508,left_foot,左脚,D4:22:CD:00:84:61,0.04855561628937721,0.8053522706031799,-0.2156207114458084,0.5500525832176208,-157.82875081581707,-65.08194998920351,-44.229272825305365,1.5907737016677856,-2.671205759048462,5.166618347167969,4.476048946380615,79.36888885498047,-3.181489944458008
2026-04-02 13:04:02.538,1981.544889192,626617842,left_foot,左脚,D4:22:CD:00:84:61,0.06259683519601822,0.7824788093566895,-0.20622582733631134,0.5841915011405945,-155.2103440489205,-70.06043732780314,-47.045571384608685,5.965837478637695,1.9242695569992065,3.902259349822998,0.39274293184280396,149.7187042236328,-29.72879409790039
2026-04-02 13:04:02.568,1981.574544691,626651176,left_foot,左脚,D4:22:CD:00:84:61,0.10170398652553558,0.7370868921279907,-0.19706952571868896,0.6383752822875977,-148.24296170757555,-78.86101316811988,-56.26749231750983,6.407829284667969,-0.4540669918060303,3.5808939933776855,-58.19999313354492,266.79071044921875,-59.208431243896484
2026-04-02 13:04:02.598,1981.604634534,626684510,left_foot,左脚,D4:22:CD:00:84:61,0.12887251377105713,0.6812986731529236,-0.18817324936389923,0.6955682039260864,-89.43738990460348,-85.05626425196866,-116.4970979995889,5.510845184326172,-2.0050487518310547,4.341944694519043,-30.13192367553711,289.0849914550781,-24.255470275878906
2026-04-02 13:04:02.629,1981.635425215,626717844,left_foot,左脚,D4:22:CD:00:84:61,0.1358301192522049,0.6201039552688599,-0.1727929711341858,0.7531028985977173,-28.1981344497147,-78.79701388636377,-177.13495450509387,10.015600204467773,-0.024907797574996948,4.3496856689453125,30.570598602294922,292.61175537109375,12.545884132385254
2026-04-02 13:04:02.688,1981.694391618,626751178,left_foot,左脚,D4:22:CD:00:84:61,0.14842140674591064,0.555983304977417,-0.1512575000524521,0.8037257790565491,-13.085116742347035,-69.82035620836862,168.22664119909982,11.316675186157227,0.7018356323242188,5.8999552726745605,29.002254486083984,291.6762390136719,-16.66542625427246
2026-04-02 13:04:02.718,1981.724518069,626784512,left_foot,左脚,D4:22:CD:00:84:61,0.17570362985134125,0.4925016760826111,-0.11875244230031967,0.8440783619880676,-3.222818350080949,-60.82682707482954,158.374580536663,14.723291397094727,1.9440349340438843,7.991666793823242,26.22753143310547,283.5300598144531,-83.84520721435547
2026-04-02 13:04:02.748,1981.754417467,626817846,left_foot,左脚,D4:22:CD:00:84:61,0.2045598030090332,0.4245072603225708,-0.07928019762039185,0.8784439563751221,3.1391590038872077,-51.10031075484637,152.28177278206084,19.839582443237305,1.5248324871063232,8.599689483642578,38.649532318115234,291.4405517578125,-101.96627044677734
2026-04-02 13:04:02.778,1981.784539705,626851180,left_foot,左脚,D4:22:CD:00:84:61,0.2134564071893692,0.35505083203315735,-0.029035422950983047,0.9096879959106445,7.538594468841673,-41.175413721527654,150.75389414142523,20.58155632019043,-2.604926347732544,4.528573036193848,98.52459716796875,293.6092834472656,-59.131011962890625
2026-04-02 13:04:02.808,1981.814370919,626884514,left_foot,左脚,D4:22:CD:00:84:61,0.18849138915538788,0.31099361181259155,0.03466083109378815,0.9308881163597107,12.736875527383328,-34.46717012292198,153.14072680191555,18.959110260009766,-3.1247713565826416,-5.162644863128662,199.6350860595703,208.5084991455078,20.472627639770508
2026-04-02 13:04:02.838,1981.844515778,626917848,left_foot,左脚,D4:22:CD:00:84:61,0.160986065864563,0.3025659918785095,0.08653650432825089,0.9354405999183655,17.91945369691179,-32.56135758284261,155.19768363754338,19.149477005004883,-4.266013145446777,-16.196901321411133,189.4654541015625,69.48509216308594,34.587501525878906
2026-04-02 13:04:02.868,1981.874575459,626951182,left_foot,左脚,D4:22:CD:00:84:61,0.15334728360176086,0.3219606876373291,0.057959966361522675,0.9324520826339722,14.743609425807433,-35.6371204897918,156.55942376115442,15.827988624572754,1.5833641290664673,-4.936814785003662,-72.36343383789062,-77.89479064941406,58.45167922973633
2026-04-02 13:04:02.898,1981.904674566,626984516,left_foot,左脚,D4:22:CD:00:84:61,0.16008993983268738,0.34729400277137756,-0.018689671531319618,0.9238013029098511,5.774787926022568,-40.364303429079015,158.21294012845317,-2.7639811038970947,1.596506118774414,16.292343139648438,-238.35195922851562,-131.47215270996094,63.868675231933594
2026-04-02 13:04:02.928,1981.934608831,627017850,left_foot,左脚,D4:22:CD:00:84:61,0.18315376341342926,0.3888606131076813,-0.05988428369164467,0.9009196758270264,2.8641078490531644,-46.2695792843651,155.79324086748326,10.129996299743652,-10.601648330688477,5.015512466430664,-137.08079528808594,-179.61587524414062,-39.39877700805664
2026-04-02 13:04:02.988,1981.994517691,627051184,left_foot,左脚,D4:22:CD:00:84:61,0.17855501174926758,0.43033739924430847,-0.08223456144332886,0.8810025453567505,0.8164779532938032,-51.96395983274698,156.68790657626988,16.48159408569336,-0.012328863143920898,7.254415512084961,-41.058509826660156,-169.09671020507812,22.85938835144043
2026-04-02 13:04:03.018,1982.024543898,627084518,left_foot,左脚,D4:22:CD:00:84:61,0.17460855841636658,0.45308566093444824,-0.09983330965042114,0.8684806823730469,-1.5270065945844782,-55.27098668591621,158.06393842715534,11.701897621154785,-2.5821385383605957,4.655454635620117,-37.0307502746582,-98.19756317138672,23.730520248413086
2026-04-02 13:04:03.048,1982.05454554,627117852,left_foot,左脚,D4:22:CD:00:84:61,0.17207682132720947,0.4667854607105255,-0.10790220648050308,0.860731303691864,-2.65706351870904,-57.21287914220295,158.83827225346064,9.146181106567383,-2.4521026611328125,5.427967071533203,-14.581562995910645,-57.514564514160156,10.587477684020996
2026-04-02 13:04:03.080,1982.086297561,627151186,left_foot,左脚,D4:22:CD:00:84:61,0.17139558494091034,0.4739684462547302,-0.10946880280971527,0.856734573841095,-2.728081081520031,-58.17418440486804,158.89169924785165,8.152548789978027,-1.2158397436141968,5.653637409210205,-0.7791467905044556,-27.689632415771484,-0.714403510093689
2026-04-02 13:04:03.108,1982.114527503,627184520,left_foot,左脚,D4:22:CD:00:84:61,0.17181839048862457,0.4793117642402649,-0.1080508753657341,0.8538522720336914,-2.1935984445368333,-58.83196318303505,158.48187606726,7.883227348327637,-0.1937260627746582,5.870715618133545,5.540088176727295,-18.312564849853516,-7.4858293533325195
2026-04-02 13:04:03.138,1982.144397788,627217854,left_foot,左脚,D4:22:CD:00:84:61,0.17207229137420654,0.4819798171520233,-0.1079273447394371,0.8523135781288147,-2.0248533972618197,-59.17521918637264,158.3219091516056,7.7084784507751465,0.4056771397590637,5.800907135009766,0.9370642900466919,-9.106755256652832,-3.0522375106811523
2026-04-02 13:04:03.168,1982.174393402,627251188,left_foot,左脚,D4:22:CD:00:84:61,0.17244268953800201,0.48275429010391235,-0.10749633610248566,0.8518545627593994,-1.8667312293465097,-59.265751116116675,158.1742159364253,7.715987205505371,-0.39974966645240784,5.637275695800781,0.9262610673904419,-1.5759369134902954,-2.5438473224639893
2026-04-02 13:04:03.198,1982.204462663,627284522,left_foot,左脚,D4:22:CD:00:84:61,0.17313289642333984,0.4816698431968689,-0.1060299202799797,0.8525121808052063,-1.561461944932876,-59.089767651484536,157.9254452628664,7.67286491394043,0.14168822765350342,5.705801963806152,2.7390663623809814,6.424647808074951,-3.84356689453125
2026-04-02 13:04:03.228,1982.23467035,627317856,left_foot,左脚,D4:22:CD:00:84:61,0.17342522740364075,0.482329398393631,-0.10626217722892761,0.85205078125,-1.5418886544979298,-59.181580868349045,157.86612604725423,7.506136417388916,0.10666882991790771,5.822499752044678,-0.9535673260688782,-1.724464774131775,-1.1528851985931396
2026-04-02 13:04:03.288,1982.294608506,627351190,left_foot,左脚,D4:22:CD:00:84:61,0.17324954271316528,0.4847297966480255,-0.1072501465678215,0.8505992889404297,-1.637444164336246,-59.517440414223806,157.91126297571856,7.563608169555664,0.09283870458602905,5.749932289123535,-1.7202469110488892,-9.114142417907715,0.2534603774547577
2026-04-02 13:04:03.318,1982.324381087,627384524,left_foot,左脚,D4:22:CD:00:84:61,0.17304839193820953,0.4877738058567047,-0.10853952914476395,0.8487346768379211,-1.7649915773756222,-59.94509980648415,157.9698016011155,7.692160129547119,-0.10383778810501099,5.778777122497559,-2.3263421058654785,-11.900529861450195,0.3600160479545593
2026-04-02 13:04:03.348,1982.354686039,627417858,left_foot,左脚,D4:22:CD:00:84:61,0.17295335233211517,0.49112749099731445,-0.10941360145807266,0.846705436706543,-1.7866026089202598,-60.40373082363261,157.95040983196427,7.650364875793457,0.011404610238969326,5.6723713874816895,-1.1688575744628906,-12.81733512878418,-0.8518868684768677
2026-04-02 13:04:03.378,1982.384615169,627451192,left_foot,左脚,D4:22:CD:00:84:61,0.17231374979019165,0.49563097953796387,-0.11147899180650711,0.8439374566078186,-2.054202298971517,-61.04281485244818,158.13125635102713,7.566443920135498,0.32159990072250366,5.869655609130859,-3.311065912246704,-18.349061965942383,1.8865418434143066
2026-04-02 13:04:03.408,1982.414456085,627484526,left_foot,左脚,D4:22:CD:00:84:61,0.17130164802074432,0.5025519728660583,-0.11490479856729507,0.8395797610282898,-2.538253542997755,-62.034689249367126,158.4624939234728,7.531505107879639,0.25140243768692017,5.994170188903809,-5.80862283706665,-29.04621696472168,3.425571918487549
2026-04-02 13:04:03.438,1982.444303026,627517860,left_foot,左脚,D4:22:CD:00:84:61,0.16940678656101227,0.5130338072776794,-0.11922767758369446,0.8329959511756897,-3.189877659168296,-63.52208269230584,158.984124309755,7.679393291473389,-0.17599958181381226,6.019239902496338,-5.635305404663086,-44.07622528076172,4.827934265136719
2026-04-02 13:04:03.468,1982.474660173,627551194,left_foot,左脚,D4:22:CD:00:84:61,0.16612930595874786,0.527278482913971,-0.12211886048316956,0.8242970705032349,-3.6105880494939875,-65.4836724875269,159.5325701237768,7.974963188171387,-0.3797932267189026,6.5175933837890625,2.204805612564087,-58.34539031982422,3.4799952507019043
2026-04-02 13:04:03.498,1982.504643903,627584528,left_foot,左脚,D4:22:CD:00:84:61,0.16174091398715973,0.5457948446273804,-0.12434467673301697,0.8127031326293945,-3.9163997434945714,-68.02718602925624,160.1321360449188,8.29372501373291,-0.8675075173377991,6.783392429351807,7.3280768394470215,-75.82463836669922,1.9771709442138672
2026-04-02 13:04:03.528,1982.534646378,627617862,left_foot,左脚,D4:22:CD:00:84:61,0.1562879979610443,0.570629894733429,-0.12574993073940277,0.7963307499885559,-3.952440243131304,-71.46444286411055,160.6365337033858,8.64877986907959,-0.052815504372119904,7.41645622253418,13.071246147155762,-102.49616241455078,-1.9566434621810913
2026-04-02 13:04:03.588,1982.594637647,627651196,left_foot,左脚,D4:22:CD:00:84:61,0.14917808771133423,0.6040478944778442,-0.12890000641345978,0.7721768021583557,-4.546059120913864,-76.24503639893794,161.69945436256447,8.5911865234375,-0.12653139233589172,7.300500869750977,12.806130409240723,-142.99386596679688,-1.8719550371170044
2026-04-02 13:04:03.618,1982.62467733,627684530,left_foot,左脚,D4:22:CD:00:84:61,0.14105774462223053,0.6478779911994934,-0.13010670244693756,0.7371764779090881,-4.085687081568595,-82.70514818519608,161.93129538278643,9.300017356872559,-1.5085618495941162,8.725232124328613,20.55776596069336,-192.73391723632812,-13.414651870727539
2026-04-02 13:04:03.648,1982.654536955,627717864,left_foot,左脚,D4:22:CD:00:84:61,0.13001620769500732,0.7073013186454773,-0.13188929855823517,0.6822212934494019,173.59696271388594,-87.96203689555459,-14.945399510617952,10.61197280883789,0.8302757740020752,11.411968231201172,24.25884246826172,-278.5926208496094,-21.39655113220215
2026-04-02 13:04:03.678,1982.684597712,627751198,left_foot,左脚,D4:22:CD:00:84:61,0.11040700227022171,0.773911714553833,-0.14170250296592712,0.6072820425033569,-179.70725647935558,-76.22906246665171,-20.9814014843688,13.581911087036133,3.6005077362060547,11.386246681213379,20.39463996887207,-351.9808654785156,6.121345043182373
2026-04-02 13:04:03.708,1982.714690175,627784532,left_foot,左脚,D4:22:CD:00:84:61,0.07172509282827377,0.8350912928581238,-0.13618957996368408,0.5281385779380798,-176.8111411375096,-64.37240940755952,-20.532278682229933,10.039302825927734,-3.1596996784210205,6.280087947845459,99.23104095458984,-355.5313720703125,6.271063327789307
2026-04-02 13:04:03.738,1982.744617855,627817866,left_foot,左脚,D4:22:CD:00:84:61,0.03216562792658806,0.8565670847892761,-0.1073746457695961,0.5037149786949158,-173.82471180705556,-60.43993343212291,-17.889329821750465,16.844406127929688,9.027115821838379,5.765374660491943,159.7181854248047,-120.496337890625,-26.893964767456055
2026-04-02 13:04:03.768,1982.774366272,627851200,left_foot,左脚,D4:22:CD:00:84:61,0.04661456495523453,0.8400440812110901,-0.13138897716999054,0.5242996215820312,-172.4043564469143,-63.26780224732416,-22.462230967664755,3.625363826751709,2.6548426151275635,8.898484230041504,-78.36312103271484,91.854248046875,54.30133056640625
2026-04-02 13:04:03.798,1982.804625346,627884534,left_foot,左脚,D4:22:CD:00:84:61,0.033390481024980545,0.8201475739479065,-0.13052718341350555,0.5560627579689026,-166.59765852207818,-67.0467967961719,-26.98711338258991,1.5072193145751953,-4.187652111053467,5.7410125732421875,50.86630630493164,121.63707733154297,35.60939407348633
2026-04-02 13:04:03.828,1982.834390707,627917868,left_foot,左脚,D4:22:CD:00:84:61,0.018879447132349014,0.7862094044685364,-0.1269310861825943,0.6044888496398926,-155.24956627159133,-72.80467367976368,-36.72127749822788,6.468911647796631,3.0274083614349365,4.627483367919922,65.53648376464844,195.2548370361328,38.59217071533203
2026-04-02 13:04:03.888,1982.89418436,627951202,left_foot,左脚,D4:22:CD:00:84:61,0.023403048515319824,0.7347310185432434,-0.13206793367862701,0.6649667024612427,-129.03913806775623,-79.52202359244146,-63.637122084634335,5.128842353820801,-0.5117717981338501,4.862318515777588,-0.045254286378622055,272.1483459472656,31.124038696289062
2026-04-02 13:04:03.918,1982.924694761,627984536,left_foot,左脚,D4:22:CD:00:84:61,0.030310744419693947,0.6777113080024719,-0.12368999421596527,0.7242165207862854,-69.79430680354837,-81.53952085619173,-122.74322320419283,6.691112518310547,-0.6081756949424744,5.183553218841553,23.814838409423828,283.88720703125,-6.129528522491455
2026-04-02 13:04:03.948,1982.95468275,628017870,left_foot,左脚,D4:22:CD:00:84:61,0.03719573840498924,0.6119220852851868,-0.10674205422401428,0.7827988862991333,-28.038338615573856,-75.00854890916011,-163.74600423884513,10.258728981018066,-0.6059685945510864,5.751728057861328,43.97475814819336,305.1148681640625,-22.433103561401367
2026-04-02 13:04:03.978,1982.984618787,628051204,left_foot,左脚,D4:22:CD:00:84:61,0.045653559267520905,0.5424978137016296,-0.08182097971439362,0.8348156809806824,-12.340986364610881,-65.95731443174735,-178.2346811756327,13.761836051940918,0.6374263763427734,7.522204875946045,59.270652770996094,302.6741943359375,-42.9773063659668
2026-04-02 13:04:04.009,1983.015641259,628084538,left_foot,左脚,D4:22:CD:00:84:61,0.0653296411037445,0.4681825041770935,-0.04889500513672829,0.8798559308052063,-2.557207816470523,-56.124930532952305,172.87054895148432,19.0756778717041,-1.0788313150405884,8.070674896240234,58.635501861572266,308.1776428222656,-89.87063598632812
2026-04-02 13:04:04.038,1983.044635918,628117872,left_foot,左脚,D4:22:CD:00:84:61,0.068568654358387,0.3931117653846741,-0.005088120698928833,0.9169163703918457,3.6919621342928495,-46.18665252696405,169.87186519020372,22.42020606994629,0.9683383107185364,2.1848554611206055,116.61751556396484,297.4225158691406,-59.27811813354492
2026-04-02 13:04:04.068,1983.074612107,628151206,left_foot,左脚,D4:22:CD:00:84:61,0.06293316185474396,0.33679383993148804,0.02933409810066223,0.9390149712562561,7.202077618981813,-38.962864739427864,169.7807936953475,23.289976119995117,-1.8817212581634521,-7.260079860687256,103.12982177734375,215.78111267089844,-22.352338790893555
2026-04-02 13:04:04.098,1983.104642297,628184540,left_foot,左脚,D4:22:CD:00:84:61,0.07793677598237991,0.3190848231315613,0.04141881316900253,0.9436076283454895,9.163032790382045,-36.56437332567214,167.5238214150555,19.102977752685547,-3.179111957550049,-13.744084358215332,17.25872039794922,64.23619079589844,-62.98517608642578
2026-04-02 13:04:04.158,1983.164620473,628217874,left_foot,左脚,D4:22:CD:00:84:61,0.09735871851444244,0.3460036516189575,-0.01615964248776436,0.9330283999443054,2.8034537483907465,-40.45184961469106,167.05274220091107,13.353759765625,-2.541253089904785,-6.893152236938477,-199.5391845703125,-116.14899444580078,1.415958046913147
2026-04-02 13:04:04.188,1983.194621096,628251208,left_foot,左脚,D4:22:CD:00:84:61,0.1189747005701065,0.3823304772377014,-0.05408584699034691,0.9147367477416992,-0.6509261857401877,-45.42505701178747,165.4513749808587,3.0345516204833984,-7.340200901031494,10.700831413269043,-136.24586486816406,-148.7230987548828,-32.136253356933594
2026-04-02 13:04:04.218,1983.224596103,628284542,left_foot,左脚,D4:22:CD:00:84:61,0.1352015882730484,0.4278191328048706,-0.07137037813663483,0.8908411264419556,-1.0539950115957164,-51.401451817520076,163.247609775708,17.402366638183594,-3.942486524581909,7.5370869636535645,-61.53303909301758,-177.5359649658203,-46.55098342895508
2026-04-02 13:04:04.248,1983.254450228,628317876,left_foot,左脚,D4:22:CD:00:84:61,0.12903092801570892,0.45155221223831177,-0.07843311876058578,0.8793748021125793,-2.114990385985191,-54.528841231188196,164.39513480745902,14.864364624023438,1.1513707637786865,4.3439764976501465,-4.29234504699707,-93.18657684326172,18.101348876953125
2026-04-02 13:04:04.278,1983.284640481,628351210,left_foot,左脚,D4:22:CD:00:84:61,0.12383318692445755,0.46551504731178284,-0.08531361073255539,0.8721713423728943,-3.475167238869524,-56.4233740730947,165.70270229839426,8.598029136657715,-0.7156471610069275,5.872101783752441,-8.424918174743652,-56.6538200378418,19.424396514892578
2026-04-02 13:04:04.308,1983.314604505,628384544,left_foot,左脚,D4:22:CD:00:84:61,0.11967689543962479,0.473840594291687,-0.09176912903785706,0.8676007390022278,-4.903541168665343,-57.58355713486604,166.98833568274634,8.226591110229492,-0.811578631401062,5.789589881896973,-10.440354347229004,-35.07564926147461,18.39487648010254
2026-04-02 13:04:04.338,1983.344380315,628417878,left_foot,左脚,D4:22:CD:00:84:61,0.11716931313276291,0.4779379665851593,-0.09400690346956253,0.8654533624649048,-5.51299130782413,-58.13510986489082,167.64582879339642,8.035531997680664,-1.1698471307754517,5.685600757598877,-1.53639817237854,-16.291759490966797,8.914214134216309
2026-04-02 13:04:04.368,1983.374432937,628451212,left_foot,左脚,D4:22:CD:00:84:61,0.11656379699707031,0.4799700677394867,-0.09398946166038513,0.8644117712974548,-5.5406558986395975,-58.39650751936876,167.73826974228504,7.454946994781494,0.07130153477191925,6.0717387199401855,1.5669701099395752,-6.841970443725586,0.6524616479873657
2026-04-02 13:04:04.398,1983.404723237,628484546,left_foot,左脚,D4:22:CD:00:84:61,0.1168336495757103,0.4811273515224457,-0.09429474174976349,0.863698422908783,-5.5505736176004445,-58.55390751571468,167.70613914984176,7.465826511383057,-0.34520280361175537,5.939221382141113,-1.0843970775604248,-3.586393117904663,-0.9926395416259766
2026-04-02 13:04:04.428,1983.434654416,628517880,left_foot,左脚,D4:22:CD:00:84:61,0.11723560839891434,0.4818754494190216,-0.09382131695747375,0.863278329372406,-5.404131261719657,-58.64763040340071,167.5699197813013,7.437890529632568,-0.40697309374809265,5.876614570617676,0.9354109764099121,-1.5664983987808228,-2.4220774173736572
2026-04-02 13:04:04.488,1983.494397798,628551214,left_foot,左脚,D4:22:CD:00:84:61,0.11794968694448471,0.4822458028793335,-0.09363303333520889,0.8629947304725647,-5.284144376216087,-58.69781115551141,167.40735438701287,7.254761695861816,0.33124321699142456,5.9175591468811035,-0.5439497232437134,-0.264873743057251,-2.699463367462158
2026-04-02 13:04:04.518,1983.52463804,628584548,left_foot,左脚,D4:22:CD:00:84:61,0.11825250089168549,0.4839199185371399,-0.09504640102386475,0.8618608713150024,-5.492524223261984,-58.9394054702849,167.48021712808958,7.604892730712891,-0.3762849271297455,5.935284614562988,-4.359118938446045,-6.358455181121826,0.42781251668930054
2026-04-02 13:04:04.548,1983.554610363,628617882,left_foot,左脚,D4:22:CD:00:84:61,0.1185036450624466,0.4870056211948395,-0.09550677239894867,0.8600354790687561,-5.499630566117528,-59.35251922887016,167.4448575637558,7.625194072723389,-0.10826344788074493,5.948873043060303,-1.1108441352844238,-11.348156929016113,-1.7533015012741089
2026-04-02 13:04:04.578,1983.584694077,628651216,left_foot,左脚,D4:22:CD:00:84:61,0.1182582750916481,0.49097153544425964,-0.0966307744383812,0.8576854467391968,-5.6779605676424225,-59.88877427394645,167.57165029688733,7.575279235839844,-0.001465903827920556,5.776106834411621,-2.0516674518585205,-15.290449142456055,0.33412840962409973
2026-04-02 13:04:04.608,1983.614505775,628684550,left_foot,左脚,D4:22:CD:00:84:61,0.11762405186891556,0.49623391032218933,-0.09853335469961166,0.8545219302177429,-6.041772718966949,-60.6060040237226,167.85820200806415,7.436294078826904,0.33404430747032166,5.972891807556152,-3.437553644180298,-20.958890914916992,2.038825511932373
2026-04-02 13:04:04.638,1983.64473719,628717884,left_foot,左脚,D4:22:CD:00:84:61,0.11600577086210251,0.5036831498146057,-0.10280823707580566,0.8498685359954834,-6.999727422473789,-61.640133967094116,168.63384341077506,7.5647501945495605,0.101538747549057,6.034444332122803,-8.351593017578125,-31.247522354125977,7.645782947540283
2026-04-02 13:04:04.668,1983.6746225,628751218,left_foot,左脚,D4:22:CD:00:84:61,0.1137760654091835,0.5136662721633911,-0.1076139286160469,0.8435764312744141,-8.194291898897461,-63.014490543173544,169.66558982171833,7.695448875427246,-0.6107531189918518,5.915345191955566,-8.414105415344238,-41.946434020996094,8.806716918945312
2026-04-02 13:04:04.698,1983.70441281,628784552,left_foot,左脚,D4:22:CD:00:84:61,0.11019641160964966,0.5266205072402954,-0.11207786947488785,0.8354436755180359,-9.617420610173593,-64.77278515168776,171.08070227950026,7.62133264541626,-0.08663173764944077,6.1158766746521,-4.564380645751953,-54.208038330078125,10.291566848754883
2026-04-02 13:04:04.728,1983.734664193,628817886,left_foot,左脚,D4:22:CD:00:84:61,0.10459259897470474,0.5437330603599548,-0.1169506087899208,0.8244620561599731,-11.7183109834696,-67.07838479620402,173.3228851325191,8.24068546295166,-0.7494984865188599,7.155716419219971,-1.6123337745666504,-72.28497314453125,14.164373397827148
2026-04-02 13:04:04.788,1983.794742511,628851220,left_foot,左脚,D4:22:CD:00:84:61,0.09988104552030563,0.5652493834495544,-0.11857393383979797,0.81022047996521,-13.388043975672689,-69.99114377221603,175.33912515977957,8.728141784667969,-2.081329345703125,7.328366756439209,6.199593544006348,-89.38636779785156,2.606243371963501
2026-04-02 13:04:04.821,1983.827357335,628884554,left_foot,左脚,D4:22:CD:00:84:61,0.09590847790241241,0.5957530736923218,-0.11741302162408829,0.7887293696403503,-15.117858139346238,-74.21678205077907,177.5993213682011,8.481345176696777,-0.4560244679450989,7.867663383483887,12.627233505249023,-127.32328033447266,-11.04672622680664
2026-04-02 13:04:04.878,1983.884416061,628917888,left_foot,左脚,D4:22:CD:00:84:61,0.08839671313762665,0.6366873383522034,-0.12184169143438339,0.7562868595123291,-24.205935170916494,-79.92427387134234,-172.95955022149454,9.134801864624023,1.4270401000976562,8.853012084960938,3.7196059226989746,-181.43678283691406,2.197024345397949
2026-04-02 13:04:04.878,1983.884969743,628951222,left_foot,左脚,D4:22:CD:00:84:61,0.07487817108631134,0.6898756623268127,-0.13140378892421722,0.7079533934593201,-80.65967843441071,-85.18987092686713,-116.12977322134756,9.46341323852539,1.6608502864837646,10.283310890197754,0.6072332859039307,-252.39828491210938,19.14188575744629
2026-04-02 13:04:04.908,1983.914671545,628984556,left_foot,左脚,D4:22:CD:00:84:61,0.05044582858681679,0.754522979259491,-0.15298691391944885,0.6361961364746094,-147.41019870622316,-77.2868574208956,-49.23407329183301,12.823307991027832,3.897016763687134,10.961597442626953,-10.411459922790527,-344.3824157714844,63.15862274169922
2026-04-02 13:04:04.940,1983.946165214,629017890,left_foot,左脚,D4:22:CD:00:84:61,0.019166171550750732,0.8096277117729187,-0.16966013610363007,0.5615615248680115,-156.59700538121865,-66.32169961960354,-39.08475137778663,11.936718940734863,2.879840135574341,6.2794599533081055,14.98036003112793,-333.8365783691406,69.99006652832031
2026-04-02 13:04:04.968,1983.974607838,629051224,left_foot,左脚,D4:22:CD:00:84:61,-0.0012726369313895702,0.8323031067848206,-0.17992618680000305,0.5243061184883118,-157.0333029282214,-60.7275980064481,-37.97106086641258,14.317375183105469,1.6867754459381104,7.6948561668396,16.885574340820312,-160.0842742919922,52.55855178833008
2026-04-02 13:04:04.998,1984.004617686,629084558,left_foot,左脚,D4:22:CD:00:84:61,-0.0002163029130315408,0.8219562768936157,-0.176134392619133,0.5416314005851746,-155.17744149559152,-62.91328458097212,-39.524944248866376,4.9593634605407715,3.052600145339966,10.455829620361328,14.623163223266602,68.7162857055664,-6.17681360244751
2026-04-02 13:04:05.028,1984.034544761,629117892,left_foot,左脚,D4:22:CD:00:84:61,-0.0027669735718518496,0.8011927604675293,-0.16684870421886444,0.5746687054634094,-149.9758565706815,-66.91400686668133,-43.62580089490332,1.8823943138122559,-0.22394829988479614,7.3528032302856445,44.53056335449219,130.2469482421875,-8.650673866271973
2026-04-02 13:04:05.088,1984.09458095,629151226,left_foot,左脚,D4:22:CD:00:84:61,0.0009977933950722218,0.7688275575637817,-0.1585003286600113,0.6195005774497986,-140.02739475670947,-72.34394890054668,-53.07999545604283,4.87811803817749,0.7961881756782532,5.4409565925598145,32.11130142211914,189.297119140625,-11.989703178405762
2026-04-02 13:04:05.118,1984.124691056,629184560,left_foot,左脚,D4:22:CD:00:84:61,0.020136192440986633,0.7241151928901672,-0.15118341147899628,0.6726034879684448,-118.45156174367368,-78.57162689533249,-75.5342220726417,6.0354437828063965,-1.2276853322982788,5.383308410644531,-6.3657708168029785,245.90536499023438,-35.26374816894531
2026-04-02 13:04:05.148,1984.154591543,629217894,left_foot,左脚,D4:22:CD:00:84:61,0.04235301539301872,0.6701052188873291,-0.13480935990810394,0.7286918759346008,-64.85713107567602,-81.12208645013006,-129.57941169596265,8.928702354431152,-1.618363618850708,5.248718738555908,7.791138172149658,277.1211853027344,-59.97867202758789
2026-04-02 13:04:05.178,1984.184371374,629251228,left_foot,左脚,D4:22:CD:00:84:61,0.056614551693201065,0.6068099141120911,-0.11614648252725601,0.784274697303772,-25.62383218703448,-74.78814180564241,-168.53498166356292,11.231587409973145,-1.2334753274917603,5.668339252471924,30.261890411376953,295.90252685546875,-41.115867614746094
2026-04-02 13:04:05.209,1984.21562044,629284562,left_foot,左脚,D4:22:CD:00:84:61,0.06729234009981155,0.5401700735092163,-0.09330815076828003,0.833655834197998,-11.733322012810055,-65.94988160667738,178.3980737121461,13.408734321594238,0.20915909111499786,6.570271968841553,45.845149993896484,291.36004638671875,-40.05720520019531
2026-04-02 13:04:05.238,1984.244620183,629317896,left_foot,左脚,D4:22:CD:00:84:61,0.09029228985309601,0.47251904010772705,-0.0644763708114624,0.8743088245391846,-2.878970863327771,-56.91886910010043,169.768364574898,16.192697525024414,0.4577179253101349,8.127957344055176,37.13323211669922,283.4162902832031,-88.23561096191406
2026-04-02 13:04:05.268,1984.274448286,629351230,left_foot,左脚,D4:22:CD:00:84:61,0.11624209582805634,0.40265917778015137,-0.028828520327806473,0.9074814319610596,3.505195825740902,-47.520026499049344,163.85767032932023,20.469594955444336,-0.9475780725479126,6.646331787109375,50.56049728393555,280.7784423828125,-110.01691436767578
2026-04-02 13:04:05.298,1984.304157031,629384564,left_foot,左脚,D4:22:CD:00:84:61,0.1215263307094574,0.33612000942230225,0.00630782637745142,0.9339244365692139,6.886620503964188,-38.77680616009732,162.7460061999863,22.224300384521484,-0.10494838654994965,-1.9327820539474487,78.30443572998047,259.01251220703125,-47.75883483886719
2026-04-02 13:04:05.328,1984.334376415,629417898,left_foot,左脚,D4:22:CD:00:84:61,0.11884154379367828,0.30338236689567566,0.03383633494377136,0.9448233246803284,9.492658528430875,-34.4191703966122,162.71546689854256,18.21114730834961,-7.0282979011535645,-12.373279571533203,77.49598693847656,129.6931610107422,-19.121990203857422
2026-04-02 13:04:05.388,1984.394734513,629451232,left_foot,左脚,D4:22:CD:00:84:61,0.12547706067562103,0.3096073269844055,0.024549197405576706,0.9422293901443481,8.731793986798015,-35.25956266006804,162.04933664412474,20.65000343322754,0.2717652916908264,-13.805563926696777,-34.26164245605469,-26.626611709594727,-12.047418594360352
2026-04-02 13:04:05.418,1984.424370098,629484566,left_foot,左脚,D4:22:CD:00:84:61,0.12059653550386429,0.33868351578712463,-0.025554073974490166,0.9327898025512695,2.531773702767525,-39.643188345004766,164.35395517097476,1.7522761821746826,1.102155327796936,11.65290641784668,-143.81637573242188,-124.34378814697266,67.75857543945312
2026-04-02 13:04:05.448,1984.454621386,629517900,left_foot,左脚,D4:22:CD:00:84:61,0.13338306546211243,0.38394811749458313,-0.05494898930191994,0.9120160937309265,0.1799379901925162,-45.64256752441934,163.2831554177754,7.10312032699585,-8.257869720458984,5.917205810546875,-92.24466705322266,-179.49191284179688,-19.260347366333008
2026-04-02 13:04:05.478,1984.484538151,629551234,left_foot,左脚,D4:22:CD:00:84:61,0.1369163990020752,0.4293442368507385,-0.06593229621648788,0.8902643322944641,0.016029296990714214,-51.491332055197944,162.50589850122333,12.993724822998047,-3.4223506450653076,8.922046661376953,-22.36814308166504,-174.4384002685547,-15.197463035583496
2026-04-02 13:04:05.508,1984.514484657,629584568,left_foot,左脚,D4:22:CD:00:84:61,0.13535602390766144,0.4602743685245514,-0.07530505955219269,0.8741599917411804,-0.7155113480848643,-55.59788304598973,162.77353230029195,15.418055534362793,4.378204345703125,4.408307075500488,-15.451757431030273,-122.1296615600586,3.9445300102233887
2026-04-02 13:04:05.538,1984.544443017,629617902,left_foot,左脚,D4:22:CD:00:84:61,0.13105909526348114,0.4786360561847687,-0.08649102598428726,0.8638578057289124,-2.605252237037616,-58.17013284299065,164.1958068168931,8.930829048156738,-0.5998337864875793,5.351852893829346,-20.88828468322754,-76.67159271240234,21.071958541870117
2026-04-02 13:04:05.568,1984.574626347,629651236,left_foot,左脚,D4:22:CD:00:84:61,0.1283351480960846,0.4904944896697998,-0.09294204413890839,0.8569173216819763,-3.8089553800137828,-59.82357175088089,165.15677591487585,8.878283500671387,-1.160725474357605,5.528939723968506,-11.348732948303223,-49.238895416259766,12.030963897705078
2026-04-02 13:04:05.598,1984.60462459,629684570,left_foot,左脚,D4:22:CD:00:84:61,0.1276434063911438,0.4976156949996948,-0.09390958398580551,0.8527994155883789,-3.8916745467260294,-60.77469932451517,165.2574601588685,8.020530700683594,-0.9752891659736633,5.829465389251709,0.17566338181495667,-27.481285095214844,-0.4725017249584198
2026-04-02 13:04:05.628,1984.634430372,629717904,left_foot,左脚,D4:22:CD:00:84:61,0.12724897265434265,0.5014297962188721,-0.09433411806821823,0.8505746722221375,-3.922073233180569,-61.284296214303794,165.306896465761,8.106820106506348,0.22339819371700287,5.463306903839111,0.41260576248168945,-14.250889778137207,-0.38127171993255615
2026-04-02 13:04:05.688,1984.694619271,629751238,left_foot,左脚,D4:22:CD:00:84:61,0.12698613107204437,0.5006393194198608,-0.09546534717082977,0.8509530425071716,-4.204665860322522,-61.19762686656753,165.5122228081727,7.817695617675781,-0.2643992304801941,5.574510097503662,-3.052567481994629,3.4017484188079834,3.095759868621826
2026-04-02 13:04:05.718,1984.724605359,629784572,left_foot,左脚,D4:22:CD:00:84:61,0.1273217797279358,0.4983599781990051,-0.09528128057718277,0.8522605299949646,-4.185900208155001,-60.89476813392021,165.46772350158318,7.635903835296631,-0.1468726098537445,5.604217529296875,-0.5950030088424683,10.09138298034668,-0.032143983989953995
2026-04-02 13:04:05.748,1984.75428039,629817906,left_foot,左脚,D4:22:CD:00:84:61,0.12785832583904266,0.49606823921203613,-0.09542452543973923,0.8535004258155823,-4.209463143931716,-60.59725775548436,165.4207685058917,7.520808219909668,0.1153147742152214,5.761349201202393,-1.923170566558838,9.901528358459473,-0.07559599727392197
2026-04-02 13:04:05.778,1984.784595484,629851240,left_foot,左脚,D4:22:CD:00:84:61,0.12790583074092865,0.4961654841899872,-0.09652817994356155,0.853312611579895,-4.421625828131357,-60.62890991508338,165.53655932100426,7.483162879943848,0.10852059721946716,5.843756675720215,-3.325873374938965,-0.16082854568958282,1.5980180501937866
2026-04-02 13:04:05.808,1984.814557586,629884574,left_foot,左脚,D4:22:CD:00:84:61,0.12727196514606476,0.503005862236023,-0.09763813018798828,0.8492667078971863,-4.551409306884461,-61.549050928678824,165.66540846922825,7.142520904541016,-0.3322688639163971,6.436572074890137,-0.501693844795227,-26.78341293334961,-0.3246442675590515
2026-04-02 13:04:05.838,1984.844634902,629917908,left_foot,左脚,D4:22:CD:00:84:61,0.12606047093868256,0.5170065760612488,-0.09958038479089737,0.8407715559005737,-4.759707442270295,-63.44108153907062,165.88889384598795,8.044381141662598,0.16423632204532623,5.1349921226501465,-0.29956015944480896,-55.98308181762695,-1.5497841835021973
2026-04-02 13:04:05.868,1984.874313402,629951242,left_foot,左脚,D4:22:CD:00:84:61,0.12521865963935852,0.5245237350463867,-0.10125555098056793,0.836027979850769,-5.051735696805865,-64.47414300272848,166.15039878026744,8.060388565063477,0.022470535710453987,5.1838860511779785,-1.7206130027770996,-30.351314544677734,0.757604718208313
2026-04-02 13:04:05.898,1984.904600833,629984576,left_foot,左脚,D4:22:CD:00:84:61,0.12457701563835144,0.5287242531776428,-0.10287182033061981,0.8332758545875549,-5.404151149844751,-65.06371715606019,166.4427680735189,7.955568313598633,0.3270922005176544,5.311628818511963,-2.6378886699676514,-17.154043197631836,2.098690986633301
2026-04-02 13:04:05.928,1984.934701087,630017910,left_foot,左脚,D4:22:CD:00:84:61,0.12322087585926056,0.5327602028846741,-0.1061423048377037,0.8304921388626099,-6.2673847939259515,-65.65280982367933,167.16658197276237,7.899448871612549,0.1867636740207672,5.736003875732422,-6.156099319458008,-17.730485916137695,7.212586879730225
2026-04-02 13:04:05.988,1984.99429463,630051244,left_foot,左脚,D4:22:CD:00:84:61,0.12130095809698105,0.5389989018440247,-0.10940831154584885,0.8263146281242371,-7.220929417243124,-66.53568135394677,168.0385733463392,7.938464164733887,-0.4275614023208618,5.951083183288574,-4.680030822753906,-26.809167861938477,7.428935527801514
2026-04-02 13:04:06.018,1985.024607968,630084578,left_foot,左脚,D4:22:CD:00:84:61,0.11886534839868546,0.550451934337616,-0.10929033905267715,0.8191028833389282,-7.416891997750404,-68.08445168655959,168.5006693808282,8.06361198425293,-1.0589609146118164,6.296258926391602,6.901902198791504,-46.062496185302734,-0.6213895678520203
2026-04-02 13:04:06.048,1985.054536305,630117912,left_foot,左脚,D4:22:CD:00:84:61,0.11562597006559372,0.5672979354858398,-0.10888724029064178,0.808051586151123,-7.667937720548365,-70.38887063958857,169.12546506529304,8.366936683654785,-0.28694087266921997,6.736045837402344,9.971226692199707,-68.74652099609375,-2.507321357727051
2026-04-02 13:04:06.078,1985.084609575,630151246,left_foot,左脚,D4:22:CD:00:84:61,0.11080315709114075,0.5911524891853333,-0.10969732701778412,0.7913458943367004,-8.74553057775505,-73.7237182646958,170.62149400920575,8.55461597442627,0.2602771520614624,7.4412713050842285,10.34548568725586,-100.37939453125,-0.6126925945281982
2026-04-02 13:04:06.108,1985.114970996,630184580,left_foot,左脚,D4:22:CD:00:84:61,0.1036241427063942,0.625202476978302,-0.11351216584444046,0.7651791572570801,-12.916891610120377,-78.61090046438403,175.16448938066648,8.558414459228516,0.579992413520813,7.448774337768555,7.257298946380615,-149.47474670410156,4.464465141296387
2026-04-02 13:04:06.138,1985.14453388,630217914,left_foot,左脚,D4:22:CD:00:84:61,0.09281041473150253,0.6733790040016174,-0.11962735652923584,0.7236272692680359,-36.73486918645672,-85.38365845124399,-160.55817748433378,9.382105827331543,-0.07499071955680847,9.140975952148438,8.06511402130127,-222.13397216796875,8.00450325012207
2026-04-02 13:04:06.168,1985.174540272,630251248,left_foot,左脚,D4:22:CD:00:84:61,0.07636610418558121,0.7332536578178406,-0.1272098869085312,0.6635699272155762,-152.17617657333034,-83.00608467734445,-44.40787544881209,11.8883695602417,2.1555631160736084,10.720504760742188,13.554730415344238,-297.20135498046875,14.721132278442383
2026-04-02 13:04:06.198,1985.204547071,630284582,left_foot,左脚,D4:22:CD:00:84:61,0.04928160458803177,0.7958198189735413,-0.14099299907684326,0.5868247747421265,-164.14275278993122,-71.42546948255978,-31.5284936000207,13.745631217956543,2.7410523891448975,9.961553573608398,19.6931095123291,-352.1255187988281,49.203975677490234
2026-04-02 13:04:06.258,1985.264579912,630317916,left_foot,左脚,D4:22:CD:00:84:61,0.011021716520190239,0.8410909175872803,-0.14383797347545624,0.5213014483451843,-163.93054609857927,-61.65376909951271,-29.03912007765524,8.232743263244629,0.4101799726486206,5.835305213928223,74.89110565185547,-290.0069274902344,52.16515350341797
2026-04-02 13:04:06.288,1985.294571813,630351250,left_foot,左脚,D4:22:CD:00:84:61,0.004323390778154135,0.8502455353736877,-0.14122487604618073,0.5070694088935852,-164.37229596672523,-59.71051541770928,-27.868866138044076,16.30845832824707,6.683061599731445,7.699640274047852,17.337133407592773,-60.918697357177734,-0.37322375178337097
2026-04-02 13:04:06.318,1985.324636246,630384584,left_foot,左脚,D4:22:CD:00:84:61,0.01805686578154564,0.8360133767127991,-0.14431515336036682,0.5290828347206116,-164.4230034905434,-62.85471532089372,-29.143404394522292,2.919375419616699,-0.9858987927436829,8.599228858947754,-34.98223876953125,95.44782257080078,-7.375738620758057
2026-04-02 13:04:06.348,1985.354402216,630417918,left_foot,左脚,D4:22:CD:00:84:61,0.013484738767147064,0.8138255476951599,-0.13266319036483765,0.5656030178070068,-160.4008805344625,-67.54534168026338,-31.69476195182407,2.7624990940093994,0.8628849387168884,6.068635940551758,51.02579116821289,143.40890502929688,-11.596336364746094
2026-04-02 13:04:06.378,1985.384531448,630451252,left_foot,左脚,D4:22:CD:00:84:61,0.015858061611652374,0.77846360206604,-0.12905465066432953,0.6140748262405396,-151.39008898341677,-73.77315523746009,-40.49196544239138,6.25679874420166,0.10528924316167831,4.736786842346191,20.773183822631836,205.28341674804688,3.995544195175171
2026-04-02 13:04:06.408,1985.414550182,630484586,left_foot,左脚,D4:22:CD:00:84:61,0.028611935675144196,0.7295839786529541,-0.11988341808319092,0.6726934909820557,-127.98058343565522,-81.27696283703544,-64.10912951357389,6.599614143371582,-1.0177990198135376,5.213375568389893,8.406320571899414,265.9872741699219,-26.294097900390625
2026-04-02 13:04:06.438,1985.444254585,630517920,left_foot,左脚,D4:22:CD:00:84:61,0.0423983559012413,0.6715724468231201,-0.11007130891084671,0.7314897775650024,-54.680415685803126,-82.67112749072196,-137.72348554588723,9.73483657836914,-0.6703832149505615,5.303681373596191,6.37932014465332,288.0691833496094,-26.56136703491211
2026-04-02 13:04:06.468,1985.474476828,630551254,left_foot,左脚,D4:22:CD:00:84:61,0.04958571493625641,0.6050539016723633,-0.09839966893196106,0.7885231375694275,-20.960579688723104,-74.5700037407791,-171.1625833488697,11.528495788574219,-0.7202035188674927,5.296846866607666,24.38945960998535,303.19921875,-11.326469421386719
2026-04-02 13:04:06.498,1985.504611143,630584588,left_foot,左脚,D4:22:CD:00:84:61,0.06273466348648071,0.5360725522041321,-0.08134827762842178,0.8378980755805969,-9.515472526894396,-65.30640715237146,177.54246333977403,13.663284301757812,0.11975753307342529,6.772377967834473,23.518856048583984,296.8730773925781,-39.21863555908203
2026-04-02 13:04:06.558,1985.564365145,630617922,left_foot,左脚,D4:22:CD:00:84:61,0.09515710175037384,0.46134617924690247,-0.05644340068101883,0.8802948594093323,-1.1673413172059912,-55.38455475702703,168.2736074973951,16.49904441833496,0.05276075378060341,8.48234748840332,7.456182956695557,307.76226806640625,-109.23857116699219
2026-04-02 13:04:06.588,1985.594683182,630651256,left_foot,左脚,D4:22:CD:00:84:61,0.11860436201095581,0.38532891869544983,-0.025838522240519524,0.9147606492042542,3.5986602358565354,-45.324204204777665,163.72195859737167,22.354618072509766,1.0087532997131348,3.2501721382141113,37.105709075927734,299.29022216796875,-93.42927551269531
2026-04-02 13:04:06.618,1985.624687168,630684590,left_foot,左脚,D4:22:CD:00:84:61,0.11712108552455902,0.3201882541179657,0.00024351372849196196,0.9400861859321594,5.42240905233114,-37.00983411650002,163.98070592844675,23.99581527709961,0.48293012380599976,-6.521909236907959,59.59233474731445,249.10601806640625,-13.537566184997559
2026-04-02 13:04:06.648,1985.654606834,630717924,left_foot,左脚,D4:22:CD:00:84:61,0.11731299757957458,0.29876986145973206,0.03702567517757416,0.9463632702827454,9.71566008826083,-33.83494952642758,162.90558656512795,18.116649627685547,-6.275140762329102,-14.703922271728516,110.00225830078125,91.46842956542969,-38.32470703125
2026-04-02 13:04:06.678,1985.684319184,630751258,left_foot,左脚,D4:22:CD:00:84:61,0.11977134644985199,0.31673428416252136,0.0038236253894865513,0.9409142732620239,5.932913843216415,-36.52144756188664,163.5322061633177,14.893260955810547,1.7997773885726929,-4.268427848815918,-102.63473510742188,-76.76007843017578,26.44882583618164
2026-04-02 13:04:06.708,1985.714598143,630784592,left_foot,左脚,D4:22:CD:00:84:61,0.11862470209598541,0.3474554419517517,-0.041461411863565445,0.9292384386062622,0.408100440529478,-40.963222171238485,165.29773606987317,-0.8959861993789673,-0.7933101058006287,12.400444984436035,-132.44998168945312,-129.6974334716797,48.951942443847656
2026-04-02 13:04:06.738,1985.744611982,630817926,left_foot,左脚,D4:22:CD:00:84:61,0.1332804560661316,0.3918392062187195,-0.05933159589767456,0.9083933234214783,-0.279327316963641,-46.694213852449806,163.42668195003426,11.355354309082031,-6.255668640136719,6.210002899169922,-59.47238540649414,-171.0113983154297,-40.20042419433594
2026-04-02 13:04:06.768,1985.774607224,630851260,left_foot,左脚,D4:22:CD:00:84:61,0.13544929027557373,0.43574222922325134,-0.06667940318584442,0.8873195648193359,-0.02717128049621395,-52.31171972332237,162.65494854301653,13.229208946228027,-0.8510077595710754,7.968992710113525,-10.023079872131348,-167.4907989501953,-15.517173767089844
2026-04-02 13:04:06.798,1985.804273965,630884594,left_foot,左脚,D4:22:CD:00:84:61,0.13386011123657227,0.46150341629981995,-0.07697424292564392,0.873596727848053,-1.114334561497631,-55.78599288064674,163.16664710173347,12.90102767944336,2.793243169784546,4.797452449798584,-20.116830825805664,-103.25443267822266,8.014373779296875
2026-04-02 13:04:06.828,1985.834619956,630917928,left_foot,左脚,D4:22:CD:00:84:61,0.13022755086421967,0.4790010154247284,-0.08661284297704697,0.8637691736221313,-2.706292276859656,-58.21724354443373,164.35959411410133,8.89956283569336,-0.5150718092918396,5.5142903327941895,-17.647960662841797,-72.46586608886719,17.134206771850586
2026-04-02 13:04:06.888,1985.894628721,630951262,left_foot,左脚,D4:22:CD:00:84:61,0.12790921330451965,0.4908406138420105,-0.09273764491081238,0.8568047881126404,-3.8087625516706254,-59.86366235278528,165.21195404903156,8.386824607849121,-1.7291934490203857,5.797650337219238,-11.076251983642578,-49.00303268432617,10.377635955810547
2026-04-02 13:04:06.918,1985.92421756,630984596,left_foot,左脚,D4:22:CD:00:84:61,0.12788136303424835,0.4993327558040619,-0.09263382852077484,0.851899266242981,-3.5595882237838095,-60.98048100091855,165.02215923629907,8.033021926879883,-0.9294195771217346,5.8109660148620605,2.57405424118042,-32.23430633544922,-4.957700729370117
2026-04-02 13:04:06.948,1985.954699306,631017930,left_foot,左脚,D4:22:CD:00:84:61,0.12847205996513367,0.5026882886886597,-0.09275878220796585,0.8498207330703735,-3.415672351228951,-61.42881837445469,164.83638393456928,8.152938842773438,0.33951398730278015,5.572437763214111,-0.5403971672058105,-12.275106430053711,-3.5152037143707275
2026-04-02 13:04:06.978,1985.984644357,631051264,left_foot,左脚,D4:22:CD:00:84:61,0.12932386994361877,0.5033288598060608,-0.0932355523109436,0.8492599725723267,-3.388227030271917,-61.52548869959085,164.70040814707323,7.811512470245361,-0.16833920776844025,5.7234272956848145,-2.726741313934326,-1.8288367986679077,-2.1176326274871826
2026-04-02 13:04:07.008,1986.01458295,631084598,left_foot,左脚,D4:22:CD:00:84:61,0.1307581514120102,0.5027438402175903,-0.09189879149198532,0.8495327234268188,-2.9564556326969025,-61.42927631307124,164.25635163734526,7.672927379608154,-0.20990772545337677,5.705204486846924,1.273102879524231,4.148476600646973,-6.19919490814209
2026-04-02 13:04:07.068,1986.074494749,631117932,left_foot,左脚,D4:22:CD:00:84:61,0.1318444013595581,0.5019698739051819,-0.09096137434244156,0.8499231338500977,-2.657513732855733,-61.313239591929914,163.9399156825759,7.560615539550781,0.4725196361541748,5.641362190246582,0.6510912775993347,4.579627513885498,-4.379831790924072
2026-04-02 13:04:07.068,1986.075024079,631151266,left_foot,左脚,D4:22:CD:00:84:61,0.1319158971309662,0.5018271803855896,-0.09166843444108963,0.8499203324317932,-2.7965078313346576,-61.30777227173883,164.01268196180797,7.4817585945129395,0.5290040969848633,5.738518714904785,-2.2337288856506348,0.9612544775009155,1.0662857294082642
2026-04-02 13:04:07.098,1986.104613467,631184600,left_foot,左脚,D4:22:CD:00:84:61,0.13129769265651703,0.5024584531784058,-0.09331711381673813,0.8494635820388794,-3.1869244831803507,-61.41938971101279,164.3204710431111,7.544448375701904,-0.11778288334608078,5.8362531661987305,-3.582578182220459,-2.76039719581604,4.2719340324401855
2026-04-02 13:04:07.128,1986.134703231,631217934,left_foot,左脚,D4:22:CD:00:84:61,0.1311052143573761,0.5044214725494385,-0.09430395066738129,0.8482200503349304,-3.351188514868963,-61.69647872843787,164.42910667106153,7.544394016265869,0.083836130797863,5.878419399261475,-2.0498502254486084,-7.605011940002441,1.0931156873703003
2026-04-02 13:04:07.188,1986.194651448,631251268,left_foot,左脚,D4:22:CD:00:84:61,0.1303601861000061,0.5073925256729126,-0.09593996405601501,0.8463773131370544,-3.692093438848469,-62.11701614917277,164.71212142319453,7.62931489944458,0.18913422524929047,5.731939792633057,-2.7207727432250977,-12.08534049987793,3.24361515045166
2026-04-02 13:04:07.218,1986.224631002,631284602,left_foot,左脚,D4:22:CD:00:84:61,0.1295398473739624,0.5111849904060364,-0.09781414270401001,0.8440033197402954,-4.078342241559547,-62.651094796714744,165.03119385976493,7.622866153717041,0.20950962603092194,5.880608558654785,-3.098174810409546,-15.559208869934082,3.367490291595459
2026-04-02 13:04:07.248,1986.254271141,631317936,left_foot,左脚,D4:22:CD:00:84:61,0.1281960904598236,0.5163232684135437,-0.10126820206642151,0.8406670689582825,-4.8518419192768825,-63.38999331638836,165.65622946370195,7.6652326583862305,0.17724494636058807,5.925332546234131,-6.480885028839111,-22.06494903564453,6.793122291564941
2026-04-02 13:04:07.278,1986.28446638,631351270,left_foot,左脚,D4:22:CD:00:84:61,0.1260659098625183,0.5246116518974304,-0.10649479925632477,0.8351940512657166,-6.0994297538889315,-64.57600357906104,166.6892063006307,7.2872772216796875,0.42221686244010925,6.298459053039551,-9.568056106567383,-36.0468864440918,10.178018569946289
2026-04-02 13:04:07.308,1986.314615497,631384604,left_foot,左脚,D4:22:CD:00:84:61,0.12204379588365555,0.5383676886558533,-0.11242513358592987,0.8262120485305786,-7.835748404456442,-66.4990012913556,168.3364624290873,7.725452899932861,-0.36335551738739014,6.45418643951416,-7.085761070251465,-59.1156005859375,13.369593620300293
2026-04-02 13:04:07.338,1986.344627934,631417938,left_foot,左脚,D4:22:CD:00:84:61,0.11704481393098831,0.5552643537521362,-0.11544403433799744,0.815263569355011,-9.274934066928793,-68.81173469228739,170.01955029905795,8.222999572753906,-1.4062703847885132,6.595040798187256,3.5298855304718018,-70.87342834472656,8.698222160339355
2026-04-02 13:04:07.370,1986.376392102,631451272,left_foot,左脚,D4:22:CD:00:84:61,0.11294735223054886,0.5769309401512146,-0.11481230705976486,0.8007570505142212,-9.864630779328655,-71.78649413337735,171.09014226167176,8.448873519897461,-0.7429022789001465,7.2233476638793945,12.52106761932373,-89.2568359375,-4.158564567565918
2026-04-02 13:04:07.398,1986.404482708,631484606,left_foot,左脚,D4:22:CD:00:84:61,0.10778738558292389,0.6114238500595093,-0.11835851520299911,0.7749413251876831,-12.963501732096523,-76.69288250511175,174.43435498678178,7.787790775299072,0.48700371384620667,9.1625337600708,3.629969358444214,-149.14024353027344,-2.397326946258545
2026-04-02 13:04:07.428,1986.434636243,631517940,left_foot,左脚,D4:22:CD:00:84:61,0.10163524746894836,0.672143280506134,-0.12567463517189026,0.7225644588470459,-34.747177316356975,-85.47268205898047,-163.7662131997427,9.517166137695312,-0.22506080567836761,8.491950035095215,-5.4476776123046875,-277.00738525390625,-12.34752368927002
2026-04-02 13:04:07.489,1986.495265531,631551274,left_foot,左脚,D4:22:CD:00:84:61,0.08778207004070282,0.733751654624939,-0.12931877374649048,0.6611955761909485,-159.0560326288127,-83.22171833158609,-38.63634312456393,10.71717643737793,1.5413168668746948,9.169879913330078,17.937427520751953,-302.2412414550781,-5.208171844482422
2026-04-02 13:04:07.518,1986.524483492,631584608,left_foot,左脚,D4:22:CD:00:84:61,0.06297702342271805,0.7892493605613708,-0.13762280344963074,0.5951298475265503,-167.21140125582568,-73.08661220332972,-29.278415741172072,14.98240852355957,2.674156427383423,8.12277603149414,31.062557220458984,-306.65447998046875,32.85417175292969
2026-04-02 13:04:07.548,1986.554575962,631617942,left_foot,左脚,D4:22:CD:00:84:61,0.027242235839366913,0.833259105682373,-0.14152829349040985,0.5337667465209961,-166.1512029017963,-63.798009574730614,-27.92483596430108,12.1366605758667,0.36412832140922546,5.655893325805664,69.52729797363281,-274.6758117675781,49.81675338745117
2026-04-02 13:04:07.578,1986.584396687,631651276,left_foot,左脚,D4:22:CD:00:84:61,0.005413266364485025,0.8524920344352722,-0.13452376425266266,0.5051054358482361,-165.49688935716776,-59.615784727920996,-26.273293009551775,14.86431884765625,4.220441818237305,5.533236980438232,63.242156982421875,-127.58280944824219,8.17485523223877
2026-04-02 13:04:07.608,1986.614328149,631684610,left_foot,左脚,D4:22:CD:00:84:61,0.026846591383218765,0.8441444039344788,-0.14689692854881287,0.5148988366127014,-167.25232621502917,-61.30466699033213,-27.318311672215593,4.58331823348999,3.950366258621216,7.670671463012695,-79.80352783203125,52.49427032470703,3.3715744018554688
2026-04-02 13:04:07.638,1986.644595351,631717944,left_foot,左脚,D4:22:CD:00:84:61,0.03305685147643089,0.8313421010971069,-0.15028691291809082,0.5340332984924316,-166.12845902997248,-63.87878346101329,-29.167494900924243,1.5235823392868042,-2.0165939331054688,5.136595249176025,-15.446959495544434,80.54125213623047,7.334656715393066
2026-04-02 13:04:07.668,1986.67455965,631751278,left_foot,左脚,D4:22:CD:00:84:61,0.03407846391201019,0.8071050047874451,-0.15515121817588806,0.5686371326446533,-160.91433430094452,-68.19824579082402,-34.74914365380125,5.214833736419678,2.173085927963257,4.1475043296813965,3.2772018909454346,142.8981475830078,28.746347427368164
2026-04-02 13:04:07.698,1986.70453542,631784612,left_foot,左脚,D4:22:CD:00:84:61,0.04731529951095581,0.7653269171714783,-0.16082610189914703,0.6214265823364258,-150.26903175504373,-75.1071129324152,-46.802874023223325,6.15595817565918,1.2561768293380737,3.95993709564209,-24.610464096069336,234.1577606201172,18.627931594848633
2026-04-02 13:04:07.728,1986.734265333,631817946,left_foot,左脚,D4:22:CD:00:84:61,0.06631029397249222,0.7143505215644836,-0.15971313416957855,0.6780840754508972,-120.4401670002955,-81.87442064164688,-77.99978526862019,5.939967155456543,1.1306401491165161,4.290857315063477,-24.607948303222656,268.3148193359375,-5.850514888763428
2026-04-02 13:04:07.788,1986.794598416,631851280,left_foot,左脚,D4:22:CD:00:84:61,0.08409997820854187,0.6595953106880188,-0.15060007572174072,0.7315605878829956,-52.315849089230575,-82.05397512552706,-146.83639118297955,8.518207550048828,0.48580271005630493,4.67854642868042,-5.628412246704102,270.4452209472656,-21.347919464111328
2026-04-02 13:04:07.818,1986.824588799,631884614,left_foot,左脚,D4:22:CD:00:84:61,0.09415709972381592,0.6038559079170227,-0.12674134969711304,0.7812998294830322,-19.466346360205197,-75.34164322698575,-178.65560333649205,12.35634708404541,1.594028115272522,5.4739580154418945,46.80939483642578,264.6837158203125,-35.897308349609375
2026-04-02 13:04:07.848,1986.854246555,631917948,left_foot,左脚,D4:22:CD:00:84:61,0.11404905468225479,0.540574848651886,-0.09994029998779297,0.8275165557861328,-6.074927644354317,-66.55830976856205,168.29520696506668,16.834205627441406,3.7722606658935547,6.5958709716796875,30.41088104248047,282.94158935546875,-66.1863021850586
2026-04-02 13:04:07.878,1986.884239745,631951282,left_foot,左脚,D4:22:CD:00:84:61,0.14755338430404663,0.4676724970340729,-0.07397781312465668,0.8683536648750305,0.9903379261030979,-56.516143213470706,160.18015222461503,18.389179229736328,1.8613125085830688,7.871776580810547,-2.8902626037597656,304.840576171875,-102.08908081054688
2026-04-02 13:04:07.908,1986.914543267,631984616,left_foot,左脚,D4:22:CD:00:84:61,0.1725749671459198,0.39696624875068665,-0.0330517441034317,0.9008570313453674,6.473885680703103,-46.60439598041923,155.51993875613226,20.297758102416992,-1.6081668138504028,4.589310169219971,54.50792694091797,290.4396667480469,-105.55634307861328
2026-04-02 13:04:07.938,1986.944547618,632017950,left_foot,左脚,D4:22:CD:00:84:61,0.1641099750995636,0.3405613303184509,0.011334216222167015,0.9257199764251709,9.810519145938311,-38.8150654832922,156.4306089237581,20.713001251220703,-0.5421996712684631,-5.059345245361328,118.4996337890625,234.14410400390625,-12.662127494812012
2026-04-02 13:04:07.968,1986.974456358,632051284,left_foot,左脚,D4:22:CD:00:84:61,0.14543327689170837,0.3224729895591736,0.056078772991895676,0.933657169342041,14.17891186626229,-35.86284056519226,157.68335390055876,18.30251693725586,-5.102030277252197,-15.06767463684082,153.80397033691406,93.31971740722656,11.31142520904541
2026-04-02 13:04:07.998,1987.004534121,632084618,left_foot,左脚,D4:22:CD:00:84:61,0.14613096415996552,0.33889254927635193,0.028267158195376396,0.9289771914482117,11.15384978345066,-38.41737720589849,158.22400921265478,14.650829315185547,2.587406635284424,-6.585089683532715,-80.9107437133789,-70.926513671875,29.836572647094727
2026-04-02 13:04:08.028,1987.034573333,632117952,left_foot,左脚,D4:22:CD:00:84:61,0.15886619687080383,0.3650461733341217,-0.03428949788212776,0.9166936874389648,4.15557902093776,-42.8565967305958,158.70466758010468,-1.684269666671753,-0.6236550807952881,15.375744819641113,-200.36581420898438,-129.5166778564453,29.10209846496582
2026-04-02 13:04:08.091,1987.097563221,632151286,left_foot,左脚,D4:22:CD:00:84:61,0.1838299185037613,0.4074094295501709,-0.06141888350248337,0.8924416303634644,3.4797072725666642,-48.56953712505798,155.15098847562442,9.3506498336792,-10.184720039367676,5.250414848327637,-96.57056427001953,-175.06039428710938,-62.695228576660156
2026-04-02 13:04:08.118,1987.124567096,632184620,left_foot,左脚,D4:22:CD:00:84:61,0.1790710836648941,0.44944602251052856,-0.07398158311843872,0.8720428347587585,3.1244276883232995,-54.13191740690245,155.19482681463742,16.779563903808594,1.29749596118927,7.634467124938965,-9.650444984436035,-165.65992736816406,10.29189395904541
2026-04-02 13:04:08.179,1987.185473028,632217954,left_foot,左脚,D4:22:CD:00:84:61,0.17483118176460266,0.47236526012420654,-0.09371244162321091,0.8587917685508728,0.4498061015802134,-57.57503086870664,156.73900327220957,10.809144973754883,1.6190553903579712,5.094464302062988,-41.84807586669922,-101.43793487548828,29.240036010742188
2026-04-02 13:04:08.180,1987.186148915,632251288,left_foot,左脚,D4:22:CD:00:84:61,0.17103032767772675,0.48761534690856934,-0.10620106011629105,0.849530041217804,-1.5576199714596393,-59.86157912398947,158.13117009156355,9.420319557189941,-3.2179007530212402,5.657018661499023,-24.492610931396484,-67.80018615722656,21.02973175048828
2026-04-02 13:04:08.208,1987.214398825,632284622,left_foot,左脚,D4:22:CD:00:84:61,0.17008863389492035,0.4965006709098816,-0.10877804458141327,0.8442301750183105,-1.7503249243461008,-61.083491352137365,158.25079505427877,8.746976852416992,-1.8236325979232788,5.406167030334473,-2.6999411582946777,-35.71232223510742,0.5977824330329895
2026-04-02 13:04:08.238,1987.244675847,632317956,left_foot,左脚,D4:22:CD:00:84:61,0.1704995334148407,0.500124454498291,-0.10662022978067398,0.8422813415527344,-1.0888720512466046,-61.503725250480244,157.76083896091606,7.904590606689453,-0.20255902409553528,5.712029933929443,6.889420032501221,-11.474002838134766,-7.5205864906311035
2026-04-02 13:04:08.268,1987.27463554,632351290,left_foot,左脚,D4:22:CD:00:84:61,0.17058555781841278,0.5025442838668823,-0.10599008947610855,0.8409018516540527,-0.8247510789216642,-61.80462368298787,157.55880903998727,7.499845027923584,0.8694456219673157,5.921652317047119,2.5275120735168457,-8.065628051757812,-3.1663928031921387
2026-04-02 13:04:08.301,1987.30733733,632384624,left_foot,左脚,D4:22:CD:00:84:61,0.1705072671175003,0.5029267072677612,-0.10703697055578232,0.8405565023422241,-1.0256264199556493,-61.881855404945995,157.68106380902822,7.70658016204834,-0.13842453062534332,5.604597568511963,-2.8345704078674316,-1.4752147197723389,1.5924664735794067
2026-04-02 13:04:08.359,1987.365292833,632417958,left_foot,左脚,D4:22:CD:00:84:61,0.17117315530776978,0.50175541639328,-0.10632262378931046,0.8412116169929504,-0.859060778446324,-61.71046423955647,157.50973739732223,7.533201694488525,-0.2255203127861023,5.838246822357178,0.42655742168426514,6.0150346755981445,-2.4449965953826904
2026-04-02 13:04:08.388,1987.394572752,632451292,left_foot,左脚,D4:22:CD:00:84:61,0.17196398973464966,0.5011306405067444,-0.10547029972076416,0.841529905796051,-0.6217464026337941,-61.607032115644,157.27227245965673,7.471426010131836,0.2123955488204956,5.827528953552246,0.804133415222168,3.942305088043213,-3.4431228637695312
2026-04-02 13:04:08.448,1987.454391945,632484626,left_foot,左脚,D4:22:CD:00:84:61,0.1723787635564804,0.5015674829483032,-0.10594586282968521,0.8411248922348022,-0.6410623066271268,-61.67705588100965,157.21926209311275,7.4128594398498535,0.2654905319213867,5.94972038269043,-2.019176959991455,-1.332737684249878,-0.8648128509521484
2026-04-02 13:04:08.448,1987.454976244,632517960,left_foot,左脚,D4:22:CD:00:84:61,0.17256271839141846,0.50335693359375,-0.10704466700553894,0.8398780822753906,-0.7415336396790656,-61.94065826164325,157.2240267173137,7.480963230133057,0.08124487102031708,5.9410319328308105,-2.9256253242492676,-7.183854579925537,-0.10368027538061142
2026-04-02 13:04:08.479,1987.485539186,632551294,left_foot,左脚,D4:22:CD:00:84:61,0.17262572050094604,0.5060185194015503,-0.10806964337825775,0.8381327986717224,-0.795472343907577,-62.317137167306534,157.2046603635843,7.603704929351807,0.14351525902748108,5.864663124084473,-2.161344051361084,-10.59714412689209,-0.488691121339798
2026-04-02 13:04:08.508,1987.514522454,632584628,left_foot,左脚,D4:22:CD:00:84:61,0.17206956446170807,0.5096550583839417,-0.1096547394990921,0.835834801197052,-0.9933229095943251,-62.83697705972404,157.3413591496916,7.559022903442383,0.3298594355583191,5.8638715744018555,-2.3197367191314697,-14.959290504455566,1.5914020538330078
2026-04-02 13:04:08.539,1987.545391802,632617962,left_foot,左脚,D4:22:CD:00:84:61,0.17170049250125885,0.5141880512237549,-0.11122160404920578,0.8329222202301025,-1.1169760591851647,-63.47644417234234,157.39506007024443,7.709442615509033,-0.1297985017299652,5.747975826263428,-2.2958312034606934,-18.55776596069336,0.3286413252353668
2026-04-02 13:04:08.568,1987.574557521,632651296,left_foot,左脚,D4:22:CD:00:84:61,0.17112453281879425,0.5200347304344177,-0.11362596601247787,0.8290776014328003,-1.3786322061414296,-64.3144609020167,157.54220517294385,7.536027908325195,0.43191617727279663,5.859218597412109,-3.9017186164855957,-24.566171646118164,1.3561112880706787
2026-04-02 13:04:08.628,1987.634568673,632684630,left_foot,左脚,D4:22:CD:00:84:61,0.17004036903381348,0.527738094329834,-0.11718761175870895,0.8239211440086365,-1.8791937789009376,-65.43389406239582,157.88536331338682,7.5365376472473145,-0.007283579092472792,5.882558822631836,-5.6999921798706055,-33.111793518066406,3.3933048248291016
2026-04-02 13:04:08.658,1987.664248698,632717964,left_foot,左脚,D4:22:CD:00:84:61,0.16792365908622742,0.539894163608551,-0.12183168530464172,0.8157652616500854,-2.5794780551806995,-67.18632950815318,158.45002627663422,7.565805912017822,0.46597814559936523,6.459980487823486,-5.512548923492432,-52.248104095458984,4.730373382568359
2026-04-02 13:04:08.688,1987.694581675,632751298,left_foot,左脚,D4:22:CD:00:84:61,0.16256172955036163,0.5551579594612122,-0.12784376740455627,0.8056237101554871,-4.155131711946673,-69.40033418933479,160.06149157822904,8.11697769165039,0.1686646193265915,6.642492294311523,-2.3653087615966797,-66.84514617919922,13.935596466064453
2026-04-02 13:04:08.718,1987.724625955,632784632,left_foot,左脚,D4:22:CD:00:84:61,0.1555737555027008,0.573196291923523,-0.13454335927963257,0.7931842803955078,-6.526556846936292,-72.01975894647993,162.55191714858432,8.569300651550293,-0.8033667206764221,6.570881366729736,-0.6066685318946838,-80.06586456298828,17.263582229614258
2026-04-02 13:04:08.748,1987.754643013,632817966,left_foot,左脚,D4:22:CD:00:84:61,0.14912261068820953,0.5975953936576843,-0.13833971321582794,0.7755672335624695,-8.356555693884978,-75.51422204148777,164.70908653409248,8.60233211517334,-1.2954888343811035,7.1761603355407715,7.223466396331787,-105.87088775634766,4.336769104003906
2026-04-02 13:04:08.779,1987.785568672,632851300,left_foot,左脚,D4:22:CD:00:84:61,0.1417686492204666,0.6318202018737793,-0.14065971970558167,0.7489457726478577,-11.017636868701803,-80.4981845999261,167.89745772308964,8.717399597167969,-0.5501777529716492,7.545688152313232,13.76209545135498,-150.3435821533203,-5.593539237976074
2026-04-02 13:04:08.808,1987.814391587,632884634,left_foot,左脚,D4:22:CD:00:84:61,0.1333286017179489,0.6769323945045471,-0.1410841941833496,0.7099868655204773,-24.396361406186962,-87.24864650988468,-177.98737020893014,9.340331077575684,-1.5814893245697021,8.791481971740723,20.29640007019043,-204.94361877441406,-18.20975112915039
2026-04-02 13:04:08.838,1987.844571306,632917968,left_foot,左脚,D4:22:CD:00:84:61,0.12205285578966141,0.7347396016120911,-0.14142338931560516,0.6521197557449341,-177.5620008991003,-83.11977324170773,-23.95177746512139,11.670257568359375,1.091068148612976,10.993925094604492,23.756925582885742,-281.6077880859375,-26.32413673400879
2026-04-02 13:04:08.868,1987.874515536,632951302,left_foot,左脚,D4:22:CD:00:84:61,0.10162182152271271,0.7979448437690735,-0.15104465186595917,0.5745806097984314,-177.9541577898251,-71.3815802330647,-22.90729431478623,12.527273178100586,2.64198637008667,9.712562561035156,18.842117309570312,-352.2451171875,6.870171070098877
2026-04-02 13:04:08.898,1987.904386953,632984636,left_foot,左脚,D4:22:CD:00:84:61,0.06044252961874008,0.8495558500289917,-0.13483911752700806,0.5063795447349548,-175.96360307743848,-61.24624185579657,-20.427154915533013,6.941634178161621,-3.7961578369140625,4.6094489097595215,127.70000457763672,-305.5107421875,-13.665522575378418
2026-04-02 13:04:08.958,1987.964551972,633017970,left_foot,左脚,D4:22:CD:00:84:61,0.035710714757442474,0.8641658425331116,-0.11527245491743088,0.4885227084159851,-174.41023129633317,-58.4914484258361,-18.32742366751256,16.730051040649414,11.230753898620605,6.34827184677124,101.01840209960938,-85.39907836914062,-24.403656005859375
2026-04-02 13:04:08.989,1987.995568664,633051304,left_foot,左脚,D4:22:CD:00:84:61,0.04999780282378197,0.8506453037261963,-0.13892871141433716,0.5045809745788574,-173.52431022747365,-60.73063593283727,-22.348132914841617,3.553961992263794,1.305952787399292,7.761159896850586,-77.23406219482422,72.57638549804688,53.87272644042969
2026-04-02 13:04:09.018,1988.024387018,633084638,left_foot,左脚,D4:22:CD:00:84:61,0.04606150463223457,0.835110604763031,-0.13968098163604736,0.5300548672676086,-170.68712183394996,-63.91939198261979,-24.808890956232045,2.9543213844299316,-1.5719103813171387,5.384888648986816,19.795316696166992,98.75279998779297,21.073768615722656
2026-04-02 13:04:09.048,1988.054608752,633117972,left_foot,左脚,D4:22:CD:00:84:61,0.04960264265537262,0.8059136271476746,-0.13202984631061554,0.5749878883361816,-167.8495624718109,-70.03125740378297,-27.136844233247583,10.587536811828613,2.7804811000823975,2.9626994132995605,20.792280197143555,184.4537811279297,-7.029496192932129
2026-04-02 13:04:09.078,1988.084565658,633151306,left_foot,左脚,D4:22:CD:00:84:61,0.0717221349477768,0.7485719919204712,-0.13824880123138428,0.6445023417472839,-155.9825756775994,-79.97889150454695,-41.16018212261873,6.953169822692871,2.0766162872314453,2.9568076133728027,-51.776649475097656,314.5541076660156,11.704476356506348
2026-04-02 13:04:09.109,1988.115457377,633184640,left_foot,左脚,D4:22:CD:00:84:61,0.07584960758686066,0.6897472739219666,-0.13414427638053894,0.707460880279541,-81.64521650645733,-85.0616894973991,-115.44941278010245,5.0652689933776855,-1.9091838598251343,3.1799120903015137,13.938518524169922,294.8636474609375,24.092693328857422
2026-04-02 13:04:09.138,1988.144382225,633217974,left_foot,左脚,D4:22:CD:00:84:61,0.0750945508480072,0.6348248720169067,-0.12077119201421738,0.7594556212425232,-28.12414106402348,-79.22865035392758,-167.86879863557036,8.057162284851074,0.9987668991088867,4.288923263549805,43.97648239135742,259.4368591308594,9.314416885375977
2026-04-02 13:04:09.168,1988.174592099,633251308,left_foot,左脚,D4:22:CD:00:84:61,0.08396130055189133,0.5861973166465759,-0.09867315739393234,0.7997418642044067,-11.448079832958573,-72.5888849280803,176.4340927303602,12.875825881958008,1.319685935974121,5.597532749176025,42.46688461303711,223.61849975585938,-40.4682502746582
2026-04-02 13:04:09.199,1988.205534271,633284642,left_foot,左脚,D4:22:CD:00:84:61,0.11772194504737854,0.5238065123558044,-0.07340474426746368,0.8404642343521118,-0.007945270247944178,-63.86567883759682,164.0581153184097,17.55706787109375,4.601120471954346,6.385456085205078,-2.7396342754364014,271.90765380859375,-110.50247955322266
2026-04-02 13:04:09.229,1988.235324412,633317976,left_foot,左脚,D4:22:CD:00:84:61,0.15063607692718506,0.4518721103668213,-0.05154574662446976,0.8777605295181274,4.451755664433137,-53.978871659633896,158.25609721989875,17.970359802246094,0.8049034476280212,5.979562759399414,-15.70138931274414,291.89508056640625,-100.74666595458984
2026-04-02 13:04:09.288,1988.294533784,633351310,left_foot,左脚,D4:22:CD:00:84:61,0.1538650542497635,0.38524773716926575,-0.014678317122161388,0.9097771048545837,7.4460713060987365,-44.86963120262169,157.72355946721189,20.51951789855957,0.005446417257189751,0.47728633880615234,77.57117462158203,270.3387145996094,-38.0828857421875
2026-04-02 13:04:09.318,1988.324384639,633384644,left_foot,左脚,D4:22:CD:00:84:61,0.1368851214647293,0.33852317929267883,0.024467961862683296,0.930626630783081,10.181575404175879,-38.56328834276186,159.69469845682977,19.509971618652344,-1.1252765655517578,-8.010834693908691,121.40851593017578,193.79193115234375,15.319926261901855
2026-04-02 13:04:09.348,1988.354309946,633417978,left_foot,左脚,D4:22:CD:00:84:61,0.13486909866333008,0.3323727250099182,0.053814757615327835,0.9319029450416565,13.801520047634016,-37.22611374862028,158.86190829717535,16.474973678588867,-2.4781222343444824,-13.66282844543457,93.275146484375,35.72309112548828,-27.1110897064209
2026-04-02 13:04:09.378,1988.384550181,633451312,left_foot,左脚,D4:22:CD:00:84:61,0.13839730620384216,0.3548602759838104,-0.008992287330329418,0.9245754480361938,6.225582725686071,-41.199207222995206,160.63152972676698,8.359403610229492,3.5674102306365967,5.6708760261535645,-193.5198516845703,-109.24414825439453,61.81241989135742
2026-04-02 13:04:09.408,1988.414505219,633484646,left_foot,左脚,D4:22:CD:00:84:61,0.15266670286655426,0.3885975778102875,-0.06301173567771912,0.9064846038818359,0.3664563986850395,-46.36537842175615,160.72341366687334,1.8104596138000488,-8.490187644958496,8.009618759155273,-173.61746215820312,-153.78179931640625,11.455329895019531
2026-04-02 13:04:09.439,1988.445518869,633517980,left_foot,左脚,D4:22:CD:00:84:61,0.16385889053344727,0.433272123336792,-0.08200254291296005,0.882440447807312,-0.25630898457838464,-52.33035079723431,159.08723321567984,12.661055564880371,-8.487055778503418,8.446720123291016,-55.88237380981445,-178.148681640625,-31.738216400146484
2026-04-02 13:04:09.470,1988.476286606,633551314,left_foot,左脚,D4:22:CD:00:84:61,0.15986332297325134,0.4663279950618744,-0.08989018946886063,0.8653910756111145,-0.6766475996640793,-56.70470311954414,159.4326665381028,16.703872680664062,4.695294380187988,4.719771862030029,-4.20987606048584,-130.382568359375,4.797453880310059
2026-04-02 13:04:09.498,1988.504573896,633584648,left_foot,左脚,D4:22:CD:00:84:61,0.15615415573120117,0.4834170639514923,-0.09951404482126236,0.8555821776390076,-2.156438503432714,-59.12456897075064,160.53658525123967,9.636703491210938,-1.1903631687164307,5.41856050491333,-16.313600540161133,-72.03761291503906,15.78561782836914
2026-04-02 13:04:09.529,1988.535610333,633617982,left_foot,左脚,D4:22:CD:00:84:61,0.1538727730512619,0.49311190843582153,-0.10579308867454529,0.8496893644332886,-3.2653033651502463,-60.52155778011547,161.3761929563735,8.4634370803833,-1.2762097120285034,5.77447509765625,-11.493050575256348,-41.50615692138672,10.62252426147461
2026-04-02 13:04:09.589,1988.595276199,633651316,left_foot,左脚,D4:22:CD:00:84:61,0.15285801887512207,0.4998602867126465,-0.10730095207691193,0.8457309007644653,-3.4390137895135755,-61.437739373668556,161.553711933274,7.835071086883545,-1.296484112739563,5.813586235046387,-0.5846797823905945,-26.669261932373047,0.8865445256233215
2026-04-02 13:04:09.619,1988.625401947,633684650,left_foot,左脚,D4:22:CD:00:84:61,0.15313702821731567,0.5051277875900269,-0.10618480294942856,0.8426860570907593,-2.972052973131615,-62.11032109071299,161.1905979364312,7.679291725158691,-0.20743903517723083,6.028578281402588,4.355618476867676,-18.981279373168945,-6.387613296508789
2026-04-02 13:04:09.649,1988.655607587,633717984,left_foot,左脚,D4:22:CD:00:84:61,0.1534755378961563,0.5088772773742676,-0.10634559392929077,0.8403450846672058,-2.8076851446919915,-62.611516662383,161.00753303306348,7.6257758140563965,0.5885539650917053,5.716058254241943,0.01619047299027443,-14.059131622314453,-3.402150869369507
2026-04-02 13:04:09.679,1988.685542418,633751318,left_foot,左脚,D4:22:CD:00:84:61,0.1533958911895752,0.5097720623016357,-0.107699453830719,0.8396446108818054,-3.063852980292447,-62.759863102424355,161.162445906316,7.712835788726807,0.0793113112449646,5.718661308288574,-3.5834033489227295,-3.765350103378296,1.8381118774414062
2026-04-02 13:04:09.708,1988.71440245,633784652,left_foot,左脚,D4:22:CD:00:84:61,0.1541217714548111,0.5095846652984619,-0.10877732187509537,0.8394865393638611,-3.2010929667061445,-62.7614540052529,161.14656925010877,7.796483039855957,-0.1982652246952057,5.780651569366455,-4.570728302001953,0.7145464420318604,-0.2784613370895386
2026-04-02 13:04:09.739,1988.745524733,633817986,left_foot,左脚,D4:22:CD:00:84:61,0.15473051369190216,0.5106674432754517,-0.10911340266466141,0.8386725783348083,-3.1461764312087235,-62.914961841499405,161.0186451606525,7.651827335357666,-0.2516098916530609,5.724851608276367,-1.7945414781570435,-3.7854044437408447,-2.058915615081787
2026-04-02 13:04:09.768,1988.774519715,633851320,left_foot,左脚,D4:22:CD:00:84:61,0.15417101979255676,0.5134044289588928,-0.11021742969751358,0.8369583487510681,-3.3417840200968563,-63.301217993258255,161.18609255246844,7.610325336456299,0.6298842430114746,5.7513651847839355,-1.4163782596588135,-11.017122268676758,1.5662448406219482
2026-04-02 13:04:09.798,1988.804486484,633884654,left_foot,左脚,D4:22:CD:00:84:61,0.1532152146100998,0.5161342024803162,-0.11230496317148209,0.8351756930351257,-3.80939827476039,-63.70678663973797,161.5764337477772,7.762816429138184,-0.178208127617836,5.596303939819336,-3.557183265686035,-11.819961547851562,4.437362194061279
2026-04-02 13:04:09.828,1988.834372483,633917988,left_foot,左脚,D4:22:CD:00:84:61,0.1524556428194046,0.5188547372817993,-0.11408187448978424,0.833386242389679,-4.194640591564165,-64.10519929599818,161.89360463413925,7.759562015533447,-0.05333586782217026,5.568918704986572,-3.0235090255737305,-11.593948364257812,3.3229379653930664
2026-04-02 13:04:09.888,1988.894591814,633951322,left_foot,左脚,D4:22:CD:00:84:61,0.15160180628299713,0.5215182304382324,-0.11551821976900101,0.8316797614097595,-4.530721806546131,-64.48836004970265,162.19758096643747,7.73227596282959,-0.15124185383319855,5.443234920501709,-1.8738161325454712,-11.166858673095703,3.0581204891204834
2026-04-02 13:04:09.918,1988.924218645,633984656,left_foot,左脚,D4:22:CD:00:84:61,0.15001210570335388,0.5247127413749695,-0.1181761622428894,0.8295827507972717,-5.239758022222141,-64.96382442598747,162.83727147978405,7.62944221496582,0.5747416019439697,5.737363338470459,-3.9232654571533203,-14.339400291442871,6.946949005126953
2026-04-02 13:04:09.948,1988.954513695,634017990,left_foot,左脚,D4:22:CD:00:84:61,0.14757753908634186,0.528721809387207,-0.1224309653043747,0.8268524408340454,-6.443618643271883,-65.57257103156891,163.91369411109076,7.831830978393555,-0.43558603525161743,5.606518268585205,-6.773330211639404,-19.00275230407715,11.606493949890137
2026-04-02 13:04:10.008,1989.014337763,634051324,left_foot,左脚,D4:22:CD:00:84:61,0.14538250863552094,0.5346890687942505,-0.12573640048503876,0.8228986859321594,-7.394160454106631,-66.42671196471805,164.80665179852545,7.673543930053711,-0.3915248215198517,5.715004920959473,-4.042656421661377,-26.235328674316406,7.741910457611084
2026-04-02 13:04:10.009,1989.015594215,634084658,left_foot,左脚,D4:22:CD:00:84:61,0.14235429465770721,0.5438255667686462,-0.12895044684410095,0.816921591758728,-8.465845831710855,-67.70440746944972,165.91438639694465,7.679837226867676,-0.08574020862579346,5.995485782623291,-1.5473238229751587,-39.265594482421875,7.548505783081055
2026-04-02 13:04:10.038,1989.044278849,634117992,left_foot,左脚,D4:22:CD:00:84:61,0.13713064789772034,0.5569871068000793,-0.13335809111595154,0.8081932663917542,-10.346707239638537,-69.53422998739785,167.93251223242154,8.19085693359375,-0.3748234212398529,6.655951976776123,-0.032702598720788956,-57.31697463989258,12.833056449890137
2026-04-02 13:04:10.069,1989.075517662,634151326,left_foot,左脚,D4:22:CD:00:84:61,0.13226979970932007,0.5728738307952881,-0.1360521763563156,0.7973770499229431,-12.044655589010127,-71.72894890087349,169.88577300947887,8.570948600769043,-1.2969160079956055,6.263349533081055,4.334661960601807,-67.9599838256836,6.292273044586182
2026-04-02 13:04:10.098,1989.10453301,634184660,left_foot,左脚,D4:22:CD:00:84:61,0.12741170823574066,0.5936580896377563,-0.1384022831916809,0.7824200987815857,-14.265298672152944,-74.63298273405023,172.39921406839187,8.441008567810059,-0.13245736062526703,6.747280120849609,5.55299711227417,-89.4338150024414,1.421118140220642
2026-04-02 13:04:10.128,1989.134460979,634217994,left_foot,左脚,D4:22:CD:00:84:61,0.12171144783496857,0.621216893196106,-0.14081276953220367,0.7612147927284241,-18.521919393350373,-78.53195210956156,177.0170100935952,8.793739318847656,-0.9488723278045654,6.651068210601807,7.104976177215576,-120.91342163085938,-2.140979528427124
2026-04-02 13:04:10.189,1989.195452206,634251328,left_foot,左脚,D4:22:CD:00:84:61,0.11441263556480408,0.6573638916015625,-0.1443716138601303,0.7307116389274597,-32.778252531548276,-83.57673174816028,-168.3430114439522,9.402995109558105,0.13776253163814545,8.225719451904297,6.5766472816467285,-164.61349487304688,-3.560778856277466
2026-04-02 13:04:10.218,1989.22460146,634284662,left_foot,左脚,D4:22:CD:00:84:61,0.10091061890125275,0.7037580013275146,-0.1510763317346573,0.6868170499801636,-118.93096078965723,-85.7086221578489,-81.61133005716336,10.277450561523438,2.2163403034210205,9.201916694641113,10.099687576293945,-225.1549072265625,8.815153121948242
2026-04-02 13:04:10.249,1989.255538682,634317996,left_foot,左脚,D4:22:CD:00:84:61,0.07669055461883545,0.758551836013794,-0.16771452128887177,0.6249717473983765,-155.74692682763086,-76.87349189721041,-44.2894229169037,12.359728813171387,2.305866003036499,9.26587200164795,6.289780616760254,-297.8251647949219,47.68499755859375
2026-04-02 13:04:10.278,1989.284287924,634351330,left_foot,左脚,D4:22:CD:00:84:61,0.04233173280954361,0.8090681433677673,-0.1767771691083908,0.5588979125022888,-160.8455596489501,-66.82968285667614,-37.354133274465575,10.459772109985352,0.21689416468143463,5.127277374267578,45.533504486083984,-303.7182312011719,51.112327575683594
2026-04-02 13:04:10.308,1989.314536349,634384664,left_foot,左脚,D4:22:CD:00:84:61,0.011177544482052326,0.8422715663909912,-0.17565509676933289,0.5095087289810181,-161.566924012063,-59.56631939399919,-34.17132843312931,9.669856071472168,1.365316390991211,3.793470621109009,63.799766540527344,-220.4669189453125,29.56244468688965
2026-04-02 13:04:10.339,1989.345421671,634417998,left_foot,左脚,D4:22:CD:00:84:61,0.011157735250890255,0.8516565561294556,-0.1662299782037735,0.4969148635864258,-163.88139826686066,-58.223739707104016,-31.105648326000065,10.251119613647461,5.055787086486816,5.102351188659668,9.577581405639648,-53.06950378417969,-33.195926666259766
2026-04-02 13:04:10.368,1989.374563685,634451332,left_foot,左脚,D4:22:CD:00:84:61,0.02429324947297573,0.8469582200050354,-0.16447125375270844,0.5049959421157837,-165.65862557036095,-59.70186116928256,-30.23827295798225,5.317775726318359,1.1231478452682495,4.1306843757629395,-30.56671142578125,38.60452651977539,-24.37285614013672
2026-04-02 13:04:10.399,1989.405335347,634484666,left_foot,左脚,D4:22:CD:00:84:61,0.032778672873973846,0.8326352834701538,-0.14915142953395844,0.5323514938354492,-166.40836236737522,-63.67422882106135,-28.775304302019947,6.975393772125244,-0.2815849781036377,2.3985700607299805,16.576251983642578,109.90996551513672,-48.71384048461914
2026-04-02 13:04:10.428,1989.434523964,634518000,left_foot,左脚,D4:22:CD:00:84:61,0.05202624201774597,0.8016095161437988,-0.14372363686561584,0.577978253364563,-165.78028660480382,-70.31872127913579,-30.371307412329834,6.7680487632751465,2.3533425331115723,2.521061658859253,-24.82473373413086,197.22837829589844,-29.43598747253418
2026-04-02 13:04:10.488,1989.494483363,634551334,left_foot,左脚,D4:22:CD:00:84:61,0.06992887705564499,0.7597686052322388,-0.14159324765205383,0.6307242512702942,-159.6040728863043,-78.01769786953541,-37.69500079502831,6.943012237548828,-2.2000677585601807,2.03208589553833,-26.11930274963379,237.12799072265625,-11.0120267868042
2026-04-02 13:04:10.518,1989.524386729,634584668,left_foot,左脚,D4:22:CD:00:84:61,0.08110624551773071,0.7127308249473572,-0.1336597502231598,0.683792233467102,-127.58218965104999,-85.13729705542978,-69.90342517095587,7.736732006072998,-0.2379535734653473,2.561720371246338,2.821246385574341,247.37579345703125,-8.973607063293457
2026-04-02 13:04:10.548,1989.554614106,634618002,left_foot,左脚,D4:22:CD:00:84:61,0.09590249508619308,0.6631280779838562,-0.12388298660516739,0.7319269180297852,-31.084714233609244,-83.97916147417803,-166.82155846584558,10.040426254272461,0.11275095492601395,3.4749155044555664,-4.754305839538574,243.4823455810547,-22.17570686340332
2026-04-02 13:04:10.578,1989.584589271,634651336,left_foot,左脚,D4:22:CD:00:84:61,0.11307269334793091,0.6117392778396606,-0.10881882905960083,0.7753373980522156,-7.599171517128589,-76.70963870257202,169.42189982450117,11.308605194091797,1.6900227069854736,4.119898319244385,0.5479325652122498,239.972412109375,-40.97416687011719
2026-04-02 13:04:10.608,1989.6146298,634684670,left_foot,左脚,D4:22:CD:00:84:61,0.13177895545959473,0.5581052303314209,-0.08917662501335144,0.8143711090087891,0.2930850263787728,-68.8299707334876,161.41571430229868,13.816580772399902,1.8267312049865723,4.538764476776123,7.023453235626221,239.16448974609375,-55.493804931640625
2026-04-02 13:04:10.669,1989.67545592,634718004,left_foot,左脚,D4:22:CD:00:84:61,0.15305811166763306,0.4977320432662964,-0.06895048916339874,0.8509301543235779,4.046617487728769,-60.24748564098106,157.25768148569426,13.580521583557129,2.265199661254883,5.7914276123046875,-0.03659757971763611,254.48435974121094,-62.764549255371094
2026-04-02 13:04:10.670,1989.676699222,634751338,left_foot,左脚,D4:22:CD:00:84:61,0.17011089622974396,0.43917956948280334,-0.041102103888988495,0.881189227104187,7.182542920698532,-51.997533233866356,154.6407964563786,14.657803535461426,0.4683398902416229,6.247759819030762,28.94342613220215,241.48963928222656,-67.13438415527344
2026-04-02 13:04:10.698,1989.704456934,634784672,left_foot,左脚,D4:22:CD:00:84:61,0.1786019504070282,0.3847581446170807,-0.007881964556872845,0.9055389165878296,9.926050670974416,-44.39830281729302,153.62616393337655,15.807815551757812,-1.0050435066223145,4.1895751953125,59.65011215209961,222.13804626464844,-53.36641311645508
2026-04-02 13:04:10.759,1989.765433521,634818006,left_foot,左脚,D4:22:CD:00:84:61,0.1708858758211136,0.3433409631252289,0.030163491144776344,0.9230414032936096,12.786579211894129,-38.5741291917318,154.53185449470107,15.018706321716309,-1.4158962965011597,-1.7272396087646484,103.86945343017578,175.34759521484375,-13.894140243530273
2026-04-02 13:04:10.789,1989.795408775,634851340,left_foot,左脚,D4:22:CD:00:84:61,0.15830957889556885,0.32612144947052,0.046759240329265594,0.9308042526245117,13.661941964275648,-36.32078687238253,156.1947976397496,14.25446605682373,-0.8010262250900269,-8.553006172180176,56.63249206542969,75.24166107177734,23.497432708740234
2026-04-02 13:04:10.818,1989.824482342,634884674,left_foot,左脚,D4:22:CD:00:84:61,0.15595203638076782,0.3383290469646454,0.026402615010738373,0.9276396632194519,11.3511476067283,-38.27669605646564,156.96311807726877,11.466900825500488,2.2550013065338135,-3.0298011302948,-55.29629135131836,-52.51019287109375,30.96343421936035
2026-04-02 13:04:10.848,1989.854284767,634918008,left_foot,左脚,D4:22:CD:00:84:61,0.16839155554771423,0.36304089426994324,-0.031143339350819588,0.915901780128479,5.0743404512702375,-42.49360344541239,157.19057226164088,0.0918390154838562,2.622073173522949,12.658763885498047,-183.69854736328125,-123.64564514160156,23.693525314331055
2026-04-02 13:04:10.878,1989.884412699,634951342,left_foot,左脚,D4:22:CD:00:84:61,0.19196905195713043,0.39706191420555115,-0.065475694835186,0.8950992226600647,2.983039489346457,-47.388250035601715,154.4813116245554,9.419707298278809,-7.8206868171691895,5.124488353729248,-120.0228042602539,-149.8176727294922,-46.754852294921875
2026-04-02 13:04:10.909,1989.915401533,634984676,left_foot,左脚,D4:22:CD:00:84:61,0.18747006356716156,0.4332441985607147,-0.08242708444595337,0.8777017593383789,1.6637853155921196,-52.318737892785734,155.06923937883002,8.748604774475098,-6.23178768157959,8.856815338134766,-26.0811767578125,-146.59323120117188,17.29705238342285
2026-04-02 13:04:10.938,1989.944436005,635018010,left_foot,左脚,D4:22:CD:00:84:61,0.18433231115341187,0.4649689495563507,-0.09656018763780594,0.86052405834198,0.5461462189726535,-56.702594160808424,155.52414892454658,14.730610847473145,6.050329208374023,5.5756306648254395,-22.49289894104004,-130.60675048828125,10.25926685333252
2026-04-02 13:04:10.968,1989.974304356,635051344,left_foot,左脚,D4:22:CD:00:84:61,0.17982740700244904,0.4817837178707123,-0.10999297350645065,0.8505576252937317,-1.5491220383683781,-59.21892523975439,157.00471355745873,9.545334815979004,-1.9851208925247192,5.526045799255371,-25.186965942382812,-74.87287139892578,22.898866653442383
2026-04-02 13:04:10.999,1990.005430799,635084678,left_foot,左脚,D4:22:CD:00:84:61,0.17731046676635742,0.49234887957572937,-0.11700792610645294,0.8440751433372498,-2.6912702462295446,-60.76832684319765,157.8514807016931,9.176618576049805,-1.8777810335159302,5.517153263092041,-12.317729949951172,-46.108638763427734,10.874773979187012
2026-04-02 13:04:11.058,1990.06438646,635118012,left_foot,左脚,D4:22:CD:00:84:61,0.1770385503768921,0.4970727562904358,-0.11825617402791977,0.841184675693512,-2.7493796700831954,-61.417798852395464,157.86283507571153,8.157088279724121,-1.6190156936645508,5.791979789733887,-1.5557231903076172,-18.6755428314209,-0.9334210157394409
2026-04-02 13:04:11.088,1990.094325989,635151346,left_foot,左脚,D4:22:CD:00:84:61,0.17793524265289307,0.49894559383392334,-0.11604835838079453,0.8401936292648315,-2.1026964676333324,-61.608583619292446,157.3390428560242,7.640526294708252,-0.23710550367832184,5.951954364776611,5.468534469604492,-4.641765594482422,-7.929910182952881
2026-04-02 13:04:11.118,1990.124406377,635184680,left_foot,左脚,D4:22:CD:00:84:61,0.17865675687789917,0.5005553960800171,-0.11408121138811111,0.8393518924713135,-1.532824533037192,-61.76891424298795,156.88458463781168,7.49838924407959,0.11884783953428268,5.961540699005127,4.96966028213501,-3.885637044906616,-6.8083815574646
2026-04-02 13:04:11.148,1990.154466947,635218014,left_foot,左脚,D4:22:CD:00:84:61,0.17892630398273468,0.5025147795677185,-0.11347825080156326,0.8382046222686768,-1.2709583751681637,-62.0099227797824,156.66439436060494,7.185887813568115,0.3642168343067169,6.018157482147217,1.929063320159912,-6.477104663848877,-3.449424982070923
2026-04-02 13:04:11.178,1990.184419505,635251348,left_foot,左脚,D4:22:CD:00:84:61,0.17914482951164246,0.5049964189529419,-0.11338973790407181,0.8366771936416626,-1.0867127627783397,-62.333363668859,156.48651611413018,7.324366569519043,-0.016883671283721924,6.053128719329834,0.7241840362548828,-9.019312858581543,-2.825948715209961
2026-04-02 13:04:11.208,1990.214388957,635284682,left_foot,左脚,D4:22:CD:00:84:61,0.1790732741355896,0.5074349045753479,-0.11405090242624283,0.8351258039474487,-1.0930504664597591,-62.67172453240814,156.46057451578244,7.549840450286865,0.15874400734901428,5.864049911499023,-0.959856390953064,-9.551531791687012,-0.6757151484489441
2026-04-02 13:04:11.238,1990.244672417,635318016,left_foot,左脚,D4:22:CD:00:84:61,0.17900967597961426,0.5112170577049255,-0.11479182541370392,0.8327279090881348,-1.0360175609458528,-63.189969271737056,156.37301594810987,7.448958396911621,-0.011804606765508652,5.900810241699219,-0.6898481249809265,-14.966814041137695,-1.5905983448028564
2026-04-02 13:04:11.299,1990.305630484,635351350,left_foot,左脚,D4:22:CD:00:84:61,0.17859265208244324,0.5151734352111816,-0.1163717582821846,0.8301559686660767,-1.1922525078736828,-63.75542266505557,156.459328094471,7.595776557922363,0.23550871014595032,5.714154243469238,-2.428593158721924,-16.463184356689453,0.7337779402732849
2026-04-02 13:04:11.300,1990.306165089,635384684,left_foot,左脚,D4:22:CD:00:84:61,0.17819182574748993,0.5177929997444153,-0.11769498884677887,0.8284239172935486,-1.3753447950203699,-64.13817184143439,156.58331601219015,7.812546730041504,0.08399385213851929,5.5841217041015625,-2.195364236831665,-11.026082992553711,1.3000165224075317
2026-04-02 13:04:11.328,1990.334349232,635418018,left_foot,左脚,D4:22:CD:00:84:61,0.17797306180000305,0.5185528993606567,-0.118564672768116,0.8278713822364807,-1.5486222751950003,-64.26246476561401,156.7074526849294,7.803328037261963,0.024794872850179672,5.553765296936035,-1.885703444480896,-3.306363105773926,1.4582113027572632
2026-04-02 13:04:11.389,1990.395634105,635451352,left_foot,左脚,D4:22:CD:00:84:61,0.177958145737648,0.5187764763832092,-0.1193387359380722,0.8276233077049255,-1.7046537670982143,-64.31326804725371,156.8014319434558,7.596531391143799,0.1098487451672554,5.83104133605957,-2.1691782474517822,-1.1265618801116943,1.1265650987625122
2026-04-02 13:04:11.419,1990.425710465,635484686,left_foot,左脚,D4:22:CD:00:84:61,0.17778676748275757,0.5194659233093262,-0.11984792351722717,0.8271539807319641,-1.799201905204475,-64.41839076070126,156.8725151688324,7.797150611877441,-0.12635619938373566,5.637239456176758,-0.9368613958358765,-2.7808094024658203,0.7805566191673279
2026-04-02 13:04:11.448,1990.454389938,635518020,left_foot,左脚,D4:22:CD:00:84:61,0.17749814689159393,0.5203922390937805,-0.12076567113399506,0.8264998197555542,-1.9866368637893481,-64.56586314063583,157.01380137949684,7.708620071411133,0.15144923329353333,5.537048816680908,-1.8128671646118164,-4.110410213470459,1.6402088403701782
2026-04-02 13:04:11.478,1990.484711684,635551354,left_foot,左脚,D4:22:CD:00:84:61,0.1764468103647232,0.5230617523193359,-0.1236930787563324,0.824604868888855,-2.632242325451571,-64.99742805482782,157.521282018517,7.276869297027588,0.6117169857025146,6.0821452140808105,-5.600036144256592,-12.857034683227539,5.939568996429443
2026-04-02 13:04:11.508,1990.514549164,635584688,left_foot,左脚,D4:22:CD:00:84:61,0.17503927648067474,0.5292709469795227,-0.12844431400299072,0.8202046751976013,-3.575358860728403,-65.94948288024668,158.22658840847433,7.6611504554748535,-0.12788359820842743,5.884214878082275,-9.02795696258545,-28.699447631835938,7.230526924133301
2026-04-02 13:04:11.538,1990.544649321,635618022,left_foot,左脚,D4:22:CD:00:84:61,0.1723824441432953,0.5384460687637329,-0.13437610864639282,0.8138202428817749,-4.922959330607074,-67.32770713758218,159.36073977554875,7.748363494873047,0.144403874874115,5.919793605804443,-9.16424560546875,-41.97640609741211,10.410213470458984
2026-04-02 13:04:11.568,1990.574603595,635651356,left_foot,左脚,D4:22:CD:00:84:61,0.16854609549045563,0.549881100654602,-0.13963249325752258,0.8060557842254639,-6.3651765591796075,-68.99330525675151,160.75575123423766,8.018412590026855,-0.6301867365837097,6.121260166168213,-4.385537147521973,-51.04145812988281,10.602334976196289
2026-04-02 13:04:11.599,1990.605632063,635684690,left_foot,左脚,D4:22:CD:00:84:61,0.16380542516708374,0.5640509128570557,-0.1430225372314453,0.7965921759605408,-7.6006447947344915,-70.99543671032484,162.18511261451863,8.30065631866455,-1.0459716320037842,6.5236592292785645,3.2477211952209473,-61.24272918701172,7.265007495880127
2026-04-02 13:04:11.628,1990.63462716,635718024,left_foot,左脚,D4:22:CD:00:84:61,0.15890911221504211,0.5825347304344177,-0.1445687860250473,0.7839012145996094,-8.448388188123777,-73.58619058348866,163.4047210674174,8.45947265625,-0.30421197414398193,6.924729347229004,9.420599937438965,-78.42334747314453,0.1533535271883011
2026-04-02 13:04:11.688,1990.69449084,635751358,left_foot,左脚,D4:22:CD:00:84:61,0.15262679755687714,0.6077593564987183,-0.1479685753583908,0.7651398181915283,-10.654613862250361,-77.21561350400248,165.95464029687858,8.527411460876465,-0.5757580399513245,6.845403671264648,7.8854570388793945,-110.55143737792969,0.9526340365409851
2026-04-02 13:04:11.718,1990.724631707,635784692,left_foot,左脚,D4:22:CD:00:84:61,0.14591413736343384,0.6408056020736694,-0.15043070912361145,0.7385445237159729,-14.77111535756926,-82.0655756915627,170.52046203214348,9.209702491760254,-0.9579323530197144,7.1402692794799805,11.36433219909668,-147.34474182128906,-7.974427700042725
2026-04-02 13:04:11.748,1990.754597182,635818026,left_foot,左脚,D4:22:CD:00:84:61,0.13844041526317596,0.6822373270988464,-0.15250930190086365,0.7015179991722107,-47.99190165494805,-88.06592680087057,-155.75629535191067,9.377034187316895,-0.4054459035396576,7.921901702880859,12.782731056213379,-192.00125122070312,-16.478534698486328
2026-04-02 13:04:11.778,1990.784366075,635851360,left_foot,左脚,D4:22:CD:00:84:61,0.12542228400707245,0.732218325138092,-0.15760713815689087,0.6506039500236511,-170.04533192946062,-82.88670404710022,-33.089199677279844,11.089313507080078,1.6807208061218262,8.84699535369873,15.37038803100586,-249.83419799804688,-7.0864338874816895
2026-04-02 13:04:11.808,1990.814624905,635884694,left_foot,左脚,D4:22:CD:00:84:61,0.10444951057434082,0.7850149869918823,-0.1703067123889923,0.5863766670227051,-172.98653577091196,-72.98059016853682,-29.671722753955407,11.149083137512207,2.808539628982544,7.862853050231934,12.48311996459961,-297.6239013671875,22.66582489013672
2026-04-02 13:04:11.838,1990.844600131,635918028,left_foot,左脚,D4:22:CD:00:84:61,0.06757545471191406,0.8360891938209534,-0.17434050142765045,0.5157460570335388,-171.71352402068138,-62.372550646530975,-28.578270853286938,8.458236694335938,-1.5937671661376953,4.488022804260254,68.69331359863281,-317.9717102050781,30.095443725585938
2026-04-02 13:04:11.869,1990.875616174,635951362,left_foot,左脚,D4:22:CD:00:84:61,0.027752108871936798,0.8619325757026672,-0.14933188259601593,0.4837378263473511,-169.67553513902146,-57.37180073126289,-25.318029754558555,15.357425689697266,3.991948127746582,3.9750497341156006,145.84718322753906,-157.01283264160156,-24.039608001708984
2026-04-02 13:04:11.899,1990.905894727,635984696,left_foot,左脚,D4:22:CD:00:84:61,0.04092805087566376,0.8510550856590271,-0.15696129202842712,0.49939316511154175,-170.07590717378588,-59.64039414897555,-26.597222552433205,8.217141151428223,7.500787734985352,6.674737930297852,-44.12150192260742,69.14708709716797,8.024849891662598
2026-04-02 13:04:11.929,1990.935630798,636018030,left_foot,左脚,D4:22:CD:00:84:61,0.04307013750076294,0.8321924805641174,-0.16206778585910797,0.5285213589668274,-167.17480859194268,-63.33215703207365,-29.971614978646652,2.603394031524658,-3.4220237731933594,4.335035800933838,-1.2328778505325317,116.47792053222656,25.82647132873535
2026-04-02 13:04:11.988,1990.994699985,636051364,left_foot,左脚,D4:22:CD:00:84:61,0.03227027878165245,0.8075318336486816,-0.1535608172416687,0.5685684084892273,-160.77984312411695,-68.15364767047505,-34.601760045855826,6.947991847991943,1.4457614421844482,2.9694173336029053,65.51667022705078,153.0164337158203,15.332746505737305
2026-04-02 13:04:12.018,1991.024401444,636084698,left_foot,左脚,D4:22:CD:00:84:61,0.04264833405613899,0.7622472047805786,-0.1546904444694519,0.6270816922187805,-148.42795997161303,-75.73742407231481,-47.74034822512206,7.508331775665283,1.6736751794815063,2.752192974090576,-4.631353378295898,254.7622833251953,13.771251678466797
2026-04-02 13:04:12.049,1991.055561444,636118032,left_foot,左脚,D4:22:CD:00:84:61,0.05718524754047394,0.7127795815467834,-0.1506851464509964,0.6826193332672119,-116.35108952666036,-82.03302744427494,-80.59481687809951,5.29210901260376,-1.8606034517288208,3.5347564220428467,-6.703063488006592,258.86920166015625,-6.795856475830078
2026-04-02 13:04:12.079,1991.085556064,636151366,left_foot,左脚,D4:22:CD:00:84:61,0.07145646214485168,0.6645712852478027,-0.1384037584066391,0.7308102250099182,-53.8576982563784,-82.36323198119626,-143.24824406114453,8.30656623840332,0.3472917675971985,4.1016058921813965,9.663192749023438,239.29647827148438,-28.539968490600586
2026-04-02 13:04:12.108,1991.114528539,636184700,left_foot,左脚,D4:22:CD:00:84:61,0.088493213057518,0.6143660545349121,-0.11749579012393951,0.7751891016960144,-18.65492810109267,-76.72890365574672,-178.20941788097943,12.68082332611084,-1.027380108833313,4.646695137023926,22.683509826660156,239.00894165039062,-55.132530212402344
2026-04-02 13:04:12.138,1991.144423778,636218034,left_foot,左脚,D4:22:CD:00:84:61,0.1101599931716919,0.5527414083480835,-0.09330333024263382,0.8207533955574036,-4.827371217436442,-68.10755425861117,167.97485273583462,14.409075736999512,2.3308603763580322,5.42479944229126,18.68895149230957,274.9696350097656,-69.3666000366211
2026-04-02 13:04:12.168,1991.174528398,636251368,left_foot,左脚,D4:22:CD:00:84:61,0.13517706096172333,0.48806408047676086,-0.07126334309577942,0.8593266010284424,1.0570294873758954,-59.10159322184917,161.52131025218253,13.8347749710083,0.6788175702095032,6.702676296234131,2.9295899868011475,270.6578063964844,-76.21057891845703
2026-04-02 13:04:12.199,1991.205525165,636284702,left_foot,左脚,D4:22:CD:00:84:61,0.1586531400680542,0.42790064215660095,-0.04032468423247337,0.8888781666755676,5.803520814240063,-50.669067932341044,157.0106234634557,16.622800827026367,0.08365920186042786,6.558929443359375,31.67721939086914,246.0745086669922,-91.84074401855469
2026-04-02 13:04:12.228,1991.234535874,636318036,left_foot,左脚,D4:22:CD:00:84:61,0.16819213330745697,0.3710881173610687,-0.00010729418136179447,0.9132387042045593,9.759630779767372,-42.67354006782653,155.30925711307822,19.267797470092773,-0.1006103977560997,1.4522675275802612,81.62727355957031,231.6725616455078,-66.15739440917969
2026-04-02 13:04:12.288,1991.294530262,636351370,left_foot,左脚,D4:22:CD:00:84:61,0.15750913321971893,0.3329170346260071,0.03384914621710777,0.9290918707847595,12.19906958892529,-37.44197815277121,156.60822141621853,15.382185935974121,-2.906273603439331,-4.799304962158203,98.3831558227539,159.1160125732422,0.3820578157901764
2026-04-02 13:04:12.318,1991.324533554,636384704,left_foot,左脚,D4:22:CD:00:84:61,0.15236681699752808,0.32446902990341187,0.03967580571770668,0.9327003359794617,12.400733969844413,-36.38258855529572,157.35480898571694,16.67951774597168,-1.4158854484558105,-11.132914543151855,19.607683181762695,34.815956115722656,11.496049880981445
2026-04-02 13:04:12.348,1991.354561448,636418038,left_foot,左脚,D4:22:CD:00:84:61,0.14857366681098938,0.34447771310806274,0.004786578007042408,0.9269510507583618,8.298498311534564,-39.58375604765098,158.79706090495304,6.361762046813965,1.1294654607772827,4.990636348724365,-96.28404235839844,-87.8262710571289,51.470829010009766
2026-04-02 13:04:12.378,1991.384495007,636451372,left_foot,左脚,D4:22:CD:00:84:61,0.14790117740631104,0.37127184867858887,-0.04106093570590019,0.9157492518424988,2.7492614371713486,-43.79892191698245,160.54560907357578,2.589223861694336,-0.7332391738891602,9.653984069824219,-131.3494415283203,-121.69097137451172,51.809051513671875
2026-04-02 13:04:12.408,1991.414517229,636484706,left_foot,左脚,D4:22:CD:00:84:61,0.1573614478111267,0.40440741181373596,-0.06257091462612152,0.8987641334533691,1.2750748671438303,-48.29896829076945,159.56618430373638,8.976786613464355,-5.071747303009033,6.820216655731201,-65.28604125976562,-135.3000030517578,-15.348143577575684
2026-04-02 13:04:12.438,1991.444502633,636518040,left_foot,左脚,D4:22:CD:00:84:61,0.15261296927928925,0.4393327832221985,-0.07233046740293503,0.8823063373565674,0.613320758724602,-52.87581008588886,160.0682761460092,10.026652336120605,-2.015188217163086,7.788513660430908,-8.235045433044434,-136.7646942138672,11.760329246520996
2026-04-02 13:04:12.469,1991.475299526,636551374,left_foot,左脚,D4:22:CD:00:84:61,0.1510530561208725,0.4633629024028778,-0.08317235112190247,0.8692297339439392,-0.47409657369902397,-56.16704388618437,160.5363702447428,13.036368370056152,3.7669403553009033,5.7527995109558105,-21.207000732421875,-98.29536437988281,8.238908767700195
2026-04-02 13:04:12.499,1991.505571575,636584708,left_foot,左脚,D4:22:CD:00:84:61,0.14852185547351837,0.47812139987945557,-0.09237124025821686,0.8607025146484375,-1.850459118042376,-58.26378573949458,161.45040507303327,8.81735897064209,-0.9072113037109375,5.9300761222839355,-18.178728103637695,-62.6839714050293,13.671882629394531
2026-04-02 13:04:12.529,1991.535567657,636618042,left_foot,左脚,D4:22:CD:00:84:61,0.1470758020877838,0.488583505153656,-0.0983985960483551,0.8543843626976013,-2.778628244687321,-59.74826728160463,162.0617082806874,8.161988258361816,-1.1014617681503296,5.97605562210083,-12.09932804107666,-44.373985290527344,7.684687614440918
2026-04-02 13:04:12.588,1991.594310115,636651376,left_foot,左脚,D4:22:CD:00:84:61,0.1476474553346634,0.4955039322376251,-0.09840703010559082,0.8502896428108215,-2.4595207128251735,-60.65709049920652,161.7373612571664,8.123294830322266,-2.100125789642334,5.840360641479492,1.103864312171936,-26.52664566040039,-6.106131076812744
2026-04-02 13:04:12.619,1991.625406482,636684710,left_foot,左脚,D4:22:CD:00:84:61,0.14909031987190247,0.49946847558021545,-0.09495780616998672,0.848107635974884,-1.4393667836032944,-61.10662892719632,160.9091756914917,7.8356781005859375,0.31520915031433105,5.8247971534729,8.826809883117676,-12.596407890319824,-12.639521598815918
2026-04-02 13:04:12.649,1991.655566519,636718044,left_foot,左脚,D4:22:CD:00:84:61,0.15025997161865234,0.5016364455223083,-0.09312498569488525,0.8468238115310669,-0.8329035683627783,-61.351956730306895,160.3704606925408,7.398473262786865,0.586609959602356,6.037806510925293,3.9766056537628174,-6.759676933288574,-7.982940673828125
2026-04-02 13:04:12.679,1991.685514014,636751378,left_foot,左脚,D4:22:CD:00:84:61,0.15104515850543976,0.5039398670196533,-0.09231305867433548,0.8454042673110962,-0.46414370987676684,-61.63664810299754,160.0170210750752,7.4215168952941895,0.2972742021083832,6.037708759307861,1.7111834287643433,-8.073139190673828,-5.184503555297852
2026-04-02 13:04:12.708,1991.714289145,636784712,left_foot,左脚,D4:22:CD:00:84:61,0.15170826017856598,0.5071772336959839,-0.09188412129878998,0.8433940410614014,-0.13485807562860527,-62.05274119680218,159.68667984706755,7.4312663078308105,0.42039918899536133,6.048121452331543,1.1292057037353516,-12.080513000488281,-4.7458391189575195
2026-04-02 13:04:12.738,1991.744436181,636818046,left_foot,左脚,D4:22:CD:00:84:61,0.1519276648759842,0.5106863975524902,-0.09215157479047775,0.841204822063446,0.017146645984253795,-62.521544565726195,159.5142518070724,7.575562000274658,0.3137721121311188,5.714745044708252,-0.017230991274118423,-13.713563919067383,-2.4021763801574707
2026-04-02 13:04:12.769,1991.775557263,636851380,left_foot,左脚,D4:22:CD:00:84:61,0.15201252698898315,0.514408528804779,-0.09277437627315521,0.8388498425483704,0.09418112489644001,-63.028051213304614,159.3994292266746,7.492502212524414,0.5541365742683411,5.699123382568359,-0.7437183260917664,-14.870570182800293,-1.5301332473754883
2026-04-02 13:04:12.799,1991.805530582,636884714,left_foot,左脚,D4:22:CD:00:84:61,0.15203514695167542,0.5172701478004456,-0.09392134100198746,0.8369563817977905,0.00901346150785008,-63.43447959733238,159.40312478641852,7.638325214385986,0.20562119781970978,5.724830627441406,-2.429682970046997,-11.891550064086914,0.11611859500408173
2026-04-02 13:04:12.859,1991.865441843,636918048,left_foot,左脚,D4:22:CD:00:84:61,0.15223409235477448,0.5180196166038513,-0.0949888676404953,0.8363358974456787,-0.14987155019527879,-63.55956484926602,159.46021108624032,7.797359466552734,0.4199148714542389,5.566135406494141,-3.19769549369812,-3.4745237827301025,0.824457049369812
2026-04-02 13:04:12.888,1991.894512768,636951382,left_foot,左脚,D4:22:CD:00:84:61,0.15219520032405853,0.5177774429321289,-0.09643221646547318,0.8363277912139893,-0.4750445290095224,-63.56193781196989,159.66664501497362,7.537949562072754,0.5674172043800354,5.9282073974609375,-4.160412788391113,0.1719028651714325,2.8398120403289795
2026-04-02 13:04:12.918,1991.92456576,636984716,left_foot,左脚,D4:22:CD:00:84:61,0.15203562378883362,0.5186350345611572,-0.09775649011135101,0.8356713056564331,-0.7350498809227675,-63.70715814320898,159.8343522463174,7.677901268005371,0.04898088052868843,5.789316177368164,-3.2450859546661377,-4.1508283615112305,2.280482053756714
2026-04-02 13:04:12.948,1991.954351562,637018050,left_foot,左脚,D4:22:CD:00:84:61,0.15200746059417725,0.520750880241394,-0.09874555468559265,0.8342431783676147,-0.8420535395756161,-64.01198966401103,159.87314803889365,7.641369342803955,0.10989557206630707,5.870750427246094,-2.1054556369781494,-8.948286056518555,0.48576781153678894
2026-04-02 13:04:12.978,1991.984409337,637051384,left_foot,左脚,D4:22:CD:00:84:61,0.1521598845720291,0.5245938897132874,-0.09920524060726166,0.8317495584487915,-0.7174317655759539,-64.53541820588325,159.71892439602843,7.486613750457764,0.06053628399968147,5.908931732177734,-0.38447996973991394,-15.496729850769043,-2.1337759494781494
2026-04-02 13:04:13.008,1992.014489864,637084718,left_foot,左脚,D4:22:CD:00:84:61,0.15202291309833527,0.5328785181045532,-0.10024924576282501,0.8263653516769409,-0.5097638048549378,-65.66962316534105,159.48114050731368,7.3846282958984375,0.2020253688097,6.273375511169434,-0.17877952754497528,-33.85124969482422,-3.2677977085113525
2026-04-02 13:04:13.068,1992.074595978,637118052,left_foot,左脚,D4:22:CD:00:84:61,0.15094491839408875,0.5469288229942322,-0.10044404864311218,0.8173100352287292,0.13880871569749717,-67.56959440069393,158.9795944993573,7.5278401374816895,0.13185429573059082,6.574844837188721,5.702160358428955,-56.88315963745117,-6.059708118438721
2026-04-02 13:04:13.069,1992.075682172,637151386,left_foot,左脚,D4:22:CD:00:84:61,0.14757369458675385,0.5650317072868347,-0.10026668012142181,0.8055482506752014,0.8774544312584134,-70.0370939731036,158.6226148302835,8.144169807434082,0.3219574987888336,6.512725353240967,12.229764938354492,-74.01759338378906,-3.118107557296753
2026-04-02 13:04:13.129,1992.13541311,637184720,left_foot,左脚,D4:22:CD:00:84:61,0.1432458907365799,0.5868110060691833,-0.10007274150848389,0.790644645690918,1.9412490282270591,-73.0555812699919,158.0235725092459,8.307856559753418,-0.12491673231124878,6.764256000518799,14.927774429321289,-90.68733215332031,-3.356579542160034
2026-04-02 13:04:13.159,1992.165397065,637218054,left_foot,左脚,D4:22:CD:00:84:61,0.13838830590248108,0.6156061887741089,-0.09969697892665863,0.7693751454353333,4.369465811722076,-77.12489050148154,156.12233970481293,8.484180450439453,0.2031237632036209,7.287601470947266,17.742897033691406,-122.78512573242188,-7.848801612854004
2026-04-02 13:04:13.188,1992.194310459,637251388,left_foot,左脚,D4:22:CD:00:84:61,0.13253557682037354,0.6537606120109558,-0.10029593110084534,0.7382223606109619,11.396475053236763,-82.66957055221192,149.612057939105,8.667988777160645,-0.21375812590122223,7.836637496948242,18.368804931640625,-169.41220092773438,-11.055381774902344
2026-04-02 13:04:13.219,1992.225547296,637284722,left_foot,左脚,D4:22:CD:00:84:61,0.12598256766796112,0.7046933174133301,-0.09836848080158234,0.6912737488746643,106.78813434372886,-87.51205559939503,54.95157682589371,9.505975723266602,0.4539955258369446,10.151442527770996,26.65719985961914,-236.71055603027344,-26.611845016479492
2026-04-02 13:04:13.249,1992.255412296,637318056,left_foot,左脚,D4:22:CD:00:84:61,0.11521948128938675,0.7656611204147339,-0.1015983372926712,0.6246322393417358,165.61930955299636,-78.50017739504864,-3.3471944039181563,12.622673034667969,2.70559024810791,10.923832893371582,22.36410140991211,-312.4131164550781,-16.00417709350586
2026-04-02 13:04:13.279,1992.285404104,637351390,left_foot,左脚,D4:22:CD:00:84:61,0.09197703748941422,0.8273599743843079,-0.11349359899759293,0.5423421263694763,175.78579055657647,-66.67907611477285,-12.848575379952935,12.482004165649414,3.3105595111846924,8.881002426147461,31.594928741455078,-363.5096435546875,27.281055450439453
2026-04-02 13:04:13.308,1992.314518688,637384724,left_foot,左脚,D4:22:CD:00:84:61,0.044168755412101746,0.8722545504570007,-0.09176094084978104,0.47833186388015747,-178.85831579962257,-57.41143971725629,-12.63603938436711,5.618496417999268,-3.855185031890869,4.3547234535217285,166.14295959472656,-279.11810302734375,-10.224900245666504
2026-04-02 13:04:13.369,1992.375460996,637418058,left_foot,左脚,D4:22:CD:00:84:61,0.029675427824258804,0.8740498423576355,-0.08629975467920303,0.47718843817710876,-176.78543105360092,-57.065721242500416,-13.025782274718107,17.288816452026367,11.800239562988281,6.397885322570801,52.49301528930664,-11.462413787841797,7.116012096405029
2026-04-02 13:04:13.370,1992.37674359,637451392,left_foot,左脚,D4:22:CD:00:84:61,0.04102037474513054,0.8520721197128296,-0.11649882048368454,0.5086439251899719,-174.20791900671392,-61.2063542581254,-18.998644082425084,2.195873260498047,-1.9347909688949585,5.795559406280518,-75.9581069946289,129.25942993164062,82.26202392578125
2026-04-02 13:04:13.399,1992.40542405,637484726,left_foot,左脚,D4:22:CD:00:84:61,0.028909478336572647,0.8239831924438477,-0.12554959952831268,0.5517730116844177,-166.86000179948775,-66.42858099440771,-25.951785253334958,3.503554105758667,-0.21007855236530304,4.13878059387207,33.16202163696289,167.66172790527344,65.4462661743164
2026-04-02 13:04:13.458,1992.464434746,637518060,left_foot,左脚,D4:22:CD:00:84:61,0.03364528715610504,0.7800155282020569,-0.14328326284885406,0.6082054376602173,-154.71982170384555,-73.42774703877953,-39.8065400007642,6.915523529052734,2.7538235187530518,3.830212116241455,-26.96196174621582,241.91249084472656,66.32286834716797
2026-04-02 13:04:13.488,1992.494477947,637551394,left_foot,左脚,D4:22:CD:00:84:61,0.04790263995528221,0.7244374752044678,-0.1501600295305252,0.671079695224762,-125.63341001037193,-80.64367635880025,-70.5224152002616,6.039409637451172,-0.4554699957370758,4.147006511688232,-28.039297103881836,289.4325256347656,23.744308471679688
2026-04-02 13:04:13.518,1992.52431203,637584728,left_foot,左脚,D4:22:CD:00:84:61,0.05850234627723694,0.6661726832389832,-0.14951133728027344,0.7283118367195129,-64.15969307253854,-81.06165062856051,-132.80868236356915,8.384904861450195,2.0018653869628906,5.0184526443481445,-4.95142126083374,280.8045654296875,13.885372161865234
2026-04-02 13:04:13.548,1992.554339785,637618062,left_foot,左脚,D4:22:CD:00:84:61,0.061106957495212555,0.6011154651641846,-0.1356024295091629,0.7851994037628174,-30.10829680634423,-73.85550939853883,-166.04370228104267,13.528596878051758,0.5517436265945435,5.157673358917236,45.07660675048828,295.5684814453125,7.064729690551758
2026-04-02 13:04:13.578,1992.584399712,637651396,left_foot,左脚,D4:22:CD:00:84:61,0.06998942792415619,0.5311650633811951,-0.11193875223398209,0.8369200229644775,-15.386919756214104,-64.79019597325431,-179.76260190486207,14.711371421813965,2.874223232269287,6.402479648590088,55.1461181640625,303.0994567871094,-28.631677627563477
2026-04-02 13:04:13.608,1992.614488759,637684730,left_foot,左脚,D4:22:CD:00:84:61,0.09596341103315353,0.4639623165130615,-0.07756268233060837,0.8772194981575012,-4.822670607649475,-55.98384997386064,170.07838259964322,16.551746368408203,0.7463418245315552,7.839266300201416,51.1692008972168,283.5423583984375,-100.91716766357422
2026-04-02 13:04:13.639,1992.64531187,637718064,left_foot,左脚,D4:22:CD:00:84:61,0.12398859113454819,0.400888055562973,-0.03537292033433914,0.9070087671279907,2.984142302071311,-47.39087127888235,163.12186534399734,19.194042205810547,-0.7196919918060303,4.973047733306885,70.05545806884766,257.65447998046875,-123.9654769897461
2026-04-02 13:04:13.668,1992.67441272,637751398,left_foot,左脚,D4:22:CD:00:84:61,0.1342671811580658,0.3460067808628082,-0.0055846767500042915,0.9285582900047302,6.194562703118581,-40.09632545426311,161.2819589248768,21.339431762695312,0.6388857960700989,-4.001987934112549,58.255680084228516,213.68075561523438,-55.870994567871094
2026-04-02 13:04:13.699,1992.705447282,637784732,left_foot,左脚,D4:22:CD:00:84:61,0.13711024820804596,0.32319721579551697,0.012971697375178337,0.9362565279006958,8.126734651692308,-36.98699789577454,160.61486849170282,18.144338607788086,-5.592098236083984,-13.047677993774414,45.679290771484375,90.10881805419922,-25.812908172607422
2026-04-02 13:04:13.729,1992.735407406,637818066,left_foot,左脚,D4:22:CD:00:84:61,0.14453107118606567,0.3395492732524872,-0.011401986703276634,0.9293477535247803,5.713745579099682,-39.37657029244864,160.27450262993275,13.069994926452637,0.33720096945762634,-8.079804420471191,-78.47493743896484,-71.85891723632812,1.7676321268081665
2026-04-02 13:04:13.788,1992.794405482,637851400,left_foot,左脚,D4:22:CD:00:84:61,0.15548090636730194,0.36813223361968994,-0.05482442304491997,0.9150401949882507,1.1206532737408295,-43.6902942391259,160.26388484337136,2.98260235786438,-0.8079074621200562,12.717581748962402,-137.673828125,-128.75038146972656,8.490592956542969
2026-04-02 13:04:13.818,1992.824523515,637884734,left_foot,左脚,D4:22:CD:00:84:61,0.17772047221660614,0.4115773141384125,-0.07065099477767944,0.8910827040672302,1.792448444317146,-49.341882083123686,156.61809549631576,9.330806732177734,-7.028439521789551,5.833502292633057,-59.02466583251953,-171.0384521484375,-70.33611297607422
2026-04-02 13:04:13.849,1992.855477318,637918068,left_foot,左脚,D4:22:CD:00:84:61,0.1780482530593872,0.4524257183074951,-0.08028460294008255,0.8701520562171936,2.12012023114931,-54.681112386141706,155.77555656469352,15.237060546875,-0.005352066829800606,7.6657280921936035,-10.010444641113281,-160.24102783203125,-9.9158353805542
2026-04-02 13:04:13.879,1992.885402641,637951402,left_foot,左脚,D4:22:CD:00:84:61,0.1733272671699524,0.4732546806335449,-0.09276067465543747,0.8587101697921753,0.5084876878134957,-57.664768283328584,156.89688134220447,12.236218452453613,2.676894426345825,5.025184154510498,-20.201383590698242,-88.5322494506836,21.083589553833008
2026-04-02 13:04:13.909,1992.915482138,637984736,left_foot,左脚,D4:22:CD:00:84:61,0.16903522610664368,0.4868639409542084,-0.10323280841112137,0.8507253527641296,-1.2545993624472365,-59.6863036848165,158.24370628259467,8.681794166564941,-1.6386232376098633,5.7301201820373535,-18.161405563354492,-60.2159309387207,20.930927276611328
2026-04-02 13:04:13.939,1992.945338144,638018070,left_foot,左脚,D4:22:CD:00:84:61,0.16715356707572937,0.49525874853134155,-0.10679984092712402,0.8457968235015869,-1.7765438974942886,-60.86564879599052,158.68526982264683,8.448335647583008,-1.5250928401947021,5.706387042999268,-4.033201694488525,-34.98839569091797,5.802670955657959
2026-04-02 13:04:13.969,1992.97538285,638051404,left_foot,左脚,D4:22:CD:00:84:61,0.16675153374671936,0.5010861754417419,-0.1064118891954422,0.8424861431121826,-1.4691926970992453,-61.61886986273898,158.48470921837747,7.5464396476745605,-0.0740150734782219,6.005364894866943,4.011486530303955,-21.977256774902344,-3.437601089477539
2026-04-02 13:04:13.998,1993.004400333,638084738,left_foot,左脚,D4:22:CD:00:84:61,0.16667479276657104,0.5050099492073059,-0.10680702328681946,0.8401052355766296,-1.3629036329867965,-62.144281423971,158.37803475224555,7.8275532722473145,0.3322749137878418,5.812351226806641,0.43176424503326416,-15.231184959411621,-1.799195408821106
2026-04-02 13:04:14.028,1993.034438691,638118072,left_foot,左脚,D4:22:CD:00:84:61,0.1670694351196289,0.5047436356544495,-0.10738354921340942,0.8401133418083191,-1.4430120521763679,-62.12439155520563,158.37439433496556,7.709570407867432,-0.06266763061285019,5.740126609802246,-2.3929436206817627,1.0537546873092651,0.09483423829078674
2026-04-02 13:04:14.088,1993.094524877,638151406,left_foot,左脚,D4:22:CD:00:84:61,0.16812993586063385,0.5023992657661438,-0.10653986036777496,0.8414137363433838,-1.2550597277101272,-61.796661067298324,158.1512539588338,7.557398319244385,-0.0006807894678786397,5.881035327911377,-0.1901169717311859,10.328411102294922,-2.8041276931762695
2026-04-02 13:04:14.118,1993.124447226,638184740,left_foot,左脚,D4:22:CD:00:84:61,0.16908279061317444,0.500987708568573,-0.10631492733955383,0.8420924544334412,-1.161285584663081,-61.60713275490743,157.98560587571015,7.363182067871094,0.23221057653427124,5.927292823791504,-1.4758622646331787,6.128312587738037,-2.1177167892456055
2026-04-02 13:04:14.148,1993.154408599,638218074,left_foot,左脚,D4:22:CD:00:84:61,0.16933701932430267,0.502410888671875,-0.10715106874704361,0.8410868048667908,-1.2244884023160332,-61.81553459162,157.9665795719809,7.368632793426514,0.1811867654323578,5.98546028137207,-2.2943294048309326,-5.882004261016846,-0.2669292986392975
2026-04-02 13:04:14.178,1993.184406593,638251408,left_foot,左脚,D4:22:CD:00:84:61,0.16907110810279846,0.5052171349525452,-0.10818339884281158,0.8393254280090332,-1.3232856274883138,-62.21024561047533,158.0202966509527,7.527442932128906,0.053947027772665024,5.9270782470703125,-1.4362285137176514,-11.51966667175293,0.6265550255775452
2026-04-02 13:04:14.208,1993.214421678,638284742,left_foot,左脚,D4:22:CD:00:84:61,0.16838191449642181,0.5084255933761597,-0.1099683940410614,0.8372920751571655,-1.6144683901680472,-62.67720769054045,158.24177574120128,7.575855255126953,0.6081122159957886,5.843155860900879,-2.73547625541687,-13.769369125366211,2.851050615310669
2026-04-02 13:04:14.238,1993.244370735,638318076,left_foot,左脚,D4:22:CD:00:84:61,0.16691067814826965,0.5124899744987488,-0.11317158490419388,0.8346778154373169,-2.275302446783414,-63.291804112501474,158.78582376366933,7.433345794677734,0.1541662961244583,5.909030914306641,-5.156377792358398,-18.38673210144043,6.9448747634887695
2026-04-02 13:04:14.268,1993.274528785,638351410,left_foot,左脚,D4:22:CD:00:84:61,0.16575634479522705,0.5184739828109741,-0.11650755256414413,0.8307439684867859,-2.853753503499648,-64.16621953983558,159.22140015005292,7.6900811195373535,-0.06708524376153946,6.0030951499938965,-5.508484363555908,-26.197032928466797,4.7617926597595215
2026-04-02 13:04:14.298,1993.304515863,638384744,left_foot,左脚,D4:22:CD:00:84:61,0.16438370943069458,0.5257782340049744,-0.12106363475322723,0.8257596492767334,-3.7084864556128623,-65.24881790481876,159.8570518073406,7.645100116729736,0.21468450129032135,5.722293853759766,-8.257888793945312,-32.64670181274414,6.436933517456055
2026-04-02 13:04:14.358,1993.364398667,638418078,left_foot,左脚,D4:22:CD:00:84:61,0.16201895475387573,0.5365723967552185,-0.12653839588165283,0.8184304237365723,-4.847240796592976,-66.82355487338369,160.80333987180725,7.2967987060546875,0.2689513862133026,6.231982231140137,-8.065738677978516,-47.74872970581055,8.140329360961914
2026-04-02 13:04:14.389,1993.395546878,638451412,left_foot,左脚,D4:22:CD:00:84:61,0.15714512765407562,0.552627444267273,-0.1333065629005432,0.8075506091117859,-6.711521464092981,-69.138813584609,162.6037796633524,8.078794479370117,-0.2298230081796646,6.985318660736084,-5.675784111022949,-70.95819091796875,13.32795524597168
2026-04-02 13:04:14.419,1993.425563629,638484746,left_foot,左脚,D4:22:CD:00:84:61,0.15184460580348969,0.5718356966972351,-0.13729651272296906,0.7944162487983704,-8.20965447571651,-71.85037065874674,164.31116215373208,8.465471267700195,-1.915232539176941,6.873072147369385,3.518441915512085,-82.74546813964844,6.5487895011901855
2026-04-02 13:04:14.448,1993.454293118,638518080,left_foot,左脚,D4:22:CD:00:84:61,0.1468706578016281,0.5970480442047119,-0.13859114050865173,0.7763733863830566,-9.098101568989883,-75.41471748395092,165.6149184433776,8.632877349853516,-0.3912808299064636,7.6501240730285645,10.961069107055664,-107.29349517822266,-5.116592884063721
2026-04-02 13:04:14.508,1993.514398336,638551414,left_foot,左脚,D4:22:CD:00:84:61,0.13998323678970337,0.6310257315635681,-0.14190515875816345,0.7497164011001587,-12.466467167904192,-80.37008793421043,169.3889169975058,8.652288436889648,0.4217967391014099,7.260639667510986,9.867477416992188,-150.41079711914062,-4.37769889831543
2026-04-02 13:04:14.509,1993.515490585,638584748,left_foot,左脚,D4:22:CD:00:84:61,0.1302865594625473,0.6739222407341003,-0.14797696471214294,0.7120093107223511,-36.26632939683031,-86.59671406673573,-166.43916328666108,9.41678237915039,0.07078379392623901,8.582890510559082,7.803744792938232,-200.22328186035156,-0.8096210956573486
2026-04-02 13:04:14.568,1993.574293403,638618082,left_foot,左脚,D4:22:CD:00:84:61,0.11367758363485336,0.7279835939407349,-0.15606485307216644,0.6578460335731506,-159.86806972372267,-83.35591930911133,-42.1609669517397,11.604888916015625,2.1351616382598877,10.140374183654785,15.52431869506836,-270.4071044921875,7.734246730804443
2026-04-02 13:04:14.569,1993.575502878,638651416,left_foot,左脚,D4:22:CD:00:84:61,0.08464652299880981,0.7872003316879272,-0.1721382737159729,0.5861051082611084,-167.07832515806743,-72.15816132717045,-34.10375032473007,12.247333526611328,2.4844412803649902,10.006991386413574,21.387916564941406,-336.324951171875,46.26033020019531
2026-04-02 13:04:14.598,1993.604536886,638684750,left_foot,左脚,D4:22:CD:00:84:61,0.04261042922735214,0.8375977873802185,-0.17880918085575104,0.5144335031509399,-166.4474944501743,-61.284328050415574,-32.15382583272486,7.539133071899414,0.9112270474433899,5.407712459564209,73.09546661376953,-323.5009460449219,52.26092529296875
2026-04-02 13:04:14.628,1993.634511744,638718084,left_foot,左脚,D4:22:CD:00:84:61,0.02399284951388836,0.8591095805168152,-0.17825202643871307,0.4791465699672699,-166.497431937374,-56.287416164576705,-30.690233777287187,12.878532409667969,5.233176231384277,6.135992527008057,36.561607360839844,-151.86050415039062,13.029183387756348
2026-04-02 13:04:14.688,1993.694307244,638751418,left_foot,左脚,D4:22:CD:00:84:61,0.03911249339580536,0.8521982431411743,-0.18098872900009155,0.489358514547348,-167.96086529707122,-58.01843039248684,-30.673478756546736,7.378457069396973,2.0063321590423584,6.953324794769287,-42.696006774902344,49.561092376708984,-11.681975364685059
2026-04-02 13:04:14.718,1993.724580216,638784752,left_foot,左脚,D4:22:CD:00:84:61,0.044908467680215836,0.8292744159698486,-0.16892483830451965,0.5308027863502502,-166.37186921793753,-63.57718396947758,-31.498099600754596,5.690451622009277,-1.2911444902420044,4.522462844848633,26.818700790405273,164.14639282226562,-25.17250633239746
2026-04-02 13:04:14.748,1993.754549842,638818086,left_foot,左脚,D4:22:CD:00:84:61,0.04190416261553764,0.7891719341278076,-0.1600741744041443,0.5914629101753235,-157.45635995984267,-71.25300953725102,-39.189594919482964,6.109584808349609,2.835785150527954,3.920325756072998,54.544795989990234,244.7784881591797,13.139610290527344
2026-04-02 13:04:14.809,1993.815301214,638851420,left_foot,左脚,D4:22:CD:00:84:61,0.04604141786694527,0.7359022498130798,-0.15743376314640045,0.6569194197654724,-133.6500352499738,-78.91810975054906,-62.972880862090314,6.040142059326172,-0.6402722001075745,3.9498353004455566,23.24070930480957,287.68292236328125,23.600372314453125
2026-04-02 13:04:14.810,1993.816353327,638884754,left_foot,左脚,D4:22:CD:00:84:61,0.05798081308603287,0.6793224811553955,-0.1414511650800705,0.7177402377128601,-73.40958747168665,-82.54928829314451,-122.83868743737135,6.921064853668213,-1.126713514328003,5.0300703048706055,30.4363956451416,289.7702941894531,-26.670286178588867
2026-04-02 13:04:14.838,1993.844524327,638918088,left_foot,左脚,D4:22:CD:00:84:61,0.07773938030004501,0.6208394169807434,-0.11630294471979141,0.7713550925254822,-22.305304203890934,-77.3845449217285,-173.56408869052487,10.092514991760254,-0.7556170225143433,5.545783519744873,30.845321655273438,283.2586364746094,-67.85093688964844
2026-04-02 13:04:14.868,1993.874589072,638951422,left_foot,左脚,D4:22:CD:00:84:61,0.10155212134122849,0.5603366494178772,-0.09527916461229324,0.8164753913879395,-6.7330490890570935,-69.12396529212394,170.4611112949012,12.309335708618164,0.8475267291069031,6.998973846435547,7.243586540222168,270.9839782714844,-71.17216491699219
2026-04-02 13:04:14.899,1993.905510411,638984756,left_foot,左脚,D4:22:CD:00:84:61,0.13445788621902466,0.49523764848709106,-0.06927171349525452,0.8554896116256714,1.679224676255575,-59.9935745625771,161.16628654511334,16.854856491088867,0.6263769865036011,8.401050567626953,0.11369835585355759,276.9473571777344,-106.8875503540039
2026-04-02 13:04:14.959,1993.965567065,639018090,left_foot,左脚,D4:22:CD:00:84:61,0.16694428026676178,0.4218144416809082,-0.04102203994989395,0.8902357220649719,6.039951466392209,-49.88254684612678,155.94658801527402,20.840471267700195,0.6384784579277039,6.964221954345703,2.5158133506774902,295.32330322265625,-109.43991088867188
2026-04-02 13:04:14.989,1993.995538739,639051424,left_foot,左脚,D4:22:CD:00:84:61,0.18063056468963623,0.3537207245826721,-0.02025284804403782,0.9175207018852234,6.899144898750056,-41.0265463386607,155.14143515355525,20.32132911682129,0.2454984486103058,0.04280555248260498,8.847564697265625,261.4210205078125,-45.94715881347656
2026-04-02 13:04:15.018,1994.024529359,639084758,left_foot,左脚,D4:22:CD:00:84:61,0.17754754424095154,0.32182618975639343,0.0058353315107524395,0.9299843311309814,8.969482105869792,-36.620669274717145,155.4093575444881,18.543201446533203,-5.7143659591674805,-12.40227222442627,67.30684661865234,131.613037109375,-11.375322341918945
2026-04-02 13:04:15.048,1994.054397183,639118092,left_foot,左脚,D4:22:CD:00:84:61,0.1611325442790985,0.3271157443523407,0.0021915698889642954,0.9311429262161255,7.931136844785339,-37.479428067271826,157.67012363312037,20.47872543334961,-1.1136360168457031,-15.682805061340332,9.808778762817383,-17.08761215209961,57.671085357666016
2026-04-02 13:04:15.078,1994.084485151,639151426,left_foot,左脚,D4:22:CD:00:84:61,0.13742035627365112,0.35414624214172363,-0.04402044415473938,0.9239904284477234,1.228690588100646,-41.801660026208644,162.6121721854069,2.5843420028686523,0.9538995623588562,14.07865047454834,-106.19331359863281,-119.19052124023438,124.45947265625
2026-04-02 13:04:15.109,1994.115519972,639184760,left_foot,左脚,D4:22:CD:00:84:61,0.13637936115264893,0.3931286036968231,-0.07110447436571121,0.9065290093421936,-1.8246050443973802,-47.06771791219388,163.6837183417809,4.264011383056641,-5.09263801574707,6.830951690673828,-68.96871948242188,-157.45127868652344,22.266155242919922
2026-04-02 13:04:15.139,1994.145595955,639218094,left_foot,左脚,D4:22:CD:00:84:61,0.14032123982906342,0.43209126591682434,-0.08126463741064072,0.8871319890022278,-2.1401011611372986,-52.13416728320905,163.07051542956148,10.938650131225586,-2.6738200187683105,7.1191301345825195,-23.498159408569336,-150.83035278320312,-17.275527954101562
2026-04-02 13:04:15.168,1994.174397881,639251428,left_foot,左脚,D4:22:CD:00:84:61,0.14261746406555176,0.4687337279319763,-0.08261925727128983,0.8678267002105713,-1.0159751528551686,-56.83776491310194,161.88479344005881,15.529963493347168,0.07307906448841095,6.054751873016357,4.613170623779297,-139.80474853515625,-24.79987335205078
2026-04-02 13:04:15.198,1994.204587625,639284762,left_foot,左脚,D4:22:CD:00:84:61,0.14254291355609894,0.4864678382873535,-0.08764078468084335,0.8575254678726196,-1.3021809831009332,-59.23830501190778,161.86484512460214,10.14273738861084,2.2419276237487793,5.252054691314697,-9.114494323730469,-71.22744750976562,-1.83012855052948
2026-04-02 13:04:15.258,1994.264391239,639318096,left_foot,左脚,D4:22:CD:00:84:61,0.14124397933483124,0.49676764011383057,-0.092715322971344,0.8512792587280273,-2.0511511746948066,-60.68797461047219,162.3594445807675,8.470145225524902,-0.6154688000679016,5.641579627990723,-9.622933387756348,-42.92909240722656,6.141977787017822
2026-04-02 13:04:15.288,1994.294466999,639351430,left_foot,左脚,D4:22:CD:00:84:61,0.14106939733028412,0.5036861896514893,-0.09421145915985107,0.8470678925514221,-2.1103227261873236,-61.62950214480769,162.34848124578227,8.079179763793945,-1.3898563385009766,5.869811058044434,-2.077449083328247,-27.497089385986328,-1.2145158052444458
2026-04-02 13:04:15.318,1994.324404983,639384764,left_foot,左脚,D4:22:CD:00:84:61,0.14179830253124237,0.5087938904762268,-0.091489776968956,0.8441872000694275,-1.2523566154059693,-62.2491124839289,161.68626950580466,7.787066459655762,0.0988447368144989,5.8559393882751465,8.151126861572266,-17.6229305267334,-9.966877937316895
2026-04-02 13:04:15.348,1994.354546539,639418098,left_foot,左脚,D4:22:CD:00:84:61,0.14179696142673492,0.5118364691734314,-0.09175188839435577,0.842317521572113,-1.1745143617652452,-62.657625381074055,161.60361712389692,7.8373589515686035,1.1177541017532349,5.672050476074219,0.1049066111445427,-11.588544845581055,-1.449636697769165
2026-04-02 13:04:15.380,1994.386314628,639451432,left_foot,左脚,D4:22:CD:00:84:61,0.14125734567642212,0.5131380558013916,-0.09310312569141388,0.841467559337616,-1.4718246458735076,-62.85828771719592,161.84065658887954,7.693079471588135,-0.04784446209669113,5.659581661224365,-2.5905277729034424,-5.492563724517822,3.121232509613037
2026-04-02 13:04:15.408,1994.414713278,639484766,left_foot,左脚,D4:22:CD:00:84:61,0.1410989761352539,0.5147690176963806,-0.09272854030132294,0.8405389189720154,-1.3431241317576295,-63.06668489702395,161.76568728444067,7.719413757324219,-0.1733265370130539,5.660152435302734,1.8595499992370605,-5.66127347946167,-1.1737473011016846
2026-04-02 13:04:15.438,1994.444611706,639518100,left_foot,左脚,D4:22:CD:00:84:61,0.1405916064977646,0.5172019600868225,-0.09272409230470657,0.8391296863555908,-1.3031151964251502,-63.38938506734861,161.7821653416134,7.402980804443359,0.753194272518158,5.730899333953857,1.6495015621185303,-9.155501365661621,0.010773355141282082
2026-04-02 13:04:15.468,1994.474615976,639551434,left_foot,左脚,D4:22:CD:00:84:61,0.13831526041030884,0.5206426382064819,-0.09584113210439682,0.8370272517204285,-2.139345331400899,-63.90900725421037,162.56835293333276,7.47151517868042,0.8311399817466736,5.4413933753967285,-3.9169251918792725,-15.403997421264648,10.04743480682373
2026-04-02 13:04:15.498,1994.504523736,639584768,left_foot,左脚,D4:22:CD:00:84:61,0.13692091405391693,0.5235357284545898,-0.09974056482315063,0.8349942564964294,-3.074525275918378,-64.3706757043135,163.31054070497981,7.909900188446045,-0.2612285614013672,5.727917671203613,-7.950827598571777,-13.81779670715332,9.159269332885742
2026-04-02 13:04:15.559,1994.565674931,639618102,left_foot,左脚,D4:22:CD:00:84:61,0.13680467009544373,0.5244503617286682,-0.10117020457983017,0.8342669010162354,-3.3731902014717754,-64.52112237020673,163.50438609454,7.738895416259766,-0.08204357326030731,5.563687324523926,-3.6629245281219482,-4.218003273010254,2.3228838443756104
2026-04-02 13:04:15.589,1994.595600679,639651436,left_foot,左脚,D4:22:CD:00:84:61,0.13618145883083344,0.5264060497283936,-0.10257945209741592,0.8329640626907349,-3.706614966914873,-64.80889293240024,163.7828787703217,7.24553918838501,0.7105238437652588,6.075070381164551,-2.390519380569458,-8.437999725341797,3.1181740760803223
2026-04-02 13:04:15.622,1994.628335128,639684770,left_foot,左脚,D4:22:CD:00:84:61,0.13547225296497345,0.5322704911231995,-0.10557451844215393,0.82896888256073,-4.287614137445082,-65.65449915908827,164.20405940383213,7.9734344482421875,-0.3359237611293793,6.130520820617676,-5.874265670776367,-25.318771362304688,3.6261308193206787
2026-04-02 13:04:15.648,1994.654638165,639718104,left_foot,左脚,D4:22:CD:00:84:61,0.13613775372505188,0.5432343482971191,-0.10673937201499939,0.821565568447113,-4.061171765842068,-67.17108831237783,163.8799521155233,7.537567615509033,-1.031040906906128,6.7168192863464355,-2.0394959449768066,-44.77296447753906,-7.095473766326904
2026-04-02 13:04:15.679,1994.685720851,639751438,left_foot,左脚,D4:22:CD:00:84:61,0.13369843363761902,0.5633752942085266,-0.10564303398132324,0.8084384799003601,-3.3659033778608367,-69.91045457580617,163.57225582645952,7.59269905090332,0.6182794570922852,8.421958923339844,12.280913352966309,-81.52848052978516,-8.641825675964355
2026-04-02 13:04:15.709,1994.715727193,639784772,left_foot,左脚,D4:22:CD:00:84:61,0.12730292975902557,0.5922437310218811,-0.10783082246780396,0.7882982492446899,-3.9938504446465615,-73.98374834346727,164.6621351084616,8.211889266967773,-0.08546030521392822,8.816269874572754,12.327680587768555,-122.42620086669922,2.3591325283050537
2026-04-02 13:04:15.738,1994.744925343,639818106,left_foot,左脚,D4:22:CD:00:84:61,0.12041739374399185,0.6338265538215637,-0.11046507954597473,0.7560167908668518,-4.775487726250832,-80.05384337080677,165.91166288067382,8.622907638549805,-0.2612486779689789,9.221792221069336,13.171795845031738,-182.14344787597656,-5.441263675689697
2026-04-02 13:04:15.768,1994.774549484,639851440,left_foot,左脚,D4:22:CD:00:84:61,0.11009865999221802,0.6890971064567566,-0.11410678923130035,0.7071091532707214,-21.668115666454085,-88.50477077972398,-176.57744829422657,9.154698371887207,1.1858817338943481,11.489197731018066,17.354949951171875,-255.9447784423828,-6.4210076332092285
2026-04-02 13:04:15.799,1994.805587811,639884774,left_foot,左脚,D4:22:CD:00:84:61,0.09189479798078537,0.7585738301277161,-0.12232924997806549,0.6333694458007812,-175.08695914086502,-79.54496148774685,-22.4117128783913,12.57253646850586,2.1779143810272217,14.41910171508789,20.66868019104004,-354.7384033203125,8.692452430725098
2026-04-02 13:04:15.858,1994.864422898,639918108,left_foot,左脚,D4:22:CD:00:84:61,0.059221915900707245,0.8328036665916443,-0.14068211615085602,0.5321084856987,-173.17429864222407,-64.54813600155461,-23.49021794871614,12.718626022338867,4.244760036468506,14.860066413879395,26.447607040405273,-447.108642578125,56.09700393676758
2026-04-02 13:04:15.888,1994.89456902,639951442,left_foot,左脚,D4:22:CD:00:84:61,0.017455309629440308,0.8756905794143677,-0.12648573517799377,0.4656853973865509,-171.23317609599133,-55.085610075439824,-21.016596623746572,13.546088218688965,0.7162593603134155,8.11747932434082,122.51667022705078,-287.17718505859375,1.7041875123977661
2026-04-02 13:04:15.918,1994.924558664,639984776,left_foot,左脚,D4:22:CD:00:84:61,0.04391961172223091,0.8646662831306458,-0.1366928666830063,0.4813924729824066,-174.0352315326887,-57.61780184711055,-21.2492298262445,9.699703216552734,12.948528289794922,14.982023239135742,-89.2878646850586,74.66899108886719,-5.727212429046631
2026-04-02 13:04:15.948,1994.954576356,640018110,left_foot,左脚,D4:22:CD:00:84:61,0.05644752457737923,0.8379855155944824,-0.1490882933139801,0.5218878984451294,-172.26020364202725,-63.062348362881536,-24.929440801118268,2.289372444152832,-6.371160507202148,9.026124000549316,-41.99408721923828,167.1949462890625,34.92181396484375
2026-04-02 13:04:15.978,1994.984419062,640051444,left_foot,左脚,D4:22:CD:00:84:61,0.04261110723018646,0.7931029200553894,-0.15009106695652008,0.5887654423713684,-160.19469786166235,-71.20800124812808,-35.68275578897019,3.798095703125,3.2647058963775635,6.975612163543701,64.14810943603516,264.6924133300781,63.98854446411133
2026-04-02 13:04:16.009,1995.015617154,640084778,left_foot,左脚,D4:22:CD:00:84:61,0.03614991903305054,0.7330697178840637,-0.150257408618927,0.6623629927635193,-129.39318007050014,-79.1064642815567,-65.8243157382137,5.5832624435424805,-1.285529613494873,5.824818134307861,46.90019989013672,317.7343444824219,55.749446868896484
2026-04-02 13:04:16.038,1995.04423996,640118112,left_foot,左脚,D4:22:CD:00:84:61,0.04105304554104805,0.665568470954895,-0.13127276301383972,0.7335535883903503,-60.02171945274841,-80.83668419664941,-134.02146340206258,8.71394157409668,0.20534738898277283,6.1060590744018555,59.50704574584961,336.9949645996094,-14.851099014282227
2026-04-02 13:04:16.069,1995.075313069,640151446,left_foot,左脚,D4:22:CD:00:84:61,0.048194192349910736,0.5910162329673767,-0.10455174744129181,0.7984023094177246,-21.476716109686212,-72.51866308708699,-171.0705387179851,11.674342155456543,1.6188279390335083,7.3501482009887695,70.09684753417969,342.3939514160156,-35.81049346923828
2026-04-02 13:04:16.098,1995.104396323,640184780,left_foot,左脚,D4:22:CD:00:84:61,0.06312774866819382,0.5121710300445557,-0.07161581516265869,0.8535614609718323,-7.058847697834546,-62.05288631014338,175.7896809441297,18.19680404663086,-0.011495634913444519,9.093270301818848,67.108642578125,338.3531188964844,-69.76945495605469
2026-04-02 13:04:16.129,1995.135513531,640218114,left_foot,左脚,D4:22:CD:00:84:61,0.0850987508893013,0.4236562252044678,-0.023552462458610535,0.9015094041824341,2.6519131865774144,-50.16286307851226,167.97361750099554,22.839536666870117,-2.563567638397217,6.772310256958008,95.2961196899414,359.37677001953125,-116.24564361572266
2026-04-02 13:04:16.188,1995.194277396,640251448,left_foot,左脚,D4:22:CD:00:84:61,0.08803335577249527,0.34402960538864136,0.014130194671452045,0.9347162842750549,6.505001276217028,-39.840455655664506,166.8797136508188,29.43402862548828,-0.46291372179985046,-4.734663963317871,92.10454559326172,305.87908935546875,-46.97390365600586
2026-04-02 13:04:16.218,1995.224537064,640284782,left_foot,左脚,D4:22:CD:00:84:61,0.09427724033594131,0.3073214590549469,0.027347220107913017,0.9465294480323792,7.717576974077779,-35.21322174625398,166.17137489126029,27.859655380249023,-6.300748825073242,-21.61568260192871,23.512208938598633,135.47055053710938,-32.97316360473633
2026-04-02 13:04:16.249,1995.255508774,640318116,left_foot,左脚,D4:22:CD:00:84:61,0.1165669858455658,0.32827311754226685,-0.005477246828377247,0.9373469948768616,4.82860291629816,-38.0746956749089,164.1553502608959,20.59316635131836,-5.075685024261475,-14.948196411132812,-122.52552032470703,-89.92788696289062,-38.026065826416016
2026-04-02 13:04:16.279,1995.285518414,640351450,left_foot,左脚,D4:22:CD:00:84:61,0.12602274119853973,0.3641504645347595,-0.0558537021279335,0.9210827350616455,-0.8736060601934178,-43.227967876065016,164.76444319743302,0.7819437980651855,-2.3523855209350586,15.180953979492188,-158.76904296875,-153.1318817138672,19.926334381103516
2026-04-02 13:04:16.308,1995.314298118,640384784,left_foot,左脚,D4:22:CD:00:84:61,0.1372111290693283,0.4212542772293091,-0.07646117359399796,0.8932366967201233,-1.8984054085641835,-50.673038551203895,163.4328983525153,14.57118034362793,-7.491076946258545,6.8588995933532715,-59.761383056640625,-221.8659210205078,-32.42441940307617
2026-04-02 13:04:16.338,1995.344412418,640418118,left_foot,左脚,D4:22:CD:00:84:61,0.13633817434310913,0.4635584056377411,-0.08251800388097763,0.8716171979904175,-1.7953380386785063,-56.15954267328835,163.17755287467938,19.853561401367188,0.28135108947753906,5.527417182922363,-3.0839309692382812,-163.48280334472656,-9.933028221130371
2026-04-02 13:04:16.369,1995.375510168,640451452,left_foot,左脚,D4:22:CD:00:84:61,0.13310477137565613,0.4878581464290619,-0.09020981192588806,0.8579860925674438,-2.8105481693471295,-59.44768468246272,163.9681597974296,8.673548698425293,0.7019853591918945,5.2116570472717285,-10.287374496459961,-98.09212493896484,8.738363265991211
2026-04-02 13:04:16.399,1995.405317885,640484786,left_foot,左脚,D4:22:CD:00:84:61,0.1308518648147583,0.5011886954307556,-0.09730695188045502,0.8498347997665405,-4.089796658113802,-61.32082510568429,164.91863419601424,8.833518981933594,-0.22397775948047638,5.385027885437012,-13.47352123260498,-55.97934341430664,10.793723106384277
2026-04-02 13:04:16.428,1995.434339902,640518120,left_foot,左脚,D4:22:CD:00:84:61,0.12989932298660278,0.509105920791626,-0.09888365119695663,0.8450796008110046,-4.31493472189144,-62.394578282065545,165.1363545958293,8.423477172851562,-2.2339305877685547,5.906510353088379,-0.9340953826904297,-31.438459396362305,0.7697332501411438
2026-04-02 13:04:16.488,1995.494400584,640551454,left_foot,左脚,D4:22:CD:00:84:61,0.12996985018253326,0.5128437280654907,-0.09748435020446777,0.842968761920929,-3.9033700623961805,-62.868496898807685,164.85659206396355,7.987903118133545,0.09551304578781128,5.793264865875244,4.919673919677734,-13.047565460205078,-4.862092971801758
2026-04-02 13:04:16.518,1995.524399519,640584788,left_foot,左脚,D4:22:CD:00:84:61,0.13041050732135773,0.5150825381278992,-0.09718578308820724,0.8415689468383789,-3.7127713240505207,-63.16405410728843,164.66588337785652,7.832043647766113,0.03773251920938492,5.411750316619873,0.648024320602417,-7.873422145843506,-3.159188747406006
2026-04-02 13:04:16.548,1995.554332914,640618122,left_foot,左脚,D4:22:CD:00:84:61,0.13014306128025055,0.5182347297668457,-0.09736038744449615,0.8396527171134949,-3.687442206986019,-63.5876362902016,164.6651946510552,7.091170787811279,0.6640484929084778,5.77600622177124,0.7933070659637451,-11.931234359741211,-0.7830203771591187
2026-04-02 13:04:16.578,1995.584411114,640651456,left_foot,左脚,D4:22:CD:00:84:61,0.12748004496097565,0.5223361253738403,-0.10232173651456833,0.8369254469871521,-5.02357570261597,-64.21077850524567,165.83178036142223,7.621387004852295,0.8902232646942139,5.3809590339660645,-8.569181442260742,-19.120277404785156,14.029765129089355
2026-04-02 13:04:16.608,1995.614353662,640684790,left_foot,左脚,D4:22:CD:00:84:61,0.12655380368232727,0.5250259041786194,-0.1064591333270073,0.834864616394043,-6.012293233529721,-64.63487733022455,166.5662351331617,7.70994234085083,-0.6512042880058289,5.956124782562256,-9.68877124786377,-12.938755989074707,8.361615180969238
2026-04-02 13:04:16.638,1995.644395482,640718124,left_foot,左脚,D4:22:CD:00:84:61,0.12564535439014435,0.5311853885650635,-0.10956171154975891,0.8306934833526611,-6.724921672411491,-65.5103583038284,167.12739420336845,7.52521276473999,0.1288444548845291,6.031479835510254,-6.019104957580566,-26.3037109375,4.246947288513184
2026-04-02 13:04:16.668,1995.674358299,640751458,left_foot,左脚,D4:22:CD:00:84:61,0.12344379723072052,0.5438529253005981,-0.11619661748409271,0.8218783140182495,-8.45902260823545,-67.31652627716169,168.55464001259875,7.2507147789001465,0.6737327575683594,7.386595726013184,-12.660798072814941,-55.45037841796875,9.961928367614746
2026-04-02 13:04:16.699,1995.705408772,640784792,left_foot,左脚,D4:22:CD:00:84:61,0.11709325015544891,0.5663289427757263,-0.12414718419313431,0.8063176870346069,-11.65144255905764,-70.45099584650072,171.71575135966017,8.113625526428223,-0.6747132539749146,9.070969581604004,-7.119110584259033,-98.10317993164062,17.39130210876465
2026-04-02 13:04:16.729,1995.735416596,640818126,left_foot,左脚,D4:22:CD:00:84:61,0.1086421012878418,0.5998899936676025,-0.1278812140226364,0.7822887301445007,-15.731798191819713,-75.09654452080747,176.31059901159398,8.427014350891113,-1.9602848291397095,9.979640007019043,9.478530883789062,-144.67332458496094,6.828634738922119
2026-04-02 13:04:16.788,1995.794407661,640851460,left_foot,左脚,D4:22:CD:00:84:61,0.09919605404138565,0.6512441039085388,-0.12901535630226135,0.7412128448486328,-27.644824532865123,-82.31422593343409,-170.97022965882536,8.338188171386719,-1.4146943092346191,10.582136154174805,17.585554122924805,-227.4232940673828,-10.119928359985352
2026-04-02 13:04:16.819,1995.825479779,640884794,left_foot,左脚,D4:22:CD:00:84:61,0.0844825878739357,0.7198270559310913,-0.13371887803077698,0.6758929491043091,-140.62837523993696,-84.6511509946458,-57.14257762749,9.057937622070312,2.3353238105773926,14.680630683898926,15.381175994873047,-329.7012634277344,-4.613697052001953
2026-04-02 13:04:16.849,1995.855426344,640918128,left_foot,左脚,D4:22:CD:00:84:61,0.053917765617370605,0.8043609261512756,-0.14820954203605652,0.5728269219398499,-166.1910677894656,-69.63604454470558,-30.508099049945457,14.29662799835205,4.5084662437438965,18.597658157348633,19.317523956298828,-471.6237487792969,38.34751510620117
2026-04-02 13:04:16.879,1995.885369173,640951462,left_foot,左脚,D4:22:CD:00:84:61,0.012707398273050785,0.8723626136779785,-0.1549782007932663,0.46346959471702576,-167.9699532624691,-54.3473579777089,-26.339754936115604,13.454017639160156,1.4222328662872314,13.622917175292969,58.01683807373047,-460.8725891113281,45.26214599609375
2026-04-02 13:04:16.939,1995.945416417,640984796,left_foot,左脚,D4:22:CD:00:84:61,0.02956649474799633,0.878298819065094,-0.1512424796819687,0.4525958001613617,-171.7853772426661,-53.51108649182504,-23.687753675859486,17.3006534576416,15.586175918579102,18.058284759521484,-49.64801025390625,-34.240352630615234,-41.53875732421875
2026-04-02 13:04:16.940,1995.946532849,641018130,left_foot,左脚,D4:22:CD:00:84:61,0.058801669627428055,0.8534383773803711,-0.17592588067054749,0.4870685636997223,-172.2035235354104,-58.4359061038681,-27.660482800742763,4.053542613983154,-5.399711608886719,14.570844650268555,-110.16207122802734,153.74185180664062,45.458953857421875
2026-04-02 13:04:16.969,1995.975514772,641051464,left_foot,左脚,D4:22:CD:00:84:61,0.03884249925613403,0.8000954985618591,-0.18542088568210602,0.5691730976104736,-156.89610225469244,-67.69697092642546,-41.70691766218147,5.635499954223633,5.641051769256592,9.239871978759766,82.33480072021484,314.72705078125,110.46452331542969
2026-04-02 13:04:17.028,1996.034481618,641084798,left_foot,左脚,D4:22:CD:00:84:61,0.018216503784060478,0.7272375822067261,-0.19518914818763733,0.6577955484390259,-120.18371253571823,-74.54896680923319,-77.3347678548593,4.025023460388184,-0.22957618534564972,5.832242488861084,85.13751983642578,370.5443420410156,126.2396011352539
2026-04-02 13:04:17.058,1996.064430277,641118132,left_foot,左脚,D4:22:CD:00:84:61,0.01738489419221878,0.6582549810409546,-0.17187274992465973,0.7327060699462891,-72.01778891290256,-76.06999539840358,-123.47866452624787,7.701508045196533,1.2491039037704468,6.2267889976501465,101.45594787597656,342.56689453125,-4.757540225982666
2026-04-02 13:04:17.088,1996.09449858,641151466,left_foot,左脚,D4:22:CD:00:84:61,0.03744513541460037,0.5831078290939331,-0.13178405165672302,0.8007599115371704,-30.405712932123883,-70.68731593753542,-163.53812668144676,13.076207160949707,2.4039931297302246,7.220572471618652,91.90400695800781,356.06524658203125,-91.98725891113281
2026-04-02 13:04:17.118,1996.124295943,641184800,left_foot,左脚,D4:22:CD:00:84:61,0.06834547221660614,0.5000999569892883,-0.08650615811347961,0.8589212894439697,-9.397831083448086,-60.56543020532384,176.3969389389837,18.356508255004883,0.14339639246463776,10.23183822631836,79.19583892822266,363.5746154785156,-129.58689880371094
2026-04-02 13:04:17.148,1996.154376824,641218134,left_foot,左脚,D4:22:CD:00:84:61,0.101579450070858,0.40641477704048157,-0.011849675327539444,0.9079473614692688,5.211143180231552,-47.76666681146588,164.92407515365153,28.481977462768555,-1.770659327507019,4.8996052742004395,156.89932250976562,387.6336364746094,-185.96995544433594
2026-04-02 13:04:17.178,1996.184443845,641251468,left_foot,左脚,D4:22:CD:00:84:61,0.12010399997234344,0.3260646164417267,0.024584634229540825,0.9373648166656494,8.992756106868189,-37.256003188045206,162.36020014483327,33.41016387939453,-7.337499618530273,-12.220213890075684,61.47404479980469,304.6820983886719,-93.4526596069336
2026-04-02 13:04:17.208,1996.214413365,641284802,left_foot,左脚,D4:22:CD:00:84:61,0.14701515436172485,0.3036958873271942,0.03937149420380592,0.9405347108840942,11.368832450206888,-34.03480881445494,158.74198981865646,31.474708557128906,-2.4298653602600098,-25.350353240966797,8.273924827575684,79.36111450195312,-102.4197769165039
2026-04-02 13:04:17.238,1996.24429191,641318136,left_foot,左脚,D4:22:CD:00:84:61,0.18215522170066833,0.33645591139793396,-0.031013380736112595,0.9233932495117188,4.836882265171826,-39.24669923607281,155.95594931826295,17.662073135375977,-6.343967437744141,-5.830451011657715,-245.3420867919922,-163.48974609375,-43.06794357299805
2026-04-02 13:04:17.268,1996.274477353,641351470,left_foot,左脚,D4:22:CD:00:84:61,0.19069990515708923,0.40354058146476746,-0.07774804532527924,0.8914842009544373,1.3224923639379296,-48.51705917458457,155.25534551882254,4.738154411315918,-12.491898536682129,11.830610275268555,-119.59740447998047,-277.7156677246094,0.37218716740608215
2026-04-02 13:04:17.299,1996.305419926,641384804,left_foot,左脚,D4:22:CD:00:84:61,0.1916837990283966,0.4614807963371277,-0.09803564101457596,0.8606287837028503,0.8438302974266261,-56.29553927440593,154.43598171798334,29.6800594329834,-0.8202365040779114,3.590202569961548,-33.776573181152344,-232.72703552246094,-10.561758995056152
2026-04-02 13:04:17.359,1996.365336955,641418138,left_foot,左脚,D4:22:CD:00:84:61,0.18567831814289093,0.49029645323753357,-0.11068255454301834,0.8443238139152527,-0.5592521433168675,-60.34730850659408,155.5197531016417,10.635180473327637,-0.08212745189666748,4.513370037078857,-14.514204978942871,-120.37416076660156,17.289047241210938
2026-04-02 13:04:17.389,1996.395405115,641451472,left_foot,左脚,D4:22:CD:00:84:61,0.18188504874706268,0.5036963224411011,-0.11738290637731552,0.8363189101219177,-1.6147941558013321,-62.27635443466529,156.43604723417772,9.51170539855957,-0.9904419779777527,5.0762248039245605,-7.64698600769043,-56.970703125,12.009716033935547
2026-04-02 13:04:17.419,1996.425405762,641484806,left_foot,左脚,D4:22:CD:00:84:61,0.1795216202735901,0.5113943219184875,-0.11889830976724625,0.8319322466850281,-1.8150174304423872,-63.326649306055096,156.76529418905702,7.978525638580322,-1.1762242317199707,5.982471466064453,2.6336517333984375,-30.55125617980957,3.437126398086548
2026-04-02 13:04:17.449,1996.455456871,641518140,left_foot,左脚,D4:22:CD:00:84:61,0.17793340981006622,0.5152391195297241,-0.11939670145511627,0.8298271894454956,-1.9242047788746397,-63.845388477561116,156.99436638487697,7.921762943267822,0.6486093997955322,5.588834762573242,2.7203240394592285,-14.656542778015137,2.399280548095703
2026-04-02 13:04:17.478,1996.484239645,641551474,left_foot,左脚,D4:22:CD:00:84:61,0.17689543962478638,0.5141159296035767,-0.12196263670921326,0.8303722739219666,-2.6783791691821555,-63.76186731438777,157.61402909639042,7.956601142883301,0.4076012372970581,5.0946197509765625,-6.0403361320495605,3.1017251014709473,8.21639633178711
2026-04-02 13:04:17.509,1996.515415692,641584808,left_foot,左脚,D4:22:CD:00:84:61,0.17648692429065704,0.5134674310684204,-0.12455558031797409,0.8304756879806519,-3.3224177486425606,-63.741736325475486,158.07080521383585,7.197183132171631,-0.4723038077354431,5.785263538360596,-7.090372085571289,1.15250563621521,6.038236618041992
2026-04-02 13:04:17.539,1996.54545557,641618142,left_foot,左脚,D4:22:CD:00:84:61,0.17672473192214966,0.5167361497879028,-0.1273326724767685,0.8279727101325989,-3.723692519634616,-64.24921111545794,158.2414583801722,7.399904727935791,-0.0003922693431377411,6.002297878265381,-7.511298179626465,-14.545226097106934,1.2470773458480835
2026-04-02 13:04:17.568,1996.574436619,641651476,left_foot,左脚,D4:22:CD:00:84:61,0.17665261030197144,0.5230540037155151,-0.13063597679138184,0.8234943747520447,-4.147053310848501,-65.17823671003593,158.4369974459726,7.367179870605469,-0.018621765077114105,5.877354145050049,-7.440079212188721,-27.257959365844727,0.5564581155776978
2026-04-02 13:04:17.598,1996.604399834,641684810,left_foot,左脚,D4:22:CD:00:84:61,0.17522360384464264,0.5360777974128723,-0.1372910887002945,0.8142902851104736,-5.266473030656394,-67.09610549573502,159.20543971873798,7.295188903808594,0.13671675324440002,7.267204761505127,-12.507241249084473,-57.4647102355957,4.580949306488037
2026-04-02 13:04:17.658,1996.664449282,641718144,left_foot,左脚,D4:22:CD:00:84:61,0.16987575590610504,0.5606094002723694,-0.14329908788204193,0.7976998090744019,-6.587482052073055,-70.57572350937444,160.62076719640515,7.947572231292725,-0.9076094627380371,9.435723304748535,-0.023957999423146248,-104.8762435913086,4.483626365661621
2026-04-02 13:04:17.689,1996.695494119,641751478,left_foot,左脚,D4:22:CD:00:84:61,0.15954644978046417,0.5975645184516907,-0.1507803052663803,0.7711855173110962,-9.883882022794145,-75.87811928323801,164.33528570683873,8.346757888793945,-0.38110318779945374,11.422147750854492,7.929065227508545,-161.59173583984375,9.08081340789795
2026-04-02 13:04:17.718,1996.724388158,641784812,left_foot,左脚,D4:22:CD:00:84:61,0.1453736573457718,0.6537091135978699,-0.16010859608650208,0.7251870632171631,-24.13977619234755,-84.08383980977237,179.15654321912768,8.198883056640625,-1.0749878883361816,11.277605056762695,11.42025089263916,-255.88427734375,2.4434354305267334
2026-04-02 13:04:17.748,1996.754416244,641818146,left_foot,左脚,D4:22:CD:00:84:61,0.12349265813827515,0.7285280227661133,-0.1707097440958023,0.6518089771270752,-160.4214668450707,-82.69562490540207,-43.642284093179185,9.223599433898926,1.0145561695098877,15.91958999633789,19.72382164001465,-369.5561828613281,0.5359718799591064
2026-04-02 13:04:17.778,1996.784450334,641851480,left_foot,左脚,D4:22:CD:00:84:61,0.08530769497156143,0.8153212070465088,-0.19561411440372467,0.5382465720176697,-170.01677535338038,-65.65255064773011,-33.43285194203534,16.936084747314453,4.919063091278076,19.866100311279297,10.372162818908691,-514.3140258789062,49.014495849609375
2026-04-02 13:04:17.808,1996.814332725,641884814,left_foot,左脚,D4:22:CD:00:84:61,0.04600444436073303,0.8721930384635925,-0.2170560210943222,0.43594688177108765,-169.96016440761775,-51.300024251228514,-32.78033252596271,2.9084699153900146,3.1363120079040527,16.83151626586914,19.007061004638672,-426.86474609375,64.69738006591797
2026-04-02 13:04:17.838,1996.844429443,641918148,left_foot,左脚,D4:22:CD:00:84:61,0.049795012921094894,0.8798938393592834,-0.20640495419502258,0.42509379982948303,-172.1061577370402,-50.23105481127832,-30.1083492487466,27.074522018432617,11.056073188781738,14.820310592651367,-1.5146161317825317,-41.04336166381836,-45.2431640625
2026-04-02 13:04:17.868,1996.874465017,641951482,left_foot,左脚,D4:22:CD:00:84:61,0.08668223768472672,0.8493964672088623,-0.22596794366836548,0.46898898482322693,-173.23089243660957,-56.708593450807,-33.4511703404109,4.120866775512695,-2.4849681854248047,12.870072364807129,-112.81541442871094,198.329345703125,34.09429168701172
2026-04-02 13:04:17.899,1996.905385384,641984816,left_foot,左脚,D4:22:CD:00:84:61,0.07453916221857071,0.7984450459480286,-0.1986173838376999,0.563454270362854,-163.50670420895872,-68.33898549677565,-39.17599120791988,8.031120300292969,0.38172447681427,5.867843151092529,139.16322326660156,355.3094482421875,7.370436668395996
2026-04-02 13:04:17.958,1996.964436874,642018150,left_foot,左脚,D4:22:CD:00:84:61,0.07233013957738876,0.7206545472145081,-0.19507504999637604,0.6613404750823975,-126.74220235886514,-78.93662542428778,-75.15971137244138,2.9598331451416016,0.49471157789230347,5.180058479309082,61.22285842895508,417.62359619140625,73.276123046875
2026-04-02 13:04:17.989,1996.995421485,642051484,left_foot,左脚,D4:22:CD:00:84:61,0.0784277468919754,0.6495964527130127,-0.16746628284454346,0.7374476790428162,-55.437474381646695,-79.85147623390787,-144.66833084396595,6.552968978881836,-2.3538272380828857,6.239335536956787,82.10687255859375,359.54278564453125,-15.07494831085205
2026-04-02 13:04:18.019,1997.02541184,642084818,left_foot,左脚,D4:22:CD:00:84:61,0.10049968957901001,0.5710819959640503,-0.12321872264146805,0.8053463101387024,-14.771107553580364,-70.8397145135069,176.30737585948782,14.552326202392578,1.1056315898895264,7.600247383117676,81.83097076416016,373.9686279296875,-90.54888916015625
2026-04-02 13:04:18.048,1997.054287516,642118152,left_foot,左脚,D4:22:CD:00:84:61,0.12955860793590546,0.4816613793373108,-0.08247171342372894,0.8627951741218567,-1.919258667868188,-58.486813108665885,163.99498652370528,18.807159423828125,0.1547747552394867,10.616069793701172,50.19198989868164,385.5677490234375,-101.66400909423828
2026-04-02 13:04:18.078,1997.084371936,642151486,left_foot,左脚,D4:22:CD:00:84:61,0.15252868831157684,0.38942334055900574,-0.01963767595589161,0.9081293940544128,6.811769610908792,-45.50274747492613,158.07189535879056,30.41271209716797,-2.5267434120178223,2.2971763610839844,120.99820709228516,382.3251037597656,-124.75194549560547
2026-04-02 13:04:18.109,1997.115396473,642184820,left_foot,左脚,D4:22:CD:00:84:61,0.1648409068584442,0.3142511546611786,0.024197924882173538,0.93460613489151,10.521961973174124,-35.41005555055668,156.62718698078356,29.103403091430664,-5.370812892913818,-12.612123489379883,83.32613372802734,293.3612365722656,-76.74732971191406
2026-04-02 13:04:18.139,1997.145408959,642218154,left_foot,左脚,D4:22:CD:00:84:61,0.16826188564300537,0.30766555666923523,0.03772156685590744,0.9357388615608215,12.1641534771004,-34.27009985751252,155.84922348317494,35.25923156738281,-4.244806289672852,-28.138856887817383,36.154579162597656,29.702905654907227,-24.58359146118164
2026-04-02 13:04:18.169,1997.175318195,642251488,left_foot,左脚,D4:22:CD:00:84:61,0.17502065002918243,0.34111467003822327,-0.03097408637404442,0.9230652451515198,4.647775700027078,-39.83539702497808,156.84251435559494,12.432903289794922,-4.082976341247559,2.0427823066711426,-207.14381408691406,-160.79983520507812,48.63718032836914
2026-04-02 13:04:18.199,1997.205417933,642284822,left_foot,左脚,D4:22:CD:00:84:61,0.18267616629600525,0.41450822353363037,-0.08087284862995148,0.8878470659255981,0.6979069991822083,-49.95920121235158,156.42193997471531,8.638435363769531,-9.438651084899902,10.620455741882324,-127.00775146484375,-303.0032653808594,5.433785438537598
2026-04-02 13:04:18.258,1997.264420553,642318156,left_foot,左脚,D4:22:CD:00:84:61,0.17825628817081451,0.4675901532173157,-0.10042153298854828,0.8599417805671692,-0.6348237287538204,-57.14032916383083,156.92385413802853,26.732728958129883,-1.202560544013977,2.9114413261413574,-28.03924560546875,-214.4288330078125,8.702068328857422
2026-04-02 13:04:18.288,1997.294263976,642351490,left_foot,左脚,D4:22:CD:00:84:61,0.17281198501586914,0.4947644770145416,-0.11288344860076904,0.8441575169563293,-2.31220970050841,-60.96614994992753,158.2222509065707,10.876106262207031,-2.021113395690918,4.010917663574219,-17.14647674560547,-114.03888702392578,16.75846290588379
2026-04-02 13:04:18.318,1997.324471599,642384824,left_foot,左脚,D4:22:CD:00:84:61,0.1699494570493698,0.5070610046386719,-0.11663567274808884,0.8369005918502808,-2.8557882450171994,-62.66832061438693,158.78096901707792,8.759325981140137,-0.5735754370689392,5.3496599197387695,-1.8455255031585693,-50.15766143798828,5.245244026184082
2026-04-02 13:04:18.348,1997.354451025,642418158,left_foot,左脚,D4:22:CD:00:84:61,0.166966050863266,0.5152272582054138,-0.11788240075111389,0.8323264122009277,-3.1366304569853014,-63.771539935206576,159.26544911663188,7.811905860900879,-0.3285491168498993,6.023767471313477,4.2477803230285645,-32.264347076416016,4.475749492645264
2026-04-02 13:04:18.378,1997.384481242,642451492,left_foot,左脚,D4:22:CD:00:84:61,0.16490240395069122,0.5171741843223572,-0.11936664581298828,0.831318199634552,-3.656265957484766,-64.05835575508004,159.848362889547,8.555983543395996,-0.11865513771772385,5.365386962890625,-0.16990210115909576,-8.00084400177002,6.861527442932129
2026-04-02 13:04:18.408,1997.414455708,642484826,left_foot,左脚,D4:22:CD:00:84:61,0.1640852987766266,0.5157953500747681,-0.12109658867120743,0.8320860266685486,-4.2063991169190444,-63.91102537082367,160.31372095837767,7.540737628936768,0.1442791074514389,5.352338790893555,-4.205488681793213,4.96406364440918,6.146514415740967
2026-04-02 13:04:18.438,1997.444446311,642518160,left_foot,左脚,D4:22:CD:00:84:61,0.163966104388237,0.5171804428100586,-0.1233791932463646,0.8309136629104614,-4.661211608600817,-64.14810712450453,160.59623416615204,7.173423767089844,-0.16805437207221985,6.146279335021973,-6.227185249328613,-6.483952522277832,2.932539224624634
2026-04-02 13:04:18.469,1997.475510364,642551494,left_foot,左脚,D4:22:CD:00:84:61,0.16353243589401245,0.5215622186660767,-0.1272992193698883,0.8276625275611877,-5.413539141664079,-64.82190781334278,161.08503672107688,7.7466721534729,-0.0482611358165741,5.650848865509033,-9.51255989074707,-19.878215789794922,4.331487655639648
2026-04-02 13:04:18.498,1997.504332615,642584828,left_foot,左脚,D4:22:CD:00:84:61,0.16212837398052216,0.5295634269714355,-0.13252003490924835,0.8220192193984985,-6.517258630908127,-66.00669410005982,161.9208413030999,7.371041297912598,-0.12686946988105774,5.6460466384887695,-10.455960273742676,-35.688026428222656,6.535706996917725
2026-04-02 13:04:18.528,1997.53436977,642618162,left_foot,左脚,D4:22:CD:00:84:61,0.15882015228271484,0.5447396039962769,-0.13894984126091003,0.8116206526756287,-8.124028940645287,-68.18363107288448,163.35990554623228,7.531820774078369,-0.702796459197998,7.445197582244873,-8.549348831176758,-66.24785614013672,8.239705085754395
2026-04-02 13:04:18.588,1997.594438458,642651496,left_foot,左脚,D4:22:CD:00:84:61,0.1531081646680832,0.5695738196372986,-0.1423020362854004,0.7949175238609314,-9.470456301977483,-71.64132918368787,165.0386282756256,8.122944831848145,-1.0536112785339355,9.44211483001709,6.7773284912109375,-104.5970230102539,1.1147509813308716
2026-04-02 13:04:18.618,1997.6242912,642684830,left_foot,左脚,D4:22:CD:00:84:61,0.14243629574775696,0.6081979870796204,-0.1505385935306549,0.766254186630249,-14.967477977239833,-77.1492145215936,170.9015923318969,8.41621208190918,0.53850257396698,11.594059944152832,4.577825546264648,-170.9266815185547,11.239014625549316
2026-04-02 13:04:18.648,1997.654426569,642718164,left_foot,左脚,D4:22:CD:00:84:61,0.12663905322551727,0.6658677458763123,-0.16223056614398956,0.7171223163604736,-46.574302641414604,-84.94216530191011,-157.02156432946714,8.808761596679688,0.017096975818276405,12.663917541503906,4.956114768981934,-268.65673828125,12.142897605895996
2026-04-02 13:04:18.678,1997.684471595,642751498,left_foot,左脚,D4:22:CD:00:84:61,0.09490278363227844,0.750227689743042,-0.18112996220588684,0.6287640333175659,-155.9483139513756,-77.90771751085852,-46.69027951015624,9.976184844970703,3.1114933490753174,19.040996551513672,13.491596221923828,-437.498291015625,36.128578186035156
2026-04-02 13:04:18.709,1997.715261929,642784832,left_foot,左脚,D4:22:CD:00:84:61,0.05062169209122658,0.8342282176017761,-0.20650705695152283,0.5087788701057434,-165.24482009169373,-60.43337726994673,-36.4322663507692,18.434566497802734,3.962078332901001,20.575265884399414,12.406367301940918,-529.6716918945312,70.0728759765625
2026-04-02 13:04:18.738,1997.744299186,642818166,left_foot,左脚,D4:22:CD:00:84:61,0.03708881512284279,0.8717700242996216,-0.21407076716423035,0.4391075074672699,-168.59905943055722,-51.39633745136777,-33.093397105345616,21.451745986938477,8.012682914733887,13.691048622131348,-16.80916976928711,-277.9118957519531,6.5968451499938965
2026-04-02 13:04:18.768,1997.774335298,642851500,left_foot,左脚,D4:22:CD:00:84:61,0.10509185492992401,0.8541331887245178,-0.23916563391685486,0.44968006014823914,-176.45071588177692,-54.92912649105539,-33.13081246478112,2.8305745124816895,6.318654537200928,19.791872024536133,-234.952880859375,103.45001220703125,-13.533401489257812
2026-04-02 13:04:18.799,1997.805411579,642884834,left_foot,左脚,D4:22:CD:00:84:61,0.10441680997610092,0.8249924182891846,-0.23159639537334442,0.504824697971344,-172.51610849953894,-61.801765266845514,-35.84483236222688,4.599640846252441,-6.89696741104126,10.200413703918457,49.727264404296875,207.281982421875,22.361682891845703
2026-04-02 13:04:18.828,1997.834540849,642918168,left_foot,左脚,D4:22:CD:00:84:61,0.0992281511425972,0.7622755765914917,-0.23614349961280823,0.5944124460220337,-154.68313692132745,-72.37831602782136,-53.08703954577791,4.870543956756592,2.836468458175659,6.594252109527588,56.855194091796875,355.6965637207031,104.07977294921875
2026-04-02 13:04:18.919,1997.925455357,642951502,left_foot,左脚,D4:22:CD:00:84:61,0.10084090381860733,0.6917122006416321,-0.2241377979516983,0.6790638566017151,-109.19441086604725,-79.94411013948364,-97.48007635662425,3.3491334915161133,-2.469045877456665,5.728710174560547,66.05743408203125,369.9353332519531,51.699501037597656
2026-04-02 13:04:18.920,1997.926678283,642984836,left_foot,左脚,D4:22:CD:00:84:61,0.10974866896867752,0.6200116872787476,-0.19346952438354492,0.7524031400680542,-44.76683379760141,-77.28145283547683,-160.15047639275966,10.230253219604492,-0.0445391982793808,6.902851104736328,83.01873779296875,357.70635986328125,-12.622963905334473
2026-04-02 13:04:18.948,1997.954469898,643018170,left_foot,左脚,D4:22:CD:00:84:61,0.12570983171463013,0.5347769856452942,-0.14616209268569946,0.8227075338363647,-15.388156794096236,-66.4451232934377,172.73785383055977,17.69928550720215,1.5618541240692139,9.071541786193848,103.98412322998047,397.5286560058594,-58.22718048095703
2026-04-02 13:04:18.979,1997.985474349,643051504,left_foot,左脚,D4:22:CD:00:84:61,0.1485937386751175,0.43976891040802,-0.08627714961767197,0.8815212249755859,-2.0499911915501072,-53.222981554824685,161.89090838791284,24.554229736328125,-0.8558372259140015,7.840071678161621,116.95752716064453,413.2762145996094,-100.60693359375
2026-04-02 13:04:19.039,1998.045549122,643084838,left_foot,左脚,D4:22:CD:00:84:61,0.16695815324783325,0.351620078086853,-0.020977618172764778,0.920895516872406,5.9813821015439705,-40.89048396547092,157.21623692341703,32.55264663696289,-1.398606300354004,-3.9198665618896484,137.74337768554688,364.7723388671875,-106.7618408203125
2026-04-02 13:04:19.040,1998.046126108,643118172,left_foot,左脚,D4:22:CD:00:84:61,0.18050561845302582,0.30758926272392273,0.029782598838210106,0.9337665438652039,11.640666272387268,-34.31075113727506,154.5136223895551,32.696144104003906,-10.196666717529297,-22.498132705688477,120.47445678710938,184.63719177246094,-92.3443603515625
2026-04-02 13:04:19.069,1998.075411112,643151506,left_foot,左脚,D4:22:CD:00:84:61,0.18542835116386414,0.32342761754989624,-0.008592050522565842,0.92786705493927,7.493644817513123,-37.112499016996395,154.87865354808847,28.898040771484375,-4.428247451782227,-25.153854370117188,-117.75768280029297,-80.90172576904297,23.56645393371582
2026-04-02 13:04:19.098,1998.104268724,643184840,left_foot,左脚,D4:22:CD:00:84:61,0.1877930909395218,0.3614290952682495,-0.06560812890529633,0.910932719707489,1.2725199532527482,-43.08767002114506,156.2003891234543,2.172201156616211,-8.058127403259277,16.5380802154541,-160.74061584472656,-175.35525512695312,44.3745231628418
2026-04-02 13:04:19.159,1998.165643535,643218174,left_foot,左脚,D4:22:CD:00:84:61,0.19231873750686646,0.43676939606666565,-0.09713873267173767,0.8733901381492615,-0.16074148964749746,-53.15906061136348,155.24394675948062,21.87533187866211,-7.156364440917969,7.9113311767578125,-64.43354797363281,-301.47039794921875,-16.55550193786621
2026-04-02 13:04:19.189,1998.195738672,643251508,left_foot,左脚,D4:22:CD:00:84:61,0.18692967295646667,0.48164060711860657,-0.11321084946393967,0.8486832976341248,-1.3573994784702577,-59.299212717234624,155.92960477169407,16.577356338500977,2.1674139499664307,3.2222750186920166,-19.109800338745117,-183.21327209472656,8.504545211791992
2026-04-02 13:04:19.219,1998.22545789,643284842,left_foot,左脚,D4:22:CD:00:84:61,0.1805640161037445,0.5046288371086121,-0.12724687159061432,0.8345987796783447,-3.765547236635015,-62.657549740753524,157.8772037374163,11.929369926452637,-1.8792861700057983,3.2680351734161377,-21.421205520629883,-100.69541931152344,23.489503860473633
2026-04-02 13:04:19.248,1998.254515302,643318176,left_foot,左脚,D4:22:CD:00:84:61,0.1779247671365738,0.5143090486526489,-0.13128764927387238,0.8286089897155762,-4.526394453743515,-64.03223819666124,158.5932095828632,8.60453987121582,-2.132359027862549,5.973001956939697,-3.994230270385742,-40.624794006347656,6.249998569488525
2026-04-02 13:04:19.279,1998.285528259,643351510,left_foot,左脚,D4:22:CD:00:84:61,0.1765742152929306,0.5210570693016052,-0.12805268168449402,0.8251810669898987,-3.685305190108027,-64.84406923388491,158.18495642094257,8.314689636230469,-0.6906425356864929,5.480734825134277,13.739230155944824,-22.800004959106445,-7.463018417358398
2026-04-02 13:04:19.309,1998.315544435,643384844,left_foot,左脚,D4:22:CD:00:84:61,0.1756453812122345,0.522607684135437,-0.12755154073238373,0.8244759440422058,-3.6322382039727024,-65.03456042976353,158.2631231616505,7.988604545593262,0.811527669429779,5.317631244659424,3.315876007080078,-4.738332271575928,0.23203516006469727
2026-04-02 13:04:19.369,1998.375331122,643418178,left_foot,左脚,D4:22:CD:00:84:61,0.17493149638175964,0.5223990678787231,-0.12989328801631927,0.8243944048881531,-4.2707833123342125,-65.06279129466736,158.7645886256332,7.482591152191162,0.25250139832496643,5.450613975524902,-5.816956520080566,-0.3332791328430176,5.977186679840088
2026-04-02 13:04:19.399,1998.40555152,643451512,left_foot,左脚,D4:22:CD:00:84:61,0.17459321022033691,0.5233054161071777,-0.13300763070583344,0.8233940601348877,-4.976593524216065,-65.26016835360836,159.2440727711105,7.631396293640137,-0.4092618227005005,5.669070243835449,-8.375150680541992,-5.520507335662842,5.296328544616699
2026-04-02 13:04:19.399,1998.406095488,643484846,left_foot,左脚,D4:22:CD:00:84:61,0.17359544336795807,0.5276156663894653,-0.13763242959976196,0.8200877904891968,-5.9934454695640875,-65.94670791883244,159.98650214082264,7.457435607910156,-0.18372711539268494,5.628756999969482,-10.45228385925293,-20.58730125427246,6.968174934387207
2026-04-02 13:04:19.458,1998.464358002,643518180,left_foot,左脚,D4:22:CD:00:84:61,0.17095161974430084,0.5379431247711182,-0.14398859441280365,0.8128102421760559,-7.522053724025993,-67.47629095182997,161.27296273710826,7.51441764831543,0.15025095641613007,6.503902435302734,-10.59734058380127,-46.643104553222656,9.580703735351562
2026-04-02 13:04:19.488,1998.494425259,643551514,left_foot,左脚,D4:22:CD:00:84:61,0.16484977304935455,0.5583154559135437,-0.15023085474967957,0.7990865707397461,-9.593527333682657,-70.35872807217109,163.4573392570849,7.803957462310791,-1.0545965433120728,8.957287788391113,-1.1605513095855713,-88.38858795166016,10.303862571716309
2026-04-02 13:04:19.518,1998.524552412,643584848,left_foot,左脚,D4:22:CD:00:84:61,0.1546667367219925,0.5912099480628967,-0.15786226093769073,0.7756472229957581,-13.871760652462505,-75.01037657777447,168.11343170143897,8.582475662231445,-0.6225521564483643,11.124345779418945,4.953157424926758,-144.52523803710938,12.240195274353027
2026-04-02 13:04:19.548,1998.55439381,643618182,left_foot,左脚,D4:22:CD:00:84:61,0.14017260074615479,0.6447405815124512,-0.16489271819591522,0.7331246733665466,-28.109900053337817,-82.55830332663265,-176.8583857251718,8.171463012695312,-1.3614531755447388,12.27230167388916,15.950684547424316,-240.72256469726562,1.1928818225860596
2026-04-02 13:04:19.578,1998.584601743,643651516,left_foot,左脚,D4:22:CD:00:84:61,0.11612202227115631,0.7198111414909363,-0.17677709460258484,0.6611641049385071,-146.010457810844,-83.15946429681836,-57.9390257704073,9.051263809204102,0.8655920624732971,16.634937286376953,18.565153121948242,-368.7977600097656,9.712545394897461
2026-04-02 13:04:19.608,1998.614725058,643684850,left_foot,左脚,D4:22:CD:00:84:61,0.07500903308391571,0.8091986775398254,-0.19870038330554962,0.5478044152259827,-166.0801967573863,-66.40154443430218,-36.727073502630525,16.137876510620117,5.551476955413818,23.01677894592285,18.738040924072266,-519.8709106445312,48.37686538696289
2026-04-02 13:04:19.638,1998.644625991,643718184,left_foot,左脚,D4:22:CD:00:84:61,0.03480127081274986,0.8699430227279663,-0.22552037239074707,0.4371829926967621,-167.4801303558783,-50.927140897848346,-35.04669492331957,7.970668315887451,5.132399559020996,18.01418113708496,1.8888107538223267,-459.039794921875,80.58696746826172
2026-04-02 13:04:19.668,1998.674364204,643751518,left_foot,左脚,D4:22:CD:00:84:61,0.054517507553100586,0.8588612675666809,-0.24311496317386627,0.44752711057662964,-168.20299890447512,-52.67748212310345,-37.46608194712132,24.76125717163086,13.4633150100708,18.291173934936523,-77.96199798583984,59.11806106567383,32.688072204589844
2026-04-02 13:04:19.698,1998.704619086,643784852,left_foot,左脚,D4:22:CD:00:84:61,0.062105730175971985,0.8203850984573364,-0.2680566608905792,0.5012553334236145,-161.18989199586736,-58.84163010864487,-46.86237940844323,1.2314393520355225,-10.15047550201416,13.424059867858887,-21.86094856262207,217.4652099609375,104.02477264404297
2026-04-02 13:04:19.759,1998.765664014,643818186,left_foot,左脚,D4:22:CD:00:84:61,0.045001253485679626,0.7600682973861694,-0.24830961227416992,0.5988438725471497,-140.59457743467104,-68.85530633343406,-63.76543393888933,3.8253440856933594,6.281800270080566,7.5994553565979,160.37733459472656,366.14324951171875,50.34150314331055
2026-04-02 13:04:19.789,1998.795690724,643851520,left_foot,左脚,D4:22:CD:00:84:61,0.0523771271109581,0.6858099699020386,-0.23072698712348938,0.6882491111755371,-100.85848077209847,-75.50864157276341,-102.42555560575259,2.771848678588867,-2.132521152496338,5.609303951263428,82.82237243652344,393.9913635253906,16.56531524658203
2026-04-02 13:04:19.818,1998.824594096,643884854,left_foot,左脚,D4:22:CD:00:84:61,0.07179206609725952,0.6165290474891663,-0.17984093725681305,0.763148307800293,-46.72410534044014,-75.20108884177698,-153.94849953863957,11.099276542663574,-1.0617856979370117,7.1682281494140625,122.49073028564453,363.5357666015625,-96.9889907836914
2026-04-02 13:04:19.849,1998.855665701,643918188,left_foot,左脚,D4:22:CD:00:84:61,0.09855332970619202,0.5284868478775024,-0.1260964721441269,0.8337198495864868,-14.520907742010133,-64.96835194131448,175.79149825054046,18.744766235351562,1.3784838914871216,10.447973251342773,107.24571228027344,409.1986389160156,-111.46540069580078
2026-04-02 13:04:19.879,1998.885758208,643951522,left_foot,左脚,D4:22:CD:00:84:61,0.12699508666992188,0.4304145276546478,-0.06414053589105606,0.8913481831550598,-0.4631491427724715,-51.59040929023569,164.00652824328472,27.36795997619629,-1.965631365776062,8.064149856567383,118.7391128540039,418.24810791015625,-130.89193725585938
2026-04-02 13:04:19.908,1998.914675832,643984856,left_foot,左脚,D4:22:CD:00:84:61,0.15435415506362915,0.3405744433403015,0.0007305859471671283,0.9274606704711914,7.89430351793553,-39.1618576169801,158.29015847704474,33.764915466308594,-2.730666160583496,-4.794150352478027,127.91482543945312,362.4700622558594,-142.83009338378906
2026-04-02 13:04:19.939,1998.945327679,644018190,left_foot,左脚,D4:22:CD:00:84:61,0.17315977811813354,0.30178171396255493,0.047460705041885376,0.9363178610801697,13.374802683743352,-33.27722593079807,155.0309225178756,31.65729331970215,-8.99570083618164,-24.986797332763672,106.797607421875,158.4198455810547,-108.66111755371094
2026-04-02 13:04:19.968,1998.974512132,644051524,left_foot,左脚,D4:22:CD:00:84:61,0.1858503371477127,0.31832072138786316,0.008399922400712967,0.929548978805542,9.53706908736043,-36.062469602660116,154.2762290116884,28.16608238220215,-4.338327407836914,-22.62323570251465,-127.70584106445312,-84.95939636230469,-0.642259418964386
2026-04-02 13:04:19.999,1999.005647778,644084858,left_foot,左脚,D4:22:CD:00:84:61,0.20065413415431976,0.3587348461151123,-0.06570129096508026,0.9092473983764648,1.9106821880233043,-42.743992237384425,154.36290841898932,0.8292139172554016,-9.636917114257812,15.628023147583008,-226.56100463867188,-198.2877197265625,22.83448028564453
2026-04-02 13:04:20.058,1999.064404443,644118192,left_foot,左脚,D4:22:CD:00:84:61,0.211336150765419,0.4375121593475342,-0.09442046284675598,0.8689103722572327,1.991325848573108,-53.151724264752126,151.66372125120503,22.7449893951416,-10.190912246704102,8.093649864196777,-57.9915771484375,-313.01080322265625,-43.9624137878418
2026-04-02 13:04:20.089,1999.095050608,644151526,left_foot,左脚,D4:22:CD:00:84:61,0.2041815221309662,0.4794168472290039,-0.11508042365312576,0.8457104563713074,0.12563314758930716,-59.08049433216858,152.78223527850696,19.18791961669922,3.403566598892212,2.6343185901641846,-28.400442123413086,-176.31591796875,21.520931243896484
2026-04-02 13:04:20.120,1999.125925694,644184860,left_foot,左脚,D4:22:CD:00:84:61,0.1961725652217865,0.5022366642951965,-0.13061806559562683,0.8319938778877258,-2.518817137833989,-62.49404218319666,154.99398206597152,11.16959285736084,-1.29620361328125,3.8265061378479004,-21.765304565429688,-101.74988555908203,29.85093879699707
2026-04-02 13:04:20.149,1999.154995526,644218194,left_foot,左脚,D4:22:CD:00:84:61,0.19159479439258575,0.5154097676277161,-0.13720697164535522,0.8239045739173889,-3.7947924128036354,-64.40536054772842,156.20813826275554,8.56908130645752,-1.7831164598464966,5.870551586151123,-6.153953552246094,-56.85179901123047,12.655062675476074
2026-04-02 13:04:20.179,1999.185402507,644251528,left_foot,左脚,D4:22:CD:00:84:61,0.18840886652469635,0.5228944420814514,-0.13761687278747559,0.819844663143158,-3.941422921954378,-65.40063951490677,156.6460682346534,8.557168960571289,-0.6534712910652161,5.317729949951172,6.95558500289917,-28.93989372253418,3.0411336421966553
2026-04-02 13:04:20.239,1999.245374319,644284862,left_foot,左脚,D4:22:CD:00:84:61,0.186567023396492,0.5241854190826416,-0.13866537809371948,0.8192645907402039,-4.388099007422896,-65.59307567303462,157.17056227787606,8.135343551635742,0.11311215162277222,5.204362392425537,0.4253824055194855,-5.069422245025635,5.629348278045654
2026-04-02 13:04:20.240,1999.246702351,644318196,left_foot,左脚,D4:22:CD:00:84:61,0.18552955985069275,0.5241215825080872,-0.1408495455980301,0.8191685080528259,-5.045441840712405,-65.63710997155792,157.7323987590589,7.693053722381592,0.11990866810083389,5.409512996673584,-4.813987731933594,-0.7934052348136902,6.414267539978027
2026-04-02 13:04:20.269,1999.275376841,644351530,left_foot,左脚,D4:22:CD:00:84:61,0.18456734716892242,0.5257771611213684,-0.14566010236740112,0.8174818754196167,-6.214514290515027,-65.9787585707693,158.59107217239898,7.426663398742676,-0.024215687066316605,5.76889705657959,-11.962396621704102,-10.216294288635254,9.144311904907227
2026-04-02 13:04:20.299,1999.305353496,644384864,left_foot,左脚,D4:22:CD:00:84:61,0.18135873973369598,0.5326258540153503,-0.1538192331790924,0.812255322933197,-8.369765214558969,-67.07991826956078,160.38088102134716,7.461352825164795,0.3356224000453949,5.8801960945129395,-15.756877899169922,-34.535640716552734,16.7099666595459
2026-04-02 13:04:20.358,1999.364347321,644418198,left_foot,左脚,D4:22:CD:00:84:61,0.17470215260982513,0.5455679297447205,-0.16473835706710815,0.8029297590255737,-11.911718592242817,-69.01362499811589,163.65406934612113,7.8389892578125,-0.6104706525802612,6.861799240112305,-15.435236930847168,-62.69499588012695,25.70294761657715
2026-04-02 13:04:20.389,1999.395408074,644451532,left_foot,左脚,D4:22:CD:00:84:61,0.16646426916122437,0.567013144493103,-0.17350894212722778,0.7878326773643494,-15.913705848584867,-72.02459965555099,167.7408003815894,8.379913330078125,-2.7423737049102783,7.8582305908203125,-4.713688850402832,-96.73014068603516,17.765851974487305
2026-04-02 13:04:20.419,1999.425349106,644484866,left_foot,左脚,D4:22:CD:00:84:61,0.15742729604244232,0.5991772413253784,-0.17872361838817596,0.7643699645996094,-21.194738831384072,-76.47251869797225,173.49714578353922,8.604696273803711,-0.5796546339988708,10.30678653717041,7.486757278442383,-140.6813507080078,1.7533822059631348
2026-04-02 13:04:20.449,1999.455356835,644518200,left_foot,左脚,D4:22:CD:00:84:61,0.14144448935985565,0.6497814655303955,-0.1872565746307373,0.7229887843132019,-45.503326166295984,-82.99802189733794,-161.42784759033893,8.498135566711426,-0.3444501757621765,11.081595420837402,12.09829044342041,-232.51455688476562,5.910017490386963
2026-04-02 13:04:20.479,1999.485440013,644551534,left_foot,左脚,D4:22:CD:00:84:61,0.11582697182893753,0.7188624143600464,-0.19939546287059784,0.6557915210723877,-139.95785313471038,-81.50872919793333,-65.87261179105103,9.327938079833984,0.033111073076725006,15.599540710449219,17.116857528686523,-344.7921447753906,13.578882217407227
2026-04-02 13:04:20.508,1999.514369878,644584868,left_foot,左脚,D4:22:CD:00:84:61,0.07024355232715607,0.8057177662849426,-0.22344903647899628,0.5440178513526917,-161.93004845347986,-65.23605484223813,-42.62153257365025,17.71350860595703,5.045820713043213,23.156009674072266,16.241008758544922,-515.3969116210938,58.46373748779297
2026-04-02 13:04:20.539,1999.545356706,644618202,left_foot,左脚,D4:22:CD:00:84:61,0.030640454962849617,0.8616467118263245,-0.251935213804245,0.43949413299560547,-164.58917482728023,-50.607432637041455,-39.91673757341611,11.19941520690918,9.057577133178711,18.30236053466797,-9.803874015808105,-434.17364501953125,84.9832534790039
2026-04-02 13:04:20.569,1999.575336058,644651536,left_foot,左脚,D4:22:CD:00:84:61,0.056217633187770844,0.8550234436988831,-0.24947196245193481,0.4511524438858032,-167.60073788000489,-53.08629719827769,-38.74344206642051,21.677936553955078,8.453121185302734,18.701183319091797,-61.38520050048828,64.58638763427734,-39.26655197143555
2026-04-02 13:04:20.599,1999.605307281,644684870,left_foot,左脚,D4:22:CD:00:84:61,0.07502733916044235,0.8241804242134094,-0.24197837710380554,0.5065019726753235,-165.67621013058607,-60.599296716895005,-41.12317485430566,1.2443342208862305,-5.698991298675537,13.719182968139648,-0.22904598712921143,225.2572479248047,-14.420071601867676
2026-04-02 13:04:20.635,1999.641404656,644718204,left_foot,左脚,D4:22:CD:00:84:61,0.061564963310956955,0.7675157785415649,-0.2078673243522644,0.6032583713531494,-149.42888416070323,-72.10386463766555,-52.81112785845772,4.650867462158203,3.754722833633423,7.587378025054932,165.15274047851562,368.13128662109375,-0.9496886134147644
2026-04-02 13:04:20.689,1999.69533669,644751538,left_foot,左脚,D4:22:CD:00:84:61,0.06322851777076721,0.6927328705787659,-0.19100388884544373,0.6925612092018127,-100.47630908626427,-79.63241065092708,-100.32235975463982,3.9822030067443848,-3.810203790664673,6.278509140014648,80.18482208251953,393.1868591308594,25.206449508666992
2026-04-02 13:04:20.718,1999.72436093,644784872,left_foot,左脚,D4:22:CD:00:84:61,0.08189720660448074,0.6207813024520874,-0.1487806886434555,0.765367865562439,-34.27289030804814,-77.0641541049618,-164.6238448631713,9.927372932434082,-1.281144142150879,7.290773391723633,89.31700134277344,363.8210144042969,-81.08705139160156
2026-04-02 13:04:20.748,1999.754351602,644818206,left_foot,左脚,D4:22:CD:00:84:61,0.12038517743349075,0.5360028743743896,-0.10370859503746033,0.8291277885437012,-6.06609274868393,-66.03583661987382,167.42153769121433,17.20761489868164,-0.09944972395896912,9.549579620361328,46.10408020019531,389.5442810058594,-135.2056121826172
2026-04-02 13:04:20.779,1999.785320904,644851540,left_foot,左脚,D4:22:CD:00:84:61,0.15189006924629211,0.43919453024864197,-0.05071316286921501,0.8840056657791138,4.10919382659799,-52.3640208439184,158.4802161337338,24.722126007080078,-3.040748357772827,8.8877592086792,73.43599700927734,408.64434814453125,-129.07769775390625
2026-04-02 13:04:20.808,1999.814252627,644884874,left_foot,左脚,D4:22:CD:00:84:61,0.1581619828939438,0.34107062220573425,0.00994961615651846,0.9265835285186768,9.351086443196898,-38.9699917236529,157.31158090766414,33.40666580200195,0.4652782082557678,-4.341087818145752,131.93243408203125,394.2501525878906,-69.9241943359375
2026-04-02 13:04:20.838,1999.844408357,644918208,left_foot,左脚,D4:22:CD:00:84:61,0.17213623225688934,0.30250057578086853,0.05132848024368286,0.9360706210136414,13.857219150856528,-33.274628559544944,155.00099372778305,32.41756057739258,-10.02067756652832,-25.951818466186523,94.44172668457031,155.2087860107422,-87.97447967529297
2026-04-02 13:04:20.870,1999.876328535,644951542,left_foot,左脚,D4:22:CD:00:84:61,0.19526901841163635,0.31677332520484924,0.005143801216036081,0.9281694293022156,9.46589497434004,-35.87576132150657,153.16808524905392,28.04274559020996,-4.72792911529541,-23.75337791442871,-162.66159057617188,-85.04714965820312,-27.72305679321289
2026-04-02 13:04:20.898,1999.904409109,644984876,left_foot,左脚,D4:22:CD:00:84:61,0.19716911017894745,0.36040905117988586,-0.0713396966457367,0.9089227914810181,0.9761284421134527,-43.10203773485151,155.13583675715412,-0.10747814178466797,-5.12474250793457,16.443960189819336,-216.5360565185547,-210.79452514648438,65.7684326171875
2026-04-02 13:04:20.929,1999.935349614,645018210,left_foot,左脚,D4:22:CD:00:84:61,0.20485378801822662,0.43887826800346375,-0.11302289366722107,0.8675522804260254,-1.5840920565017782,-53.88209731704112,154.23350479665376,30.397048950195312,-11.005614280700684,7.309898376464844,-96.96051788330078,-322.53643798828125,-19.866254806518555
2026-04-02 13:04:20.990,1999.996191737,645051544,left_foot,左脚,D4:22:CD:00:84:61,0.19977208971977234,0.4808683395385742,-0.12560079991817474,0.8444415330886841,-2.26321589640061,-59.57730899110703,154.67580972601493,14.617151260375977,-1.1563031673431396,3.8627374172210693,-9.797835350036621,-169.76768493652344,0.835234522819519
2026-04-02 13:04:21.019,2000.02576197,645084878,left_foot,左脚,D4:22:CD:00:84:61,0.19555307924747467,0.5031030178070068,-0.13265524804592133,0.8312935829162598,-2.968982140419779,-62.6647419603098,155.33261394585415,11.905045509338379,0.948302149772644,3.0024149417877197,-4.493630409240723,-91.67144775390625,4.638612270355225
2026-04-02 13:04:21.050,2000.056286033,645118212,left_foot,左脚,D4:22:CD:00:84:61,0.19368122518062592,0.5138209462165833,-0.13528284430503845,0.824726939201355,-3.1693937519289324,-64.14849019837634,155.55444362086416,8.206144332885742,-1.562137484550476,5.955395221710205,-0.598366916179657,-43.343990325927734,0.05695454031229019
2026-04-02 13:04:21.079,2000.085495341,645151546,left_foot,左脚,D4:22:CD:00:84:61,0.19176916778087616,0.5220332741737366,-0.1333591639995575,0.8203179240226746,-2.5358519090955407,-65.1777563443276,155.30525675046897,8.344169616699219,-0.5070126056671143,5.613612651824951,11.673205375671387,-29.525955200195312,-5.2903032302856445
2026-04-02 13:04:21.108,2000.114400597,645184880,left_foot,左脚,D4:22:CD:00:84:61,0.1900663524866104,0.5255007743835449,-0.13445588946342468,0.8183188438415527,-2.8233064082480706,-65.66685813580379,155.670190929491,8.197537422180176,0.7762275338172913,5.059329986572266,0.8030020594596863,-13.810194969177246,3.3666226863861084
2026-04-02 13:04:21.139,2000.145632377,645218214,left_foot,左脚,D4:22:CD:00:84:61,0.1887076497077942,0.5259824991226196,-0.13728147745132446,0.8178544640541077,-3.6428438224452453,-65.80643236096853,156.37190377710414,7.572510242462158,0.17025631666183472,5.080698013305664,-5.82090425491333,-3.6829519271850586,8.005303382873535
2026-04-02 13:04:21.168,2000.17434006,645251548,left_foot,左脚,D4:22:CD:00:84:61,0.18676351010799408,0.5273386836051941,-0.1435418725013733,0.8163511753082275,-5.305082751694811,-66.14950795183604,157.6838908597283,7.600971221923828,0.5287748575210571,5.794343948364258,-14.261765480041504,-10.610672950744629,14.85583782196045
2026-04-02 13:04:21.198,2000.204542905,645284882,left_foot,左脚,D4:22:CD:00:84:61,0.18407024443149567,0.532023012638092,-0.1520727276802063,0.8123691082000732,-7.526725085647388,-66.98202509408291,159.45063281363235,7.539722442626953,-0.22485090792179108,5.492193222045898,-18.29054832458496,-26.350122451782227,17.91162109375
2026-04-02 13:04:21.259,2000.265693844,645318216,left_foot,左脚,D4:22:CD:00:84:61,0.17919038236141205,0.5450357794761658,-0.16113464534282684,0.8030334115028381,-10.165215170393015,-68.92511205011051,161.8282498886581,7.5139851570129395,-0.6601793169975281,7.243229389190674,-13.2815523147583,-60.972232818603516,17.28866958618164
2026-04-02 13:04:21.288,2000.294290739,645351550,left_foot,左脚,D4:22:CD:00:84:61,0.17201945185661316,0.56859290599823,-0.1682090312242508,0.7866495847702026,-13.091536215724178,-72.25770455384868,164.90624304244432,8.661201477050781,-2.03938627243042,9.281030654907227,-0.9504144191741943,-103.47350311279297,9.699275016784668
2026-04-02 13:04:21.319,2000.325660462,645384884,left_foot,左脚,D4:22:CD:00:84:61,0.16033878922462463,0.606015145778656,-0.17555494606494904,0.759090006351471,-19.500166397294265,-77.51073890263373,171.85332392245647,8.532241821289062,-1.6483575105667114,10.903526306152344,8.864113807678223,-165.82064819335938,7.830366134643555
2026-04-02 13:04:21.349,2000.355643986,645418218,left_foot,左脚,D4:22:CD:00:84:61,0.14618951082229614,0.663846492767334,-0.17785795032978058,0.7115498781204224,-46.835937643223936,-85.35918664616955,-159.6786344357902,8.715073585510254,-1.9197155237197876,12.085005760192871,26.226654052734375,-259.82501220703125,-19.60162925720215
2026-04-02 13:04:21.379,2000.38561762,645451552,left_foot,左脚,D4:22:CD:00:84:61,0.1211431697010994,0.7445012927055359,-0.18350210785865784,0.6303722858428955,-163.84202201405654,-79.44700609026556,-41.14551660449147,9.771234512329102,1.618126392364502,18.386390686035156,33.8347053527832,-401.7673645019531,-16.09335708618164
2026-04-02 13:04:21.439,2000.445670207,645484886,left_foot,左脚,D4:22:CD:00:84:61,0.07712189853191376,0.8341506719589233,-0.20528437197208405,0.5060665011405945,-170.56155285128233,-61.15584669779071,-33.236663637628986,19.49561309814453,5.699170112609863,23.54080581665039,24.238283157348633,-552.3549194335938,43.12839889526367
2026-04-02 13:04:21.440,2000.446207955,645518220,left_foot,左脚,D4:22:CD:00:84:61,0.040017981082201004,0.8755095601081848,-0.20222625136375427,0.4370201528072357,-170.1562959483011,-51.39037213011501,-30.757701245104023,20.1321964263916,4.82298469543457,14.496564865112305,74.313720703125,-297.11737060546875,8.413633346557617
2026-04-02 13:04:21.469,2000.475511521,645551554,left_foot,左脚,D4:22:CD:00:84:61,0.08509020507335663,0.8498217463493347,-0.22948256134986877,0.46679815649986267,-172.7819983831873,-56.35059939844147,-34.0929099260128,4.685601234436035,13.58789348602295,20.577011108398438,-158.5544891357422,153.85708618164062,36.2091178894043
2026-04-02 13:04:21.498,2000.504730822,645584888,left_foot,左脚,D4:22:CD:00:84:61,0.08998621255159378,0.8122475147247314,-0.22723184525966644,0.5296434760093689,-167.39698188902565,-64.32929093817629,-39.20370307713074,1.8576909303665161,-8.279860496520996,9.765054702758789,29.085817337036133,246.24586486816406,33.51164245605469
2026-04-02 13:04:21.558,2000.564267024,645618222,left_foot,左脚,D4:22:CD:00:84:61,0.09678247570991516,0.7460020184516907,-0.2221415489912033,0.62029629945755,-148.21794605151885,-75.57698378518282,-58.05972933357959,1.5884357690811157,5.031225204467773,7.816569805145264,41.6119499206543,378.90863037109375,53.44353103637695
2026-04-02 13:04:21.589,2000.595532744,645651556,left_foot,左脚,D4:22:CD:00:84:61,0.11427503824234009,0.6757085919380188,-0.19543562829494476,0.7015441656112671,-85.01594813843826,-83.0943465847948,-120.3312601939946,5.257769584655762,-5.555598735809326,6.658497333526611,51.69306182861328,378.7030944824219,-24.73805809020996
2026-04-02 13:04:21.618,2000.624240362,645684890,left_foot,左脚,D4:22:CD:00:84:61,0.13820727169513702,0.5918237566947937,-0.1535397469997406,0.7791465520858765,-16.692786320329798,-74.72557353454165,172.66573473949765,14.528876304626465,-0.7494540214538574,9.00839900970459,65.31914520263672,413.57061767578125,-67.84210205078125
2026-04-02 13:04:21.648,2000.654538044,645718224,left_foot,左脚,D4:22:CD:00:84:61,0.14520929753780365,0.49846068024635315,-0.11373493820428848,0.8470631241798401,-5.734224288496024,-61.340541890348874,163.94759440441484,19.26213836669922,-0.25969386100769043,11.139522552490234,84.576416015625,409.271728515625,-17.45056915283203
2026-04-02 13:04:21.679,2000.685538538,645751558,left_foot,左脚,D4:22:CD:00:84:61,0.15261755883693695,0.4083419144153595,-0.06538387387990952,0.8976022005081177,0.6324287517360317,-48.852195922882814,160.41355236710993,27.92876434326172,-0.7198300361633301,7.555870532989502,103.44705963134766,374.41705322265625,-43.05144500732422
2026-04-02 13:04:21.708,2000.714374105,645784892,left_foot,左脚,D4:22:CD:00:84:61,0.16408929228782654,0.3258434534072876,-0.007169240619987249,0.9310474991798401,6.776718768193446,-37.524758780213475,157.70509428852074,33.63483810424805,-6.361032009124756,-9.735677719116211,128.34011840820312,333.4743347167969,-79.90544891357422
2026-04-02 13:04:21.738,2000.744383968,645818226,left_foot,左脚,D4:22:CD:00:84:61,0.1632218211889267,0.29580146074295044,0.016668809577822685,0.9410539269447327,8.820616702955514,-33.45546884844695,157.6646249686025,32.01165008544922,-5.177093982696533,-29.52393341064453,60.754756927490234,120.10673522949219,-16.628429412841797
2026-04-02 13:04:21.768,2000.774503254,645851560,left_foot,左脚,D4:22:CD:00:84:61,0.17058482766151428,0.31914281845092773,-0.03113788552582264,0.9317078590393066,3.663384564765351,-37.25178517465841,158.0143674969034,21.483606338500977,-6.546955585479736,-12.012960433959961,-148.3097381591797,-111.71237182617188,21.750003814697266
2026-04-02 13:04:21.799,2000.805362546,645884894,left_foot,左脚,D4:22:CD:00:84:61,0.17904745042324066,0.37611111998558044,-0.08301379531621933,0.9053127765655518,-1.272588088009457,-45.293784619381604,158.15646266768164,0.33610016107559204,-6.147366046905518,13.878149032592773,-144.8207244873047,-240.34820556640625,8.594911575317383
2026-04-02 13:04:21.858,2000.864880842,645918228,left_foot,左脚,D4:22:CD:00:84:61,0.18397048115730286,0.4470851421356201,-0.10590461641550064,0.8689385652542114,-1.937711163333948,-54.68095454781845,157.09381654474973,28.718229293823242,-6.265290260314941,5.243847846984863,-44.54009246826172,-280.1603088378906,-28.776744842529297
2026-04-02 13:04:21.889,2000.895602138,645951562,left_foot,左脚,D4:22:CD:00:84:61,0.17924389243125916,0.48467931151390076,-0.1153414398431778,0.8483242988586426,-2.495021927137838,-59.73218481180271,157.5716003227118,14.7548189163208,1.0477489233016968,3.464141368865967,-5.049655914306641,-150.60731506347656,1.3540552854537964
2026-04-02 13:04:21.919,2000.92558887,645984896,left_foot,左脚,D4:22:CD:00:84:61,0.1751551777124405,0.5029051303863525,-0.12284980714321136,0.8374455571174622,-3.648640490752202,-62.29423577634118,158.57886372932424,10.297294616699219,0.5002483129501343,4.169593811035156,-8.451529502868652,-76.34998321533203,10.142638206481934
2026-04-02 13:04:21.948,2000.954483847,646018230,left_foot,左脚,D4:22:CD:00:84:61,0.17250266671180725,0.5152162313461304,-0.12634997069835663,0.8299583792686462,-4.183560138632935,-64.00173564122997,159.13203753676038,8.087468147277832,-1.2628756761550903,6.234319686889648,-1.5326875448226929,-50.48451232910156,3.6527950763702393
2026-04-02 13:04:21.978,2000.984235235,646051564,left_foot,左脚,D4:22:CD:00:84:61,0.17015497386455536,0.5245689749717712,-0.12677790224552155,0.8245012760162354,-4.1837619535503325,-65.25217603033413,159.35779132651209,8.327823638916016,-0.26359695196151733,5.227748870849609,5.776575565338135,-36.588844299316406,-0.19419924914836884
2026-04-02 13:04:22.039,2001.045723068,646084898,left_foot,左脚,D4:22:CD:00:84:61,0.1685952991247177,0.5280081629753113,-0.12894514203071594,0.8222872614860535,-4.7530358454013655,-65.7591598756591,159.899715913469,8.315130233764648,0.3561626672744751,4.901257514953613,-2.5729711055755615,-14.731087684631348,5.246002197265625
2026-04-02 13:04:22.040,2001.046748567,646118232,left_foot,左脚,D4:22:CD:00:84:61,0.16862967610359192,0.5274140238761902,-0.13068999350070953,0.8223859667778015,-5.173864499059,-65.72073476388431,160.1676973075295,7.806636810302734,-0.3904533386230469,5.329290390014648,-5.535419940948486,1.7489227056503296,3.157282829284668
2026-04-02 13:04:22.068,2001.074304564,646151566,left_foot,左脚,D4:22:CD:00:84:61,0.1694040149450302,0.5283883810043335,-0.1332801729440689,0.8211848735809326,-5.607849768530924,-65.91840533051322,160.32547173993171,7.656800270080566,-0.36498114466667175,5.439360618591309,-8.923810005187988,-5.282050609588623,1.1609132289886475
2026-04-02 13:04:22.099,2001.105376166,646184900,left_foot,左脚,D4:22:CD:00:84:61,0.16947540640830994,0.5335174202919006,-0.1358342170715332,0.8174268007278442,-5.977132225203717,-66.67356032089454,160.50762301458786,7.537339210510254,-0.39757663011550903,5.49428129196167,-6.2982096672058105,-22.031099319458008,-0.29737845063209534
2026-04-02 13:04:22.189,2001.19554193,646218234,left_foot,左脚,D4:22:CD:00:84:61,0.167360320687294,0.5471122860908508,-0.139892578125,0.8081391453742981,-6.766656462656744,-68.60859039950103,161.21913903936263,7.432268142700195,-0.23596550524234772,7.69437313079834,-4.1057891845703125,-57.9567985534668,1.4904515743255615
2026-04-02 13:04:22.190,2001.196739172,646251568,left_foot,左脚,D4:22:CD:00:84:61,0.16110044717788696,0.5729378461837769,-0.1440340131521225,0.7905969619750977,-8.130607078159935,-72.23825186921246,162.9027287207944,8.379477500915527,-0.42883312702178955,9.880078315734863,6.497085094451904,-109.66039276123047,2.534837007522583
2026-04-02 13:04:22.219,2001.225367495,646284902,left_foot,左脚,D4:22:CD:00:84:61,0.1508740782737732,0.6142750382423401,-0.14903204143047333,0.7600612044334412,-11.586138052717954,-78.16520181873692,166.96605213581938,8.460461616516113,-1.8144934177398682,11.323042869567871,14.129539489746094,-180.10340881347656,0.1582600474357605
2026-04-02 13:04:22.249,2001.255540646,646318236,left_foot,左脚,D4:22:CD:00:84:61,0.13707822561264038,0.6770741939544678,-0.1517883986234665,0.7069234251976013,-38.024272891027735,-87.30335863855822,-165.55465949213126,9.12964153289795,-1.2731753587722778,13.333803176879883,26.98479652404785,-285.05255126953125,-17.995893478393555
2026-04-02 13:04:22.309,2001.315608646,646351570,left_foot,左脚,D4:22:CD:00:84:61,0.10894660651683807,0.7695533037185669,-0.16081202030181885,0.6083239316940308,-173.24485411996804,-76.24349377042068,-28.909483971200302,11.798256874084473,3.480592727661133,21.243423461914062,35.265628814697266,-474.97021484375,-5.3605265617370605
2026-04-02 13:04:22.310,2001.316187255,646384904,left_foot,左脚,D4:22:CD:00:84:61,0.06784117221832275,0.8508753180503845,-0.18289096653461456,0.4878111779689789,-173.02576776786512,-58.75398908539651,-28.191084303593698,21.93992042541504,6.1406707763671875,21.67293930053711,26.48700523376465,-522.7684936523438,54.65851593017578
2026-04-02 13:04:22.338,2001.344307612,646418238,left_foot,左脚,D4:22:CD:00:84:61,0.04245823621749878,0.8782792687416077,-0.17705446481704712,0.44212546944618225,-172.28877308094638,-52.34033134842972,-26.589024810232086,16.546091079711914,6.600695610046387,15.142812728881836,61.940185546875,-195.68470764160156,-2.1604208946228027
2026-04-02 13:04:22.368,2001.37460018,646451572,left_foot,左脚,D4:22:CD:00:84:61,0.08173376321792603,0.849123477935791,-0.20885522663593292,0.478213906288147,-173.4306499368963,-57.807858304927926,-31.26679785275038,1.4044773578643799,7.657998085021973,19.204458236694336,-148.39364624023438,170.7167205810547,59.4150505065918
2026-04-02 13:04:22.398,2001.404640392,646484906,left_foot,左脚,D4:22:CD:00:84:61,0.06784077733755112,0.8039410710334778,-0.19992399215698242,0.5559738278388977,-163.09632545561635,-67.08246592622756,-39.18156506664275,0.8238326907157898,-6.1624860763549805,9.42205810546875,99.08126068115234,292.0487365722656,51.2997932434082
2026-04-02 13:04:22.493,2001.499130369,646518240,left_foot,左脚,D4:22:CD:00:84:61,0.054807376116514206,0.7383019924163818,-0.19423364102840424,0.6435679197311401,-134.41059987002782,-76.30887006177467,-66.0217994644604,2.722788095474243,1.9432581663131714,6.541809558868408,92.24964904785156,358.4446716308594,75.25312805175781
2026-04-02 13:04:22.496,2001.502511939,646551574,left_foot,左脚,D4:22:CD:00:84:61,0.0601545050740242,0.6673033833503723,-0.168988898396492,0.7228628396987915,-72.31589299487379,-80.08631269686818,-126.40409738720996,6.15742301940918,-2.1086220741271973,6.502663612365723,82.07273864746094,365.2142639160156,-13.06058120727539
2026-04-02 13:04:22.520,2001.526187363,646584908,left_foot,左脚,D4:22:CD:00:84:61,0.073667012155056,0.5877347588539124,-0.12554511427879333,0.7958515286445618,-22.190365079145952,-72.55326357594237,-174.19618997647012,15.699333190917969,1.1951138973236084,7.957957744598389,103.0392837524414,380.7166748046875,-71.4828872680664
2026-04-02 13:04:22.551,2001.557130355,646618242,left_foot,左脚,D4:22:CD:00:84:61,0.0989064946770668,0.48727038502693176,-0.08291690051555634,0.8636608719825745,-5.232898368544681,-59.10107801936893,169.9020171957174,22.1901912689209,0.6269021034240723,10.184774398803711,69.8134994506836,432.67987060546875,-94.01270294189453
2026-04-02 13:04:22.578,2001.584222641,646651576,left_foot,左脚,D4:22:CD:00:84:61,0.12702128291130066,0.38422781229019165,-0.021919170394539833,0.9141960144042969,4.67350403098349,-45.079506354761406,162.2390539516906,29.682031631469727,-3.6673412322998047,2.702730655670166,113.8729019165039,418.7352294921875,-138.44309997558594
2026-04-02 13:04:22.609,2001.615258522,646684910,left_foot,左脚,D4:22:CD:00:84:61,0.14988191425800323,0.30839020013809204,0.017062118276953697,0.9392231106758118,8.746217947388494,-35.04220242026579,159.10024354282368,31.700061798095703,-5.448907375335693,-12.570377349853516,61.369754791259766,289.4110412597656,-105.71435546875
2026-04-02 13:04:22.638,2001.644370831,646718244,left_foot,左脚,D4:22:CD:00:84:61,0.1654820442199707,0.2979288399219513,0.019499653950333595,0.9399330615997314,9.34747515878519,-33.615199172171955,157.20075023593688,32.936553955078125,-5.566892623901367,-29.62476348876953,-13.948467254638672,34.747554779052734,-52.438114166259766
2026-04-02 13:04:22.669,2001.675547117,646751578,left_foot,左脚,D4:22:CD:00:84:61,0.1656229943037033,0.33384689688682556,-0.03464464843273163,0.9273161888122559,3.422636654498493,-39.09728110660696,158.53136006805138,15.162483215332031,-4.270357131958008,1.2636098861694336,-153.65423583984375,-159.00204467773438,50.92338943481445
2026-04-02 13:04:22.701,2001.707122371,646784912,left_foot,左脚,D4:22:CD:00:84:61,0.1663234829902649,0.41285058856010437,-0.08018822968006134,0.8918861746788025,-0.5057024897664189,-49.738757646321865,159.10747125619451,6.6746931076049805,-4.618765354156494,12.455514907836914,-105.22013854980469,-318.01416015625,20.735607147216797
2026-04-02 13:04:22.759,2001.765631786,646818246,left_foot,左脚,D4:22:CD:00:84:61,0.16541951894760132,0.47006672620773315,-0.1016194075345993,0.8610154390335083,-2.0754015220024606,-57.46773240030099,159.3874603891108,27.60314178466797,-2.5051586627960205,0.8008445501327515,-40.181182861328125,-230.98831176757812,-0.2532177269458771
2026-04-02 13:04:22.789,2001.795513042,646851580,left_foot,左脚,D4:22:CD:00:84:61,0.16070380806922913,0.49770742654800415,-0.11491545289754868,0.8445451855659485,-4.083358000795736,-61.355038141677056,160.8756273340574,11.436941146850586,-1.3840734958648682,4.031196594238281,-21.75931739807129,-116.4713363647461,16.374412536621094
2026-04-02 13:04:22.819,2001.825727057,646884914,left_foot,左脚,D4:22:CD:00:84:61,0.15901990234851837,0.5088253617286682,-0.1184006780385971,0.837729811668396,-4.601035936415516,-62.89486832023998,161.31836850526068,9.684857368469238,-2.461408853530884,4.996915340423584,-3.842805862426758,-45.343544006347656,2.575890302658081
2026-04-02 13:04:22.849,2001.855602151,646918248,left_foot,左脚,D4:22:CD:00:84:61,0.15869776904582977,0.5152133703231812,-0.11371951550245285,0.8345286846160889,-3.392824774398978,-63.63906270525513,160.5714880709811,7.345668315887451,-0.48239967226982117,6.131338596343994,16.070423126220703,-20.451223373413086,-11.833083152770996
2026-04-02 13:04:22.879,2001.885525359,646951582,left_foot,左脚,D4:22:CD:00:84:61,0.15755921602249146,0.5211472511291504,-0.11427415162324905,0.8309767842292786,-3.4142204068625777,-64.4397529517128,160.6795952992404,7.818700790405273,1.8105868101119995,5.562781810760498,2.143392324447632,-23.058839797973633,-0.17698508501052856
2026-04-02 13:04:22.938,2001.944245582,646984916,left_foot,左脚,D4:22:CD:00:84:61,0.15647955238819122,0.5240793228149414,-0.11806594580411911,0.8288037776947021,-4.2866461137424805,-64.91332460844592,161.3437230304166,8.106122016906738,-0.3824406862258911,4.932908058166504,-8.185483932495117,-13.824273109436035,7.495957851409912
2026-04-02 13:04:22.939,2001.945326103,647018250,left_foot,左脚,D4:22:CD:00:84:61,0.15695708990097046,0.5273496508598328,-0.11940748989582062,0.8264434933662415,-4.3821474365188156,-65.38580078528143,161.30638387009708,7.613039970397949,-0.597937285900116,5.480106353759766,-3.9320015907287598,-13.243331909179688,-1.6090902090072632
2026-04-02 13:04:22.969,2001.975527954,647051584,left_foot,左脚,D4:22:CD:00:84:61,0.15700824558734894,0.5324342250823975,-0.12235535681247711,0.8227342963218689,-4.841024779929726,-66.13837130173688,161.5446913521412,7.605339527130127,0.4299296438694,5.44596529006958,-7.272704601287842,-21.964214324951172,1.0669209957122803
2026-04-02 13:04:22.999,2002.005379819,647084918,left_foot,左脚,D4:22:CD:00:84:61,0.15612664818763733,0.5398024320602417,-0.12731009721755981,0.817331075668335,-5.868700203061636,-67.24207434309997,162.27543290284416,7.6735124588012695,0.525926947593689,5.952089786529541,-10.70174503326416,-33.07027816772461,5.544654369354248
2026-04-02 13:04:23.028,2002.034510093,647118252,left_foot,左脚,D4:22:CD:00:84:61,0.153023824095726,0.5549405217170715,-0.13252697885036469,0.8068838715553284,-7.191303731553047,-69.407314367509,163.50658901647154,7.874606609344482,-1.109133243560791,7.818348407745361,-5.317459583282471,-65.47348022460938,6.207629203796387
2026-04-02 13:04:23.089,2002.095369183,647151586,left_foot,左脚,D4:22:CD:00:84:61,0.14668016135692596,0.5831504464149475,-0.13549479842185974,0.7874400615692139,-8.499459087005965,-73.36355317446906,165.2326273326693,8.293734550476074,-0.866890549659729,10.336723327636719,9.834969520568848,-119.34310150146484,0.1809614896774292
2026-04-02 13:04:23.119,2002.125516263,647184920,left_foot,左脚,D4:22:CD:00:84:61,0.13747474551200867,0.6301897168159485,-0.13623268902301788,0.7519325613975525,-10.617061604121044,-80.1226252686054,168.2138819961275,8.526568412780762,-2.672088623046875,11.426651954650879,23.487112045288086,-203.0074005126953,-13.464675903320312
2026-04-02 13:04:23.149,2002.155609875,647218254,left_foot,左脚,D4:22:CD:00:84:61,0.12621644139289856,0.6995868682861328,-0.13417796790599823,0.6903942823410034,-149.71538979000553,-89.01460209898268,-51.50583717919088,8.322125434875488,-0.9659327268600464,14.695222854614258,33.36517333984375,-317.4071044921875,-37.06023406982422
2026-04-02 13:04:23.178,2002.184401151,647251588,left_foot,左脚,D4:22:CD:00:84:61,0.1047956719994545,0.791334867477417,-0.14172708988189697,0.5854234099388123,-179.9835954007875,-72.9866385017246,-20.320033629897914,13.038017272949219,4.178095817565918,20.97256851196289,24.64154052734375,-485.2859191894531,-18.86917495727539
2026-04-02 13:04:23.209,2002.215525125,647284922,left_foot,左脚,D4:22:CD:00:84:61,0.0668293908238411,0.8720623254776001,-0.15913574397563934,0.45794883370399475,-177.07645028943418,-55.083751348366064,-22.208187908000685,20.255489349365234,2.6619873046875,21.078983306884766,35.22403335571289,-537.0537109375,38.91921615600586
2026-04-02 13:04:23.269,2002.275442729,647318256,left_foot,左脚,D4:22:CD:00:84:61,0.034105487167835236,0.8971561193466187,-0.131294384598732,0.4203685522079468,-175.63399588802883,-49.74960244727219,-18.67677392729129,18.36840057373047,8.984560012817383,14.511442184448242,127.01195526123047,-165.0760498046875,-53.88690948486328
2026-04-02 13:04:23.270,2002.276552017,647351590,left_foot,左脚,D4:22:CD:00:84:61,0.08335348963737488,0.8690151572227478,-0.16603752970695496,0.4585808217525482,-179.24904686823788,-55.55879707617424,-22.02918245446842,2.792955160140991,8.422140121459961,16.78826141357422,-187.6809539794922,175.02928161621094,53.45075607299805
2026-04-02 13:04:23.299,2002.305423305,647384924,left_foot,左脚,D4:22:CD:00:84:61,0.08005627989768982,0.8254593014717102,-0.16327309608459473,0.5343688726425171,-174.19105305223107,-65.2771350847998,-26.099358305437626,3.599500894546509,-5.450601100921631,7.498151779174805,45.48621368408203,292.3660888671875,43.8154411315918
2026-04-02 13:04:23.328,2002.334529377,647418258,left_foot,左脚,D4:22:CD:00:84:61,0.06464572250843048,0.7520508766174316,-0.1691436767578125,0.6337434649467468,-148.12252499916505,-77.18298866547796,-51.029223733472826,4.50271463394165,4.596949577331543,5.5914835929870605,68.92045593261719,405.5864562988281,114.19166564941406
2026-04-02 13:04:23.389,2002.395317052,647451592,left_foot,左脚,D4:22:CD:00:84:61,0.04764416813850403,0.6686786413192749,-0.15896821022033691,0.724795401096344,-71.68190083419283,-79.88520786508354,-125.18585977015483,4.885848522186279,-1.8853483200073242,5.915258884429932,100.77886199951172,408.4426574707031,80.1986312866211
2026-04-02 13:04:23.449,2002.455547433,647484926,left_foot,左脚,D4:22:CD:00:84:61,0.04145859554409981,0.5823056101799011,-0.11689642071723938,0.8034530282020569,-25.35463111736202,-70.97966431647728,-167.68355212526566,12.52155590057373,1.0537112951278687,7.9860405921936035,148.0631561279297,398.55413818359375,-20.630779266357422
2026-04-02 13:04:23.450,2002.456719299,647518260,left_foot,左脚,D4:22:CD:00:84:61,0.05530020594596863,0.4882543683052063,-0.06941072642803192,0.8681772947311401,-7.38004657677897,-58.81053309790889,176.8739838139157,21.03629493713379,1.7201508283615112,10.969536781311035,116.30179595947266,400.71826171875,-85.55457305908203
2026-04-02 13:04:23.479,2002.485621976,647551594,left_foot,左脚,D4:22:CD:00:84:61,0.08438033610582352,0.384768009185791,-0.013082590885460377,0.919055163860321,3.325905072620453,-45.19049812164636,168.12408898990952,31.008962631225586,0.8109215497970581,4.9402947425842285,112.12893676757812,411.3507080078125,-146.18115234375
2026-04-02 13:04:23.509,2002.515299545,647584928,left_foot,左脚,D4:22:CD:00:84:61,0.11848579347133636,0.30698564648628235,0.024304090067744255,0.9439971446990967,8.32888443029958,-35.01756659912805,163.0602003403357,34.0120735168457,-10.674283027648926,-14.416224479675293,51.85487747192383,290.51324462890625,-145.17787170410156
2026-04-02 13:04:23.538,2002.544360936,647618262,left_foot,左脚,D4:22:CD:00:84:61,0.1405472606420517,0.2922348380088806,0.017113490030169487,0.945807933807373,7.868677709253863,-33.228913170518794,160.74409106575428,35.5378303527832,-1.6278619766235352,-29.849117279052734,-52.51294708251953,45.00123977661133,-63.21228790283203
2026-04-02 13:04:23.569,2002.57553457,647651596,left_foot,左脚,D4:22:CD:00:84:61,0.1659913957118988,0.3269593119621277,-0.0507686510682106,0.9289603233337402,1.0430935213953612,-38.6321922673866,159.37240637833335,13.860627174377441,-8.586325645446777,0.8128764629364014,-228.23434448242188,-163.3154296875,-19.224987030029297
2026-04-02 13:04:23.629,2002.636058303,647684930,left_foot,左脚,D4:22:CD:00:84:61,0.17109127342700958,0.40348249673843384,-0.08450783044099808,0.8948677778244019,-1.1439914534293205,-48.680882922735854,158.8698142041513,6.610798358917236,-12.849519729614258,10.3486328125,-75.58189392089844,-300.5789489746094,-10.706222534179688
2026-04-02 13:04:23.659,2002.665586059,647718264,left_foot,左脚,D4:22:CD:00:84:61,0.16912391781806946,0.4581850469112396,-0.09616044908761978,0.8673045039176941,-1.2057111029017227,-55.82213548957956,158.5703469536659,29.720556259155273,0.9115818738937378,2.3496780395507812,-8.984992027282715,-213.08433532714844,-10.027459144592285
2026-04-02 13:04:23.689,2002.695657125,647751598,left_foot,左脚,D4:22:CD:00:84:61,0.16400064527988434,0.4848954677581787,-0.10697945207357407,0.8523707985877991,-2.634904322641913,-59.50918602374424,159.72459262608365,9.785820007324219,0.2928144931793213,4.780668258666992,-13.498248100280762,-109.95094299316406,14.854926109313965
2026-04-02 13:04:23.719,2002.725648134,647784932,left_foot,左脚,D4:22:CD:00:84:61,0.16013498604297638,0.49855586886405945,-0.11402091383934021,0.8442736864089966,-3.9414540353654313,-61.44428249606799,160.86327892447,8.51870346069336,-0.4844399392604828,5.670242786407471,-9.359930992126465,-57.72835159301758,13.53417682647705
2026-04-02 13:04:23.749,2002.755204981,647818266,left_foot,左脚,D4:22:CD:00:84:61,0.15689820051193237,0.5092111229896545,-0.11708084493875504,0.8380807042121887,-4.591274250219079,-62.90586097399609,161.6019388341937,8.12000560760498,-0.928148627281189,5.808809280395508,0.18938864767551422,-43.390480041503906,7.085020542144775
2026-04-02 13:04:23.778,2002.784561137,647851600,left_foot,左脚,D4:22:CD:00:84:61,0.15426285564899445,0.5145617723464966,-0.12109819799661636,0.8347242474555969,-5.620477500911117,-63.68832321610232,162.5515166788006,8.253894805908203,0.30700114369392395,5.321933269500732,-5.363275051116943,-23.497358322143555,10.683516502380371
2026-04-02 13:04:23.809,2002.815699888,647884934,left_foot,左脚,D4:22:CD:00:84:61,0.15302054584026337,0.5157420039176941,-0.12513507902622223,0.8336285352706909,-6.634411733735237,-63.91863267859348,163.33911629929554,7.784487724304199,-0.4170157313346863,5.3459906578063965,-9.109039306640625,-7.0358567237854,9.700972557067871
2026-04-02 13:04:23.839,2002.845652557,647918268,left_foot,左脚,D4:22:CD:00:84:61,0.15309102833271027,0.5176184177398682,-0.12766610085964203,0.8320671319961548,-7.128274241770213,-64.22065103413004,163.62647318415083,7.558979511260986,-0.8523573875427246,5.92735481262207,-7.001359939575195,-8.578899383544922,2.700316905975342
2026-04-02 13:04:23.869,2002.875298311,647951602,left_foot,左脚,D4:22:CD:00:84:61,0.1535123586654663,0.5229397416114807,-0.13081508874893188,0.8281639814376831,-7.63113432947895,-65.00206454683777,163.86319386573285,7.345884799957275,0.18705710768699646,5.709466934204102,-8.6183500289917,-22.85123062133789,0.04423030465841293
2026-04-02 13:04:23.899,2002.90555256,647984936,left_foot,左脚,D4:22:CD:00:84:61,0.15133249759674072,0.5347360372543335,-0.13765355944633484,0.8198825716972351,-9.29614038703404,-66.70839800901423,165.21092911064176,7.319806098937988,0.3443329334259033,6.732868194580078,-12.954764366149902,-52.360260009765625,8.913342475891113
2026-04-02 13:04:23.959,2002.965633397,648018270,left_foot,左脚,D4:22:CD:00:84:61,0.1462356448173523,0.5573434233665466,-0.14355194568634033,0.8045970797538757,-11.390136406429612,-69.86072128883785,167.36613196973565,8.164637565612793,-2.4223525524139404,8.886125564575195,-2.6140072345733643,-96.72271728515625,6.666944980621338
2026-04-02 13:04:23.988,2002.994456218,648051604,left_foot,左脚,D4:22:CD:00:84:61,0.13897249102592468,0.5941877365112305,-0.14548692107200623,0.778756320476532,-13.72689753470124,-74.99251561162934,170.31598410023184,8.448802947998047,-0.6817370653152466,11.607690811157227,14.280948638916016,-155.5879364013672,-7.376767635345459
2026-04-02 13:04:24.019,2003.025466154,648084938,left_foot,左脚,D4:22:CD:00:84:61,0.12725763022899628,0.6535462141036987,-0.14694751799106598,0.7314980626106262,-25.374213752776328,-83.4817858810492,-177.0225217815583,7.993095397949219,-2.0844004154205322,12.668436050415039,24.654312133789062,-262.0323486328125,-17.938121795654297
2026-04-02 13:04:24.049,2003.055541225,648118272,left_foot,左脚,D4:22:CD:00:84:61,0.10785822570323944,0.7349842190742493,-0.1545659899711609,0.6513634324073792,-161.5325382977262,-82.23304562502169,-39.90505741965222,9.34188461303711,2.76896595954895,18.33401107788086,19.402523040771484,-398.9185485839844,-10.28552532196045
2026-04-02 13:04:24.079,2003.08543713,648151606,left_foot,左脚,D4:22:CD:00:84:61,0.06972817331552505,0.8279095888137817,-0.17761072516441345,0.5274070501327515,-170.5938962541806,-63.90416925734311,-30.090895321642172,19.302778244018555,6.565112590789795,24.497167587280273,13.34223747253418,-552.9976806640625,48.652767181396484
2026-04-02 13:04:24.169,2003.175581905,648184940,left_foot,左脚,D4:22:CD:00:84:61,0.028458263725042343,0.8840112686157227,-0.18741370737552643,0.4273061752319336,-170.15794515050396,-50.00973847116582,-28.53867793239054,11.83762264251709,3.6267223358154297,18.816179275512695,52.43675231933594,-416.38458251953125,44.801353454589844
2026-04-02 13:04:24.170,2003.1766897,648218274,left_foot,左脚,D4:22:CD:00:84:61,0.058907315135002136,0.8678268194198608,-0.1983206868171692,0.45174726843833923,-172.50633057675287,-53.8467310388911,-29.55464629868736,17.618064880371094,16.888809204101562,21.95551109313965,-93.73435974121094,114.93484497070312,1.3325332403182983
2026-04-02 13:04:24.200,2003.206340109,648251608,left_foot,左脚,D4:22:CD:00:84:61,0.07399478554725647,0.8273036479949951,-0.21114347875118256,0.5152787566184998,-168.26274032841368,-62.10797348082148,-35.71795117372214,2.927598714828491,-10.187247276306152,12.508896827697754,-28.660139083862305,258.27099609375,55.3653450012207
2026-04-02 13:04:24.201,2003.207403493,648284942,left_foot,左脚,D4:22:CD:00:84:61,0.05838313698768616,0.752267599105835,-0.19524243474006653,0.6265506148338318,-142.99285002403593,-74.89827484242244,-57.85257880782932,4.377674102783203,7.158929824829102,7.847480297088623,135.2294158935547,441.2057800292969,65.69062042236328
2026-04-02 13:04:24.259,2003.265588965,648318276,left_foot,左脚,D4:22:CD:00:84:61,0.0437665656208992,0.6616489291191101,-0.1860937923192978,0.7250341176986694,-75.40620305862865,-77.34980600923424,-123.41764188270676,3.3064494132995605,-3.3210508823394775,6.150628089904785,106.2852554321289,440.9299011230469,89.34766387939453
2026-04-02 13:04:24.289,2003.295605103,648351610,left_foot,左脚,D4:22:CD:00:84:61,0.04567671939730644,0.5777242183685303,-0.13736416399478912,0.803292989730835,-29.67039050239811,-70.17149905224375,-165.42963594278586,12.155730247497559,1.0720832347869873,8.391209602355957,155.1707000732422,394.5179138183594,-49.412078857421875
2026-04-02 13:04:24.319,2003.32529261,648384944,left_foot,左脚,D4:22:CD:00:84:61,0.08377280831336975,0.48420149087905884,-0.08045326918363571,0.8672131299972534,-6.432135304056063,-58.57145368955412,172.5747313254808,23.518156051635742,0.31366783380508423,12.418777465820312,97.46914672851562,411.17657470703125,-163.35818481445312
2026-04-02 13:04:24.349,2003.35538884,648418278,left_foot,左脚,D4:22:CD:00:84:61,0.1328115165233612,0.377615749835968,-0.020747194066643715,0.9161535501480103,4.986101583606161,-44.2202730064028,161.47625078093301,33.06376647949219,0.2509085536003113,3.865849256515503,79.88607788085938,429.5058288574219,-201.1556396484375
2026-04-02 13:04:24.379,2003.385516404,648451612,left_foot,左脚,D4:22:CD:00:84:61,0.17109651863574982,0.2961605191230774,0.018129684031009674,0.9395138621330261,9.333051597679129,-33.386906660652784,156.55321171716602,36.79961395263672,-8.372804641723633,-16.127092361450195,37.633846282958984,306.73675537109375,-153.2733154296875
2026-04-02 13:04:24.409,2003.415534215,648484946,left_foot,左脚,D4:22:CD:00:84:61,0.18475158512592316,0.2888892590999603,0.03126950189471245,0.9388462901115417,11.259139675882942,-32.065668054549434,154.48943630455852,38.03244400024414,-7.478610992431641,-33.543697357177734,24.60536766052246,29.68824005126953,-57.102420806884766
2026-04-02 13:04:24.439,2003.445278527,648518280,left_foot,左脚,D4:22:CD:00:84:61,0.1876821368932724,0.3218561112880707,-0.038495734333992004,0.9272012710571289,3.5807315038964123,-37.68360998354514,155.89159660502148,13.002738952636719,-2.1771907806396484,4.001341342926025,-205.73570251464844,-161.68646240234375,57.052093505859375
2026-04-02 13:04:24.469,2003.475641712,648551614,left_foot,左脚,D4:22:CD:00:84:61,0.19826321303844452,0.4030371308326721,-0.08881548047065735,0.8890246748924255,0.16480710421731412,-48.74978849014172,154.78147807550812,6.000476837158203,-9.824461936950684,10.54431438446045,-124.73516845703125,-331.77447509765625,-12.941981315612793
2026-04-02 13:04:24.499,2003.505617356,648584948,left_foot,左脚,D4:22:CD:00:84:61,0.19535018503665924,0.4600890874862671,-0.10880757123231888,0.859254002571106,-0.7490766886776018,-56.42657009681316,154.7850809902951,31.938520431518555,-2.306946277618408,1.4269886016845703,-27.370906829833984,-229.291748046875,-1.2541528940200806
2026-04-02 13:04:24.560,2003.566253828,648618282,left_foot,左脚,D4:22:CD:00:84:61,0.19142264127731323,0.4861844480037689,-0.11660172790288925,0.8446219563484192,-1.241300870609584,-59.98842837056016,155.17725818085128,10.49783992767334,-1.077910304069519,4.272384166717529,-4.889090061187744,-105.67071533203125,4.172183036804199
2026-04-02 13:04:24.589,2003.595539805,648651616,left_foot,左脚,D4:22:CD:00:84:61,0.18879710137844086,0.4999240040779114,-0.12095534056425095,0.8365415930747986,-1.6543128768371507,-61.89504630799196,155.55623732122837,7.735861778259277,0.28182101249694824,6.182750701904297,-2.5886757373809814,-56.07005310058594,3.91813325881958
2026-04-02 13:04:24.619,2003.62556619,648684950,left_foot,左脚,D4:22:CD:00:84:61,0.18658466637134552,0.5126237869262695,-0.12331075221300125,0.8289739489555359,-1.6960074874576427,-63.62672028907409,155.6827755602946,8.51860237121582,-0.916853666305542,5.358250141143799,1.9900351762771606,-50.83530044555664,0.08388785272836685
2026-04-02 13:04:24.649,2003.655548344,648718284,left_foot,左脚,D4:22:CD:00:84:61,0.18412116169929504,0.5185514092445374,-0.12655627727508545,0.8253409266471863,-2.38960928869004,-64.49750089012511,156.35597970478312,8.425518989562988,0.7966521978378296,5.242964744567871,-2.7778592109680176,-25.354738235473633,7.771427631378174
2026-04-02 13:04:24.679,2003.685382769,648751618,left_foot,左脚,D4:22:CD:00:84:61,0.18253375589847565,0.518450915813446,-0.1305244415998459,0.8251385688781738,-3.491105911871601,-64.58697167736027,157.25913944936778,7.947781085968018,-0.3675779700279236,4.880337715148926,-8.65677261352539,-2.2859914302825928,11.430088996887207
2026-04-02 13:04:24.739,2003.745614733,648784952,left_foot,左脚,D4:22:CD:00:84:61,0.18226279318332672,0.5189071893692017,-0.13387615978717804,0.824374258518219,-4.242470780312323,-64.73569510152947,157.7555521106178,7.367291450500488,-0.339933842420578,6.047065258026123,-9.160052299499512,-3.9666199684143066,5.993520259857178
2026-04-02 13:04:24.740,2003.746661111,648818286,left_foot,左脚,D4:22:CD:00:84:61,0.18176347017288208,0.5230928659439087,-0.13856886327266693,0.821057140827179,-5.155998679225945,-65.41589252610001,158.3470737170123,7.464595794677734,-0.10379121452569962,5.291863441467285,-11.397944450378418,-20.12285804748535,5.721563339233398
2026-04-02 13:04:24.769,2003.77555988,648851620,left_foot,左脚,D4:22:CD:00:84:61,0.18013018369674683,0.5342351794242859,-0.14435018599033356,0.8132092952728271,-6.231092647199998,-67.05702317340916,159.15169614817876,7.155866622924805,0.10461887717247009,7.132768154144287,-10.21471118927002,-49.20743942260742,4.768157482147217
2026-04-02 13:04:24.799,2003.805420719,648884954,left_foot,左脚,D4:22:CD:00:84:61,0.17404571175575256,0.5582981109619141,-0.15137669444084167,0.7969294190406799,-8.075856077274238,-70.48279637793054,161.07097434742425,8.142648696899414,-0.984688937664032,9.975729942321777,-1.6809182167053223,-103.93744659423828,7.893510341644287
2026-04-02 13:04:24.859,2003.865586614,648918288,left_foot,左脚,D4:22:CD:00:84:61,0.16145333647727966,0.5980440378189087,-0.16150428354740143,0.7682399153709412,-13.316427484695044,-76.17578038331182,166.71787477986427,8.480141639709473,-0.9579556584358215,12.648200988769531,5.219533443450928,-176.21221923828125,16.10768699645996
2026-04-02 13:04:24.889,2003.895578745,648951622,left_foot,左脚,D4:22:CD:00:84:61,0.14555777609348297,0.6632151007652283,-0.1661951243877411,0.715079128742218,-34.44335696784419,-85.47588525672613,-171.04689551002596,8.020873069763184,-3.1640403270721436,13.499210357666016,26.8575382232666,-293.0033264160156,-14.100377082824707
2026-04-02 13:04:24.919,2003.925507448,648984956,left_foot,左脚,D4:22:CD:00:84:61,0.12374813109636307,0.7510966062545776,-0.1765572726726532,0.6239935755729675,-169.75732841741376,-78.82979164533457,-34.881431058515155,9.689008712768555,3.258922815322876,21.002878189086914,15.817046165466309,-442.69586181640625,-18.60549545288086
2026-04-02 13:04:24.949,2003.955543663,649018290,left_foot,左脚,D4:22:CD:00:84:61,0.08090159296989441,0.8439984321594238,-0.2028854638338089,0.4898562729358673,-173.00478129453592,-59.283283546183874,-31.017204275298056,22.189189910888672,5.381287574768066,23.356857299804688,12.436171531677246,-586.35888671875,46.78019332885742
2026-04-02 13:04:24.979,2003.985524515,649051624,left_foot,左脚,D4:22:CD:00:84:61,0.057577140629291534,0.8772178292274475,-0.2053808718919754,0.4301077723503113,-173.08019870794524,-51.10032481425973,-29.66546270481824,21.157060623168945,7.112689971923828,19.716949462890625,31.366138458251953,-247.7130889892578,6.871365070343018
2026-04-02 13:04:25.009,2004.015323638,649084958,left_foot,左脚,D4:22:CD:00:84:61,0.09939882159233093,0.8366621732711792,-0.2381494790315628,0.4831163287162781,-172.91875363313412,-58.843092691363076,-35.77425020249503,5.786902904510498,6.913267135620117,21.898704528808594,-144.30197143554688,241.23114013671875,76.07270050048828
2026-04-02 13:04:25.039,2004.04565674,649118292,left_foot,左脚,D4:22:CD:00:84:61,0.07936302572488785,0.7786664366722107,-0.2389039546251297,0.5747220516204834,-155.1981627832799,-68.89998008356807,-51.26864653244624,-1.8167256116867065,-4.466259479522705,10.066786766052246,112.56526184082031,341.6190185546875,114.48517608642578
2026-04-02 13:04:25.069,2004.075687515,649151626,left_foot,左脚,D4:22:CD:00:84:61,0.05974207818508148,0.7151370048522949,-0.22684995830059052,0.6584446430206299,-120.52526297008369,-75.66413788284594,-83.04562893479208,2.878438949584961,0.9173493385314941,6.388889789581299,128.55364990234375,335.1880798339844,81.96895599365234
2026-04-02 13:04:25.129,2004.135313757,649184960,left_foot,左脚,D4:22:CD:00:84:61,0.07405219972133636,0.6456688046455383,-0.19350416958332062,0.7349724769592285,-64.1852669934715,-77.89258172480943,-137.74969578246595,7.65339994430542,0.3303903639316559,6.489067554473877,86.2672348022461,361.8723449707031,-44.02065658569336
2026-04-02 13:04:25.159,2004.165484012,649218294,left_foot,左脚,D4:22:CD:00:84:61,0.1000436544418335,0.567318856716156,-0.14997424185276031,0.8035225868225098,-22.272072732394605,-70.34154911679397,-178.4002436714113,12.179238319396973,-0.28147292137145996,9.250539779663086,78.56869506835938,377.1016845703125,-92.14907836914062
2026-04-02 13:04:25.189,2004.195558221,649251628,left_foot,左脚,D4:22:CD:00:84:61,0.12669837474822998,0.4787600636482239,-0.09263086318969727,0.8638032078742981,-4.222023366891915,-58.274940486310605,165.66557704057536,21.61361312866211,-3.3396856784820557,11.095407485961914,107.7234115600586,394.5076599121094,-118.38988494873047
2026-04-02 13:04:25.219,2004.225537096,649284962,left_foot,左脚,D4:22:CD:00:84:61,0.1497197151184082,0.3784886300563812,-0.02509012073278427,0.913072407245636,5.415171572417753,-44.32181748321739,159.16880261210457,31.603151321411133,-1.048632025718689,1.1193482875823975,135.3597412109375,414.9623718261719,-125.42919921875
2026-04-02 13:04:25.249,2004.255337781,649318296,left_foot,左脚,D4:22:CD:00:84:61,0.17164607346057892,0.30189618468284607,0.023833973333239555,0.9374584555625916,10.295063615388887,-33.90711620231465,156.1023831883134,34.89170837402344,-6.187288284301758,-17.0648250579834,88.14635467529297,298.6112060546875,-112.27899169921875
2026-04-02 13:04:25.279,2004.285519369,649351630,left_foot,左脚,D4:22:CD:00:84:61,0.19714942574501038,0.2961375117301941,0.016224239021539688,0.9344366192817688,10.12000599733956,-33.16459705153972,153.15201332832024,38.010135650634766,-4.216660022735596,-33.438743591308594,-53.86098861694336,8.896722793579102,-75.54095458984375
2026-04-02 13:04:25.309,2004.31553001,649384964,left_foot,左脚,D4:22:CD:00:84:61,0.210338294506073,0.3379213213920593,-0.04802292585372925,0.9161118865013123,4.0395860214645145,-39.743327933985775,152.6775501134521,8.860013008117676,-4.061098098754883,5.239145755767822,-190.3566436767578,-196.3197784423828,13.79238224029541
2026-04-02 13:04:25.339,2004.345575646,649418298,left_foot,左脚,D4:22:CD:00:84:61,0.2198125571012497,0.4262610673904419,-0.1014280840754509,0.8716057538986206,0.9843475094650117,-51.96674556512757,151.211403269931,23.646804809570312,-8.168723106384277,10.564905166625977,-122.74288940429688,-366.88433837890625,-14.254318237304688
2026-04-02 13:04:25.369,2004.375278641,649451632,left_foot,左脚,D4:22:CD:00:84:61,0.21190235018730164,0.4710347652435303,-0.1175229549407959,0.8481817245483398,0.028733255495059368,-58.08710513633639,151.92975163238825,18.44113540649414,-2.6153149604797363,2.6837644577026367,-11.127479553222656,-182.2761688232422,13.780049324035645
2026-04-02 13:04:25.399,2004.405529593,649484966,left_foot,左脚,D4:22:CD:00:84:61,0.2064521759748459,0.4964406490325928,-0.12666873633861542,0.8335942029953003,-0.7475888923343234,-61.637791157299056,152.625464851801,12.351888656616211,0.3935219347476959,3.016084909439087,-5.48169469833374,-105.29846954345703,9.556168556213379
2026-04-02 13:04:25.429,2004.435516552,649518300,left_foot,左脚,D4:22:CD:00:84:61,0.20378604531288147,0.5077335834503174,-0.13079576194286346,0.8267831802368164,-1.188693957744684,-63.23738018872298,153.0392329118423,8.844602584838867,-1.3262901306152344,5.4391913414001465,-2.473021984100342,-46.805198669433594,4.719969272613525
2026-04-02 13:04:25.489,2004.495331673,649551634,left_foot,左脚,D4:22:CD:00:84:61,0.20134547352790833,0.5162361264228821,-0.13086651265621185,0.8220914602279663,-0.9644234922750287,-64.35398816717579,153.08299832274253,8.028792381286621,-0.7919087409973145,5.982536792755127,7.605031490325928,-32.3270149230957,-0.31030911207199097
2026-04-02 13:04:25.519,2004.525504677,649584968,left_foot,左脚,D4:22:CD:00:84:61,0.19974276423454285,0.5214809775352478,-0.1329011470079422,0.8188393712043762,-1.2695447986748416,-65.10900876789933,153.3931720805098,8.017332077026367,1.2782111167907715,5.173372268676758,-1.0274090766906738,-21.648193359375,3.291187047958374
2026-04-02 13:04:25.579,2004.585572169,649618302,left_foot,左脚,D4:22:CD:00:84:61,0.1991845965385437,0.5234472751617432,-0.13720586895942688,0.8170086741447449,-2.1659754060291196,-65.50263733699353,153.99080817222656,7.721978187561035,0.030061369761824608,5.232388496398926,-10.785998344421387,-11.035365104675293,7.00323486328125
2026-04-02 13:04:25.580,2004.586678407,649651636,left_foot,左脚,D4:22:CD:00:84:61,0.1999703347682953,0.5254631638526917,-0.14182738959789276,0.8147302865982056,-2.9424322441362496,-65.9154062391427,154.3274433131625,7.670302391052246,-0.6969181895256042,5.4222187995910645,-14.259749412536621,-11.645217895507812,3.4792561531066895
2026-04-02 13:04:25.609,2004.615659883,649684970,left_foot,左脚,D4:22:CD:00:84:61,0.19945676624774933,0.5349594950675964,-0.14585471153259277,0.8079369068145752,-3.311283377040221,-67.31070514196153,154.4701164961171,7.108520984649658,-0.04656253755092621,6.598626613616943,-7.318521976470947,-41.06672668457031,-0.7078819870948792
2026-04-02 13:04:25.642,2004.648515588,649718304,left_foot,左脚,D4:22:CD:00:84:61,0.19381727278232574,0.556522011756897,-0.1535876989364624,0.7931765913963318,-4.786650949846502,-70.45451568886305,155.91806067068373,7.8821120262146,-0.011917446739971638,8.709060668945312,-3.8752589225769043,-94.48194122314453,8.883271217346191
2026-04-02 13:04:25.669,2004.675532728,649751638,left_foot,左脚,D4:22:CD:00:84:61,0.1857399195432663,0.588661253452301,-0.15878871083259583,0.7705613374710083,-5.795559589019287,-75.05770243494528,157.34862339163942,8.859931945800781,-1.3246639966964722,10.534758567810059,10.643294334411621,-138.12094116210938,-0.10782663524150848
2026-04-02 13:04:25.699,2004.705568571,649784972,left_foot,左脚,D4:22:CD:00:84:61,0.17125645279884338,0.6415259838104248,-0.16669818758964539,0.728922426700592,-10.867207973350142,-82.90424291476933,163.16154380040405,8.368889808654785,-1.371018409729004,11.707287788391113,19.227436065673828,-237.11363220214844,-1.1154072284698486
2026-04-02 13:04:25.759,2004.765615225,649818306,left_foot,左脚,D4:22:CD:00:84:61,0.15317189693450928,0.7152978777885437,-0.1727561503648758,0.6595779061317444,-173.97098186394962,-85.21294756101909,-32.701721708608254,8.84902286529541,-1.1530705690383911,16.16083335876465,28.136398315429688,-352.2605895996094,-24.508657455444336
2026-04-02 13:04:25.789,2004.795571794,649851640,left_foot,左脚,D4:22:CD:00:84:61,0.11885429918766022,0.808426022529602,-0.18920862674713135,0.5445376038551331,-177.89907440107896,-67.73074129545643,-27.755455529781297,17.337858200073242,4.298397064208984,22.5423526763916,27.654708862304688,-525.4650268554688,2.4666695594787598
2026-04-02 13:04:25.819,2004.825563484,649884974,left_foot,左脚,D4:22:CD:00:84:61,0.07554257661104202,0.8765321969985962,-0.20400799810886383,0.4293782711029053,-176.05356801117202,-51.58677606669297,-28.111834784565474,10.63504695892334,4.553348064422607,22.361434936523438,45.824710845947266,-484.32220458984375,31.115083694458008
2026-04-02 13:04:25.849,2004.855380202,649918308,left_foot,左脚,D4:22:CD:00:84:61,0.09137644618749619,0.8690363168716431,-0.21957288682460785,0.43383657932281494,-177.01000312387794,-52.57663823681924,-29.83670287695425,28.286148071289062,17.958389282226562,20.447101593017578,-68.927978515625,30.032114028930664,29.940868377685547
2026-04-02 13:04:25.879,2004.885550018,649951642,left_foot,左脚,D4:22:CD:00:84:61,0.09826172143220901,0.833264946937561,-0.2510012090206146,0.4827140271663666,-171.3203567787483,-58.62573653228019,-38.40709375493451,-1.1683415174484253,-10.101156234741211,15.818032264709473,-40.46651077270508,192.75244140625,125.79521179199219
2026-04-02 13:04:25.909,2004.915529647,649984976,left_foot,左脚,D4:22:CD:00:84:61,0.07553770393133163,0.7872440814971924,-0.22500267624855042,0.5691351294517517,-158.071560641325,-68.44864907055126,-46.9154219375518,2.626206159591675,3.469343900680542,9.261530876159668,168.1634063720703,311.4508056640625,32.250370025634766
2026-04-02 13:04:25.939,2004.94552858,650018310,left_foot,左脚,D4:22:CD:00:84:61,0.09827227890491486,0.7158285975456238,-0.2088565081357956,0.659022867679596,-129.78157694831415,-79.91342409424684,-75.40358409076556,5.9530534744262695,0.12621930241584778,6.24649715423584,22.026626586914062,403.3964538574219,-9.308832168579102
2026-04-02 13:04:25.969,2004.975445789,650051644,left_foot,左脚,D4:22:CD:00:84:61,0.13241833448410034,0.6299846768379211,-0.1798626184463501,0.7437973618507385,-35.43600035245293,-79.99602995658181,-170.17711322916836,11.086194038391113,-0.21306376159191132,6.559096336364746,14.245625495910645,436.3309020996094,-58.07920837402344
2026-04-02 13:04:25.999,2005.005692664,650084978,left_foot,左脚,D4:22:CD:00:84:61,0.15859055519104004,0.52558434009552,-0.13659356534481049,0.8245923519134521,-8.12484891151988,-65.52060696454583,163.46020349323356,17.271953582763672,-1.0896085500717163,9.288261413574219,57.31170654296875,477.14532470703125,-58.720699310302734
2026-04-02 13:04:26.059,2005.065378833,650118312,left_foot,左脚,D4:22:CD:00:84:61,0.16553151607513428,0.4175891578197479,-0.06087707355618477,0.8913544416427612,2.64318063513365,-49.87088045441899,157.73006213135824,28.500486373901367,-2.52083420753479,6.911900043487549,175.7378387451172,470.9477844238281,-68.61314392089844
2026-04-02 13:04:26.089,2005.095476452,650151646,left_foot,左脚,D4:22:CD:00:84:61,0.17383183538913727,0.322316437959671,0.006246381904929876,0.9305137991905212,8.874269842680917,-36.7030582852749,155.88778941302573,37.240413665771484,-2.765833616256714,-8.806020736694336,148.51092529296875,387.613525390625,-78.54817962646484
2026-04-02 13:04:26.119,2005.125620808,650184980,left_foot,左脚,D4:22:CD:00:84:61,0.18813420832157135,0.29059481620788574,0.030720587819814682,0.9376655220985413,11.38356177703478,-32.23561590957789,154.01002747500587,37.60285568237305,-7.424473762512207,-32.03961181640625,43.58078384399414,123.35455322265625,-68.3234634399414
2026-04-02 13:04:26.149,2005.155670469,650218314,left_foot,左脚,D4:22:CD:00:84:61,0.1990218609571457,0.3193577229976654,-0.034017164260149,0.9258748292922974,4.619141342883125,-37.22241022413519,154.18085089646775,25.031248092651367,-7.137548923492432,-13.145049095153809,-199.54608154296875,-146.83055114746094,25.9257755279541
2026-04-02 13:04:26.180,2005.186401596,650251648,left_foot,左脚,D4:22:CD:00:84:61,0.19722872972488403,0.39580103754997253,-0.0856708213686943,0.8928064107894897,0.2687197975572826,-47.77748663987322,154.96683930377054,3.9552533626556396,-8.020719528198242,16.185447692871094,-114.0566635131836,-314.6577453613281,31.07710075378418
2026-04-02 13:04:26.209,2005.215547819,650284982,left_foot,左脚,D4:22:CD:00:84:61,0.1959785521030426,0.45902329683303833,-0.1091243177652359,0.8596407175064087,-0.7949701971079006,-56.300820524782694,154.74008793497634,33.58085250854492,-3.236093044281006,1.074298620223999,-37.426429748535156,-254.64112854003906,-5.7391438484191895
2026-04-02 13:04:26.239,2005.245551857,650318316,left_foot,左脚,D4:22:CD:00:84:61,0.19082695245742798,0.49064043164253235,-0.11960864812135696,0.8417548537254333,-1.6493638909424193,-60.650560655653216,155.4185666593293,11.22062873840332,0.48685312271118164,3.8971221446990967,-8.592362403869629,-129.3442840576172,7.443381309509277
2026-04-02 13:04:26.269,2005.275388836,650351650,left_foot,左脚,D4:22:CD:00:84:61,0.1865934282541275,0.5072965025901794,-0.1270948350429535,0.8316731452941895,-2.7913198045494956,-63.029446444118946,156.4208678639047,9.288363456726074,-0.5212149024009705,5.113883018493652,-8.068817138671875,-70.4972915649414,11.06963062286377
2026-04-02 13:04:26.299,2005.305316359,650384984,left_foot,左脚,D4:22:CD:00:84:61,0.18307483196258545,0.5166844129562378,-0.12886908650398254,0.8263861536979675,-3.148110459453184,-64.3091967250942,156.99654769113573,8.314375877380371,-0.9337598085403442,5.568504333496094,4.423906326293945,-37.42812728881836,5.307793617248535
2026-04-02 13:04:26.359,2005.365591179,650418318,left_foot,左脚,D4:22:CD:00:84:61,0.18023830652236938,0.5221307277679443,-0.12989088892936707,0.8234211206436157,-3.49233163616432,-65.0517687375955,157.5340496700055,8.16204833984375,-0.09003475308418274,5.369256973266602,3.8821797370910645,-21.40540885925293,5.235974311828613
2026-04-02 13:04:26.419,2005.42534957,650451652,left_foot,左脚,D4:22:CD:00:84:61,0.17819951474666595,0.5245072841644287,-0.133114755153656,0.8218381404876709,-4.3974602792552435,-65.44486075474153,158.35819672033958,7.690464019775391,0.9118689298629761,5.10752010345459,-5.017327785491943,-11.311925888061523,9.212135314941406
2026-04-02 13:04:26.421,2005.42718594,650484986,left_foot,左脚,D4:22:CD:00:84:61,0.17617833614349365,0.5258099436759949,-0.13937857747077942,0.8204017281532288,-6.071786858631904,-65.76387572354732,159.68745464415417,7.780086517333984,-0.09403132647275925,5.821430206298828,-14.14143180847168,-9.943845748901367,15.314430236816406
2026-04-02 13:04:26.449,2005.455545276,650518320,left_foot,左脚,D4:22:CD:00:84:61,0.17557117342948914,0.5302283763885498,-0.14489620923995972,0.8167238831520081,-7.27166098600979,-66.48840870552306,160.5056293933617,7.547708988189697,-1.1611006259918213,5.56260347366333,-13.80191421508789,-21.72629165649414,7.120782852172852
2026-04-02 13:04:26.479,2005.485520171,650551654,left_foot,左脚,D4:22:CD:00:84:61,0.17191869020462036,0.5446305274963379,-0.1518203616142273,0.8067046403884888,-9.087023051996757,-68.57762177503368,162.14217698785632,7.248908996582031,0.5049324035644531,7.698519229888916,-9.32908821105957,-63.77755355834961,9.454350471496582
2026-04-02 13:04:26.509,2005.515590615,650584988,left_foot,左脚,D4:22:CD:00:84:61,0.16411636769771576,0.5710904598236084,-0.15923933684825897,0.788393497467041,-12.093597886054505,-72.31774607196145,165.33500335413908,8.824155807495117,-1.8282444477081299,9.762934684753418,-0.15286631882190704,-115.36759185791016,10.726646423339844
2026-04-02 13:04:26.539,2005.545351111,650618322,left_foot,左脚,D4:22:CD:00:84:61,0.15196852385997772,0.6139726042747498,-0.16686399281024933,0.75637286901474,-19.069327875244454,-78.37866177193474,172.87383876009898,8.425019264221191,-1.206861138343811,11.821179389953613,9.551751136779785,-189.57220458984375,6.202000617980957
2026-04-02 13:04:26.569,2005.575484022,650651656,left_foot,左脚,D4:22:CD:00:84:61,0.1343018114566803,0.6797957420349121,-0.1743706911802292,0.6995970606803894,-76.31576327096431,-86.37786255691404,-128.91126934257596,8.30821704864502,-1.1978223323822021,14.300992965698242,19.160247802734375,-305.1626892089844,-5.781857967376709
2026-04-02 13:04:26.629,2005.635557819,650684990,left_foot,左脚,D4:22:CD:00:84:61,0.10729233920574188,0.768099844455719,-0.1883356273174286,0.6025287508964539,-166.0908478177972,-75.02046408428532,-38.252243639745984,12.841620445251465,1.633752465248108,19.264591217041016,11.591584205627441,-463.3915710449219,-0.16588982939720154
2026-04-02 13:04:26.660,2005.666261168,650718324,left_foot,左脚,D4:22:CD:00:84:61,0.06525524705648422,0.8515259623527527,-0.2149600088596344,0.4737485647201538,-170.32142553324246,-56.60259125651823,-33.55606364059092,21.35112762451172,7.068979263305664,25.86820411682129,3.0333304405212402,-553.0990600585938,56.2989387512207
2026-04-02 13:04:26.689,2005.695621381,650751658,left_foot,左脚,D4:22:CD:00:84:61,0.049301665276288986,0.8760839104652405,-0.21166077256202698,0.4304026663303375,-171.27942008097125,-50.80574348956928,-31.31220115785138,23.23249626159668,10.927064895629883,17.378644943237305,25.783151626586914,-179.6361846923828,-11.350269317626953
2026-04-02 13:04:26.719,2005.725541289,650784992,left_foot,左脚,D4:22:CD:00:84:61,0.09914956241846085,0.8462900519371033,-0.2541249394416809,0.4575842618942261,-173.42291252307967,-55.57739117704753,-36.896839930800866,0.5425862669944763,3.2750914096832275,19.36500358581543,-196.80130004882812,152.60394287109375,80.12017822265625
2026-04-02 13:04:26.749,2005.75554497,650818326,left_foot,左脚,D4:22:CD:00:84:61,0.08558695763349533,0.8088301420211792,-0.24020695686340332,0.5298770070075989,-164.67885289795282,-63.93261227850893,-42.676889376840144,4.107878684997559,-3.239288568496704,9.461929321289062,112.8437728881836,259.5769348144531,38.121177673339844
2026-04-02 13:04:26.780,2005.786300627,650851660,left_foot,左脚,D4:22:CD:00:84:61,0.08132079988718033,0.7400991916656494,-0.23926511406898499,0.6232116222381592,-139.73632834344252,-74.02688032114109,-66.72933156372783,4.1860175132751465,1.580665946006775,6.672371864318848,71.58012390136719,379.1883544921875,89.7747573852539
2026-04-02 13:04:26.809,2005.815489733,650884994,left_foot,左脚,D4:22:CD:00:84:61,0.08395294845104218,0.667620062828064,-0.2067982405424118,0.710260808467865,-82.77300899431296,-79.44853183737688,-121.05773771119077,4.782240867614746,-2.580935001373291,6.571670055389404,115.27135467529297,385.62384033203125,-3.740220546722412
2026-04-02 13:04:26.839,2005.845526744,650918328,left_foot,左脚,D4:22:CD:00:84:61,0.0991448312997818,0.5876793265342712,-0.15367645025253296,0.7881541848182678,-25.62941204428885,-73.10444633359616,-175.1954506827416,12.852212905883789,-0.28996706008911133,7.84382963180542,127.95867919921875,397.83135986328125,-79.01371002197266
2026-04-02 13:04:26.869,2005.87555054,650951662,left_foot,左脚,D4:22:CD:00:84:61,0.12722988426685333,0.4897782802581787,-0.09372682124376297,0.8574061393737793,-4.107205783800495,-59.737699261642746,165.4784788291783,21.198638916015625,-2.7486023902893066,10.2355318069458,109.9786605834961,438.49884033203125,-120.84765625
2026-04-02 13:04:26.929,2005.935537311,650984996,left_foot,左脚,D4:22:CD:00:84:61,0.15371927618980408,0.3779233992099762,-0.021886875852942467,0.9127243161201477,6.09963792138286,-44.15551897288327,158.40413601967776,34.117340087890625,0.18574030697345734,0.25026512145996094,136.86746215820312,461.4817810058594,-137.78167724609375
2026-04-02 13:04:26.959,2005.965597401,651018330,left_foot,左脚,D4:22:CD:00:84:61,0.18027403950691223,0.3001136779785156,0.02552887611091137,0.9363662600517273,10.790908340437404,-33.56124349700905,154.94216243389656,37.78151321411133,-6.74617862701416,-19.963308334350586,75.6099853515625,300.5318908691406,-124.6525650024414
2026-04-02 13:04:26.989,2005.995475455,651051664,left_foot,左脚,D4:22:CD:00:84:61,0.19819748401641846,0.29986923933029175,0.00808806624263525,0.9331297278404236,9.277994082153528,-33.80909813968357,153.19180012440577,36.390567779541016,-1.1926050186157227,-34.74213409423828,-74.07290649414062,-15.255680084228516,-40.10003662109375
2026-04-02 13:04:27.019,2006.02536116,651084998,left_foot,左脚,D4:22:CD:00:84:61,0.21062253415584564,0.3419661223888397,-0.06536255776882172,0.9134688973426819,1.8627461037819244,-40.714046488238345,153.3407539405456,5.541978359222412,-11.317428588867188,10.744393348693848,-218.90402221679688,-205.0741424560547,25.1925106048584
2026-04-02 13:04:27.049,2006.055573183,651118332,left_foot,左脚,D4:22:CD:00:84:61,0.2162703424692154,0.43160220980644226,-0.10756701976060867,0.8691238760948181,-0.02774391759790854,-52.82166173223885,152.0667362316369,27.75197982788086,-10.166070938110352,8.665833473205566,-84.33867645263672,-363.0751037597656,-20.33816909790039
2026-04-02 13:04:27.079,2006.085580392,651151666,left_foot,左脚,D4:22:CD:00:84:61,0.20856600999832153,0.47579288482666016,-0.12187227606773376,0.8457356691360474,-0.8496277958735529,-58.82902567319369,152.77255866253023,17.61390495300293,-0.4108421206474304,1.9465683698654175,-7.539909839630127,-179.1970977783203,9.981575012207031
2026-04-02 13:04:27.110,2006.116333452,651185000,left_foot,左脚,D4:22:CD:00:84:61,0.20282350480556488,0.4979339838027954,-0.13065673410892487,0.8329786658287048,-1.91123065303012,-61.949937133945795,153.77780709488377,11.088451385498047,0.16124163568019867,3.439338207244873,-6.074406147003174,-92.69784545898438,12.172401428222656
2026-04-02 13:04:27.139,2006.145544187,651218334,left_foot,左脚,D4:22:CD:00:84:61,0.19838754832744598,0.5093180537223816,-0.1360068917274475,0.8262806534767151,-2.922267648377185,-63.59118905478556,154.8098315879251,8.287710189819336,-0.9664462804794312,5.9127984046936035,-3.2096593379974365,-48.54437255859375,11.68972396850586
2026-04-02 13:04:27.169,2006.175556827,651251668,left_foot,左脚,D4:22:CD:00:84:61,0.1947200894355774,0.5201007127761841,-0.13739098608493805,0.820185124874115,-3.1014252112570984,-65.04817024659924,155.2672796463891,8.233665466308594,-0.4151872992515564,5.439526081085205,6.516047954559326,-42.821258544921875,3.2174792289733887
2026-04-02 13:04:27.199,2006.205648744,651285002,left_foot,左脚,D4:22:CD:00:84:61,0.19185283780097961,0.5252878665924072,-0.14087353646755219,0.8169578909873962,-4.008040692431055,-65.82931666598296,156.16346723398934,8.271596908569336,0.3211182653903961,5.041619777679443,-3.1447997093200684,-23.039945602416992,9.36168098449707
2026-04-02 13:04:27.259,2006.265466188,651318336,left_foot,左脚,D4:22:CD:00:84:61,0.1913241446018219,0.5267919898033142,-0.14436304569244385,0.8155027627944946,-4.802100843367672,-66.12643193925598,156.72049440339876,7.8893232345581055,-0.7405392527580261,5.4136271476745605,-8.909905433654785,-8.458148002624512,5.813338279724121
2026-04-02 13:04:27.289,2006.295593659,651351670,left_foot,左脚,D4:22:CD:00:84:61,0.19227537512779236,0.5285741090774536,-0.14733023941516876,0.8135931491851807,-5.238125842245196,-66.45464168279844,156.83932250083907,7.716836452484131,-0.8454578518867493,5.494693756103516,-10.175548553466797,-9.07948112487793,0.2740854024887085
2026-04-02 13:04:27.319,2006.325536486,651385004,left_foot,左脚,D4:22:CD:00:84:61,0.19146907329559326,0.5367485284805298,-0.14917366206645966,0.8080767393112183,-5.353876065952089,-67.60692947037391,156.9258790141065,7.3598151206970215,-0.35149362683296204,6.161062717437744,-1.4472689628601074,-33.759071350097656,-2.4636995792388916
2026-04-02 13:04:27.350,2006.356312244,651418338,left_foot,左脚,D4:22:CD:00:84:61,0.18700453639030457,0.5570467710494995,-0.15311336517333984,0.79453444480896,-6.003210508910206,-70.46733341468065,157.75343774168576,7.88913106918335,-0.40950214862823486,8.602450370788574,3.381718873977661,-85.65387725830078,0.12323544919490814
2026-04-02 13:04:27.379,2006.385414068,651451672,left_foot,左脚,D4:22:CD:00:84:61,0.1789955496788025,0.5901415944099426,-0.15758571028709412,0.7712721228599548,-7.145581852161418,-75.17982150755331,159.37211956775468,8.838825225830078,-0.5451093912124634,10.210216522216797,11.844538688659668,-141.6456756591797,-2.115302324295044
2026-04-02 13:04:27.409,2006.41526451,651485006,left_foot,左脚,D4:22:CD:00:84:61,0.16571766138076782,0.6411938071250916,-0.16473497450351715,0.730938196182251,-12.913417941264312,-82.72282363260088,165.83187274163808,8.234426498413086,-0.17614863812923431,11.591068267822266,17.180143356323242,-228.755615234375,-2.906777858734131
2026-04-02 13:04:27.439,2006.445535366,651518340,left_foot,左脚,D4:22:CD:00:84:61,0.14571399986743927,0.7125073671340942,-0.17722295224666595,0.6630936861038208,-160.6876689116283,-85.24998157257963,-45.73543643520664,8.980306625366211,0.2136058807373047,15.39190673828125,14.581727981567383,-347.89202880859375,-1.2838536500930786
2026-04-02 13:04:27.469,2006.47534428,651551674,left_foot,左脚,D4:22:CD:00:84:61,0.10825072228908539,0.8019289374351501,-0.20088370144367218,0.552121102809906,-172.51478001660558,-68.28181818373596,-33.20604830739321,18.06980323791504,4.526462078094482,21.291641235351562,14.846223831176758,-512.8015747070312,33.507041931152344
2026-04-02 13:04:27.529,2006.535596269,651585008,left_foot,左脚,D4:22:CD:00:84:61,0.07179781794548035,0.8619411587715149,-0.22450394928455353,0.44888836145401,-172.44774885404905,-53.71355103570966,-33.02658042692924,8.199748039245605,3.732722759246826,18.679086685180664,6.983932018280029,-434.8986511230469,54.72461700439453
2026-04-02 13:04:27.559,2006.565701865,651618342,left_foot,左脚,D4:22:CD:00:84:61,0.08841162919998169,0.8621566295623779,-0.22451640665531158,0.4454907476902008,-175.36840261507163,-53.88786619133486,-31.547871125498435,24.127376556396484,14.227456092834473,17.566001892089844,-51.1137580871582,0.6266695261001587,-26.65400505065918
2026-04-02 13:04:27.590,2006.596425614,651651676,left_foot,左脚,D4:22:CD:00:84:61,0.11279740929603577,0.8365890979766846,-0.24130435287952423,0.47871482372283936,-175.31533196957633,-58.80528117289215,-34.820139539200284,0.3352992534637451,-6.208977222442627,14.716195106506348,-78.50172424316406,149.14031982421875,41.90135955810547
2026-04-02 13:04:27.619,2006.62550371,651685010,left_foot,左脚,D4:22:CD:00:84:61,0.09930190443992615,0.7902042269706726,-0.21960382163524628,0.5634632110595703,-165.30732267286592,-69.0857906733352,-41.2054581865058,5.991982936859131,4.158266067504883,8.488129615783691,128.03128051757812,315.44769287109375,31.17112159729004
2026-04-02 13:04:27.649,2006.655600165,651718344,left_foot,左脚,D4:22:CD:00:84:61,0.09416378289461136,0.7154185771942139,-0.20919127762317657,0.6599614024162292,-128.17776290445684,-79.63870328398292,-76.69837521125275,4.154587745666504,-3.8789737224578857,5.9542236328125,82.76605987548828,405.2646484375,71.60382843017578
2026-04-02 13:04:27.679,2006.685670088,651751678,left_foot,左脚,D4:22:CD:00:84:61,0.10158780217170715,0.6417056322097778,-0.16505341231822968,0.742059051990509,-43.21691260090075,-80.36751100824175,-158.59667261039223,8.494653701782227,-3.7170865535736084,7.08583927154541,117.90583038330078,387.3802490234375,-45.34270477294922
2026-04-02 13:04:27.709,2006.715250955,651785012,left_foot,左脚,D4:22:CD:00:84:61,0.12992510199546814,0.5499767661094666,-0.10552885383367538,0.8182352185249329,-4.567962750455238,-68.03955354374736,165.0393172439679,16.608596801757812,-0.32160401344299316,9.35725212097168,101.1122055053711,438.0938415527344,-124.66229248046875
2026-04-02 13:04:27.739,2006.745562971,651818346,left_foot,左脚,D4:22:CD:00:84:61,0.1586504578590393,0.4447327256202698,-0.06174718216061592,0.8793352246284485,3.1191059192957318,-53.29567077177476,157.97985777428346,23.2265567779541,-2.4351766109466553,9.740849494934082,44.47163009643555,440.79388427734375,-97.53093719482422
2026-04-02 13:04:27.769,2006.775664127,651851680,left_foot,左脚,D4:22:CD:00:84:61,0.1757463663816452,0.33868053555488586,-0.004882507957518101,0.9243295192718506,8.125730912626086,-38.889533397318644,155.596382681245,35.7385139465332,-0.14796777069568634,-3.2325234413146973,97.84219360351562,423.6200256347656,-91.16535186767578
2026-04-02 13:04:27.799,2006.805616885,651885014,left_foot,左脚,D4:22:CD:00:84:61,0.19458360970020294,0.28959476947784424,0.03780383989214897,0.9363992214202881,12.475210385042539,-31.846159714946772,152.94995795357679,30.79193878173828,-9.663346290588379,-25.94194984436035,84.50755310058594,195.63746643066406,-100.80921173095703
2026-04-02 13:04:27.859,2006.86567031,651918348,left_foot,左脚,D4:22:CD:00:84:61,0.19982580840587616,0.3080016076564789,-0.00017371597641613334,0.9301639199256897,8.615783112306826,-34.96341196178001,153.03287723189055,29.419322967529297,-1.6582973003387451,-27.10898780822754,-114.19056701660156,-91.08531951904297,19.623157501220703
2026-04-02 13:04:27.889,2006.895701251,651951682,left_foot,左脚,D4:22:CD:00:84:61,0.1984645277261734,0.36299583315849304,-0.0595889538526535,0.9084577560424805,2.811246384791017,-43.093035763235186,154.24299384460426,1.4448834657669067,-1.424149513244629,19.654720306396484,-150.71192932128906,-238.84242248535156,52.79253005981445
2026-04-02 13:04:27.919,2006.925487136,651985016,left_foot,左脚,D4:22:CD:00:84:61,0.20552435517311096,0.44075122475624084,-0.09807062149047852,0.8682630062103271,1.0512989510406472,-53.676698311520006,152.83360064872568,35.71666717529297,-10.607924461364746,3.453267812728882,-84.39922332763672,-317.4321594238281,-17.54142951965332
2026-04-02 13:04:27.949,2006.955491069,652018350,left_foot,左脚,D4:22:CD:00:84:61,0.19847548007965088,0.48200327157974243,-0.11156461387872696,0.8460696339607239,0.2860875655320742,-59.30560450987934,153.4330687974604,11.876521110534668,1.4826574325561523,3.6245524883270264,-8.281458854675293,-167.52676391601562,11.445732116699219
2026-04-02 13:04:27.979,2006.985620529,652051684,left_foot,左脚,D4:22:CD:00:84:61,0.1937592327594757,0.5047762393951416,-0.12199345976114273,0.8323318362236023,-0.9288117835315312,-62.56785388347127,154.35529450762013,10.164533615112305,0.24161744117736816,4.452306270599365,-12.540430068969727,-96.70551300048828,12.576187133789062
2026-04-02 13:04:28.009,2007.015534557,652085018,left_foot,左脚,D4:22:CD:00:84:61,0.1906978040933609,0.5192675590515137,-0.1250293254852295,0.8236283659934998,-1.0550570527506655,-64.56221100021149,154.59410105734742,8.969062805175781,-1.0516440868377686,5.378248691558838,2.300442934036255,-58.693729400634766,1.8413323163986206
2026-04-02 13:04:28.039,2007.04552083,652118352,left_foot,左脚,D4:22:CD:00:84:61,0.1892772614955902,0.5287052392959595,-0.12600792944431305,0.8177818655967712,-0.8331167890506607,-65.84359056057771,154.4759147382738,8.65546989440918,0.37711644172668457,4.949069499969482,3.080362319946289,-37.31281280517578,-2.432537078857422
2026-04-02 13:04:28.069,2007.075423594,652151686,left_foot,左脚,D4:22:CD:00:84:61,0.18861030042171478,0.5294276475906372,-0.12787659466266632,0.8171783685684204,-1.3078085358669929,-65.99514274223671,154.85592549075483,8.475558280944824,0.225820854306221,4.594704627990723,-4.118358135223389,-3.6041572093963623,4.324985980987549
2026-04-02 13:04:28.099,2007.105613344,652185020,left_foot,左脚,D4:22:CD:00:84:61,0.1882350593805313,0.5261651277542114,-0.1299343854188919,0.8190453052520752,-2.0489396327198435,-65.61923063237249,155.43480764414116,7.872942924499512,0.24975642561912537,5.279664993286133,-6.635350227355957,12.023669242858887,7.243465423583984
2026-04-02 13:04:28.159,2007.165379333,652218354,left_foot,左脚,D4:22:CD:00:84:61,0.18825763463974,0.5237189531326294,-0.13327822089195251,0.8200701475143433,-2.9463918212004314,-65.38860335287465,156.0334343839894,7.7520880699157715,-0.01021665707230568,5.4420695304870605,-10.799994468688965,7.470855236053467,7.567625999450684
2026-04-02 13:04:28.189,2007.195563375,652251688,left_foot,左脚,D4:22:CD:00:84:61,0.1866522580385208,0.5251869559288025,-0.1383446305990219,0.8186578750610352,-4.24792004102239,-65.71921381058942,157.0570546569818,7.73975944519043,-0.026714429259300232,5.18049430847168,-11.262715339660645,-9.884931564331055,11.92714786529541
2026-04-02 13:04:28.219,2007.225626317,652285022,left_foot,左脚,D4:22:CD:00:84:61,0.18422986567020416,0.5304140448570251,-0.14267849922180176,0.8150849938392639,-5.3518142445436006,-66.52528680193488,158.03937016854184,7.799661636352539,-0.7169308066368103,5.510616779327393,-6.328956127166748,-24.34578514099121,9.748583793640137
2026-04-02 13:04:28.249,2007.255652423,652318356,left_foot,左脚,D4:22:CD:00:84:61,0.1802777796983719,0.5419270992279053,-0.14734281599521637,0.807530403137207,-6.577589495207931,-68.1821670114699,159.28515482753804,7.646359920501709,-0.26026904582977295,6.833591938018799,-2.461785078048706,-50.25666809082031,9.029120445251465
2026-04-02 13:04:28.279,2007.285655301,652351690,left_foot,左脚,D4:22:CD:00:84:61,0.17392858862876892,0.5603737235069275,-0.15309038758277893,0.7951691150665283,-8.491465088989825,-70.81055164378361,161.36505682474717,8.4010009765625,-0.15635259449481964,7.578677654266357,0.8907421231269836,-80.45091247558594,11.242258071899414
2026-04-02 13:04:28.309,2007.315411665,652385024,left_foot,左脚,D4:22:CD:00:84:61,0.16380241513252258,0.5881650447845459,-0.16333690285682678,0.7749530673027039,-13.352582448149986,-74.82045517770277,166.3618335713625,8.559050559997559,-0.25230446457862854,9.338120460510254,-2.6270134449005127,-125.95513916015625,20.6851806640625
2026-04-02 13:04:28.339,2007.345516462,652418358,left_foot,左脚,D4:22:CD:00:84:61,0.15202707052230835,0.6316221356391907,-0.17026618123054504,0.7409123182296753,-22.689172812997906,-81.01270165005985,176.26003668395768,9.085806846618652,-2.610234022140503,10.257734298706055,10.494766235351562,-194.93287658691406,1.7673581838607788
2026-04-02 13:04:28.369,2007.37556708,652451692,left_foot,左脚,D4:22:CD:00:84:61,0.13610021770000458,0.6992063522338867,-0.1751938909292221,0.6796283721923828,-129.32370932614702,-86.45671008053607,-76.12060003821934,8.887777328491211,-0.8854637742042542,15.488044738769531,21.108257293701172,-317.49267578125,-20.405258178710938
2026-04-02 13:04:28.399,2007.405326571,652485026,left_foot,左脚,D4:22:CD:00:84:61,0.10337234288454056,0.7860435247421265,-0.19280076026916504,0.5781675577163696,-168.9715347174503,-71.58442039761051,-35.52636695393535,15.806626319885254,5.951020240783691,17.821964263916016,16.84031105041504,-476.554443359375,19.159536361694336
2026-04-02 13:04:28.489,2007.495560207,652518360,left_foot,左脚,D4:22:CD:00:84:61,0.06951416283845901,0.8452352285385132,-0.2182547152042389,0.4828149974346161,-169.9124473190212,-57.83600515135485,-34.53983061609624,10.365426063537598,1.740539312362671,10.780801773071289,-1.1269395351409912,-408.5770568847656,63.28721618652344
2026-04-02 13:04:28.490,2007.496739281,652551694,left_foot,左脚,D4:22:CD:00:84:61,0.06135084480047226,0.8596422672271729,-0.20903664827346802,0.4621202051639557,-171.18041694944446,-55.101328523085776,-31.9420903676848,18.013444900512695,8.145362854003906,13.541267395019531,27.248353958129883,-89.12181091308594,-28.86159896850586
2026-04-02 13:04:28.520,2007.526239818,652585028,left_foot,左脚,D4:22:CD:00:84:61,0.08804059773683548,0.8432919979095459,-0.21824656426906586,0.483193963766098,-173.1225750241357,-58.58077027106243,-32.881012937091036,4.280549049377441,1.3295445442199707,11.211377143859863,-80.85631561279297,103.93140411376953,0.9865862727165222
2026-04-02 13:04:28.549,2007.55550438,652618362,left_foot,左脚,D4:22:CD:00:84:61,0.09566203504800797,0.8100972771644592,-0.2091747373342514,0.5392932891845703,-169.98790477715247,-66.03307186489911,-35.471769180297095,3.8185153007507324,1.2686861753463745,6.203581809997559,25.943864822387695,224.64840698242188,2.9702796936035156
2026-04-02 13:04:28.579,2007.58540103,652651696,left_foot,左脚,D4:22:CD:00:84:61,0.09900721907615662,0.7561001777648926,-0.20522822439670563,0.6135077476501465,-155.8405142715796,-75.55430272965609,-49.20738399095594,3.211958885192871,0.30135294795036316,4.640890598297119,34.58736038208008,309.07781982421875,46.33191680908203
2026-04-02 13:04:28.609,2007.615517974,652685030,left_foot,左脚,D4:22:CD:00:84:61,0.10715267807245255,0.6942149996757507,-0.18941538035869598,0.6860801577568054,-107.77366439108263,-83.29804814579923,-96.47859016767816,6.113301753997803,0.38771528005599976,5.118729114532471,43.211788177490234,328.895263671875,10.517258644104004
2026-04-02 13:04:28.669,2007.675596022,652718364,left_foot,左脚,D4:22:CD:00:84:61,0.13219720125198364,0.6249619126319885,-0.16230708360671997,0.7520660161972046,-25.399166454434663,-79.40080957220886,-178.74474389483845,10.270914077758789,-0.12153201550245285,6.283840179443359,22.461091995239258,345.7558898925781,-53.832401275634766
2026-04-02 13:04:28.670,2007.676714734,652751698,left_foot,左脚,D4:22:CD:00:84:61,0.15563669800758362,0.5470272898674011,-0.12599878013134003,0.8128116726875305,-5.338234407276021,-68.19914207808074,161.9361038818561,15.778470993041992,2.743699312210083,7.198589324951172,42.96670150756836,360.3043212890625,-66.76681518554688
2026-04-02 13:04:28.699,2007.705600092,652785032,left_foot,左脚,D4:22:CD:00:84:61,0.18333236873149872,0.45599809288978577,-0.08517438173294067,0.8667183518409729,1.9660794420027217,-55.252715219259684,155.08408459322473,19.910606384277344,1.1592423915863037,8.961080551147461,37.68898391723633,388.57501220703125,-84.7967758178711
2026-04-02 13:04:28.759,2007.76534714,652818366,left_foot,左脚,D4:22:CD:00:84:61,0.21095658838748932,0.366534024477005,-0.0200076624751091,0.9059526920318604,9.20592120672393,-42.26543251169537,150.21899226974062,26.124631881713867,-0.4706627428531647,4.932657241821289,106.97991943359375,376.5337219238281,-132.39828491210938
2026-04-02 13:04:28.789,2007.79552677,652851700,left_foot,左脚,D4:22:CD:00:84:61,0.21555911004543304,0.3007992208003998,0.03226238116621971,0.9284468293190002,13.065113535709726,-33.00027868452031,149.97275940347086,24.817476272583008,-3.3896076679229736,-8.138971328735352,111.64662170410156,270.7065734863281,-57.7206916809082
2026-04-02 13:04:28.819,2007.825547127,652885034,left_foot,左脚,D4:22:CD:00:84:61,0.21520908176898956,0.2848365902900696,0.05930985137820244,0.9322209358215332,15.679479727567804,-30.366743428346123,149.72139422758062,30.508024215698242,-3.5994277000427246,-26.10149574279785,74.79830932617188,74.79467010498047,-24.678726196289062
2026-04-02 13:04:28.849,2007.855577363,652918368,left_foot,左脚,D4:22:CD:00:84:61,0.21044191718101501,0.30634114146232605,-0.002028408460319042,0.9283671379089355,8.75982056024546,-34.72565694187633,151.7123576280867,9.367472648620605,-2.320099115371704,3.548892021179199,-174.9822998046875,-116.36773681640625,77.96210479736328
2026-04-02 13:04:28.879,2007.885441239,652951702,left_foot,左脚,D4:22:CD:00:84:61,0.22015221416950226,0.36151963472366333,-0.05898410826921463,0.9040783047676086,4.106305836660474,-42.816687782263514,151.01799737847608,3.4946787357330322,-8.277030944824219,9.5919828414917,-152.1370849609375,-242.47532653808594,11.681233406066895
2026-04-02 13:04:28.909,2007.915475809,652985036,left_foot,左脚,D4:22:CD:00:84:61,0.220562145113945,0.4273151755332947,-0.07997465878725052,0.873131275177002,4.489835540454966,-51.39657558371485,149.48464300893443,22.298532485961914,-2.143890857696533,8.232841491699219,-22.438457489013672,-258.4452209472656,-12.343843460083008
2026-04-02 13:04:28.939,2007.945603183,653018370,left_foot,左脚,D4:22:CD:00:84:61,0.21413655579090118,0.46338170766830444,-0.10355482250452042,0.8536390662193298,2.25859847088548,-56.66490635789459,150.61781457309553,14.766806602478027,3.65271258354187,3.289271116256714,-39.505149841308594,-155.79541015625,29.040393829345703
2026-04-02 13:04:28.969,2007.975376406,653051704,left_foot,左脚,D4:22:CD:00:84:61,0.20560382306575775,0.48526254296302795,-0.12366801500320435,0.8408053517341614,-0.9675093161175137,-60.097597500014864,153.0776948847786,10.311019897460938,-1.656064510345459,4.489212989807129,-33.98253631591797,-101.63299560546875,39.780399322509766
2026-04-02 13:04:28.999,2008.005486373,653085038,left_foot,左脚,D4:22:CD:00:84:61,0.2003779113292694,0.49753057956695557,-0.1324004977941513,0.8335360288619995,-2.599556530662264,-61.94291757953174,154.52611697389065,9.1527099609375,-2.969691276550293,5.405914306640625,-11.205222129821777,-55.09947204589844,19.07590103149414
2026-04-02 13:04:29.059,2008.065585858,653118372,left_foot,左脚,D4:22:CD:00:84:61,0.19630208611488342,0.5053853392601013,-0.13509146869182587,0.8293382525444031,-3.243950417432632,-63.03805025482625,155.3563641378254,8.227909088134766,-0.376303493976593,5.570069789886475,2.3736732006073,-32.5682373046875,9.459989547729492
2026-04-02 13:04:29.089,2008.09529026,653151706,left_foot,左脚,D4:22:CD:00:84:61,0.19363915920257568,0.5064359903335571,-0.13809750974178314,0.8288280367851257,-4.177284084022774,-63.24994781781749,156.27280920353712,8.38609790802002,-0.24218985438346863,5.025911808013916,-3.811826229095459,-6.378366470336914,11.68088436126709
2026-04-02 13:04:29.119,2008.125541747,653185040,left_foot,左脚,D4:22:CD:00:84:61,0.1939360499382019,0.5047749280929565,-0.13842007517814636,0.8297174572944641,-4.289741112772763,-63.04089571360174,156.3196709892316,7.839971542358398,-1.1159319877624512,5.722272872924805,-2.4482109546661377,6.920431613922119,0.8055936098098755
2026-04-02 13:04:29.149,2008.155517746,653218374,left_foot,左脚,D4:22:CD:00:84:61,0.19585439562797546,0.5028559565544128,-0.13673797249794006,0.8307104706764221,-3.782577883684799,-62.749943518525036,155.77473770313733,7.818708896636963,-0.3136294484138489,5.283210754394531,0.3197656273841858,9.878131866455078,-7.122400760650635
2026-04-02 13:04:29.179,2008.185535452,653251708,left_foot,左脚,D4:22:CD:00:84:61,0.196440190076828,0.5019636750221252,-0.13710691034793854,0.8310509324073792,-3.8276861862714755,-62.645575334709484,155.73145829057142,7.742854595184326,0.4604059159755707,5.388976573944092,-2.7946407794952393,3.755786657333374,-0.64033043384552
2026-04-02 13:04:29.269,2008.275523586,653285042,left_foot,左脚,D4:22:CD:00:84:61,0.19574768841266632,0.5027434229850769,-0.13898757100105286,0.8304303884506226,-4.267597144354311,-62.797894200104984,156.07850088881182,7.55042839050293,-0.2234898954629898,5.704280376434326,-4.172971248626709,-4.356544017791748,4.242730617523193
2026-04-02 13:04:29.270,2008.276692235,653318376,left_foot,左脚,D4:22:CD:00:84:61,0.1943475306034088,0.5057921409606934,-0.14162637293338776,0.8284597396850586,-4.853995985368809,-63.26619413833424,156.58671035210085,7.6756672859191895,-0.12054431438446045,5.674934387207031,-4.19313383102417,-14.071403503417969,5.619244575500488
2026-04-02 13:04:29.299,2008.305512771,653351710,left_foot,左脚,D4:22:CD:00:84:61,0.1928427517414093,0.5093953609466553,-0.14454379677772522,0.8260965347290039,-5.506869367582334,-63.81418057172934,157.1508113354193,7.8377766609191895,-0.32793059945106506,5.534183502197266,-4.598423480987549,-16.619314193725586,5.900940895080566
2026-04-02 13:04:29.300,2008.306560411,653385044,left_foot,左脚,D4:22:CD:00:84:61,0.1904834657907486,0.5154088139533997,-0.14895351231098175,0.8221211433410645,-6.528687108780966,-64.71613475111415,158.04899846576944,7.427545070648193,0.06056193634867668,5.967641830444336,-6.510534286499023,-27.748157501220703,8.709351539611816
2026-04-02 13:04:29.359,2008.365416093,653418378,left_foot,左脚,D4:22:CD:00:84:61,0.18678532540798187,0.5263867378234863,-0.15596917271614075,0.8146792054176331,-8.235653068610912,-66.33926677393426,159.56176267748742,7.528465270996094,0.2242666631937027,6.330216884613037,-9.99731731414795,-50.372962951660156,12.339546203613281
2026-04-02 13:04:29.389,2008.395518455,653451712,left_foot,左脚,D4:22:CD:00:84:61,0.17985402047634125,0.5406578779220581,-0.16760408878326416,0.8045191168785095,-11.824813229390028,-68.47026279645759,162.85901541412218,8.189834594726562,-0.5975340008735657,6.365691184997559,-16.370195388793945,-69.28649139404297,26.308258056640625
2026-04-02 13:04:29.419,2008.425519132,653485046,left_foot,左脚,D4:22:CD:00:84:61,0.17234349250793457,0.5582372546195984,-0.17584244906902313,0.7923058271408081,-15.313135631506537,-70.94395664602966,166.39970015034297,8.860976219177246,-1.2958911657333374,7.721286773681641,-5.036429405212402,-80.55022430419922,18.417512893676758
2026-04-02 13:04:29.449,2008.455237745,653518380,left_foot,左脚,D4:22:CD:00:84:61,0.1629142463207245,0.5831758975982666,-0.18550153076648712,0.7739213705062866,-21.152186894452456,-74.38795027047091,172.35437154772862,8.86535930633545,-1.1392878293991089,8.601524353027344,-4.623081207275391,-114.54706573486328,18.273168563842773
2026-04-02 13:04:29.479,2008.485368071,653551714,left_foot,左脚,D4:22:CD:00:84:61,0.1504630148410797,0.6233769655227661,-0.19424833357334137,0.7423139214515686,-34.376647305122454,-79.71661658646983,-173.95540043435022,9.06432056427002,0.09633186459541321,10.446857452392578,3.9649765491485596,-183.26345825195312,7.350648880004883
2026-04-02 13:04:29.509,2008.515562474,653585048,left_foot,左脚,D4:22:CD:00:84:61,0.12632589042186737,0.678597092628479,-0.21102574467658997,0.6921098828315735,-94.76212708150538,-83.04584190822337,-112.89098461869695,10.6865816116333,2.041718006134033,12.488492012023926,3.9827277660369873,-273.79998779296875,34.85096740722656
2026-04-02 13:04:29.539,2008.545576033,653618382,left_foot,左脚,D4:22:CD:00:84:61,0.08481375873088837,0.7433261871337891,-0.24139295518398285,0.6180633902549744,-142.1344517570898,-73.69732581355302,-64.8150852739095,11.48945426940918,5.041726112365723,12.727682113647461,-0.7507432103157043,-371.2958068847656,90.88457489013672
2026-04-02 13:04:29.569,2008.575342195,653651716,left_foot,左脚,D4:22:CD:00:84:61,0.03657299280166626,0.7967629432678223,-0.27312999963760376,0.5378024578094482,-150.65367601886123,-61.280214602741104,-55.47625555751972,9.735984802246094,1.0340584516525269,5.868788719177246,5.626311779022217,-369.53411865234375,116.21075439453125
2026-04-02 13:04:29.629,2008.635510458,653685050,left_foot,左脚,D4:22:CD:00:84:61,0.008973494172096252,0.8175861835479736,-0.2601204812526703,0.5136241912841797,-151.86286968514693,-57.62186282656269,-50.99294932432473,18.597732543945312,1.12088942527771,4.380301475524902,80.2388687133789,-129.99639892578125,-7.097532272338867
2026-04-02 13:04:29.659,2008.665514491,653718384,left_foot,左脚,D4:22:CD:00:84:61,0.03457992896437645,0.8033374547958374,-0.26557835936546326,0.5319038033485413,-152.27050401809512,-60.80487030576877,-53.06812565247315,3.685039758682251,8.258024215698242,6.869781970977783,-64.44395446777344,97.99357604980469,-16.55587387084961
2026-04-02 13:04:29.689,2008.695263198,653751718,left_foot,左脚,D4:22:CD:00:84:61,0.04421340301632881,0.7851173877716064,-0.2607728838920593,0.5600301027297974,-148.88092709904697,-64.48037063519706,-56.668541481599064,1.3146206140518188,-4.695160388946533,3.056640625,7.073663711547852,119.04895782470703,-10.847373008728027
2026-04-02 13:04:29.719,2008.725566151,653785052,left_foot,左脚,D4:22:CD:00:84:61,0.04991106688976288,0.765491783618927,-0.2398734986782074,0.594972550868988,-143.9371798633572,-69.20190665974437,-60.111889712723055,5.1442108154296875,-0.7251147031784058,2.6893768310546875,54.290199279785156,139.199951171875,-44.291263580322266
2026-04-02 13:04:29.779,2008.785375748,653818386,left_foot,左脚,D4:22:CD:00:84:61,0.08304736763238907,0.7311638593673706,-0.22004002332687378,0.640379011631012,-135.9935009027401,-76.6533222982468,-68.92873591828935,6.572726249694824,1.0704480409622192,3.1803479194641113,-14.00197982788086,219.41543579101562,-83.62220764160156
2026-04-02 13:04:29.780,2008.786633075,653851720,left_foot,左脚,D4:22:CD:00:84:61,0.10872337222099304,0.6883757710456848,-0.20373965799808502,0.6876107454299927,-103.255232599147,-82.29492306732647,-102.3326161972236,7.3059563636779785,-4.335654258728027,2.4999842643737793,-4.1254963874816895,236.05018615722656,-51.25895309448242
2026-04-02 13:04:29.809,2008.815182146,653885054,left_foot,左脚,D4:22:CD:00:84:61,0.12085898965597153,0.6389604806900024,-0.18481937050819397,0.7368614673614502,-45.68370132114004,-80.51350332117204,-159.3691637169367,10.595113754272461,-1.4639896154403687,3.58738374710083,32.88636016845703,248.0738067626953,-19.97001075744629
2026-04-02 13:04:29.839,2008.845512463,653918388,left_foot,左脚,D4:22:CD:00:84:61,0.13970811665058136,0.5853825807571411,-0.1570105105638504,0.7830433249473572,-17.23685548267233,-73.86939105323911,172.76850636989582,11.178495407104492,-0.3632749915122986,4.263035774230957,36.791908264160156,259.9447021484375,-55.1042594909668
2026-04-02 13:04:29.869,2008.875580932,653951722,left_foot,左脚,D4:22:CD:00:84:61,0.16673165559768677,0.5308690667152405,-0.13221465051174164,0.8203036189079285,-5.674902175637852,-66.21087260875952,160.72352689872787,13.129531860351562,0.924615740776062,4.819246292114258,7.013143539428711,247.508544921875,-74.68630981445312
2026-04-02 13:04:29.899,2008.905534463,653985056,left_foot,左脚,D4:22:CD:00:84:61,0.1926226168870926,0.4743397533893585,-0.09982289373874664,0.853190541267395,1.3402046240913146,-57.97970635036417,153.8129449149432,14.520174980163574,-0.2974225878715515,6.363644599914551,27.370914459228516,249.17929077148438,-86.83180236816406
2026-04-02 13:04:29.959,2008.965462989,654018390,left_foot,左脚,D4:22:CD:00:84:61,0.21312573552131653,0.4122874140739441,-0.057129815220832825,0.883930504322052,6.524438179099268,-48.869920689808595,149.92117903075714,17.46546173095703,-2.4491336345672607,5.769721031188965,61.8759880065918,267.08892822265625,-87.37784576416016
2026-04-02 13:04:29.989,2008.995392756,654051724,left_foot,左脚,D4:22:CD:00:84:61,0.20334884524345398,0.3618115186691284,-0.0167673472315073,0.9096488356590271,8.985988684407154,-41.68706501943652,151.3705319913063,15.902375221252441,-3.008465528488159,1.8775734901428223,104.9295654296875,217.2173309326172,1.8170373439788818
2026-04-02 13:04:30.019,2009.025591209,654085058,left_foot,左脚,D4:22:CD:00:84:61,0.18985599279403687,0.3310655355453491,0.02833247184753418,0.9238766431808472,12.872294282238567,-36.9393266588286,152.45927958187156,17.083507537841797,-3.016869068145752,-6.3831024169921875,137.42205810546875,144.5611114501953,-1.7579407691955566
2026-04-02 13:04:30.049,2009.055359605,654118392,left_foot,左脚,D4:22:CD:00:84:61,0.19264166057109833,0.32711851596832275,0.03321095556020737,0.9245430827140808,13.449809942955206,-36.30436455898419,152.03224037320237,16.839202880859375,2.028811454772949,-9.509894371032715,9.762489318847656,16.473369598388672,-14.168180465698242
2026-04-02 13:04:30.109,2009.115514362,654151726,left_foot,左脚,D4:22:CD:00:84:61,0.20222125947475433,0.3439429700374603,-0.03054669499397278,0.9164481163024902,6.228733936502973,-39.99837355831586,152.84438181951737,6.811659336090088,-0.2687183916568756,5.556275844573975,-201.27755737304688,-105.30933380126953,38.2575798034668
2026-04-02 13:04:30.110,2009.116586343,654185060,left_foot,左脚,D4:22:CD:00:84:61,0.2160787731409073,0.3746245801448822,-0.07598913460969925,0.8984387516975403,2.051583497716724,-44.90987563941442,152.10587239760682,3.440098285675049,-8.617903709411621,7.540882110595703,-140.0380859375,-147.63198852539062,-5.434930801391602
2026-04-02 13:04:30.139,2009.145510032,654218394,left_foot,左脚,D4:22:CD:00:84:61,0.21804049611091614,0.419740229845047,-0.09594445675611496,0.8758262395858765,1.363728910744913,-50.9938321684681,151.38994765613202,10.158016204833984,-5.584826469421387,8.928009033203125,-36.81232452392578,-182.37203979492188,-9.386159896850586
2026-04-02 13:04:30.169,2009.175389629,654251728,left_foot,左脚,D4:22:CD:00:84:61,0.21502283215522766,0.45029595494270325,-0.10999806225299835,0.8595927357673645,0.45620698570959833,-55.22981037296423,151.67322300801047,18.110313415527344,2.661179780960083,3.887695550918579,-20.80440902709961,-126.43025970458984,6.59037971496582
2026-04-02 13:04:30.199,2009.205513384,654285062,left_foot,左脚,D4:22:CD:00:84:61,0.21274469792842865,0.46764901280403137,-0.11883372068405151,0.8496603965759277,-0.3170431801040649,-57.698522554802864,152.06033096833244,9.089599609375,-1.9260257482528687,5.953921794891357,-13.863785743713379,-73.40557098388672,6.0885210037231445
2026-04-02 13:04:30.259,2009.265413862,654318396,left_foot,左脚,D4:22:CD:00:84:61,0.21089336276054382,0.4808639883995056,-0.1239958256483078,0.8419733047485352,-0.676079405108672,-59.54741829533476,152.26306238847258,8.141020774841309,-0.9796817302703857,6.129660606384277,-6.013294696807861,-54.868003845214844,2.2124783992767334
2026-04-02 13:04:30.290,2009.296419313,654351730,left_foot,左脚,D4:22:CD:00:84:61,0.2090369462966919,0.4898194968700409,-0.12716710567474365,0.8367850184440613,-0.9445234093558763,-60.79884993150565,152.5021908669586,8.295783996582031,-0.06829022616147995,5.309689044952393,-2.2701680660247803,-37.00846862792969,2.591386318206787
2026-04-02 13:04:30.319,2009.325627235,654385064,left_foot,左脚,D4:22:CD:00:84:61,0.20728158950805664,0.4927055537700653,-0.12958911061286926,0.8351541757583618,-1.4527892622340826,-61.24596155714414,152.98219574248463,7.813313961029053,0.193817138671875,5.618377685546875,-3.049605131149292,-13.007221221923828,6.306568145751953
2026-04-02 13:04:30.349,2009.355614681,654418398,left_foot,左脚,D4:22:CD:00:84:61,0.2054322510957718,0.49168890714645386,-0.13183952867984772,0.8358576893806458,-2.1851307006704492,-61.1792290687111,153.67557101071196,7.693274021148682,-0.12526839971542358,5.720732688903809,-4.0951313972473145,2.1931068897247314,9.738351821899414
2026-04-02 13:04:30.379,2009.385618191,654451732,left_foot,左脚,D4:22:CD:00:84:61,0.20526084303855896,0.489870548248291,-0.1318279206752777,0.8369685411453247,-2.3091512246713317,-60.94224915155276,153.79985676717652,7.592155456542969,-0.865509033203125,6.020614147186279,-0.798828661441803,7.501648902893066,1.7579835653305054
2026-04-02 13:04:30.409,2009.415405425,654485066,left_foot,左脚,D4:22:CD:00:84:61,0.20559613406658173,0.48984494805336,-0.1316465586423874,0.8369299173355103,-2.234012982564834,-60.9343374926798,153.71090660707577,7.441745758056641,0.1643780618906021,5.88887357711792,-0.40226027369499207,0.7121579647064209,-1.5958056449890137
2026-04-02 13:04:30.439,2009.445656854,654518400,left_foot,左脚,D4:22:CD:00:84:61,0.20491711795330048,0.4921126961708069,-0.1332935094833374,0.8355040550231934,-2.5104325395624127,-61.27689612702205,153.92620817200194,7.4932427406311035,0.29001837968826294,5.742624282836914,-2.912757635116577,-10.013090133666992,2.4369852542877197
2026-04-02 13:04:30.469,2009.475716059,654551734,left_foot,左脚,D4:22:CD:00:84:61,0.20422986149787903,0.4958491623401642,-0.1355804055929184,0.8330918550491333,-2.837226049760525,-61.83047300457586,154.15081439947113,7.5233073234558105,-0.34273141622543335,6.009904861450195,-4.113807201385498,-16.3909912109375,2.2232329845428467
2026-04-02 13:04:30.529,2009.535414551,654585068,left_foot,左脚,D4:22:CD:00:84:61,0.2041168361902237,0.5005419850349426,-0.1373371183872223,0.8300198316574097,-2.9351847677189515,-62.496777223385365,154.14942594898147,7.9026384353637695,-0.35512790083885193,5.678001880645752,-3.2063241004943848,-19.65059471130371,-1.2206311225891113
2026-04-02 13:04:30.559,2009.565471507,654618402,left_foot,左脚,D4:22:CD:00:84:61,0.20414841175079346,0.504464864730835,-0.13856913149356842,0.8274281024932861,-2.951948662744602,-63.04895620575762,154.09177910561618,7.988109588623047,-0.37589922547340393,5.347865104675293,-2.244532585144043,-16.217737197875977,-1.8090384006500244
2026-04-02 13:04:30.589,2009.595670001,654651736,left_foot,左脚,D4:22:CD:00:84:61,0.20380719006061554,0.5071609020233154,-0.14027553796768188,0.8255746960639954,-3.192593138133585,-63.45407434319296,154.23983578421704,7.848729610443115,0.022581780329346657,5.324612617492676,-3.4444479942321777,-11.97945785522461,1.1991156339645386
2026-04-02 13:04:30.619,2009.625523782,654685070,left_foot,左脚,D4:22:CD:00:84:61,0.20376300811767578,0.5092470645904541,-0.1412612348794937,0.8241320252418518,-3.280846180498506,-63.75884611576303,154.26562509038322,7.941817760467529,-0.42448368668556213,5.285465717315674,-2.128366470336914,-8.905903816223145,-0.29889413714408875
2026-04-02 13:04:30.679,2009.685735158,654718404,left_foot,左脚,D4:22:CD:00:84:61,0.2039959579706192,0.5101481080055237,-0.1413125842809677,0.8235081434249878,-3.2042390458063736,-63.88030785132376,154.17189928868538,7.953501224517822,-0.5120338201522827,5.085873126983643,-0.3858042359352112,-3.3447699546813965,-1.5572141408920288
2026-04-02 13:04:30.680,2009.68678587,654751738,left_foot,左脚,D4:22:CD:00:84:61,0.20430956780910492,0.5113137364387512,-0.14113476872444153,0.8227376341819763,-3.0502243748514495,-64.0300895983603,154.01518862159256,7.742191314697266,0.04055896773934364,5.615427017211914,0.24625016748905182,-4.169672012329102,-2.4086573123931885
2026-04-02 13:04:30.709,2009.715632776,654785072,left_foot,左脚,D4:22:CD:00:84:61,0.20488372445106506,0.5140692591667175,-0.14144690334796906,0.8208218812942505,-2.860286306444205,-64.40611428303559,153.77144967230453,7.883853912353516,-0.5114447474479675,5.611269474029541,-1.006670594215393,-10.925060272216797,-3.8320579528808594
2026-04-02 13:04:30.739,2009.745435147,654818406,left_foot,左脚,D4:22:CD:00:84:61,0.20542949438095093,0.5183680057525635,-0.14159996807575226,0.8179505467414856,-2.5299327804386413,-64.98215571476379,153.4147048481598,7.796706676483154,-0.19928888976573944,5.560642242431641,0.11201445013284683,-16.895397186279297,-5.455151557922363
2026-04-02 13:04:30.769,2009.775622073,654851740,left_foot,左脚,D4:22:CD:00:84:61,0.20543664693832397,0.5244261026382446,-0.14208684861660004,0.8139931559562683,-2.215138454226485,-65.80246723406823,153.10404132333068,7.8118672370910645,0.18093185126781464,5.845726490020752,0.8712906837463379,-24.30023956298828,-4.946847438812256
2026-04-02 13:04:30.799,2009.805742054,654885074,left_foot,左脚,D4:22:CD:00:84:61,0.20288962125778198,0.5343076586723328,-0.14343887567520142,0.8079460859298706,-2.210308165031662,-67.15930124541315,153.2744878086307,7.89148473739624,0.2620548605918884,6.092690944671631,4.762726783752441,-40.65909957885742,0.44951674342155457
2026-04-02 13:04:30.861,2009.867436963,654918408,left_foot,左脚,D4:22:CD:00:84:61,0.19824136793613434,0.5465477108955383,-0.14680522680282593,0.8002713918685913,-2.9097714997931208,-68.90399359596248,154.17026614726413,8.192111015319824,0.5471631288528442,6.31079626083374,3.9028820991516113,-52.679439544677734,7.724541187286377
2026-04-02 13:04:30.889,2009.895630177,654951742,left_foot,左脚,D4:22:CD:00:84:61,0.19291457533836365,0.5611292719841003,-0.15036991238594055,0.7907636165618896,-3.75165743510627,-70.98934866614323,155.25584330694147,8.426215171813965,-1.3064451217651367,5.74606466293335,5.346557140350342,-63.08321762084961,7.5675740242004395
2026-04-02 13:04:30.919,2009.925704822,654985076,left_foot,左脚,D4:22:CD:00:84:61,0.18862956762313843,0.5809548497200012,-0.1515096127986908,0.7771458029747009,-3.346723693528555,-73.76667128945141,155.22548098108072,8.515535354614258,-1.0893399715423584,6.342090129852295,11.185504913330078,-83.16047668457031,-5.430920600891113
2026-04-02 13:04:30.949,2009.955650003,655018410,left_foot,左脚,D4:22:CD:00:84:61,0.18434660136699677,0.6074973940849304,-0.150863915681839,0.7577622532844543,-1.2331924825814415,-77.50089531300164,153.6434370274077,8.734031677246094,-0.5238343477249146,6.346546649932861,17.25652313232422,-111.52722930908203,-16.25847625732422
2026-04-02 13:04:30.980,2009.986448734,655051744,left_foot,左脚,D4:22:CD:00:84:61,0.17842577397823334,0.6406150460243225,-0.1517704576253891,0.7312610149383545,2.853394654416942,-82.3384128484127,150.0804373637528,9.248856544494629,0.7259027361869812,6.853034496307373,17.145959854125977,-145.4431610107422,-16.644487380981445
2026-04-02 13:04:31.009,2010.015623541,655085078,left_foot,左脚,D4:22:CD:00:84:61,0.16719332337379456,0.6812242865562439,-0.15738433599472046,0.6951333284378052,21.923137053222373,-88.6208688629551,131.53833452950872,9.548135757446289,1.5644786357879639,7.48123836517334,16.65374183654785,-191.2789764404297,-2.6760551929473877
2026-04-02 13:04:31.039,2010.045464775,655118412,left_foot,左脚,D4:22:CD:00:84:61,0.14710265398025513,0.7301665544509888,-0.15980389714241028,0.6478278636932373,176.21313571158714,-83.24540265235461,-21.3250732669595,11.18043041229248,0.5541870594024658,7.186687469482422,43.82465362548828,-240.54153442382812,0.13031519949436188
2026-04-02 13:04:31.069,2010.075618598,655151746,left_foot,左脚,D4:22:CD:00:84:61,0.11415678262710571,0.7833645939826965,-0.15719132125377655,0.5904231071472168,-178.59944491166374,-73.92946253141783,-23.746837262155644,11.394593238830566,0.746796727180481,5.863985061645508,84.01697540283203,-280.14849853515625,8.745827674865723
2026-04-02 13:04:31.100,2010.106451397,655185080,left_foot,左脚,D4:22:CD:00:84:61,0.059733252972364426,0.8317705988883972,-0.13322511315345764,0.5355755090713501,-174.09766912978907,-65.07598440102596,-21.9672830212818,9.71621036529541,-1.2091978788375854,2.5384392738342285,184.80934143066406,-266.92718505859375,-1.4971415996551514
2026-04-02 13:04:31.159,2010.165656218,655218414,left_foot,左脚,D4:22:CD:00:84:61,0.021367071196436882,0.8570355772972107,-0.11192847043275833,0.502499520778656,-171.2706399517461,-60.008876508154145,-19.92868881068185,12.658058166503906,6.383641719818115,1.8070648908615112,138.9617156982422,-155.00424194335938,-8.218273162841797
2026-04-02 13:04:31.189,2010.195531504,655251748,left_foot,左脚,D4:22:CD:00:84:61,0.03366518393158913,0.856802225112915,-0.10917399823665619,0.5028297901153564,-173.95558277801106,-60.342866546189555,-18.039090378238257,8.111517906188965,1.2270723581314087,3.3798787593841553,-30.94985580444336,5.550539493560791,-28.893821716308594
2026-04-02 13:04:31.219,2010.225340469,655285082,left_foot,左脚,D4:22:CD:00:84:61,0.03953169658780098,0.8483915328979492,-0.1004970595240593,0.5182369947433472,-175.38805919351594,-62.533570519606684,-16.31249443984426,4.529528617858887,-1.8814446926116943,2.4386889934539795,2.833420753479004,62.30120849609375,-30.369487762451172
2026-04-02 13:04:31.249,2010.255676716,655318416,left_foot,左脚,D4:22:CD:00:84:61,0.03423914685845375,0.8277626633644104,-0.09598222374916077,0.5517466068267822,-172.78343406537724,-66.92651307718842,-18.00169271494566,7.0756402015686035,1.4900257587432861,1.3401517868041992,32.35691452026367,132.44796752929688,8.399471282958984
2026-04-02 13:04:31.279,2010.285639903,655351750,left_foot,左脚,D4:22:CD:00:84:61,0.03389047458767891,0.7896628975868225,-0.11186714470386505,0.6023038029670715,-163.38134381520982,-73.49929017885745,-28.574361657687888,7.427515029907227,1.8845913410186768,1.6784101724624634,-16.79134178161621,213.39979553222656,64.89324951171875
2026-04-02 13:04:31.369,2010.375544008,655385084,left_foot,左脚,D4:22:CD:00:84:61,0.03390219062566757,0.7401435971260071,-0.12523356080055237,0.6598144769668579,-137.81783100437733,-80.13220885931226,-55.1523250806124,6.451810836791992,0.077799491584301,2.0259039402008057,-11.208954811096191,256.4141845703125,62.52249526977539
2026-04-02 13:04:31.370,2010.376125178,655418418,left_foot,左脚,D4:22:CD:00:84:61,0.03993289917707443,0.6918963193893433,-0.1304815113544464,0.7089849710464478,-86.24847715005274,-82.52817578754826,-107.62319958950253,7.21803617477417,-0.02091100439429283,3.2566816806793213,-11.6968355178833,235.76577758789062,26.655988693237305
2026-04-02 13:04:31.399,2010.405579949,655451752,left_foot,左脚,D4:22:CD:00:84:61,0.055247243493795395,0.6441006064414978,-0.12072376906871796,0.7533314228057861,-38.1170203288949,-79.66686147056924,-156.2373172238687,10.619610786437988,1.2946414947509766,3.6771814823150635,0.5831847786903381,229.3934326171875,-32.59345626831055
2026-04-02 13:04:31.400,2010.406161178,655485086,left_foot,左脚,D4:22:CD:00:84:61,0.07408557087182999,0.5953941941261292,-0.110488660633564,0.7923444509506226,-18.048097644084645,-73.71636691288225,-177.1040624913063,10.616209030151367,2.045133113861084,4.6052141189575195,-8.100994110107422,221.4584197998047,-43.3211784362793
2026-04-02 13:04:31.459,2010.465588646,655518420,left_foot,左脚,D4:22:CD:00:84:61,0.0914715901017189,0.5509716868400574,-0.09461955726146698,0.8240817785263062,-8.367610298504534,-67.72890094246834,172.9531555818014,12.621048927307129,0.7028487324714661,5.566626071929932,8.667501449584961,195.76039123535156,-54.27574157714844
2026-04-02 13:04:31.489,2010.495385046,655551754,left_foot,左脚,D4:22:CD:00:84:61,0.11413438618183136,0.5050109028816223,-0.06968091428279877,0.8526911735534668,-0.42407327172554427,-61.299546141910184,165.00361937876252,16.461278915405273,1.3755065202713013,5.405795097351074,22.975666046142578,198.8602752685547,-86.81401062011719
2026-04-02 13:04:31.519,2010.525581119,655585088,left_foot,左脚,D4:22:CD:00:84:61,0.13857294619083405,0.45005297660827637,-0.05599326267838478,0.8804060220718384,2.5423950023300383,-53.89873560326503,160.81769728096393,14.898080825805664,3.0424933433532715,4.811368942260742,-16.773075103759766,219.88693237304688,-70.52544403076172
2026-04-02 13:04:31.549,2010.555346497,655618422,left_foot,左脚,D4:22:CD:00:84:61,0.15653856098651886,0.4018775522708893,-0.04246215149760246,0.9012144207954407,4.18590827729034,-47.5315600032994,158.44849640765943,12.669943809509277,-0.38379141688346863,4.173836708068848,-5.233366966247559,187.4660186767578,-55.08339309692383
2026-04-02 13:04:31.579,2010.58549875,655651756,left_foot,左脚,D4:22:CD:00:84:61,0.17210784554481506,0.3634013831615448,-0.023065611720085144,0.915306806564331,6.433996548180235,-42.31351015228632,156.20947238129213,12.19701099395752,0.5851908922195435,2.8436245918273926,20.408954620361328,151.09793090820312,-60.8167839050293
2026-04-02 13:04:31.609,2010.615566514,655685090,left_foot,左脚,D4:22:CD:00:84:61,0.18364660441875458,0.3333297073841095,-0.003388097742572427,0.9247453212738037,8.49470365466074,-38.15088394042235,154.59314238857831,11.791313171386719,0.4653909206390381,0.6797267198562622,30.88990020751953,118.89373016357422,-51.902565002441406
2026-04-02 13:04:31.639,2010.645642332,655718424,left_foot,左脚,D4:22:CD:00:84:61,0.18305277824401855,0.3147072494029999,-0.001509798807092011,0.9313694834709167,7.979118077365951,-35.928130156844,155.1706678575333,9.585715293884277,-1.6071910858154297,-0.45898526906967163,-4.646668434143066,68.09459686279297,5.1473236083984375
2026-04-02 13:04:31.669,2010.675362247,655751758,left_foot,左脚,D4:22:CD:00:84:61,0.17561954259872437,0.3106960654258728,0.006571593694388866,0.9341214299201965,8.557047434668089,-35.32034103508179,155.97587754021674,10.879537582397461,-1.5000942945480347,-1.2980902194976807,31.70958709716797,21.177114486694336,17.59262466430664
2026-04-02 13:04:31.699,2010.705494778,655785092,left_foot,左脚,D4:22:CD:00:84:61,0.165563702583313,0.31899675726890564,0.002562515903264284,0.9331792593002319,7.892369189067345,-36.47796392544634,157.27416110056703,7.42111349105835,-1.2128081321716309,1.81533944606781,3.1792473793029785,-29.372034072875977,36.85458755493164
2026-04-02 13:04:31.759,2010.765526706,655818426,left_foot,左脚,D4:22:CD:00:84:61,0.16277499496936798,0.3294900059700012,-0.0065625738352537155,0.9299988150596619,6.923911845077612,-37.9509711044064,157.7611572440105,6.999893665313721,0.7893527150154114,4.423366069793701,-19.945222854614258,-41.761253356933594,17.78394889831543
2026-04-02 13:04:31.789,2010.795353944,655851760,left_foot,左脚,D4:22:CD:00:84:61,0.1651916354894638,0.33764412999153137,-0.0305478498339653,0.9261615872383118,4.082539190111348,-39.458440857805705,158.30931225056386,-0.5463578701019287,2.761704206466675,13.517719268798828,-74.68189239501953,-43.2183952331543,17.612762451171875
2026-04-02 13:04:31.819,2010.825587993,655885094,left_foot,左脚,D4:22:CD:00:84:61,0.16865839064121246,0.3562663793563843,-0.06733117997646332,0.9165671467781067,-0.2528232451033481,-42.515988024757284,159.2455276868474,1.3807651996612549,-3.250347137451172,8.979350090026855,-111.32392883300781,-90.69941711425781,24.81829833984375
2026-04-02 13:04:31.849,2010.855646916,655918428,left_foot,左脚,D4:22:CD:00:84:61,0.1780012845993042,0.3857484459877014,-0.0765555128455162,0.9020273685455322,-0.06494618175155781,-46.31640674350735,157.70174074679332,8.803851127624512,-7.69044828414917,7.405060291290283,-26.703596115112305,-113.69730377197266,-33.28776931762695
2026-04-02 13:04:31.879,2010.885635868,655951762,left_foot,左脚,D4:22:CD:00:84:61,0.17028245329856873,0.42164865136146545,-0.07754707336425781,0.887244701385498,0.5428885605252814,-50.77064383985734,158.0138721128581,9.309601783752441,1.1514359712600708,8.961895942687988,25.014026641845703,-133.3727569580078,6.378156661987305
2026-04-02 13:04:31.909,2010.915309317,655985096,left_foot,左脚,D4:22:CD:00:84:61,0.16844651103019714,0.4454638361930847,-0.08940131962299347,0.8747546076774597,-0.6181528122699566,-54.043340310952246,158.51585195469025,13.284993171691895,5.195673942565918,5.4008331298828125,-22.915672302246094,-97.92324829101562,9.088862419128418
2026-04-02 13:04:31.939,2010.945467558,656018430,left_foot,左脚,D4:22:CD:00:84:61,0.16576039791107178,0.4613185524940491,-0.10141673684120178,0.8656926155090332,-2.3425386725003965,-56.340030965076835,159.57533837751294,8.877315521240234,-0.919093906879425,5.676295280456543,-25.490034103393555,-69.02792358398438,16.543821334838867
2026-04-02 13:04:31.969,2010.975573892,656051764,left_foot,左脚,D4:22:CD:00:84:61,0.1640159636735916,0.473190575838089,-0.10826356709003448,0.8587600588798523,-3.325520164542261,-58.01944642884184,160.2188774307658,7.940459251403809,-1.7901691198349,6.0692009925842285,-13.186209678649902,-50.51470947265625,8.069350242614746
2026-04-02 13:04:31.999,2011.005641553,656085098,left_foot,左脚,D4:22:CD:00:84:61,0.1642547994852066,0.48187366127967834,-0.10935226082801819,0.853733241558075,-3.1785500883690445,-59.17162357505935,160.02413603089636,8.052495002746582,-1.5805084705352783,5.74675989151001,-0.5946215391159058,-34.03092575073242,-4.993253231048584
2026-04-02 13:04:32.059,2011.065538697,656118432,left_foot,左脚,D4:22:CD:00:84:61,0.16581299901008606,0.4864528477191925,-0.10813018679618835,0.8509863615036011,-2.583816324507228,-59.74460256502997,159.4326284112803,7.929978847503662,-0.3100414276123047,5.816564083099365,2.514127254486084,-16.427438735961914,-9.894251823425293
2026-04-02 13:04:32.089,2011.095577101,656151766,left_foot,左脚,D4:22:CD:00:84:61,0.16735738515853882,0.48837995529174805,-0.1060544103384018,0.8498407602310181,-1.9215287231259575,-59.949923850525636,158.82717239496102,7.629872798919678,0.18671733140945435,5.874952793121338,4.096487045288086,-5.533986568450928,-9.393155097961426
2026-04-02 13:04:32.119,2011.125402894,656185100,left_foot,左脚,D4:22:CD:00:84:61,0.16842471063137054,0.4894935190677643,-0.10466369241476059,0.8491612076759338,-1.4774325213069985,-60.06288885599515,158.41693844648546,7.744753360748291,-0.090009905397892,5.9325385093688965,2.636019229888916,-2.9711456298828125,-6.2453155517578125
2026-04-02 13:04:32.149,2011.155314314,656218434,left_foot,左脚,D4:22:CD:00:84:61,0.1696695238351822,0.4906518757343292,-0.10273304581642151,0.8484805822372437,-0.902608340849119,-60.16689669878238,157.90647103831733,7.560666561126709,0.2813827693462372,5.966226100921631,3.9264345169067383,-2.7526192665100098,-7.693942546844482
2026-04-02 13:04:32.179,2011.18564686,656251768,left_foot,左脚,D4:22:CD:00:84:61,0.17054057121276855,0.4916507601737976,-0.10137904435396194,0.8478902578353882,-0.4879002174008725,-60.26285491919754,157.53826666529216,7.460969924926758,0.4047691822052002,5.860195636749268,2.8476123809814453,-2.6311049461364746,-5.487422943115234
2026-04-02 13:04:32.209,2011.215601865,656285102,left_foot,左脚,D4:22:CD:00:84:61,0.17075958847999573,0.49278882145881653,-0.10110060125589371,0.8472186326980591,-0.3494012465611201,-60.40374198286276,157.41242521286955,7.331928730010986,0.4554556608200073,5.831485748291016,0.9089340567588806,-4.060119152069092,-1.8240214586257935
2026-04-02 13:04:32.239,2011.245558445,656318436,left_foot,左脚,D4:22:CD:00:84:61,0.1701483577489853,0.4936789274215698,-0.1018364354968071,0.8467350006103516,-0.5195202953118194,-60.538328507444746,157.57908431032308,7.3395466804504395,0.5131838917732239,5.838940143585205,-0.7066033482551575,-3.9289638996124268,2.5295655727386475
2026-04-02 13:04:32.269,2011.275158132,656351770,left_foot,左脚,D4:22:CD:00:84:61,0.16955509781837463,0.49348196387290955,-0.10303962975740433,0.8468232750892639,-0.8351635387970665,-60.54307295681795,157.84283616091125,7.596782684326172,0.2043243646621704,5.793222427368164,-2.5068185329437256,-0.0872817188501358,4.015102863311768
2026-04-02 13:04:32.299,2011.305416686,656385104,left_foot,左脚,D4:22:CD:00:84:61,0.1693086177110672,0.4912126362323761,-0.10354746133089066,0.848129153251648,-1.0753959889553584,-60.2600826303131,158.04549949622586,7.613646030426025,0.01006186194717884,5.726174831390381,-1.8561291694641113,8.51987361907959,3.2688918113708496
2026-04-02 13:04:32.359,2011.365558068,656418438,left_foot,左脚,D4:22:CD:00:84:61,0.16901704668998718,0.4888460636138916,-0.1045362651348114,0.8494322896003723,-1.413921147686263,-59.97645252727864,158.30890100311711,7.438283443450928,0.3712769150733948,5.959385395050049,-3.2170495986938477,8.481148719787598,4.264191150665283
2026-04-02 13:04:32.389,2011.395437457,656451772,left_foot,左脚,D4:22:CD:00:84:61,0.1676127165555954,0.4876599907875061,-0.10770825296640396,0.8499958515167236,-2.2426875902163093,-59.896892621474436,158.9818925797787,7.204404354095459,0.6625440120697021,6.176510810852051,-7.288386344909668,2.0967276096343994,10.351067543029785
2026-04-02 13:04:32.419,2011.425440673,656485106,left_foot,左脚,D4:22:CD:00:84:61,0.16559483110904694,0.488228976726532,-0.11159536987543106,0.8495630025863647,-3.2063807849258072,-60.05692957181245,159.79432361696254,7.596123695373535,-0.26229503750801086,5.9409074783325195,-7.674627780914307,-5.3716349601745605,12.155720710754395
2026-04-02 13:04:32.449,2011.455533828,656518440,left_foot,左脚,D4:22:CD:00:84:61,0.1643274575471878,0.4912986755371094,-0.11381591111421585,0.847743034362793,-3.66885657634511,-60.50469347850009,160.19984106454135,7.601339817047119,-0.44402995705604553,5.956262111663818,-3.195540428161621,-13.788750648498535,5.398402690887451
2026-04-02 13:04:32.479,2011.485518997,656551774,left_foot,左脚,D4:22:CD:00:84:61,0.16330458223819733,0.4945439100265503,-0.11600301414728165,0.8457549810409546,-4.100997248150099,-60.97562484049245,160.55797395323899,7.3775787353515625,0.09120620042085648,5.869751453399658,-3.48213529586792,-14.491862297058105,4.4630889892578125
2026-04-02 13:04:32.509,2011.515508552,656585108,left_foot,左脚,D4:22:CD:00:84:61,0.1628788262605667,0.49845030903816223,-0.11765125393867493,0.8433126211166382,-4.337535575503798,-61.52490985690071,160.7194348862797,7.698662281036377,-0.46657782793045044,5.826898574829102,-2.731426477432251,-16.670930862426758,1.3019341230392456
2026-04-02 13:04:32.569,2011.575570383,656618442,left_foot,左脚,D4:22:CD:00:84:61,0.16308976709842682,0.5028420686721802,-0.11823106557130814,0.840579092502594,-4.2613729025248315,-62.11908227980725,160.6069837114787,7.634748458862305,-0.10683044046163559,5.847989559173584,-0.5949088931083679,-17.742862701416016,-2.7540690898895264
2026-04-02 13:04:32.570,2011.576736797,656651776,left_foot,左脚,D4:22:CD:00:84:61,0.16227489709854126,0.5082669258117676,-0.12104222178459167,0.8370665907859802,-4.74450154660932,-62.89721472939487,160.95992570943434,7.559327602386475,0.5279938578605652,5.558220386505127,-4.984228134155273,-23.769975662231445,3.2365405559539795
2026-04-02 13:04:32.599,2011.605543471,656685110,left_foot,左脚,D4:22:CD:00:84:61,0.1618938446044922,0.5149168968200684,-0.12369188666343689,0.8326773643493652,-5.109904010199153,-63.84033094584073,161.17941509657578,7.722752094268799,-0.44917067885398865,5.831631183624268,-4.913124084472656,-28.58294105529785,0.7404686212539673
2026-04-02 13:04:32.659,2011.665562976,656718444,left_foot,左脚,D4:22:CD:00:84:61,0.161235511302948,0.5238209962844849,-0.12644971907138824,0.8268164396286011,-5.475040583697757,-65.09179845355536,161.42647135280885,7.967825889587402,-0.297681987285614,5.733501434326172,-4.136675834655762,-37.85028076171875,-0.07409264892339706
2026-04-02 13:04:32.689,2011.695539869,656751778,left_foot,左脚,D4:22:CD:00:84:61,0.159261554479599,0.533497154712677,-0.13023310899734497,0.8203999400138855,-6.291970053245062,-66.468994265102,162.15312970391992,8.030183792114258,0.15583577752113342,5.760058879852295,-4.479968547821045,-42.21896743774414,4.8787007331848145
2026-04-02 13:04:32.719,2011.725591572,656785112,left_foot,左脚,D4:22:CD:00:84:61,0.15583978593349457,0.5447851419448853,-0.13292604684829712,0.8131753206253052,-7.125163391594929,-68.03947032259094,163.11527922868072,8.215346336364746,-0.4612180292606354,6.202032566070557,1.795910120010376,-48.33991622924805,5.814394950866699
2026-04-02 13:04:32.749,2011.755502753,656818446,left_foot,左脚,D4:22:CD:00:84:61,0.15164890885353088,0.5591486692428589,-0.13509172201156616,0.8038071990013123,-8.009139709932443,-70.02941533454678,164.24772004442622,8.355710983276367,-0.5833718180656433,6.388246536254883,5.3484110832214355,-61.07744598388672,4.405506610870361
2026-04-02 13:04:32.779,2011.78557706,656851780,left_foot,左脚,D4:22:CD:00:84:61,0.14664293825626373,0.5784583687782288,-0.13764703273773193,0.7905286550521851,-9.30255597625368,-72.73558155030163,165.8394452307118,8.501506805419922,-0.45023199915885925,6.881062984466553,6.608514308929443,-82.91765594482422,3.071176052093506
2026-04-02 13:04:32.809,2011.8155405,656885114,left_foot,左脚,D4:22:CD:00:84:61,0.14129075407981873,0.605443000793457,-0.13871929049491882,0.7708650827407837,-10.60929677673122,-76.56371803216756,167.60953660786558,8.803417205810547,-1.1601877212524414,6.364494323730469,12.096214294433594,-115.98605346679688,-5.825119972229004
2026-04-02 13:04:32.839,2011.845289277,656918448,left_foot,左脚,D4:22:CD:00:84:61,0.13561639189720154,0.6401025652885437,-0.1394062638282776,0.7432652711868286,-13.34809029404054,-81.62780069448696,170.8597493183455,9.188716888427734,-0.14020004868507385,6.831042289733887,13.624226570129395,-152.9259490966797,-13.330564498901367
2026-04-02 13:04:32.869,2011.875517713,656951782,left_foot,左脚,D4:22:CD:00:84:61,0.1254229098558426,0.6827390789985657,-0.1418277472257614,0.7057065367698669,-46.43202143115348,-87.71285999792617,-155.35828339957135,9.562590599060059,1.1867711544036865,6.99272346496582,18.200105667114258,-198.38720703125,-6.384109020233154
2026-04-02 13:04:32.899,2011.905528639,656985116,left_foot,左脚,D4:22:CD:00:84:61,0.1087130457162857,0.730590283870697,-0.1478380411863327,0.6576958298683167,-162.24596418232943,-83.29263166824003,-38.69397724093611,11.03670883178711,1.766308307647705,7.075279235839844,21.9552001953125,-240.53924560546875,10.869599342346191
2026-04-02 13:04:32.959,2011.965331947,657018450,left_foot,左脚,D4:22:CD:00:84:61,0.08359973132610321,0.7795631885528564,-0.15457943081855774,0.6011636853218079,-168.091261212986,-74.39423612792339,-31.483450476869784,11.70438289642334,-0.18960650265216827,5.029132843017578,37.78603744506836,-269.3078918457031,28.016935348510742
2026-04-02 13:04:32.989,2011.995427752,657051784,left_foot,左脚,D4:22:CD:00:84:61,0.044796980917453766,0.8216337561607361,-0.1412973552942276,0.5504056215286255,-168.139013267336,-66.50904107040627,-27.309157014660105,8.340749740600586,-0.5679706335067749,2.9391632080078125,116.84247589111328,-241.2041473388672,8.015695571899414
2026-04-02 13:04:33.019,2012.025572681,657085118,left_foot,左脚,D4:22:CD:00:84:61,0.016855111345648766,0.8414527773857117,-0.12617799639701843,0.5251213908195496,-166.91018472246697,-62.620874073508084,-25.040081925125588,14.31851863861084,5.081615924835205,3.0227816104888916,98.55154418945312,-121.52008056640625,-2.885549306869507
2026-04-02 13:04:33.049,2012.055571546,657118452,left_foot,左脚,D4:22:CD:00:84:61,0.018361832946538925,0.8363198041915894,-0.1297914981842041,0.532340407371521,-166.046628965676,-63.53155547938565,-26.309450415867996,7.097538948059082,2.1884593963623047,4.557821750640869,-7.36440896987915,29.010757446289062,10.882379531860352
2026-04-02 13:04:33.079,2012.085288653,657151786,left_foot,左脚,D4:22:CD:00:84:61,0.010569030418992043,0.8259251713752747,-0.1232680156826973,0.5500374436378479,-163.33575591910633,-65.66961652016987,-27.775375694907414,4.058687210083008,-1.4960603713989258,3.821775436401367,42.19446563720703,65.10883331298828,1.8400222063064575
2026-04-02 13:04:33.109,2012.115555334,657185120,left_foot,左脚,D4:22:CD:00:84:61,0.003331889398396015,0.8102751970291138,-0.11319608241319656,0.5750044584274292,-159.77720187310786,-68.84024368037996,-29.839455355006578,5.84127140045166,0.056075580418109894,3.156496286392212,49.97034454345703,95.98136138916016,-6.667078971862793
2026-04-02 13:04:33.139,2012.145612725,657218454,left_foot,左脚,D4:22:CD:00:84:61,0.008823231793940067,0.7811904549598694,-0.10551199316978455,0.6152488589286804,-154.45276161605088,-74.38980091570782,-34.908684809290754,8.233294486999512,0.0139164412394166,2.932032823562622,15.446589469909668,169.97889709472656,-19.68189239501953
2026-04-02 13:04:33.229,2012.235557572,657251788,left_foot,左脚,D4:22:CD:00:84:61,0.0239071287214756,0.740759551525116,-0.10239598900079727,0.6634902954101562,-139.69092874384458,-81.06639957834707,-50.588175640134516,7.313879489898682,-0.8504920601844788,3.5832631587982178,-17.577735900878906,218.76107788085938,-23.31967544555664
2026-04-02 13:04:33.230,2012.236662941,657285122,left_foot,左脚,D4:22:CD:00:84:61,0.036914996802806854,0.6965978741645813,-0.09787595272064209,0.7097954750061035,-83.25899521889731,-84.94435760508904,-107.69019667883204,7.982280731201172,-2.763969659805298,3.75028133392334,-10.352879524230957,221.63104248046875,-21.063013076782227
2026-04-02 13:04:33.259,2012.265513057,657318456,left_foot,左脚,D4:22:CD:00:84:61,0.04642438888549805,0.6490553617477417,-0.0901518315076828,0.7539528012275696,-28.18920998940708,-80.78144676376589,-162.93070108537765,9.94209098815918,-1.4967889785766602,4.632766246795654,4.351893901824951,223.90721130371094,-19.478715896606445
2026-04-02 13:04:33.289,2012.295670269,657351790,left_foot,左脚,D4:22:CD:00:84:61,0.055552687495946884,0.5943139791488647,-0.08037519454956055,0.7982762455940247,-12.513721036821273,-73.29217718943963,-178.63600707269717,12.999322891235352,0.6904468536376953,4.601629734039307,9.362813949584961,243.16102600097656,-20.93734359741211
2026-04-02 13:04:33.319,2012.325399597,657385124,left_foot,左脚,D4:22:CD:00:84:61,0.06659643352031708,0.5343700051307678,-0.08193209022283554,0.8386303782463074,-9.059578301247539,-65.11993601275198,176.71130439058032,11.760223388671875,0.79034823179245,5.623592853546143,-27.818471908569336,247.75534057617188,-2.4087955951690674
2026-04-02 13:04:33.349,2012.355590676,657418458,left_foot,左脚,D4:22:CD:00:84:61,0.08149474114179611,0.47270631790161133,-0.07339786738157272,0.8743684887886047,-5.404479257955691,-56.99278385283785,172.28584906615384,14.148204803466797,0.009054028429090977,5.939465522766113,-7.245344161987305,247.7164306640625,-32.6489143371582
2026-04-02 13:04:33.379,2012.385626384,657451792,left_foot,左脚,D4:22:CD:00:84:61,0.10607040673494339,0.4082370102405548,-0.06544876843690872,0.9043275713920593,-2.763795910539269,-48.78514519732623,167.8739317032517,14.651998519897461,1.213991641998291,6.26484489440918,-26.790019989013672,249.23428344726562,-61.64305114746094
2026-04-02 13:04:33.439,2012.44537682,657485126,left_foot,左脚,D4:22:CD:00:84:61,0.12987877428531647,0.34748223423957825,-0.05699930712580681,0.9268975257873535,-1.1734545454010297,-41.22110892658508,164.48839579489209,14.000678062438965,-0.232675239443779,3.7524449825286865,-24.323707580566406,227.54190063476562,-63.414100646972656
2026-04-02 13:04:33.440,2012.446467318,657518460,left_foot,左脚,D4:22:CD:00:84:61,0.14139962196350098,0.30452701449394226,-0.04426446557044983,0.9409093856811523,0.19948678535218323,-35.84414404196102,162.84260170907714,13.532980918884277,-1.9959158897399902,-0.27245765924453735,10.3986234664917,160.3602294921875,-36.6103630065918
2026-04-02 13:04:33.469,2012.475502382,657551794,left_foot,左脚,D4:22:CD:00:84:61,0.15146616101264954,0.2834629416465759,-0.02952611818909645,0.9464857578277588,2.0498722068576236,-33.06099306019264,161.20764291155908,13.208938598632812,-1.6263306140899658,-5.141047477722168,27.847652435302734,81.90670013427734,-41.44443130493164
2026-04-02 13:04:33.499,2012.505571808,657585128,left_foot,左脚,D4:22:CD:00:84:61,0.15229295194149017,0.2869543135166168,-0.032929182052612305,0.9451878666877747,1.729305144934492,-33.537389674631115,161.17270981845616,13.219741821289062,-1.232524037361145,-6.468602180480957,-10.0506010055542,-14.584574699401855,0.18904495239257812
2026-04-02 13:04:33.559,2012.565409915,657618462,left_foot,左脚,D4:22:CD:00:84:61,0.13574519753456116,0.3069327175617218,-0.04498802125453949,0.9409260749816895,-0.09447293676338576,-36.14392805463446,163.6122539991214,3.457530975341797,1.6337907314300537,11.022658348083496,-12.665396690368652,-77.19039154052734,61.79310607910156
2026-04-02 13:04:33.589,2012.595566593,657651796,left_foot,左脚,D4:22:CD:00:84:61,0.13366085290908813,0.3382762670516968,-0.05663662403821945,0.9297832250595093,-1.1155434620475249,-40.10474712615074,164.04618607441623,3.9649763107299805,0.12412117421627045,7.189253330230713,-22.355472564697266,-118.9570083618164,9.620896339416504
2026-04-02 13:04:33.619,2012.62553873,657685130,left_foot,左脚,D4:22:CD:00:84:61,0.1352364420890808,0.37225142121315,-0.061917856335639954,0.9161368608474731,-1.022652418396074,-44.33186342154932,163.62237543948925,9.337278366088867,-2.922022819519043,7.910383701324463,-5.540420055389404,-126.61478424072266,-11.230107307434082
2026-04-02 13:04:33.649,2012.655285647,657718464,left_foot,左脚,D4:22:CD:00:84:61,0.13160181045532227,0.40631476044654846,-0.06686414778232574,0.9017311334609985,-1.1826752036686852,-48.62259421201335,163.9276415708726,10.155470848083496,2.9426984786987305,8.403352737426758,2.005953788757324,-128.7696533203125,4.169439792633057
2026-04-02 13:04:33.679,2012.685484633,657751798,left_foot,左脚,D4:22:CD:00:84:61,0.13212697207927704,0.4321662187576294,-0.07754699140787125,0.8886853456497192,-2.2022155645686716,-52.055932247384305,164.16230261702418,12.0783109664917,1.8903570175170898,6.23165225982666,-24.7475528717041,-102.98846435546875,2.1069045066833496
2026-04-02 13:04:33.709,2012.715588197,657785132,left_foot,左脚,D4:22:CD:00:84:61,0.13104452192783356,0.44911351799964905,-0.08465701341629028,0.8797489404678345,-3.071739255991036,-54.3312275119472,164.63201434397078,8.47300910949707,-1.4801443815231323,5.906745910644531,-14.34727668762207,-68.40621185302734,5.963315486907959
2026-04-02 13:04:33.739,2012.745590131,657818466,left_foot,左脚,D4:22:CD:00:84:61,0.131768137216568,0.46285200119018555,-0.08718329668045044,0.8722410798072815,-3.09809180375066,-56.141167558667114,164.47121422161214,8.437573432922363,-0.7058885097503662,5.913393020629883,-4.358994960784912,-53.892364501953125,-5.115145683288574
2026-04-02 13:04:33.769,2012.775158375,657851800,left_foot,左脚,D4:22:CD:00:84:61,0.13415418565273285,0.4719212055206299,-0.0856781005859375,0.8671520352363586,-2.330392676994335,-57.2927820399489,163.68450566300672,7.831268787384033,-0.7552436590194702,6.00288200378418,3.6499593257904053,-33.71450424194336,-14.104537010192871
2026-04-02 13:04:33.799,2012.805421544,657885134,left_foot,左脚,D4:22:CD:00:84:61,0.13596512377262115,0.4780466854572296,-0.08433709293603897,0.8636389970779419,-1.6985148864630026,-58.06547908767535,163.04921366946994,7.1905364990234375,0.6499686241149902,6.0902180671691895,3.173316478729248,-22.64107322692871,-10.5707368850708
2026-04-02 13:04:33.859,2012.865670715,657918468,left_foot,左脚,D4:22:CD:00:84:61,0.13746577501296997,0.4824112355709076,-0.08354823291301727,0.8610473275184631,-1.2377231903688724,-58.61945343553005,162.55348281964564,8.071812629699707,-0.31799739599227905,5.802886486053467,1.4885177612304688,-16.270465850830078,-7.799378395080566
2026-04-02 13:04:33.890,2012.896398315,657951802,left_foot,左脚,D4:22:CD:00:84:61,0.13942259550094604,0.4847927689552307,-0.08122998476028442,0.8596157431602478,-0.49571583607319,-58.8838428473694,161.85444226118034,7.767868518829346,0.026738762855529785,5.8723835945129395,4.636643886566162,-7.633026599884033,-10.597922325134277
2026-04-02 13:04:33.919,2012.925532844,657985136,left_foot,左脚,D4:22:CD:00:84:61,0.14106455445289612,0.4865579605102539,-0.0794256404042244,0.8585184812545776,0.099829108345783,-59.07559140893886,161.281463639114,7.371986389160156,0.7319504022598267,5.973664283752441,3.422684907913208,-5.605175018310547,-8.492321014404297
2026-04-02 13:04:33.949,2012.955560853,658018470,left_foot,左脚,D4:22:CD:00:84:61,0.1418149322271347,0.4884251356124878,-0.07913517951965332,0.8573606610298157,0.3185150935415374,-59.31185221443585,161.03428436656114,7.4073076248168945,0.5781437754631042,5.923390865325928,0.49767112731933594,-7.007748603820801,-3.3626108169555664
2026-04-02 13:04:33.979,2012.985528779,658051804,left_foot,左脚,D4:22:CD:00:84:61,0.14226321876049042,0.491008460521698,-0.07908309996128082,0.8558142185211182,0.4925399959107663,-59.646612710455514,160.8415382247309,7.292562961578369,0.2780287265777588,5.926801681518555,0.5461820363998413,-9.99197769165039,-2.4541356563568115
2026-04-02 13:04:34.009,2013.015313372,658085138,left_foot,左脚,D4:22:CD:00:84:61,0.14224296808242798,0.4941836893558502,-0.07899898290634155,0.8539957404136658,0.6496045464899022,-60.058505105369385,160.71156646746726,7.537575721740723,0.7997481226921082,5.744221210479736,1.6443067789077759,-12.323685646057129,-1.4295631647109985
2026-04-02 13:04:34.039,2013.04543501,658118472,left_foot,左脚,D4:22:CD:00:84:61,0.14074230194091797,0.49739646911621094,-0.08144184947013855,0.8521478772163391,0.1407500297176374,-60.53250875156803,161.16104099296345,7.375255107879639,0.9843844175338745,5.704595565795898,-3.2317452430725098,-14.140215873718262,7.2095112800598145
2026-04-02 13:04:34.069,2013.075572536,658151806,left_foot,左脚,D4:22:CD:00:84:61,0.13947725296020508,0.500363826751709,-0.08481857180595398,0.8502871990203857,-0.550809544081005,-60.993666300727924,161.69325730746615,7.760144233703613,0.03335338830947876,5.699913501739502,-6.466042995452881,-13.848749160766602,8.200909614562988
2026-04-02 13:04:34.099,2013.105617811,658185140,left_foot,左脚,D4:22:CD:00:84:61,0.13821986317634583,0.5019628405570984,-0.08848998695611954,0.8491750359535217,-1.374210928494611,-61.27906614068493,162.3241437921897,7.704551696777344,0.6396428942680359,5.664828777313232,-7.801000118255615,-8.718505859375,9.423373222351074
2026-04-02 13:04:34.159,2013.165417936,658218474,left_foot,左脚,D4:22:CD:00:84:61,0.13729600608348846,0.5018616914749146,-0.0922619104385376,0.8489833474159241,-2.252486763218323,-61.33967961093768,162.96346520317977,7.894166469573975,0.26041126251220703,5.481616497039795,-9.18000602722168,-2.129650115966797,9.592483520507812
2026-04-02 13:04:34.219,2013.225598028,658251808,left_foot,左脚,D4:22:CD:00:84:61,0.1356325000524521,0.5009165406227112,-0.09619709849357605,0.8493719696998596,-3.285263819986997,-61.28539041576724,163.80112408603114,7.813122749328613,0.30860501527786255,5.532511234283447,-8.604141235351562,1.0091789960861206,12.573057174682617
2026-04-02 13:04:34.220,2013.226578515,658285142,left_foot,左脚,D4:22:CD:00:84:61,0.13345244526863098,0.5003198385238647,-0.10076737403869629,0.8495392203330994,-4.496626152353486,-61.27989075421892,164.80936895546236,7.63494873046875,0.3787517845630646,5.640804290771484,-9.457365036010742,-0.8734354376792908,14.976354598999023
2026-04-02 13:04:34.250,2013.256290974,658318476,left_foot,左脚,D4:22:CD:00:84:61,0.13262073695659637,0.5012523531913757,-0.10340767353773117,0.8488021492958069,-5.1120636410720035,-61.44465462035119,165.27860814952626,7.893636703491211,-1.086562991142273,5.696485996246338,-5.771690368652344,-5.562139511108398,6.758667945861816
2026-04-02 13:04:34.279,2013.285565463,658351810,left_foot,左脚,D4:22:CD:00:84:61,0.13292129337787628,0.5030376315116882,-0.10417978465557098,0.8476035594940186,-5.1884421281814,-61.69648471151608,165.2751320991774,7.7969160079956055,-0.09363409876823425,5.656851768493652,-2.1051480770111084,-7.602258682250977,-0.33567389845848083
2026-04-02 13:04:34.309,2013.315563586,658385144,left_foot,左脚,D4:22:CD:00:84:61,0.13257230818271637,0.5056642889976501,-0.1066107526421547,0.8457910418510437,-5.671516206642294,-62.08459718392147,165.59874499517744,7.735924243927002,0.20759077370166779,5.495506763458252,-5.6285786628723145,-12.125930786132812,3.8622360229492188
2026-04-02 13:04:34.370,2013.376250685,658418478,left_foot,左脚,D4:22:CD:00:84:61,0.13221192359924316,0.5088248252868652,-0.10874170064926147,0.8436780571937561,-6.09211935012275,-62.53869496878808,165.88914931143293,7.7723917961120605,-0.3606889545917511,5.552698612213135,-4.611247539520264,-14.082489013671875,3.036334276199341
2026-04-02 13:04:34.371,2013.377366033,658451812,left_foot,左脚,D4:22:CD:00:84:61,0.13161708414554596,0.5136806964874268,-0.11124450713396072,0.840496301651001,-6.600474891560376,-63.224247490217316,166.26550677859714,7.7956671714782715,-0.09848657250404358,5.714997291564941,-4.91256856918335,-21.145732879638672,3.23960280418396
2026-04-02 13:04:34.399,2013.405639904,658485146,left_foot,左脚,D4:22:CD:00:84:61,0.13023094832897186,0.5197205543518066,-0.11467448621988297,0.8365288376808167,-7.424732947083192,-64.07807134469714,166.95291227999422,7.814601421356201,0.10858318954706192,5.302374839782715,-5.944484710693359,-26.69949722290039,6.361428737640381
2026-04-02 13:04:34.459,2013.46559923,658518480,left_foot,左脚,D4:22:CD:00:84:61,0.12884081900119781,0.5266181230545044,-0.11644826084375381,0.8321739435195923,-7.91033069406319,-65.02364139396718,167.4446761541958,8.054337501525879,-0.920357346534729,5.480411529541016,-0.9638750553131104,-29.133071899414062,2.885922908782959
2026-04-02 13:04:34.489,2013.495370061,658551814,left_foot,左脚,D4:22:CD:00:84:61,0.1262732297182083,0.5360798239707947,-0.1173269972205162,0.826382577419281,-8.371914578005264,-66.2973926658002,168.09784543681104,8.0653076171875,-0.0586552657186985,6.005345344543457,4.27662467956543,-39.1719856262207,2.953059196472168
2026-04-02 13:04:34.519,2013.525572916,658585148,left_foot,左脚,D4:22:CD:00:84:61,0.1227950006723404,0.5477483868598938,-0.11939910799264908,0.8189244866371155,-9.331836617173447,-67.88833542791458,169.23322757234777,8.299642562866211,0.1326935738325119,6.396425724029541,2.848011016845703,-49.43864059448242,6.126493453979492
2026-04-02 13:04:34.549,2013.555589708,658618482,left_foot,左脚,D4:22:CD:00:84:61,0.11749224364757538,0.5639267563819885,-0.1230536550283432,0.8081089854240417,-11.248781990852342,-70.10942714994351,171.3606652371255,8.41535472869873,0.19413475692272186,6.81408166885376,2.372342586517334,-69.93576049804688,10.991472244262695
2026-04-02 13:04:34.579,2013.585258972,658651816,left_foot,左脚,D4:22:CD:00:84:61,0.1112237349152565,0.5873367786407471,-0.12805330753326416,0.7913705110549927,-14.561037851769468,-73.35282141935568,174.86961379761624,8.652717590332031,-0.6462869048118591,7.3008036613464355,0.9320353269577026,-102.54641723632812,10.834102630615234
2026-04-02 13:04:34.609,2013.615382944,658685150,left_foot,左脚,D4:22:CD:00:84:61,0.10429009795188904,0.6205840110778809,-0.13156428933143616,0.7659569978713989,-20.27979996347252,-77.99317237787648,-179.02772991547116,9.458613395690918,-1.0556362867355347,7.9982380867004395,6.212157249450684,-146.668212890625,1.9456099271774292
2026-04-02 13:04:34.669,2013.675542284,658718484,left_foot,左脚,D4:22:CD:00:84:61,0.09427458047866821,0.664262056350708,-0.13461674749851227,0.729209840297699,-41.17447860105761,-83.80176873667415,-157.48170218320186,9.069347381591797,-0.05916224420070648,8.387017250061035,12.529794692993164,-199.73480224609375,0.2663143575191498
2026-04-02 13:04:34.670,2013.676695009,658751818,left_foot,左脚,D4:22:CD:00:84:61,0.07683493942022324,0.7163560390472412,-0.1377340704202652,0.6796764731407166,-129.79850291868647,-84.23708356002413,-67.67736527953197,10.70715045928955,1.1789437532424927,8.086092948913574,26.185287475585938,-253.7718505859375,11.021184921264648
2026-04-02 13:04:34.699,2013.705575089,658785152,left_foot,左脚,D4:22:CD:00:84:61,0.05197696015238762,0.7704383134841919,-0.14176276326179504,0.6193760633468628,-157.21019408394994,-75.7239077244254,-38.6615555030413,11.240161895751953,0.02767396718263626,5.963613510131836,37.83730697631836,-288.9853210449219,26.881221771240234
2026-04-02 13:04:34.819,2013.825489066,658818486,left_foot,左脚,D4:22:CD:00:84:61,0.015514642931520939,0.8192273378372192,-0.13421659171581268,0.5573258399963379,-161.82628370748003,-66.53701370382208,-30.589323874588207,7.654759407043457,-0.011244550347328186,3.796797275543213,91.38216400146484,-286.0957946777344,23.258098602294922
2026-04-02 13:04:34.820,2013.826748806,658851820,left_foot,左脚,D4:22:CD:00:84:61,-0.010265806689858437,0.8488921523094177,-0.1253216564655304,0.5133920311927795,-162.8222567517327,-60.34909404270896,-26.833007522962575,12.828010559082031,3.4488320350646973,2.3020782470703125,71.18135833740234,-193.28587341308594,8.848885536193848
2026-04-02 13:04:34.849,2013.855464502,658885154,left_foot,左脚,D4:22:CD:00:84:61,-0.005298146512359381,0.8497574329376221,-0.1267361342906952,0.5116856694221497,-163.76399581876137,-60.25873285931785,-26.43036161193272,10.594954490661621,3.649319648742676,2.642810583114624,-17.208019256591797,-5.732821941375732,-4.419716835021973
2026-04-02 13:04:34.850,2013.856527633,658918488,left_foot,左脚,D4:22:CD:00:84:61,0.004502399358898401,0.8367061614990234,-0.13238979876041412,0.5313901901245117,-162.98671711511597,-62.926949846583,-28.441316110770703,5.0953450202941895,0.36121734976768494,2.3576672077178955,-29.042661666870117,83.31950378417969,5.137554168701172
2026-04-02 13:04:34.879,2013.885485969,658951822,left_foot,左脚,D4:22:CD:00:84:61,0.007430301979184151,0.8175451159477234,-0.12847603857517242,0.561301052570343,-160.34386475394237,-66.88035532779645,-30.914518001237962,5.832441329956055,-0.33260831236839294,1.2148288488388062,12.659540176391602,120.81024169921875,-6.838801860809326
2026-04-02 13:04:34.909,2013.915541603,658985156,left_foot,左脚,D4:22:CD:00:84:61,0.01726907677948475,0.7850199937820435,-0.1283634752035141,0.605779230594635,-154.18687841436264,-72.8489785912139,-37.768597486991965,7.743731498718262,3.491990089416504,0.9599913358688354,-8.011656761169434,190.51010131835938,-3.1540095806121826
2026-04-02 13:04:34.939,2013.945225857,659018490,left_foot,左脚,D4:22:CD:00:84:61,0.03784084692597389,0.7420154213905334,-0.14024680852890015,0.6544557213783264,-137.79880963217127,-79.06599837394988,-56.73624204489631,6.842096328735352,-0.6736220121383667,1.6432074308395386,-60.594390869140625,227.67652893066406,11.825533866882324
2026-04-02 13:04:34.999,2014.00546975,659051824,left_foot,左脚,D4:22:CD:00:84:61,0.05473725497722626,0.6950847506523132,-0.13046999275684357,0.7048680186271667,-90.17541285418694,-83.80949186329677,-104.89699202194761,8.514070510864258,-0.24649223685264587,2.404092311859131,-2.2605440616607666,241.96426391601562,-33.05064392089844
2026-04-02 13:04:35.000,2014.006730546,659085158,left_foot,左脚,D4:22:CD:00:84:61,0.08155754208564758,0.644282877445221,-0.11891968548297882,0.7510700821876526,-27.459666592040268,-80.82307184625398,-168.89236395317945,10.06710433959961,1.5301469564437866,2.651324987411499,-24.33679962158203,246.06166076660156,-60.318138122558594
2026-04-02 13:04:35.059,2014.065289498,659118492,left_foot,左脚,D4:22:CD:00:84:61,0.10776214301586151,0.5915736556053162,-0.10029404610395432,0.792697548866272,-6.421064754981473,-73.63645483273758,169.3258956370215,11.436543464660645,1.6285145282745361,3.892584800720215,-6.921576499938965,242.59608459472656,-74.77516174316406
2026-04-02 13:04:35.089,2014.095548741,659151826,left_foot,左脚,D4:22:CD:00:84:61,0.1294609159231186,0.5386480689048767,-0.08737704157829285,0.82792729139328,-0.7388706864452317,-66.14140557997831,162.706668362993,11.606216430664062,2.187528371810913,4.733203887939453,-15.477316856384277,226.52308654785156,-52.94959259033203
2026-04-02 13:04:35.119,2014.125666133,659185160,left_foot,左脚,D4:22:CD:00:84:61,0.14909490942955017,0.49142760038375854,-0.07644059509038925,0.8546499013900757,1.7998594881113483,-59.631405346548924,159.17700528377273,11.221339225769043,1.8729040622711182,5.53997802734375,-17.27034568786621,193.07077026367188,-48.713111877441406
2026-04-02 13:04:35.149,2014.155586487,659218494,left_foot,左脚,D4:22:CD:00:84:61,0.17082324624061584,0.4435472786426544,-0.059747084975242615,0.8777902722358704,4.449868528848219,-53.04378300488008,155.75349690419065,15.347820281982422,-0.01481587439775467,5.536497116088867,-5.195271968841553,192.6249542236328,-66.15682983398438
2026-04-02 13:04:35.180,2014.18640445,659251828,left_foot,左脚,D4:22:CD:00:84:61,0.19299693405628204,0.38750705122947693,-0.047026947140693665,0.9002107977867126,5.333518055009871,-45.71108037788966,153.5495437856149,12.650768280029297,0.48440834879875183,5.833063125610352,-22.976810455322266,214.1912078857422,-60.22135543823242
2026-04-02 13:04:35.209,2014.215713775,659285162,left_foot,左脚,D4:22:CD:00:84:61,0.2087271511554718,0.34007447957992554,-0.03776472061872482,0.9161639213562012,5.427760458583521,-39.70931287185552,152.36980679460268,12.494924545288086,-1.1332935094833374,4.17191743850708,-20.565568923950195,175.75445556640625,-41.41017150878906
2026-04-02 13:04:35.239,2014.245674065,659318496,left_foot,左脚,D4:22:CD:00:84:61,0.21667414903640747,0.30348920822143555,-0.020935673266649246,0.927635908126831,6.488038310720893,-34.89870768813144,151.66417402992005,12.941349983215332,-1.6315586566925049,0.9358998537063599,19.40167236328125,141.02439880371094,-30.57574462890625
2026-04-02 13:04:35.269,2014.275690561,659351830,left_foot,左脚,D4:22:CD:00:84:61,0.21680302917957306,0.28258442878723145,0.0038406781386584044,0.9344131946563721,8.775247255168345,-31.764947479674245,151.3733793617396,11.531532287597656,-0.6525520086288452,-1.919948935508728,64.09705352783203,91.80980682373047,-18.836620330810547
2026-04-02 13:04:35.300,2014.30637132,659385164,left_foot,左脚,D4:22:CD:00:84:61,0.20788061618804932,0.2791427671909332,0.00738892238587141,0.9374489188194275,8.74990485474734,-31.351846197799368,152.53387645888125,10.867971420288086,0.08150473982095718,-2.8922455310821533,17.74660873413086,16.719430923461914,28.29460334777832
2026-04-02 13:04:35.359,2014.36564392,659418498,left_foot,左脚,D4:22:CD:00:84:61,0.19737307727336884,0.292259156703949,0.004041243344545364,0.9357417821884155,8.433472321911465,-33.049448468429674,153.67254144928026,11.225214958190918,-1.020504355430603,-2.1468236446380615,8.947404861450195,-45.780269622802734,36.87449264526367
2026-04-02 13:04:35.389,2014.395658199,659451832,left_foot,左脚,D4:22:CD:00:84:61,0.187677264213562,0.31718993186950684,-0.01789768971502781,0.9294341206550598,6.13495970525662,-36.60765133466993,155.13683084284307,1.4725909233093262,5.053659439086914,12.882867813110352,-43.592987060546875,-100.82258605957031,49.891422271728516
2026-04-02 13:04:35.420,2014.426423843,659485166,left_foot,左脚,D4:22:CD:00:84:61,0.18551424145698547,0.340436190366745,-0.05658029764890671,0.9200470447540283,1.6690879290058602,-40.34791670601172,156.58669305055173,-1.5073264837265015,0.4430420398712158,13.208028793334961,-106.4980239868164,-109.49156188964844,42.48762893676758
2026-04-02 13:04:35.449,2014.455640644,659518500,left_foot,左脚,D4:22:CD:00:84:61,0.19697657227516174,0.37130481004714966,-0.07306112349033356,0.9044309854507446,1.1335158764427864,-44.46083502117351,154.96347042819812,10.679588317871094,-5.78825569152832,6.930820465087891,-48.62028121948242,-124.19607543945312,-32.371665954589844
2026-04-02 13:04:35.479,2014.485640388,659551834,left_foot,左脚,D4:22:CD:00:84:61,0.19131994247436523,0.40655025839805603,-0.08134060353040695,0.889661431312561,0.9456285448226334,-48.98241469212781,155.29619826051223,7.728733062744141,-0.5991410613059998,9.021756172180176,1.6907464265823364,-135.4370574951172,9.381369590759277
2026-04-02 13:04:35.509,2014.515623792,659585168,left_foot,左脚,D4:22:CD:00:84:61,0.18958796560764313,0.4355587959289551,-0.09562358260154724,0.8747579455375671,-0.20372609660802526,-52.96567998447347,155.6441109769974,12.194320678710938,4.226344108581543,5.53481388092041,-26.207748413085938,-119.3732681274414,7.583807468414307
2026-04-02 13:04:35.539,2014.545435097,659618502,left_foot,左脚,D4:22:CD:00:84:61,0.18509109318256378,0.45241227746009827,-0.10763167589902878,0.8657252192497253,-1.9059283738156505,-55.40364650396284,156.8646066688719,10.587711334228516,-1.7089792490005493,5.112553596496582,-21.047231674194336,-73.3456802368164,20.50152587890625
2026-04-02 13:04:35.570,2014.57622338,659651836,left_foot,左脚,D4:22:CD:00:84:61,0.18234723806381226,0.4614674150943756,-0.11371282488107681,0.8607364296913147,-2.8673234451096516,-56.70691881236577,157.62502469998196,8.32701301574707,-2.0176830291748047,5.999215602874756,-9.718974113464355,-39.38993453979492,11.358532905578613
2026-04-02 13:04:35.600,2014.606079477,659685170,left_foot,左脚,D4:22:CD:00:84:61,0.18238013982772827,0.46666258573532104,-0.11357852816581726,0.8579415082931519,-2.622019746340669,-57.36968042259194,157.43235425222414,7.8863983154296875,-1.2875030040740967,5.894565582275391,2.599527597427368,-19.511449813842773,-3.9615707397460938
2026-04-02 13:04:35.665,2014.671051397,659718504,left_foot,左脚,D4:22:CD:00:84:61,0.18250654637813568,0.4701630473136902,-0.11216825991868973,0.8561873435974121,-2.199246475655977,-57.783302095806405,157.14737161276133,7.45919132232666,0.2131117582321167,5.910297393798828,5.524101734161377,-12.022089958190918,-5.006995677947998
2026-04-02 13:04:35.689,2014.695424128,659751838,left_foot,左脚,D4:22:CD:00:84:61,0.18192943930625916,0.4732621908187866,-0.1127234548330307,0.8545280694961548,-2.223776645797851,-58.19502070646152,157.2000145819942,7.27704381942749,0.8547730445861816,6.027581691741943,0.6863417029380798,-12.215400695800781,0.4881502687931061
2026-04-02 13:04:35.719,2014.725609653,659785172,left_foot,左脚,D4:22:CD:00:84:61,0.1809934824705124,0.47320881485939026,-0.11459995806217194,0.8545067310333252,-2.6736421817400626,-58.23384467888858,157.57116218185107,7.683066368103027,-0.1874929815530777,5.807003021240234,-3.8914105892181396,-1.277190923690796,5.999660968780518
2026-04-02 13:04:35.749,2014.755340088,659818506,left_foot,左脚,D4:22:CD:00:84:61,0.1809675246477127,0.47131359577178955,-0.1155945435166359,0.8554253578186035,-2.9412614995560302,-58.01476067571034,157.7411976532357,7.363753795623779,-0.29416996240615845,6.106863021850586,-3.5732691287994385,6.5511674880981445,3.190061330795288
2026-04-02 13:04:35.779,2014.785644813,659851840,left_foot,左脚,D4:22:CD:00:84:61,0.18182384967803955,0.46943604946136475,-0.11563878506422043,0.8562697768211365,-2.9376240119100814,-57.77700804042121,157.64442667305545,7.473661422729492,-0.3903498649597168,5.994324207305908,-2.2280826568603516,7.300511837005615,-1.0020400285720825
2026-04-02 13:04:35.809,2014.81601174,659885174,left_foot,左脚,D4:22:CD:00:84:61,0.1832670271396637,0.46907103061676025,-0.11477494239807129,0.8562782406806946,-2.6425935769413504,-57.712611870080735,157.29512720461253,7.487554550170898,-0.28911471366882324,5.969707012176514,0.09588438272476196,2.283811569213867,-5.334743499755859
2026-04-02 13:04:35.839,2014.845638282,659918508,left_foot,左脚,D4:22:CD:00:84:61,0.18423712253570557,0.4696158170700073,-0.1141343042254448,0.8558570146560669,-2.398940857718453,-57.768853336549135,157.02665061911281,7.420623302459717,-0.0533803328871727,5.950820446014404,0.6123773455619812,-1.4300469160079956,-4.2054524421691895
2026-04-02 13:04:35.869,2014.875619621,659951842,left_foot,左脚,D4:22:CD:00:84:61,0.18480190634727478,0.47073864936828613,-0.11429282277822495,0.8550969958305359,-2.317418105108662,-57.91890179393278,156.8923519443884,7.338736534118652,0.14088782668113708,6.014457702636719,-0.8415694236755371,-4.359263896942139,-2.152581214904785
2026-04-02 13:04:35.899,2014.905662332,659985176,left_foot,左脚,D4:22:CD:00:84:61,0.18529054522514343,0.47207117080688477,-0.11450086534023285,0.8542283773422241,-2.2425167392574497,-58.09707864172207,156.76878124814752,7.460843563079834,-0.16288426518440247,5.908668041229248,-0.7582834362983704,-5.2287516593933105,-1.98542058467865
2026-04-02 13:04:35.959,2014.965560209,660018510,left_foot,左脚,D4:22:CD:00:84:61,0.18546874821186066,0.47303420305252075,-0.11486824601888657,0.8536072969436646,-2.2465821512515634,-58.23122112667478,156.73436619255415,7.513480186462402,0.20675814151763916,5.879064559936523,-0.8584675192832947,-3.978588342666626,-0.5096992254257202
2026-04-02 13:04:35.989,2014.995574482,660051844,left_foot,左脚,D4:22:CD:00:84:61,0.1846415251493454,0.47339746356010437,-0.11658809334039688,0.8533521294593811,-2.637229527199296,-58.32095396435199,157.05369674991337,7.458341121673584,0.22510573267936707,5.970107555389404,-3.417165517807007,-2.8969712257385254,5.13063383102417
2026-04-02 13:04:36.019,2015.025551302,660085178,left_foot,左脚,D4:22:CD:00:84:61,0.18358957767486572,0.474060595035553,-0.11855095624923706,0.8529404997825623,-3.0863457197254496,-58.45396218014726,157.43270702564948,7.389744281768799,-0.09042204916477203,6.00073766708374,-3.627965211868286,-4.291091442108154,5.977544784545898
2026-04-02 13:04:36.049,2015.055453504,660118512,left_foot,左脚,D4:22:CD:00:84:61,0.18253283202648163,0.47540128231048584,-0.12063533812761307,0.852128267288208,-3.5335214285724845,-58.67647959126202,157.80543498350616,7.406781196594238,-0.10038305073976517,5.990664958953857,-3.715235710144043,-7.025367736816406,5.659828186035156
2026-04-02 13:04:36.079,2015.085539104,660151846,left_foot,左脚,D4:22:CD:00:84:61,0.18148596584796906,0.4776607155799866,-0.12255947291851044,0.8508127331733704,-3.917376459902865,-59.01312350075093,158.1350472630748,7.445130825042725,-0.08169591426849365,5.988714218139648,-2.88387393951416,-10.451545715332031,4.679619312286377
2026-04-02 13:04:36.109,2015.115539259,660185180,left_foot,左脚,D4:22:CD:00:84:61,0.18034984171390533,0.48085302114486694,-0.12484363466501236,0.8489220142364502,-4.350164763596062,-59.479138399357204,158.4982315153365,7.513684272766113,-0.3471047580242157,5.86939001083374,-3.437293767929077,-14.405208587646484,4.793404579162598
2026-04-02 13:04:36.139,2015.145517437,660218514,left_foot,左脚,D4:22:CD:00:84:61,0.17928077280521393,0.4856177866458893,-0.12695153057575226,0.8461190462112427,-4.690828724690206,-60.14644419001435,158.79078897853796,7.420839309692383,0.26841944456100464,5.990060806274414,-2.4563302993774414,-20.379858016967773,3.0585684776306152
2026-04-02 13:04:36.169,2015.175295866,660251848,left_foot,左脚,D4:22:CD:00:84:61,0.17745450139045715,0.49190235137939453,-0.13079488277435303,0.8422795534133911,-5.423915204507492,-61.051925600822095,159.40522457968646,7.663358688354492,-0.24932706356048584,5.639585971832275,-5.726037502288818,-27.952680587768555,6.887757301330566
2026-04-02 13:04:36.199,2015.205482854,660285182,left_foot,左脚,D4:22:CD:00:84:61,0.17588037252426147,0.4991408586502075,-0.1343577355146408,0.8377784490585327,-6.0739856930254765,-62.07978490456282,159.9449600535306,7.692381381988525,-0.5311598181724548,5.675263404846191,-5.052192687988281,-31.564098358154297,4.846811771392822
2026-04-02 13:04:36.259,2015.265409284,660318516,left_foot,左脚,D4:22:CD:00:84:61,0.17400504648685455,0.5096789598464966,-0.13870149850845337,0.8310905694961548,-6.860174223741501,-63.56606306725706,160.60345138341222,7.571162223815918,0.10628385841846466,6.121189594268799,-5.80453634262085,-45.4535026550293,4.199215412139893
2026-04-02 13:04:36.319,2015.325474482,660351850,left_foot,左脚,D4:22:CD:00:84:61,0.1704874038696289,0.5224975347518921,-0.1442672312259674,0.8228714466094971,-8.178945621917524,-65.37962573266682,161.8434448714638,8.29052734375,-0.6147841811180115,6.293634414672852,-5.780674457550049,-56.20280838012695,9.03762149810791
2026-04-02 13:04:36.320,2015.326627465,660385184,left_foot,左脚,D4:22:CD:00:84:61,0.16695527732372284,0.5364275574684143,-0.14617593586444855,0.814250648021698,-8.775064549312422,-67.27691922465708,162.67016809891234,8.433571815490723,-1.7808400392532349,6.382751941680908,5.019684791564941,-57.96925735473633,1.6948506832122803
2026-04-02 13:04:36.349,2015.355473004,660418518,left_foot,左脚,D4:22:CD:00:84:61,0.1643334925174713,0.5539504289627075,-0.14470067620277405,0.8032407760620117,-8.324587531339581,-69.6307473623108,162.669363683739,8.510706901550293,-1.2599048614501953,6.482907295227051,13.616021156311035,-70.07563018798828,-10.328662872314453
2026-04-02 13:04:36.379,2015.385324814,660451852,left_foot,左脚,D4:22:CD:00:84:61,0.16123762726783752,0.5772592425346375,-0.1434841752052307,0.7875194549560547,-7.759952630561174,-72.83823360721411,162.58733349494406,8.494390487670898,-0.5613836646080017,6.582483768463135,14.694111824035645,-95.4705810546875,-14.092758178710938
2026-04-02 13:04:36.410,2015.416479226,660485186,left_foot,左脚,D4:22:CD:00:84:61,0.15701548755168915,0.6077136397361755,-0.14487989246845245,0.7648791670799255,-7.989076929590497,-77.20061329448727,163.1802152766239,8.929805755615234,0.48135602474212646,6.876668453216553,10.430224418640137,-130.6392059326172,-13.210561752319336
2026-04-02 13:04:36.439,2015.445437022,660518520,left_foot,左脚,D4:22:CD:00:84:61,0.1487075537443161,0.6444786787033081,-0.1537165492773056,0.7341011762619019,-15.572113236224203,-82.72180067050232,170.82574541950387,9.12643814086914,1.9046401977539062,6.838890075683594,-1.1871229410171509,-170.41737365722656,5.592382431030273
2026-04-02 13:04:36.469,2015.475409975,660551854,left_foot,左脚,D4:22:CD:00:84:61,0.1355423480272293,0.6863874793052673,-0.1707397997379303,0.6937928795814514,-90.63050575851616,-87.08524997376337,-114.3935134895449,10.485928535461426,1.937744379043579,6.699743270874023,-13.29111099243164,-211.45135498046875,28.472078323364258
2026-04-02 13:04:36.499,2015.505319498,660585188,left_foot,左脚,D4:22:CD:00:84:61,0.11369289457798004,0.732191801071167,-0.1912509799003601,0.6437332034111023,-151.25297329210028,-80.45643560605299,-53.739774665822885,11.027140617370605,2.475839614868164,7.0295000076293945,-4.87969446182251,-250.72335815429688,50.6233024597168
2026-04-02 13:04:36.559,2015.565486788,660618522,left_foot,左脚,D4:22:CD:00:84:61,0.07757735252380371,0.7814603447914124,-0.2051014006137848,0.5841531157493591,-158.8194383969066,-70.87524938539096,-44.570407255393405,10.45215129852295,0.41463032364845276,4.734551429748535,41.035518646240234,-289.451904296875,59.435447692871094
2026-04-02 13:04:36.589,2015.595416778,660651856,left_foot,左脚,D4:22:CD:00:84:61,0.03871459513902664,0.8160746693611145,-0.20991288125514984,0.5370848774909973,-158.8765218526425,-63.23433769789415,-41.94610707773069,9.715139389038086,0.46464407444000244,2.1322898864746094,71.51370239257812,-225.91796875,54.291664123535156
2026-04-02 13:04:36.619,2015.625295161,660685190,left_foot,左脚,D4:22:CD:00:84:61,0.029784049838781357,0.8218097686767578,-0.19678954780101776,0.5338687300682068,-159.37442294663694,-62.772785423848056,-39.60179859161652,14.90212631225586,4.428984642028809,4.14568567276001,48.58887481689453,-25.589706420898438,-24.679546356201172
2026-04-02 13:04:36.649,2015.655606627,660718524,left_foot,左脚,D4:22:CD:00:84:61,0.04582228139042854,0.8142711520195007,-0.18948377668857574,0.5467711687088013,-161.570589358649,-65.20377791269932,-38.04684257846514,2.6818065643310547,1.2455592155456543,5.483130931854248,-22.7167911529541,60.3804931640625,-43.410858154296875
2026-04-02 13:04:36.679,2015.685622679,660751858,left_foot,左脚,D4:22:CD:00:84:61,0.06543122231960297,0.807533323764801,-0.1662226915359497,0.5621201395988464,-167.2717602229374,-68.37464250390236,-31.927781900423003,5.724599361419678,0.9808010458946228,3.8483197689056396,-0.954254686832428,70.50457000732422,-94.89527130126953
2026-04-02 13:04:36.709,2015.715612585,660785192,left_foot,左脚,D4:22:CD:00:84:61,0.0942259356379509,0.7813707590103149,-0.15146923065185547,0.5980288982391357,-172.75996994003276,-74.38858641863808,-27.43895625969835,8.38861083984375,1.1522489786148071,3.201725959777832,-35.374534606933594,168.45591735839844,-73.2353515625
2026-04-02 13:04:36.739,2015.74533698,660818526,left_foot,左脚,D4:22:CD:00:84:61,0.1114477664232254,0.7407820224761963,-0.14641763269901276,0.6460523009300232,-170.2713500821699,-81.81091793958035,-30.795014493847972,5.336851119995117,-1.305164098739624,3.3309054374694824,-22.555747985839844,221.4862823486328,-11.796046257019043
2026-04-02 13:04:36.799,2015.805703794,660851860,left_foot,左脚,D4:22:CD:00:84:61,0.11209598928689957,0.6945432424545288,-0.14188654720783234,0.6963565945625305,-96.86507250471291,-87.58146954007367,-103.83166832858751,8.276792526245117,-1.3462212085723877,3.669013500213623,17.23349380493164,231.24801635742188,30.22121810913086
2026-04-02 13:04:36.800,2015.806728792,660885194,left_foot,左脚,D4:22:CD:00:84:61,0.11344121396541595,0.6424205899238586,-0.13475893437862396,0.7458330988883972,-21.784514664953498,-81.43648760260609,-178.48864195518632,9.429253578186035,-0.22641050815582275,4.42941427230835,18.88856315612793,244.66888427734375,25.023717880249023
2026-04-02 13:04:36.859,2015.865407382,660918528,left_foot,左脚,D4:22:CD:00:84:61,0.1221342384815216,0.5908397436141968,-0.1248176172375679,0.7876626253128052,-10.937610000476495,-73.99830918610209,170.62457374166434,10.0875883102417,0.07938921451568604,5.05946159362793,6.391208171844482,230.84063720703125,-3.1806397438049316
2026-04-02 13:04:36.889,2015.895646463,660951862,left_foot,左脚,D4:22:CD:00:84:61,0.13582086563110352,0.5409157276153564,-0.10878756642341614,0.8228780627250671,-4.691859163562942,-66.89196326989062,164.35508869168333,13.857555389404297,-1.265438199043274,5.35897970199585,10.563697814941406,217.63751220703125,-32.472599029541016
2026-04-02 13:04:36.919,2015.925671414,660985196,left_foot,左脚,D4:22:CD:00:84:61,0.15814702212810516,0.47965332865715027,-0.08367513120174408,0.8590231537818909,0.8665404261619233,-58.26963308637063,158.65418186140843,15.703315734863281,1.8913171291351318,5.571569919586182,15.015588760375977,259.1849060058594,-69.2056655883789
2026-04-02 13:04:36.949,2015.955664796,661018530,left_foot,左脚,D4:22:CD:00:84:61,0.18143974244594574,0.41799771785736084,-0.064924456179142,0.887773871421814,3.24500090761259,-49.972387663034446,155.38583521776488,13.049641609191895,-0.2018841952085495,5.784745693206787,-7.561619758605957,245.13803100585938,-65.20889282226562
2026-04-02 13:04:36.979,2015.98536729,661051864,left_foot,左脚,D4:22:CD:00:84:61,0.20222726464271545,0.36697858572006226,-0.037460219115018845,0.9072086215019226,6.307983054703381,-42.92209406040931,152.38517586520243,14.188929557800293,-1.4376317262649536,5.125309467315674,27.001815795898438,204.30580139160156,-78.39149475097656
2026-04-02 13:04:37.009,2016.015638927,661085198,left_foot,左脚,D4:22:CD:00:84:61,0.2121625691652298,0.32081449031829834,-0.003911495674401522,0.9230656027793884,9.220260862706981,-36.43605060291185,151.07074097692632,15.400777816772461,-0.2627194821834564,0.8449702262878418,62.48250961303711,187.7801055908203,-55.456172943115234
2026-04-02 13:04:37.039,2016.045612119,661118532,left_foot,左脚,D4:22:CD:00:84:61,0.2031150609254837,0.2930203378200531,0.018146978691220284,0.9341061115264893,10.46960023847743,-32.68719419977098,152.386763768772,12.62521743774414,-1.9138703346252441,-3.5764341354370117,60.147396087646484,115.8443832397461,13.605097770690918
2026-04-02 13:04:37.069,2016.075539953,661151866,left_foot,左脚,D4:22:CD:00:84:61,0.1988895982503891,0.2900554835796356,0.03063918836414814,0.9356133341789246,11.75662440936894,-32.0440938858368,152.61082873936377,13.936988830566406,-1.0227824449539185,-6.936680793762207,42.412208557128906,19.884065628051758,2.432094097137451
2026-04-02 13:04:37.099,2016.105506704,661185200,left_foot,左脚,D4:22:CD:00:84:61,0.2081691473722458,0.312633752822876,-0.0050445301458239555,0.9267688393592834,8.540568691094636,-35.561647131542436,151.93739721045043,5.514528274536133,4.77802848815918,5.819089889526367,-107.38002014160156,-106.6147232055664,2.8013298511505127
2026-04-02 13:04:37.159,2016.165541953,661218534,left_foot,左脚,D4:22:CD:00:84:61,0.22663144767284393,0.3428465723991394,-0.04638492316007614,0.910463273525238,5.328114225605344,-40.18987134500102,150.09365195441126,3.70028018951416,-1.2401533126831055,8.009925842285156,-130.02481079101562,-142.95648193359375,-25.912269592285156
2026-04-02 13:04:37.189,2016.195452239,661251868,left_foot,左脚,D4:22:CD:00:84:61,0.2383880764245987,0.38047927618026733,-0.06967964768409729,0.8908151984214783,4.671333541138378,-45.32406175575549,148.08530820307783,9.684453010559082,-4.437664031982422,7.986315727233887,-60.35908508300781,-157.15151977539062,-30.23340606689453
2026-04-02 13:04:37.219,2016.22550894,661285202,left_foot,左脚,D4:22:CD:00:84:61,0.2295827567577362,0.4184373617172241,-0.08754226565361023,0.8743789792060852,3.5210959272570816,-50.52858355717912,148.91411041596265,12.662805557250977,2.3409669399261475,7.264282703399658,-15.955257415771484,-154.39688110351562,27.838743209838867
2026-04-02 13:04:37.249,2016.255551059,661318536,left_foot,左脚,D4:22:CD:00:84:61,0.22251379489898682,0.4389151632785797,-0.10498565435409546,0.8641871809959412,1.341106699760463,-53.64222629709921,150.44377580923964,12.027932167053223,0.3249886929988861,4.698378562927246,-29.018512725830078,-91.87168884277344,32.379112243652344
2026-04-02 13:04:37.279,2016.285561627,661351870,left_foot,左脚,D4:22:CD:00:84:61,0.21710754930973053,0.45325592160224915,-0.11594793945550919,0.8567261099815369,-0.18961845217493534,-55.78960361089548,151.65983715636605,8.809476852416992,-1.6336311101913452,5.798213958740234,-16.002473831176758,-63.90727233886719,21.90622901916504
2026-04-02 13:04:37.309,2016.315327642,661385204,left_foot,左脚,D4:22:CD:00:84:61,0.21423396468162537,0.46160098910331726,-0.12188519537448883,0.8521575331687927,-1.0475372812399995,-57.028071853903214,152.345484054991,8.411462783813477,-1.6394544839859009,5.767351150512695,-8.561605453491211,-36.97739791870117,11.051647186279297
2026-04-02 13:04:37.339,2016.34549602,661418538,left_foot,左脚,D4:22:CD:00:84:61,0.2143992930650711,0.46676498651504517,-0.12225084006786346,0.8492457866668701,-0.8034463530760863,-57.695208529618974,152.1050916509446,7.690587520599365,-1.2801505327224731,5.916037559509277,1.239831566810608,-19.665428161621094,-4.210143566131592
2026-04-02 13:04:37.369,2016.375516999,661451872,left_foot,左脚,D4:22:CD:00:84:61,0.21585813164710999,0.46967658400535583,-0.11997748911380768,0.8475934267044067,-0.06672476638383182,-57.993261681806985,151.46119435898322,7.689936637878418,0.04948266223073006,5.874653339385986,5.683811187744141,-8.605142593383789,-10.400785446166992
2026-04-02 13:04:37.399,2016.405556886,661485206,left_foot,左脚,D4:22:CD:00:84:61,0.2166559398174286,0.46837282180786133,-0.11931916326284409,0.8482041358947754,0.05780253222778989,-57.806515517992,151.31082900559642,7.654386043548584,0.8204614520072937,5.735498428344727,-0.1041220873594284,5.836532115936279,-2.401108741760254
2026-04-02 13:04:37.459,2016.465586706,661518540,left_foot,左脚,D4:22:CD:00:84:61,0.21680986881256104,0.46474137902259827,-0.12001515924930573,0.8500618934631348,-0.26772003412639384,-57.368798497585054,151.52979415833045,7.532316207885742,0.25467079877853394,6.0265607833862305,-4.199355125427246,13.338605880737305,3.588711738586426
2026-04-02 13:04:37.489,2016.495623906,661551874,left_foot,左脚,D4:22:CD:00:84:61,0.21572385728359222,0.4629368185997009,-0.12200029194355011,0.8510398268699646,-0.8379038812019323,-57.20268312148383,152.0090828999075,7.233407974243164,0.3216230571269989,6.1557817459106445,-4.962493419647217,5.098147869110107,7.888009071350098
2026-04-02 13:04:37.519,2016.525525571,661585208,left_foot,左脚,D4:22:CD:00:84:61,0.21386699378490448,0.463064044713974,-0.12524844706058502,0.8509674668312073,-1.6020531266192675,-57.31770911747175,152.66060360508575,7.31342887878418,0.15177538990974426,6.003817081451416,-6.4167962074279785,-3.510413885116577,10.590794563293457
2026-04-02 13:04:37.549,2016.555319534,661618542,left_foot,左脚,D4:22:CD:00:84:61,0.21282202005386353,0.46477824449539185,-0.12788093090057373,0.8499027490615845,-2.0909871864260503,-57.614570998434786,153.0335336050485,7.3215508460998535,-0.6140978932380676,6.112859725952148,-5.154053688049316,-8.951292037963867,5.834780216217041
2026-04-02 13:04:37.579,2016.58558611,661651876,left_foot,左脚,D4:22:CD:00:84:61,0.212396502494812,0.4678167700767517,-0.12959904968738556,0.8480798602104187,-2.2849042538960895,-58.053722022321644,153.1476936552437,7.364534854888916,-0.17108792066574097,5.995334148406982,-2.8442394733428955,-13.111664772033691,1.4165234565734863
2026-04-02 13:04:37.609,2016.615722801,661685210,left_foot,左脚,D4:22:CD:00:84:61,0.21202433109283447,0.4714028835296631,-0.13146503269672394,0.8458971381187439,-2.474424433345878,-58.56850298559679,153.2452294378248,7.57758092880249,-0.15921279788017273,5.804455280303955,-3.128755569458008,-15.3895263671875,0.9913972616195679
2026-04-02 13:04:37.639,2016.645530454,661718544,left_foot,左脚,D4:22:CD:00:84:61,0.21148911118507385,0.47530508041381836,-0.13362446427345276,0.8435059189796448,-2.7240267865551666,-59.13352927835975,153.39476591513744,7.494136810302734,0.21879570186138153,5.864877700805664,-3.5484819412231445,-16.950397491455078,1.672193169593811
2026-04-02 13:04:37.669,2016.675107336,661751878,left_foot,左脚,D4:22:CD:00:84:61,0.21078139543533325,0.4791470170021057,-0.13584120571613312,0.8411519527435303,-3.0142579042425264,-59.69328428442853,153.59406758713828,7.767716407775879,-0.4643663167953491,5.651138782501221,-3.4551358222961426,-16.851436614990234,2.3329715728759766
2026-04-02 13:04:37.699,2016.705559383,661785212,left_foot,左脚,D4:22:CD:00:84:61,0.21011419594287872,0.4828017055988312,-0.13773857057094574,0.8389174938201904,-3.256746159364222,-60.220510913847086,153.76703194162747,7.786624908447266,-0.028851080685853958,5.778068542480469,-2.6848037242889404,-15.875744819641113,1.8570972681045532
2026-04-02 13:04:37.819,2016.825535855,661818546,left_foot,左脚,D4:22:CD:00:84:61,0.2093738615512848,0.4859135150909424,-0.13992922008037567,0.8369413614273071,-3.601028401297898,-60.68685134942967,154.0180536713941,7.8039326667785645,-0.45238250494003296,5.5125203132629395,-3.6704134941101074,-14.142998695373535,3.008204698562622
2026-04-02 13:04:37.820,2016.826141544,661851880,left_foot,左脚,D4:22:CD:00:84:61,0.20904314517974854,0.4891027808189392,-0.14151066541671753,0.8348978161811829,-3.7792779771581246,-61.14753561806925,154.11959972061314,7.670956134796143,-0.1697830855846405,5.613796234130859,-2.5741028785705566,-13.855093955993652,0.7250046730041504
2026-04-02 13:04:37.849,2016.85554189,661885214,left_foot,左脚,D4:22:CD:00:84:61,0.2083621621131897,0.49311503767967224,-0.14380720257759094,0.8323115110397339,-4.104325454197169,-61.73640832517875,154.34464853573013,7.825061321258545,-0.27189910411834717,5.542246341705322,-3.696685791015625,-17.83168601989746,2.154848337173462
2026-04-02 13:04:37.849,2016.856038533,661918548,left_foot,左脚,D4:22:CD:00:84:61,0.20757918059825897,0.4980897903442383,-0.1462128460407257,0.8291196227073669,-4.423885373437455,-62.45568532704693,154.57156930142645,7.798760890960693,-0.43869709968566895,5.4431047439575195,-3.451296329498291,-21.7557373046875,1.720016598701477
2026-04-02 13:04:37.879,2016.885528284,661951882,left_foot,左脚,D4:22:CD:00:84:61,0.20644930005073547,0.5048148036003113,-0.14882177114486694,0.8248593211174011,-4.7518664682023966,-63.412331763892205,154.8334178611063,7.728532314300537,0.011348940432071686,5.7196946144104,-2.715945243835449,-28.9107666015625,1.4180799722671509
2026-04-02 13:04:37.909,2016.915389197,661985216,left_foot,左脚,D4:22:CD:00:84:61,0.20413777232170105,0.5146042704582214,-0.1525140106678009,0.8186877965927124,-5.340684681665113,-64.80553739150444,155.389024044069,7.997056484222412,-0.556018054485321,5.983604431152344,-2.516652822494507,-42.319034576416016,3.7433688640594482
2026-04-02 13:04:37.939,2016.945702306,662018550,left_foot,左脚,D4:22:CD:00:84:61,0.20120948553085327,0.5267146825790405,-0.15360237658023834,0.8114757537841797,-5.358799728403217,-66.44038844207188,155.659031981992,8.394196510314941,-1.2624497413635254,6.167247772216797,6.97918176651001,-49.21964645385742,-1.0869640111923218
2026-04-02 13:04:37.969,2016.975670469,662051884,left_foot,左脚,D4:22:CD:00:84:61,0.19886812567710876,0.5424095988273621,-0.15179450809955597,0.8019987344741821,-4.34051162864088,-68.4968742690563,155.10296011220336,8.362701416015625,-1.1087650060653687,6.523448467254639,15.240942001342773,-61.04531478881836,-11.466670989990234
2026-04-02 13:04:38.029,2017.035559669,662085218,left_foot,左脚,D4:22:CD:00:84:61,0.19617687165737152,0.5641599893569946,-0.14989320933818817,0.7878898978233337,-2.669090011079399,-71.40617275618264,153.95476707929654,8.380233764648438,-0.24867866933345795,6.538751602172852,17.891765594482422,-86.5532455444336,-17.007986068725586
2026-04-02 13:04:38.059,2017.06567079,662118552,left_foot,左脚,D4:22:CD:00:84:61,0.19216388463974,0.5923629403114319,-0.15064379572868347,0.7677795886993408,-0.8295914552024497,-75.35368113059305,152.53740389646495,8.668012619018555,0.2785448729991913,6.50338888168335,14.552481651306152,-118.21379089355469,-15.646607398986816
2026-04-02 13:04:38.089,2017.095622787,662151886,left_foot,左脚,D4:22:CD:00:84:61,0.18595173954963684,0.6276553869247437,-0.1542101949453354,0.7400608658790588,1.8022984933485207,-80.52498683441783,150.26460331253833,9.223012924194336,0.5310599207878113,7.139786720275879,12.309396743774414,-155.51991271972656,-12.806254386901855
2026-04-02 13:04:38.120,2017.126403492,662185220,left_foot,左脚,D4:22:CD:00:84:61,0.17604340612888336,0.6698468327522278,-0.16546151041984558,0.7020946145057678,4.188868202102761,-87.24966331804562,147.85505494575295,9.565518379211426,1.980191946029663,7.3497514724731445,-0.15227848291397095,-202.21978759765625,3.0221176147460938
2026-04-02 13:04:38.149,2017.155597602,662218554,left_foot,左脚,D4:22:CD:00:84:61,0.15913322567939758,0.7169397473335266,-0.1806756854057312,0.6542403697967529,-174.95688002657147,-84.6260881236926,-32.88061215677745,11.264143943786621,2.6859090328216553,6.984302520751953,3.827227830886841,-243.41253662109375,20.31057357788086
2026-04-02 13:04:38.179,2017.185496619,662251888,left_foot,左脚,D4:22:CD:00:84:61,0.13396413624286652,0.7645863890647888,-0.2018299698829651,0.5972656011581421,-171.77359204008584,-75.3294352851168,-35.928848210949916,11.31737995147705,1.6004974842071533,6.05722713470459,5.748295783996582,-275.7720031738281,48.22014617919922
2026-04-02 13:04:38.209,2017.215661811,662285222,left_foot,左脚,D4:22:CD:00:84:61,0.09411928057670593,0.8121832609176636,-0.21124255657196045,0.5356088280677795,-169.81407028118787,-65.47617471086544,-35.71727898339652,8.299529075622559,0.38305023312568665,3.7804598808288574,65.25435638427734,-292.9924621582031,45.328208923339844
2026-04-02 13:04:38.239,2017.245443469,662318556,left_foot,左脚,D4:22:CD:00:84:61,0.06303928792476654,0.8348658680915833,-0.20750243961811066,0.5059328079223633,-167.69731184036675,-60.56729663188624,-35.118233498060235,15.897589683532715,2.644969940185547,2.0522830486297607,80.17414093017578,-147.01364135742188,20.82344627380371
2026-04-02 13:04:38.299,2017.305613345,662351890,left_foot,左脚,D4:22:CD:00:84:61,0.06543305516242981,0.8237340450286865,-0.20795956254005432,0.5233867764472961,-166.08596908445423,-62.80769194049207,-36.85830038669707,7.333399772644043,3.675656318664551,5.518342971801758,3.356564998626709,69.85743713378906,8.9694242477417
2026-04-02 13:04:38.300,2017.306660462,662385224,left_foot,左脚,D4:22:CD:00:84:61,0.0615842305123806,0.8049601912498474,-0.20069850981235504,0.5549474358558655,-161.8236656039233,-66.65578197981557,-40.00930496162975,2.713294744491577,-0.47163325548171997,4.633060455322266,43.427406311035156,120.69754791259766,7.035662651062012
2026-04-02 13:04:38.359,2017.365478156,662418558,left_foot,左脚,D4:22:CD:00:84:61,0.056646063923835754,0.7752647399902344,-0.19128811359405518,0.5993036031723022,-152.8021232800118,-71.97270636772897,-47.64715504167877,7.878066062927246,1.1223475933074951,3.611363172531128,57.063323974609375,176.6029510498047,13.549531936645508
2026-04-02 13:04:38.389,2017.395445073,662451892,left_foot,左脚,D4:22:CD:00:84:61,0.0658341497182846,0.7276023030281067,-0.1835789531469345,0.6576927900314331,-130.90557268889782,-78.88696127027751,-69.5071810425501,5.722219944000244,0.17368629574775696,4.1205735206604,21.62596321105957,260.03814697265625,3.7193245887756348
2026-04-02 13:04:38.419,2017.425593579,662485226,left_foot,左脚,D4:22:CD:00:84:61,0.07344340533018112,0.6835298538208008,-0.1700054556131363,0.7060391902923584,-86.8154687771446,-81.95935924377613,-113.0589678933858,5.372243881225586,-2.90000581741333,4.603105545043945,33.22565841674805,226.9775848388672,-11.780627250671387
2026-04-02 13:04:38.449,2017.455596449,662518560,left_foot,左脚,D4:22:CD:00:84:61,0.08410041034221649,0.6407459378242493,-0.14929121732711792,0.7483875155448914,-40.73761821655606,-79.78960022957688,-158.33703380510954,8.818780899047852,-1.383833646774292,5.087082862854004,40.0137825012207,213.28672790527344,-38.15970230102539
2026-04-02 13:04:38.481,2017.487252797,662551894,left_foot,左脚,D4:22:CD:00:84:61,0.09883563965559006,0.5989416837692261,-0.12291008979082108,0.7851075530052185,-16.47073671093528,-74.74463790740933,178.2661387778065,13.148279190063477,-2.5133280754089355,5.473707675933838,42.91978073120117,202.07371520996094,-63.19706344604492
2026-04-02 13:04:38.509,2017.515547001,662585228,left_foot,左脚,D4:22:CD:00:84:61,0.1201443001627922,0.542255699634552,-0.09956636279821396,0.8255971670150757,-4.971294539243191,-66.82311077476103,166.72097296312327,15.083395957946777,2.2107467651367188,5.3495073318481445,17.5611572265625,251.9296417236328,-67.0955810546875
2026-04-02 13:04:38.539,2017.54550519,662618562,left_foot,左脚,D4:22:CD:00:84:61,0.1482829451560974,0.4812464416027069,-0.08557699620723724,0.8597039580345154,-0.4850438073391395,-58.52169144451614,160.6994214383821,12.483466148376465,0.18163512647151947,5.836672306060791,-25.563068389892578,250.8762664794922,-69.99092864990234
2026-04-02 13:04:38.569,2017.57552958,662651896,left_foot,左脚,D4:22:CD:00:84:61,0.18270741403102875,0.42527130246162415,-0.06715679168701172,0.8838849067687988,3.3362331326841934,-50.9250138653777,155.05284650040858,14.1495361328125,0.4857487976551056,6.183504104614258,-23.310565948486328,223.7691650390625,-102.45648956298828
2026-04-02 13:04:38.599,2017.605252659,662685230,left_foot,左脚,D4:22:CD:00:84:61,0.2168775200843811,0.36493006348609924,-0.046374354511499405,0.9042343497276306,5.826350236244015,-42.84986399870173,150.73724174622652,15.91657543182373,1.7673730850219727,4.905038833618164,-19.42042350769043,233.11465454101562,-106.51636505126953
2026-04-02 13:04:38.659,2017.665700724,662718564,left_foot,左脚,D4:22:CD:00:84:61,0.2257041484117508,0.31544986367225647,-0.02420785091817379,0.9213918447494507,6.970530675374096,-36.31566693804135,150.18309221091928,13.071535110473633,-2.478224992752075,1.4941136837005615,24.19942855834961,192.5159454345703,-33.51445007324219
2026-04-02 13:04:38.689,2017.69567548,662751898,left_foot,左脚,D4:22:CD:00:84:61,0.21387453377246857,0.28791117668151855,0.009913270361721516,0.9334167242050171,9.639839601524656,-32.22474675025661,151.3983984407054,15.467324256896973,-2.726914882659912,-4.5446696281433105,100.86300659179688,125.26933288574219,12.826632499694824
2026-04-02 13:04:38.719,2017.725395064,662785232,left_foot,左脚,D4:22:CD:00:84:61,0.19756627082824707,0.2810436189174652,0.026466645300388336,0.9387660026550293,10.825191076439886,-31.145325137391932,153.2055271466838,13.466753959655762,-0.44979462027549744,-7.069141387939453,64.22987365722656,39.935325622558594,40.172855377197266
2026-04-02 13:04:38.749,2017.755708094,662818566,left_foot,左脚,D4:22:CD:00:84:61,0.18731050193309784,0.29599156975746155,0.021142637357115746,0.9364063143730164,10.350869726670469,-33.12149892756282,154.29103300654074,11.201183319091797,1.8948256969451904,-1.416088581085205,3.2799463272094727,-52.953433990478516,38.45894241333008
2026-04-02 13:04:38.779,2017.785709731,662851900,left_foot,左脚,D4:22:CD:00:84:61,0.19412019848823547,0.31644386053085327,-0.025643767789006233,0.9281827807426453,5.38434925116206,-36.683289756734624,154.58862218214705,-2.04001784324646,4.965505599975586,14.813582420349121,-143.6214599609375,-104.55553436279297,22.457162857055664
2026-04-02 13:04:38.809,2017.815611715,662885234,left_foot,左脚,D4:22:CD:00:84:61,0.2178327590227127,0.349168986082077,-0.05692024528980255,0.9096099734306335,3.706899006809117,-41.30087706306598,151.66748282858956,9.68418025970459,-6.511609077453613,5.059542655944824,-105.14122772216797,-143.3375244140625,-56.31576919555664
2026-04-02 13:04:38.839,2017.845391948,662918568,left_foot,左脚,D4:22:CD:00:84:61,0.21372564136981964,0.38347548246383667,-0.06716781854629517,0.8959668874740601,3.5765315260278485,-45.71482673694163,151.65851484437522,8.968270301818848,-7.042003631591797,9.275738716125488,-4.030339241027832,-131.96632385253906,8.265748977661133
2026-04-02 13:04:38.869,2017.875625974,662951902,left_foot,左脚,D4:22:CD:00:84:61,0.21164125204086304,0.41455623507499695,-0.07680175453424454,0.8817329406738281,3.554773047782158,-49.77943661274947,151.3557081173352,13.097553253173828,7.840149879455566,6.875035762786865,-7.415820121765137,-121.87266540527344,1.354975700378418
2026-04-02 13:04:38.899,2017.905691013,662985236,left_foot,左脚,D4:22:CD:00:84:61,0.20870307087898254,0.4333375096321106,-0.09087681770324707,0.8720110654830933,2.108953999758198,-52.53099472696244,152.03974066718928,9.333077430725098,-0.6441192030906677,5.744511604309082,-27.302244186401367,-81.51953887939453,17.081069946289062
2026-04-02 13:04:38.959,2017.965402609,663018570,left_foot,左脚,D4:22:CD:00:84:61,0.2040511965751648,0.44735831022262573,-0.10178496688604355,0.8647967576980591,0.6452820510853926,-54.61572529467387,153.11428367514995,8.791675567626953,-0.7893654108047485,5.789233684539795,-17.854305267333984,-61.75815963745117,20.793582916259766
2026-04-02 13:04:38.989,2017.995702454,663051904,left_foot,左脚,D4:22:CD:00:84:61,0.20089693367481232,0.4571276903152466,-0.10790185630321503,0.8596697449684143,-0.18957122188659936,-56.02811222677796,153.7939644342189,8.230552673339844,-1.5060639381408691,5.821218013763428,-8.228604316711426,-42.023902893066406,11.848485946655273
2026-04-02 13:04:39.019,2018.025611785,663085238,left_foot,左脚,D4:22:CD:00:84:61,0.19905224442481995,0.463058739900589,-0.10952568799257278,0.8567140102386475,-0.34750362727636036,-56.82681825772241,154.02750922123076,7.732544422149658,-0.07250601053237915,5.845282554626465,1.1163866519927979,-23.688753128051758,3.789407253265381
2026-04-02 13:04:39.051,2018.057436348,663118572,left_foot,左脚,D4:22:CD:00:84:61,0.19718411564826965,0.46717119216918945,-0.11192972213029861,0.8546001315116882,-0.7525738637294417,-57.41894833604169,154.4269391684002,7.523942947387695,0.231492280960083,5.916550159454346,-2.065777063369751,-17.55821418762207,6.3754072189331055
2026-04-02 13:04:39.079,2018.085642465,663151906,left_foot,左脚,D4:22:CD:00:84:61,0.1955725997686386,0.47024771571159363,-0.11480893194675446,0.852899432182312,-1.283542223020965,-57.89277522243238,154.88024472057728,7.502142906188965,-0.17072507739067078,6.057409763336182,-4.40826940536499,-14.09854507446289,7.082242488861084
2026-04-02 13:04:39.109,2018.11543788,663185240,left_foot,左脚,D4:22:CD:00:84:61,0.1945549100637436,0.47205376625061035,-0.11617250740528107,0.8519492745399475,-1.5495715566137687,-58.16119456592612,155.13437006445082,7.757114887237549,-0.06378532201051712,5.763091087341309,-1.4840590953826904,-7.931333541870117,3.894181966781616
2026-04-02 13:04:39.139,2018.14550686,663218574,left_foot,左脚,D4:22:CD:00:84:61,0.19365660846233368,0.47144415974617004,-0.11784010380506516,0.8522623777389526,-1.9823068851003531,-58.12794593287693,155.49828533566486,7.47111701965332,0.18621517717838287,5.8225531578063965,-3.642301321029663,1.0199528932571411,5.881412982940674
2026-04-02 13:04:39.170,2018.176316175,663251908,left_foot,左脚,D4:22:CD:00:84:61,0.19291642308235168,0.47047075629234314,-0.11988236010074615,0.8526833653450012,-2.482949116498114,-58.05751054736877,155.8814396909647,7.541823387145996,-0.033816516399383545,5.815838813781738,-5.191097736358643,2.052459716796875,6.255335330963135
2026-04-02 13:04:39.199,2018.205611307,663285242,left_foot,左脚,D4:22:CD:00:84:61,0.19309638440608978,0.46953296661376953,-0.12118270248174667,0.8529754877090454,-2.745452839495509,-57.973210589229474,156.00997965596324,7.302065372467041,-0.48163655400276184,6.319011688232422,-4.525574207305908,2.5948336124420166,2.266536235809326
2026-04-02 13:04:39.259,2018.26566138,663318576,left_foot,左脚,D4:22:CD:00:84:61,0.19223885238170624,0.4840458929538727,-0.12374663352966309,0.8446481823921204,-2.6228274835810876,-59.914098950102044,155.86805224360202,7.53798246383667,-0.4805867671966553,5.821290969848633,0.1131334975361824,-57.928741455078125,-4.8140339851379395
2026-04-02 13:04:39.289,2018.295256381,663351910,left_foot,左脚,D4:22:CD:00:84:61,0.1919935643672943,0.49285516142845154,-0.12702621519565582,0.8391045928001404,-2.8423283836730135,-61.15054947081586,155.90378872938456,7.9704108238220215,0.5560364723205566,5.185205936431885,-5.565128326416016,-36.9594841003418,-1.1249127388000488
2026-04-02 13:04:39.319,2018.325584398,663385244,left_foot,左脚,D4:22:CD:00:84:61,0.19099561870098114,0.49723103642463684,-0.13030938804149628,0.8362425565719604,-3.3983879525722025,-61.81030050967485,156.30364146475907,7.968925476074219,0.191036194562912,5.313980579376221,-6.0355682373046875,-19.967159271240234,4.785721778869629
2026-04-02 13:04:39.349,2018.355669967,663418578,left_foot,左脚,D4:22:CD:00:84:61,0.19054819643497467,0.49814438819885254,-0.132489874958992,0.8354578614234924,-3.850419646940086,-61.98794963206715,156.6174864809599,8.218587875366211,-0.4510122537612915,5.216700077056885,-5.137790679931641,-5.505300998687744,4.246849060058594
2026-04-02 13:04:39.379,2018.385673447,663451912,left_foot,左脚,D4:22:CD:00:84:61,0.190947487950325,0.49610963463783264,-0.13322967290878296,0.8364592790603638,-4.048009462485993,-61.74274182634678,156.70224698952947,8.100768089294434,-0.2494051605463028,5.187333106994629,-3.5698182582855225,7.340655326843262,1.8561254739761353
2026-04-02 13:04:39.410,2018.416660694,663485246,left_foot,左脚,D4:22:CD:00:84:61,0.19053587317466736,0.4936923384666443,-0.13495156168937683,0.8377063274383545,-4.559381965041042,-61.469710910068194,157.08404930646523,7.67956018447876,0.4212150275707245,5.432126998901367,-5.134618282318115,7.832207679748535,6.211970329284668
2026-04-02 13:04:39.439,2018.445655193,663518580,left_foot,左脚,D4:22:CD:00:84:61,0.1887301653623581,0.4943086802959442,-0.138917937874794,0.837103009223938,-5.557331732246234,-61.643661982711976,157.90684694444874,7.739699363708496,-0.3984772562980652,5.802382469177246,-8.072803497314453,-6.183541297912598,11.451876640319824
2026-04-02 13:04:39.469,2018.475673565,663551914,left_foot,左脚,D4:22:CD:00:84:61,0.18702328205108643,0.49774986505508423,-0.1416909545660019,0.834979772567749,-6.19918552775051,-62.15580809429041,158.4885688425629,7.847235679626465,-0.5653855800628662,5.563544273376465,-3.7133395671844482,-16.09327507019043,6.789697170257568
2026-04-02 13:04:39.499,2018.505652301,663585248,left_foot,左脚,D4:22:CD:00:84:61,0.18463262915611267,0.5030381083488464,-0.14534197747707367,0.8317086100578308,-7.069145964400971,-62.92757596404747,159.2967995445343,7.745003700256348,-0.0771782174706459,5.590913772583008,-4.431839942932129,-24.27545738220215,8.620264053344727
2026-04-02 13:04:39.559,2018.565753191,663618582,left_foot,左脚,D4:22:CD:00:84:61,0.18087312579154968,0.5115984082221985,-0.15090319514274597,0.826305091381073,-8.487436963167319,-64.16615186344433,160.63266917598227,7.934565544128418,-0.4583241641521454,6.00601863861084,-6.4934163093566895,-39.24043273925781,12.868334770202637
2026-04-02 13:04:39.589,2018.595705908,663651916,left_foot,左脚,D4:22:CD:00:84:61,0.17656858265399933,0.5240366458892822,-0.1557353287935257,0.8185080885887146,-9.85550279992877,-65.90257565700935,162.05086380186665,8.323155403137207,-1.2682007551193237,6.489869594573975,-2.292633533477783,-54.328548431396484,9.63049030303955
2026-04-02 13:04:39.619,2018.625715862,663685250,left_foot,左脚,D4:22:CD:00:84:61,0.17228037118911743,0.5405666828155518,-0.1582052856683731,0.808132529258728,-10.757256069729284,-68.15754669679586,163.22029841550076,8.533150672912598,-1.1031608581542969,6.683034896850586,5.410885810852051,-69.08772277832031,1.5488439798355103
2026-04-02 13:04:39.649,2018.655369668,663718584,left_foot,左脚,D4:22:CD:00:84:61,0.16718098521232605,0.5629255175590515,-0.1615607738494873,0.7931351065635681,-12.228476348512826,-71.25745543784943,164.97450342311845,8.566987037658691,-0.48456424474716187,6.809720039367676,5.399137496948242,-94.89361572265625,-0.46453264355659485
2026-04-02 13:04:39.679,2018.685750818,663751918,left_foot,左脚,D4:22:CD:00:84:61,0.16037783026695251,0.591733992099762,-0.16767051815986633,0.7720208764076233,-15.841789340180286,-75.33972292136507,168.79096658124718,9.003595352172852,0.24413755536079407,7.137581825256348,1.5068525075912476,-126.92431640625,2.4228169918060303
2026-04-02 13:04:39.709,2018.715685393,663785252,left_foot,左脚,D4:22:CD:00:84:61,0.14931905269622803,0.6288991570472717,-0.1789269596338272,0.7417376041412354,-28.170308126832772,-80.53660824047589,-178.76527764893842,9.34603500366211,0.9709327816963196,8.297133445739746,-4.123377799987793,-173.18045043945312,14.349997520446777
2026-04-02 13:04:39.739,2018.745619413,663818586,left_foot,左脚,D4:22:CD:00:84:61,0.12845058739185333,0.6771737337112427,-0.1928752064704895,0.6983804106712341,-84.92835288793884,-84.50212036054673,-121.36838129684953,10.824642181396484,1.8731330633163452,8.759258270263672,8.027499198913574,-237.44480895996094,31.694910049438477
2026-04-02 13:04:39.769,2018.775370557,663851920,left_foot,左脚,D4:22:CD:00:84:61,0.09543923288583755,0.7307221293449402,-0.21077951788902283,0.6422683596611023,-140.05731275038053,-78.2014467249979,-65.08855032630692,11.555877685546875,1.5759954452514648,8.343461036682129,20.853641510009766,-289.9421081542969,61.00415802001953
2026-04-02 13:04:39.799,2018.805539122,663885254,left_foot,左脚,D4:22:CD:00:84:61,0.051941439509391785,0.7796684503555298,-0.22569747269153595,0.5817900896072388,-150.23993366574607,-68.53683333754262,-52.81235716279189,10.53564453125,2.749300479888916,4.726377010345459,49.20700454711914,-297.6017761230469,78.58319091796875
2026-04-02 13:04:39.859,2018.865530326,663918588,left_foot,左脚,D4:22:CD:00:84:61,0.02894585393369198,0.804411768913269,-0.23361364006996155,0.5454434752464294,-152.6871072211364,-63.005049141120985,-49.327143341586186,13.651549339294434,0.13199970126152039,3.059095859527588,22.839719772338867,-167.20034790039062,41.748374938964844
2026-04-02 13:04:39.889,2018.895382902,663951922,left_foot,左脚,D4:22:CD:00:84:61,0.034943971782922745,0.8036880493164062,-0.22722357511520386,0.5488477945327759,-153.93490964793673,-63.907479728515035,-48.004770322195895,7.014050483703613,3.837376117706299,5.266390800476074,-0.9724830985069275,15.060104370117188,-27.801095962524414
2026-04-02 13:04:39.919,2018.925607528,663985256,left_foot,左脚,D4:22:CD:00:84:61,0.03656884282827377,0.793942928314209,-0.218613401055336,0.5661496520042419,-151.9957186152412,-66.2014661164477,-49.25701186095995,3.0897350311279297,0.22733666002750397,4.135090351104736,25.22308921813965,67.20864868164062,-16.930774688720703
2026-04-02 13:04:39.949,2018.955549015,664018590,left_foot,左脚,D4:22:CD:00:84:61,0.03395813703536987,0.7731183171272278,-0.2083601951599121,0.5980976223945618,-145.12315777653978,-69.87624146057631,-54.92027900362894,6.1830363273620605,0.3370896875858307,3.230602979660034,49.59604263305664,125.73118591308594,-2.901463031768799
2026-04-02 13:04:40.009,2019.015477703,664051924,left_foot,左脚,D4:22:CD:00:84:61,0.04071053862571716,0.7390965223312378,-0.19483864307403564,0.6435190439224243,-131.47212520344755,-75.26430360799725,-67.86460447352648,5.995721817016602,-0.5565037131309509,3.3670825958251953,39.573665618896484,195.77354431152344,-19.684696197509766
2026-04-02 13:04:40.010,2019.016645698,664085258,left_foot,左脚,D4:22:CD:00:84:61,0.059975188225507736,0.6986360549926758,-0.17530186474323273,0.6910713315010071,-103.36191995431247,-80.62471735480281,-95.85616798391456,6.8128581047058105,-1.319758653640747,3.720998764038086,21.54193878173828,224.6861114501953,-57.925132751464844
2026-04-02 13:04:40.039,2019.045545558,664118592,left_foot,左脚,D4:22:CD:00:84:61,0.0852297693490982,0.6546920537948608,-0.16044853627681732,0.7337374687194824,-53.61346749479178,-81.14979966826336,-146.45542112876302,8.901155471801758,-1.117934226989746,4.172206878662109,-7.709474563598633,223.84376525878906,-59.69875717163086
2026-04-02 13:04:40.069,2019.075533037,664151926,left_foot,左脚,D4:22:CD:00:84:61,0.10753921419382095,0.6033619046211243,-0.14335773885250092,0.7770702838897705,-21.952248993490553,-75.59061899878041,-178.65015424758923,12.43752670288086,-1.3361037969589233,4.033217430114746,2.7308168411254883,243.03692626953125,-52.939884185791016
2026-04-02 13:04:40.100,2019.106344014,664185260,left_foot,左脚,D4:22:CD:00:84:61,0.12765921652317047,0.5463452339172363,-0.12545697391033173,0.8182116746902466,-10.044433597766929,-67.83235020475942,169.0273426238347,11.797622680664062,-0.8227671980857849,4.777458190917969,6.056849479675293,252.974853515625,-46.709938049316406
2026-04-02 13:04:40.159,2019.165517787,664218594,left_foot,左脚,D4:22:CD:00:84:61,0.15089121460914612,0.4900832176208496,-0.10200048238039017,0.8524354100227356,-2.983578600435618,-60.032694679936355,161.64785384068807,12.809122085571289,0.5860875844955444,5.912864685058594,13.20809555053711,241.6920166015625,-69.15882873535156
2026-04-02 13:04:40.189,2019.19560717,664251928,left_foot,左脚,D4:22:CD:00:84:61,0.17683815956115723,0.4352300465106964,-0.07900847494602203,0.8792387247085571,1.4113351976816881,-52.493629258243594,156.56012289260207,14.862533569335938,1.351462721824646,6.110536098480225,5.373033046722412,225.86720275878906,-80.54642486572266
2026-04-02 13:04:40.219,2019.225338661,664285262,left_foot,左脚,D4:22:CD:00:84:61,0.20081669092178345,0.378881573677063,-0.057602789252996445,0.9015558362007141,3.912854064450793,-44.93476821951222,153.26667835835542,14.250639915466309,0.7664557099342346,5.412370204925537,1.3132305145263672,222.36660766601562,-74.4503173828125
2026-04-02 13:04:40.249,2019.255541705,664318596,left_foot,左脚,D4:22:CD:00:84:61,0.21761837601661682,0.3340563476085663,-0.027495451271533966,0.9166744947433472,6.984706471037461,-38.63883681736625,150.83909800924954,12.011316299438477,-3.10162091255188,3.9208202362060547,44.05323791503906,182.02650451660156,-70.82207489013672
2026-04-02 13:04:40.279,2019.285536536,664351930,left_foot,左脚,D4:22:CD:00:84:61,0.22055016458034515,0.30331847071647644,0.005360492970794439,0.926998496055603,9.9904907184311,-34.05492249930295,150.16748331924146,13.434521675109863,-1.979626178741455,0.35881587862968445,78.55862426757812,133.06187438964844,-35.42601013183594
2026-04-02 13:04:40.309,2019.315390594,664385264,left_foot,左脚,D4:22:CD:00:84:61,0.20925740897655487,0.28565582633018494,0.02906155027449131,0.9347551465034485,11.76173910911609,-31.45803914917108,151.43998430080686,13.148765563964844,-2.4966137409210205,-3.77693772315979,74.0132064819336,82.30306243896484,17.473363876342773
2026-04-02 13:04:40.339,2019.345297586,664418598,left_foot,左脚,D4:22:CD:00:84:61,0.20037387311458588,0.28680747747421265,0.03512327000498772,0.9361398220062256,12.239009597858269,-31.52754586406046,152.37004140257767,12.46995735168457,-1.22869074344635,-5.484038829803467,29.09005355834961,2.9607887268066406,24.18695640563965
2026-04-02 13:04:40.369,2019.375419899,664451932,left_foot,左脚,D4:22:CD:00:84:61,0.2027406096458435,0.30241286754608154,0.018343914300203323,0.9311851859092712,10.870782222670174,-33.763549626995186,152.12610747059043,6.816340923309326,2.5564942359924316,6.792716026306152,-44.83130645751953,-66.61772155761719,7.725144863128662
2026-04-02 13:04:40.399,2019.405568143,664485266,left_foot,左脚,D4:22:CD:00:84:61,0.20924344658851624,0.32547277212142944,-0.034052375704050064,0.9214795827865601,5.339834151259251,-37.885376921693826,152.57934376439204,-1.6091517210006714,2.062012195587158,10.885000228881836,-157.64178466796875,-120.6655502319336,28.92971420288086
2026-04-02 13:04:40.460,2019.466266046,664518600,left_foot,左脚,D4:22:CD:00:84:61,0.22078466415405273,0.3588213324546814,-0.0634312629699707,0.904697597026825,3.402958732395295,-42.62981909533484,151.24282036368186,10.201841354370117,-6.726044178009033,7.1188063621521,-83.80938720703125,-144.11993408203125,-19.33919334411621
2026-04-02 13:04:40.489,2019.495296227,664551934,left_foot,左脚,D4:22:CD:00:84:61,0.2149471640586853,0.3995620906352997,-0.07794271409511566,0.8877345323562622,2.8587378868101894,-47.98052987358663,151.5054364922845,10.58138370513916,-1.995031476020813,8.74986457824707,-10.697867393493652,-159.8211212158203,14.215899467468262
2026-04-02 13:04:40.519,2019.525581724,664585268,left_foot,左脚,D4:22:CD:00:84:61,0.21226561069488525,0.4286192059516907,-0.09446370601654053,0.873100757598877,1.5849847686812606,-52.05102701656795,151.89708748119114,13.31824779510498,4.160688877105713,5.2248969078063965,-29.147159576416016,-121.5060043334961,12.291748046875
2026-04-02 13:04:40.549,2019.555392887,664618602,left_foot,左脚,D4:22:CD:00:84:61,0.20861908793449402,0.4469411075115204,-0.10699784755706787,0.8632919192314148,0.1726177241803979,-54.718594276831844,152.73992464373782,10.095704078674316,-0.9728409051895142,5.1000142097473145,-22.0196533203125,-79.49456787109375,16.383346557617188
2026-04-02 13:04:40.579,2019.58545258,664651936,left_foot,左脚,D4:22:CD:00:84:61,0.20614555478096008,0.45704054832458496,-0.11419902741909027,0.8576573133468628,-0.7678380107709093,-56.20695242397241,153.37970288232847,8.624982833862305,-1.8147730827331543,5.662208557128906,-12.369216918945312,-44.394432067871094,10.690228462219238
2026-04-02 13:04:40.609,2019.615586551,664685270,left_foot,左脚,D4:22:CD:00:84:61,0.2060091346502304,0.46283143758773804,-0.11498241126537323,0.8544740676879883,-0.6099999817134175,-56.96420221729999,153.22091440455185,7.981414318084717,-1.2383780479431152,5.929302215576172,0.7294645309448242,-22.382810592651367,-2.9329311847686768
2026-04-02 13:04:40.639,2019.645565058,664718604,left_foot,左脚,D4:22:CD:00:84:61,0.20646034181118011,0.4658045768737793,-0.11356932669878006,0.8529370427131653,-0.14790419026072923,-57.29881547727164,152.86644429503852,7.593811511993408,0.17980271577835083,5.858260154724121,4.888286590576172,-9.720878601074219,-5.89085054397583
2026-04-02 13:04:40.672,2019.678635235,664751938,left_foot,左脚,D4:22:CD:00:84:61,0.20654655992984772,0.46755218505859375,-0.11348309367895126,0.8519710898399353,-0.024116014933661258,-57.518111450535415,152.75821498338271,7.531274795532227,0.40395915508270264,5.826113700866699,0.9576945304870605,-6.321595668792725,-1.780531883239746
2026-04-02 13:04:40.699,2019.70540137,664785272,left_foot,左脚,D4:22:CD:00:84:61,0.20667436718940735,0.46787527203559875,-0.1138765886425972,0.8517100214958191,-0.062399000509324974,-57.571294161313745,152.75498079644854,7.622894287109375,-0.07002605497837067,5.879475116729736,-1.228711724281311,-1.363607406616211,-0.045629024505615234
2026-04-02 13:04:40.759,2019.765629273,664818606,left_foot,左脚,D4:22:CD:00:84:61,0.20713940262794495,0.4672069549560547,-0.11348991841077805,0.8520155549049377,0.017432228116586523,-57.4744798385161,152.6614938248434,7.430194854736328,-0.04378889873623848,5.978787899017334,0.0393955372273922,3.1150009632110596,-1.488885760307312
2026-04-02 13:04:40.789,2019.795531848,664851940,left_foot,左脚,D4:22:CD:00:84:61,0.20792973041534424,0.466617614030838,-0.11298490315675735,0.8522130250930786,0.15657182053381172,-57.38396311339259,152.49113467422052,7.4608001708984375,0.15311433374881744,5.97304630279541,-0.1116521805524826,2.8986313343048096,-2.726273775100708
2026-04-02 13:04:40.819,2019.825398406,664885274,left_foot,左脚,D4:22:CD:00:84:61,0.2087407112121582,0.46728837490081787,-0.11285331100225449,0.8516646027565002,0.3044612914316979,-57.46472135550182,152.28996683524386,7.410508632659912,0.12373647838830948,5.996294021606445,-0.6117401719093323,-2.2692089080810547,-3.1929564476013184
2026-04-02 13:04:40.879,2019.885602327,664918608,left_foot,左脚,D4:22:CD:00:84:61,0.20916061103343964,0.46885618567466736,-0.1130373477935791,0.8506750464439392,0.4088675465951541,-57.669218729239255,152.14761640030073,7.475471019744873,0.3304579555988312,5.91552734375,-0.4328356683254242,-6.001308441162109,-2.1966421604156494
2026-04-02 13:04:40.880,2019.886751614,664951942,left_foot,左脚,D4:22:CD:00:84:61,0.20929233729839325,0.47122761607170105,-0.11383158713579178,0.849224865436554,0.4228598923998543,-57.99536346114798,152.07621832416802,7.606171131134033,0.09900325536727905,5.853111267089844,-1.3249274492263794,-9.661813735961914,-0.9844189286231995
2026-04-02 13:04:40.911,2019.917287882,664985276,left_foot,左脚,D4:22:CD:00:84:61,0.209166020154953,0.4735010862350464,-0.11475057154893875,0.847866952419281,0.38115052195448335,-58.31360789763109,152.0714062089323,7.630508899688721,0.4830048680305481,5.715397834777832,-1.294838786125183,-9.431004524230957,0.08838312327861786
2026-04-02 13:04:40.939,2019.945442109,665018610,left_foot,左脚,D4:22:CD:00:84:61,0.20852859318256378,0.47555646300315857,-0.11639472097158432,0.8466485142707825,0.13684644267284615,-58.62763309710274,152.25018876850794,7.615994453430176,0.24815087020397186,5.714544773101807,-2.6643457412719727,-9.303069114685059,2.965823173522949
2026-04-02 13:04:40.969,2019.97558207,665051944,left_foot,左脚,D4:22:CD:00:84:61,0.2072172462940216,0.4778195023536682,-0.11848534643650055,0.8454053401947021,-0.25700215373298535,-58.98219634848227,152.60086715947477,7.603662490844727,0.4779614806175232,5.70806360244751,-2.7077293395996094,-10.551655769348145,5.573486328125
2026-04-02 13:04:40.999,2020.005528696,665085278,left_foot,左脚,D4:22:CD:00:84:61,0.20477139949798584,0.47990262508392334,-0.12216395139694214,0.8442971110343933,-1.0956208631871314,-59.36069239725474,153.3584948283153,7.670905113220215,0.2609806954860687,5.532845497131348,-5.506496429443359,-11.413321495056152,11.678237915039062
2026-04-02 13:04:41.059,2020.065576819,665118612,left_foot,左脚,D4:22:CD:00:84:61,0.2027827799320221,0.48186177015304565,-0.12586760520935059,0.8431163430213928,-1.9111714931204515,-59.72085249013715,154.04994031113807,7.700830936431885,-0.10917335748672485,5.7042412757873535,-6.478205680847168,-11.009787559509277,10.381010055541992
2026-04-02 13:04:41.089,2020.095498178,665151946,left_foot,左脚,D4:22:CD:00:84:61,0.2012309432029724,0.48414695262908936,-0.12895217537879944,0.841711699962616,-2.556230682338042,-60.10303501940364,154.58801361805442,7.7779693603515625,-0.5286865830421448,5.481447219848633,-5.253085136413574,-11.71876335144043,7.806061267852783
2026-04-02 13:04:41.119,2020.1253895,665185280,left_foot,左脚,D4:22:CD:00:84:61,0.19947156310081482,0.4875548481941223,-0.1323779672384262,0.8396289944648743,-3.2491199634682464,-60.638347032953675,155.17227983898584,7.491885662078857,0.6948052644729614,5.794216632843018,-5.421147346496582,-16.43576431274414,8.003442764282227
2026-04-02 13:04:41.149,2020.155319445,665218614,left_foot,左脚,D4:22:CD:00:84:61,0.19600117206573486,0.4932887554168701,-0.1395256519317627,0.8359317183494568,-4.807345717563423,-61.57082311247545,156.47360405575017,7.663681507110596,0.33067476749420166,5.846259117126465,-12.40313720703125,-29.209192276000977,17.055368423461914
2026-04-02 13:04:41.179,2020.185624611,665251948,left_foot,左脚,D4:22:CD:00:84:61,0.1921583116054535,0.5024588108062744,-0.1472780406475067,0.8300116062164307,-6.489769048560511,-62.96069815720866,157.90641263287492,7.8150634765625,-0.9754412770271301,6.025054931640625,-12.251103401184082,-43.46342849731445,16.01742935180664
2026-04-02 13:04:41.209,2020.215589787,665285282,left_foot,左脚,D4:22:CD:00:84:61,0.18787692487239838,0.5140892863273621,-0.15356247127056122,0.8226984143257141,-7.983333020800939,-64.63309340466768,159.32727874245893,8.172649383544922,-0.5439004302024841,6.05319356918335,-6.393800258636475,-52.168975830078125,12.549209594726562
2026-04-02 13:04:41.269,2020.275327566,665318616,left_foot,左脚,D4:22:CD:00:84:61,0.18337376415729523,0.5273870825767517,-0.1574493944644928,0.8145220875740051,-9.091829583581486,-66.47433740450735,160.59009323130783,8.525594711303711,-1.3749899864196777,6.351119518280029,1.3933156728744507,-57.008140563964844,7.491951942443848
2026-04-02 13:04:41.271,2020.27804254,665351950,left_foot,左脚,D4:22:CD:00:84:61,0.1793094128370285,0.5446542501449585,-0.15942558646202087,0.8036062717437744,-9.712128999597152,-68.83562380766277,161.50610387290394,8.552238464355469,-1.2113538980484009,6.461964130401611,6.968108177185059,-71.6872787475586,-1.0920324325561523
2026-04-02 13:04:41.299,2020.305575451,665385284,left_foot,左脚,D4:22:CD:00:84:61,0.1757355034351349,0.5677457451820374,-0.15973863005638123,0.7882037162780762,-9.746215908481203,-72.01592514587796,161.9533378676917,8.630123138427734,-1.2296979427337646,6.219456195831299,11.748222351074219,-94.93518829345703,-11.543150901794434
2026-04-02 13:04:41.359,2020.36559316,665418618,left_foot,左脚,D4:22:CD:00:84:61,0.17170584201812744,0.5984336137771606,-0.15953339636325836,0.7661221027374268,-9.492560446515299,-76.34440788252138,162.2038446356132,8.970151901245117,-0.7317454814910889,6.907458305358887,14.967147827148438,-128.56178283691406,-19.538684844970703
2026-04-02 13:04:41.389,2020.395291884,665451952,left_foot,左脚,D4:22:CD:00:84:61,0.16450653970241547,0.6380161046981812,-0.16262009739875793,0.7344573140144348,-12.285622174428456,-82.17794786518397,165.4731906561478,9.053240776062012,0.5550258755683899,7.681283950805664,12.79455852508545,-175.5115509033203,-14.95177936553955
2026-04-02 13:04:41.419,2020.425527863,665485286,left_foot,左脚,D4:22:CD:00:84:61,0.15141427516937256,0.6872711181640625,-0.17062342166900635,0.6896516680717468,-96.09931261670411,-88.43155620008127,-110.22837007840339,10.838369369506836,1.4109296798706055,7.688900470733643,11.507329940795898,-235.04595947265625,-2.092289447784424
2026-04-02 13:04:41.449,2020.455566174,665518620,left_foot,左脚,D4:22:CD:00:84:61,0.13186146318912506,0.7389480471611023,-0.18573987483978271,0.6340886354446411,-165.82938744963687,-80.43633978760406,-40.21900809885071,11.32431411743164,2.4993081092834473,7.202940464019775,4.983969211578369,-273.93975830078125,23.063373565673828
2026-04-02 13:04:41.479,2020.485530621,665551954,left_foot,左脚,D4:22:CD:00:84:61,0.10025154799222946,0.7909883856773376,-0.19424083828926086,0.5714516639709473,-169.0198765787205,-70.5563983879153,-35.37388974787143,10.394329071044922,-0.9379502534866333,4.741787433624268,45.790924072265625,-297.63983154296875,29.122018814086914
2026-04-02 13:04:41.509,2020.51538221,665585288,left_foot,左脚,D4:22:CD:00:84:61,0.05954698845744133,0.8272978067398071,-0.1810593456029892,0.528440535068512,-167.9374804748887,-63.626719416853724,-32.189808214767474,10.681140899658203,1.3949229717254639,2.325286865234375,120.83999633789062,-211.87229919433594,5.259668350219727
2026-04-02 13:04:41.539,2020.545522621,665618622,left_foot,左脚,D4:22:CD:00:84:61,0.054024502635002136,0.8285811543464661,-0.17967601120471954,0.5274947285652161,-167.1259739257698,-63.32388421302665,-32.430168205029,12.382570266723633,6.817739963531494,5.244444370269775,18.520036697387695,-9.11460018157959,5.311316967010498
2026-04-02 13:04:41.569,2020.575584975,665651956,left_foot,左脚,D4:22:CD:00:84:61,0.056599970906972885,0.8153401017189026,-0.18719176948070526,0.5449547171592712,-164.38087101229397,-65.48290150523886,-35.94046408469911,3.7725143432617188,-1.1407630443572998,5.18503475189209,-11.813946723937988,72.81896209716797,28.403493881225586
2026-04-02 13:04:41.599,2020.605594795,665685290,left_foot,左脚,D4:22:CD:00:84:61,0.047426655888557434,0.7975642681121826,-0.17913936078548431,0.5740647912025452,-158.8677438976052,-68.85963790410615,-39.89113225052815,4.849211692810059,0.4095560610294342,3.976696729660034,56.81844711303711,109.35893249511719,12.00809097290039
2026-04-02 13:04:41.659,2020.665584717,665718624,left_foot,左脚,D4:22:CD:00:84:61,0.050146397203207016,0.7645871639251709,-0.17144080996513367,0.6192731857299805,-149.24517501920113,-74.6164251720731,-48.94906792492547,7.946944236755371,1.0340934991836548,3.142383337020874,30.906692504882812,190.75860595703125,1.6115193367004395
2026-04-02 13:04:41.689,2020.695578412,665751958,left_foot,左脚,D4:22:CD:00:84:61,0.06387816369533539,0.7181443572044373,-0.16957060992717743,0.671887993812561,-123.17018278074593,-80.6412343482181,-75.89694234282679,6.181091785430908,0.37438085675239563,3.824674606323242,-8.318930625915527,244.3878936767578,2.793374538421631
2026-04-02 13:04:41.719,2020.725550066,665785292,left_foot,左脚,D4:22:CD:00:84:61,0.07443944364786148,0.6678674817085266,-0.16074024140834808,0.722892701625824,-67.07650101310425,-81.69944555629435,-132.1195104101166,8.167343139648438,-2.859046697616577,3.6100687980651855,13.661312103271484,248.9103240966797,-5.104244232177734
2026-04-02 13:04:41.749,2020.755377922,665818626,left_foot,左脚,D4:22:CD:00:84:61,0.08303751051425934,0.6151442527770996,-0.13967199623584747,0.771487832069397,-29.03705671134853,-76.49491645969013,-169.21185032170146,11.585833549499512,-1.3669344186782837,3.9810261726379395,46.54881286621094,251.4956817626953,-27.554134368896484
2026-04-02 13:04:41.779,2020.785609565,665851960,left_foot,左脚,D4:22:CD:00:84:61,0.09596101939678192,0.5555196404457092,-0.11477169394493103,0.8179342150688171,-12.823141078988774,-68.55747001649364,175.37710392891657,12.94715404510498,0.8705826997756958,4.351968288421631,44.54759979248047,268.5072937011719,-44.34532928466797
2026-04-02 13:04:41.809,2020.815593606,665885294,left_foot,左脚,D4:22:CD:00:84:61,0.11585747450590134,0.49613314867019653,-0.09482859075069427,0.8552402257919312,-5.5100249047548875,-60.528416327795874,167.7872840360606,12.702232360839844,-0.15109695494174957,5.514950275421143,13.70709228515625,251.5211181640625,-57.47464370727539
2026-04-02 13:04:41.840,2020.846339212,665918628,left_foot,左脚,D4:22:CD:00:84:61,0.1415916532278061,0.4365217387676239,-0.06905146688222885,0.8857945799827576,0.12080812783606978,-52.45657682468724,161.77701642596406,15.758278846740723,0.43770456314086914,5.809834957122803,18.59549331665039,245.0134735107422,-87.17031860351562
2026-04-02 13:04:41.869,2020.875607546,665951962,left_foot,左脚,D4:22:CD:00:84:61,0.17067675292491913,0.37103480100631714,-0.04885721951723099,0.9114907383918762,2.9889100584407426,-43.87340625375012,157.584364472449,15.30685043334961,0.8560231328010559,5.556900978088379,-7.520882606506348,253.92042541503906,-89.92699432373047
2026-04-02 13:04:41.899,2020.905537755,665985296,left_foot,左脚,D4:22:CD:00:84:61,0.1926451474428177,0.31753242015838623,-0.02969735860824585,0.9279971122741699,4.823795474795275,-36.92583192314682,154.93341286687087,13.243715286254883,-2.3518247604370117,3.4286441802978516,3.794886827468872,202.94651794433594,-73.62909698486328
2026-04-02 13:04:41.959,2020.965305226,666018630,left_foot,左脚,D4:22:CD:00:84:61,0.2013777196407318,0.28360429406166077,0.0019034610595554113,0.9375560879707336,7.990654581645454,-32.07463756255424,153.4548980574077,15.12550163269043,-2.7044198513031006,-2.5206642150878906,70.08342742919922,140.00393676757812,-51.80160140991211
2026-04-02 13:04:41.989,2020.995511658,666051964,left_foot,左脚,D4:22:CD:00:84:61,0.20196805894374847,0.2699545919895172,0.014112992212176323,0.9413468241691589,9.024758929331226,-30.168270659912036,153.34422774389708,13.718008041381836,-2.0029075145721436,-7.221189498901367,29.484588623046875,55.95891571044922,-10.723834037780762
2026-04-02 13:04:42.020,2021.026405454,666085298,left_foot,左脚,D4:22:CD:00:84:61,0.1995890736579895,0.2833108901977539,0.005021816585212946,0.9380158185958862,8.303648164346042,-31.971389280600274,153.59311137731513,10.984435081481934,0.4813958704471588,-2.0269203186035156,-17.612674713134766,-52.34410095214844,14.880661964416504
2026-04-02 13:04:42.049,2021.055527773,666118632,left_foot,左脚,D4:22:CD:00:84:61,0.19804954528808594,0.30555808544158936,-0.03324447572231293,0.930755078792572,4.170909196148068,-35.58906882013992,154.635869839881,-0.43547260761260986,3.16133713722229,12.819697380065918,-106.35946655273438,-104.82424926757812,38.11467742919922
2026-04-02 13:04:42.079,2021.085412528,666151966,left_foot,左脚,D4:22:CD:00:84:61,0.2144870012998581,0.3412396013736725,-0.05927765369415283,0.913256049156189,2.8704821763197557,-40.4441933958836,152.5085586352092,7.427907466888428,-3.536935806274414,6.511017799377441,-78.117431640625,-148.3282928466797,-40.837120056152344
2026-04-02 13:04:42.109,2021.115697019,666185300,left_foot,左脚,D4:22:CD:00:84:61,0.2141890972852707,0.3835841417312622,-0.07313361763954163,0.8953419923782349,2.7479644366808547,-45.906655754095766,151.92842586905658,9.630208969116211,-4.321627616882324,8.416049003601074,-15.437347412109375,-164.14524841308594,-4.455110549926758
2026-04-02 13:04:42.139,2021.14561263,666218634,left_foot,左脚,D4:22:CD:00:84:61,0.2109861820936203,0.41401955485343933,-0.08677702397108078,0.8812161684036255,1.9414488300858146,-50.022722730579126,152.16487103687737,15.609281539916992,6.334678649902344,5.6525373458862305,-18.857913970947266,-122.984619140625,9.865100860595703
2026-04-02 13:04:42.169,2021.175644557,666251968,left_foot,左脚,D4:22:CD:00:84:61,0.20532816648483276,0.4290279746055603,-0.1007208377122879,0.8738594651222229,0.014178261958267368,-52.29612675907141,153.5475169737019,8.939958572387695,-1.1942660808563232,5.9660325050354,-25.31407928466797,-67.4359130859375,27.46595573425293
2026-04-02 13:04:42.200,2021.206298752,666285302,left_foot,左脚,D4:22:CD:00:84:61,0.20057550072669983,0.4419056177139282,-0.11002065241336823,0.8674007058143616,-1.3305677544387449,-54.169633513501495,154.64029748603974,8.107316017150879,-1.599437952041626,6.079590797424316,-13.943584442138672,-56.123268127441406,19.180179595947266
2026-04-02 13:04:42.259,2021.265579092,666318636,left_foot,左脚,D4:22:CD:00:84:61,0.19783325493335724,0.4500766098499298,-0.11466367542743683,0.8632177710533142,-2.002459261031893,-55.32548124151686,155.23333565210672,8.258288383483887,-1.0911550521850586,5.7411417961120605,-5.494557857513428,-34.666587829589844,9.4273099899292
2026-04-02 13:04:42.289,2021.295565949,666351970,left_foot,左脚,D4:22:CD:00:84:61,0.19706423580646515,0.454057514667511,-0.11529136449098587,0.8612229228019714,-2.00334843869174,-55.84578314517951,155.28484993159955,7.941593170166016,-0.851720929145813,5.752730369567871,1.3339234590530396,-15.34654712677002,0.44407132267951965
2026-04-02 13:04:42.319,2021.325415935,666385304,left_foot,左脚,D4:22:CD:00:84:61,0.1972711682319641,0.4556777775287628,-0.114803247153759,0.8603847622871399,-1.8224210699503436,-56.03830935690698,155.14241061692692,7.5481462478637695,-0.15621118247509003,5.97338342666626,1.9669185876846313,-5.428070545196533,-2.4794769287109375
2026-04-02 13:04:42.349,2021.355575299,666418638,left_foot,左脚,D4:22:CD:00:84:61,0.19699570536613464,0.45587870478630066,-0.11506795138120651,0.8603060245513916,-1.8865224534921,-56.0706378412647,155.20978716481554,7.388531684875488,0.2648266553878784,6.063910007476807,-0.16839709877967834,-0.7648081183433533,1.2042932510375977
2026-04-02 13:04:42.379,2021.385653023,666451972,left_foot,左脚,D4:22:CD:00:84:61,0.19598388671875,0.4518766403198242,-0.11675912141799927,0.8624179363250732,-2.4624272396659674,-55.60666426216238,155.692636706512,7.512847423553467,0.19130924344062805,6.0134358406066895,-5.185894012451172,13.818629264831543,8.799352645874023
2026-04-02 13:04:42.409,2021.415544141,666485306,left_foot,左脚,D4:22:CD:00:84:61,0.19653595983982086,0.44883936643600464,-0.11710111796855927,0.8638310432434082,-2.601691812847695,-55.23241889940524,155.72612762676812,7.183154106140137,-0.5322923064231873,6.417752742767334,-3.238502025604248,11.387194633483887,1.217274785041809
2026-04-02 13:04:42.439,2021.445492563,666518640,left_foot,左脚,D4:22:CD:00:84:61,0.19701051712036133,0.448996901512146,-0.11695802211761475,0.8636603355407715,-2.524833086137125,-55.249883985405205,155.62163752374855,7.133789539337158,-0.24813446402549744,6.238096714019775,-0.16053397953510284,-0.27121925354003906,-1.6635510921478271
2026-04-02 13:04:42.499,2021.505543796,666551974,left_foot,左脚,D4:22:CD:00:84:61,0.19724041223526,0.4508894979953766,-0.11729305982589722,0.8625757098197937,-2.4771708480206662,-55.49965923634508,155.54330541736192,7.257237434387207,0.2278260737657547,6.060819625854492,-0.38145023584365845,-7.27492094039917,-1.5041710138320923
2026-04-02 13:04:42.500,2021.506673686,666585308,left_foot,左脚,D4:22:CD:00:84:61,0.19743646681308746,0.4534294307231903,-0.11820466071367264,0.8610736131668091,-2.5031827991572038,-55.847722818536454,155.49849555782205,7.183511734008789,-0.16863414645195007,6.21382999420166,-1.75490140914917,-10.261871337890625,-1.034306287765503
2026-04-02 13:04:42.560,2021.566466365,666618642,left_foot,左脚,D4:22:CD:00:84:61,0.19784586131572723,0.45653021335601807,-0.11885849386453629,0.8592494130134583,-2.436644280199096,-56.261199650045924,155.36965727180493,7.42214822769165,0.003950674086809158,6.062734127044678,-1.0697742700576782,-12.178038597106934,-2.5106773376464844
2026-04-02 13:04:42.589,2021.595403281,666651976,left_foot,左脚,D4:22:CD:00:84:61,0.19790901243686676,0.46009230613708496,-0.12024641036987305,0.8571391105651855,-2.5114205911161136,-56.753775477829116,155.35386388126736,7.445042133331299,-0.1833617240190506,5.994217395782471,-2.504526376724243,-14.642960548400879,-0.7169914245605469
2026-04-02 13:04:42.619,2021.625482557,666685310,left_foot,左脚,D4:22:CD:00:84:61,0.19819949567317963,0.46338215470314026,-0.12074420601129532,0.8552275896072388,-2.4160742940541513,-57.188488103671666,155.22112901864853,7.585094451904297,-0.2967677414417267,5.832908630371094,-0.3365004360675812,-12.836251258850098,-2.5427772998809814
2026-04-02 13:04:42.679,2021.685394468,666718644,left_foot,左脚,D4:22:CD:00:84:61,0.19807960093021393,0.46668100357055664,-0.1214732900261879,0.8533563613891602,-2.4022288506730054,-57.63055642290055,155.18564359138816,7.448169708251953,0.40747228264808655,5.91655158996582,-0.33719196915626526,-13.136112213134766,-0.9425879716873169
2026-04-02 13:04:42.680,2021.686581593,666751978,left_foot,左脚,D4:22:CD:00:84:61,0.19679275155067444,0.4704827070236206,-0.12452610582113266,0.8511236906051636,-2.9150897597143937,-58.19969864256574,155.58499828638244,7.334244251251221,0.2971174716949463,5.9953203201293945,-5.086400032043457,-17.272645950317383,5.767807483673096
2026-04-02 13:04:42.709,2021.715513059,666785312,left_foot,左脚,D4:22:CD:00:84:61,0.19532352685928345,0.476077139377594,-0.12835465371608734,0.8477759957313538,-3.5257205239820304,-59.02089806271883,156.04749617705284,7.634162902832031,-0.3785087764263153,5.823684215545654,-6.305747985839844,-24.93836784362793,6.0525221824646
2026-04-02 13:04:42.739,2021.745587003,666818646,left_foot,左脚,D4:22:CD:00:84:61,0.19463028013706207,0.4825688600540161,-0.13125136494636536,0.8438122272491455,-3.8526447248136235,-59.93828027151037,156.2452137996104,7.632833003997803,-0.3845518231391907,5.734418869018555,-4.5392351150512695,-27.60188865661621,1.443461298942566
2026-04-02 13:04:42.770,2021.776316792,666851980,left_foot,左脚,D4:22:CD:00:84:61,0.1934875249862671,0.49237874150276184,-0.1350753754377365,0.8377827405929565,-4.276262749123902,-61.31645441409007,156.52649944308953,7.489579677581787,0.15768930315971375,6.157107353210449,-5.190464019775391,-41.490997314453125,1.4080959558486938
2026-04-02 13:04:42.799,2021.805422999,666885314,left_foot,左脚,D4:22:CD:00:84:61,0.19020333886146545,0.5056598782539368,-0.14150188863277435,0.8295226097106934,-5.399905433879998,-63.21973612522817,157.4963345866619,7.888535976409912,-0.0041969772428274155,6.263064384460449,-7.7797417640686035,-58.01220703125,8.89754581451416
2026-04-02 13:04:42.889,2021.895325211,666918648,left_foot,左脚,D4:22:CD:00:84:61,0.18543656170368195,0.5214261412620544,-0.14624591171741486,0.819963276386261,-6.410042643379423,-65.41425275382025,158.63240969925292,8.332503318786621,-1.1083755493164062,6.6344990730285645,0.5970480442047119,-67.00345611572266,8.142668724060059
2026-04-02 13:04:42.890,2021.896405934,666951982,left_foot,左脚,D4:22:CD:00:84:61,0.1804310828447342,0.5403165221214294,-0.1488303393125534,0.8083016872406006,-6.994952078265509,-68.00022125050454,159.55455383054982,8.565914154052734,-1.1023873090744019,6.770312309265137,8.048018455505371,-78.35308074951172,2.0192482471466064
2026-04-02 13:04:42.919,2021.92562101,666985316,left_foot,左脚,D4:22:CD:00:84:61,0.17500844597816467,0.5661527514457703,-0.15125179290771484,0.7911800742149353,-7.489178444973945,-71.58590297146874,160.45777338773826,8.509726524353027,-0.4795820415019989,7.3680315017700195,10.756455421447754,-107.9547348022461,-4.091310024261475
2026-04-02 13:04:42.949,2021.955640746,667018650,left_foot,左脚,D4:22:CD:00:84:61,0.1676383763551712,0.6020662784576416,-0.1556420922279358,0.7649762034416199,-9.09345611086338,-76.73430361820479,162.48350742287602,9.029500007629395,0.03884211927652359,8.223231315612793,10.579830169677734,-155.32664489746094,-5.653664588928223
2026-04-02 13:04:42.979,2021.985644496,667051984,left_foot,左脚,D4:22:CD:00:84:61,0.155209481716156,0.6496962308883667,-0.16469119489192963,0.7257280945777893,-20.201750592744023,-83.78849130211779,174.01523333619397,9.271484375,0.9715218544006348,9.227622985839844,8.5763578414917,-218.7016143798828,3.5176775455474854
2026-04-02 13:04:43.009,2022.015494251,667085318,left_foot,左脚,D4:22:CD:00:84:61,0.13061334192752838,0.7101995944976807,-0.18107269704341888,0.6676592230796814,-142.87934684257692,-84.65028111750651,-62.613407608603026,11.53591251373291,3.3453562259674072,9.931497573852539,13.730937004089355,-304.0202331542969,32.988216400146484
2026-04-02 13:04:43.039,2022.045587358,667118652,left_foot,左脚,D4:22:CD:00:84:61,0.09599050134420395,0.7682490944862366,-0.1979323774576187,0.601166844367981,-160.72520629701398,-74.08955734436105,-43.50243621972133,11.992262840270996,1.1346524953842163,7.07532262802124,30.996234893798828,-325.65765380859375,54.96149444580078
2026-04-02 13:04:43.069,2022.075534388,667151986,left_foot,左脚,D4:22:CD:00:84:61,0.05115114524960518,0.8145849704742432,-0.2038581222295761,0.5406258702278137,-161.521061855959,-64.37275340682585,-39.79234675966983,3.376936912536621,1.622043490409851,5.186126232147217,80.7343521118164,-289.05377197265625,57.13462448120117
2026-04-02 13:04:43.099,2022.105535093,667185320,left_foot,左脚,D4:22:CD:00:84:61,0.026977144181728363,0.8308706879615784,-0.1929270178079605,0.521253228187561,-161.04690607376253,-61.23462127227843,-37.42806089097251,17.807613372802734,3.479982614517212,5.175201416015625,77.79511260986328,-100.22232055664062,-0.27431026101112366
2026-04-02 13:04:43.191,2022.197350975,667218654,left_foot,左脚,D4:22:CD:00:84:61,0.03717081621289253,0.8094677925109863,-0.18843595683574677,0.5548616051673889,-158.67436898788128,-65.82438330681296,-40.10466182372375,6.642576217651367,2.6923105716705322,7.249108791351318,-0.09657429158687592,140.71810913085938,-13.509979248046875
2026-04-02 13:04:43.192,2022.198374732,667251988,left_foot,左脚,D4:22:CD:00:84:61,0.03477560356259346,0.7720869779586792,-0.16947413980960846,0.6115147471427917,-148.40532193851078,-72.95460994072893,-48.38958917070124,3.570547580718994,1.3851656913757324,4.591083526611328,75.46021270751953,229.08934020996094,-16.38930320739746
2026-04-02 13:04:43.219,2022.225533369,667285322,left_foot,左脚,D4:22:CD:00:84:61,0.029029233381152153,0.7272343039512634,-0.1626862734556198,0.6661984324455261,-122.37815933205975,-78.07264082973813,-73.28955827491899,4.295713424682617,-1.222739338874817,4.186994552612305,56.67772674560547,236.13937377929688,27.250335693359375
2026-04-02 13:04:43.249,2022.255469673,667318656,left_foot,左脚,D4:22:CD:00:84:61,0.03241823986172676,0.6769420504570007,-0.1427558958530426,0.7213314771652222,-75.22556271903571,-80.35172609896942,-119.05593407660048,7.748796463012695,-0.20614418387413025,4.682911396026611,63.57984161376953,256.17791748046875,-23.414106369018555
2026-04-02 13:04:43.279,2022.285496122,667351990,left_foot,左脚,D4:22:CD:00:84:61,0.05293913185596466,0.6255791187286377,-0.12152489274740219,0.7688167095184326,-32.71794519737169,-77.10456188626978,-161.54540167913672,9.3284273147583,-1.4355465173721313,5.190253734588623,22.97684097290039,249.5591278076172,-69.21460723876953
2026-04-02 13:04:43.309,2022.315698311,667385324,left_foot,左脚,D4:22:CD:00:84:61,0.0746879056096077,0.5736710429191589,-0.10443461686372757,0.8089598417282104,-14.58713620154178,-70.69191069872429,179.8238046975244,10.766643524169922,-0.7921413779258728,5.6999921798706055,6.115636825561523,234.93539428710938,-64.62226867675781
2026-04-02 13:04:43.339,2022.345598832,667418658,left_foot,左脚,D4:22:CD:00:84:61,0.09518301486968994,0.5237529277801514,-0.08171549439430237,0.8425825834274292,-4.958245013918071,-63.918066527643695,170.2042272950182,13.524761199951172,-1.6247777938842773,6.289407730102539,22.437049865722656,217.52157592773438,-74.59346008300781
2026-04-02 13:04:43.369,2022.375372441,667451992,left_foot,左脚,D4:22:CD:00:84:61,0.12303856760263443,0.46597951650619507,-0.058951981365680695,0.8742132186889648,1.1886267040946403,-56.02054835819121,163.34509503333453,15.684781074523926,0.6617898344993591,5.918405532836914,6.084432601928711,238.90518188476562,-94.4907455444336
2026-04-02 13:04:43.399,2022.405552931,667485326,left_foot,左脚,D4:22:CD:00:84:61,0.1502925455570221,0.4056937098503113,-0.04108764976263046,0.9006309509277344,4.107905614494028,-47.9971293880232,159.22269612615906,13.489128112792969,0.18874531984329224,6.093256950378418,-9.797345161437988,236.01498413085938,-86.47779083251953
2026-04-02 13:04:43.459,2022.465495925,667518660,left_foot,左脚,D4:22:CD:00:84:61,0.18087340891361237,0.35235196352005005,-0.023154467344284058,0.9179303646087646,6.457128242530789,-40.93827480832827,155.29347964047608,14.663347244262695,0.14085891842842102,5.145371913909912,5.897584915161133,204.1243438720703,-84.0818862915039
2026-04-02 13:04:43.489,2022.495369562,667551994,left_foot,左脚,D4:22:CD:00:84:61,0.1978899985551834,0.30811360478401184,0.005335157737135887,0.930525004863739,9.24622013454816,-34.84116963589552,153.0811959269053,14.595406532287598,-1.951285719871521,1.4580392837524414,43.036834716796875,173.56185913085938,-76.29098510742188
2026-04-02 13:04:43.519,2022.525674706,667585328,left_foot,左脚,D4:22:CD:00:84:61,0.19664017856121063,0.2783125638961792,0.040660709142684937,0.9392661452293396,12.449375586943331,-30.452799015682864,152.9502503765679,15.340487480163574,0.05210350453853607,-4.422914505004883,94.11556243896484,128.48391723632812,-27.54473114013672
2026-04-02 13:04:43.549,2022.555613891,667618662,left_foot,左脚,D4:22:CD:00:84:61,0.19065473973751068,0.2690807580947876,0.04705328866839409,0.9428847432136536,12.674816769259346,-29.306589471827973,153.81064847735303,14.912690162658691,-2.0523464679718018,-8.588932991027832,19.768604278564453,38.515899658203125,14.775413513183594
2026-04-02 13:04:43.579,2022.585414596,667651996,left_foot,左脚,D4:22:CD:00:84:61,0.19803573191165924,0.28476065397262573,0.03277897089719772,0.937346339225769,11.777322393599214,-31.389701892900817,152.82070588233,11.651342391967773,-0.5479375123977661,-0.6338437795639038,-41.80706024169922,-66.13130950927734,-11.542604446411133
2026-04-02 13:04:43.609,2022.615576846,667685330,left_foot,左脚,D4:22:CD:00:84:61,0.19151584804058075,0.3056846261024475,-0.02093716710805893,0.9324374794960022,5.488273231769911,-35.315861174988555,155.03827237181218,-3.3673219680786133,5.672120094299316,14.810656547546387,-151.8316192626953,-107.73702239990234,73.02681732177734
2026-04-02 13:04:43.639,2022.645686967,667718664,left_foot,左脚,D4:22:CD:00:84:61,0.1965632289648056,0.3399464190006256,-0.05752300098538399,0.9178724884986877,2.10703855138348,-40.290933493781225,155.0522169675334,10.09206771850586,-7.677908420562744,6.081100940704346,-100.96224212646484,-148.6571502685547,10.543210983276367
2026-04-02 13:04:43.669,2022.675668786,667751998,left_foot,左脚,D4:22:CD:00:84:61,0.18979479372501373,0.382699579000473,-0.06888321787118912,0.9015394449234009,1.7297767445211798,-45.74043022881364,155.49337469671576,10.330601692199707,-5.502292156219482,8.888243675231934,-2.1752610206604004,-162.7791748046875,15.18651294708252
2026-04-02 13:04:43.699,2022.706050304,667785332,left_foot,左脚,D4:22:CD:00:84:61,0.18929463624954224,0.41666749119758606,-0.07800973206758499,0.8857029676437378,1.748810698004682,-50.14075986977808,155.05405091405265,13.524484634399414,5.639402389526367,6.454472064971924,-9.137190818786621,-131.89288330078125,-4.826297283172607
2026-04-02 13:04:43.759,2022.765380538,667818666,left_foot,左脚,D4:22:CD:00:84:61,0.18914102017879486,0.4364984333515167,-0.08922609686851501,0.8750617504119873,0.8515447852398894,-52.9090444247959,155.18303226184625,9.952245712280273,-0.18373624980449677,5.134293079376221,-23.76548957824707,-82.60018157958984,4.4208197593688965
2026-04-02 13:04:43.789,2022.795281582,667852000,left_foot,左脚,D4:22:CD:00:84:61,0.18880131840705872,0.4477561116218567,-0.09649708867073059,0.8686519265174866,0.14107847099397597,-54.520823842095595,155.4023018687824,8.70692253112793,-1.3517532348632812,5.741584777832031,-15.913818359375,-47.93207931518555,4.425935745239258
2026-04-02 13:04:43.819,2022.826071087,667885334,left_foot,左脚,D4:22:CD:00:84:61,0.1905750334262848,0.45555979013442993,-0.09605427831411362,0.8642448782920837,0.7694384349699267,-55.49150336482316,154.7246225272876,7.844358921051025,-1.6342414617538452,6.047722816467285,2.2864861488342285,-28.838308334350586,-11.347379684448242
2026-04-02 13:04:43.849,2022.855354458,667918668,left_foot,左脚,D4:22:CD:00:84:61,0.1924266815185547,0.46352967619895935,-0.09338432550430298,0.859878420829773,1.8433779888964668,-56.41832298398686,153.78309015574624,6.966180324554443,0.8893058896064758,6.113773822784424,8.89979076385498,-27.812698364257812,-15.112825393676758
2026-04-02 13:04:43.879,2022.885480907,667952002,left_foot,左脚,D4:22:CD:00:84:61,0.1927899867296219,0.46930843591690063,-0.09482213854789734,0.8564985394477844,1.9593903247306175,-57.19147824059518,153.5611454636288,8.27000904083252,0.6167678833007812,5.6317877769470215,-1.9840903282165527,-22.988100051879883,-2.767076253890991
2026-04-02 13:04:43.909,2022.915359675,667985336,left_foot,左脚,D4:22:CD:00:84:61,0.19460317492485046,0.47345465421676636,-0.09412525594234467,0.853879451751709,2.523030724670451,-57.69134082977115,152.93278663532607,7.617331504821777,-0.41322916746139526,5.97093391418457,1.120896816253662,-15.082841873168945,-9.44678020477295
2026-04-02 13:04:43.940,2022.946631153,668018670,left_foot,左脚,D4:22:CD:00:84:61,0.19653552770614624,0.47835880517959595,-0.09202342480421066,0.850927472114563,3.422110298422843,-58.24101491374764,152.08261436003937,7.532519340515137,0.33642899990081787,5.643555641174316,5.447232246398926,-16.89828109741211,-12.555349349975586
2026-04-02 13:04:43.969,2022.975306577,668052004,left_foot,左脚,D4:22:CD:00:84:61,0.19720475375652313,0.4830547571182251,-0.09122218936681747,0.8482018113136292,3.9605427075555486,-58.807851544585255,151.59019691820575,7.2745513916015625,1.4430890083312988,5.853000640869141,3.658482074737549,-17.21963882446289,-6.486423492431641
2026-04-02 13:04:43.999,2023.005339301,668085338,left_foot,左脚,D4:22:CD:00:84:61,0.19626320898532867,0.48800456523895264,-0.0932217687368393,0.8453646302223206,3.8351554658938802,-59.50530582562113,151.66630981141859,7.654874324798584,0.9162463545799255,5.575313091278076,-1.6776421070098877,-20.57296371459961,2.7399961948394775
2026-04-02 13:04:44.059,2023.065553434,668118672,left_foot,左脚,D4:22:CD:00:84:61,0.19519314169883728,0.4922555088996887,-0.09608964622020721,0.8428227305412292,3.4775877696282955,-60.14419714366879,151.9069549152472,7.923595428466797,0.4837616980075836,5.412072658538818,-4.3594651222229,-18.6916561126709,5.006653785705566
2026-04-02 13:04:44.089,2023.095513126,668152006,left_foot,左脚,D4:22:CD:00:84:61,0.19367492198944092,0.4963992238044739,-0.09919475018978119,0.8403792977333069,3.001075228773346,-60.779925574061906,152.28399088678074,7.883130073547363,0.808351993560791,5.436333656311035,-4.3290581703186035,-18.537593841552734,6.812232494354248
2026-04-02 13:04:44.119,2023.125404193,668185340,left_foot,左脚,D4:22:CD:00:84:61,0.1921270489692688,0.4981820583343506,-0.10278003662824631,0.83924800157547,2.244676944225881,-61.126863770604814,152.88553404473566,8.074020385742188,0.6122075915336609,5.28033447265625,-6.7674031257629395,-9.822355270385742,9.417869567871094
2026-04-02 13:04:44.149,2023.155336795,668218674,left_foot,左脚,D4:22:CD:00:84:61,0.19098307192325592,0.49774137139320374,-0.10561142861843109,0.8394191861152649,1.5224431303151633,-61.159730828235176,153.46504807509257,8.083283424377441,0.06652479618787766,5.2425537109375,-6.294214725494385,-0.5485736131668091,8.610173225402832
2026-04-02 13:04:44.179,2023.185459709,668252008,left_foot,左脚,D4:22:CD:00:84:61,0.19008031487464905,0.4966928958892822,-0.10795293748378754,0.8399472236633301,0.8859557093934572,-61.09608498529681,153.9745724736457,7.890843391418457,0.4005805552005768,5.4368462562561035,-5.563891887664795,2.21266770362854,7.5299859046936035
2026-04-02 13:04:44.239,2023.245690815,668285342,left_foot,左脚,D4:22:CD:00:84:61,0.1895264834165573,0.49598124623298645,-0.11025591194629669,0.8401935696601868,0.3234438462215129,-61.07267725670868,154.38574931891324,7.883846282958984,0.19372425973415375,5.416082859039307,-5.927995681762695,0.8996183276176453,6.1534295082092285
2026-04-02 13:04:44.240,2023.246727276,668318676,left_foot,左脚,D4:22:CD:00:84:61,0.1885618269443512,0.4964822232723236,-0.11345569044351578,0.8396885395050049,-0.3928302371667639,-61.23114144666317,154.91951435937474,7.793137073516846,0.4707721471786499,5.502100944519043,-7.304755687713623,-4.637866973876953,7.928321361541748
2026-04-02 13:04:44.269,2023.27562856,668352010,left_foot,左脚,D4:22:CD:00:84:61,0.1873677521944046,0.49856388568878174,-0.11685539036989212,0.8382548689842224,-1.093791969561767,-61.598717456316955,155.452601277116,7.896958827972412,-0.016634870320558548,5.448323726654053,-6.830941200256348,-11.017995834350586,7.716179847717285
2026-04-02 13:04:44.299,2023.305435935,668385344,left_foot,左脚,D4:22:CD:00:84:61,0.18582142889499664,0.501950204372406,-0.12003076821565628,0.836126983165741,-1.7376431607500802,-62.12839137805934,155.98715311899127,7.899713039398193,0.09959586709737778,5.3498406410217285,-5.02113676071167,-15.976143836975098,7.373542785644531
2026-04-02 13:04:44.359,2023.36542658,668418678,left_foot,左脚,D4:22:CD:00:84:61,0.18397828936576843,0.5074914693832397,-0.12373720854520798,0.8326420187950134,-2.4355924444288344,-62.95479361582798,156.57190744092293,7.862485408782959,0.08649657666683197,5.871923923492432,-5.210840225219727,-24.987773895263672,7.39381742477417
2026-04-02 13:04:44.449,2023.45532191,668452012,left_foot,左脚,D4:22:CD:00:84:61,0.18118004500865936,0.5156506299972534,-0.12689995765686035,0.8277523517608643,-3.050115190332971,-64.11159030732958,157.21772671272635,8.079483985900879,-0.5445314049720764,5.455231666564941,-0.9333179593086243,-35.013553619384766,7.177168846130371
2026-04-02 13:04:44.450,2023.456609173,668485346,left_foot,左脚,D4:22:CD:00:84:61,0.17943651974201202,0.5253206491470337,-0.1275959014892578,0.8219241499900818,-2.9241845701407634,-65.41414446547417,157.2476894908152,8.330461502075195,-0.6918435096740723,5.296960830688477,4.7772722244262695,-38.992828369140625,-1.4383571147918701
2026-04-02 13:04:44.479,2023.485315273,668518680,left_foot,左脚,D4:22:CD:00:84:61,0.1770905703306198,0.5370921492576599,-0.12818101048469543,0.8147022724151611,-2.733597881677255,-67.00521473882368,157.28265399376573,8.235250473022461,0.4310622215270996,5.48745584487915,6.829724311828613,-47.658077239990234,-1.7371997833251953
2026-04-02 13:04:44.480,2023.486530901,668552014,left_foot,左脚,D4:22:CD:00:84:61,0.17319750785827637,0.5512940883636475,-0.13017944991588593,0.8056861758232117,-3.0042511953879814,-68.97661395588298,157.79975276633084,8.626165390014648,0.3521544337272644,5.632336139678955,6.430849552154541,-59.3408203125,3.0570263862609863
2026-04-02 13:04:44.510,2023.516302566,668585348,left_foot,左脚,D4:22:CD:00:84:61,0.16873444616794586,0.5688387751579285,-0.13386711478233337,0.7937442660331726,-3.7085373911625275,-71.47800007537606,158.66652356272346,8.720632553100586,-0.4648473560810089,6.032822132110596,3.544830560684204,-75.4334945678711,4.617333889007568
2026-04-02 13:04:44.539,2023.545363263,668618682,left_foot,左脚,D4:22:CD:00:84:61,0.16430743038654327,0.5929068922996521,-0.13626693189144135,0.7764632105827332,-3.6945035009280054,-74.91059464315923,158.93451249653168,9.061297416687012,-0.5936179757118225,6.766013145446777,8.313389778137207,-102.95552062988281,-4.111765384674072
2026-04-02 13:04:44.569,2023.575407715,668652016,left_foot,左脚,D4:22:CD:00:84:61,0.15949289500713348,0.6262606382369995,-0.13628101348876953,0.7508571743965149,-1.5686744554249852,-79.71663265707383,157.3252863363608,9.685884475708008,-0.5769322514533997,7.913153171539307,16.80140495300293,-143.623291015625,-17.0159912109375
2026-04-02 13:04:44.599,2023.605477016,668685350,left_foot,左脚,D4:22:CD:00:84:61,0.15111185610294342,0.6714119911193848,-0.14395378530025482,0.7110890746116638,-1.821184982360405,-86.73268259215472,157.72556366569438,9.83112621307373,1.4043855667114258,8.257195472717285,4.55546760559082,-210.60382080078125,-4.604793071746826
2026-04-02 13:04:44.659,2023.665444527,668718684,left_foot,左脚,D4:22:CD:00:84:61,0.13748280704021454,0.7229484915733337,-0.15385690331459045,0.6593717932701111,-177.45897109034678,-84.67845202447486,-26.344135326718742,11.178790092468262,1.4356602430343628,6.728979587554932,8.647700309753418,-257.7461242675781,4.020838260650635
2026-04-02 13:04:44.689,2023.695403631,668752018,left_foot,左脚,D4:22:CD:00:84:61,0.1185610443353653,0.7731028199195862,-0.16423258185386658,0.6010674238204956,-176.76089203146643,-75.5390136900485,-26.49647379772878,9.6410551071167,0.5356692671775818,4.5005927085876465,16.6422119140625,-274.1415710449219,14.829705238342285
2026-04-02 13:04:44.719,2023.725477393,668785352,left_foot,左脚,D4:22:CD:00:84:61,0.09084596484899521,0.8183995485305786,-0.16243711113929749,0.5436753034591675,-175.92802951288826,-66.83870566017933,-25.140075848766532,5.7551984786987305,-0.9391497373580933,2.4386701583862305,63.802677154541016,-261.72222900390625,3.733217477798462
2026-04-02 13:04:44.749,2023.755336381,668818686,left_foot,左脚,D4:22:CD:00:84:61,0.058766502887010574,0.8607937693595886,-0.16009019315242767,0.4795321226119995,-174.39091669260546,-57.60481627849611,-24.156616818964494,6.957938194274902,3.7659249305725098,3.3825032711029053,72.40894317626953,-277.65069580078125,9.875007629394531
2026-04-02 13:04:44.779,2023.785339868,668852020,left_foot,左脚,D4:22:CD:00:84:61,0.045090921223163605,0.8857995867729187,-0.17610499262809753,0.42698052525520325,-173.627679797311,-50.56270526040916,-25.500670647055536,12.223173141479492,1.38284432888031,0.39659154415130615,-9.40022087097168,-208.1676025390625,45.76848602294922
2026-04-02 13:04:44.809,2023.815300795,668885354,left_foot,左脚,D4:22:CD:00:84:61,0.038983054459095,0.8901727795600891,-0.18054205179214478,0.41650521755218506,-172.897614191007,-49.077816761464064,-26.17593048605523,13.083765029907227,-1.6310667991638184,-1.773672103881836,6.780470371246338,-43.33887481689453,18.403390884399414
2026-04-02 13:04:44.839,2023.845350159,668918688,left_foot,左脚,D4:22:CD:00:84:61,0.03940649703145027,0.8744167685508728,-0.1817408949136734,0.44812047481536865,-171.02941211405744,-52.94070246374162,-27.956306262426903,11.751642227172852,0.2882465720176697,-2.1337873935699463,14.85944938659668,118.71839904785156,17.272796630859375
2026-04-02 13:04:44.869,2023.875360419,668952022,left_foot,左脚,D4:22:CD:00:84:61,0.053674183785915375,0.8380752801895142,-0.18413753807544708,0.5107264518737793,-168.2697171234603,-61.14240440219988,-31.728765535585346,9.80019474029541,1.2740412950515747,-1.641611099243164,-12.02898120880127,252.22462463378906,16.64337921142578
2026-04-02 13:04:44.899,2023.905360767,668985356,left_foot,左脚,D4:22:CD:00:84:61,0.07342738658189774,0.785911500453949,-0.19146010279655457,0.583346962928772,-160.7197990364712,-70.91522645914924,-41.17781696201185,7.612021446228027,0.06882527470588684,-0.7534644603729248,-33.074432373046875,311.6007080078125,33.1357536315918
2026-04-02 13:04:44.959,2023.965359923,669018690,left_foot,左脚,D4:22:CD:00:84:61,0.08346900343894958,0.7313874959945679,-0.19697365164756775,0.6475383043289185,-137.9502539749889,-78.54644454348822,-65.04152902991997,3.5632402896881104,-1.722472906112671,1.4752962589263916,-9.340328216552734,287.5250549316406,47.18220138549805
