local_time,timestamp_us,input_source,phase,raw_phase,stride_rate_hz,cos_value,sin_value,window_size,total_rows,total_predictions
2026-04-02 13:03:44.719,608784152,左脚+右脚,0.7013874964166926,0.7013874964166926,1.278629183769226,-0.3217041790485382,-1.0202841758728027,27,27,1
2026-04-02 13:03:44.748,608817486,左脚+右脚,0.7439952012150731,0.6950775457027147,1.278231143951416,-0.36584851145744324,-1.017738938331604,27,28,2
2026-04-02 13:03:44.779,608850820,左脚+右脚,0.7865890817095087,0.66155194604819,1.2778164148330688,-0.663857638835907,-1.0689715147018433,27,29,3
2026-04-02 13:03:44.809,608884154,左脚+右脚,0.8277852769940343,0.6318737738778084,1.2358858585357666,-0.8927456736564636,-0.9733928442001343,27,30,4
2026-04-02 13:03:44.839,608917488,左脚+右脚,0.8678734537213292,0.6202415011672469,1.2026453018188477,-0.9512094259262085,-0.8959651589393616,27,31,5
2026-04-02 13:03:44.869,608950822,左脚+右脚,0.9080573634554193,0.6176159913368104,1.205517292022705,-0.9611808657646179,-0.8758886456489563,27,32,6
2026-04-02 13:03:44.898,608984156,左脚+右脚,0.9476748899866388,0.6102185066622625,1.1885257959365845,-0.9655374884605408,-0.8009974360466003,27,33,7
2026-04-02 13:03:44.929,609017490,左脚+右脚,0.9883572217076269,0.6372749308874763,1.2204699516296387,-0.7870775461196899,-0.9189148545265198,27,34,8
2026-04-02 13:03:45.019,609050824,左脚+右脚,0.023947357758804744,0.818030859406751,1.0677040815353394,0.546782374382019,-1.2002979516983032,27,35,9
2026-04-02 13:03:45.020,609084158,左脚+右脚,0.05496356450013775,0.9092591686717116,0.9304862022399902,1.3322457075119019,-0.8541935086250305,27,36,10
2026-04-02 13:03:45.049,609117492,左脚+右脚,0.08268292111647585,0.9244714873766755,0.8315806984901428,1.2230380773544312,-0.628293514251709,27,37,11
2026-04-02 13:03:45.079,609150826,左脚+右脚,0.10692221087706545,0.9920691953848613,0.727178692817688,1.1754132509231567,-0.058620210736989975,27,38,12
2026-04-02 13:03:45.109,609184160,左脚+右脚,0.13055344148855175,0.13055344148855175,0.748837947845459,0.9816124439239502,1.0526224374771118,27,39,13
2026-04-02 13:03:45.139,609217494,左脚+右脚,0.13914885506138408,0.13914885506138405,0.7876598834991455,1.1975185871124268,1.4318904876708984,27,40,14
2026-04-02 13:03:45.169,609250828,左脚+右脚,0.16614331389571432,0.14043701031573558,0.8098337650299072,1.2473020553588867,1.5161864757537842,27,41,15
2026-04-02 13:03:45.199,609284162,左脚+右脚,0.19306509479984843,0.14111250472528197,0.8076534271240234,1.2453796863555908,1.5270136594772339,27,42,16
2026-04-02 13:03:45.229,609317496,左脚+右脚,0.21950897758310242,0.1494689303992362,0.7933164834976196,1.1016520261764526,1.5057026147842407,27,43,17
2026-04-02 13:03:45.289,609350830,左脚+右脚,0.2460602083315969,0.16540140924959876,0.796536922454834,0.837182343006134,1.4237815141677856,27,44,18
2026-04-02 13:03:45.319,609384164,左脚+右脚,0.2728455343356252,0.20332094911419507,0.8035597801208496,0.39851582050323486,1.3195769786834717,27,45,19
2026-04-02 13:03:45.349,609417498,左脚+右脚,0.29686107223337094,0.2313622983591027,0.720466136932373,0.15889161825180054,1.3506324291229248,27,46,20
2026-04-02 13:03:45.379,609450832,左脚+右脚,0.31845385218764544,0.25820422699379764,0.6477833986282349,-0.07978281378746033,1.5463467836380005,27,47,21
2026-04-02 13:03:45.409,609484166,左脚+右脚,0.34707795366749367,0.1829131834182491,0.8587230443954468,0.7456579208374023,1.6629465818405151,27,48,22
2026-04-02 13:03:45.439,609517500,左脚+右脚,0.3782031097521901,0.16790911298706357,0.9337546825408936,0.8600155711174011,1.5168142318725586,27,49,23
2026-04-02 13:03:45.469,609550834,左脚+右脚,0.4124029356748382,0.1755668017346847,1.0259947776794434,0.6855258941650391,1.357348918914795,27,50,24
2026-04-02 13:03:45.499,609584168,左脚+右脚,0.4457309403529286,0.17550459674877836,0.9998401403427124,0.619101881980896,1.2246389389038086,27,51,25
2026-04-02 13:03:45.529,609617502,左脚+右脚,0.47173052812720534,0.1649932065868569,0.779987633228302,0.5028715133666992,0.8502264618873596,27,52,26
2026-04-02 13:03:45.589,609650836,左脚+右脚,0.49666725978359777,0.15728404294860504,0.7481019496917725,0.4610426723957062,0.6997992396354675,27,53,27
2026-04-02 13:03:45.618,609684170,左脚+右脚,0.5224061467757344,0.14579075006741837,0.7721666097640991,0.5547683238983154,0.7225877642631531,27,54,28
2026-04-02 13:03:45.649,609717504,左脚+右脚,0.5494901158919453,0.13613043778542108,0.8125190734863281,0.6119670271873474,0.704160213470459,27,55,29
2026-04-02 13:03:45.679,609750838,左脚+右脚,0.5774149436265746,0.1329350770753448,0.8377448320388794,0.6672958731651306,0.7373880743980408,27,56,30
2026-04-02 13:03:45.709,609784172,左脚+右脚,0.6065332590053996,0.12062142969114592,0.8735494613647461,0.7856816053390503,0.7435984015464783,27,57,31
2026-04-02 13:03:45.744,609817506,左脚+右脚,0.6527374802540262,0.10417842691806141,0.9240844249725342,0.9971320629119873,0.765243411064148,27,58,32
2026-04-02 13:03:45.769,609850840,左脚+右脚,0.7007130263756235,0.08683675574150782,0.9595109224319458,1.2398008108139038,0.752662181854248,27,59,33
2026-04-02 13:03:45.829,609884174,左脚+右脚,0.7499018906067331,0.05278827208628248,0.9837772846221924,1.4740216732025146,0.5076550841331482,27,60,34
2026-04-02 13:03:45.830,609917508,左脚+右脚,0.7942622838924844,0.9273978215154266,0.8872078657150269,0.8312150835990906,-0.40786999464035034,27,61,35
2026-04-02 13:03:45.889,609950842,左脚+右脚,0.8323449669788797,0.8882666863018924,0.7616536617279053,0.5756283402442932,-0.48685699701309204,27,62,36
2026-04-02 13:03:45.919,609984176,左脚+右脚,0.8739361165474374,0.9015629937216671,0.8318229913711548,0.6556748151779175,-0.4666069447994232,27,63,37
2026-04-02 13:03:45.949,610017510,左脚+右脚,0.9017606535067677,0.8375402096702413,0.8347361087799072,0.33624404668807983,-0.5483893752098083,27,64,38
2026-04-02 13:03:45.979,610050844,左脚+右脚,0.9267590402077158,0.8139395268352396,0.7499516010284424,0.25687170028686523,-0.6046168804168701,27,65,39
2026-04-02 13:03:46.009,610084178,左脚+右脚,0.9492925324549795,0.7933518579816659,0.6760047674179077,0.20972594618797302,-0.7508165240287781,27,66,40
2026-04-02 13:03:46.039,610117512,左脚+右脚,0.9701818206420064,0.7693053518941595,0.6266786456108093,0.10960587859153748,-0.8991640210151672,27,67,41
2026-04-02 13:03:46.070,610150846,左脚+右脚,0.9886059560885548,0.7586886830833349,0.5527240633964539,0.05765858665108681,-1.0551116466522217,27,68,42
2026-04-02 13:03:46.099,610184180,左脚+右脚,0.006504444133293541,0.7548658317720792,0.5369546413421631,0.032494161278009415,-1.0625100135803223,27,69,43
2026-04-02 13:03:46.129,610217514,左脚+右脚,0.024553263039441817,0.7458626696561613,0.5414645671844482,-0.027509000152349472,-1.057978630065918,27,70,44
2026-04-02 13:03:46.189,610250848,左脚+右脚,0.04346913879220875,0.743264070865825,0.5674762725830078,-0.042015399783849716,-0.9921371340751648,27,71,45
2026-04-02 13:03:46.219,610284182,左脚+右脚,0.06333268270001005,0.784165923791844,0.5959063172340393,0.18562167882919312,-0.8513569831848145,27,72,46
2026-04-02 13:03:46.249,610317516,左脚+右脚,0.0900081911196827,0.920520885758354,0.8002652525901794,1.1863689422607422,-0.6471646428108215,27,73,47
2026-04-02 13:03:46.279,610350850,左脚+右脚,0.11424451256896248,0.9568391677601192,0.7270896434783936,1.5393259525299072,-0.4279896020889282,27,74,48
2026-04-02 13:03:46.308,610384184,左脚+右脚,0.13798866257175993,0.9483358224416524,0.7123245000839233,1.2742376327514648,-0.4288061559200287,27,75,49
2026-04-02 13:03:46.339,610417518,左脚+右脚,0.15918919230605355,0.9705030665264817,0.6360158920288086,1.1346853971481323,-0.21273794770240784,27,76,50
2026-04-02 13:03:46.369,610450852,左脚+右脚,0.17823628172382902,0.09814274273819529,0.5714126825332642,0.5551892518997192,0.3935526907444,27,77,51
2026-04-02 13:03:46.399,610484186,左脚+右脚,0.2008979648487811,0.20089796484878109,0.6359660029411316,0.28176406025886536,0.884122908115387,27,78,52
2026-04-02 13:03:46.429,610517520,左脚+右脚,0.22845917262738638,0.2284591726273864,0.6855052709579468,0.1682313084602356,1.2353821992874146,27,79,53
2026-04-02 13:03:46.489,610550854,左脚+右脚,0.2516713750174214,0.22929980040656184,0.6963660717010498,0.18465512990951538,1.4117193222045898,27,80,54
2026-04-02 13:03:46.519,610584188,左脚+右脚,0.27459888575579416,0.23593198420313805,0.6878253221511841,0.13260701298713684,1.4963067770004272,27,81,55
2026-04-02 13:03:46.549,610617522,左脚+右脚,0.297712684850948,0.2551988579592843,0.6934139728546143,-0.04447254166007042,1.3609733581542969,27,82,56
2026-04-02 13:03:46.579,610650856,左脚+右脚,0.3209349405577351,0.25159088072738717,0.6966676712036133,-0.0123058520257473,1.2310614585876465,27,83,57
2026-04-02 13:03:46.609,610684190,左脚+右脚,0.3421577306400308,0.2516297690369896,0.6366837024688721,-0.013768639415502548,1.3445281982421875,27,84,58
2026-04-02 13:03:46.639,610717524,左脚+右脚,0.3641690464626321,0.24022616494798862,0.6603394746780396,0.08617767691612244,1.4015334844589233,27,85,59
2026-04-02 13:03:46.669,610750858,左脚+右脚,0.3911407919536599,0.17930987905365922,0.809152364730835,0.650089681148529,1.3661035299301147,27,86,60
2026-04-02 13:03:46.699,610784192,左脚+右脚,0.42154865382220036,0.17048280680603597,0.9122358560562134,0.7035039663314819,1.2889153957366943,27,87,61
2026-04-02 13:03:46.729,610817526,左脚+右脚,0.45392704127337224,0.18040580732736505,0.9713516235351562,0.5803093314170837,1.2414264678955078,27,88,62
2026-04-02 13:03:46.789,610850860,左脚+右脚,0.48444695590044745,0.17107972029161395,0.9155974388122559,0.6339552402496338,1.1719231605529785,27,89,63
2026-04-02 13:03:46.819,610884194,左脚+右脚,0.511367681802369,0.183311458767597,0.8076217770576477,0.39836159348487854,0.8944039344787598,27,90,64
2026-04-02 13:03:46.849,610917528,左脚+右脚,0.5358644437601734,0.17833138859763983,0.7349028587341309,0.33344581723213196,0.6897442936897278,27,91,65
2026-04-02 13:03:46.879,610950862,左脚+右脚,0.5611212682535816,0.17087986518874612,0.7577047348022461,0.3597414195537567,0.6630234718322754,27,92,66
2026-04-02 13:03:46.909,610984196,左脚+右脚,0.590062822084682,0.13803337655811518,0.8682466149330139,0.5897273421287537,0.695186197757721,27,93,67
2026-04-02 13:03:46.939,611017530,左脚+右脚,0.620886644900895,0.12040593825110914,0.9247146844863892,0.7781512141227722,0.7344765663146973,27,94,68
2026-04-02 13:03:46.969,611050864,左脚+右脚,0.6696386070858009,0.09547430843620748,0.9750392436981201,1.001659870147705,0.6851000189781189,27,95,69
2026-04-02 13:03:46.999,611084198,左脚+右脚,0.7237906904827125,0.07337247656833246,1.0830416679382324,1.0542933940887451,0.5236790180206299,27,96,70
2026-04-02 13:03:47.029,611117532,左脚+右脚,0.7788426430831916,0.0500540722612105,1.1010390520095825,1.1285161972045898,0.3671010732650757,27,97,71
2026-04-02 13:03:47.089,611150866,左脚+右脚,0.8334929736267097,0.9883358883754696,1.0930066108703613,1.100682020187378,-0.0808112695813179,27,98,72
2026-04-02 13:03:47.119,611184200,左脚+右脚,0.8762412520824288,0.8762412520824288,1.073832631111145,0.6058535575866699,-0.5964763760566711,27,99,73
2026-04-02 13:03:47.149,611217534,左脚+右脚,0.9102233660795703,0.8019275911474008,1.0194634199142456,0.22977307438850403,-0.6790720820426941,27,100,74
2026-04-02 13:03:47.179,611250868,左脚+右脚,0.9454865110495105,0.7875747454916078,1.0578943490982056,0.1625339835882187,-0.6756048202514648,27,101,75
2026-04-02 13:03:47.209,611284202,左脚+右脚,0.982365140575013,0.7386162866773143,1.1063588857650757,-0.04979146644473076,-0.6949436664581299,27,102,76
2026-04-02 13:03:47.239,611317536,左脚+右脚,0.0204480183699145,0.7025472029221143,1.142486333847046,-0.22838009893894196,-0.7431452870368958,27,103,77
2026-04-02 13:03:47.299,611350870,左脚+右脚,0.05762273198151728,0.7087368561852265,1.1152414083480835,-0.18311233818531036,-0.6903814077377319,27,104,78
2026-04-02 13:03:47.299,611384204,左脚+右脚,0.09042505150818964,0.7763325457265806,0.9840695858001709,0.1070697009563446,-0.6412177085876465,27,105,79
2026-04-02 13:03:47.329,611417538,左脚+右脚,0.1237718594648852,0.6181001422658534,1.0004042387008667,-0.7641454935073853,-0.700604259967804,27,106,80
2026-04-02 13:03:47.389,611450872,左脚+右脚,0.17239862805390496,0.5965549851017815,0.9725353717803955,-0.8688096404075623,-0.602934718132019,27,107,81
2026-04-02 13:03:47.419,611484206,左脚+右脚,0.2208774638750567,0.5856174849806368,0.9695767164230347,-0.9396343231201172,-0.5606301426887512,27,108,82
2026-04-02 13:03:47.449,611517540,左脚+右脚,0.25529642031375704,0.7921868809725775,1.0325686931610107,0.28092730045318604,-1.0348924398422241,27,109,83
2026-04-02 13:03:47.479,611550874,左脚+右脚,0.2867287747639829,0.8896023122574905,0.9429706335067749,0.8887341022491455,-0.738973081111908,27,110,84
2026-04-02 13:03:47.509,611584208,左脚+右脚,0.3168251348116412,0.9317188412091063,0.9028908014297485,1.2891439199447632,-0.5897050499916077,27,111,85
2026-04-02 13:03:47.539,611617542,左脚+右脚,0.34441139624301736,0.937576375788378,0.8275878429412842,1.2273876667022705,-0.5077106952667236,27,112,86
2026-04-02 13:03:47.569,611650876,左脚+右脚,0.3697871280291095,0.9710264469558745,0.7612719535827637,0.9741554260253906,-0.17932669818401337,27,113,87
2026-04-02 13:03:47.629,611684210,左脚+右脚,0.39289001550062647,0.14358295024463322,0.6930866241455078,0.7288675308227539,0.9225707054138184,27,114,88
2026-04-02 13:03:47.629,611717544,左脚+右脚,0.4201031637766376,0.15227244317135497,0.8163944482803345,0.9977343082427979,1.415326476097107,27,115,89
2026-04-02 13:03:47.720,611750878,左脚+右脚,0.44721111780190614,0.1515661285530163,0.8132386207580566,1.1379796266555786,1.5991525650024414,27,116,90
2026-04-02 13:03:47.721,611784212,左脚+右脚,0.4742161902366494,0.15399448526056164,0.8101521730422974,1.1641862392425537,1.6899818181991577,27,117,91
2026-04-02 13:03:47.749,611817546,左脚+右脚,0.5007004611272032,0.1629199255527113,0.7945281267166138,1.0561392307281494,1.7337138652801514,27,118,92
2026-04-02 13:03:47.779,611850880,左脚+右脚,0.5288219206113036,0.1720106268085311,0.8436437845230103,0.7540597319602966,1.4136428833007812,27,119,93
2026-04-02 13:03:47.809,611884214,左脚+右脚,0.5552984667398945,0.2060109498390771,0.794296383857727,0.390063613653183,1.3751517534255981,27,120,94
2026-04-02 13:03:47.839,611917548,左脚+右脚,0.580135533469758,0.2576975119771877,0.7451120018959045,-0.07088640332221985,1.464515209197998,27,121,95
2026-04-02 13:03:47.869,611950882,左脚+右脚,0.6053524427193816,0.18781565969514294,0.7565072774887085,0.669391393661499,1.6251630783081055,27,122,96
2026-04-02 13:03:47.899,611984216,左脚+右脚,0.6351594381112273,0.17218821743957236,0.8942098617553711,0.7387845516204834,1.3887357711791992,27,123,97
2026-04-02 13:03:47.929,612017550,左脚+右脚,0.6679312082706308,0.1717699638871638,0.9831531047821045,0.7628535032272339,1.4249356985092163,27,124,98
2026-04-02 13:03:48.022,612050884,左脚+右脚,0.7176751586376047,0.16601663885768234,0.9948790073394775,0.8286337852478027,1.4217934608459473,27,125,99
2026-04-02 13:03:48.022,612084218,左脚+右脚,0.7628672512946939,0.16954643841711445,0.9038418531417847,0.7263489961624146,1.3123509883880615,27,126,100
2026-04-02 13:03:48.052,612117552,左脚+右脚,0.8012479218421793,0.1810553750439011,0.767613410949707,0.3952416479587555,0.8545951843261719,27,127,101
2026-04-02 13:03:48.079,612150886,左脚+右脚,0.8371747764526224,0.1783423664111462,0.7185370922088623,0.36378905177116394,0.752642810344696,27,128,102
2026-04-02 13:03:48.109,612184220,左脚+右脚,0.8778332444606638,0.15155582718360477,0.8131693601608276,0.6124728918075562,0.8605632185935974,27,129,103
2026-04-02 13:03:48.139,612217554,左脚+右脚,0.924659231561265,0.16161809644082412,0.9365197420120239,0.452645868062973,0.7295458316802979,27,130,104
2026-04-02 13:03:48.169,612250888,左脚+右脚,0.9736903520999765,0.15442205911684054,0.980622410774231,0.5004618763923645,0.7306856513023376,27,131,105
2026-04-02 13:03:48.198,612284222,左脚+右脚,0.021863749879441174,0.12911922104411713,0.9634679555892944,0.8021160960197449,0.8447495102882385,27,132,106
2026-04-02 13:03:48.228,612317556,左脚+右脚,0.07369809474333278,0.10387179693544606,1.036686897277832,0.9843734502792358,0.7524428367614746,27,133,107
2026-04-02 13:03:48.289,612350890,左脚+右脚,0.10950583940529973,0.062393214753257036,1.0742323398590088,1.223761796951294,0.5059370398521423,27,134,108
2026-04-02 13:03:48.348,612384224,左脚+右脚,0.14314888642017196,0.9712819451765692,1.009291410446167,0.8173685073852539,-0.14910846948623657,27,135,109
2026-04-02 13:03:48.349,612417558,左脚+右脚,0.17262008911156804,0.8742855856562688,0.8841360807418823,0.38833972811698914,-0.3918418288230896,27,136,110
2026-04-02 13:03:48.379,612450892,左脚+右脚,0.2006077421286121,0.8551308580589219,0.839629590511322,0.42545783519744873,-0.5475667119026184,27,137,111
2026-04-02 13:03:48.409,612484226,左脚+右脚,0.22968959535940636,0.8062613531608864,0.8724555969238281,0.2576870322227478,-0.6983378529548645,27,138,112
2026-04-02 13:03:48.439,612517560,左脚+右脚,0.2611268890478626,0.8221232270556742,0.9431188106536865,0.2843348979949951,-0.5838944315910339,27,139,113
2026-04-02 13:03:48.469,612550894,左脚+右脚,0.29269321487132854,0.7697116360393506,0.9469897747039795,0.07045286893844604,-0.5659363269805908,27,140,114
2026-04-02 13:03:48.499,612584228,左脚+右脚,0.3213706784028227,0.7948912661547207,0.8603239059448242,0.16359777748584747,-0.5645465850830078,27,141,115
2026-04-02 13:03:48.529,612617562,左脚+右脚,0.36719717905704324,0.682623390026786,0.9165300130844116,-0.29912063479423523,-0.6638505458831787,27,142,116
2026-04-02 13:03:48.592,612650896,左脚+右脚,0.3930567455866351,0.871083547100677,0.7757869958877563,0.4989617168903351,-0.5241431593894958,27,143,117
2026-04-02 13:03:48.619,612684230,左脚+右脚,0.44476489549660825,0.8818093187029217,1.034162998199463,1.3063923120498657,-1.1991300582885742,27,144,118
2026-04-02 13:03:48.649,612717564,左脚+右脚,0.4920632494070544,0.9137696285942083,0.9459670782089233,1.3509365320205688,-0.8131029605865479,27,145,119
2026-04-02 13:03:48.679,612750898,左脚+右脚,0.5402555955030932,0.9492640716541851,0.9638469219207764,1.6469942331314087,-0.543573260307312,27,146,120
2026-04-02 13:03:48.709,612784232,左脚+右脚,0.5841793042995944,0.9711912842384651,0.8784741759300232,1.5724674463272095,-0.28778305649757385,27,147,121
2026-04-02 13:03:48.740,612817566,左脚+右脚,0.6252631050922886,0.017017157381060757,0.8216760158538818,1.4054069519042969,0.15084412693977356,27,148,122
2026-04-02 13:03:48.769,612850900,左脚+右脚,0.6487052343863661,0.1701045559910753,0.7032638788223267,0.6507942080497742,1.1856346130371094,27,149,123
2026-04-02 13:03:48.799,612884234,左脚+右脚,0.6751328133124525,0.18182062695108728,0.7928273677825928,0.7589954137802124,1.6620357036590576,27,150,124
2026-04-02 13:03:48.829,612917568,左脚+右脚,0.7033372186202222,0.18039709726729306,0.8461321592330933,0.8508094549179077,1.8198341131210327,27,151,125
2026-04-02 13:03:48.889,612950902,左脚+右脚,0.7439609728831464,0.19018186785358168,0.8124750852584839,0.7342668771743774,1.8607559204101562,27,152,126
2026-04-02 13:03:48.919,612984236,左脚+右脚,0.7856656752604658,0.2111476805194985,0.8340940475463867,0.42677173018455505,1.7133649587631226,27,153,127
2026-04-02 13:03:48.949,613017570,左脚+右脚,0.8263242624777968,0.2168443217630771,0.8131717443466187,0.36140570044517517,1.709661841392517,27,154,128
2026-04-02 13:03:48.979,613050904,左脚+右脚,0.8644878350276167,0.23397208483783966,0.7632714509963989,0.1607481837272644,1.5908070802688599,27,155,129
2026-04-02 13:03:49.009,613084238,左脚+右脚,0.8955679319876845,0.243598777354943,0.621601939201355,0.08574268221855164,2.1306886672973633,27,156,130
2026-04-02 13:03:49.039,613117572,左脚+右脚,0.936711587764662,0.1470076933278353,0.8228731155395508,1.3467373847961426,1.7821776866912842,27,157,131
2026-04-02 13:03:49.069,613150906,左脚+右脚,0.9868972979563887,0.16107314239763387,1.0037142038345337,1.0699595212936401,1.7113845348358154,27,158,132
2026-04-02 13:03:49.099,613184240,左脚+右脚,0.0395247899073774,0.16815458907944156,1.0525498390197754,1.022278904914856,1.8094980716705322,27,159,133
2026-04-02 13:03:49.129,613217574,左脚+右脚,0.09156335816566293,0.16235683280107108,1.0407713651657104,1.0631921291351318,1.7314738035202026,27,160,134
2026-04-02 13:03:49.189,613250908,左脚+右脚,0.1389365933913404,0.16920659617752362,0.9474647045135498,0.8665672540664673,1.5578336715698242,27,161,135
2026-04-02 13:03:49.219,613284242,左脚+右脚,0.1760467074889356,0.19162981187367123,0.7422022819519043,0.38742199540138245,1.008570671081543,27,162,136
2026-04-02 13:03:49.249,613317576,左脚+右脚,0.20236341780209682,0.14920615591451153,0.7895013093948364,0.7112435102462769,0.9687443971633911,27,163,137
2026-04-02 13:03:49.280,613350910,左脚+右脚,0.23097963160061977,0.13333603231752633,0.8584864139556885,0.8787288069725037,0.9759604930877686,27,164,138
2026-04-02 13:03:49.309,613384244,左脚+右脚,0.26168128476325814,0.12136815029530554,0.9210495948791504,1.0517505407333374,1.004812479019165,27,165,139
2026-04-02 13:03:49.339,613417578,左脚+右脚,0.2946296595114881,0.1122180566952706,0.9884512424468994,1.271244764328003,1.0818567276000977,27,166,140
2026-04-02 13:03:49.369,613450912,左脚+右脚,0.3297364257353956,0.10417458000079298,1.0532029867172241,1.3795355558395386,1.0586638450622559,27,167,141
2026-04-02 13:03:49.399,613484246,左脚+右脚,0.36592818722907844,0.07942310639864845,1.0857528448104858,1.506241798400879,0.8209677338600159,27,168,142
2026-04-02 13:03:49.459,613517580,左脚+右脚,0.402004339553755,0.05887975328788855,1.0822845697402954,1.5019311904907227,0.5824615359306335,27,169,143
2026-04-02 13:03:49.489,613550914,左脚+右脚,0.4373016300378655,0.9396351856597724,1.0589187145233154,0.6604993343353271,-0.26326310634613037,27,170,144
2026-04-02 13:03:49.519,613584248,左脚+右脚,0.4852010967908715,0.8739867765751783,0.9579893350601196,0.5649473667144775,-0.5721867680549622,27,171,145
2026-04-02 13:03:49.549,613617582,左脚+右脚,0.5328798475442742,0.8428759245404346,0.9535750150680542,0.48289933800697327,-0.7313734889030457,27,172,146
2026-04-02 13:03:49.579,613650916,左脚+右脚,0.5859035077272271,0.7949689501660364,1.0604732036590576,0.2330469787120819,-0.8027374744415283,27,173,147
2026-04-02 13:03:49.609,613684250,左脚+右脚,0.6413569750963067,0.7645232271562848,1.1090693473815918,0.07780084013938904,-0.8502242565155029,27,174,148
2026-04-02 13:03:49.639,613717584,左脚+右脚,0.6930212559877252,0.8083670191719831,1.0332856178283691,0.23427432775497437,-0.6099196076393127,27,175,149
2026-04-02 13:03:49.669,613750918,左脚+右脚,0.7268594605305211,0.6296094751964338,1.0151461362838745,-0.719088077545166,-0.7619954943656921,27,176,150
2026-04-02 13:03:49.699,613784252,左脚+右脚,0.760215988017958,0.6066896118028369,1.000695824623108,-0.8439729809761047,-0.6691228747367859,27,177,151
2026-04-02 13:03:49.729,613817586,左脚+右脚,0.7988457883301798,0.7988457883301798,1.142255425453186,0.3707384765148163,-1.1698148250579834,27,178,152
2026-04-02 13:03:49.789,613850920,左脚+右脚,0.8512055362168376,0.8796273890782603,1.0471949577331543,0.9560989141464233,-0.9020582437515259,27,179,153
2026-04-02 13:03:49.819,613884254,左脚+右脚,0.9009618068638865,0.9375829950187584,0.995125412940979,1.5563709735870361,-0.6437193155288696,27,180,154
2026-04-02 13:03:49.849,613917588,左脚+右脚,0.9477256710234705,0.9742098614732728,0.9352772831916809,1.6497944593429565,-0.2697044610977173,27,181,155
2026-04-02 13:03:49.879,613950922,左脚+右脚,0.9923575753871027,0.997605153787002,0.892638087272644,1.7149465084075928,-0.025807198137044907,27,182,156
2026-04-02 13:03:49.909,613984256,左脚+右脚,0.0314830596152369,0.08321639222105846,0.7825096845626831,0.9185250401496887,0.5294111967086792,27,183,157
2026-04-02 13:03:49.939,614017590,左脚+右脚,0.06770170280371346,0.15036676628090878,0.7243728637695312,1.0769517421722412,1.4895031452178955,27,184,158
2026-04-02 13:03:49.969,614050924,左脚+右脚,0.10808500000868478,0.16177874738536258,0.8076659440994263,1.179958462715149,1.906074047088623,27,185,159
2026-04-02 13:03:49.998,614084258,左脚+右脚,0.1485520953837458,0.1535185909960397,0.8093419075012207,1.3744922876358032,1.9825555086135864,27,186,160
2026-04-02 13:03:50.029,614117592,左脚+右脚,0.16344229998955528,0.1634422999895553,0.8074408769607544,1.211132287979126,2.002910614013672,27,187,161
2026-04-02 13:03:50.088,614150926,左脚+右脚,0.1781301609055872,0.1781301609055872,0.8137582540512085,0.9802802801132202,2.0212182998657227,27,188,162
2026-04-02 13:03:50.119,614184260,左脚+右脚,0.19438158848712705,0.19438158848712703,0.7969862222671509,0.6626363396644592,1.8183436393737793,27,189,163
2026-04-02 13:03:50.148,614217594,左脚+右脚,0.22151685450394332,0.22151685450394332,0.7361166477203369,0.3131960928440094,1.731318473815918,27,190,164
2026-04-02 13:03:50.178,614250928,左脚+右脚,0.25082768096446373,0.18531002542346167,0.8793247938156128,0.8376917839050293,1.9461839199066162,27,191,165
2026-04-02 13:03:50.210,614284262,左脚+右脚,0.2827531168254155,0.1683797550918622,0.9577630758285522,0.9922785758972168,1.7622123956680298,27,192,166
2026-04-02 13:03:50.239,614317596,左脚+右脚,0.3150495002063054,0.15792359142951173,0.9688915014266968,1.1493635177612305,1.759928584098816,27,193,167
2026-04-02 13:03:50.269,614350930,左脚+右脚,0.35007574452876433,0.16924142379841176,1.050787329673767,1.007839322090149,1.8127330541610718,27,194,168
2026-04-02 13:03:50.298,614384264,左脚+右脚,0.38256897423584646,0.16576307083048278,0.9747968912124634,1.0275821685791016,1.7567152976989746,27,195,169
2026-04-02 13:03:50.329,614417598,左脚+右脚,0.41232957734584197,0.1713501829446733,0.8928180932998657,0.7771761417388916,1.4425321817398071,27,196,170
2026-04-02 13:03:50.389,614450932,左脚+右脚,0.4394120444250046,0.1641640090799636,0.8124740123748779,0.679384708404541,1.1351261138916016,27,197,171
2026-04-02 13:03:50.419,614484266,左脚+右脚,0.46640763177394257,0.15351373823671383,0.8098676204681396,0.8119198083877563,1.1710296869277954,27,198,172
2026-04-02 13:03:50.449,614517600,左脚+右脚,0.4946742802254298,0.14225127131302778,0.8479994535446167,0.9701375961303711,1.2070589065551758,27,199,173
2026-04-02 13:03:50.479,614550934,左脚+右脚,0.5249339371315578,0.13391501009794665,0.9077897071838379,1.1158382892608643,1.2484095096588135,27,200,174
2026-04-02 13:03:50.509,614584268,左脚+右脚,0.5577759533516505,0.12228520594919784,0.9852604866027832,1.316896915435791,1.2727200984954834,27,201,175
2026-04-02 13:03:50.539,614617602,左脚+右脚,0.5923664877208014,0.10823939140369647,1.037716031074524,1.4365938901901245,1.1619274616241455,27,202,176
2026-04-02 13:03:50.568,614650936,左脚+右脚,0.6456539521010657,0.0802262056642013,1.0657492876052856,1.549553632736206,0.854744553565979,27,203,177
2026-04-02 13:03:50.599,614684270,左脚+右脚,0.6984385916980048,0.018046624154737692,1.0556927919387817,0.9886510372161865,0.1125863566994667,27,204,178
2026-04-02 13:03:50.629,614717604,左脚+右脚,0.7484452912600775,0.8947802964863064,1.000133991241455,0.4374977946281433,-0.3403264284133911,27,205,179
2026-04-02 13:03:50.689,614750938,左脚+右脚,0.7956327447684546,0.8779733933721472,0.9437490701675415,0.5562984347343445,-0.5358913540840149,27,206,180
2026-04-02 13:03:50.719,614784272,左脚+右脚,0.8228815434436173,0.8228815434436173,0.9739882946014404,0.33232709765434265,-0.6742677688598633,27,207,181
2026-04-02 13:03:50.749,614817606,左脚+右脚,0.8590275166491838,0.7734761234810579,1.0843791961669922,0.1157488226890564,-0.7790126204490662,27,208,182
2026-04-02 13:03:50.808,614850940,左脚+右脚,0.8962539035141638,0.7091363574108024,1.1167916059494019,-0.25694793462753296,-0.9786679148674011,27,209,183
2026-04-02 13:03:50.809,614884274,左脚+右脚,0.9328587013542822,0.6351904365792231,1.0981439352035522,-0.7624571919441223,-0.8669268488883972,27,210,184
2026-04-02 13:03:50.868,614917608,左脚+右脚,0.972973966405806,0.833166933432843,1.2034579515457153,0.8504583239555359,-1.476600170135498,27,211,185
2026-04-02 13:03:50.869,614950942,左脚+右脚,0.009297728345808443,0.877690272663163,1.0897128582000732,1.1436097621917725,-1.1055868864059448,27,212,186
2026-04-02 13:03:50.898,614984276,左脚+右脚,0.04433740755519972,0.9271372200755974,1.0511903762817383,1.5576263666152954,-0.7674807906150818,27,213,187
2026-04-02 13:03:50.929,615017610,左脚+右脚,0.07806175927918857,0.9510842144620484,1.0117305517196655,1.760669231414795,-0.5588446855545044,27,214,188
2026-04-02 13:03:50.989,615050944,左脚+右脚,0.1093195555667252,0.01595904192000503,0.9377338886260986,1.742590308189392,0.17532384395599365,27,215,189
2026-04-02 13:03:51.019,615084278,左脚+右脚,0.14703404288094946,0.15663343234494415,0.7542897462844849,0.9072393178939819,1.3648865222930908,27,216,190
2026-04-02 13:03:51.049,615117612,左脚+右脚,0.17221126735808162,0.14676614748568925,0.7553167343139648,1.5251667499542236,2.0119431018829346,27,217,191
2026-04-02 13:03:51.078,615150946,左脚+右脚,0.199400204227385,0.146730631408806,0.8156681060791016,1.6121530532836914,2.125706672668457,27,218,192
2026-04-02 13:03:51.108,615184280,左脚+右脚,0.22706423779926407,0.15437745463779542,0.8299210071563721,1.478517770767212,2.157372236251831,27,219,193
2026-04-02 13:03:51.139,615217614,左脚+右脚,0.256079846427855,0.16094690512783258,0.870468258857727,1.3502769470214844,2.155941963195801,27,220,194
2026-04-02 13:03:51.169,615250948,左脚+右脚,0.283749991462645,0.1643708725490004,0.8301043510437012,1.2999963760375977,2.178473949432373,27,221,195
2026-04-02 13:03:51.198,615284282,左脚+右脚,0.31008017639916846,0.17658613654823874,0.7899055480957031,1.1028034687042236,2.218763589859009,27,222,196
2026-04-02 13:03:51.228,615317616,左脚+右脚,0.3354100761870713,0.20096371286453055,0.759896993637085,0.6430952548980713,2.0207977294921875,27,223,197
2026-04-02 13:03:51.289,615350950,左脚+右脚,0.3707417784194321,0.15826812634444373,1.0599510669708252,1.3062268495559692,2.0096099376678467,27,224,198
2026-04-02 13:03:51.318,615384284,左脚+右脚,0.408049680596607,0.14916580080786226,1.1192370653152466,1.5081628561019897,2.053091526031494,27,225,199
2026-04-02 13:03:51.348,615417618,左脚+右脚,0.44475271483860124,0.14549347075231003,1.1010910272598267,1.5622340440750122,2.026966094970703,27,226,200
2026-04-02 13:03:51.378,615450952,左脚+右脚,0.4841867226422003,0.15495573091391476,1.1830202341079712,1.409812569618225,2.073235511779785,27,227,201
2026-04-02 13:03:51.409,615484286,左脚+右脚,0.5224513588408799,0.16253970524243475,1.1479390859603882,1.3343473672866821,2.1786768436431885,27,228,202
2026-04-02 13:03:51.438,615517620,左脚+右脚,0.5550708470801682,0.15498570398297692,0.9785846471786499,1.1788790225982666,1.7343326807022095,27,229,203
2026-04-02 13:03:51.469,615550954,左脚+右脚,0.5849941430548996,0.1519496338035061,0.8976988792419434,1.217054843902588,1.719027042388916,27,230,204
2026-04-02 13:03:51.499,615584288,左脚+右脚,0.6157683748066595,0.151109970681647,0.9232269525527954,1.2383832931518555,1.7297292947769165,27,231,205
2026-04-02 13:03:51.559,615617622,左脚+右脚,0.6484622536162705,0.14503817087693305,0.9808163642883301,1.3062872886657715,1.6848896741867065,27,232,206
2026-04-02 13:03:51.591,615650956,左脚+右脚,0.6988688347796769,0.13559802759095904,1.0081316232681274,1.49970281124115,1.7140194177627563,27,233,207
2026-04-02 13:03:51.619,615684290,左脚+右脚,0.7535404978255601,0.12001983770783885,1.0934332609176636,1.7548338174819946,1.6483103036880493,27,234,208
2026-04-02 13:03:51.648,615717624,左脚+右脚,0.8086642382602067,0.10104354413535468,1.1024748086929321,1.9583866596221924,1.4425642490386963,27,235,209
2026-04-02 13:03:51.678,615750958,左脚+右脚,0.8641220865706774,0.0990179049398234,1.1091569662094116,2.026902198791504,1.453606128692627,27,236,210
2026-04-02 13:03:51.708,615784292,左脚+右脚,0.9219112155894609,0.9951094661346404,1.1557825803756714,0.7362582683563232,-0.0226309634745121,27,237,211
2026-04-02 13:03:51.739,615817626,左脚+右脚,0.93964470683277,0.93964470683277,1.0999642610549927,0.7864092588424683,-0.3133940100669861,27,238,212
2026-04-02 13:03:51.769,615850960,左脚+右脚,0.9804384555294151,0.8260985228194685,1.223812460899353,0.9630930423736572,-1.8583545684814453,27,239,213
2026-04-02 13:03:51.798,615884294,左脚+右脚,0.025386238681677442,0.8192264304256509,1.348433494567871,0.8909400105476379,-1.917480230331421,27,240,214
2026-04-02 13:03:51.829,615917628,左脚+右脚,0.06605389176547871,0.8225913950222724,1.220029592514038,0.8834429979324341,-1.8007134199142456,27,241,215
2026-04-02 13:03:51.889,615950962,左脚+右脚,0.10472056526681131,0.866419575253187,1.160000205039978,1.1412591934204102,-1.2714608907699585,27,242,216
2026-04-02 13:03:51.918,615984296,左脚+右脚,0.13871199745675272,0.9703187020836138,1.0197429656982422,1.7106512784957886,-0.32277536392211914,27,243,217
2026-04-02 13:03:51.978,616017630,左脚+右脚,0.16815868674457418,0.043073567108907834,0.8834006786346436,1.3463784456253052,0.37354788184165955,27,244,218
2026-04-02 13:03:51.979,616050964,左脚+右脚,0.19527471521238832,0.14548832207642654,0.8134808540344238,1.1243938207626343,1.4587799310684204,27,245,219
2026-04-02 13:03:52.008,616084298,左脚+右脚,0.22432885228336202,0.15801002208616324,0.8716241121292114,1.2145252227783203,1.8619133234024048,27,246,220
2026-04-02 13:03:52.038,616117632,左脚+右脚,0.2540882354849611,0.15745926734126764,0.8927814960479736,1.348571538925171,2.0518593788146973,27,247,221
2026-04-02 13:03:52.068,616150966,左脚+右脚,0.28466828722497173,0.16500302111054543,0.9174015522003174,1.28408944606781,2.1713707447052,27,248,222
2026-04-02 13:03:52.098,616184300,左脚+右脚,0.3135151233150596,0.17400593014399546,0.8654050827026367,1.1965065002441406,2.312455654144287,27,249,223
2026-04-02 13:03:52.128,616217634,左脚+右脚,0.34160616853575254,0.20097078064967544,0.8427313566207886,0.743319571018219,2.3360915184020996,27,250,224
2026-04-02 13:03:52.189,616250968,左脚+右脚,0.36730000236372495,0.21669982967554186,0.7708150148391724,0.4932120144367218,2.3227598667144775,27,251,225
2026-04-02 13:03:52.219,616284302,左脚+右脚,0.4012658403191998,0.15647507985681292,1.0189751386642456,1.2803969383239746,1.922128438949585,27,252,226
2026-04-02 13:03:52.248,616317636,左脚+右脚,0.4395939038072064,0.14112932713161017,1.1498419046401978,1.635782241821289,2.006135940551758,27,253,227
2026-04-02 13:03:52.278,616350970,左脚+右脚,0.47870560942829,0.1410618621423001,1.1733511686325073,1.6082792282104492,1.9706997871398926,27,254,228
2026-04-02 13:03:52.308,616384304,左脚+右脚,0.5208306358132794,0.14158679844881902,1.2637507915496826,1.5345909595489502,1.8931187391281128,27,255,229
2026-04-02 13:03:52.338,616417638,左脚+右脚,0.5625578568253948,0.15653644484334883,1.2518166303634644,1.3662922382354736,2.0527892112731934,27,256,230
2026-04-02 13:03:52.368,616450972,左脚+右脚,0.6002383555843467,0.15369823916048786,1.1304149627685547,1.3247791528701782,1.9154636859893799,27,257,231
2026-04-02 13:03:52.429,616484306,左脚+右脚,0.6329587703818117,0.1551948578295467,0.9816124439239502,1.2020854949951172,1.773481845855713,27,258,232
2026-04-02 13:03:52.429,616517640,左脚+右脚,0.6644667670999005,0.15068473649448266,0.9452399015426636,1.284292221069336,1.7837649583816528,27,259,233
2026-04-02 13:03:52.489,616550974,左脚+右脚,0.7137953803811505,0.14624629949782117,0.986572265625,1.306847095489502,1.7122974395751953,27,260,234
2026-04-02 13:03:52.520,616584308,左脚+右脚,0.7651890025411084,0.13886006682663715,1.0278724431991577,1.4023044109344482,1.6705868244171143,27,261,235
2026-04-02 13:03:52.549,616617642,左脚+右脚,0.8198753044877485,0.12445167804642836,1.0937260389328003,1.6249215602874756,1.6137635707855225,27,262,236
2026-04-02 13:03:52.579,616650976,左脚+右脚,0.8767833516869977,0.1031931452478934,1.1381609439849854,1.9315346479415894,1.4634348154067993,27,263,237
2026-04-02 13:03:52.609,616684310,左脚+右脚,0.9343813345704511,0.10038145472445031,1.1519596576690674,1.9905264377593994,1.453503966331482,27,264,238
2026-04-02 13:03:52.669,616717644,左脚+右脚,0.9935477838788466,0.06710617180845337,1.1833289861679077,1.0303846597671509,0.46217045187950134,27,265,239
2026-04-02 13:03:52.669,616750978,左脚+右脚,0.02051582593461232,0.5646920451875874,0.8090412616729736,-1.6744871139526367,-0.7207717299461365,27,266,240
2026-04-02 13:03:52.699,616784312,左脚+右脚,0.07322549282253143,0.7685143404340549,1.5812900066375732,0.31070002913475037,-2.658813953399658,27,267,241
2026-04-02 13:03:52.729,616817646,左脚+右脚,0.12243457494914886,0.7607023128113618,1.476272463798523,0.1739811897277832,-2.5833871364593506,27,268,242
2026-04-02 13:03:52.789,616850980,左脚+右脚,0.16953652559459564,0.7549445473215001,1.4130585193634033,0.07483553886413574,-2.408029079437256,27,269,243
2026-04-02 13:03:52.819,616884314,左脚+右脚,0.21116223989665864,0.7579873882491219,1.2487714290618896,0.10674944519996643,-2.1252799034118652,27,270,244
2026-04-02 13:03:52.879,616917648,左脚+右脚,0.24949069677532076,0.7719996681291481,1.1498537063598633,0.2437189519405365,-1.7519224882125854,27,271,245
2026-04-02 13:03:52.880,616950982,左脚+右脚,0.30049251972377655,0.687598930510273,1.0200364589691162,-0.27846235036849976,-0.67345130443573,27,272,246
2026-04-02 13:03:52.909,616984316,左脚+右脚,0.3506663805121219,0.5356296393367321,1.0034772157669067,-0.6355465650558472,-0.14470377564430237,27,273,247
2026-04-02 13:03:52.939,617017650,左脚+右脚,0.4033067589873111,0.48918334612883113,1.0528075695037842,-0.8826474547386169,0.06007993593811989,27,274,248
2026-04-02 13:03:52.971,617050984,左脚+右脚,0.4582886403673923,0.49289597393983325,1.0996376276016235,-1.1033258438110352,0.04928068816661835,27,275,249
2026-04-02 13:03:52.999,617084318,左脚+右脚,0.46631296604033784,0.4663129660403378,1.0762629508972168,-1.2597620487213135,0.270698219537735,27,276,250
2026-04-02 13:03:53.029,617117652,左脚+右脚,0.50061892001983,0.46551523824332053,1.0291786193847656,-1.3859353065490723,0.3050857186317444,27,277,251
2026-04-02 13:03:53.089,617150986,左脚+右脚,0.5321608556226539,0.4732460127880803,0.9462580680847168,-1.3415210247039795,0.2276584506034851,27,278,252
2026-04-02 13:03:53.119,617184320,左脚+右脚,0.5984141541436958,0.6332915099231673,1.3250659704208374,-0.8450565934181213,-0.9380345940589905,27,279,253
2026-04-02 13:03:53.149,617217654,左脚+右脚,0.645969775608743,0.32147256765306126,1.426668643951416,-0.8156962394714355,1.6926136016845703,27,280,254
2026-04-02 13:03:53.179,617250988,左脚+右脚,0.6934261354720243,0.2957667206793818,1.4236907958984375,-0.5144317150115967,1.7393653392791748,27,281,255
2026-04-02 13:03:53.209,617284322,左脚+右脚,0.7424231402988879,0.31866526181972504,1.4699101448059082,-0.7050002217292786,1.5314077138900757,27,282,256
2026-04-02 13:03:53.239,617317656,左脚+右脚,0.7925307346299935,0.3141747853962575,1.5032278299331665,-0.5868338346481323,1.3756182193756104,27,283,257
2026-04-02 13:03:53.269,617350990,左脚+右脚,0.8369200302079964,0.34496463972948277,1.331678867340088,-0.7363588809967041,1.084037184715271,27,284,258
2026-04-02 13:03:53.299,617384324,左脚+右脚,0.8746081861769804,0.4195820811816636,1.130644679069519,-0.8414919376373291,0.4654957354068756,27,285,259
2026-04-02 13:03:53.359,617417658,左脚+右脚,0.9104109161015003,0.5074345746566455,1.0740818977355957,-0.8378804922103882,-0.03916824609041214,27,286,260
2026-04-02 13:03:53.389,617450992,左脚+右脚,0.9455896370525806,0.5637666344193266,1.0553616285324097,-0.8145734071731567,-0.3450276851654053,27,287,261
2026-04-02 13:03:53.419,617484326,左脚+右脚,0.9813649528141467,0.6034241433037595,1.0732594728469849,-0.7547329068183899,-0.5735524892807007,27,288,262
2026-04-02 13:03:53.449,617517660,左脚+右脚,0.017172645818754884,0.6329521987159463,1.0742307901382446,-0.5985537767410278,-0.6615684032440186,27,289,263
2026-04-02 13:03:53.479,617550994,左脚+右脚,0.0536444378808785,0.6787090680950301,1.0941537618637085,-0.24678246676921844,-0.5135847926139832,27,290,264
2026-04-02 13:03:53.509,617584328,左脚+右脚,0.09091952174064005,0.7528977651677615,1.1182525157928467,0.006220970302820206,-0.3416387140750885,27,291,265
2026-04-02 13:03:53.539,617617662,左脚+右脚,0.14766088455077495,0.2510514834113524,1.1348272562026978,-0.005442466586828232,0.8237722516059875,27,292,266
2026-04-02 13:03:53.569,617650996,左脚+右脚,0.1847999148483722,0.9116517836016677,1.1141709089279175,0.8010050058364868,-0.49674785137176514,27,293,267
2026-04-02 13:03:53.599,617684330,左脚+右脚,0.2316239886398761,0.8188210501425922,1.4047222137451172,0.9120888710021973,-1.9761528968811035,27,294,268
2026-04-02 13:03:53.629,617717664,左脚+右脚,0.2791195325966327,0.8073380318539836,1.4248663187026978,0.7116600275039673,-1.8891657590866089,27,295,269
2026-04-02 13:03:53.689,617750998,左脚+右脚,0.32150577037688577,0.8150536374248062,1.2715871334075928,0.7288985848426819,-1.6828290224075317,27,296,270
2026-04-02 13:03:53.719,617784332,左脚+右脚,0.38231441109534586,0.821158848660815,1.2161728143692017,0.6568132638931274,-1.369820475578308,27,297,271
2026-04-02 13:03:53.749,617817666,左脚+右脚,0.4213956309274483,0.9708953395548299,1.1724365949630737,1.2294114828109741,-0.22736255824565887,27,298,272
2026-04-02 13:03:53.782,617851000,左脚+右脚,0.4534477902368355,0.07704912589010267,0.9615647792816162,1.0688209533691406,0.5620406270027161,27,299,273
2026-04-02 13:03:53.809,617884334,左脚+右脚,0.4868542147592354,0.12435495629977084,1.002192735671997,1.4132766723632812,1.4018670320510864,27,300,274
2026-04-02 13:03:53.839,617917668,左脚+右脚,0.5205273343042183,0.12644844353443777,1.0101935863494873,1.616591215133667,1.646286964416504,27,301,275
2026-04-02 13:03:53.869,617951002,左脚+右脚,0.5550716194426664,0.13241055398616847,1.0363285541534424,1.5699936151504517,1.7234536409378052,27,302,276
2026-04-02 13:03:53.900,617984336,左脚+右脚,0.5878305308933703,0.15368979582558578,0.9827673435211182,1.3114486932754517,1.8959745168685913,27,303,277
2026-04-02 13:03:53.929,618017670,左脚+右脚,0.61915332008557,0.16533755614825402,0.9396836757659912,1.131047010421753,1.9217870235443115,27,304,278
2026-04-02 13:03:53.989,618051004,左脚+右脚,0.6471348040218798,0.19169009067457707,0.8394445180892944,0.8208876252174377,2.1394264698028564,27,305,279
2026-04-02 13:03:54.018,618084338,左脚+右脚,0.677980887186095,0.1802214872800935,0.9253824949264526,0.8252055644989014,1.7600045204162598,27,306,280
2026-04-02 13:03:54.049,618117672,左脚+右脚,0.7375387542362658,0.10399462443035844,1.191157341003418,1.7191816568374634,1.3162243366241455,27,307,281
2026-04-02 13:03:54.079,618151006,左脚+右脚,0.79752046395497,0.09962568799981325,1.1996341943740845,2.0611300468444824,1.4901049137115479,27,308,282
2026-04-02 13:03:54.109,618184340,左脚+右脚,0.8592667095776049,0.10707798733825288,1.2349249124526978,1.6899878978729248,1.3465938568115234,27,309,283
2026-04-02 13:03:54.139,618217674,左脚+右脚,0.9268191509361712,0.10626628687725635,1.3510488271713257,1.5725528001785278,1.2399616241455078,27,310,284
2026-04-02 13:03:54.169,618251008,左脚+右脚,0.9889175825233905,0.11316768542643917,1.2419686317443848,1.444995403289795,1.2446644306182861,27,311,285
2026-04-02 13:03:54.199,618284342,左脚+右脚,0.04178937603192012,0.11864995999958763,1.0574358701705933,1.352123737335205,1.2483150959014893,27,312,286
2026-04-02 13:03:54.229,618317676,左脚+右脚,0.091548454057738,0.13342040459331236,0.9951815605163574,1.3028347492218018,1.4485374689102173,27,313,287
2026-04-02 13:03:54.289,618351010,左脚+右脚,0.13521730196326837,0.13521730196326834,1.0134588479995728,1.2891840934753418,1.4663233757019043,27,314,288
2026-04-02 13:03:54.319,618384344,左脚+右脚,0.1712984133943902,0.11993575858188994,1.0824333429336548,1.4420069456100464,1.3530397415161133,27,315,289
2026-04-02 13:03:54.349,618417678,左脚+右脚,0.20767034383465713,0.09978049858215796,1.0911579132080078,1.6020172834396362,1.1605613231658936,27,316,290
2026-04-02 13:03:54.378,618451012,左脚+右脚,0.2454804628277805,0.0944106308122982,1.1343035697937012,1.6109845638275146,1.0861248970031738,27,317,291
2026-04-02 13:03:54.408,618484346,左脚+右脚,0.28440598738044365,0.09033196345856206,1.167765736579895,1.6562931537628174,1.0559680461883545,27,318,292
2026-04-02 13:03:54.438,618517680,左脚+右脚,0.324002310552695,0.09384956837804796,1.1878896951675415,1.6383676528930664,1.096205472946167,27,319,293
2026-04-02 13:03:54.470,618551014,左脚+右脚,0.39168088726053496,0.821127031555279,1.3535715341567993,0.8524426221847534,-1.7787283658981323,27,320,294
2026-04-02 13:03:54.499,618584348,左脚+右脚,0.4651548831845309,0.8114751071591038,1.4694799184799194,0.9168093204498291,-2.2543249130249023,27,321,295
2026-04-02 13:03:54.529,618617682,左脚+右脚,0.5362424641037966,0.7957447791202015,1.421751618385315,0.49108412861824036,-1.6612659692764282,27,322,296
2026-04-02 13:03:54.590,618651016,左脚+右脚,0.6051397352601077,0.7791344513895174,1.3779454231262207,0.27240002155303955,-1.4714010953903198,27,323,297
2026-04-02 13:03:54.619,618684350,左脚+右脚,0.6696804492856051,0.8146688943736562,1.2908142805099487,0.4318487346172333,-1.0036671161651611,27,324,298
2026-04-02 13:03:54.649,618717684,左脚+右脚,0.7312579541588808,0.9783687000269954,1.2315500974655151,0.7615306377410889,-0.10414432734251022,27,325,299
2026-04-02 13:03:54.679,618751018,左脚+右脚,0.78418228916178,0.13229140116383842,1.0584867000579834,0.6338924765586853,0.6948071122169495,27,326,300
2026-04-02 13:03:54.708,618784352,左脚+右脚,0.8346362977410342,0.12356146283171018,1.009080171585083,1.2651162147521973,1.2424507141113281,27,327,301
2026-04-02 13:03:54.739,618817686,左脚+右脚,0.8853143124962832,0.12486390358827656,1.0135602951049805,1.4512780904769897,1.4487981796264648,27,328,302
2026-04-02 13:03:54.769,618851020,左脚+右脚,0.9362447946454073,0.13971253254463023,1.018609642982483,1.3841246366500854,1.6669796705245972,27,329,303
2026-04-02 13:03:54.799,618884354,左脚+右脚,0.9842883258248354,0.16727190957920293,0.960870623588562,1.160075068473816,2.0270724296569824,27,330,304
2026-04-02 13:03:54.830,618917688,左脚+右脚,0.029561057605841157,0.18741636258788558,0.9054546356201172,0.9086353778839111,2.1903834342956543,27,331,305
2026-04-02 13:03:54.889,618951022,左脚+右脚,0.07290886334429025,0.20895112529456472,0.8669561147689819,0.5765926241874695,2.1857759952545166,27,332,306
2026-04-02 13:03:54.919,618984356,左脚+右脚,0.12673469475755927,0.15386942570607848,1.0765166282653809,1.3229871988296509,1.917277455329895,27,333,307
2026-04-02 13:03:54.948,619017690,左脚+右脚,0.162913756488262,0.11876358246524753,1.0853718519210815,1.9719438552856445,1.8231582641601562,27,334,308
2026-04-02 13:03:54.978,619051024,左脚+右脚,0.20249302478482167,0.09858815348176445,1.1873780488967896,1.7427804470062256,1.2427339553833008,27,335,309
2026-04-02 13:03:55.009,619084358,左脚+右脚,0.24456416459729116,0.0989673687049146,1.2621341943740845,1.625247597694397,1.1647756099700928,27,336,310
2026-04-02 13:03:55.039,619117692,左脚+右脚,0.28630897295325836,0.10775118259416562,1.2523442506790161,1.4883840084075928,1.1962820291519165,27,337,311
2026-04-02 13:03:55.068,619151026,左脚+右脚,0.3242334454442048,0.10471620470035492,1.1377341747283936,1.4547672271728516,1.124284029006958,27,338,312
2026-04-02 13:03:55.099,619184360,左脚+右脚,0.3574931114102387,0.12764276590144652,0.9977899789810181,1.3175854682922363,1.3620854616165161,27,339,313
2026-04-02 13:03:55.129,619217694,左脚+右脚,0.38993744544039005,0.13795177083273458,0.973330020904541,1.254130482673645,1.4768664836883545,27,340,314
2026-04-02 13:03:55.189,619251028,左脚+右脚,0.42312315396318667,0.13838114767992882,0.9955712556838989,1.3498436212539673,1.5982979536056519,27,341,315
2026-04-02 13:03:55.219,619284362,左脚+右脚,0.45853430123974714,0.12908701511483914,1.062334418296814,1.4131591320037842,1.487667202949524,27,342,316
2026-04-02 13:03:55.248,619317696,左脚+右脚,0.496708386062084,0.11263080060069604,1.145222544670105,1.5609302520751953,1.3353805541992188,27,343,317
2026-04-02 13:03:55.279,619351030,左脚+右脚,0.5340987174893402,0.09367844819150178,1.121709942817688,1.6811121702194214,1.1221903562545776,27,344,318
2026-04-02 13:03:55.339,619384364,左脚+右脚,0.5722261040593171,0.08665926011024852,1.1438215970993042,1.6737060546875,1.0135259628295898,27,345,319
2026-04-02 13:03:55.339,619417698,左脚+右脚,0.6321441500569367,0.027450697071759633,1.1983609199523926,0.8217436075210571,0.14315491914749146,27,346,320
2026-04-02 13:03:55.368,619451032,左脚+右脚,0.6947622447396302,0.799991127467663,1.2523618936538696,0.46896806359291077,-1.4436091184616089,27,347,321
2026-04-02 13:03:55.398,619484366,左脚+右脚,0.7662726252461457,0.8133134938650156,1.43020761013031,0.8095344305038452,-1.9264785051345825,27,348,322
2026-04-02 13:03:55.428,619517700,左脚+右脚,0.8140053319882072,0.8140053319882072,1.433922290802002,0.6450234651565552,-1.5164942741394043,27,349,323
2026-04-02 13:03:55.519,619551034,左脚+右脚,0.8308829731316867,0.8308829731316867,1.3572896718978882,0.6871039867401123,-1.2335766553878784,27,350,324
2026-04-02 13:03:55.520,619584368,左脚+右脚,0.8548679475225938,0.8548679475225938,1.2624845504760742,0.6293144226074219,-0.8126987218856812,27,351,325
2026-04-02 13:03:55.548,619617702,左脚+右脚,0.9155528668798936,0.979423760576412,1.213698387145996,1.0751042366027832,-0.13977374136447906,27,352,326
2026-04-02 13:03:55.578,619651036,左脚+右脚,0.966342097941829,0.14557802634839706,1.0157846212387085,0.6442118287086487,0.8367704749107361,27,353,327
2026-04-02 13:03:55.608,619684370,左脚+右脚,0.013087743941737395,0.14145032836186325,0.934912919998169,1.0899779796600342,1.3422759771347046,27,354,328
2026-04-02 13:03:55.639,619717704,左脚+右脚,0.060471749726725796,0.14014195233142576,0.9476801156997681,1.5267702341079712,1.8489032983779907,27,355,329
2026-04-02 13:03:55.669,619751038,左脚+右脚,0.10996915144105074,0.15301082523370707,0.989948034286499,1.4000414609909058,2.0057108402252197,27,356,330
2026-04-02 13:03:55.699,619784372,左脚+右脚,0.15980604929108738,0.1622523100873963,0.9967379570007324,1.297379493713379,2.1097538471221924,27,357,331
2026-04-02 13:03:55.728,619817706,左脚+右脚,0.17517850194833157,0.1751785019483316,0.9534792900085449,1.191195011138916,2.344348192214966,27,358,332
2026-04-02 13:03:55.788,619851040,左脚+右脚,0.19177671954151648,0.19177671954151648,0.889633059501648,0.8753015398979187,2.2849597930908203,27,359,333
2026-04-02 13:03:55.818,619884374,左脚+右脚,0.22495779877023556,0.17205186149150964,0.9954323768615723,1.0835566520690918,2.0326218605041504,27,360,334
2026-04-02 13:03:55.848,619917708,左脚+右脚,0.2628260958703027,0.10928429549443423,1.1360489130020142,1.636946439743042,1.3418467044830322,27,361,335
2026-04-02 13:03:55.908,619951042,左脚+右脚,0.30404139643030026,0.09388379610069164,1.2364590167999268,1.8629465103149414,1.2470476627349854,27,362,336
2026-04-02 13:03:55.909,619984376,左脚+右脚,0.3451027898502018,0.1005477464957011,1.231841802597046,1.7881474494934082,1.308591365814209,27,363,337
2026-04-02 13:03:55.940,620017710,左脚+右脚,0.38990873778975665,0.10918865291147287,1.3441784381866455,1.6206175088882446,1.326833963394165,27,364,338
2026-04-02 13:03:55.969,620051044,左脚+右脚,0.43135237977024576,0.11109496190892724,1.2433092594146729,1.5494354963302612,1.2998628616333008,27,365,339
2026-04-02 13:03:56.000,620084378,左脚+右脚,0.46889081681883993,0.11552371000007827,1.1261531114578247,1.4309231042861938,1.269921064376831,27,366,340
2026-04-02 13:03:56.028,620117712,左脚+右脚,0.5022529193273848,0.13366631300998646,1.0008630752563477,1.37021803855896,1.5281989574432373,27,367,341
2026-04-02 13:03:56.088,620151046,左脚+右脚,0.5338865070056583,0.13951191717063743,0.9490076303482056,1.4247565269470215,1.711520791053772,27,368,342
2026-04-02 13:03:56.118,620184380,左脚+右脚,0.5672910400739973,0.1343958104805262,1.002135992050171,1.467576503753662,1.651954174041748,27,369,343
2026-04-02 13:03:56.149,620217714,左脚+右脚,0.6032023855558699,0.11821934486863236,1.0773403644561768,1.6274335384368896,1.494352102279663,27,370,344
2026-04-02 13:03:56.178,620251048,左脚+右脚,0.6589546331278151,0.09416437571139875,1.1150449514389038,1.7788991928100586,1.195333480834961,27,371,345
2026-04-02 13:03:56.209,620284382,左脚+右脚,0.7156326004377669,0.09211792809111521,1.1335593461990356,1.7743253707885742,1.1594260931015015,27,372,346
2026-04-02 13:03:56.238,620317716,左脚+右脚,0.7754993685594862,0.07259531899446901,1.1973353624343872,1.2819889783859253,0.6289922595024109,27,373,347
2026-04-02 13:03:56.268,620351050,左脚+右脚,0.831812710415489,0.9372412560196056,1.1262668371200562,0.839782178401947,-0.3494497537612915,27,374,348
2026-04-02 13:03:56.298,620384384,左脚+右脚,0.8785058606179222,0.8223430987698183,1.400794506072998,0.957821249961853,-1.9600449800491333,27,375,349
2026-04-02 13:03:56.359,620417718,左脚+右脚,0.9253795175265933,0.8205411210827416,1.4062097072601318,0.9165292978286743,-1.9306581020355225,27,376,350
2026-04-02 13:03:56.389,620451052,左脚+右脚,0.9695995239925052,0.8190821089121849,1.326600193977356,0.7787806987762451,-1.6800761222839355,27,377,351
2026-04-02 13:03:56.449,620484386,左脚+右脚,0.01110584224379707,0.8133952369045314,1.2451895475387573,0.6408263444900513,-1.5228073596954346,27,378,352
2026-04-02 13:03:56.450,620517720,左脚+右脚,0.051696645072267934,0.9111614945591141,1.217724084854126,1.140658974647522,-0.7122608423233032,27,379,353
2026-04-02 13:03:56.479,620551054,左脚+右脚,0.06775804531448107,0.06775804531448104,1.0593805313110352,0.9208306074142456,0.417569637298584,27,380,354
2026-04-02 13:03:56.509,620584388,左脚+右脚,0.11534726989143114,0.13021579355978027,0.9517844915390015,1.3009129762649536,1.3891011476516724,27,381,355
2026-04-02 13:03:56.539,620617722,左脚+右脚,0.13117299390619203,0.13117299390619205,0.9787638187408447,1.64847731590271,1.7815825939178467,27,382,356
2026-04-02 13:03:56.569,620651056,左脚+右脚,0.1644876868802826,0.13683544746750342,0.9994407892227173,1.6428494453430176,1.907344937324524,27,383,357
2026-04-02 13:03:56.599,620684390,左脚+右脚,0.19747654112960103,0.15075654078643988,0.9896656274795532,1.4841351509094238,2.063291072845459,27,384,358
2026-04-02 13:03:56.629,620717724,左脚+右脚,0.2292099149305145,0.17389973906690867,0.9520012140274048,1.171250820159912,2.259948968887329,27,385,359
2026-04-02 13:03:56.689,620751058,左脚+右脚,0.25800174785440366,0.18921978607405968,0.8637549877166748,0.9215089082717896,2.2945380210876465,27,386,360
2026-04-02 13:03:56.719,620784392,左脚+右脚,0.28655375552957457,0.18786916876268803,0.856560230255127,0.8058661818504333,1.9583690166473389,27,387,361
2026-04-02 13:03:56.749,620817726,左脚+右脚,0.32581367803399963,0.1154517239999615,1.1777976751327515,1.5625863075256348,1.3855071067810059,27,388,362
2026-04-02 13:03:56.779,620851060,左脚+右脚,0.3653146576164683,0.09281357754403921,1.18502938747406,1.8782939910888672,1.2391129732131958,27,389,363
2026-04-02 13:03:56.809,620884394,左脚+右脚,0.40608972621744077,0.09332940093364815,1.2232520580291748,1.8646308183670044,1.2387913465499878,27,390,364
2026-04-02 13:03:56.839,620917728,左脚+右脚,0.45004822723850807,0.09614697716778571,1.318755030632019,1.738409399986267,1.1998265981674194,27,391,365
2026-04-02 13:03:56.869,620951062,左脚+右脚,0.4916891089358449,0.10926057622215447,1.249226450920105,1.5786880254745483,1.293697476387024,27,392,366
2026-04-02 13:03:56.899,620984396,左脚+右脚,0.5288771700142344,0.11137927950281505,1.1156418323516846,1.4186747074127197,1.1944886445999146,27,393,367
2026-04-02 13:03:56.929,621017730,左脚+右脚,0.5623804679789662,0.124136103777973,1.0050989389419556,1.3445348739624023,1.3300172090530396,27,394,368
2026-04-02 13:03:56.989,621051064,左脚+右脚,0.5962366731244843,0.1291695171905411,1.0156861543655396,1.445420742034912,1.5232102870941162,27,395,369
2026-04-02 13:03:57.022,621084398,左脚+右脚,0.6316304396866282,0.12525389656386238,1.0618129968643188,1.5144104957580566,1.5192500352859497,27,396,370
2026-04-02 13:03:57.049,621117732,左脚+右脚,0.6869075488327464,0.10915303280490687,1.1055421829223633,1.670048713684082,1.3666801452636719,27,397,371
2026-04-02 13:03:57.078,621151066,左脚+右脚,0.7431558143375835,0.09056813277088098,1.1249653100967407,1.786940336227417,1.142994999885559,27,398,372
2026-04-02 13:03:57.109,621184400,左脚+右脚,0.8003593992470226,0.09128924969304769,1.1440716981887817,1.772421956062317,1.1450577974319458,27,399,373
2026-04-02 13:03:57.139,621217734,左脚+右脚,0.8580617737053355,0.0810568365974381,1.1540474891662598,1.8627798557281494,1.0402389764785767,27,400,374
2026-04-02 13:03:57.169,621251068,左脚+右脚,0.898923634616387,0.8249082446824101,1.225855827331543,0.8409059047698975,-1.6527255773544312,27,401,375
2026-04-02 13:03:57.228,621284402,左脚+右脚,0.947957713532301,0.8118871142062762,1.471022367477417,0.8145387172698975,-1.98809015750885,27,402,376
2026-04-02 13:03:57.229,621317736,左脚+右脚,0.9961316417931042,0.8008753745599437,1.4452178478240967,0.6105391979217529,-1.8444654941558838,27,403,377
2026-04-02 13:03:57.288,621351070,左脚+右脚,0.042008959380638755,0.8007059642303143,1.3763195276260376,0.5618966221809387,-1.7035905122756958,27,404,378
2026-04-02 13:03:57.318,621384404,左脚+右脚,0.08264726313735263,0.817106066241389,1.219149112701416,0.5780717730522156,-1.2887828350067139,27,405,379
2026-04-02 13:03:57.348,621417738,左脚+右脚,0.12287913076862908,0.9472904385995499,1.2069560289382935,1.048270583152771,-0.3604460060596466,27,406,380
2026-04-02 13:03:57.408,621451072,左脚+右脚,0.1433947623976238,0.14339476239762378,0.9568743705749512,0.7930505275726318,1.0013744831085205,27,407,381
2026-04-02 13:03:57.409,621484406,左脚+右脚,0.1776266158827312,0.13459045119613974,1.0269556045532227,1.3951995372772217,1.5743577480316162,27,408,382
2026-04-02 13:03:57.438,621517740,左脚+右脚,0.2134736241110332,0.13359210331335927,1.07541024684906,1.5422446727752686,1.7184468507766724,27,409,383
2026-04-02 13:03:57.468,621551074,左脚+右脚,0.24888320974590056,0.14127234164613323,1.0622875690460205,1.5063396692276,1.8507797718048096,27,410,384
2026-04-02 13:03:57.498,621584408,左脚+右脚,0.2816280068167217,0.17059278088352442,0.9823439121246338,1.1397526264190674,2.091618061065674,27,411,385
2026-04-02 13:03:57.529,621617742,左脚+右脚,0.3120225768494772,0.1925002619634814,0.911837100982666,0.8495070338249207,2.24816632270813,27,412,386
2026-04-02 13:03:57.589,621651076,左脚+右脚,0.34139617892187507,0.19055656027106166,0.881208062171936,0.7695236802101135,1.9636294841766357,27,413,387
2026-04-02 13:03:57.619,621684410,左脚+右脚,0.3767807425268657,0.13756354213407332,1.0615369081497192,1.458080768585205,1.7085740566253662,27,414,388
2026-04-02 13:03:57.649,621717744,左脚+右脚,0.4164958736507264,0.09568833832901927,1.1914539337158203,1.8773655891418457,1.2877609729766846,27,415,389
2026-04-02 13:03:57.679,621751078,左脚+右脚,0.4584322751768596,0.08543039847527066,1.2580920457839966,2.071718454360962,1.2327849864959717,27,416,390
2026-04-02 13:03:57.708,621784412,左脚+右脚,0.5025291146048075,0.10323224413097314,1.32290518283844,1.8257622718811035,1.3840020895004272,27,417,391
2026-04-02 13:03:57.738,621817746,左脚+右脚,0.5489968956717021,0.12287956995552932,1.394033432006836,1.5238956212997437,1.4838212728500366,27,418,392
2026-04-02 13:03:57.769,621851080,左脚+右脚,0.5905297697790629,0.10956755942747057,1.2459862232208252,1.5589991807937622,1.282597303390503,27,419,393
2026-04-02 13:03:57.799,621884414,左脚+右脚,0.6263289234248962,0.12233662574365153,1.073974609375,1.3032846450805664,1.2603790760040283,27,420,394
2026-04-02 13:03:57.829,621917748,左脚+右脚,0.6602924328255818,0.13419367029668133,1.0189052820205688,1.36015784740448,1.5271292924880981,27,421,395
2026-04-02 13:03:57.919,621951082,左脚+右脚,0.7121353488373922,0.13364387540480283,1.036858320236206,1.3690294027328491,1.5264402627944946,27,422,396
2026-04-02 13:03:57.919,621984416,左脚+右脚,0.768711928646581,0.11827789480459804,1.1315315961837769,1.537928819656372,1.4132096767425537,27,423,397
2026-04-02 13:03:57.949,622017750,左脚+右脚,0.8272233050275014,0.09395518648303508,1.1702275276184082,1.794587254524231,1.2024543285369873,27,424,398
2026-04-02 13:03:57.978,622051084,左脚+右脚,0.8871292274403737,0.09051977532917121,1.1981184482574463,1.8008973598480225,1.1511515378952026,27,425,399
2026-04-02 13:03:58.009,622084418,左脚+右脚,0.9465958695817158,0.09342961375611007,1.1893328428268433,1.8573039770126343,1.235610008239746,27,426,400
2026-04-02 13:03:58.038,622117752,左脚+右脚,0.9877771517841186,0.8556640454512611,1.2354384660720825,1.3818875551223755,-1.7662523984909058,27,427,401
2026-04-02 13:03:58.071,622151086,左脚+右脚,0.03535198978664145,0.8250941992531062,1.4272451400756836,1.0458943843841553,-2.0496833324432373,27,428,402
2026-04-02 13:03:58.098,622184420,左脚+右脚,0.08306302837611898,0.8157488012970925,1.4313311576843262,0.8225183486938477,-1.876456379890442,27,429,403
2026-04-02 13:03:58.128,622217754,左脚+右脚,0.1264161329674886,0.7916837013819157,1.3005931377410889,0.5104588270187378,-1.904242992401123,27,430,404
2026-04-02 13:03:58.188,622251088,左脚+右脚,0.16844046723923747,0.8294700177616942,1.2607300281524658,0.6160554885864258,-1.1294938325881958,27,431,405
2026-04-02 13:03:58.219,622284422,左脚+右脚,0.2093624374477234,0.912343205749006,1.2276591062545776,0.897348940372467,-0.5511128902435303,27,432,406
2026-04-02 13:03:58.248,622317756,左脚+右脚,0.24191165181082153,0.17861509497147754,0.9764764308929443,0.4768225848674774,0.9908276200294495,27,433,407
2026-04-02 13:03:58.279,622351090,左脚+右脚,0.27483142427684526,0.14292212034615054,0.9875931739807129,1.4555432796478271,1.8267229795455933,27,434,408
2026-04-02 13:03:58.308,622384424,左脚+右脚,0.31012673191310625,0.13917168644214792,1.0588592290878296,1.7302353382110596,2.0694708824157715,27,435,409
2026-04-02 13:03:58.339,622417758,左脚+右脚,0.3444208126473592,0.14512105572427744,1.028822422027588,1.6279877424240112,2.102088689804077,27,436,410
2026-04-02 13:03:58.386,622451092,左脚+右脚,0.37691350591263834,0.18387674151644146,0.974780797958374,1.070467472076416,2.4265730381011963,27,437,411
2026-04-02 13:03:58.406,622484426,左脚+右脚,0.4074842791962789,0.1975582126622141,0.9171231985092163,0.8975459933280945,2.6246495246887207,27,438,412
2026-04-02 13:03:58.430,622517760,左脚+右脚,0.4377389730223185,0.18787221866121157,0.907640814781189,0.9683935642242432,2.353461742401123,27,439,413
2026-04-02 13:03:58.489,622551094,左脚+右脚,0.4754496992834574,0.13397636803477264,1.1313217878341675,1.7333548069000244,1.9407976865768433,27,440,414
2026-04-02 13:03:58.519,622584428,左脚+右脚,0.5159161668229268,0.09905108335485316,1.213994026184082,2.1617166996002197,1.5509717464447021,27,441,415
2026-04-02 13:03:58.549,622617762,左脚+右脚,0.5566076935537821,0.09555045219051136,1.2207458019256592,2.180267572402954,1.4927576780319214,27,442,416
2026-04-02 13:03:58.579,622651096,左脚+右脚,0.6008980493951009,0.09484793712727972,1.328710675239563,2.0616347789764404,1.3982079029083252,27,443,417
2026-04-02 13:03:58.609,622684430,左脚+右脚,0.6458234808055725,0.10980457337287915,1.347762942314148,1.8532605171203613,1.529321312904358,27,444,418
2026-04-02 13:03:58.669,622717764,左脚+右脚,0.7082033714858856,0.10939767235156603,1.2475978136062622,1.7561156749725342,1.4416255950927734,27,445,419
2026-04-02 13:03:58.669,622751098,左脚+右脚,0.7605787000266876,0.13290373639343275,1.04750657081604,1.4119596481323242,1.5596532821655273,27,446,420
2026-04-02 13:03:58.729,622784432,左脚+右脚,0.8109099468795623,0.14544997429755338,1.0066249370574951,1.4652690887451172,1.9000818729400635,27,447,421
2026-04-02 13:03:58.729,622817766,左脚+右脚,0.8624138674346771,0.1441667530031107,1.030078411102295,1.488544225692749,1.8984129428863525,27,448,422
2026-04-02 13:03:58.789,622851100,左脚+右脚,0.916931941231903,0.13056872444373996,1.090361475944519,1.7170963287353516,1.8416658639907837,27,449,423
2026-04-02 13:03:58.819,622884434,左脚+右脚,0.9736004194824066,0.10172925981644919,1.1333695650100708,1.9942855834960938,1.4823044538497925,27,450,424
2026-04-02 13:03:58.849,622917768,左脚+右脚,0.03151385994833378,0.1031227110962342,1.1582688093185425,1.974853515625,1.4948803186416626,27,451,425
2026-04-02 13:03:58.879,622951102,左脚+右脚,0.09017176838797,0.11355720018840122,1.1731581687927246,1.96958327293396,1.7049391269683838,27,452,426
2026-04-02 13:03:58.909,622984436,左脚+右脚,0.12754701984009809,0.044696647350445595,1.1212575435638428,0.8455981612205505,0.2439221739768982,27,453,427
2026-04-02 13:03:58.939,623017770,左脚+右脚,0.17581219486476646,0.8378139643206085,1.4479552507400513,1.0788613557815552,-1.752771019935608,27,454,428
2026-04-02 13:03:58.969,623051104,左脚+右脚,0.22417483540457156,0.8258064610169615,1.4508792161941528,0.9105543494224548,-1.7648978233337402,27,455,429
2026-04-02 13:03:59.029,623084438,左脚+右脚,0.27120754929464724,0.8263753119777129,1.4109814167022705,0.7464262843132019,-1.4341702461242676,27,456,430
2026-04-02 13:03:59.029,623117772,左脚+右脚,0.31610251081070967,0.8201608078564738,1.3468488454818726,0.5925067663192749,-1.2558457851409912,27,457,431
2026-04-02 13:03:59.089,623151106,左脚+右脚,0.35851553491832483,0.8832024605883062,1.2723907232284546,0.9096033573150635,-0.8203659057617188,27,458,432
2026-04-02 13:03:59.149,623184440,左脚+右脚,0.39743183664561976,0.04158645580798306,1.1674890518188477,1.236112117767334,0.33054763078689575,27,459,433
2026-04-02 13:03:59.149,623217774,左脚+右脚,0.42915658764125575,0.12258208703101942,0.9517425298690796,1.361310362815857,1.3205636739730835,27,460,434
2026-04-02 13:03:59.179,623251108,左脚+右脚,0.46134042155823773,0.13264797078669405,0.9655150175094604,1.7471953630447388,1.9237326383590698,27,461,435
2026-04-02 13:03:59.209,623284442,左脚+右脚,0.494299330434021,0.13413113635003945,0.9887672662734985,1.7823781967163086,1.999598503112793,27,462,436
2026-04-02 13:03:59.239,623317776,左脚+右脚,0.5272937199680177,0.14519063351513956,0.9898316860198975,1.6391643285751343,2.1184325218200684,27,463,437
2026-04-02 13:03:59.270,623351110,左脚+右脚,0.5582593621023663,0.16681741880422607,0.9289692640304565,1.3759329319000244,2.3884074687957764,27,464,438
2026-04-02 13:03:59.299,623384444,左脚+右脚,0.5869969905622967,0.19007086897058498,0.8621288537979126,0.9782228469848633,2.4739267826080322,27,465,439
2026-04-02 13:03:59.329,623417778,左脚+右脚,0.6141533038226931,0.1971679774789176,0.8146893978118896,0.7485508918762207,2.1715450286865234,27,466,440
2026-04-02 13:03:59.388,623451112,左脚+右脚,0.6503251971014508,0.12332545003440738,1.085156798362732,1.5036460161209106,1.4723330736160278,27,467,441
2026-04-02 13:03:59.419,623484446,左脚+右脚,0.7066733838327892,0.10519436760242837,1.12696373462677,1.9010722637176514,1.4783449172973633,27,468,442
2026-04-02 13:03:59.449,623517780,左脚+右脚,0.7647959352739818,0.11959571109865215,1.1624510288238525,1.7825908660888672,1.6654632091522217,27,469,443
2026-04-02 13:03:59.479,623551114,左脚+右脚,0.8275147200830943,0.13270187375216025,1.254375696182251,1.5832514762878418,1.744410514831543,27,470,444
2026-04-02 13:03:59.508,623584448,左脚+右脚,0.8885026336916454,0.1486241629882956,1.2197582721710205,1.3333576917648315,1.8022385835647583,27,471,445
2026-04-02 13:03:59.539,623617782,左脚+右脚,0.9459000827082165,0.1506602474949387,1.147948980331421,1.2228796482086182,1.6979174613952637,27,472,446
2026-04-02 13:03:59.599,623651116,左脚+右脚,0.9919153631933697,0.1551279047958363,0.920305609703064,1.140279769897461,1.6807746887207031,27,473,447
2026-04-02 13:03:59.599,623684450,左脚+右脚,0.03809204709611014,0.14937512392381527,0.9235336780548096,1.180222511291504,1.611096739768982,27,474,448
2026-04-02 13:03:59.629,623717784,左脚+右脚,0.08612067711434439,0.1452255535645101,0.9605726003646851,1.3084847927093506,1.6918338537216187,27,475,449
2026-04-02 13:03:59.689,623751118,左脚+右脚,0.13612992775521354,0.13698883816510027,1.0001850128173828,1.4672832489013672,1.7068369388580322,27,476,450
2026-04-02 13:03:59.719,623784452,左脚+右脚,0.17214323691608185,0.11871697007235592,1.0803992748260498,1.6839213371276855,1.5559529066085815,27,477,451
2026-04-02 13:03:59.749,623817786,左脚+右脚,0.20859708798012808,0.09931364314732509,1.0936155319213867,1.8168138265609741,1.3080589771270752,27,478,452
2026-04-02 13:03:59.779,623851120,左脚+右脚,0.2451161663937735,0.09493698703631491,1.0955723524093628,1.8077975511550903,1.227531909942627,27,479,453
2026-04-02 13:03:59.809,623884454,左脚+右脚,0.2797718883760937,0.08735964317668879,1.0396716594696045,0.5616738796234131,0.34351322054862976,27,480,454
2026-04-02 13:03:59.839,623917788,左脚+右脚,0.31426353863956213,0.9562144043272409,1.0347495079040527,0.56012362241745,-0.15810644626617432,27,481,455
2026-04-02 13:03:59.869,623951122,左脚+右脚,0.34647816034239215,0.8927548206583331,0.9664386510848999,0.5712814927101135,-0.45618295669555664,27,482,456
2026-04-02 13:03:59.899,623984456,左脚+右脚,0.3805228393483329,0.8542235976987,1.0213403701782227,0.5691564083099365,-0.7411899566650391,27,483,457
2026-04-02 13:03:59.929,624017790,左脚+右脚,0.44831367544414286,0.8189289457737621,1.3558167219161987,0.8519303202629089,-1.8425281047821045,27,484,458
2026-04-02 13:03:59.989,624051124,左脚+右脚,0.5129380982327628,0.8238910560710192,1.2924884557724,0.7788264751434326,-1.5552276372909546,27,485,459
2026-04-02 13:04:00.019,624084458,左脚+右脚,0.5715549092698264,0.8973053153848205,1.172336220741272,1.1243722438812256,-0.8463552594184875,27,486,460
2026-04-02 13:04:00.049,624117792,左脚+右脚,0.6274463456082511,0.9597988687207424,1.1178287267684937,1.4966117143630981,-0.38628125190734863,27,487,461
2026-04-02 13:04:00.109,624151126,左脚+右脚,0.6810474794316459,0.9993816399597504,1.0720226764678955,1.7875980138778687,-0.006945337168872356,27,488,462
2026-04-02 13:04:00.109,624184460,左脚+右脚,0.7316148977685142,0.048094522925082345,1.0113483667373657,1.6825731992721558,0.5245151519775391,27,489,463
2026-04-02 13:04:00.139,624217794,左脚+右脚,0.7733753662514854,0.1443845171760186,0.8352093696594238,0.9196281433105469,1.1761572360992432,27,490,464
2026-04-02 13:04:00.169,624251128,左脚+右脚,0.811261991779821,0.15485907307762325,0.7577325105667114,1.37041175365448,2.0126638412475586,27,491,465
2026-04-02 13:04:00.198,624284462,左脚+右脚,0.8513755124020743,0.16269361650084452,0.8022704124450684,1.4384148120880127,2.3537020683288574,27,492,466
2026-04-02 13:04:00.229,624317796,左脚+右脚,0.891453389446752,0.15980293122554926,0.8015575408935547,1.4134089946746826,2.221092462539673,27,493,467
2026-04-02 13:04:00.289,624351130,左脚+右脚,0.9325878839898276,0.17150998695126807,0.8226898908615112,1.2218425273895264,2.2733500003814697,27,494,468
2026-04-02 13:04:00.318,624384464,左脚+右脚,0.9698302607941794,0.18168481047063362,0.7448475360870361,1.0841996669769287,2.3688108921051025,27,495,469
2026-04-02 13:04:00.349,624417798,左脚+右脚,0.0053817193913627825,0.1977182393378582,0.7110291719436646,0.8450571894645691,2.4792985916137695,27,496,470
2026-04-02 13:04:00.379,624451132,左脚+右脚,0.054658786575811025,0.1516100824450366,0.9855413436889648,1.4564950466156006,2.047945261001587,27,497,471
2026-04-02 13:04:00.409,624484466,左脚+右脚,0.10369275025607835,0.1356736009909382,0.9806792736053467,1.4612456560134888,1.6716675758361816,27,498,472
2026-04-02 13:04:00.439,624517800,左脚+右脚,0.13185218402665908,0.1318521840266591,1.0182280540466309,1.4589109420776367,1.5902701616287231,27,499,473
2026-04-02 13:04:00.469,624551134,左脚+右脚,0.14969008207359843,0.14969008207359838,1.1280944347381592,1.2930744886398315,1.7724957466125488,27,500,474
2026-04-02 13:04:00.499,624584468,左脚+右脚,0.18466282129326395,0.15382004732496987,1.0491821765899658,1.2598235607147217,1.8245292901992798,27,501,475
2026-04-02 13:04:00.529,624617802,左脚+右脚,0.21787961562513244,0.16859201026449513,0.9965038299560547,1.0852121114730835,1.9332815408706665,27,502,476
2026-04-02 13:04:00.589,624651136,左脚+右脚,0.24633985201556416,0.1649077341177417,0.8538070917129517,0.9717183113098145,1.6409140825271606,27,503,477
2026-04-02 13:04:00.619,624684470,左脚+右脚,0.2718959593776756,0.16256283867650242,0.7666832208633423,0.9557908773422241,1.5610921382904053,27,504,478
2026-04-02 13:04:00.649,624717804,左脚+右脚,0.2995703244213157,0.1507317308800803,0.8302309513092041,1.0994216203689575,1.5279477834701538,27,505,479
2026-04-02 13:04:00.679,624751138,左脚+右脚,0.3288679901762697,0.14211383726992965,0.8789299726486206,1.2685227394104004,1.5755257606506348,27,506,480
2026-04-02 13:04:00.709,624784472,左脚+右脚,0.3604646786057843,0.12598501261491443,0.947900652885437,1.4612789154052734,1.4794795513153076,27,507,481
2026-04-02 13:04:00.739,624817806,左脚+右脚,0.39528888702431253,0.10425145624421837,1.0447262525558472,1.6410679817199707,1.2606253623962402,27,508,482
2026-04-02 13:04:00.769,624851140,左脚+右脚,0.43172778924344907,0.07845165342235055,1.0931670665740967,1.7426679134368896,0.9360790252685547,27,509,483
2026-04-02 13:04:00.799,624884474,左脚+右脚,0.4673994763696087,0.06284746018085309,1.07015061378479,0.7743518352508545,0.3227294087409973,27,510,484
2026-04-02 13:04:00.829,624917808,左脚+右脚,0.5029787802700095,0.09707549904209632,1.067379117012024,0.5049213171005249,0.35285645723342896,27,511,485
2026-04-02 13:04:00.889,624951142,左脚+右脚,0.5359333062175803,0.03136805708833361,0.988635778427124,0.5824214220046997,0.11630000919103622,27,512,486
2026-04-02 13:04:00.919,624984476,左脚+右脚,0.5853653275970511,0.9733858099558075,0.9886404275894165,0.4675096571445465,-0.07891479134559631,27,513,487
2026-04-02 13:04:00.949,625017810,左脚+右脚,0.6372123026851706,0.8372635380255158,1.0369395017623901,0.2544185221195221,-0.4165612459182739,27,514,488
2026-04-02 13:04:00.979,625051144,左脚+右脚,0.6695771518338727,0.6695771518338727,0.948498547077179,-0.4190676808357239,-0.7575070261955261,27,515,489
2026-04-02 13:04:01.009,625084478,左脚+右脚,0.7016618751475222,0.6186438474054374,0.9625416994094849,-0.7300496697425842,-0.6739485263824463,27,516,490
2026-04-02 13:04:01.039,625117812,左脚+右脚,0.7331454379348961,0.584488369767477,0.9445068836212158,-0.9424776434898376,-0.5532980561256409,27,517,491
2026-04-02 13:04:01.069,625151146,左脚+右脚,0.7636046273498741,0.5804267607893078,0.9137756824493408,-0.9251123070716858,-0.5118198990821838,27,518,492
2026-04-02 13:04:01.099,625184480,左脚+右脚,0.7984637958793847,0.6975479019763223,1.045775055885315,-0.31141015887260437,-0.9104487299919128,27,519,493
2026-04-02 13:04:01.129,625217814,左脚+右脚,0.8341109457601118,0.8000053891316471,1.069414496421814,0.28568175435066223,-0.8791367411613464,27,520,494
2026-04-02 13:04:01.189,625251148,左脚+右脚,0.8876510265458631,0.9502968519317894,1.0708016157150269,0.4194849133491516,-0.13543441891670227,27,521,495
2026-04-02 13:04:01.219,625284482,左脚+右脚,0.9384428206075239,0.007190916416171696,1.0158358812332153,0.8416605591773987,0.038053687661886215,27,522,496
2026-04-02 13:04:01.248,625317816,左脚+右脚,0.9855475905526686,0.9982624090837504,0.9420953989028931,1.0244193077087402,-0.011184650473296642,27,523,497
2026-04-02 13:04:01.279,625351150,左脚+右脚,0.03278732031474596,0.04040599491774952,0.9447945952415466,0.797773003578186,0.20700395107269287,27,524,498
2026-04-02 13:04:01.309,625384484,左脚+右脚,0.07603598564754016,0.12309089805942569,0.8649733066558838,0.553741455078125,0.5406137704849243,27,525,499
2026-04-02 13:04:01.339,625417818,左脚+右脚,0.11439712375293262,0.1896127156592319,0.7672227621078491,0.3938901126384735,0.9878231883049011,27,526,500
2026-04-02 13:04:01.369,625451152,左脚+右脚,0.15254067510257252,0.15259289894327357,0.7628710269927979,1.0031354427337646,1.4290897846221924,27,527,501
2026-04-02 13:04:01.399,625484486,左脚+右脚,0.1778222951282073,0.13713059634382554,0.758448600769043,1.1534672975540161,1.34420645236969,27,528,502
2026-04-02 13:04:01.429,625517820,左脚+右脚,0.20315485924373158,0.14303876736236099,0.7599769234657288,1.1045860052108765,1.3883543014526367,27,529,503
2026-04-02 13:04:01.489,625551154,左脚+右脚,0.22987742155681143,0.15791922293757166,0.801676869392395,0.9839919805526733,1.5066180229187012,27,530,504
2026-04-02 13:04:01.519,625584488,左脚+右脚,0.2566648376970499,0.1959029250705385,0.8036224842071533,0.6234965324401855,1.763149619102478,27,531,505
2026-04-02 13:04:01.549,625617822,左脚+右脚,0.28563025325427543,0.20243838405488862,0.8689624667167664,0.6118296384811401,1.9860471487045288,27,532,506
2026-04-02 13:04:01.579,625651156,左脚+右脚,0.31716413825641165,0.16732146849009785,0.9460165500640869,1.048142910003662,1.8328099250793457,27,533,507
2026-04-02 13:04:01.609,625684490,左脚+右脚,0.34786095549553725,0.1471252101953443,0.9209045171737671,1.1507866382598877,1.5252102613449097,27,534,508
2026-04-02 13:04:01.639,625717824,左脚+右脚,0.37840979426990046,0.14235713361772256,0.916465163230896,1.045192003250122,1.302215576171875,27,535,509
2026-04-02 13:04:01.669,625751158,左脚+右脚,0.41162189175576064,0.14171760111261572,0.9963629245758057,0.9803825616836548,1.2114641666412354,27,536,510
2026-04-02 13:04:01.699,625784492,左脚+右脚,0.44245194524417414,0.14198196412059136,0.9249016046524048,1.0621864795684814,1.3170173168182373,27,537,511
2026-04-02 13:04:01.729,625817826,左脚+右脚,0.4711455656080454,0.1566118794058131,0.8608086109161377,0.9299650192260742,1.3986650705337524,27,538,512
2026-04-02 13:04:01.789,625851160,左脚+右脚,0.4977354241399973,0.17735863234793506,0.7976957559585571,0.60005784034729,1.2221215963363647,27,539,513
2026-04-02 13:04:01.819,625884494,左脚+右脚,0.5221216155081003,0.18002361467656824,0.7315857410430908,0.5256982445716858,1.1175960302352905,27,540,514
2026-04-02 13:04:01.849,625917828,左脚+右脚,0.5476865960149973,0.16704698055220996,0.7669494152069092,0.6343886256217957,1.1048822402954102,27,541,515
2026-04-02 13:04:01.879,625951162,左脚+右脚,0.5751658253857502,0.14901568093601217,0.8243768811225891,0.8294486999511719,1.1269153356552124,27,542,516
2026-04-02 13:04:01.909,625984496,左脚+右脚,0.6048726253697285,0.12307365369338631,0.8912039995193481,1.0152541399002075,0.9909704327583313,27,543,517
2026-04-02 13:04:01.938,626017830,左脚+右脚,0.6531639270970234,0.09616321070811755,0.9658260345458984,1.1221126317977905,0.774635910987854,27,544,518
2026-04-02 13:04:01.969,626051164,左脚+右脚,0.7053708188721547,0.07210321865454107,1.0441378355026245,0.6782803535461426,0.33019185066223145,27,545,519
2026-04-02 13:04:02.029,626084498,左脚+右脚,0.7553943209835896,0.04329678401219186,1.0004700422286987,0.49936220049858093,0.13930082321166992,27,546,520
2026-04-02 13:04:02.059,626117832,左脚+右脚,0.8027894787976155,0.9904180642442693,0.9479031562805176,0.511264443397522,-0.03081795945763588,27,547,521
2026-04-02 13:04:02.089,626151166,左脚+右脚,0.8487042062470327,0.9832731250345471,0.9182945489883423,0.4930972754955292,-0.05201521888375282,27,548,522
2026-04-02 13:04:02.119,626184500,左脚+右脚,0.8947563969084631,0.9485007273622317,0.9210438132286072,0.582506537437439,-0.19535329937934875,27,549,523
2026-04-02 13:04:02.149,626217834,左脚+右脚,0.9267724834868323,0.8556847180511968,0.9604825973510742,0.3861965835094452,-0.4934830665588379,27,550,524
2026-04-02 13:04:02.179,626251168,左脚+右脚,0.9625272873033097,0.7725233082307568,1.0726441144943237,0.11250492930412292,-0.789671778678894,27,551,525
2026-04-02 13:04:02.209,626284502,左脚+右脚,0.998002449968359,0.651433227775055,1.064254879951477,-0.5908989906311035,-0.8288981914520264,27,552,526
2026-04-02 13:04:02.239,626317836,左脚+右脚,0.0313667896379044,0.6111872016197917,1.0009301900863647,-0.8024030327796936,-0.6739500761032104,27,553,527
2026-04-02 13:04:02.269,626351170,左脚+右脚,0.06220465928206944,0.588401792307613,0.9251360893249512,-0.8707574605941772,-0.5404111742973328,27,554,528
2026-04-02 13:04:02.300,626384504,左脚+右脚,0.09286816944569452,0.5753368556283147,0.9199053049087524,-0.845835268497467,-0.43323203921318054,27,555,529
2026-04-02 13:04:02.328,626417838,左脚+右脚,0.13821854819744928,0.5814638907903926,0.9070075750350952,-0.8643629550933838,-0.48559361696243286,27,556,530
2026-04-02 13:04:02.389,626451172,左脚+右脚,0.17512938012570245,0.82306923486764,1.1073249578475952,0.5071852207183838,-1.025989294052124,27,557,531
2026-04-02 13:04:02.418,626484506,左脚+右脚,0.2101928972193609,0.8914146264382155,1.0519055128097534,0.7462827563285828,-0.6062871813774109,27,558,532
2026-04-02 13:04:02.448,626517840,左脚+右脚,0.24233762651572727,0.9610655984000127,0.9643418788909912,1.3399291038513184,-0.3344888687133789,27,559,533
2026-04-02 13:04:02.478,626551174,左脚+右脚,0.2731602433312943,0.9748278839881318,0.9246785044670105,1.298002004623413,-0.20702248811721802,27,560,534
2026-04-02 13:04:02.538,626584508,左脚+右脚,0.30339045752972466,0.0050083776682726625,0.9069064259529114,1.1123809814453125,0.03501659259200096,27,561,535
2026-04-02 13:04:02.539,626617842,左脚+右脚,0.3315448465932419,0.055594503103045055,0.8446316719055176,0.9549868106842041,0.3478514552116394,27,562,536
2026-04-02 13:04:02.568,626651176,左脚+右脚,0.35918067524721325,0.13310013823540687,0.8290748596191406,0.6384375691413879,0.7069708704948425,27,563,537
2026-04-02 13:04:02.599,626684510,左脚+右脚,0.38233512868374686,0.20104051129360032,0.6946336030960083,0.45088765025138855,1.4191933870315552,27,564,538
2026-04-02 13:04:02.629,626717844,左脚+右脚,0.40643146663795016,0.15323047808378715,0.7228901386260986,1.2233271598815918,1.7577121257781982,27,565,539
2026-04-02 13:04:02.688,626751178,左脚+右脚,0.4299233578631292,0.16051505735047716,0.7047567367553711,1.1535553932189941,1.8307815790176392,27,566,540
2026-04-02 13:04:02.718,626784512,左脚+右脚,0.4540143512675176,0.17306734451879927,0.7227298021316528,0.9780056476593018,1.863161563873291,27,567,541
2026-04-02 13:04:02.748,626817846,左脚+右脚,0.47832264731218516,0.1996863685702456,0.7292488813400269,0.6441868543624878,1.9693896770477295,27,568,542
2026-04-02 13:04:02.778,626851180,左脚+右脚,0.5033211015650639,0.23009023558384833,0.7499536275863647,0.26764819025993347,2.128357410430908,27,569,543
2026-04-02 13:04:02.808,626884514,左脚+右脚,0.5322665595003971,0.17602417589911312,0.8683637380599976,1.136354923248291,2.26615571975708,27,570,544
2026-04-02 13:04:02.838,626917848,左脚+右脚,0.5615887625007837,0.16102314537324222,0.8796660900115967,1.373108148574829,2.194732189178467,27,571,545
2026-04-02 13:04:02.868,626951182,左脚+右脚,0.5895686490326135,0.1486101906466487,0.839396595954895,1.4864916801452637,2.0088539123535156,27,572,546
2026-04-02 13:04:02.899,626984516,左脚+右脚,0.6184045417099207,0.13336372619416714,0.8650767803192139,1.3334637880325317,1.4815304279327393,27,573,547
2026-04-02 13:04:02.928,627017850,左脚+右脚,0.6492854935913294,0.1309731587765488,0.9264285564422607,1.262048363685608,1.360520839691162,27,574,548
2026-04-02 13:04:02.988,627051184,左脚+右脚,0.6940160674839227,0.13716579466179077,0.8946114778518677,1.274817705154419,1.4862885475158691,27,575,549
2026-04-02 13:04:03.018,627084518,左脚+右脚,0.7387659532814234,0.15536870035760308,0.8949977159500122,1.102403998374939,1.630249261856079,27,576,550
2026-04-02 13:04:03.048,627117852,左脚+右脚,0.7760362071781366,0.16439858762352047,0.7454050779342651,0.8518450260162354,1.4280476570129395,27,577,551
2026-04-02 13:04:03.081,627151186,左脚+右脚,0.8098995728283136,0.214574438062961,0.67726731300354,0.25986090302467346,1.1481218338012695,27,578,552
2026-04-02 13:04:03.108,627184520,左脚+右脚,0.8462829036503046,0.19116448096820957,0.7276666164398193,0.43704333901405334,1.1278866529464722,27,579,553
2026-04-02 13:04:03.139,627217854,左脚+右脚,0.8844533784179895,0.15370889510749172,0.7634094953536987,0.7640057802200317,1.1048141717910767,27,580,554
2026-04-02 13:04:03.169,627251188,左脚+右脚,0.9260075015812128,0.13387042668632745,0.8310824632644653,0.9881510734558105,1.1049288511276245,27,581,555
2026-04-02 13:04:03.199,627284522,左脚+右脚,0.9725052459030359,0.10978352595630926,0.9299548864364624,0.9604697227478027,0.7923716902732849,27,582,556
2026-04-02 13:04:03.229,627317856,左脚+右脚,0.02377289960672546,0.07393589787763412,1.0253530740737915,0.12411540746688843,0.062198225408792496,27,583,557
2026-04-02 13:04:03.288,627351190,左脚+右脚,0.048794764648655176,0.048794764648655134,1.0371519327163696,0.14378860592842102,0.04551885649561882,27,584,558
2026-04-02 13:04:03.319,627384524,左脚+右脚,0.07982368307389728,0.9352824618816922,0.9308675527572632,0.388835072517395,-0.16744527220726013,27,585,559
2026-04-02 13:04:03.349,627417858,左脚+右脚,0.1103846692748657,0.9582435521878532,0.9168295860290527,0.34090229868888855,-0.09155064076185226,27,586,560
2026-04-02 13:04:03.378,627451192,左脚+右脚,0.14155788259782306,0.9075125121146413,0.9351963996887207,0.4976235330104828,-0.32682156562805176,27,587,561
2026-04-02 13:04:03.408,627484526,左脚+右脚,0.17447774645763547,0.83102476594484,0.9875959157943726,0.3167182505130768,-0.5674232244491577,27,588,562
2026-04-02 13:04:03.438,627517860,左脚+右脚,0.2102791849481852,0.7954851961979555,1.0740431547164917,0.24483364820480347,-0.8332331776618958,27,589,563
2026-04-02 13:04:03.469,627551194,左脚+右脚,0.245765871177891,0.7951951465816106,1.0646005868911743,0.24063485860824585,-0.8244958519935608,27,590,564
2026-04-02 13:04:03.499,627584528,左脚+右脚,0.2871358428108485,0.5634459133652355,0.8273994326591492,-0.8118325471878052,-0.34193891286849976,27,591,565
2026-04-02 13:04:03.529,627617862,左脚+右脚,0.32752591706393075,0.5548987073351246,0.8078014850616455,-0.7704089879989624,-0.27681055665016174,27,592,566
2026-04-02 13:04:03.589,627651196,左脚+右脚,0.3678020004141123,0.5500752977235955,0.8055216670036316,-0.7801280617713928,-0.2538870871067047,27,593,567
2026-04-02 13:04:03.619,627684530,左脚+右脚,0.4077603463041575,0.5673482672454818,0.7991669178009033,-0.7847084999084473,-0.3534092307090759,27,594,568
2026-04-02 13:04:03.648,627717864,左脚+右脚,0.44304402805445503,0.49459867954543185,0.7056736350059509,-0.754888117313385,0.02562885358929634,27,595,569
2026-04-02 13:04:03.678,627751198,左脚+右脚,0.5156901810276301,0.7972616361371849,1.452923059463501,0.5596523284912109,-1.8289202451705933,27,596,570
2026-04-02 13:04:03.709,627784532,左脚+右脚,0.5789878282654077,0.7746603479264552,1.2659529447555542,0.2989945411682129,-1.9142076969146729,27,597,571
2026-04-02 13:04:03.738,627817866,左脚+右脚,0.6354246828663141,0.7645451758872839,1.1287370920181274,0.18425610661506653,-2.0105347633361816,27,598,572
2026-04-02 13:04:03.768,627851200,左脚+右脚,0.6873416576492579,0.739545626247512,1.0383394956588745,-0.13029393553733826,-1.980710744857788,27,599,573
2026-04-02 13:04:03.799,627884534,左脚+右脚,0.7290682706939967,0.7311259920883977,0.8345322608947754,-0.20928999781608582,-1.7565555572509766,27,600,574
2026-04-02 13:04:03.829,627917868,左脚+右脚,0.7561676615186326,0.7100619725405339,0.8129817247390747,-0.32901349663734436,-1.2834975719451904,27,601,575
2026-04-02 13:04:03.888,627951202,左脚+右脚,0.7816394799657456,0.6644292290865682,0.7641545534133911,-0.5043702721595764,-0.8459051251411438,27,602,576
2026-04-02 13:04:03.919,627984536,左脚+右脚,0.8054880970426194,0.5204497174606513,0.7154585123062134,-1.1369414329528809,-0.1468941569328308,27,603,577
2026-04-02 13:04:03.949,628017870,左脚+右脚,0.8256623520163489,0.5036247603401312,0.6052276492118835,-1.451806902885437,-0.033070679754018784,27,604,578
2026-04-02 13:04:03.978,628051204,左脚+右脚,0.8445800099479945,0.49093133658485555,0.5675297379493713,-1.4459638595581055,0.08248043805360794,27,605,579
2026-04-02 13:04:04.010,628084538,左脚+右脚,0.8640149229474655,0.509224359180687,0.5830473899841309,-1.5506699085235596,-0.08997505158185959,27,606,580
2026-04-02 13:04:04.039,628117872,左脚+右脚,0.8847863727517715,0.49948246490785997,0.6231434941291809,-1.6018836498260498,0.005208973772823811,27,607,581
2026-04-02 13:04:04.068,628151206,左脚+右脚,0.9204546226767492,0.5488720982765204,1.0700474977493286,-1.8783154487609863,-0.5956186652183533,27,608,582
2026-04-02 13:04:04.098,628184540,左脚+右脚,0.9788013233450841,0.3365024253082608,1.1669340133666992,-1.0914000272750854,1.8063198328018188,27,609,583
2026-04-02 13:04:04.159,628217874,左脚+右脚,0.03652759926595195,0.32354653969837377,1.1545255184173584,-0.8529837727546692,1.7125604152679443,27,610,584
2026-04-02 13:04:04.188,628251208,左脚+右脚,0.09480602877416117,0.32439155410689086,1.1655685901641846,-0.7793444991111755,1.5441147089004517,27,611,585
2026-04-02 13:04:04.218,628284542,左脚+右脚,0.1562841846255253,0.31970434356727756,1.2295631170272827,-0.6959210634231567,1.4860669374465942,27,612,586
2026-04-02 13:04:04.249,628317876,左脚+右脚,0.21493297951497536,0.3171976270528902,1.1729758977890015,-0.6816537976264954,1.5173755884170532,27,613,587
2026-04-02 13:04:04.279,628351210,左脚+右脚,0.2708894683627079,0.33197488880553766,1.1191297769546509,-0.7556056380271912,1.334932565689087,27,614,588
2026-04-02 13:04:04.308,628384544,左脚+右脚,0.3252322448996494,0.36631346804854753,1.0868555307388306,-0.9070799350738525,1.0119214057922363,27,615,589
2026-04-02 13:04:04.338,628417878,左脚+右脚,0.37005106048860054,0.43719071494714346,0.8963763117790222,-1.0248525142669678,0.42684298753738403,27,616,590
2026-04-02 13:04:04.368,628451212,左脚+右脚,0.4100749059227894,0.5223371114946944,0.8004769086837769,-1.0342243909835815,-0.14611215889453888,27,617,591
2026-04-02 13:04:04.399,628484546,左脚+右脚,0.4501356406716297,0.5521085068588949,0.8012146949768066,-1.0600557327270508,-0.3600274324417114,27,618,592
2026-04-02 13:04:04.428,628517880,左脚+右脚,0.4905366166142414,0.5635787499081345,0.8080195188522339,-1.0356314182281494,-0.4372197091579437,27,619,593
2026-04-02 13:04:04.489,628551214,左脚+右脚,0.5319148762730549,0.5740153248626119,0.8275651931762695,-0.9944707155227661,-0.49898236989974976,27,620,594
2026-04-02 13:04:04.519,628584548,左脚+右脚,0.5602347437250406,0.2905233893376163,0.8495960235595703,-0.2337508201599121,0.8981273174285889,27,621,595
2026-04-02 13:04:04.548,628617882,左脚+右脚,0.5943044844972879,0.10412730204292063,1.0220922231674194,0.31828805804252625,0.2441059648990631,27,622,596
2026-04-02 13:04:04.579,628651216,左脚+右脚,0.6428329650270731,0.04684503268080636,0.9705696105957031,0.3660171329975128,0.11095482856035233,27,623,597
2026-04-02 13:04:04.608,628684550,左脚+右脚,0.6888970468151362,0.04624679048530753,0.921281635761261,0.35309454798698425,0.10558990389108658,27,624,598
2026-04-02 13:04:04.639,628717884,左脚+右脚,0.7331225875723154,0.026662121975044712,0.8845108151435852,0.28992488980293274,0.049028608947992325,27,625,599
2026-04-02 13:04:04.668,628751218,左脚+右脚,0.7785136524545938,0.9153401167250558,0.9078212976455688,0.22488650679588318,-0.1323496550321579,27,626,600
2026-04-02 13:04:04.698,628784552,左脚+右脚,0.8287878576624185,0.8571959366220057,1.0054841041564941,0.2967938482761383,-0.37191319465637207,27,627,601
2026-04-02 13:04:04.729,628817886,左脚+右脚,0.8589064899790079,0.6549944586380225,0.9035589694976807,-0.4268374741077423,-0.628025233745575,27,628,602
2026-04-02 13:04:04.789,628851220,左脚+右脚,0.8878971600242247,0.6038046940410502,0.8697201013565063,-0.7009022235870361,-0.53529292345047,27,629,603
2026-04-02 13:04:04.821,628884554,左脚+右脚,0.914501119028309,0.5766861738035727,0.7981187701225281,-0.782414436340332,-0.40915849804878235,27,630,604
2026-04-02 13:04:04.878,628917888,左脚+右脚,0.9409382029084156,0.572419708470292,0.7931125164031982,-0.7957071661949158,-0.38931527733802795,27,631,605
2026-04-02 13:04:04.879,628951222,左脚+右脚,0.9716991130220681,0.6208874218467395,0.9228273034095764,-0.5404470562934875,-0.5132142901420593,27,632,606
2026-04-02 13:04:04.909,628984556,左脚+右脚,0.007805504769860638,0.8147220916834947,1.0831917524337769,0.19759601354599,-0.4588138461112976,27,633,607
2026-04-02 13:04:04.940,629017890,左脚+右脚,0.04327062206544373,0.9747249990407683,1.0639535188674927,0.41450613737106323,-0.06638570874929428,27,634,608
2026-04-02 13:04:04.968,629051224,左脚+右脚,0.07707959649044169,0.988842168961411,1.014269232749939,1.0198205709457397,-0.07161363959312439,27,635,609
2026-04-02 13:04:04.999,629084558,左脚+右脚,0.11085710363664122,0.005728758693766983,1.0133252143859863,0.9661499261856079,0.03479145094752312,27,636,610
2026-04-02 13:04:05.028,629117892,左脚+右脚,0.14312949416118753,0.06841304996015314,0.9681717157363892,0.6364354491233826,0.2917685806751251,27,637,611
2026-04-02 13:04:05.088,629151226,左脚+右脚,0.1744043083112768,0.17440430831127676,0.8595149517059326,0.3179878294467926,0.6183537840843201,27,638,612
2026-04-02 13:04:05.119,629184560,左脚+右脚,0.21167097996883905,0.2275197282470307,0.7453334331512451,0.11849263310432434,0.8333131074905396,27,639,613
2026-04-02 13:04:05.148,629217894,左脚+右脚,0.2362788211426468,0.19540773050406807,0.7382352352142334,0.5246366262435913,1.4690316915512085,27,640,614
2026-04-02 13:04:05.178,629251228,左脚+右脚,0.26157207003447724,0.15296446696467242,0.7587974667549133,1.0786888599395752,1.5443798303604126,27,641,615
2026-04-02 13:04:05.209,629284562,左脚+右脚,0.28675073297036996,0.15072245540888699,0.7553598880767822,1.134369134902954,1.57632315158844,27,642,616
2026-04-02 13:04:05.238,629317896,左脚+右脚,0.3126354129236272,0.16902598096369778,0.7765403985977173,0.9178470373153687,1.6456208229064941,27,643,617
2026-04-02 13:04:05.268,629351230,左脚+右脚,0.3389059296370875,0.20644847716604356,0.7881155014038086,0.5197480916976929,1.8517237901687622,27,644,618
2026-04-02 13:04:05.298,629384564,左脚+右脚,0.3663670451562932,0.2186868933325861,0.8238334655761719,0.4117754399776459,2.0658535957336426,27,645,619
2026-04-02 13:04:05.328,629417898,左脚+右脚,0.39739001901162974,0.17403609036124146,0.9306892156600952,0.9917564392089844,1.9176310300827026,27,646,620
2026-04-02 13:04:05.389,629451232,左脚+右脚,0.4281411678712896,0.15429530937446576,0.9225344657897949,1.1608331203460693,1.691950798034668,27,647,621
2026-04-02 13:04:05.419,629484566,左脚+右脚,0.4569835097711614,0.13433477629804352,0.8652702569961548,1.2327395677566528,1.3865424394607544,27,648,622
2026-04-02 13:04:05.449,629517900,左脚+右脚,0.486934899401797,0.12868807612748911,0.8985416889190674,1.1919982433319092,1.2485631704330444,27,649,623
2026-04-02 13:04:05.478,629551234,左脚+右脚,0.5171221167963079,0.13684427639648533,0.9056165218353271,1.1419918537139893,1.3259990215301514,27,650,624
2026-04-02 13:04:05.508,629584568,左脚+右脚,0.5458767007908555,0.1507587409476741,0.8626375198364258,1.0231297016143799,1.4224283695220947,27,651,625
2026-04-02 13:04:05.538,629617902,左脚+右脚,0.5735847464324367,0.17376707517525397,0.8312413692474365,0.7341634631156921,1.4136955738067627,27,652,626
2026-04-02 13:04:05.568,629651236,左脚+右脚,0.5978445123753282,0.17996587580818585,0.7277929782867432,0.5690966844558716,1.208719253540039,27,653,627
2026-04-02 13:04:05.598,629684570,左脚+右脚,0.6216220449528429,0.1741233519512464,0.7133259773254395,0.6151378154754639,1.1910122632980347,27,654,628
2026-04-02 13:04:05.628,629717904,左脚+右脚,0.6472730627776516,0.15877681394356705,0.7695305347442627,0.7772690653800964,1.204222321510315,27,655,629
2026-04-02 13:04:05.689,629751238,左脚+右脚,0.6886346659184827,0.1366267238148927,0.8272320628166199,0.99760901927948,1.1551549434661865,27,656,630
2026-04-02 13:04:05.718,629784572,左脚+右脚,0.7336920163155927,0.10857499982281224,0.9011470079421997,1.140569806098938,0.9264863133430481,27,657,631
2026-04-02 13:04:05.748,629817906,左脚+右脚,0.7829413196565045,0.07798210821993738,0.9849860668182373,0.9104649424552917,0.4856031835079193,27,658,632
2026-04-02 13:04:05.778,629851240,左脚+右脚,0.8342800161363019,0.05223082152137187,1.0267739295959473,0.5822641849517822,0.19825400412082672,27,659,633
2026-04-02 13:04:05.808,629884574,左脚+右脚,0.8850877544404401,0.02530331002531471,1.0161547660827637,0.5759850740432739,0.09235263615846634,27,660,634
2026-04-02 13:04:05.839,629917908,左脚+右脚,0.9314184597255124,0.01511989878108658,0.9266141057014465,0.3998176157474518,0.0380978062748909,27,661,635
2026-04-02 13:04:05.868,629951242,左脚+右脚,0.978751592946185,0.9802751276396351,0.9466626644134521,0.5471776723861694,-0.06816383451223373,27,662,636
2026-04-02 13:04:05.899,629984576,左脚+右脚,0.010619144749773879,0.8957644921504212,0.956026554107666,0.36091265082359314,-0.2771861255168915,27,663,637
2026-04-02 13:04:05.929,630017910,左脚+右脚,0.04500387222780122,0.756008147225707,1.0315418243408203,0.02702273800969124,-0.7154883146286011,27,664,638
2026-04-02 13:04:05.988,630051244,左脚+右脚,0.07864221047573619,0.6544264596521877,1.0091501474380493,-0.5220022797584534,-0.7621803283691406,27,665,639
2026-04-02 13:04:06.019,630084578,左脚+右脚,0.1099630645038022,0.595242654457239,0.93962562084198,-0.8479650020599365,-0.5781683325767517,27,666,640
2026-04-02 13:04:06.048,630117912,左脚+右脚,0.15426506907953158,0.573951348893567,0.8860400915145874,-0.8644111156463623,-0.43328922986984253,27,667,641
2026-04-02 13:04:06.078,630151246,左脚+右脚,0.19740648479474918,0.564561260408973,0.8628283143043518,-0.8198325037956238,-0.3520931601524353,27,668,642
2026-04-02 13:04:06.109,630184580,左脚+右脚,0.24090554924024477,0.5668783971246326,0.8699812889099121,-0.8604696989059448,-0.38447824120521545,27,669,643
2026-04-02 13:04:06.138,630217914,左脚+右脚,0.28353225500596896,0.5673855551100144,0.8525341153144836,-0.8437809348106384,-0.3802514970302582,27,670,644
2026-04-02 13:04:06.168,630251248,左脚+右脚,0.31999995024217504,0.8134083368876448,1.0940308570861816,0.3378215730190277,-0.8025867938995361,27,671,645
2026-04-02 13:04:06.198,630284582,左脚+右脚,0.356174696596596,0.9089057442811471,1.0852423906326294,0.6109786033630371,-0.39365726709365845,27,672,646
2026-04-02 13:04:06.259,630317916,左脚+右脚,0.39050051084372733,0.9833354532784162,1.0297744274139404,1.0249524116516113,-0.10771303623914719,27,673,647
2026-04-02 13:04:06.289,630351250,左脚+右脚,0.42432372283154063,0.997711543503558,1.0146963596343994,1.1084076166152954,-0.015938665717840195,27,674,648
2026-04-02 13:04:06.319,630384584,左脚+右脚,0.45526997756176524,0.04446964680120087,0.9283876419067383,0.9048982262611389,0.2596304714679718,27,675,649
2026-04-02 13:04:06.349,630417918,左脚+右脚,0.4859657099963559,0.10884781368626677,0.9208719730377197,0.7381226420402527,0.6016809940338135,27,676,650
2026-04-02 13:04:06.378,630451252,左脚+右脚,0.5140692880870237,0.1441609541608183,0.8431073427200317,0.6230699419975281,0.7945718169212341,27,677,651
2026-04-02 13:04:06.408,630484586,左脚+右脚,0.5389984221380287,0.19179204016957208,0.7478740215301514,0.36410650610923767,0.9507678151130676,27,678,652
2026-04-02 13:04:06.438,630517920,左脚+右脚,0.5620743563891782,0.19088046227811295,0.6922780275344849,0.6813554763793945,1.7491166591644287,27,679,653
2026-04-02 13:04:06.468,630551254,左脚+右脚,0.5850567332030668,0.17262050776132343,0.6894713044166565,1.0556024312973022,1.9973416328430176,27,680,654
2026-04-02 13:04:06.498,630584588,左脚+右脚,0.608330451560153,0.18280180513778715,0.6982115507125854,0.9342067241668701,2.0795438289642334,27,681,655
2026-04-02 13:04:06.558,630617922,左脚+右脚,0.6322514922540718,0.20999170232177952,0.7176312208175659,0.5551671981811523,2.1617655754089355,27,682,656
2026-04-02 13:04:06.589,630651256,左脚+右脚,0.6569505344948504,0.23364328864241382,0.7409712672233582,0.23476412892341614,2.27626633644104,27,683,657
2026-04-02 13:04:06.619,630684590,左脚+右脚,0.6867655924083127,0.1761747461482214,0.8944517374038696,1.1693181991577148,2.3374083042144775,27,684,658
2026-04-02 13:04:06.648,630717924,左脚+右脚,0.7324571362258329,0.15830889109058244,0.9138308763504028,1.363683819770813,2.0991830825805664,27,685,659
2026-04-02 13:04:06.678,630751258,左脚+右脚,0.7765551975489987,0.14407750832624064,0.8819612264633179,1.4691920280456543,1.8715698719024658,27,686,660
2026-04-02 13:04:06.708,630784592,左脚+右脚,0.8199906697989835,0.13389522124236705,0.8687094449996948,1.4564552307128906,1.629086971282959,27,687,661
2026-04-02 13:04:06.738,630817926,左脚+右脚,0.8660999229670896,0.13049767215565777,0.9221850633621216,1.3922410011291504,1.4919074773788452,27,688,662
2026-04-02 13:04:06.768,630851260,左脚+右脚,0.9108649006606473,0.13497384988377137,0.8952995538711548,1.4085941314697266,1.5972073078155518,27,689,663
2026-04-02 13:04:06.798,630884594,左脚+右脚,0.953963094067706,0.14770362168091555,0.8619638681411743,1.2608126401901245,1.6837269067764282,27,690,664
2026-04-02 13:04:06.828,630917928,左脚+右脚,0.9948477438212765,0.1758577589970269,0.8176929950714111,0.8401062488555908,1.6710041761398315,27,691,665
2026-04-02 13:04:06.889,630951262,左脚+右脚,0.028158374738825653,0.19657767302398474,0.6662126183509827,0.4901992380619049,1.40513014793396,27,692,666
2026-04-02 13:04:06.918,630984596,左脚+右脚,0.06247092099203,0.18264202632498203,0.6862509250640869,0.6295201778411865,1.3975565433502197,27,693,667
2026-04-02 13:04:06.949,631017930,左脚+右脚,0.09967797012342343,0.16512488816695564,0.7441409826278687,0.8500961661338806,1.4400118589401245,27,694,668
2026-04-02 13:04:06.979,631051264,左脚+右脚,0.13969450206769835,0.14664579954662382,0.800330638885498,1.1036920547485352,1.453664779663086,27,695,669
2026-04-02 13:04:07.009,631084598,左脚+右脚,0.1690659385046694,0.12700054663003382,0.8811430931091309,1.1505730152130127,1.1798677444458008,27,696,670
2026-04-02 13:04:07.068,631117932,左脚+右脚,0.2008386573315991,0.09675245313979457,0.9531815648078918,0.41590583324432373,0.28939467668533325,27,697,671
2026-04-02 13:04:07.069,631151266,左脚+右脚,0.23416853756917846,0.06579663905199565,0.9998964071273804,0.5013460516929626,0.21993768215179443,27,698,672
2026-04-02 13:04:07.098,631184600,左脚+右脚,0.2660503527642621,0.06201929953230793,0.9564544558525085,0.4991912543773651,0.20500758290290833,27,699,673
2026-04-02 13:04:07.129,631217934,左脚+右脚,0.29652778716100586,0.06746275452940075,0.9143230319023132,0.4371132552623749,0.19724106788635254,27,700,674
2026-04-02 13:04:07.189,631251268,左脚+右脚,0.32696471225433876,0.007730678250618013,0.9131077527999878,0.5223796367645264,0.025393668562173843,27,701,675
2026-04-02 13:04:07.218,631284602,左脚+右脚,0.35913973263118,0.9179466497017387,0.9652506113052368,0.38880497217178345,-0.22032661736011505,27,702,676
2026-04-02 13:04:07.248,631317936,左脚+右脚,0.41232827118251053,0.7495923240475022,1.0637707710266113,-0.0018889270722866058,-0.7374274134635925,27,703,677
2026-04-02 13:04:07.278,631351270,左脚+右脚,0.464770756276581,0.6443018549110173,1.0488497018814087,-0.6019541025161743,-0.7690449357032776,27,704,678
2026-04-02 13:04:07.309,631384604,左脚+右脚,0.5137848298868868,0.586807921638242,0.9802814722061157,-0.9156507849693298,-0.5556491613388062,27,705,679
2026-04-02 13:04:07.339,631417938,左脚+右脚,0.5591845553240511,0.5626294372250411,0.9079945087432861,-0.8564175367355347,-0.35555604100227356,27,706,680
2026-04-02 13:04:07.370,631451272,左脚+右脚,0.5883455794176791,0.5525652298147352,0.8748307228088379,-0.8249862194061279,-0.2828337252140045,27,707,681
2026-04-02 13:04:07.398,631484606,左脚+右脚,0.6180587332567904,0.5582784710034996,0.8913946151733398,-0.8764034509658813,-0.3360731899738312,27,708,682
2026-04-02 13:04:07.429,631517940,左脚+右脚,0.6476130645594332,0.5653359259813029,0.8866299390792847,-0.8607968091964722,-0.37465912103652954,27,709,683
2026-04-02 13:04:07.489,631551274,左脚+右脚,0.7044604521116946,0.8222858998247741,1.136947751045227,0.392024427652359,-0.8029536604881287,27,710,684
2026-04-02 13:04:07.518,631584608,左脚+右脚,0.7573667984328005,0.9266607638843322,1.0581269264221191,0.8555405735969543,-0.42473357915878296,27,711,685
2026-04-02 13:04:07.548,631617942,左脚+右脚,0.8076903503260348,0.992148621156507,1.006471037864685,1.1104847192764282,-0.05482654646039009,27,712,686
2026-04-02 13:04:07.578,631651276,左脚+右脚,0.8582729976496432,0.0014838246881563818,1.011652946472168,1.2238502502441406,0.011410464532673359,27,713,687
2026-04-02 13:04:07.608,631684610,左脚+右脚,0.9036480348429415,0.03674140709149697,0.9075007438659668,1.0842466354370117,0.25484499335289,27,714,688
2026-04-02 13:04:07.639,631717944,左脚+右脚,0.9494110297283862,0.09707185736837774,0.9152598977088928,0.8318666815757751,0.5813088417053223,27,715,689
2026-04-02 13:04:07.668,631751278,左脚+右脚,0.9941782068333361,0.12096043493198336,0.895343542098999,0.8373610377311707,0.7958978414535522,27,716,690
2026-04-02 13:04:07.698,631784612,左脚+右脚,0.03463692775580629,0.15734539695273023,0.8091744184494019,0.5797773003578186,0.880760908126831,27,717,691
2026-04-02 13:04:07.728,631817946,左脚+右脚,0.06831272354933962,0.19602447351611071,0.6735159158706665,0.38483867049217224,1.0909128189086914,27,718,692
2026-04-02 13:04:07.789,631851280,左脚+右脚,0.0969582509121631,0.2117818933832626,0.5729105472564697,0.4030701816082001,1.6461517810821533,27,719,693
2026-04-02 13:04:07.818,631884614,左脚+右脚,0.12722132912490114,0.18445251315561004,0.6052615642547607,0.8251276612281799,1.8889036178588867,27,720,694
2026-04-02 13:04:07.848,631917948,左脚+右脚,0.15897390952918275,0.19668330035703116,0.6350516080856323,0.7087962031364441,2.0360705852508545,27,721,695
2026-04-02 13:04:07.878,631951282,左脚+右脚,0.19423160067412598,0.21365602725142013,0.7051538228988647,0.5271223783493042,2.2680728435516357,27,722,696
2026-04-02 13:04:07.908,631984616,左脚+右脚,0.22452436597360514,0.1676870827759045,0.908782958984375,1.12787663936615,1.982790231704712,27,723,697
2026-04-02 13:04:07.938,632017950,左脚+右脚,0.25381454141153237,0.15774419297944745,0.8787052631378174,1.3817269802093506,2.110527992248535,27,724,698
2026-04-02 13:04:07.969,632051284,左脚+右脚,0.28239627988351723,0.146118598561538,0.8574521541595459,1.5509419441223145,2.028745651245117,27,725,699
2026-04-02 13:04:07.998,632084618,左脚+右脚,0.3096480877321297,0.13891654712138393,0.817554235458374,1.5937294960021973,1.9000033140182495,27,726,700
2026-04-02 13:04:08.028,632117952,左脚+右脚,0.33820593268884563,0.12852813098866064,0.856735348701477,1.4586701393127441,1.5248186588287354,27,727,701
2026-04-02 13:04:08.092,632151286,左脚+右脚,0.36826971681131265,0.12264654101238501,0.9019135236740112,1.449988842010498,1.4077280759811401,27,728,702
2026-04-02 13:04:08.118,632184620,左脚+右脚,0.3969514440617297,0.12864400528895745,0.8604518175125122,1.4849774837493896,1.5545833110809326,27,729,703
2026-04-02 13:04:08.179,632217954,左脚+右脚,0.4247344206890796,0.13413052714229226,0.8334892988204956,1.5159647464752197,1.7007038593292236,27,730,704
2026-04-02 13:04:08.180,632251288,左脚+右脚,0.4504293035588,0.15364508458803586,0.7708464860916138,1.2249131202697754,1.7698062658309937,27,731,705
2026-04-02 13:04:08.208,632284622,左脚+右脚,0.4712058773757352,0.1925217927006612,0.6232972145080566,0.5327673554420471,1.4105119705200195,27,732,706
2026-04-02 13:04:08.239,632317956,左脚+右脚,0.4919987908126249,0.2169807901338012,0.6237874031066895,0.27857688069343567,1.3234398365020752,27,733,707
2026-04-02 13:04:08.269,632351290,左脚+右脚,0.5144936155400012,0.17949438364054882,0.6748447418212891,0.5900723338127136,1.2436964511871338,27,734,708
2026-04-02 13:04:08.301,632384624,左脚+右脚,0.5393779368322426,0.15174041102407496,0.7465296387672424,0.7782964110374451,1.0962448120117188,27,735,709
2026-04-02 13:04:08.359,632417958,左脚+右脚,0.5680355559906695,0.3663582962137365,0.8597285747528076,-0.14628830552101135,0.16310404241085052,27,736,710
2026-04-02 13:04:08.388,632451292,左脚+右脚,0.598915494593117,0.098860867804922,0.9263981580734253,0.07128152251243591,0.05101357772946358,27,737,711
2026-04-02 13:04:08.448,632484626,左脚+右脚,0.6462825249752734,0.0028505813085736367,0.9473406076431274,0.22845929861068726,0.004092310555279255,27,738,712
2026-04-02 13:04:08.449,632517960,左脚+右脚,0.6907922934612963,0.9879687006676715,0.890195369720459,0.5074735879898071,-0.03843564912676811,27,739,713
2026-04-02 13:04:08.479,632551294,左脚+右脚,0.7336380492768023,0.027366314698873045,0.8569151163101196,0.4131926894187927,0.07175607979297638,27,740,714
2026-04-02 13:04:08.508,632584628,左脚+右脚,0.7773183029017184,0.9678693657529465,0.8736050724983215,0.49423208832740784,-0.10115491598844528,27,741,715
2026-04-02 13:04:08.539,632617962,左脚+右脚,0.8235088746866915,0.8567241227597238,0.9238114356994629,0.2774756848812103,-0.34982767701148987,27,742,716
2026-04-02 13:04:08.568,632651296,左脚+右脚,0.8379876338233211,0.8379876338233211,1.0171219110488892,0.34785765409469604,-0.5637675523757935,27,743,717
2026-04-02 13:04:08.628,632684630,左脚+右脚,0.8738180958022335,0.8081510892611972,1.0749138593673706,0.3143087923526764,-0.8216131925582886,27,744,718
2026-04-02 13:04:08.658,632717964,左脚+右脚,0.9032675010750352,0.5816074917665268,0.8834821581840515,-0.8460700511932373,-0.47632160782814026,27,745,719
2026-04-02 13:04:08.688,632751298,左脚+右脚,0.9317407352516709,0.5672099695795383,0.8541970252990723,-0.7928503751754761,-0.3562477231025696,27,746,720
2026-04-02 13:04:08.719,632784632,左脚+右脚,0.9595013879527309,0.5472747499742456,0.8328195810317993,-0.7722320556640625,-0.23637375235557556,27,747,721
2026-04-02 13:04:08.749,632817966,左脚+右脚,0.9866225265254237,0.5498220803855333,0.8136341571807861,-0.7712666392326355,-0.2496468424797058,27,748,722
2026-04-02 13:04:08.779,632851300,左脚+右脚,0.013261070131228125,0.55181028086486,0.7991563081741333,-0.7562297582626343,-0.25525933504104614,27,749,723
2026-04-02 13:04:08.809,632884634,左脚+右脚,0.03842480607724762,0.5555342037127178,0.7549120783805847,-0.7605187892913818,-0.27669066190719604,27,750,724
2026-04-02 13:04:08.839,632917968,左脚+右脚,0.07641464896894073,0.8610371466831931,1.1396952867507935,0.751334547996521,-0.8962512016296387,27,751,725
2026-04-02 13:04:08.869,632951302,左脚+右脚,0.11259057152168528,0.9290360557707162,1.0852776765823364,1.0349066257476807,-0.49466806650161743,27,752,726
2026-04-02 13:04:08.899,632984636,左脚+右脚,0.14885013131197866,0.9687625119541652,1.0877867937088013,1.2600675821304321,-0.2505400478839874,27,753,727
2026-04-02 13:04:08.959,633017970,左脚+右脚,0.18055108415977733,0.003010520676750562,0.95102858543396,1.3495699167251587,0.025531049817800522,27,754,728
2026-04-02 13:04:08.990,633051304,左脚+右脚,0.21176378754671987,0.07366653448425463,0.9363811016082764,0.8803894519805908,0.4393288493156433,27,755,729
2026-04-02 13:04:09.019,633084638,左脚+右脚,0.24272143868502555,0.11438170652446386,0.9287295341491699,0.8448262810707092,0.739001452922821,27,756,730
2026-04-02 13:04:09.049,633117972,左脚+右脚,0.27288537450528716,0.12983625805186985,0.9049180746078491,0.8451566100120544,0.8981468677520752,27,757,731
2026-04-02 13:04:09.079,633151306,左脚+右脚,0.30073187378939564,0.1502257948126924,0.8353949785232544,0.7486608624458313,1.0335235595703125,27,758,732
2026-04-02 13:04:09.110,633184640,左脚+右脚,0.3231381856192805,0.20796838886028496,0.6721893548965454,0.531283438205719,1.9647449254989624,27,759,733
2026-04-02 13:04:09.139,633217974,左脚+右脚,0.34520301647878265,0.19262153271949137,0.6619449257850647,0.8911880254745483,2.3639183044433594,27,760,734
2026-04-02 13:04:09.169,633251308,左脚+右脚,0.36679653354383085,0.19668776585981573,0.6478055119514465,0.8538535833358765,2.4529805183410645,27,761,735
2026-04-02 13:04:09.200,633284642,左脚+右脚,0.38885624833798976,0.21778209638082507,0.6617914438247681,0.4907829463481903,2.391237497329712,27,762,736
2026-04-02 13:04:09.230,633317976,左脚+右脚,0.4120592239290135,0.23574498516036776,0.6960892677307129,0.21889647841453552,2.4374051094055176,27,763,737
2026-04-02 13:04:09.288,633351310,左脚+右脚,0.4414786381313857,0.16205886916337214,0.882582426071167,1.4686514139175415,2.381777763366699,27,764,738
2026-04-02 13:04:09.318,633384644,左脚+右脚,0.47066386965807844,0.1542236454266749,0.8755569458007812,1.673572301864624,2.4369313716888428,27,765,739
2026-04-02 13:04:09.348,633417978,左脚+右脚,0.49954712418612407,0.14406867386769098,0.8664976358413696,1.8209476470947266,2.3193981647491455,27,766,740
2026-04-02 13:04:09.379,633451312,左脚+右脚,0.5273763540178196,0.13449820751186636,0.8348768949508667,1.7977383136749268,2.026219606399536,27,767,741
2026-04-02 13:04:09.409,633484646,左脚+右脚,0.5575855973153965,0.12956144436729572,0.9062772989273071,1.5946513414382935,1.6887816190719604,27,768,742
2026-04-02 13:04:09.440,633517980,左脚+右脚,0.5884201132048822,0.12986847968163368,0.9250354766845703,1.6181418895721436,1.7202950716018677,27,769,743
2026-04-02 13:04:09.471,633551314,左脚+右脚,0.6178206565767186,0.1370162806176532,0.8820163011550903,1.5765531063079834,1.8345863819122314,27,770,744
2026-04-02 13:04:09.499,633584648,左脚+右脚,0.646884962200091,0.14698956568758945,0.8719291687011719,1.3818881511688232,1.8282607793807983,27,771,745
2026-04-02 13:04:09.530,633617982,左脚+右脚,0.67077356207268,0.18777379629017196,0.7166579961776733,0.6815329790115356,1.6534055471420288,27,772,746
2026-04-02 13:04:09.590,633651316,左脚+右脚,0.6915740294048842,0.20796107692242302,0.6240140199661255,0.4257947504520416,1.574349045753479,27,773,747
2026-04-02 13:04:09.620,633684650,左脚+右脚,0.7252968413422164,0.18821435497241018,0.6744562387466431,0.6250659227371216,1.5284101963043213,27,774,748
2026-04-02 13:04:09.650,633717984,左脚+右脚,0.7615976048300322,0.16093813475467444,0.7260152697563171,0.9454996585845947,1.5094627141952515,27,775,749
2026-04-02 13:04:09.680,633751318,左脚+右脚,0.8017539871523437,0.1416428460604404,0.803127646446228,1.1025447845458984,1.3611128330230713,27,776,750
2026-04-02 13:04:09.709,633784652,左脚+右脚,0.8322537593831278,0.3565972970225867,0.914993166923523,-0.18707212805747986,0.23623773455619812,27,777,751
2026-04-02 13:04:09.740,633817986,左脚+右脚,0.8815225355614879,0.1542987459563498,0.9853755235671997,0.12135389447212219,0.17688530683517456,27,778,752
2026-04-02 13:04:09.769,633851320,左脚+右脚,0.9311750881661631,0.0727940559255757,0.9930510520935059,0.29508957266807556,0.14523956179618835,27,779,753
2026-04-02 13:04:09.799,633884654,左脚+右脚,0.9787485532750346,0.0494978670159444,0.9514693021774292,0.44481152296066284,0.14297807216644287,27,780,754
2026-04-02 13:04:09.829,633917988,左脚+右脚,0.02527776884929911,0.04773848652071676,0.9305843114852905,0.4649547040462494,0.143801748752594,27,781,755
2026-04-02 13:04:09.889,633951322,左脚+右脚,0.05689722227947489,0.9776735413830667,0.9485836029052734,0.4337141811847687,-0.06124424561858177,27,782,756
2026-04-02 13:04:09.919,633984656,左脚+右脚,0.09116838701463317,0.8404829823371364,1.0281349420547485,0.2438203990459442,-0.3816346228122711,27,783,757
2026-04-02 13:04:09.949,634017990,左脚+右脚,0.1283450556585846,0.7471184788424202,1.1153000593185425,-0.016346778720617294,-0.9027823209762573,27,784,758
2026-04-02 13:04:10.009,634051324,左脚+右脚,0.17408797271943663,0.5870729806224233,0.914858341217041,-0.8784372806549072,-0.5350704193115234,27,785,759
2026-04-02 13:04:10.009,634084658,左脚+右脚,0.21842650302148436,0.5716577256358226,0.8867706060409546,-0.8852070569992065,-0.4278644621372223,27,786,760
2026-04-02 13:04:10.039,634117992,左脚+右脚,0.2614273203203735,0.5613720260707444,0.8600163459777832,-0.8279841542243958,-0.3361073136329651,27,787,761
2026-04-02 13:04:10.070,634151326,左脚+右脚,0.3038035286257324,0.5656213968482688,0.8475241661071777,-0.833785891532898,-0.3646829426288605,27,788,762
2026-04-02 13:04:10.099,634184660,左脚+右脚,0.343623508293396,0.5647582810206004,0.7963995933532715,-0.794173538684845,-0.34223848581314087,27,789,763
2026-04-02 13:04:10.129,634217994,左脚+右脚,0.3820938987324295,0.5719301747957963,0.7694078087806702,-0.7623608708381653,-0.3700980842113495,27,790,764
2026-04-02 13:04:10.190,634251328,左脚+右脚,0.4195364279339371,0.5637207008068621,0.7488505840301514,-0.760132908821106,-0.32170969247817993,27,791,765
2026-04-02 13:04:10.219,634284662,左脚+右脚,0.46902201004720306,0.7902680167663214,0.9897116422653198,0.20691505074501038,-0.8002836108207703,27,792,766
2026-04-02 13:04:10.250,634317996,左脚+右脚,0.5227027995178757,0.8778586687422677,1.0736157894134521,0.35440415143966675,-0.3418961763381958,27,793,767
2026-04-02 13:04:10.279,634351330,左脚+右脚,0.5750904542992172,0.019052917632727387,1.047753095626831,0.6926958560943604,0.08332312852144241,27,794,768
2026-04-02 13:04:10.309,634384664,左脚+右脚,0.6255934340546189,0.032216820572155226,1.0100595951080322,0.8522228002548218,0.17490607500076294,27,795,769
2026-04-02 13:04:10.340,634417998,左脚+右脚,0.6750374955723343,0.08187603536452664,0.9888812303543091,0.7245357036590576,0.4095115661621094,27,796,770
2026-04-02 13:04:10.369,634451332,左脚+右脚,0.7225306136200486,0.12353613552696804,0.9498623609542847,0.6484589576721191,0.6366386413574219,27,797,771
2026-04-02 13:04:10.400,634484666,左脚+右脚,0.7696624202320633,0.11654015990832468,0.9426361322402954,0.7073407173156738,0.6358751058578491,27,798,772
2026-04-02 13:04:10.429,634518000,左脚+右脚,0.8147699875423966,0.12467987405769292,0.902151346206665,0.7725032567977905,0.7694018483161926,27,799,773
2026-04-02 13:04:10.489,634551334,左脚+右脚,0.8563408178875505,0.1397306480685611,0.8314166069030762,0.7648369669914246,0.921349823474884,27,800,774
2026-04-02 13:04:10.519,634584668,左脚+右脚,0.8932412607262192,0.17576084649074908,0.7380088567733765,0.6645161509513855,1.3197455406188965,27,801,775
2026-04-02 13:04:10.549,634618002,左脚+右脚,0.9218010974714814,0.2140913451783325,0.5711967349052429,0.512944221496582,2.234771490097046,27,802,776
2026-04-02 13:04:10.579,634651336,左脚+右脚,0.9533064378092347,0.20751984227123693,0.6301068067550659,0.6543952226638794,2.3932383060455322,27,803,777
2026-04-02 13:04:10.609,634684670,左脚+右脚,0.9879042936155854,0.21139475905156094,0.6919571161270142,0.6267874240875244,2.5331311225891113,27,804,778
2026-04-02 13:04:10.670,634718004,左脚+右脚,0.03215464480615249,0.18880161402888881,0.8850070238113403,1.0248647928237915,2.53262996673584,27,805,779
2026-04-02 13:04:10.670,634751338,左脚+右脚,0.07515190370774856,0.17394983395772695,0.8599451780319214,1.1646350622177124,2.2489161491394043,27,806,780
2026-04-02 13:04:10.699,634784672,左脚+右脚,0.11719827779031386,0.15955995517903793,0.8409274816513062,1.3797357082366943,2.160886287689209,27,807,781
2026-04-02 13:04:10.760,634818006,左脚+右脚,0.1526748467294162,0.15267484672941622,0.8127856254577637,1.5282790660858154,2.1796071529388428,27,808,782
2026-04-02 13:04:10.790,634851340,左脚+右脚,0.1794014502374118,0.15207835759259516,0.8017981052398682,1.5342836380004883,2.1708171367645264,27,809,783
2026-04-02 13:04:10.819,634884674,左脚+右脚,0.20644759424604828,0.1509909752545101,0.8113843202590942,1.4477325677871704,2.0189499855041504,27,810,784
2026-04-02 13:04:10.849,634918008,左脚+右脚,0.23390226848997528,0.14071669883237048,0.8236402273178101,1.390277624130249,1.6960499286651611,27,811,785
2026-04-02 13:04:10.879,634951342,左脚+右脚,0.2628045249787753,0.13629224660051567,0.8670676946640015,1.311739206314087,1.5124564170837402,27,812,786
2026-04-02 13:04:10.910,634984676,左脚+右脚,0.29091587948876474,0.14817836479912175,0.8433406352996826,1.2105674743652344,1.6267189979553223,27,813,787
2026-04-02 13:04:10.939,635018010,左脚+右脚,0.3155516951091871,0.1614985902762035,0.7390744686126709,1.064045786857605,1.7120903730392456,27,814,788
2026-04-02 13:04:10.969,635051344,左脚+右脚,0.3330020078825738,0.2028916402357586,0.5235093832015991,0.44074735045433044,1.445317029953003,27,815,789
2026-04-02 13:04:11.000,635084678,左脚+右脚,0.3492393273917621,0.21692931190743409,0.48711958527565,0.2954075038433075,1.401148796081543,27,816,790
2026-04-02 13:04:11.059,635118012,左脚+右脚,0.36963265129007755,0.2211698592623398,0.6117997169494629,0.19774118065834045,1.0796513557434082,27,817,791
2026-04-02 13:04:11.089,635151346,左脚+右脚,0.39319721051134526,0.36661515221300744,0.706936776638031,-0.44700369238853455,0.4967711567878723,27,818,792
2026-04-02 13:04:11.119,635184680,左脚+右脚,0.412796319661191,0.41279631966119107,0.7570570707321167,-0.4530983865261078,0.27649998664855957,27,819,793
2026-04-02 13:04:11.149,635218014,左脚+右脚,0.43920507941410036,0.36957567229439264,0.7922627925872803,-0.17374446988105774,0.18601040542125702,27,820,794
2026-04-02 13:04:11.179,635251348,左脚+右脚,0.46601458900933557,0.03823213055542312,0.8042852878570557,0.19600540399551392,0.0480114109814167,27,821,795
2026-04-02 13:04:11.209,635284682,左脚+右脚,0.4945341876523206,0.9967123683628298,0.8555879592895508,0.518568217754364,-0.010713483206927776,27,822,796
2026-04-02 13:04:11.239,635318016,左脚+右脚,0.5237185568984856,0.012179509545650833,0.8755310773849487,0.5623095035552979,0.043115559965372086,27,823,797
2026-04-02 13:04:11.299,635351350,左脚+右脚,0.5523747793214032,0.054539809558415676,0.8596866726875305,0.4515460431575775,0.16109324991703033,27,824,798
2026-04-02 13:04:11.300,635384684,左脚+右脚,0.5985347620026776,0.01083890057545331,0.9231996536254883,0.5807926654815674,0.039614882320165634,27,825,799
2026-04-02 13:04:11.328,635418018,左脚+右脚,0.64800327334568,0.8938478573759518,0.9893702268600464,0.33098605275154114,-0.2605985403060913,27,826,800
2026-04-02 13:04:11.390,635451352,左脚+右脚,0.7015936664120862,0.7500836575691061,1.071807861328125,0.0004053749144077301,-0.7712083458900452,27,827,801
2026-04-02 13:04:11.420,635484686,左脚+右脚,0.7351360173400749,0.6859128725488315,1.0062705278396606,-0.28720536828041077,-0.674277126789093,27,828,802
2026-04-02 13:04:11.449,635518020,左脚+右脚,0.7630995125945915,0.7390319832325625,0.838904857635498,-0.03745480999350548,-0.542639434337616,27,829,803
2026-04-02 13:04:11.479,635551354,左脚+右脚,0.7903437307851026,0.5472110832414152,0.817326545715332,-0.7639861702919006,-0.23351554572582245,27,830,804
2026-04-02 13:04:11.509,635584688,左脚+右脚,0.8165703407303998,0.5264896247904677,0.7867982983589172,-0.751285195350647,-0.12621091306209564,27,831,805
2026-04-02 13:04:11.539,635618022,左脚+右脚,0.8423604678488283,0.5257037089633799,0.7737038135528564,-0.7658155560493469,-0.1247667446732521,27,832,806
2026-04-02 13:04:11.569,635651356,左脚+右脚,0.867647307254524,0.5286434090544371,0.7586051821708679,-0.7852212190628052,-0.14286349713802338,27,833,807
2026-04-02 13:04:11.600,635684690,左脚+右脚,0.8925678403552879,0.5305480009500495,0.7476159930229187,-0.7988058924674988,-0.15523278713226318,27,834,808
2026-04-02 13:04:11.629,635718024,左脚+右脚,0.9176510842021812,0.5234638436522608,0.7524973154067993,-0.837003231048584,-0.1242992952466011,27,835,809
2026-04-02 13:04:11.689,635751358,左脚+右脚,0.9430254331605146,0.5465826413001923,0.76123046875,-0.7619665265083313,-0.22961238026618958,27,836,810
2026-04-02 13:04:11.719,635784692,左脚+右脚,0.9680124910053124,0.6766662147569181,0.7496117353439331,-0.3083116412162781,-0.6210853457450867,27,837,811
2026-04-02 13:04:11.749,635818026,左脚+右脚,0.9941438149786502,0.6803220486408385,0.7839397192001343,-0.24925854802131653,-0.5324955582618713,27,838,812
2026-04-02 13:04:11.779,635851360,左脚+右脚,0.02934483998780557,0.9367585937421451,1.0560307502746582,0.6933733224868774,-0.29099616408348083,27,839,813
2026-04-02 13:04:11.809,635884694,左脚+右脚,0.06501360648637125,0.9844599261841015,1.0700629949569702,0.9557325839996338,-0.0936165377497673,27,840,814
2026-04-02 13:04:11.839,635918028,左脚+右脚,0.09989519033596028,0.035032281875675,1.046447515487671,1.0333476066589355,0.23120063543319702,27,841,815
2026-04-02 13:04:11.870,635951362,左脚+右脚,0.13280448033178954,0.06784960806281337,0.9872786998748779,1.0382137298583984,0.47151973843574524,27,842,816
2026-04-02 13:04:11.900,635984696,左脚+右脚,0.16220674230421692,0.07813062782996619,0.882067859172821,0.8552529811859131,0.4571811258792877,27,843,817
2026-04-02 13:04:11.930,636018030,左脚+右脚,0.1901234836753717,0.11424815530049592,0.8375022411346436,0.7311187386512756,0.6384550333023071,27,844,818
2026-04-02 13:04:11.989,636051364,左脚+右脚,0.21653806481525412,0.1335294811776629,0.7924374341964722,0.7500301599502563,0.8350602388381958,27,845,819
2026-04-02 13:04:12.019,636084698,左脚+右脚,0.24121644609933207,0.16679221927231047,0.7403514385223389,0.6311520338058472,1.0951817035675049,27,846,820
2026-04-02 13:04:12.050,636118032,左脚+右脚,0.2641514908648045,0.19863065586820344,0.6880513429641724,0.5116909742355347,1.529907464981079,27,847,821
2026-04-02 13:04:12.080,636151366,左脚+右脚,0.2835827520863723,0.2290382896350005,0.5829378366470337,0.2916346490383148,2.2014617919921875,27,848,822
2026-04-02 13:04:12.109,636184700,左脚+右脚,0.3036066543436558,0.23464199666416902,0.6007170677185059,0.23775222897529602,2.4561734199523926,27,849,823
2026-04-02 13:04:12.139,636218034,左脚+右脚,0.32063136611148824,0.21790768510358427,0.5107413530349731,0.5346946716308594,2.615666627883911,27,850,824
2026-04-02 13:04:12.169,636251368,左脚+右脚,0.3427147459364445,0.20636102349827345,0.6625013947486877,0.7908715009689331,2.81172513961792,27,851,825
2026-04-02 13:04:12.200,636284702,左脚+右脚,0.37027171367173506,0.161489662389252,0.8267090320587158,1.4258424043655396,2.29394793510437,27,852,826
2026-04-02 13:04:12.229,636318036,左脚+右脚,0.39834022038941697,0.15344329446484617,0.8420552015304565,1.5800871849060059,2.2768025398254395,27,853,827
2026-04-02 13:04:12.289,636351370,左脚+右脚,0.42635105365281417,0.14867979273759527,0.8403249979019165,1.7253634929656982,2.3338005542755127,27,854,828
2026-04-02 13:04:12.319,636384704,左脚+右脚,0.4542740932481002,0.1496106451411616,0.8376911878585815,1.7345366477966309,2.3751440048217773,27,855,829
2026-04-02 13:04:12.349,636418038,左脚+右脚,0.482618609207522,0.14317130959297628,0.8503354787826538,1.5691869258880615,1.9756860733032227,27,856,830
2026-04-02 13:04:12.379,636451372,左脚+右脚,0.5110134394344201,0.1459518345006091,0.8518449068069458,1.460510015487671,1.9063109159469604,27,857,831
2026-04-02 13:04:12.409,636484706,左脚+右脚,0.5396047702805709,0.1462681773189797,0.8577399253845215,1.4394584894180298,1.8865892887115479,27,858,832
2026-04-02 13:04:12.439,636518040,左脚+右脚,0.5670041830715051,0.15662353950506752,0.8219823837280273,1.2731693983078003,1.9151479005813599,27,859,833
2026-04-02 13:04:12.470,636551374,左脚+右脚,0.5914081167555363,0.17211985898185336,0.7321180105209351,0.9940463304519653,1.8666319847106934,27,860,834
2026-04-02 13:04:12.500,636584708,左脚+右脚,0.6109533857679874,0.19918360514003106,0.5863580703735352,0.547885537147522,1.6572444438934326,27,861,835
2026-04-02 13:04:12.530,636618042,左脚+右脚,0.6292918315903853,0.22279854469932792,0.550153374671936,0.28927871584892273,1.676048994064331,27,862,836
2026-04-02 13:04:12.589,636651376,左脚+右脚,0.6502783727026492,0.19503532891966682,0.6295962333679199,0.519561231136322,1.4441425800323486,27,863,837
2026-04-02 13:04:12.620,636684710,左脚+右脚,0.6734193117793907,0.18587883460748264,0.6942281723022461,0.5204015970230103,1.221031665802002,27,864,838
2026-04-02 13:04:12.650,636718044,左脚+右脚,0.6992433221515526,0.40350198147259203,0.774720311164856,-0.5203555226325989,0.3608393669128418,27,865,839
2026-04-02 13:04:12.680,636751378,左脚+右脚,0.7272748362398654,0.3508185527292294,0.8409454226493835,-0.18978002667427063,0.2584044933319092,27,866,840
2026-04-02 13:04:12.709,636784712,左脚+右脚,0.7720047544813663,0.1751018125992181,0.8945983648300171,0.0718512237071991,0.1412392556667328,27,867,841
2026-04-02 13:04:12.739,636818046,左脚+右脚,0.8156052064276248,0.998159999556573,0.8720090389251709,0.49740615487098694,-0.005750800482928753,27,868,842
2026-04-02 13:04:12.770,636851380,左脚+右脚,0.8592284333086521,0.038360904509073805,0.8724645376205444,0.4893049895763397,0.12027471512556076,27,869,843
2026-04-02 13:04:12.800,636884714,左脚+右脚,0.9036432575560123,0.04526400607283071,0.8882964849472046,0.46872034668922424,0.13701939582824707,27,870,844
2026-04-02 13:04:12.860,636918048,左脚+右脚,0.9507669340944797,0.9518350464435291,0.9424735307693481,0.40194571018218994,-0.1254952996969223,27,871,845
2026-04-02 13:04:12.889,636951382,左脚+右脚,0.9849649996932854,0.7828712518500762,1.0259419679641724,0.10931216180324554,-0.5217168927192688,27,872,846
2026-04-02 13:04:12.919,636984716,左脚+右脚,0.02099535578255951,0.7151664117890333,1.0809106826782227,-0.2032960057258606,-0.9139819741249084,27,873,847
2026-04-02 13:04:12.949,637018050,左脚+右脚,0.05746535573169688,0.6707097376763379,1.094099998474121,-0.4824915826320648,-0.8869956135749817,27,874,848
2026-04-02 13:04:12.978,637051384,左脚+右脚,0.0893284332132846,0.6947242831931808,0.9558923244476318,-0.2122521847486496,-0.5863639116287231,27,875,849
2026-04-02 13:04:13.009,637084718,左脚+右脚,0.1316483747339755,0.5546929750228344,0.8463988304138184,-0.8092892169952393,-0.2895997166633606,27,876,850
2026-04-02 13:04:13.069,637118052,左脚+右脚,0.173579395947507,0.5479008446941003,0.8386204242706299,-0.8009955883026123,-0.2486284375190735,27,877,851
2026-04-02 13:04:13.070,637151386,左脚+右脚,0.21586837285523708,0.5546974799810456,0.845779538154602,-0.7907959818840027,-0.28300726413726807,27,878,852
2026-04-02 13:04:13.130,637184720,左脚+右脚,0.2576857518530398,0.5683034834174908,0.8363475799560547,-0.7207306623458862,-0.32981276512145996,27,879,853
2026-04-02 13:04:13.160,637218054,左脚+右脚,0.2991957973814517,0.5942498623649408,0.8302009105682373,-0.634097158908844,-0.4265769124031067,27,880,854
2026-04-02 13:04:13.189,637251388,左脚+右脚,0.34336769991879756,0.6129074889450119,0.8834380507469177,-0.6056672930717468,-0.5199764966964722,27,881,855
2026-04-02 13:04:13.220,637284722,左脚+右脚,0.37460280769830046,0.5760081773912256,0.6247021555900574,-0.9253969788551331,-0.47892117500305176,27,882,856
2026-04-02 13:04:13.250,637318056,左脚+右脚,0.40028247946267426,0.5246313198150221,0.5135934352874756,-1.1982637643814087,-0.1869419813156128,27,883,857
2026-04-02 13:04:13.280,637351390,左脚+右脚,0.4201821278906375,0.538209339128016,0.39799296855926514,-1.5845108032226562,-0.3878844976425171,27,884,858
2026-04-02 13:04:13.309,637384724,左脚+右脚,0.47738543861871063,0.7549705043758403,1.1440662145614624,0.05896875634789467,-1.8875584602355957,27,885,859
2026-04-02 13:04:13.370,637418058,左脚+右脚,0.5261057686186343,0.7486598762590371,0.9744065999984741,-0.015458758920431137,-1.8358601331710815,27,886,860
2026-04-02 13:04:13.370,637451392,左脚+右脚,0.5677768360949069,0.7386523581498576,0.8334213495254517,-0.12107428908348083,-1.695233941078186,27,887,861
2026-04-02 13:04:13.400,637484726,左脚+右脚,0.6048381071663409,0.7556075254827409,0.7412254214286804,0.05052969232201576,-1.4335596561431885,27,888,862
2026-04-02 13:04:13.459,637518060,左脚+右脚,0.6390736501789599,0.7481983613077685,0.6847108602523804,-0.014366533607244492,-1.2690708637237549,27,889,863
2026-04-02 13:04:13.489,637551394,左脚+右脚,0.6701876025772601,0.7174021340107772,0.6222790479660034,-0.1791890561580658,-0.8625997304916382,27,890,864
2026-04-02 13:04:13.519,637584728,左脚+右脚,0.687857558466644,0.5455690535209732,0.5300986766815186,-0.8227270841598511,-0.24221757054328918,27,891,865
2026-04-02 13:04:13.549,637618062,左脚+右脚,0.7065920115884651,0.5094956590757056,0.5620335936546326,-1.1548033952713013,-0.06898088753223419,27,892,866
2026-04-02 13:04:13.579,637651396,左脚+右脚,0.7262214085833737,0.5064865696961354,0.5888819098472595,-1.3362241983413696,-0.054489754140377045,27,893,867
2026-04-02 13:04:13.609,637684730,左脚+右脚,0.747010823227615,0.5340293250185939,0.62368243932724,-1.4503170251846313,-0.3149094581604004,27,894,868
2026-04-02 13:04:13.640,637718064,左脚+右脚,0.7652920803801724,0.581008753154517,0.5484377145767212,-1.6685643196105957,-0.931121289730072,27,895,869
2026-04-02 13:04:13.669,637751398,左脚+右脚,0.7916709424432624,0.5824759845101062,0.7913658618927002,-1.7367498874664307,-0.9902773499488831,27,896,870
2026-04-02 13:04:13.700,637784732,左脚+右脚,0.8183890423552701,0.5613648161257419,0.8015429973602295,-1.879509449005127,-0.762858510017395,27,897,871
2026-04-02 13:04:13.730,637818066,左脚+右脚,0.8714910170809934,0.27693918258929445,1.0620394945144653,-0.3127829134464264,1.8302197456359863,27,898,872
2026-04-02 13:04:13.789,637851400,左脚+右脚,0.92565359685585,0.26969320637045535,1.0832515954971313,-0.17939499020576477,1.4424129724502563,27,899,873
2026-04-02 13:04:13.819,637884734,左脚+右脚,0.9846716425196836,0.27172340852499877,1.1803609132766724,-0.1887902319431305,1.3745574951171875,27,900,874
2026-04-02 13:04:13.850,637918068,左脚+右脚,0.04067062947914102,0.2707808437361325,1.119979739189148,-0.18074187636375427,1.3763784170150757,27,901,875
2026-04-02 13:04:13.880,637951402,左脚+右脚,0.09383332345649698,0.27767576346097916,1.0632538795471191,-0.2162981927394867,1.2313026189804077,27,902,876
2026-04-02 13:04:13.910,637984736,左脚+右脚,0.14225353214904762,0.30076025724982325,0.9684041738510132,-0.30368301272392273,0.9196688532829285,27,903,877
2026-04-02 13:04:13.940,638018070,左脚+右脚,0.18127843353912332,0.4114585780508126,0.7804980278015137,-0.4776935875415802,0.2970479428768158,27,904,878
2026-04-02 13:04:13.970,638051404,左脚+右脚,0.2170363924281309,0.5349934715968592,0.7151591777801514,-0.5770959258079529,-0.12897136807441711,27,905,879
2026-04-02 13:04:13.999,638084738,左脚+右脚,0.25115144465133643,0.5339991016437577,0.6823010444641113,-0.6014336347579956,-0.13047057390213013,27,906,880
2026-04-02 13:04:14.029,638118072,左脚+右脚,0.2839638671652982,0.5299917105564638,0.6562484502792358,-0.5509002208709717,-0.10506010055541992,27,907,881
2026-04-02 13:04:14.089,638151406,左脚+右脚,0.30139656196267617,0.3013965619626762,0.7049562931060791,-0.19585087895393372,0.5852428078651428,27,908,882
2026-04-02 13:04:14.119,638184740,左脚+右脚,0.3275745086891573,0.2465318118876543,0.7853384017944336,0.02005961909890175,0.9203889966011047,27,909,883
2026-04-02 13:04:14.149,638218074,左脚+右脚,0.3566824051760754,0.2641262358427281,0.873236894607544,-0.08114710450172424,0.9118515849113464,27,910,884
2026-04-02 13:04:14.179,638251408,左脚+右脚,0.3838759554448844,0.9645550649239202,0.81580650806427,0.25912076234817505,-0.0586814247071743,27,911,885
2026-04-02 13:04:14.209,638284742,左脚+右脚,0.40940371086429767,0.9911290358110412,0.7658326625823975,0.20818156003952026,-0.011615636758506298,27,912,886
2026-04-02 13:04:14.239,638318076,左脚+右脚,0.43491274843843,0.937990301390015,0.7652711272239685,0.2354373037815094,-0.0966726616024971,27,913,887
2026-04-02 13:04:14.269,638351410,左脚+右脚,0.47520237694413675,0.8410462613790802,0.8057925701141357,0.135483056306839,-0.2104167938232422,27,914,888
2026-04-02 13:04:14.299,638384744,左脚+右脚,0.5194271040979148,0.7990023190054988,0.8844945430755615,0.11396993696689606,-0.3583923280239105,27,915,889
2026-04-02 13:04:14.359,638418078,左脚+右脚,0.5661536527696373,0.7882553718841077,0.9345309734344482,0.14439696073532104,-0.5891247391700745,27,916,890
2026-04-02 13:04:14.390,638451412,左脚+右脚,0.6105626834455253,0.7994214117580605,0.8881806135177612,0.1970570981502533,-0.6140663027763367,27,917,891
2026-04-02 13:04:14.420,638484746,左脚+右脚,0.6466653181138755,0.7909629348055481,0.7220526933670044,0.13306237757205963,-0.5055261254310608,27,918,892
2026-04-02 13:04:14.449,638518080,左脚+右脚,0.6722948107146344,0.6108056389736074,0.7688847780227661,-0.6322148442268372,-0.5284267663955688,27,919,893
2026-04-02 13:04:14.509,638551414,左脚+右脚,0.6974957161171358,0.611313151838434,0.7560271620750427,-0.6191617846488953,-0.5208792686462402,27,920,894
2026-04-02 13:04:14.510,638584748,左脚+右脚,0.7231273823006075,0.6105330212829936,0.7689499855041504,-0.5731061100959778,-0.47735655307769775,27,921,895
2026-04-02 13:04:14.569,638618082,左脚+右脚,0.7746968441231172,0.8908800462477401,1.0313892364501953,0.6045650243759155,-0.4945344924926758,27,922,896
2026-04-02 13:04:14.569,638651416,左脚+右脚,0.8242021672947328,0.965613706281369,0.990106463432312,1.047830581665039,-0.22997917234897614,27,923,897
2026-04-02 13:04:14.599,638684750,左脚+右脚,0.8724121086819093,0.9650144704637833,0.9641988277435303,1.4670788049697876,-0.32779091596603394,27,924,898
2026-04-02 13:04:14.629,638718084,左脚+右脚,0.9181946985943239,0.9842364801473392,0.915651798248291,1.233382225036621,-0.12256152182817459,27,925,899
2026-04-02 13:04:14.689,638751418,左脚+右脚,0.9587428205234926,0.0030927422218135887,0.810962438583374,0.9673171043395996,0.018799535930156708,27,926,900
2026-04-02 13:04:14.719,638784752,左脚+右脚,0.9999149136764924,0.10196191353247887,0.8234418630599976,0.6885163187980652,0.5133218169212341,27,927,901
2026-04-02 13:04:14.749,638818086,左脚+右脚,0.04043837716411747,0.14225483407759554,0.8104692697525024,0.715472400188446,0.8902416825294495,27,928,902
2026-04-02 13:04:14.810,638851420,左脚+右脚,0.07815100481342471,0.17708488882328435,0.754252552986145,0.6823335886001587,1.3836697340011597,27,929,903
2026-04-02 13:04:14.811,638884754,左脚+右脚,0.11139956047367251,0.20939127085493592,0.664971113204956,0.5383961200714111,2.0641071796417236,27,930,904
2026-04-02 13:04:14.839,638918088,左脚+右脚,0.14390151431392825,0.18476873379292327,0.6500390768051147,1.0613934993743896,2.4429900646209717,27,931,905
2026-04-02 13:04:14.869,638951422,左脚+右脚,0.17804906298946535,0.18642413104379374,0.6829509735107422,0.9577258825302124,2.268656015396118,27,932,906
2026-04-02 13:04:14.900,638984756,左脚+右脚,0.21285464694332276,0.21388901709400415,0.6961116790771484,0.5079527497291565,2.200193166732788,27,933,907
2026-04-02 13:04:14.960,639018090,左脚+右脚,0.23713977428556407,0.23713977428556407,0.7405252456665039,0.18270686268806458,2.256211280822754,27,934,908
2026-04-02 13:04:14.990,639051424,左脚+右脚,0.26697426728686613,0.1794145710294722,0.8950347900390625,1.11080801486969,2.338223457336426,27,935,909
2026-04-02 13:04:15.019,639084758,左脚+右脚,0.296690985483735,0.16212894501779782,0.8915015459060669,1.3770761489868164,2.235468626022339,27,936,910
2026-04-02 13:04:15.049,639118092,左脚+右脚,0.3245766768086048,0.14252570214602478,0.8365707397460938,1.6937181949615479,2.1148056983947754,27,937,911
2026-04-02 13:04:15.079,639151426,左脚+右脚,0.35281596672814014,0.1298517769515871,0.8471786975860596,1.6275360584259033,1.7299184799194336,27,938,912
2026-04-02 13:04:15.110,639184760,左脚+右脚,0.3825555969504607,0.12935523858587653,0.8921889066696167,1.5026519298553467,1.5872268676757812,27,939,913
2026-04-02 13:04:15.140,639218094,左脚+右脚,0.4129766989974273,0.13464560968179173,0.9126330614089966,1.4397802352905273,1.6257978677749634,27,940,914
2026-04-02 13:04:15.169,639251428,左脚+右脚,0.4425634909896148,0.1380781340155621,0.887603759765625,1.3889105319976807,1.6382181644439697,27,941,915
2026-04-02 13:04:15.199,639284762,左脚+右脚,0.4700392533568633,0.16167477052268958,0.824272871017456,1.0669199228286743,1.720961332321167,27,942,916
2026-04-02 13:04:15.259,639318096,左脚+右脚,0.4932344942518167,0.1918818364920552,0.6958572268486023,0.5704656839370728,1.4921404123306274,27,943,917
2026-04-02 13:04:15.289,639351430,左脚+右脚,0.514794420125891,0.18332088228159477,0.646797776222229,0.6540608406066895,1.4687354564666748,27,944,918
2026-04-02 13:04:15.319,639384764,左脚+右脚,0.5382845589745137,0.16435437123440977,0.7047041654586792,0.8804847002029419,1.4751280546188354,27,945,919
2026-04-02 13:04:15.349,639418098,左脚+右脚,0.5636056452222757,0.14520118776702895,0.7596325874328613,1.1181974411010742,1.4453403949737549,27,946,920
2026-04-02 13:04:15.381,639451432,左脚+右脚,0.5910284985331786,0.12940628058891804,0.8226855993270874,1.1479220390319824,1.2133105993270874,27,947,921
2026-04-02 13:04:15.409,639484766,左脚+右脚,0.6212439089246683,0.11838173595426289,0.9064623117446899,0.3464058041572571,0.3187309503555298,27,948,922
2026-04-02 13:04:15.438,639518100,左脚+右脚,0.6695204644628457,0.06545981994420287,0.9655311107635498,0.5300220251083374,0.23118135333061218,27,949,923
2026-04-02 13:04:15.468,639551434,左脚+右脚,0.7177130310960702,0.05032229648923835,0.9638513326644897,0.5818802118301392,0.1903679370880127,27,950,924
2026-04-02 13:04:15.498,639584768,左脚+右脚,0.7617289959617547,0.07722707116285654,0.8803192973136902,0.3894069194793701,0.2053261399269104,27,951,925
2026-04-02 13:04:15.560,639618102,左脚+右脚,0.8058663307853631,0.010731475951032101,0.882746696472168,0.4673915207386017,0.03156305477023125,27,952,926
2026-04-02 13:04:15.590,639651436,左脚+右脚,0.851964411062806,0.9077510526280543,0.9219616055488586,0.3322189152240753,-0.21747764945030212,27,953,927
2026-04-02 13:04:15.623,639684770,左脚+右脚,0.8857983757285367,0.7511552759850257,1.0150189399719238,0.004840139299631119,-0.6667831540107727,27,954,928
2026-04-02 13:04:15.649,639718104,左脚+右脚,0.9199100900916348,0.6717294088866463,1.0233514308929443,-0.4408329129219055,-0.8229287266731262,27,955,929
2026-04-02 13:04:15.680,639751438,左脚+右脚,0.9522346903113614,0.5948653747194144,0.9697380065917969,-0.892979621887207,-0.6057647466659546,27,956,930
2026-04-02 13:04:15.710,639784772,左脚+右脚,0.9833764880128791,0.578489650880694,0.9342539310455322,-0.9506555795669556,-0.5109398365020752,27,957,931
2026-04-02 13:04:15.739,639818106,左脚+右脚,0.014408323092072184,0.5841859959188265,0.9309550523757935,-0.8902043700218201,-0.5203384757041931,27,958,932
2026-04-02 13:04:15.769,639851440,左脚+右脚,0.04665388357918359,0.5867119382891859,0.9673668146133423,-0.9314664602279663,-0.56447833776474,27,959,933
2026-04-02 13:04:15.800,639884774,左脚+右脚,0.0857559213268846,0.8020543116847363,1.1730611324310303,0.3715556263923645,-1.0952236652374268,27,960,934
2026-04-02 13:04:15.859,639918108,左脚+右脚,0.12388345094800887,0.8809348872540488,1.143825888633728,0.3974146842956543,-0.3688282370567322,27,961,935
2026-04-02 13:04:15.889,639951442,左脚+右脚,0.15932511182905135,0.04590748053106794,1.0632498264312744,0.7067062854766846,0.20969411730766296,27,962,936
2026-04-02 13:04:15.919,639984776,左脚+右脚,0.19386770022194483,0.011592119482439506,1.0362776517868042,0.9547218084335327,0.06966080516576767,27,963,937
2026-04-02 13:04:15.949,640018110,左脚+右脚,0.22654742888888615,0.03057811760196633,0.9803918600082397,0.8847777247428894,0.1721135377883911,27,964,938
2026-04-02 13:04:15.979,640051444,左脚+右脚,0.2571451573797156,0.10856198537048119,0.917931854724884,0.8821796178817749,0.7164759039878845,27,965,939
2026-04-02 13:04:16.010,640084778,左脚+右脚,0.28472361457626916,0.1693903079447737,0.8273537158966064,0.6511441469192505,1.1737533807754517,27,966,940
2026-04-02 13:04:16.039,640118112,左脚+右脚,0.3109718669680843,0.1664299862060367,0.7874475717544556,1.0812339782714844,1.8663370609283447,27,967,941
2026-04-02 13:04:16.070,640151446,左脚+右脚,0.33610263955872155,0.14061127418843458,0.7539231777191162,1.5680391788482666,1.910325288772583,27,968,942
2026-04-02 13:04:16.099,640184780,左脚+右脚,0.3622132489311784,0.14774946334703412,0.783318281173706,1.4476895332336426,1.9344489574432373,27,969,943
2026-04-02 13:04:16.130,640218114,左脚+右脚,0.38916070354263876,0.17190605775168197,0.808423638343811,1.1364381313323975,2.127124547958374,27,970,944
2026-04-02 13:04:16.189,640251448,左脚+右脚,0.4147731929250647,0.19677087352129158,0.7683746814727783,0.7900142669677734,2.2734036445617676,27,971,945
2026-04-02 13:04:16.219,640284782,左脚+右脚,0.4398832608489284,0.2227995398474156,0.7533020377159119,0.41510722041130066,2.40517520904541,27,972,946
2026-04-02 13:04:16.250,640318116,左脚+右脚,0.4735693185754706,0.1562586096392157,1.0105817317962646,1.416622519493103,2.1203737258911133,27,973,947
2026-04-02 13:04:16.280,640351450,左脚+右脚,0.5073535848883877,0.14474264565423903,1.0135279893875122,1.5073258876800537,1.936758041381836,27,974,948
2026-04-02 13:04:16.309,640384784,左脚+右脚,0.5418705790468146,0.13963655297402153,1.0355098247528076,1.5935652256011963,1.9173576831817627,27,975,949
2026-04-02 13:04:16.339,640418118,左脚+右脚,0.5767189193991908,0.13652481336746267,1.045450210571289,1.6642380952835083,1.9245678186416626,27,976,950
2026-04-02 13:04:16.370,640451452,左脚+右脚,0.6108582982647507,0.15319408143075752,1.0241813659667969,1.5615415573120117,2.242574453353882,27,977,951
2026-04-02 13:04:16.400,640484786,左脚+右脚,0.6434874742456365,0.16764812045922473,0.9788752794265747,1.201479196548462,2.1109797954559326,27,978,952
2026-04-02 13:04:16.429,640518120,左脚+右脚,0.6738103239961553,0.1748106711517124,0.909685492515564,0.9599018096923828,1.8783860206604004,27,979,953
2026-04-02 13:04:16.489,640551454,左脚+右脚,0.6999690859743046,0.1793792632153524,0.7847628593444824,0.8202760815620422,1.7256730794906616,27,980,954
2026-04-02 13:04:16.519,640584788,左脚+右脚,0.7401178746648717,0.17149400946569282,0.8029757738113403,0.9159991145133972,1.703890085220337,27,981,955
2026-04-02 13:04:16.549,640618122,左脚+右脚,0.7840895145364689,0.15403315440416449,0.8794327974319458,1.1775400638580322,1.7102560997009277,27,982,956
2026-04-02 13:04:16.579,640651456,左脚+右脚,0.8306908398099827,0.14589291359642004,0.9320265054702759,1.3520647287368774,1.763411521911621,27,983,957
2026-04-02 13:04:16.609,640684790,左脚+右脚,0.8811424880453037,0.13361363882619662,1.009032964706421,1.5494192838668823,1.726911187171936,27,984,958
2026-04-02 13:04:16.639,640718124,左脚+右脚,0.9353184490629124,0.10367609087700974,1.0835192203521729,1.7396354675292969,1.3263698816299438,27,985,959
2026-04-02 13:04:16.669,640751458,左脚+右脚,0.9856888502069401,0.0253421685634066,1.0074080228805542,0.46174535155296326,0.07415124028921127,27,986,960
2026-04-02 13:04:16.700,640784792,左脚+右脚,0.03268878750285387,0.059047927512735306,0.9399987459182739,0.2357446849346161,0.09171045571565628,27,987,961
2026-04-02 13:04:16.730,640818126,左脚+右脚,0.06234020285090684,0.8830149152726199,0.8895424604415894,0.3348858654499054,-0.3027479648590088,27,988,962
2026-04-02 13:04:16.789,640851460,左脚+右脚,0.09267185024699448,0.8228509966466933,0.9099494218826294,0.32086381316185,-0.6513248085975647,27,989,963
2026-04-02 13:04:16.820,640884794,左脚+右脚,0.1327303597557632,0.8298766157736682,1.2017552852630615,0.8502789735794067,-1.5494959354400635,27,990,964
2026-04-02 13:04:16.850,640918128,左脚+右脚,0.17764496696274357,0.8187341040363405,1.3474382162094116,0.6504265666007996,-1.4112550020217896,27,991,965
2026-04-02 13:04:16.880,640951462,左脚+右脚,0.21986874234955386,0.8520116676650369,1.266713261604309,0.6766599416732788,-0.9070091843605042,27,992,966
2026-04-02 13:04:16.940,640984796,左脚+右脚,0.2616683988996434,0.9208724641336119,1.2539896965026855,1.0395872592926025,-0.5641189217567444,27,993,967
2026-04-02 13:04:16.940,641018130,左脚+右脚,0.3001576095052647,0.9987607950710888,1.1546763181686401,1.221993088722229,-0.009514818899333477,27,994,968
2026-04-02 13:04:16.970,641051464,左脚+右脚,0.3377808758843032,0.08961244135946576,1.1286979913711548,1.0868868827819824,0.6860525012016296,27,995,969
2026-04-02 13:04:17.029,641084798,左脚+右脚,0.3706388939646967,0.16654541746710344,0.9857405424118042,0.7179303169250488,1.2413069009780884,27,996,970
2026-04-02 13:04:17.059,641118132,左脚+右脚,0.4011808901258397,0.20314992160132975,0.9162598848342896,0.5404868721961975,1.7827513217926025,27,997,971
2026-04-02 13:04:17.089,641151466,左脚+右脚,0.4309963454036005,0.18965502844092913,0.8944636583328247,0.8856972455978394,2.222926616668701,27,998,972
2026-04-02 13:04:17.119,641184800,左脚+右脚,0.46022026034475244,0.17082258960935245,0.8767174482345581,1.2226208448410034,2.25142502784729,27,999,973
2026-04-02 13:04:17.149,641218134,左脚+右脚,0.49044909370224554,0.18107960677472104,0.9068650007247925,0.9428710341453552,2.039499521255493,27,1000,974
2026-04-02 13:04:17.179,641251468,左脚+右脚,0.5196889032153376,0.2034109469587929,0.8771942853927612,0.7004212737083435,2.324002504348755,27,1001,975
2026-04-02 13:04:17.209,641284802,左脚+右脚,0.5470801819590815,0.20815886174269177,0.8217383623123169,0.6405110359191895,2.3799805641174316,27,1002,976
2026-04-02 13:04:17.239,641318136,左脚+右脚,0.5799489328491775,0.16484331711419675,0.9860625267028809,1.1512426137924194,1.9422783851623535,27,1003,977
2026-04-02 13:04:17.269,641351470,左脚+右脚,0.616354408783524,0.11835308165404702,1.0921642780303955,1.3741624355316162,1.263921856880188,27,1004,978
2026-04-02 13:04:17.300,641384804,左脚+右脚,0.672300031704514,0.10475811794846082,1.1189124584197998,1.7724003791809082,1.3705053329467773,27,1005,979
2026-04-02 13:04:17.360,641418138,左脚+右脚,0.72923549704036,0.10813855107004502,1.138709306716919,1.5060389041900635,1.216517448425293,27,1006,980
2026-04-02 13:04:17.390,641451472,左脚+右脚,0.7910481064744878,0.12479520192413412,1.2362521886825562,1.3322712182998657,1.3288469314575195,27,1007,981
2026-04-02 13:04:17.420,641484806,左脚+右脚,0.8485652833410191,0.11325802514884444,1.1503435373306274,1.3721485137939453,1.183274269104004,27,1008,982
2026-04-02 13:04:17.450,641518140,左脚+右脚,0.899953976196854,0.12436960035327004,1.0277738571166992,1.2557986974716187,1.245889663696289,27,1009,983
2026-04-02 13:04:17.479,641551474,左脚+右脚,0.9443735926576542,0.13707183548994475,0.8883923292160034,1.1710911989212036,1.3637255430221558,27,1010,984
2026-04-02 13:04:17.510,641584808,左脚+右脚,0.9889960556455539,0.13479009809833506,0.8924492597579956,1.140735387802124,1.2904753684997559,27,1011,985
2026-04-02 13:04:17.540,641618142,左脚+右脚,0.035137745661346864,0.13742139885675153,0.9228338003158569,1.2072179317474365,1.412057876586914,27,1012,986
2026-04-02 13:04:17.569,641651476,左脚+右脚,0.08445015840014691,0.12826324253063218,0.986248254776001,1.2457480430603027,1.2979093790054321,27,1013,987
2026-04-02 13:04:17.599,641684810,左脚+右脚,0.09283289336041323,0.09283289336041324,1.039304494857788,1.4763504266738892,0.9742074608802795,27,1014,988
2026-04-02 13:04:17.659,641718144,左脚+右脚,0.12740847491101137,0.08345551351712116,1.0372674465179443,1.4587948322296143,0.8437294363975525,27,1015,989
2026-04-02 13:04:17.690,641751478,左脚+右脚,0.162841608354208,0.9999571658146862,1.0629940032958984,0.9151411652565002,-0.00024629663676023483,27,1016,990
2026-04-02 13:04:17.719,641784812,左脚+右脚,0.19678499522681744,0.8678031097350313,1.0183016061782837,0.40906384587287903,-0.4478389024734497,27,1017,991
2026-04-02 13:04:17.749,641818146,左脚+右脚,0.2422594092575283,0.8268035630298476,1.3642324209213257,1.1010401248931885,-2.1016905307769775,27,1018,992
2026-04-02 13:04:17.779,641851480,左脚+右脚,0.290261787403382,0.8075437400820682,1.4400713443756104,0.6953071355819702,-1.8385486602783203,27,1019,993
2026-04-02 13:04:17.809,641884814,左脚+右脚,0.3375916542895209,0.7976360325917156,1.4198960065841675,0.42339569330215454,-1.3720952272415161,27,1020,994
2026-04-02 13:04:17.839,641918148,左脚+右脚,0.40476267360524054,0.8126990755672869,1.343420386314392,0.5377313494682312,-1.2936192750930786,27,1021,995
2026-04-02 13:04:17.869,641951482,左脚+右脚,0.4659276726134193,0.8419995288740552,1.2232999801635742,0.5436520576477051,-0.833329975605011,27,1022,996
2026-04-02 13:04:17.900,641984816,左脚+右脚,0.5263206126578224,0.9631200287080145,1.2078588008880615,1.2541500329971313,-0.2959321141242981,27,1023,997
2026-04-02 13:04:17.959,642018150,左脚+右脚,0.5617453617143205,0.09500937462914555,1.0627424716949463,0.9309417605400085,0.6327475309371948,27,1024,998
2026-04-02 13:04:17.990,642051484,左脚+右脚,0.5917730572111976,0.15890185144211552,0.900830864906311,0.8589246273040771,1.3330285549163818,27,1025,999
2026-04-02 13:04:18.020,642084818,左脚+右脚,0.6220171573050391,0.15001007814046097,0.9073230028152466,1.4123841524124146,1.9442389011383057,27,1026,1000
2026-04-02 13:04:18.049,642118152,左脚+右脚,0.6524929287321937,0.1653633516302297,0.9142731428146362,1.2880570888519287,2.189378023147583,27,1027,1001
2026-04-02 13:04:18.079,642151486,左脚+右脚,0.6824037593888811,0.16573389080047501,0.8973249197006226,1.317104697227478,2.250725030899048,27,1028,1002
2026-04-02 13:04:18.110,642184820,左脚+右脚,0.7107006075270546,0.19552820623842654,0.8489054441452026,0.8855135440826416,2.485459327697754,27,1029,1003
2026-04-02 13:04:18.140,642218154,左脚+右脚,0.752308166254319,0.20646074170450257,0.8321511745452881,0.7443593740463257,2.6527395248413086,27,1030,1004
2026-04-02 13:04:18.170,642251488,左脚+右脚,0.8039899530299079,0.16680189918874824,1.0336357355117798,1.386082649230957,2.4054834842681885,27,1031,1005
2026-04-02 13:04:18.200,642284822,左脚+右脚,0.859713703621186,0.1246488827813565,1.1144750118255615,1.6664419174194336,1.6591053009033203,27,1032,1006
2026-04-02 13:04:18.259,642318156,左脚+右脚,0.9163148286230934,0.09308168102419855,1.132022500038147,1.9596507549285889,1.2975271940231323,27,1033,1007
2026-04-02 13:04:18.289,642351490,左脚+右脚,0.9735800685770882,0.10642550127089238,1.145304799079895,1.78493070602417,1.4103201627731323,27,1034,1008
2026-04-02 13:04:18.319,642384824,左脚+右脚,0.03649273537472619,0.11236128504633994,1.2582533359527588,1.6414467096328735,1.3994555473327637,27,1035,1009
2026-04-02 13:04:18.349,642418158,左脚+右脚,0.0949376942999734,0.11994037724043677,1.1688991785049438,1.505042314529419,1.4122681617736816,27,1036,1010
2026-04-02 13:04:18.379,642451492,左脚+右脚,0.12444787668491647,0.12444787668491653,1.0678189992904663,1.3216553926467896,1.3125171661376953,27,1037,1011
2026-04-02 13:04:18.409,642484826,左脚+右脚,0.1499171899419694,0.1499171899419694,0.8695884943008423,1.2087714672088623,1.6619120836257935,27,1038,1012
2026-04-02 13:04:18.439,642518160,左脚+右脚,0.1806194431246985,0.1456418699352622,0.9210675954818726,1.218010425567627,1.5833944082260132,27,1039,1013
2026-04-02 13:04:18.470,642551494,左脚+右脚,0.2122123804352352,0.1412933881865665,0.9477881193161011,1.4011179208755493,1.7219630479812622,27,1040,1014
2026-04-02 13:04:18.499,642584828,左脚+右脚,0.2457287675799597,0.13518447194879885,1.0054916143417358,1.433138132095337,1.629379391670227,27,1041,1015
2026-04-02 13:04:18.529,642618162,左脚+右脚,0.2823510375282833,0.10864040771400912,1.098668098449707,1.6781198978424072,1.3642840385437012,27,1042,1016
2026-04-02 13:04:18.589,642651496,左脚+右脚,0.3190017031293778,0.09311867266155914,1.099519968032837,1.729705572128296,1.145853877067566,27,1043,1017
2026-04-02 13:04:18.619,642684830,左脚+右脚,0.35469876593963984,0.01565077798416045,1.0709118843078613,0.6590951681137085,0.06502299755811691,27,1044,1018
2026-04-02 13:04:18.649,642718164,左脚+右脚,0.40870997375862483,0.8283746815400416,1.0802241563796997,0.27189233899116516,-0.5067608952522278,27,1045,1019
2026-04-02 13:04:18.679,642751498,左脚+右脚,0.4800109035433996,0.815243876161709,1.4260185956954956,0.6815956830978394,-1.5684763193130493,27,1046,1020
2026-04-02 13:04:18.710,642784832,左脚+右脚,0.5509692139090765,0.8009737086800419,1.4191662073135376,0.5111494064331055,-1.5410124063491821,27,1047,1021
2026-04-02 13:04:18.739,642818166,左脚+右脚,0.6202101296843756,0.7971518652749298,1.3848183155059814,0.34788748621940613,-1.1396903991699219,27,1048,1022
2026-04-02 13:04:18.769,642851500,左脚+右脚,0.6871378011168707,0.7824506022201143,1.3385534286499023,0.2471827268600464,-1.1954686641693115,27,1049,1023
2026-04-02 13:04:18.800,642884834,左脚+右脚,0.7518888182105292,0.8956105487924415,1.295020341873169,0.7035178542137146,-0.5413945317268372,27,1050,1024
2026-04-02 13:04:18.829,642918168,左脚+右脚,0.8128383941115607,0.038815868044990834,1.2189915180206299,1.0961856842041016,0.27277565002441406,27,1051,1025
2026-04-02 13:04:18.920,642951502,左脚+右脚,0.8649145669402349,0.14918904626493673,1.0415234565734863,0.7905080914497375,1.0764635801315308,27,1052,1026
2026-04-02 13:04:18.920,642984836,左脚+右脚,0.9135357505740392,0.14161658489731382,0.9724236726760864,1.300540804862976,1.6050012111663818,27,1053,1027
2026-04-02 13:04:18.949,643018170,左脚+右脚,0.9625523991049993,0.14017601775057,0.9803329706192017,1.5313307046890259,1.8552346229553223,27,1054,1028
2026-04-02 13:04:18.979,643051504,左脚+右脚,0.01157296366112126,0.14384131538997108,0.9804112911224365,1.539362907409668,1.954978585243225,27,1055,1029
2026-04-02 13:04:19.039,643084838,左脚+右脚,0.05915609068291082,0.15382312390942024,0.951662540435791,1.443718433380127,2.090939998626709,27,1056,1030
2026-04-02 13:04:19.040,643118172,左脚+右脚,0.10542191333191289,0.16609739032800833,0.9253164529800415,1.2623343467712402,2.1684775352478027,27,1057,1031
2026-04-02 13:04:19.069,643151506,左脚+右脚,0.14988131589310064,0.1813028431983108,0.8891880512237549,1.0171769857406616,2.208355665206909,27,1058,1032
2026-04-02 13:04:19.098,643184840,左脚+右脚,0.188738060659336,0.1159655204386422,1.1657023429870605,1.5315515995025635,1.3668462038040161,27,1059,1033
2026-04-02 13:04:19.160,643218174,左脚+右脚,0.22829018897430792,0.09622694294728472,1.1865638494491577,2.023127555847168,1.397836446762085,27,1060,1034
2026-04-02 13:04:19.190,643251508,左脚+右脚,0.26698065267619187,0.07644405274710223,1.1607139110565186,1.9040030241012573,0.992000162601471,27,1061,1035
2026-04-02 13:04:19.219,643284842,左脚+右脚,0.309630644983219,0.08076606953013915,1.2794997692108154,1.7653226852416992,0.9815890192985535,27,1062,1036
2026-04-02 13:04:19.248,643318176,左脚+右脚,0.35159700777745934,0.09420868456371603,1.2589908838272095,1.6465586423873901,1.1070725917816162,27,1063,1037
2026-04-02 13:04:19.279,643351510,左脚+右脚,0.39159114426987063,0.08784435277417049,1.1998240947723389,1.5708444118499756,0.9672959446907043,27,1064,1038
2026-04-02 13:04:19.309,643384844,左脚+右脚,0.42680797245717733,0.10242500745505605,1.0565048456192017,1.3535597324371338,1.0152844190597534,27,1065,1039
2026-04-02 13:04:19.369,643418178,左脚+右脚,0.4581141359271277,0.13774526952182264,0.9391849040985107,1.2928946018218994,1.5185174942016602,27,1066,1040
2026-04-02 13:04:19.399,643451512,左脚+右脚,0.49032937751826333,0.14359296712673503,0.9664572477340698,1.2934937477111816,1.6374633312225342,27,1067,1041
2026-04-02 13:04:19.400,643484846,左脚+右脚,0.5236089871984391,0.13697057062799517,0.9983882904052734,1.3747599124908447,1.5988366603851318,27,1068,1042
2026-04-02 13:04:19.458,643518180,左脚+右脚,0.5590836769999731,0.12091890583267509,1.0642406940460205,1.5139012336730957,1.4381864070892334,27,1069,1043
2026-04-02 13:04:19.488,643551514,左脚+右脚,0.5950433101913997,0.10291320239275094,1.0787889957427979,1.6145800352096558,1.2188286781311035,27,1070,1044
2026-04-02 13:04:19.519,643584848,左脚+右脚,0.6506995048782893,0.08807945171293657,1.113123893737793,1.5151976346969604,0.9361194372177124,27,1071,1045
2026-04-02 13:04:19.549,643618182,左脚+右脚,0.7060733821652003,0.9552853504080324,1.1074775457382202,0.4597906768321991,-0.13268806040287018,27,1072,1046
2026-04-02 13:04:19.579,643651516,左脚+右脚,0.7737452473900386,0.8355403667587611,1.3534373044967651,0.8259164690971375,-1.3857884407043457,27,1073,1047
2026-04-02 13:04:19.609,643684850,左脚+右脚,0.8260600760077423,0.8260600760077423,1.444969892501831,0.6741861701011658,-1.3016583919525146,27,1074,1048
2026-04-02 13:04:19.638,643718184,左脚+右脚,0.8736177915826426,0.8199868641816195,1.4267314672470093,0.4458407759666443,-0.947662889957428,27,1075,1049
2026-04-02 13:04:19.668,643751518,左脚+右脚,0.9188113842899587,0.79058923055275,1.3558077812194824,0.24829542636871338,-0.9523946642875671,27,1076,1050
2026-04-02 13:04:19.699,643784852,左脚+右脚,0.9618216151490794,0.7789785821453197,1.2903069257736206,0.12876085937023163,-0.6993427872657776,27,1077,1051
2026-04-02 13:04:19.760,643818186,左脚+右脚,0.004989333400625684,0.9669716115496189,1.2950315475463867,0.5235246419906616,-0.11023061722517014,27,1078,1052
2026-04-02 13:04:19.790,643851520,左脚+右脚,0.05904447580327461,0.15661785473772183,1.0811028480529785,0.41766461730003357,0.6282176971435547,27,1079,1053
2026-04-02 13:04:19.819,643884854,左脚+右脚,0.10912531758298347,0.16252004454919944,1.0016168355941772,0.7823546528816223,1.2770477533340454,27,1080,1054
2026-04-02 13:04:19.850,643918188,左脚+右脚,0.1584738738822272,0.1584738738822272,0.994612455368042,1.1922955513000488,1.8395283222198486,27,1081,1055
2026-04-02 13:04:19.880,643951522,左脚+右脚,0.1656050373600549,0.1656050373600549,0.9956790208816528,1.1970953941345215,2.041853904724121,27,1082,1056
2026-04-02 13:04:19.909,643984856,左脚+右脚,0.18541059405108226,0.1854105940510823,0.9805077314376831,0.9777582883834839,2.275554656982422,27,1083,1057
2026-04-02 13:04:19.940,644018190,左脚+右脚,0.2073552791463161,0.20735527914631613,0.912808895111084,0.6536636352539062,2.3808836936950684,27,1084,1058
2026-04-02 13:04:19.968,644051524,左脚+右脚,0.22449646500786233,0.22449646500786238,0.8643550872802734,0.37114402651786804,2.2962677478790283,27,1085,1059
2026-04-02 13:04:19.999,644084858,左脚+右脚,0.26044184474190163,0.17346833997710656,1.0783613920211792,1.0930360555648804,2.095111846923828,27,1086,1060
2026-04-02 13:04:20.059,644118192,左脚+右脚,0.30002478071093647,0.115559499523019,1.187488079071045,1.655361533164978,1.4697721004486084,27,1087,1061
2026-04-02 13:04:20.091,644151526,左脚+右脚,0.3393314173622935,0.12277187631195792,1.1791990995407104,1.7953851222991943,1.7458062171936035,27,1088,1062
2026-04-02 13:04:20.125,644184860,左脚+右脚,0.37881345061500954,0.12942821392655274,1.184460997581482,1.455808401107788,1.5391597747802734,27,1089,1063
2026-04-02 13:04:20.154,644218194,左脚+右脚,0.4208770881895233,0.13830082574285113,1.2619091272354126,1.317345380783081,1.5582220554351807,27,1090,1064
2026-04-02 13:04:20.181,644251528,左脚+右脚,0.45902772851824847,0.1310658052017954,1.1445192098617554,1.2874040603637695,1.3894762992858887,27,1091,1065
2026-04-02 13:04:20.240,644284862,左脚+右脚,0.49264932183464455,0.14966177946464845,1.0086477994918823,1.1245598793029785,1.5409269332885742,27,1092,1066
2026-04-02 13:04:20.241,644318196,左脚+右脚,0.5226502786878754,0.14945182340574925,0.9000287055969238,1.0170559883117676,1.389765977859497,27,1093,1067
2026-04-02 13:04:20.270,644351530,左脚+右脚,0.55434302596291,0.147406684565871,0.9507824182510376,1.0240763425827026,1.3622773885726929,27,1094,1068
2026-04-02 13:04:20.300,644384864,左脚+右脚,0.5875483324929087,0.13628348415203187,0.9961591958999634,1.146036148071289,1.3212511539459229,27,1095,1069
2026-04-02 13:04:20.359,644418198,左脚+右脚,0.6230598222021271,0.11449897579768793,1.0653446912765503,1.3787012100219727,1.207796335220337,27,1096,1070
2026-04-02 13:04:20.390,644451532,左脚+右脚,0.6785387645963836,0.10175189028860325,1.1095788478851318,1.4585075378417969,1.0843955278396606,27,1097,1071
2026-04-02 13:04:20.420,644484866,左脚+右脚,0.7361445616487671,0.08580711444070543,1.1521159410476685,1.440815806388855,0.8619881272315979,27,1098,1072
2026-04-02 13:04:20.450,644518200,左脚+右脚,0.79121039021055,0.8503669010147732,1.1013165712356567,0.41345787048339844,-0.566325843334198,27,1099,1073
2026-04-02 13:04:20.480,644551534,左脚+右脚,0.8132735450889652,0.8132735450889652,1.3544212579727173,0.6741502285003662,-1.6054279804229736,27,1100,1074
2026-04-02 13:04:20.509,644584868,左脚+右脚,0.8624774018750573,0.8090023501054201,1.4761157035827637,0.7597854137420654,-1.9547094106674194,27,1101,1075
2026-04-02 13:04:20.540,644618202,左脚+右脚,0.9107305606033389,0.7821235793445479,1.4475947618484497,0.2656833231449127,-1.2983932495117188,27,1102,1076
2026-04-02 13:04:20.570,644651536,左脚+右脚,0.956850568436184,0.793917534201402,1.3836002349853516,0.30093035101890564,-1.0627351999282837,27,1103,1077
2026-04-02 13:04:20.600,644684870,左脚+右脚,0.0014081319000307513,0.8236562608561915,1.3367269039154053,0.45633766055107117,-0.914621889591217,27,1104,1078
2026-04-02 13:04:20.636,644718204,左脚+右脚,0.04553096690038679,0.9383977798624074,1.3236850500106812,0.8677409887313843,-0.3537087142467499,27,1105,1079
2026-04-02 13:04:20.690,644751538,左脚+右脚,0.10173929729322431,0.15732942402500824,1.1241666078567505,0.47643598914146423,0.7236132025718689,27,1106,1080
2026-04-02 13:04:20.719,644784872,左脚+右脚,0.15105703868726728,0.17030841492719642,0.9863548278808594,0.7608147859573364,1.3902919292449951,27,1107,1081
2026-04-02 13:04:20.749,644818206,左脚+右脚,0.16038863915479384,0.16038863915479382,0.9823329448699951,1.153010368347168,1.8266979455947876,27,1108,1082
2026-04-02 13:04:20.780,644851540,左脚+右脚,0.1675069094188003,0.16750690941880025,0.9913842678070068,1.169623851776123,2.0507757663726807,27,1109,1083
2026-04-02 13:04:20.809,644884874,左脚+右脚,0.18801953788411685,0.1880195378841169,0.939180850982666,0.963189959526062,2.346986770629883,27,1110,1084
2026-04-02 13:04:20.839,644918208,左脚+右脚,0.20832523199912834,0.20832523199912836,0.9022561311721802,0.6552992463111877,2.4451122283935547,27,1111,1085
2026-04-02 13:04:20.871,644951542,左脚+右脚,0.21743016871891818,0.21743016871891815,0.8921805620193481,0.4915119707584381,2.3681883811950684,27,1112,1086
2026-04-02 13:04:20.899,644984876,左脚+右脚,0.2522994740116835,0.16498682330490985,1.046079158782959,1.2438818216323853,2.1028919219970703,27,1113,1087
2026-04-02 13:04:20.930,645018210,左脚+右脚,0.2898193382529657,0.13496501474384437,1.1255959272384644,1.8604646921157837,2.1093480587005615,27,1114,1088
2026-04-02 13:04:20.993,645051544,左脚+右脚,0.32882641785425354,0.07037538131076072,1.1702123880386353,1.9608030319213867,0.9283389449119568,27,1115,1089
2026-04-02 13:04:21.020,645084878,左脚+右脚,0.36970238519790183,0.09328776990039263,1.2262790203094482,1.6648244857788086,1.1054198741912842,27,1116,1090
2026-04-02 13:04:21.050,645118212,左脚+右脚,0.4127607567417861,0.09903959786118416,1.2917511463165283,1.5222890377044678,1.0920337438583374,27,1117,1091
2026-04-02 13:04:21.079,645151546,左脚+右脚,0.4525704883841913,0.09591294301106036,1.1942919492721558,1.442284345626831,0.9923171401023865,27,1118,1092
2026-04-02 13:04:21.108,645184880,左脚+右脚,0.48854170077127623,0.11600528661402498,1.0791363716125488,1.144159197807312,1.0216282606124878,27,1119,1093
2026-04-02 13:04:21.140,645218214,左脚+右脚,0.5216217103906712,0.133016874595443,0.9924002885818481,1.0139329433441162,1.121593713760376,27,1120,1094
2026-04-02 13:04:21.168,645251548,左脚+右脚,0.5548301560986282,0.13817436419780263,0.9962533712387085,1.1110856533050537,1.312131643295288,27,1121,1095
2026-04-02 13:04:21.198,645284882,左脚+右脚,0.5891051434783381,0.13094964136472478,1.0282496213912964,1.1931579113006592,1.2858740091323853,27,1122,1096
2026-04-02 13:04:21.260,645318216,左脚+右脚,0.6257512751527867,0.1140506184905608,1.0993839502334595,1.325693130493164,1.1547746658325195,27,1123,1097
2026-04-02 13:04:21.288,645351550,左脚+右脚,0.6815664413877568,0.08840342553288338,1.1163033246994019,1.5015835762023926,0.931937038898468,27,1124,1098
2026-04-02 13:04:21.320,645384884,左脚+右脚,0.7388943615861974,0.0691056154788955,1.146558403968811,1.4544329643249512,0.6744472980499268,27,1125,1099
2026-04-02 13:04:21.350,645418218,左脚+右脚,0.7938816431470952,0.8834273936008396,1.0997456312179565,0.5758566856384277,-0.5178877711296082,27,1126,1100
2026-04-02 13:04:21.379,645451552,左脚+右脚,0.8294625038092402,0.8294625038092402,1.4126378297805786,1.0913032293319702,-2.001051425933838,27,1127,1101
2026-04-02 13:04:21.440,645484886,左脚+右脚,0.8804150853738256,0.8054976015915893,1.528577446937561,0.6069977283477783,-1.669603943824768,27,1128,1102
2026-04-02 13:04:21.440,645518220,左脚+右脚,0.9284317487662105,0.8015511224479486,1.4404999017715454,0.4406956434249878,-1.3126522302627563,27,1129,1103
2026-04-02 13:04:21.469,645551554,左脚+右脚,0.9755299323981075,0.7801615469021168,1.4129455089569092,0.22316142916679382,-1.1634360551834106,27,1130,1104
2026-04-02 13:04:21.499,645584888,左脚+右脚,0.020367971478409297,0.8298931116486523,1.3451411724090576,0.43901389837265015,-0.7998352646827698,27,1131,1105
2026-04-02 13:04:21.558,645618222,左脚+右脚,0.06403642835071358,0.9667765928931673,1.3100537061691284,0.7259140014648438,-0.15377382934093475,27,1132,1106
2026-04-02 13:04:21.589,645651556,左脚+右脚,0.1169389122908381,0.20753921947964293,1.0580496788024902,0.24451154470443726,0.8946498036384583,27,1133,1107
2026-04-02 13:04:21.618,645684890,左脚+右脚,0.1451623378073612,0.1451623378073612,1.0083414316177368,1.3406481742858887,1.7319982051849365,27,1134,1108
2026-04-02 13:04:21.648,645718224,左脚+右脚,0.1556902062422847,0.15569020624228472,0.9913978576660156,1.3880293369293213,2.061598300933838,27,1135,1109
2026-04-02 13:04:21.679,645751558,左脚+右脚,0.16884869513343947,0.1688486951334395,0.9893488883972168,1.2410187721252441,2.2192254066467285,27,1136,1110
2026-04-02 13:04:21.709,645784892,左脚+右脚,0.19109051946591327,0.1910905194659133,0.9717936515808105,0.9572621583938599,2.46702241897583,27,1137,1111
2026-04-02 13:04:21.738,645818226,左脚+右脚,0.19712877070652457,0.19712877070652457,0.8944233655929565,0.9061706066131592,2.626699209213257,27,1138,1112
2026-04-02 13:04:21.768,645851560,左脚+右脚,0.2275079230044982,0.20248133019246675,0.911374568939209,0.7683957815170288,2.4966673851013184,27,1139,1113
2026-04-02 13:04:21.799,645884894,左脚+右脚,0.2651996075684529,0.1555373416684762,1.1307505369186401,1.6189074516296387,2.399536609649658,27,1140,1114
2026-04-02 13:04:21.859,645918228,左脚+右脚,0.30567803974695024,0.11879393053756823,1.2143529653549194,2.0549018383026123,1.9005838632583618,27,1141,1115
2026-04-02 13:04:21.889,645951562,左脚+右脚,0.34508804277327676,0.10303218673396627,1.182300090789795,2.008556365966797,1.5185956954956055,27,1142,1116
2026-04-02 13:04:21.919,645984896,左脚+右脚,0.38746598358697715,0.0999951433038905,1.2713382244110107,1.918500304222107,1.393782615661621,27,1143,1117
2026-04-02 13:04:21.948,646018230,左脚+右脚,0.4304937898690206,0.11942544902552588,1.2908341884613037,1.6872787475585938,1.5730364322662354,27,1144,1118
2026-04-02 13:04:21.978,646051564,左脚+右脚,0.4705707251603109,0.11553346000035208,1.2023080587387085,1.5996160507202148,1.4198085069656372,27,1145,1119
2026-04-02 13:04:22.040,646084898,左脚+右脚,0.5046015361522339,0.14834445029663829,1.0209243297576904,1.2688355445861816,1.708737850189209,27,1146,1120
2026-04-02 13:04:22.041,646118232,左脚+右脚,0.5369962751442892,0.1614059250262031,0.9718421697616577,1.0721299648284912,1.7228598594665527,27,1147,1121
2026-04-02 13:04:22.068,646151566,左脚+右脚,0.5701801478440267,0.15593589617392054,0.9955161809921265,1.2062532901763916,1.797595500946045,27,1148,1122
2026-04-02 13:04:22.100,646184900,左脚+右脚,0.6046117523883484,0.15019557819179571,1.0329481363296509,1.2597217559814453,1.7383464574813843,27,1149,1123
2026-04-02 13:04:22.190,646218234,左脚+右脚,0.641496461587618,0.12839470901333336,1.1065412759780884,1.5278902053833008,1.5944995880126953,27,1150,1124
2026-04-02 13:04:22.191,646251568,左脚+右脚,0.6998028039509755,0.10871083677782162,1.1661268472671509,1.8186471462249756,1.4798675775527954,27,1151,1125
2026-04-02 13:04:22.220,646284902,左脚+右脚,0.757397967534731,0.11093556457859133,1.1519032716751099,1.5829412937164307,1.3252729177474976,27,1152,1126
2026-04-02 13:04:22.250,646318236,左脚+右脚,0.8127188384110432,0.9610977290223346,1.1064174175262451,0.47410187125205994,-0.11824921518564224,27,1153,1127
2026-04-02 13:04:22.310,646351570,左脚+右脚,0.8414244247732365,0.8414244247732365,1.3878756761550903,1.1125606298446655,-1.7189152240753174,27,1154,1128
2026-04-02 13:04:22.310,646384904,左脚+右脚,0.8900545987742945,0.8308476862005123,1.4589052200317383,0.710196852684021,-1.2757011651992798,27,1155,1129
2026-04-02 13:04:22.339,646418238,左脚+右脚,0.937787671214124,0.833166933162306,1.4319921731948853,0.5483648777008057,-0.9520933032035828,27,1156,1130
2026-04-02 13:04:22.369,646451572,左脚+右脚,0.9828902317342961,0.8167776735523679,1.3530768156051636,0.3629741668701172,-0.8137254118919373,27,1157,1131
2026-04-02 13:04:22.399,646484906,左脚+右脚,0.027241785651227257,0.8966675942040604,1.3305466175079346,0.6442829966545105,-0.48903149366378784,27,1158,1132
2026-04-02 13:04:22.494,646518240,左脚+右脚,0.04994783469534636,0.049947834695346416,1.183701992034912,0.7670471668243408,0.2489508092403412,27,1159,1133
2026-04-02 13:04:22.503,646551574,左脚+右脚,0.09792142578459502,0.17884537854094112,0.9594718217849731,0.6651360392570496,1.387272596359253,27,1160,1134
2026-04-02 13:04:22.528,646584908,左脚+右脚,0.14594457217550993,0.16014966786900361,0.9604629278182983,1.2808377742767334,2.0224788188934326,27,1161,1135
2026-04-02 13:04:22.556,646618242,左脚+右脚,0.1632351044161564,0.1632351044161564,0.9732367992401123,1.3882930278778076,2.289154529571533,27,1162,1136
2026-04-02 13:04:22.579,646651576,左脚+右脚,0.17400413400781056,0.1740041340078106,1.0001310110092163,1.2787026166915894,2.471245527267456,27,1163,1137
2026-04-02 13:04:22.610,646684910,左脚+右脚,0.19553188437945235,0.19553188437945238,0.9311634302139282,0.9247422814369202,2.5957562923431396,27,1164,1138
2026-04-02 13:04:22.639,646718244,左脚+右脚,0.21186940591158798,0.211869405911588,0.8535033464431763,0.6393362879753113,2.6172993183135986,27,1165,1139
2026-04-02 13:04:22.670,646751578,左脚+右脚,0.24065369686109156,0.20807946874535738,0.8635287284851074,0.6331117153167725,2.3478188514709473,27,1166,1140
2026-04-02 13:04:22.701,646784912,左脚+右脚,0.27699753761909734,0.15211989767544676,1.0903152227401733,1.755510687828064,2.485201358795166,27,1167,1141
2026-04-02 13:04:22.760,646818246,左脚+右脚,0.316093555297676,0.124747123427043,1.1728805303573608,2.0435433387756348,2.037059783935547,27,1168,1142
2026-04-02 13:04:22.790,646851580,左脚+右脚,0.3549800984126561,0.13013332476709646,1.1665962934494019,1.9853742122650146,2.1177611351013184,27,1169,1143
2026-04-02 13:04:22.820,646884914,左脚+右脚,0.39669647932670843,0.13481489307968905,1.2514914274215698,1.658433198928833,1.876718521118164,27,1170,1144
2026-04-02 13:04:22.850,646918248,左脚+右脚,0.4374512585065994,0.14758154112985236,1.2226433753967285,1.4747047424316406,1.9662195444107056,27,1171,1145
2026-04-02 13:04:22.880,646951582,左脚+右脚,0.4729325048190587,0.14580011216398628,1.0644373893737793,1.468347191810608,1.9127604961395264,27,1172,1146
2026-04-02 13:04:22.939,646984916,左脚+右脚,0.503775099124733,0.16263781121946336,0.925277829170227,1.1042596101760864,1.805495262145996,27,1173,1147
2026-04-02 13:04:22.940,647018250,左脚+右脚,0.5328463188868993,0.164183163738696,0.8721365928649902,1.061583161354065,1.774193525314331,27,1174,1148
2026-04-02 13:04:22.970,647051584,左脚+右脚,0.5636256925326817,0.15901318007736312,0.9233812093734741,1.1079115867614746,1.7220942974090576,27,1175,1149
2026-04-02 13:04:23.000,647084918,左脚+右脚,0.5969272804322077,0.14223952380511415,0.9990476369857788,1.300292730331421,1.617598056793213,27,1176,1150
2026-04-02 13:04:23.029,647118252,左脚+右脚,0.6326792748830947,0.12166052712583379,1.0725598335266113,1.6299402713775635,1.5629358291625977,27,1177,1151
2026-04-02 13:04:23.090,647151586,左脚+右脚,0.6882067473791275,0.11128198661353901,1.1105494499206543,1.7553365230560303,1.47611665725708,27,1178,1152
2026-04-02 13:04:23.120,647184920,左脚+右脚,0.743178972806755,0.12454947205091679,1.0994445085525513,1.3890736103057861,1.3812315464019775,27,1179,1153
2026-04-02 13:04:23.150,647218254,左脚+右脚,0.8050928564928207,0.8343021759186074,1.2382776737213135,0.8282864093780518,-1.4146758317947388,27,1180,1154
2026-04-02 13:04:23.179,647251588,左脚+右脚,0.8429953377331207,0.8429953377331207,1.3830722570419312,1.179112195968628,-1.7829095125198364,27,1181,1155
2026-04-02 13:04:23.210,647284922,左脚+右脚,0.8872998635853241,0.8289231643539485,1.329135775566101,0.895311176776886,-1.6549913883209229,27,1182,1156
2026-04-02 13:04:23.270,647318256,左脚+右脚,0.9362040242438425,0.8477035175821481,1.4671248197555542,0.6602667570114136,-0.9369155764579773,27,1183,1157
2026-04-02 13:04:23.270,647351590,左脚+右脚,0.9812023441875884,0.8312010740631067,1.349949598312378,0.4538589417934418,-0.8110081553459167,27,1184,1158
2026-04-02 13:04:23.300,647384924,左脚+右脚,0.024348763712734867,0.9158533131834515,1.2943925857543945,0.8525115251541138,-0.49802395701408386,27,1185,1159
2026-04-02 13:04:23.329,647418258,左脚+右脚,0.06243244418351937,0.029397668040976516,1.1425104141235352,1.0746393203735352,0.20078639686107635,27,1186,1160
2026-04-02 13:04:23.390,647451592,左脚+右脚,0.10706183919160653,0.20519986780571065,0.8925879001617432,0.43857598304748535,1.5166951417922974,27,1187,1161
2026-04-02 13:04:23.450,647484926,左脚+右脚,0.15078518399446297,0.18086437791490023,0.8744668960571289,0.970233678817749,2.0912575721740723,27,1188,1162
2026-04-02 13:04:23.450,647518260,左脚+右脚,0.18240150356613719,0.18240150356613719,0.9061495065689087,1.0839273929595947,2.396677255630493,27,1189,1163
2026-04-02 13:04:23.480,647551594,左脚+右脚,0.1980150242879423,0.19801502428794232,0.9294949769973755,0.8748634457588196,2.5825068950653076,27,1190,1164
2026-04-02 13:04:23.510,647584928,左脚+右脚,0.22097558073461113,0.22097558073461113,0.8948721885681152,0.4877336919307709,2.6447653770446777,27,1191,1165
2026-04-02 13:04:23.539,647618262,左脚+右脚,0.2345219728949174,0.23452197289491744,0.7923123836517334,0.25684288144111633,2.632690906524658,27,1192,1166
2026-04-02 13:04:23.570,647651596,左脚+右脚,0.2688894189996029,0.17462471780168665,1.031023383140564,1.2428855895996094,2.4251465797424316,27,1193,1167
2026-04-02 13:04:23.630,647684930,左脚+右脚,0.3055799561344092,0.16079262802606858,1.1007161140441895,1.6942893266677856,2.699394702911377,27,1194,1168
2026-04-02 13:04:23.659,647718264,左脚+右脚,0.3414416867099707,0.14042662442465753,1.0758519172668457,2.1324198246002197,2.591766834259033,27,1195,1169
2026-04-02 13:04:23.689,647751598,左脚+右脚,0.3799194492501522,0.1106817829393779,1.1543328762054443,1.8677480220794678,1.5586602687835693,27,1196,1170
2026-04-02 13:04:23.719,647784932,左脚+右脚,0.42312837417945315,0.11142482062200419,1.2962677478790283,1.7414546012878418,1.4671130180358887,27,1197,1171
2026-04-02 13:04:23.750,647818266,左脚+右脚,0.46553578352953046,0.12692369329294248,1.2722222805023193,1.5537468194961548,1.5917682647705078,27,1198,1172
2026-04-02 13:04:23.778,647851600,左脚+右脚,0.5024299937091773,0.1242247925428392,1.1068263053894043,1.5608465671539307,1.545715093612671,27,1199,1173
2026-04-02 13:04:23.810,647884934,左脚+右脚,0.5338774797918902,0.13326626647693932,0.9434245824813843,1.3822095394134521,1.5337989330291748,27,1200,1174
2026-04-02 13:04:23.840,647918268,左脚+右脚,0.5653787173432614,0.14152381327451463,0.9450371265411377,1.3907179832458496,1.714245319366455,27,1201,1175
2026-04-02 13:04:23.870,647951602,左脚+右脚,0.5973092513881629,0.141017212067537,0.9579160213470459,1.3984863758087158,1.7126497030258179,27,1202,1176
2026-04-02 13:04:23.899,647984936,左脚+右脚,0.630950748682271,0.13325900029753002,1.0092449188232422,1.444997787475586,1.6033260822296143,27,1203,1177
2026-04-02 13:04:23.959,648018270,左脚+右脚,0.6865212736132249,0.10192498825873086,1.1114104986190796,1.8120511770248413,1.3503167629241943,27,1204,1178
2026-04-02 13:04:23.988,648051604,左脚+右脚,0.7434960660936937,0.1018019132710377,1.139495849609375,1.793475866317749,1.3343188762664795,27,1205,1179
2026-04-02 13:04:24.020,648084938,左脚+右脚,0.7996450600626573,0.988024776016109,1.1229798793792725,0.9888834953308105,-0.07454685121774673,27,1206,1180
2026-04-02 13:04:24.050,648118272,左脚+右脚,0.8428194697439134,0.8428194697439134,1.3347958326339722,1.1484209299087524,-1.740679383277893,27,1207,1181
2026-04-02 13:04:24.080,648151606,左脚+右脚,0.8904833173493008,0.8372419658542354,1.429915428161621,1.1132116317749023,-1.8232247829437256,27,1208,1182
2026-04-02 13:04:24.170,648184940,左脚+右脚,0.937937293026791,0.8218530047953263,1.423619270324707,0.5970724821090698,-1.2314223051071167,27,1209,1183
2026-04-02 13:04:24.171,648218274,左脚+右脚,0.9843385076264003,0.8035284292164908,1.3920364379882812,0.4039577841758728,-1.1554462909698486,27,1210,1184
2026-04-02 13:04:24.201,648251608,左脚+右脚,0.027111531867529903,0.8068403404716936,1.2831907272338867,0.35475364327430725,-0.9507270455360413,27,1211,1185
2026-04-02 13:04:24.202,648284942,左脚+右脚,0.07009441611562764,0.8916070873787907,1.2894865274429321,0.59407639503479,-0.4814419150352478,27,1212,1186
2026-04-02 13:04:24.260,648318276,左脚+右脚,0.12215599772726093,0.22916391190060678,1.041231632232666,0.13448861241340637,1.021405816078186,27,1213,1187
2026-04-02 13:04:24.290,648351610,左脚+右脚,0.15662984970965954,0.15662984970965949,0.9499268531799316,0.8861679434776306,1.3331208229064941,27,1214,1188
2026-04-02 13:04:24.320,648384944,左脚+右脚,0.18955884500105155,0.14464344005440422,0.9878698587417603,1.3221039772033691,1.6965841054916382,27,1215,1189
2026-04-02 13:04:24.350,648418278,左脚+右脚,0.22308502320209117,0.15546752029735944,1.005785346031189,1.2983441352844238,1.9225795269012451,27,1216,1190
2026-04-02 13:04:24.380,648451612,左脚+右脚,0.2556302082912025,0.20308274258131276,0.9763555526733398,0.6995437741279602,2.303884506225586,27,1217,1191
2026-04-02 13:04:24.410,648484946,左脚+右脚,0.28470415198563503,0.22241506960344853,0.8722183108329773,0.4281751811504364,2.445626974105835,27,1218,1192
2026-04-02 13:04:24.440,648518280,左脚+右脚,0.31339226488032906,0.22734187897222233,0.8606433868408203,0.29974547028541565,2.0912253856658936,27,1219,1193
2026-04-02 13:04:24.470,648551614,左脚+右脚,0.34939027948934803,0.15998823415970767,1.0799404382705688,1.449655532836914,2.2839183807373047,27,1220,1194
2026-04-02 13:04:24.500,648584948,左脚+右脚,0.38733551029124824,0.1440963614321879,1.1383569240570068,2.0228159427642822,2.5774471759796143,27,1221,1195
2026-04-02 13:04:24.561,648618282,左脚+右脚,0.4274548006431159,0.09472555412601905,1.2035787105560303,1.9798383712768555,1.3405117988586426,27,1222,1196
2026-04-02 13:04:24.590,648651616,左脚+右脚,0.46977628393728504,0.1004678989494521,1.2696444988250732,1.8367526531219482,1.3427468538284302,27,1223,1197
2026-04-02 13:04:24.620,648684950,左脚+右脚,0.5141017429407335,0.12401979113858806,1.3297637701034546,1.5448179244995117,1.5259056091308594,27,1224,1198
2026-04-02 13:04:24.650,648718284,左脚+右脚,0.5540695858375129,0.11227234625549601,1.1990352869033813,1.5070843696594238,1.2834479808807373,27,1225,1199
2026-04-02 13:04:24.679,648751618,左脚+右脚,0.5889644853647448,0.12698524065514,1.0468469858169556,1.2472858428955078,1.278796911239624,27,1226,1200
2026-04-02 13:04:24.740,648784952,左脚+右脚,0.6200489036615587,0.14735844432054965,0.932532548904419,1.2137553691864014,1.6135793924331665,27,1227,1201
2026-04-02 13:04:24.740,648818286,左脚+右脚,0.6520314209039904,0.1430530777706388,0.9594755172729492,1.2244727611541748,1.5393240451812744,27,1228,1202
2026-04-02 13:04:24.770,648851620,左脚+右脚,0.7037794284399248,0.12396588821304513,1.034960150718689,1.4338181018829346,1.4153056144714355,27,1229,1203
2026-04-02 13:04:24.799,648884954,左脚+右脚,0.7595902733381487,0.10250835558733384,1.1162168979644775,1.6641509532928467,1.2496165037155151,27,1230,1204
2026-04-02 13:04:24.860,648918288,左脚+右脚,0.817540549474547,0.09885356467716531,1.1590055227279663,1.5972648859024048,1.1429932117462158,27,1231,1205
2026-04-02 13:04:24.890,648951622,左脚+右脚,0.8754229538019396,0.08454574364199025,1.1576480865478516,1.591953158378601,0.9353559017181396,27,1232,1206
2026-04-02 13:04:24.920,648984956,左脚+右脚,0.9197407794372138,0.8337014784391301,1.3295347690582275,1.087164282798767,-1.8730049133300781,27,1233,1207
2026-04-02 13:04:24.950,649018290,左脚+右脚,0.9680301261321601,0.8178851672050126,1.4486804008483887,1.0019571781158447,-2.2048466205596924,27,1234,1208
2026-04-02 13:04:24.980,649051624,左脚+右脚,0.018485004939228,0.7972703875447671,1.5136463642120361,0.5120189189910889,-1.6729274988174438,27,1235,1209
2026-04-02 13:04:25.010,649084958,左脚+右脚,0.06516549908875396,0.7720104330719997,1.4004148244857788,0.2154846489429474,-1.5481988191604614,27,1236,1210
2026-04-02 13:04:25.040,649118292,左脚+右脚,0.11166228774943918,0.8173185446549744,1.3949036598205566,0.3195043206214905,-0.7097801566123962,27,1237,1211
2026-04-02 13:04:25.070,649151626,左脚+右脚,0.15582489096878935,0.919394773717653,1.3248780965805054,0.3649177551269531,-0.20242612063884735,27,1238,1212
2026-04-02 13:04:25.129,649184960,左脚+右脚,0.2140052887177365,0.24375120917902404,1.1636079549789429,0.0355793721973896,0.9057309031486511,27,1239,1213
2026-04-02 13:04:25.159,649218294,左脚+右脚,0.24902312878528207,0.1370554197881325,1.0505352020263672,1.0517914295196533,1.2245464324951172,27,1240,1214
2026-04-02 13:04:25.189,649251628,左脚+右脚,0.2845319958901303,0.12943160036914242,1.0652660131454468,1.5288403034210205,1.6164419651031494,27,1241,1215
2026-04-02 13:04:25.219,649284962,左脚+右脚,0.3190528683241106,0.14297475194843176,1.0356261730194092,1.4781572818756104,1.85636305809021,27,1242,1216
2026-04-02 13:04:25.249,649318296,左脚+右脚,0.3524035148199297,0.17414149535582493,1.0005193948745728,1.1051766872406006,2.1404099464416504,27,1243,1217
2026-04-02 13:04:25.279,649351630,左脚+右脚,0.3836813501890398,0.199960893408551,0.9383350610733032,0.7532060146331787,2.316193103790283,27,1244,1218
2026-04-02 13:04:25.309,649384964,左脚+右脚,0.41514463547626107,0.1903069275525033,0.9438985586166382,0.8419888615608215,2.1386618614196777,27,1245,1219
2026-04-02 13:04:25.339,649418298,左脚+右脚,0.4547289820885556,0.1406208128672587,1.1875303983688354,1.6963651180267334,2.066915988922119,27,1246,1220
2026-04-02 13:04:25.370,649451632,左脚+右脚,0.4934972616410153,0.13473633346560193,1.1630483865737915,2.208552360534668,2.496760368347168,27,1247,1221
2026-04-02 13:04:25.400,649484966,左脚+右脚,0.5339060755944149,0.08906252954206298,1.2122644186019897,2.0921711921691895,1.3105096817016602,27,1248,1222
2026-04-02 13:04:25.430,649518300,左脚+右脚,0.578335135417769,0.09131864017562964,1.3328717947006226,1.9152472019195557,1.2378301620483398,27,1249,1223
2026-04-02 13:04:25.490,649551634,左脚+右脚,0.6211678874866066,0.0984734467130962,1.2849825620651245,1.7704756259918213,1.260558843612671,27,1250,1224
2026-04-02 13:04:25.520,649584968,左脚+右脚,0.6791167152301368,0.10058425637055485,1.1589765548706055,1.613325595855713,1.181222677230835,27,1251,1225
2026-04-02 13:04:25.580,649618302,左脚+右脚,0.7305851292983588,0.1367551841453415,1.029368281364441,1.3513381481170654,1.5673017501831055,27,1252,1226
2026-04-02 13:04:25.580,649651636,左脚+右脚,0.7786359203235206,0.15216723136080376,0.9610158205032349,1.2307634353637695,1.7434391975402832,27,1253,1227
2026-04-02 13:04:25.610,649684970,左脚+右脚,0.8292085898295936,0.14397298716414228,1.01145339012146,1.3161468505859375,1.6743440628051758,27,1254,1228
2026-04-02 13:04:25.643,649718304,左脚+右脚,0.8838188124076423,0.12523668202738378,1.0922044515609741,1.520679235458374,1.525208830833435,27,1255,1229
2026-04-02 13:04:25.670,649751638,左脚+右脚,0.941811443604618,0.10537542358853143,1.1598526239395142,1.768104910850525,1.378175139427185,27,1256,1230
2026-04-02 13:04:25.700,649784972,左脚+右脚,0.0008526873961982595,0.10463971464432163,1.180824875831604,1.7289609909057617,1.3348617553710938,27,1257,1231
2026-04-02 13:04:25.760,649818306,左脚+右脚,0.04529195153473789,0.9443487005914708,1.333177924156189,1.9783148765563965,-0.7213957905769348,27,1258,1232
2026-04-02 13:04:25.790,649851640,左脚+右脚,0.09200753692546462,0.8452068876567896,1.4014675617218018,1.1129964590072632,-1.6331539154052734,27,1259,1233
2026-04-02 13:04:25.820,649884974,左脚+右脚,0.14139683965602493,0.8120525335922951,1.481679081916809,0.6601372361183167,-1.606472373008728,27,1260,1234
2026-04-02 13:04:25.850,649918308,左脚+右脚,0.19055151466289139,0.8112886434904532,1.4746402502059937,0.47647687792778015,-1.1755446195602417,27,1261,1235
2026-04-02 13:04:25.880,649951642,左脚+右脚,0.2361768039441007,0.7881817399741684,1.3687586784362793,0.20166653394699097,-0.824428141117096,27,1262,1236
2026-04-02 13:04:25.910,649984976,左脚+右脚,0.28235966288803993,0.8807478897363364,1.3854857683181763,0.5091875791549683,-0.4736759662628174,27,1263,1237
2026-04-02 13:04:25.940,650018310,左脚+右脚,0.32394197706142047,0.9925785506477491,1.247469425201416,0.4214067757129669,-0.019664596766233444,27,1264,1238
2026-04-02 13:04:25.969,650051644,左脚+右脚,0.3564015579597054,0.2286292140507916,0.9737874269485474,0.14667609333992004,1.0857698917388916,27,1265,1239
2026-04-02 13:04:26.000,650084978,左脚+右脚,0.3878969224667448,0.17623380074848746,0.9448609352111816,0.8777679800987244,1.7562423944473267,27,1266,1240
2026-04-02 13:04:26.060,650118312,左脚+右脚,0.4199797344581185,0.16863996616337038,0.9624843597412109,1.200317144393921,2.1398489475250244,27,1267,1241
2026-04-02 13:04:26.090,650151646,左脚+右脚,0.4516481352225838,0.19354846282319652,0.95005202293396,0.9159589409828186,2.4731664657592773,27,1268,1242
2026-04-02 13:04:26.120,650184980,左脚+右脚,0.4821850769098498,0.22530233290746723,0.916108250617981,0.43576058745384216,2.785520553588867,27,1269,1243
2026-04-02 13:04:26.150,650218314,左脚+右脚,0.5106868100539741,0.24046500148305075,0.8550519943237305,0.15627524256706238,2.6053714752197266,27,1270,1244
2026-04-02 13:04:26.181,650251648,左脚+右脚,0.5481714201346931,0.1671590211669677,1.1245383024215698,1.455290675163269,2.5387425422668457,27,1271,1245
2026-04-02 13:04:26.210,650284982,左脚+右脚,0.5868509602920112,0.16246034551571248,1.1603862047195435,1.856554627418518,3.027928113937378,27,1272,1246
2026-04-02 13:04:26.240,650318316,左脚+右脚,0.6233174515143928,0.1194467342532725,1.0939947366714478,2.2364115715026855,2.085547685623169,27,1273,1247
2026-04-02 13:04:26.270,650351650,左脚+右脚,0.6854161155597266,0.10241250966708855,1.2419732809066772,2.009852886199951,1.5073132514953613,27,1274,1248
2026-04-02 13:04:26.300,650384984,左脚+右脚,0.751943792142063,0.11080834639904616,1.3305535316467285,1.8311669826507568,1.5306048393249512,27,1275,1249
2026-04-02 13:04:26.360,650418318,左脚+右脚,0.8136532020942266,0.10729650587093136,1.234188199043274,1.769889235496521,1.4142370223999023,27,1276,1250
2026-04-02 13:04:26.420,650451652,左脚+右脚,0.8724229646102484,0.1386705974326013,1.1753952503204346,1.4067952632904053,1.6718909740447998,27,1277,1251
2026-04-02 13:04:26.421,650484986,左脚+右脚,0.9197166395560796,0.15762563585154277,0.945873498916626,1.1100059747695923,1.6927330493927002,27,1278,1252
2026-04-02 13:04:26.450,650518320,左脚+右脚,0.9692672086135442,0.15419945830275744,0.991011381149292,1.1369751691818237,1.6550395488739014,27,1279,1253
2026-04-02 13:04:26.480,650551654,左脚+右脚,0.02164164904513899,0.1432307591212776,1.047488808631897,1.2649345397949219,1.5938389301300049,27,1280,1254
2026-04-02 13:04:26.510,650584988,左脚+右脚,0.07791940096774641,0.12090419009753349,1.1255550384521484,1.5834741592407227,1.504001259803772,27,1281,1255
2026-04-02 13:04:26.540,650618322,左脚+右脚,0.10574955045329715,0.10574955045329712,1.173296332359314,1.7254934310913086,1.35149347782135,27,1282,1256
2026-04-02 13:04:26.570,650651656,左脚+右脚,0.14584054449346845,0.054812668749397844,1.2027298212051392,1.6553099155426025,0.5937482714653015,27,1283,1257
2026-04-02 13:04:26.630,650684990,左脚+右脚,0.19101327160147016,0.8138276955039846,1.3551818132400513,0.6322189569473267,-1.4910081624984741,27,1284,1258
2026-04-02 13:04:26.660,650718324,左脚+右脚,0.24007243612554852,0.8162989120371643,1.471774935722351,0.749268651008606,-1.6934047937393188,27,1285,1259
2026-04-02 13:04:26.690,650751658,左脚+右脚,0.2922254671568392,0.7936264428414644,1.5645909309387207,0.31170105934143066,-1.10850191116333,27,1286,1260
2026-04-02 13:04:26.720,650784992,左脚+右脚,0.3656327177996157,0.7420143997909878,1.4681450128555298,-0.0527629517018795,-1.050695776939392,27,1287,1261
2026-04-02 13:04:26.750,650818326,左脚+右脚,0.43916520972199424,0.8147935286931229,1.4706498384475708,0.21746116876602173,-0.5043171048164368,27,1288,1262
2026-04-02 13:04:26.780,650851660,左脚+右脚,0.5067923178190706,0.8817183906004767,1.3525421619415283,0.2640085220336914,-0.24260997772216797,27,1289,1263
2026-04-02 13:04:26.810,650884994,左脚+右脚,0.5451859623109021,0.31534154042497875,1.1518093347549438,-0.14095264673233032,0.3238140642642975,27,1290,1264
2026-04-02 13:04:26.840,650918328,左脚+右脚,0.5789075126165865,0.18025675889230378,1.0116465091705322,0.7069577574729919,1.5086745023727417,27,1291,1265
2026-04-02 13:04:26.870,650951662,左脚+右脚,0.6120211472029207,0.16533502631047728,0.9934090375900269,1.1635373830795288,1.976920247077942,27,1292,1266
2026-04-02 13:04:26.930,650984996,左脚+右脚,0.6457791199202059,0.17946854013206676,1.0127391815185547,1.1200611591339111,2.3597652912139893,27,1293,1267
2026-04-02 13:04:26.960,651018330,左脚+右脚,0.6785129258945304,0.20297685322768189,0.9820141792297363,0.7756358981132507,2.548387050628662,27,1294,1268
2026-04-02 13:04:26.990,651051664,左脚+右脚,0.7086014141554353,0.21387508134021843,0.9026546478271484,0.6310099363327026,2.7321228981018066,27,1295,1269
2026-04-02 13:04:27.020,651084998,左脚+右脚,0.7417058696264741,0.21426809637165042,0.9931336641311646,0.5447246432304382,2.3853774070739746,27,1296,1270
2026-04-02 13:04:27.050,651118332,左脚+右脚,0.7999109317774293,0.15974008136840556,1.164101243019104,1.5627723932266235,2.4536688327789307,27,1297,1271
2026-04-02 13:04:27.080,651151666,左脚+右脚,0.85751202602334,0.15466282827111097,1.152021884918213,1.9902610778808594,2.915276050567627,27,1298,1272
2026-04-02 13:04:27.111,651185000,左脚+右脚,0.9176273514742372,0.10713027154282394,1.2023065090179443,1.8877283334732056,1.5051689147949219,27,1299,1273
2026-04-02 13:04:27.139,651218334,左脚+右脚,0.9846737672800538,0.1116762321849316,1.340928316116333,1.7298396825790405,1.4620060920715332,27,1300,1274
2026-04-02 13:04:27.170,651251668,左脚+右脚,0.048372017335367,0.12012066687731489,1.2739650011062622,1.6024720668792725,1.5071094036102295,27,1301,1275
2026-04-02 13:04:27.200,651285002,左脚+右脚,0.10827502508110981,0.12155653795623346,1.198060154914856,1.4584250450134277,1.3966434001922607,27,1302,1276
2026-04-02 13:04:27.260,651318336,左脚+右脚,0.14863508011866117,0.14863508011866114,0.9959268569946289,1.2986443042755127,1.7555699348449707,27,1303,1277
2026-04-02 13:04:27.290,651351670,左脚+右脚,0.16076647610760925,0.16076647610760925,0.9623336791992188,1.0049338340759277,1.6005078554153442,27,1304,1278
2026-04-02 13:04:27.320,651385004,左脚+右脚,0.19381993384457824,0.15321330519681978,0.9916037321090698,1.0988516807556152,1.5784988403320312,27,1305,1279
2026-04-02 13:04:27.351,651418338,左脚+右脚,0.22981020382341938,0.1304313626856301,1.0797080993652344,1.3351318836212158,1.4295156002044678,27,1306,1280
2026-04-02 13:04:27.380,651451672,左脚+右脚,0.26841303280291157,0.1064412018885676,1.1580848693847656,1.6947743892669678,1.3393568992614746,27,1307,1281
2026-04-02 13:04:27.410,651485006,左脚+右脚,0.3074396706749717,0.10267203170303402,1.1707991361618042,1.6135890483856201,1.2142465114593506,27,1308,1282
2026-04-02 13:04:27.440,651518340,左脚+右脚,0.35170789332486385,0.9203253354943068,1.3280466794967651,1.782307744026184,-0.975092887878418,27,1309,1283
2026-04-02 13:04:27.470,651551674,左脚+右脚,0.41999846668339963,0.8471790422361013,1.3658114671707153,1.1323522329330444,-1.6181007623672485,27,1310,1284
2026-04-02 13:04:27.529,651585008,左脚+右脚,0.49166058273411983,0.8141046506046693,1.4332423210144043,0.6768300533294678,-1.5885207653045654,27,1311,1285
2026-04-02 13:04:27.560,651618342,左脚+右脚,0.5657794174680828,0.8203109121671366,1.4823766946792603,0.5114182233810425,-1.0813308954238892,27,1312,1286
2026-04-02 13:04:27.591,651651676,左脚+右脚,0.6370035168657421,0.7999299783313651,1.424481987953186,0.28065580129623413,-0.8650645613670349,27,1313,1287
2026-04-02 13:04:27.620,651685010,左脚+右脚,0.7069917377958416,0.8750522898599509,1.3997644186019897,0.5926183462142944,-0.5922290682792664,27,1314,1288
2026-04-02 13:04:27.650,651718344,左脚+右脚,0.7700577554235576,0.00549402804489593,1.2613203525543213,0.34078535437583923,0.0117685841396451,27,1315,1289
2026-04-02 13:04:27.680,651751678,左脚+右脚,0.8040626900523621,0.2795595103131084,1.0201480388641357,-0.17156711220741272,0.9131091833114624,27,1316,1290
2026-04-02 13:04:27.710,651785012,左脚+右脚,0.8529447810977417,0.16897862008473694,0.9776418209075928,0.9269493222236633,1.660778522491455,27,1317,1291
2026-04-02 13:04:27.740,651818346,左脚+右脚,0.9005151944488007,0.16726726091870464,0.9514082670211792,1.1507601737976074,2.010659694671631,27,1318,1292
2026-04-02 13:04:27.770,651851680,左脚+右脚,0.9476712005465943,0.1867041939993779,0.9431201219558716,0.9964197874069214,2.3719544410705566,27,1319,1293
2026-04-02 13:04:27.800,651885014,左脚+右脚,0.9939114647239167,0.22120235932483362,0.9248052835464478,0.4976365864276886,2.720191240310669,27,1320,1294
2026-04-02 13:04:27.860,651918348,左脚+右脚,0.03675064614710388,0.22924323319068804,0.8567836284637451,0.3567744791507721,2.7200825214385986,27,1321,1295
2026-04-02 13:04:27.890,651951682,左脚+右脚,0.09061007669863282,0.17051938530493363,1.0771886110305786,1.325302004814148,2.42946195602417,27,1322,1296
2026-04-02 13:04:27.920,651985016,左脚+右脚,0.14797056487497864,0.16608968120454087,1.1472097635269165,1.72618567943573,2.964965581893921,27,1323,1297
2026-04-02 13:04:27.950,652018350,左脚+右脚,0.18498863748011168,0.14857585310557608,1.1105421781539917,2.0602221488952637,2.7829408645629883,27,1324,1298
2026-04-02 13:04:27.980,652051684,左脚+右脚,0.22464156122304177,0.13151521443950842,1.1895877122879028,1.7086665630340576,1.8546156883239746,27,1325,1299
2026-04-02 13:04:28.010,652085018,左脚+右脚,0.2676106847454824,0.14016064414483814,1.2890737056732178,1.5600513219833374,1.8896583318710327,27,1326,1300
2026-04-02 13:04:28.040,652118352,左脚+右脚,0.30781134735839744,0.13920935393094583,1.2060198783874512,1.5041213035583496,1.7998896837234497,27,1327,1301
2026-04-02 13:04:28.070,652151686,左脚+右脚,0.34503289432622175,0.15685448187301693,1.116646409034729,1.208263635635376,1.8232471942901611,27,1328,1302
2026-04-02 13:04:28.100,652185020,左脚+右脚,0.37427488934295555,0.16990709772940776,0.8772598505020142,0.9383407831192017,1.7044780254364014,27,1329,1303
2026-04-02 13:04:28.160,652218354,左脚+右脚,0.404237989299468,0.16914766514298302,0.8988929986953735,0.9471956491470337,1.7012966871261597,27,1330,1304
2026-04-02 13:04:28.190,652251688,左脚+右脚,0.43628500274118964,0.15705369104497496,0.961410403251648,1.099565029144287,1.6637417078018188,27,1331,1305
2026-04-02 13:04:28.220,652285022,左脚+右脚,0.4707295732825715,0.1385592229884473,1.033337116241455,1.343052864074707,1.5938715934753418,27,1332,1306
2026-04-02 13:04:28.250,652318356,左脚+右脚,0.507592018160196,0.11151507155138363,1.1058733463287354,1.7829433679580688,1.5037952661514282,27,1333,1307
2026-04-02 13:04:28.280,652351690,左脚+右脚,0.5442912575731395,0.10773749586978622,1.1009771823883057,1.8116503953933716,1.455849528312683,27,1334,1308
2026-04-02 13:04:28.310,652385024,左脚+右脚,0.5781557318697093,0.14476848436493384,1.0159342288970947,0.12673142552375793,0.16289134323596954,27,1335,1309
2026-04-02 13:04:28.340,652418358,左脚+右脚,0.6315470752248881,0.8435226920544004,1.0678268671035767,0.3335097134113312,-0.500679075717926,27,1336,1310
2026-04-02 13:04:28.370,652451692,左脚+右脚,0.6928492424020883,0.8085666201412114,1.2260433435440063,0.6214167475700378,-1.6117805242538452,27,1337,1311
2026-04-02 13:04:28.400,652485026,左脚+右脚,0.761963289690983,0.8123427979065765,1.382280945777893,0.671776533126831,-1.6263537406921387,27,1338,1312
2026-04-02 13:04:28.490,652518360,左脚+右脚,0.8153835354397218,0.8153835354397218,1.369811773300171,0.48389431834220886,-1.1108615398406982,27,1339,1313
2026-04-02 13:04:28.491,652551694,左脚+右脚,0.8597685951143026,0.8204058149745889,1.3315517902374268,0.5559589862823486,-1.1736955642700195,27,1340,1314
2026-04-02 13:04:28.521,652585028,左脚+右脚,0.9022644537835836,0.8536875687359002,1.2748757600784302,0.6771897673606873,-0.888053297996521,27,1341,1315
2026-04-02 13:04:28.550,652618362,左脚+右脚,0.961930717840743,0.9803266529832674,1.1933252811431885,1.3827265501022339,-0.1717965006828308,27,1342,1316
2026-04-02 13:04:28.580,652651696,左脚+右脚,0.014163019075942085,0.03882050177139455,1.0446460247039795,1.4475016593933105,0.3602421283721924,27,1343,1317
2026-04-02 13:04:28.610,652685030,左脚+右脚,0.060930691972327276,0.1681931258905357,0.9353534579277039,0.696560263633728,1.233652949333191,27,1344,1318
2026-04-02 13:04:28.670,652718364,左脚+右脚,0.10331607343251709,0.18992026118690472,0.8477076292037964,0.8680883646011353,2.189335584640503,27,1345,1319
2026-04-02 13:04:28.670,652751698,左脚+右脚,0.1453315305858374,0.19011588609007005,0.8403091430664062,0.9693363904953003,2.453482151031494,27,1346,1320
2026-04-02 13:04:28.700,652785032,左脚+右脚,0.1882290828376532,0.18962397634259442,0.8579510450363159,1.0203018188476562,2.559305429458618,27,1347,1321
2026-04-02 13:04:28.760,652818366,左脚+右脚,0.21416296108321922,0.21416296108321928,0.8493444919586182,0.5250828862190247,2.292387008666992,27,1348,1322
2026-04-02 13:04:28.790,652851700,左脚+右脚,0.2198916444217003,0.2198916444217003,0.812411904335022,0.5042887926101685,2.633831024169922,27,1349,1323
2026-04-02 13:04:28.820,652885034,左脚+右脚,0.24976154655564195,0.18638151568811484,0.8960970640182495,1.2360925674438477,2.9258627891540527,27,1350,1324
2026-04-02 13:04:28.850,652918368,左脚+右脚,0.2834053247208234,0.15949208914231916,1.0093133449554443,1.4072301387786865,2.201876401901245,27,1351,1325
2026-04-02 13:04:28.880,652951702,左脚+右脚,0.3189892420207298,0.1479900868275998,1.0675175189971924,1.4523917436599731,1.9468611478805542,27,1352,1326
2026-04-02 13:04:28.910,652985036,左脚+右脚,0.3560106922224001,0.1513558742635118,1.1106435060501099,1.5167244672775269,2.125436544418335,27,1353,1327
2026-04-02 13:04:28.940,653018370,左脚+右脚,0.3929610897138552,0.16387110619438341,1.1085119247436523,1.3540277481079102,2.2529103755950928,27,1354,1328
2026-04-02 13:04:28.970,653051704,左脚+右脚,0.4286975988780296,0.1708566352820845,1.072095274925232,1.1994012594223022,2.20979380607605,27,1355,1329
2026-04-02 13:04:28.999,653085038,左脚+右脚,0.46125182400493187,0.16631808282582144,0.9766267538070679,1.239925503730774,2.1367921829223633,27,1356,1330
2026-04-02 13:04:29.060,653118372,左脚+右脚,0.48962522437521183,0.18352373411984324,0.8512020111083984,0.7844419479370117,1.767573356628418,27,1357,1331
2026-04-02 13:04:29.090,653151706,左脚+右脚,0.5128794043297407,0.19704642551465273,0.6976253986358643,0.5265635251998901,1.5237817764282227,27,1358,1332
2026-04-02 13:04:29.120,653185040,左脚+右脚,0.5386966157987552,0.183530491948447,0.7745163440704346,0.6680910587310791,1.5055737495422363,27,1359,1333
2026-04-02 13:04:29.150,653218374,左脚+右脚,0.5668581097359296,0.1603168724477842,0.8448448181152344,0.9455274343490601,1.496490240097046,27,1360,1334
2026-04-02 13:04:29.180,653251708,左脚+右脚,0.5977581430509524,0.14044486804368822,0.9270009994506836,1.221677303314209,1.4851871728897095,27,1361,1335
2026-04-02 13:04:29.270,653285042,左脚+右脚,0.6310024866496361,0.1369252368313787,0.9973303079605103,1.2380454540252686,1.4390093088150024,27,1362,1336
2026-04-02 13:04:29.270,653318376,左脚+右脚,0.6833698877726829,0.06365155624848523,1.0473480224609375,0.8146861791610718,0.3443809151649475,27,1363,1337
2026-04-02 13:04:29.300,653351710,左脚+右脚,0.7319565841590202,0.002114069041234031,0.9717339277267456,0.3862021267414093,0.00513025838881731,27,1364,1338
2026-04-02 13:04:29.300,653385044,左脚+右脚,0.7762169250880516,0.964853173973052,0.8852068185806274,0.2814013957977295,-0.06317329406738281,27,1365,1339
2026-04-02 13:04:29.360,653418378,左脚+右脚,0.8178058901463784,0.846085690653575,0.8317793011665344,0.24130785465240479,-0.34991520643234253,27,1366,1340
2026-04-02 13:04:29.390,653451712,左脚+右脚,0.8461108763053852,0.8119736418551927,0.8491495847702026,0.2148125171661377,-0.5234934687614441,27,1367,1341
2026-04-02 13:04:29.420,653485046,左脚+右脚,0.8767686803176837,0.8251776390321003,0.9197341203689575,0.3191293179988861,-0.6246021389961243,27,1368,1342
2026-04-02 13:04:29.450,653518380,左脚+右脚,0.9098461428319252,0.8069054689197808,0.9923238754272461,0.30004116892814636,-0.8030960559844971,27,1369,1343
2026-04-02 13:04:29.480,653551714,左脚+右脚,0.9388534187311766,0.7511126866116669,0.8702182769775391,0.005532298237085342,-0.7913084030151367,27,1370,1344
2026-04-02 13:04:29.510,653585048,左脚+右脚,0.9692553241088825,0.8064457378726634,0.9120571613311768,0.30682191252708435,-0.8285377621650696,27,1371,1345
2026-04-02 13:04:29.540,653618382,左脚+右脚,0.004774268372340629,0.8307386288252928,1.0655683279037476,0.474252849817276,-0.8532586097717285,27,1372,1346
2026-04-02 13:04:29.570,653651716,左脚+右脚,0.04095438709207736,0.9445063238078676,1.085403561592102,0.6806330680847168,-0.24743053317070007,27,1373,1347
2026-04-02 13:04:29.630,653685050,左脚+右脚,0.0770877439811663,0.026593761685182484,1.0840007066726685,0.8036496639251709,0.13554853200912476,27,1374,1348
2026-04-02 13:04:29.660,653718384,左脚+右脚,0.11154309501596651,0.001185903131712124,1.0336605310440063,1.1740355491638184,0.008748193271458149,27,1375,1349
2026-04-02 13:04:29.690,653751718,左脚+右脚,0.1423903504048622,0.03302931940964945,0.9254176616668701,1.0981194972991943,0.2312210202217102,27,1376,1350
2026-04-02 13:04:29.720,653785052,左脚+右脚,0.1716399350796974,0.043430564867921344,0.8774875402450562,0.8209977746009827,0.22976745665073395,27,1377,1351
2026-04-02 13:04:29.780,653818386,左脚+右脚,0.2011790393824216,0.10040664631933935,0.8861731290817261,0.6167194843292236,0.4504849314689636,27,1378,1352
2026-04-02 13:04:29.780,653851720,左脚+右脚,0.20793196679355425,0.2079319667935543,0.8357986807823181,0.32117900252342224,1.1866776943206787,27,1379,1353
2026-04-02 13:04:29.809,653885054,左脚+右脚,0.2328632187962703,0.21290480268664685,0.7479375600814819,0.4439680278301239,1.8702025413513184,27,1380,1354
2026-04-02 13:04:29.840,653918388,左脚+右脚,0.25757854303918004,0.18471996958917195,0.7414597272872925,0.8945057392120361,2.057142734527588,27,1381,1355
2026-04-02 13:04:29.870,653951722,左脚+右脚,0.28191487313510694,0.18214493346162308,0.7300899028778076,0.9451591968536377,2.0809051990509033,27,1382,1356
2026-04-02 13:04:29.900,653985056,左脚+右脚,0.30895337980192616,0.1893251522138243,0.8111552000045776,0.6056386232376099,1.510919213294983,27,1383,1357
2026-04-02 13:04:29.960,654018390,左脚+右脚,0.3405447753389847,0.20962481903634675,0.9477418661117554,0.49580565094947815,1.9123094081878662,27,1384,1358
2026-04-02 13:04:29.990,654051724,左脚+右脚,0.3726197989901077,0.18489225998087325,0.9622507095336914,0.8216804265975952,1.8952703475952148,27,1385,1359
2026-04-02 13:04:30.020,654085058,左脚+右脚,0.40473354181847687,0.16568656585578198,0.9634122848510742,1.0552048683166504,1.8019499778747559,27,1386,1360
2026-04-02 13:04:30.050,654118392,左脚+右脚,0.434908218395727,0.1670799812055254,0.9052402973175049,0.995320200920105,1.7343310117721558,27,1387,1361
2026-04-02 13:04:30.110,654151726,左脚+右脚,0.46337261916400707,0.13903374432293425,0.8539320230484009,1.1126426458358765,1.3284494876861572,27,1388,1362
2026-04-02 13:04:30.110,654185060,左脚+右脚,0.49278222244184927,0.14553721871750536,0.8822880983352661,0.9777389764785767,1.269317388534546,27,1389,1363
2026-04-02 13:04:30.140,654218394,左脚+右脚,0.5217081499219112,0.15031061627299364,0.8677778244018555,1.0037952661514282,1.3872913122177124,27,1390,1364
2026-04-02 13:04:30.169,654251728,左脚+右脚,0.5493899536252193,0.16130184148873228,0.8304541110992432,0.9166007041931152,1.4707869291305542,27,1391,1365
2026-04-02 13:04:30.200,654285062,左脚+右脚,0.5746570142229569,0.17757605653528177,0.7580118179321289,0.6556077599525452,1.339882254600525,27,1392,1366
2026-04-02 13:04:30.260,654318396,左脚+右脚,0.5959754657864742,0.22513691091628732,0.6395535469055176,0.19393327832221985,1.231300950050354,27,1393,1367
2026-04-02 13:04:30.291,654351730,左脚+右脚,0.6158810349424851,0.2525751332177297,0.5971670746803284,-0.01991286501288414,1.2305982112884521,27,1394,1368
2026-04-02 13:04:30.320,654385064,左脚+右脚,0.6350994897008113,0.2586512454431142,0.5765536427497864,-0.0640464723110199,1.1770873069763184,27,1395,1369
2026-04-02 13:04:30.349,654418398,左脚+右脚,0.6536451212684484,0.26579191701151145,0.5563689470291138,-0.10287174582481384,1.033362865447998,27,1396,1370
2026-04-02 13:04:30.379,654451732,左脚+右脚,0.6734690261006526,0.3368330303412747,0.5947171449661255,-0.24530646204948425,0.40409523248672485,27,1397,1371
2026-04-02 13:04:30.410,654485066,左脚+右脚,0.6950467777371577,0.5521827725958433,0.6473325490951538,-0.31369197368621826,-0.10670270025730133,27,1398,1372
2026-04-02 13:04:30.439,654518400,左脚+右脚,0.7173968645056259,0.6312395159682858,0.6705026030540466,-0.2176993191242218,-0.23547467589378357,27,1399,1373
2026-04-02 13:04:30.470,654551734,左脚+右脚,0.7465531559904587,0.8176327633925805,0.5831258296966553,0.09135684370994568,-0.20188379287719727,27,1400,1374
2026-04-02 13:04:30.530,654585068,左脚+右脚,0.7745966108759414,0.8540824671387741,0.5608690977096558,0.2715201675891876,-0.3542398512363434,27,1401,1375
2026-04-02 13:04:30.560,654618402,左脚+右脚,0.8024951728304397,0.8568129081690924,0.5579712390899658,0.2667541801929474,-0.33592545986175537,27,1402,1376
2026-04-02 13:04:30.590,654651736,左脚+右脚,0.8218494407455296,0.8022037777539696,0.5806280374526978,0.16352123022079468,-0.4805229902267456,27,1403,1377
2026-04-02 13:04:30.620,654685070,左脚+右脚,0.8423465780536503,0.7672124809510499,0.6149141192436218,0.07406923174858093,-0.6822077631950378,27,1404,1378
2026-04-02 13:04:30.680,654718404,左脚+右脚,0.8628228457888137,0.7101682038831836,0.6142880320549011,-0.18889176845550537,-0.7389260530471802,27,1405,1379
2026-04-02 13:04:30.681,654751738,左脚+右脚,0.8814819030086369,0.7001764126883769,0.559771716594696,-0.27409806847572327,-0.8467796444892883,27,1406,1380
2026-04-02 13:04:30.709,654785072,左脚+右脚,0.8976898433884155,0.6991836338374078,0.4862382113933563,-0.33040347695350647,-0.9994052052497864,27,1407,1381
2026-04-02 13:04:30.740,654818406,左脚+右脚,0.9131588818748962,0.7061636957529949,0.4640711545944214,-0.28663650155067444,-1.0142308473587036,27,1408,1382
2026-04-02 13:04:30.770,654851740,左脚+右脚,0.9284322104970785,0.7028934977419421,0.4581998586654663,-0.30661872029304504,-1.005518913269043,27,1409,1383
2026-04-02 13:04:30.800,654885074,左脚+右脚,0.9436276298880748,0.6969271021354467,0.4558625817298889,-0.3381858766078949,-0.9762784838676453,27,1410,1384
2026-04-02 13:04:30.862,654918408,左脚+右脚,0.9583610546708278,0.6914344731146185,0.4420027434825897,-0.3590725362300873,-0.9313523769378662,27,1411,1385
2026-04-02 13:04:30.890,654951742,左脚+右脚,0.9722201200445664,0.6891985690440869,0.4157719612121582,-0.38790103793144226,-0.9654933214187622,27,1412,1386
2026-04-02 13:04:30.920,654985076,左脚+右脚,0.9864260029912165,0.6912851034276765,0.4261764883995056,-0.3847871720790863,-0.9952663779258728,27,1413,1387
2026-04-02 13:04:30.949,655018410,左脚+右脚,0.0035699339827071075,0.6501582812398127,0.5143179297447205,-0.6077866554260254,-0.838298499584198,27,1414,1388
2026-04-02 13:04:30.981,655051744,左脚+右脚,0.020915390265004878,0.627118022643002,0.5203636884689331,-0.7591511011123657,-0.7796303033828735,27,1415,1389
2026-04-02 13:04:31.010,655085078,左脚+右脚,0.03572374305329427,0.5911383591553233,0.44425058364868164,-0.9980834722518921,-0.6434627771377563,27,1416,1390
2026-04-02 13:04:31.039,655118412,左脚+右脚,0.05479653647742375,0.5326300789042011,0.3814558684825897,-2.1918258666992188,-0.45577386021614075,27,1417,1391
2026-04-02 13:04:31.069,655151746,左脚+右脚,0.08128277432125514,0.7559226475906873,0.7945871353149414,0.06746014952659607,-1.8119699954986572,27,1418,1392
2026-04-02 13:04:31.101,655185080,左脚+右脚,0.10549059680304632,0.7650623970592891,0.7262346744537354,0.15181836485862732,-1.5993776321411133,27,1419,1393
2026-04-02 13:04:31.160,655218414,左脚+右脚,0.12873905868531968,0.7670155145492661,0.6974538564682007,0.14938578009605408,-1.391955018043518,27,1420,1394
2026-04-02 13:04:31.189,655251748,左脚+右脚,0.1508492745081753,0.7576918870180177,0.663306474685669,0.06381818652153015,-1.3194513320922852,27,1421,1395
2026-04-02 13:04:31.220,655285082,左脚+右脚,0.1731931882222663,0.7615294979697834,0.6703174114227295,0.08568808436393738,-1.1807814836502075,27,1422,1396
2026-04-02 13:04:31.250,655318416,左脚+右脚,0.19530659090679592,0.774076425941236,0.6634020805358887,0.14653465151786804,-0.9612531065940857,27,1423,1397
2026-04-02 13:04:31.280,655351750,左脚+右脚,0.21707686157228256,0.7647606752742147,0.6531081199645996,0.07353642582893372,-0.7906216979026794,27,1424,1398
2026-04-02 13:04:31.369,655385084,左脚+右脚,0.24758310885431076,0.689333230436299,0.610124945640564,-0.16088268160820007,-0.4014216661453247,27,1425,1399
2026-04-02 13:04:31.370,655418418,左脚+右脚,0.27372024626733565,0.46824264373712793,0.522742748260498,-0.7005622982978821,0.14167360961437225,27,1426,1400
2026-04-02 13:04:31.399,655451752,左脚+右脚,0.2966229137897661,0.43631358614653115,0.4580533504486084,-1.2364752292633057,0.5229971408843994,27,1427,1401
2026-04-02 13:04:31.400,655485086,左脚+右脚,0.31966633470060135,0.44211499206261096,0.4608684182167053,-1.4814540147781372,0.5638940334320068,27,1428,1402
2026-04-02 13:04:31.459,655518420,左脚+右脚,0.3439045992613008,0.4669110693010496,0.48476529121398926,-1.73186194896698,0.36533987522125244,27,1429,1403
2026-04-02 13:04:31.489,655551754,左脚+右脚,0.38825849564077164,0.5003292112428597,0.8870779275894165,-2.659027099609375,-0.005500192753970623,27,1430,1404
2026-04-02 13:04:31.519,655585088,左脚+右脚,0.41804710498652564,0.3340047335135512,0.8936582803726196,-0.9398255944252014,1.6120818853378296,27,1431,1405
2026-04-02 13:04:31.549,655618422,左脚+右脚,0.4486128476381471,0.33069547692997464,0.916972279548645,-0.9047409296035767,1.628817081451416,27,1432,1406
2026-04-02 13:04:31.579,655651756,左脚+右脚,0.4802700069666078,0.3307870753297576,0.9497147798538208,-0.8922293186187744,1.604116678237915,27,1433,1407
2026-04-02 13:04:31.609,655685090,左脚+右脚,0.5143354760726462,0.32560561627735224,1.0219640731811523,-0.7918551564216614,1.5395921468734741,27,1434,1408
2026-04-02 13:04:31.640,655718424,左脚+右脚,0.5486920542637675,0.3255215405315533,1.0306973457336426,-0.7910645008087158,1.5400545597076416,27,1435,1409
2026-04-02 13:04:31.669,655751758,左脚+右脚,0.5829385903597046,0.3298885544677833,1.0273960828781128,-0.8345115780830383,1.5204919576644897,27,1436,1410
2026-04-02 13:04:31.699,655785092,左脚+右脚,0.6164189961671998,0.3444130192494112,1.0044121742248535,-0.8956387639045715,1.3284047842025757,27,1437,1411
2026-04-02 13:04:31.759,655818426,左脚+右脚,0.647383911124882,0.3707201768631011,0.9289474487304688,-0.9922415018081665,1.0470943450927734,27,1438,1412
2026-04-02 13:04:31.790,655851760,左脚+右脚,0.6727829880635112,0.42989718220481044,0.7619723081588745,-1.0212035179138184,0.4813479483127594,27,1439,1413
2026-04-02 13:04:31.820,655885094,左脚+右脚,0.6933533139149517,0.4821901455046174,0.6171097755432129,-1.0622806549072266,0.11937066167593002,27,1440,1414
2026-04-02 13:04:31.850,655918428,左脚+右脚,0.7135355380296876,0.5006507028281035,0.6054667234420776,-1.070948839187622,-0.004378584213554859,27,1441,1415
2026-04-02 13:04:31.880,655951762,左脚+右脚,0.7329248951991568,0.4768548686909472,0.5816807150840759,-0.925995945930481,0.13562050461769104,27,1442,1416
2026-04-02 13:04:31.910,655985096,左脚+右脚,0.7549741175890138,0.3022106544312075,0.6614766716957092,-0.4053272306919098,1.1909246444702148,27,1443,1417
2026-04-02 13:04:31.940,656018430,左脚+右脚,0.773817220044153,0.33651697328099195,0.5652930736541748,-0.23605307936668396,0.3905985951423645,27,1444,1418
2026-04-02 13:04:31.970,656051764,左脚+右脚,0.7924647000551394,0.30999811958147394,0.5594244003295898,-0.09531208872795105,0.24073916673660278,27,1445,1419
2026-04-02 13:04:32.000,656085098,左脚+右脚,0.8200153377771547,0.23244138179526144,0.5510127544403076,0.008094016462564468,0.07306794077157974,27,1446,1420
2026-04-02 13:04:32.060,656118432,左脚+右脚,0.8473101821661165,0.8525336488458919,0.5458968877792358,0.015546653419733047,-0.020697083324193954,27,1447,1421
2026-04-02 13:04:32.090,656151766,左脚+右脚,0.8660882062832684,0.7833354991932031,0.5633407235145569,0.046933744102716446,-0.22079113125801086,27,1448,1422
2026-04-02 13:04:32.120,656185100,左脚+右脚,0.8909367230653933,0.8363028721467468,0.7454555034637451,0.2015475034713745,-0.3345177471637726,27,1449,1423
2026-04-02 13:04:32.150,656218434,左脚+右脚,0.9185118861119123,0.8192997817957514,0.8272548913955688,0.15780240297317505,-0.33921298384666443,27,1450,1424
2026-04-02 13:04:32.180,656251768,左脚+右脚,0.9484126396099897,0.806324156424737,0.8970226049423218,0.1557629406452179,-0.4216088652610779,27,1451,1425
2026-04-02 13:04:32.210,656285102,左脚+右脚,0.978282108616846,0.7642918410928682,0.8960840702056885,0.04803216829895973,-0.5334510803222656,27,1452,1426
2026-04-02 13:04:32.240,656318436,左脚+右脚,0.005263847819981127,0.7712516934251585,0.8094521760940552,0.06579490005970001,-0.48980915546417236,27,1453,1427
2026-04-02 13:04:32.270,656351770,左脚+右脚,0.030728485894220222,0.7719310448190908,0.7639391422271729,0.06906254589557648,-0.4980149269104004,27,1454,1428
2026-04-02 13:04:32.300,656385104,左脚+右脚,0.055785030833897145,0.6904505896827378,0.7516963481903076,-0.2173977494239807,-0.5536585450172424,27,1455,1429
2026-04-02 13:04:32.360,656418438,左脚+右脚,0.07991350363892033,0.6924237900511517,0.7238541841506958,-0.23273944854736328,-0.6150362491607666,27,1456,1430
2026-04-02 13:04:32.390,656451772,左脚+右脚,0.10329711309275741,0.6889058478552887,0.7015082836151123,-0.25055986642837524,-0.6203477382659912,27,1457,1431
2026-04-02 13:04:32.420,656485106,左脚+右脚,0.12519574037394637,0.6835022284568955,0.656958818435669,-0.2854534685611725,-0.6429744362831116,27,1458,1432
2026-04-02 13:04:32.450,656518440,左脚+右脚,0.14534893106621222,0.6879423567070302,0.6045957207679749,-0.30101898312568665,-0.732475757598877,27,1459,1433
2026-04-02 13:04:32.480,656551774,左脚+右脚,0.16446085444293138,0.685214190423871,0.5733577013015747,-0.3369266092777252,-0.7814752459526062,27,1460,1434
2026-04-02 13:04:32.510,656585108,左脚+右脚,0.1833892074346713,0.6766237343631825,0.5678505897521973,-0.3908820152282715,-0.7868936657905579,27,1461,1435
2026-04-02 13:04:32.570,656618442,左脚+右脚,0.21307379574777402,0.5568693747109406,0.5936917662620544,-0.8856058716773987,-0.33063843846321106,27,1462,1436
2026-04-02 13:04:32.570,656651776,左脚+右脚,0.24280825824739255,0.5591299152307089,0.5946892499923706,-0.8894040584564209,-0.3465275764465332,27,1463,1437
2026-04-02 13:04:32.600,656685110,左脚+右脚,0.2726857063293628,0.5673648821466202,0.5975489616394043,-0.8492760062217712,-0.38259515166282654,27,1464,1438
2026-04-02 13:04:32.660,656718444,左脚+右脚,0.3033167538166217,0.5847044618797106,0.6126209497451782,-0.7607617378234863,-0.44800856709480286,27,1465,1439
2026-04-02 13:04:32.690,656751778,左脚+右脚,0.33406788976194185,0.600738017589677,0.6150227189064026,-0.6857823729515076,-0.5031251907348633,27,1466,1440
2026-04-02 13:04:32.720,656785112,左脚+右脚,0.36535504133703034,0.6099283964380661,0.62574303150177,-0.600738525390625,-0.4965190589427948,27,1467,1441
2026-04-02 13:04:32.750,656818446,左脚+右脚,0.39640425117017547,0.6493675443815798,0.6209841966629028,-0.33537113666534424,-0.45776230096817017,27,1468,1442
2026-04-02 13:04:32.780,656851780,左脚+右脚,0.42728424341680327,0.6565673613414935,0.6175998449325562,-0.3132402300834656,-0.4708268344402313,27,1469,1443
2026-04-02 13:04:32.810,656885114,左脚+右脚,0.4599405375242404,0.6382652023218874,0.6531258821487427,-0.3773549199104309,-0.4461517035961151,27,1470,1444
2026-04-02 13:04:32.840,656918448,左脚+右脚,0.49418466062547484,0.6378372045744796,0.6848824620246887,-0.3482367694377899,-0.4094865024089813,27,1471,1445
2026-04-02 13:04:32.870,656951782,左脚+右脚,0.5324676063776187,0.6137136919228446,0.7656589150428772,-0.3250412344932556,-0.2819264531135559,27,1472,1446
2026-04-02 13:04:32.900,656985116,左脚+右脚,0.583598008465784,0.9783750123890611,1.0226080417633057,0.7824478149414062,-0.10697327554225922,27,1473,1447
2026-04-02 13:04:32.960,657018450,左脚+右脚,0.6343179252863101,0.0056519252677231764,1.0143983364105225,1.0567766427993774,0.037544135004282,27,1474,1448
2026-04-02 13:04:32.990,657051784,左脚+右脚,0.6807373014211826,0.019540414946011855,0.9283875226974487,1.1142256259918213,0.13749176263809204,27,1475,1449
2026-04-02 13:04:33.020,657085118,左脚+右脚,0.7225631085157566,0.04849523791153983,0.8365161418914795,1.0163260698318481,0.3196330666542053,27,1476,1450
2026-04-02 13:04:33.050,657118452,左脚+右脚,0.7593546536684207,0.08117973471069972,0.7358309030532837,0.7991728782653809,0.44709494709968567,27,1477,1451
2026-04-02 13:04:33.080,657151786,左脚+右脚,0.7950896707296542,0.11614326667993055,0.7147003412246704,0.719622015953064,0.6436780095100403,27,1478,1452
2026-04-02 13:04:33.110,657185120,左脚+右脚,0.8291398611784152,0.14100923523268888,0.6810038089752197,0.6804776787757874,0.8332585096359253,27,1479,1453
2026-04-02 13:04:33.140,657218454,左脚+右脚,0.8619414416074923,0.1648913625884272,0.656031608581543,0.6270562410354614,1.0586442947387695,27,1480,1454
2026-04-02 13:04:33.230,657251788,左脚+右脚,0.8894362118959597,0.15853891924636304,0.5498954057693481,0.8908207416534424,1.3756306171417236,27,1481,1455
2026-04-02 13:04:33.230,657285122,左脚+右脚,0.9121650856852701,0.20218917297456665,0.4545774757862091,0.6289438009262085,2.030296564102173,27,1482,1456
2026-04-02 13:04:33.260,657318456,左脚+右脚,0.9312062886476686,0.22859605210443332,0.3808240592479706,0.34725436568260193,2.5665197372436523,27,1483,1457
2026-04-02 13:04:33.290,657351790,左脚+右脚,0.9531176594019106,0.22772845896643637,0.43822741508483887,0.3870442807674408,2.7477846145629883,27,1484,1458
2026-04-02 13:04:33.320,657385124,左脚+右脚,0.9825450417518786,0.21358665297562954,0.5885476469993591,0.6978675127029419,2.9968206882476807,27,1485,1459
2026-04-02 13:04:33.350,657418458,左脚+右脚,0.021778511714952264,0.1728178685523045,0.7846693992614746,1.416609287261963,2.6884799003601074,27,1486,1460
2026-04-02 13:04:33.380,657451792,左脚+右脚,0.062340116214769155,0.16266319883578223,0.8112320899963379,1.5837385654449463,2.5903849601745605,27,1487,1461
2026-04-02 13:04:33.440,657485126,左脚+右脚,0.10377850503923206,0.15778723322623261,0.8287677764892578,1.662116527557373,2.5403096675872803,27,1488,1462
2026-04-02 13:04:33.441,657518460,左脚+右脚,0.14474675626756459,0.15311338952561632,0.8193650245666504,1.7233214378356934,2.4722373485565186,27,1489,1463
2026-04-02 13:04:33.470,657551794,左脚+右脚,0.15077082700871444,0.1507708270087144,0.8329452276229858,1.6525557041168213,2.2978696823120117,27,1490,1464
2026-04-02 13:04:33.500,657585128,左脚+右脚,0.17819650160613673,0.15263809884072213,0.8227702379226685,1.5951929092407227,2.273921489715576,27,1491,1465
2026-04-02 13:04:33.560,657618462,左脚+右脚,0.20521845804992336,0.15488957038272155,0.8106586933135986,1.4973700046539307,2.2000279426574707,27,1492,1466
2026-04-02 13:04:33.590,657651796,左脚+右脚,0.23193289426309882,0.15984411411169594,0.8014330863952637,1.3560822010040283,2.1322245597839355,27,1493,1467
2026-04-02 13:04:33.620,657685130,左脚+右脚,0.25808791306955636,0.1677218981523555,0.7846505641937256,1.1484956741333008,2.020066261291504,27,1494,1468
2026-04-02 13:04:33.650,657718464,左脚+右脚,0.2792103885346951,0.1916941708867976,0.6336742639541626,0.6964106559753418,1.8151493072509766,27,1495,1469
2026-04-02 13:04:33.680,657751798,左脚+右脚,0.29640000449958465,0.21256325691371095,0.5156884789466858,0.40101632475852966,1.6732827425003052,27,1496,1470
2026-04-02 13:04:33.710,657785132,左脚+右脚,0.3129727173581026,0.21267789538995727,0.49718138575553894,0.38384321331977844,1.606731653213501,27,1497,1471
2026-04-02 13:04:33.740,657818466,左脚+右脚,0.33007200248383506,0.21328526291778835,0.5129785537719727,0.3320472538471222,1.4137698411941528,27,1498,1472
2026-04-02 13:04:33.769,657851800,左脚+右脚,0.35982244796895013,0.3612703084053701,0.595008909702301,-0.4115985631942749,0.4895288050174713,27,1499,1473
2026-04-02 13:04:33.800,657885134,左脚+右脚,0.38080721286279984,0.34962724966544984,0.6295429468154907,-0.2586081326007843,0.3577023148536682,27,1500,1474
2026-04-02 13:04:33.860,657918468,左脚+右脚,0.40346645898961053,0.20907267158627146,0.6797773838043213,0.08927738666534424,0.3394881784915924,27,1501,1475
2026-04-02 13:04:33.891,657951802,左脚+右脚,0.4273860413565539,0.09727351517632862,0.7175874710083008,0.4070568382740021,0.28521981835365295,27,1502,1476
2026-04-02 13:04:33.920,657985136,左脚+右脚,0.45301412132723157,0.07311128050081758,0.7688423991203308,0.5883703231811523,0.2910470962524414,27,1503,1477
2026-04-02 13:04:33.950,658018470,左脚+右脚,0.48055534151537244,0.0553842365090969,0.8262366056442261,0.693463921546936,0.2515552043914795,27,1504,1478
2026-04-02 13:04:33.980,658051804,左脚+右脚,0.5101377942894203,0.08849696664594844,0.8874735832214355,0.507001519203186,0.31507638096809387,27,1505,1479
2026-04-02 13:04:34.010,658085138,左脚+右脚,0.5423489112391375,0.06474793974374175,0.9663335084915161,0.5888688564300537,0.2537198066711426,27,1506,1480
2026-04-02 13:04:34.040,658118472,左脚+右脚,0.5949371833338641,0.8115151119139519,1.0517654418945312,0.17032113671302795,-0.4184979200363159,27,1507,1481
2026-04-02 13:04:34.070,658151806,左脚+右脚,0.6497882921233081,0.6860182099544176,1.0970221757888794,-0.36742162704467773,-0.8641882538795471,27,1508,1482
2026-04-02 13:04:34.100,658185140,左脚+右脚,0.6693225501269677,0.6693225501269677,1.042432427406311,-0.4184272885322571,-0.7535012364387512,27,1509,1483
2026-04-02 13:04:34.160,658218474,左脚+右脚,0.7018185137004236,0.6697972438112125,0.9748789072036743,-0.35513728857040405,-0.6440474390983582,27,1510,1484
2026-04-02 13:04:34.220,658251808,左脚+右脚,0.7334363180687605,0.653004595359955,0.9485341310501099,-0.45885157585144043,-0.6572996973991394,27,1511,1485
2026-04-02 13:04:34.220,658285142,左脚+右脚,0.7619266508311608,0.6040202483530881,0.8547099828720093,-0.6151726245880127,-0.4711400270462036,27,1512,1486
2026-04-02 13:04:34.251,658318476,左脚+右脚,0.7898007550130863,0.5416359465857377,0.8362231254577637,-0.7479175925254822,-0.20024919509887695,27,1513,1487
2026-04-02 13:04:34.280,658351810,左脚+右脚,0.8169938284447371,0.5231107752772153,0.8157922029495239,-0.7721288800239563,-0.1129150316119194,27,1514,1488
2026-04-02 13:04:34.310,658385144,左脚+右脚,0.843632777362126,0.524873717665497,0.7991684675216675,-0.7800767421722412,-0.12291761487722397,27,1515,1489
2026-04-02 13:04:34.371,658418478,左脚+右脚,0.8699452557455082,0.5410777422164473,0.7893743515014648,-0.7301639318466187,-0.192753866314888,27,1516,1490
2026-04-02 13:04:34.372,658451812,左脚+右脚,0.8964489974866886,0.5517496587490611,0.7951122522354126,-0.6963012218475342,-0.23473553359508514,27,1517,1491
2026-04-02 13:04:34.400,658485146,左脚+右脚,0.9224440294792831,0.5775355094410284,0.779850959777832,-0.6427754759788513,-0.34051573276519775,27,1518,1492
2026-04-02 13:04:34.460,658518480,左脚+右脚,0.9483111022204737,0.615845606341549,0.7760121822357178,-0.5632743835449219,-0.5019370913505554,27,1519,1493
2026-04-02 13:04:34.490,658551814,左脚+右脚,0.9741061328143458,0.6572615791359835,0.7738509178161621,-0.44069966673851013,-0.6687158942222595,27,1520,1494
2026-04-02 13:04:34.520,658585148,左脚+右脚,0.9983402568390548,0.671429190966416,0.727023720741272,-0.3808823227882385,-0.7078045606613159,27,1521,1495
2026-04-02 13:04:34.550,658618482,左脚+右脚,0.02218406779473825,0.664290088258493,0.7153143286705017,-0.38818591833114624,-0.6497543454170227,27,1522,1496
2026-04-02 13:04:34.580,658651816,左脚+右脚,0.046297889778075654,0.6547782131774658,0.7234146595001221,-0.37609949707984924,-0.5517581105232239,27,1523,1497
2026-04-02 13:04:34.610,658685150,左脚+右脚,0.0718896009813329,0.6515538169642424,0.7677513360977173,-0.3472190201282501,-0.48785167932510376,27,1524,1498
2026-04-02 13:04:34.670,658718484,左脚+右脚,0.09730020545826161,0.6514431353666457,0.7623181343078613,-0.26495882868766785,-0.37172651290893555,27,1525,1499
2026-04-02 13:04:34.670,658751818,左脚+右脚,0.12750721159483794,0.9569837599952794,0.90621018409729,0.7063422203063965,-0.19569814205169678,27,1526,1500
2026-04-02 13:04:34.700,658785152,左脚+右脚,0.15918533586368763,0.9846212587266124,0.9503437280654907,1.0037530660629272,-0.09729312360286713,27,1527,1501
2026-04-02 13:04:34.820,658818486,左脚+右脚,0.1894553560307205,0.01548014973477399,0.9081006050109863,1.1364704370498657,0.11088830232620239,27,1528,1502
2026-04-02 13:04:34.821,658851820,左脚+右脚,0.21705093565489653,0.04749220774473969,0.8278673887252808,1.083504319190979,0.3332713842391968,27,1529,1503
2026-04-02 13:04:34.850,658885154,左脚+右脚,0.241561200051564,0.07643976319704296,0.7353079319000244,0.9205310344696045,0.4795721769332886,27,1530,1504
2026-04-02 13:04:34.851,658918488,左脚+右脚,0.2650175073038121,0.11380685624413378,0.7036892175674438,0.7967422008514404,0.6918767690658569,27,1531,1505
2026-04-02 13:04:34.880,658951822,左脚+右脚,0.2874052741418859,0.12798882964119168,0.6716330051422119,0.8445461988449097,0.8768772482872009,27,1532,1506
2026-04-02 13:04:34.910,658985156,左脚+右脚,0.3084547816008906,0.14173775979649209,0.6314852237701416,0.896323561668396,1.1078789234161377,27,1533,1507
2026-04-02 13:04:34.940,659018490,左脚+右脚,0.32689201218789626,0.15949363416525145,0.5531169176101685,0.8729076981544495,1.3658576011657715,27,1534,1508
2026-04-02 13:04:35.000,659051824,左脚+右脚,0.3421787488749207,0.19255120521650473,0.45860210061073303,0.695539116859436,1.842483401298523,27,1535,1509
2026-04-02 13:04:35.000,659085158,左脚+右脚,0.3558645495067618,0.2198889742162252,0.4105740189552307,0.46022459864616394,2.4034714698791504,27,1536,1510
2026-04-02 13:04:35.060,659118492,左脚+右脚,0.37126244786288154,0.21807264493666245,0.46193695068359375,0.5199196338653564,2.556891918182373,27,1537,1511
2026-04-02 13:04:35.089,659151826,左脚+右脚,0.3900016276330333,0.2094858206503601,0.5621753931045532,0.7070569396018982,2.717329263687134,27,1538,1512
2026-04-02 13:04:35.120,659185160,左脚+右脚,0.4145398346871715,0.18232377887679066,0.7361462116241455,1.1614940166473389,2.5648484230041504,27,1539,1513
2026-04-02 13:04:35.149,659218494,左脚+右脚,0.4405046352039358,0.1656182155168687,0.7789440155029297,1.3490675687789917,2.3015055656433105,27,1540,1514
2026-04-02 13:04:35.180,659251828,左脚+右脚,0.4672436603199026,0.15742278865061923,0.8021707534790039,1.4808107614517212,2.2519373893737793,27,1541,1515
2026-04-02 13:04:35.210,659285162,左脚+右脚,0.493836582530596,0.15041336989369433,0.7977876663208008,1.5742701292037964,2.1786742210388184,27,1542,1516
2026-04-02 13:04:35.240,659318496,左脚+右脚,0.5206886617631298,0.1479916171065583,0.8055623769760132,1.5166456699371338,2.0330312252044678,27,1543,1517
2026-04-02 13:04:35.269,659351830,左脚+右脚,0.5480482983877839,0.1524333079155022,0.820789098739624,1.4244602918624878,2.0249977111816406,27,1544,1518
2026-04-02 13:04:35.300,659385164,左脚+右脚,0.5747167039206208,0.1561931979026235,0.8000521659851074,1.3746285438537598,2.0556883811950684,27,1545,1519
2026-04-02 13:04:35.360,659418498,左脚+右脚,0.6009857543598196,0.1587621124882538,0.7880715131759644,1.2822856903076172,1.9862414598464966,27,1546,1520
2026-04-02 13:04:35.389,659451832,左脚+右脚,0.6261689949324311,0.16679103310407642,0.7554972171783447,1.0360747575759888,1.7977769374847412,27,1547,1521
2026-04-02 13:04:35.420,659485166,左脚+右脚,0.6473202395727814,0.18653639984891038,0.6345373392105103,0.6585540175437927,1.5630556344985962,27,1548,1522
2026-04-02 13:04:35.450,659518500,左脚+右脚,0.6649611441583019,0.21077957622227791,0.5292271375656128,0.3297947347164154,1.3110934495925903,27,1549,1523
2026-04-02 13:04:35.480,659551834,左脚+右脚,0.6805306313723903,0.21123812880940374,0.4670846164226532,0.31141868233680725,1.2532923221588135,27,1550,1524
2026-04-02 13:04:35.509,659585168,左脚+右脚,0.6957849451194784,0.21372596829232438,0.45762941241264343,0.2596299350261688,1.119351863861084,27,1551,1525
2026-04-02 13:04:35.539,659618502,左脚+右脚,0.71355159563726,0.30554208480990996,0.5329995155334473,-0.21740040183067322,0.5974600315093994,27,1552,1526
2026-04-02 13:04:35.578,659651836,左脚+右脚,0.7319846499254884,0.3198435397185986,0.5529916286468506,-0.16140785813331604,0.34388625621795654,27,1553,1527
2026-04-02 13:04:35.606,659685170,左脚+右脚,0.7505587446978272,0.3535517633068514,0.557222843170166,-0.10337749123573303,0.13580738008022308,27,1554,1528
2026-04-02 13:04:35.667,659718504,左脚+右脚,0.7852301764776887,0.9377717181148779,0.693428635597229,0.1358424425125122,-0.05599626526236534,27,1555,1529
2026-04-02 13:04:35.690,659751838,左脚+右脚,0.8215514201214493,0.9723557425818233,0.7264248728752136,0.3907391428947449,-0.0685599073767662,27,1556,1530
2026-04-02 13:04:35.720,659785172,左脚+右脚,0.8612932819416703,0.9775722737544642,0.794837236404419,0.4435075521469116,-0.06291500478982925,27,1557,1531
2026-04-02 13:04:35.749,659818506,左脚+右脚,0.9051674384167374,0.9713398446000662,0.8774831295013428,0.4916783273220062,-0.08950962126255035,27,1558,1532
2026-04-02 13:04:35.780,659851840,左脚+右脚,0.914124951542105,0.914124951542105,0.9771475791931152,0.4912789762020111,-0.2941993176937103,27,1559,1533
2026-04-02 13:04:35.810,659885174,左脚+右脚,0.9500687895026662,0.7653980237227362,1.0783151388168335,0.07096052169799805,-0.7311625480651855,27,1560,1534
2026-04-02 13:04:35.840,659918508,左脚+右脚,0.987931865235851,0.7088957998713314,1.1358922719955444,-0.22672827541828156,-0.8582829833030701,27,1561,1535
2026-04-02 13:04:35.869,659951842,左脚+右脚,0.02250441489685162,0.6804660367106823,1.037176489830017,-0.32715073227882385,-0.700547993183136,27,1562,1536
2026-04-02 13:04:35.899,659985176,左脚+右脚,0.05408565380244041,0.6749796396521706,0.9474371671676636,-0.31816565990448,-0.6242378354072571,27,1563,1537
2026-04-02 13:04:35.960,660018510,左脚+右脚,0.08449065464803164,0.6716216227663738,0.9121500253677368,-0.34790006279945374,-0.6483901739120483,27,1564,1538
2026-04-02 13:04:35.990,660051844,左脚+右脚,0.11416767615148013,0.6742514994430119,0.8903106451034546,-0.346660315990448,-0.6725213527679443,27,1565,1539
2026-04-02 13:04:36.020,660085178,左脚+右脚,0.1432742911385356,0.6659796792083637,0.8731984496116638,-0.4026983678340912,-0.6905926465988159,27,1566,1540
2026-04-02 13:04:36.050,660118512,左脚+右脚,0.17036992289690758,0.6883360209876395,0.8128689527511597,-0.28068193793296814,-0.6878232955932617,27,1567,1541
2026-04-02 13:04:36.080,660151846,左脚+右脚,0.20906078793673302,0.47219902369139977,0.7738173007965088,-0.8196814656257629,0.14465515315532684,27,1568,1542
2026-04-02 13:04:36.110,660185180,左脚+右脚,0.24728792287974144,0.4719309301573743,0.7645426988601685,-0.8330714106559753,0.1484656035900116,27,1569,1543
2026-04-02 13:04:36.140,660218514,左脚+右脚,0.28532431103853967,0.4948505298222522,0.7607277631759644,-0.8915722966194153,0.02885695919394493,27,1570,1544
2026-04-02 13:04:36.170,660251848,左脚+右脚,0.3238430855479696,0.4970938316593562,0.7703754901885986,-0.8964602947235107,0.01637117937207222,27,1571,1545
2026-04-02 13:04:36.200,660285182,左脚+右脚,0.36272827365069177,0.5141260946751983,0.7777037620544434,-0.8318397402763367,-0.07402598112821579,27,1572,1546
2026-04-02 13:04:36.260,660318516,左脚+右脚,0.40150030233530787,0.5540556278401743,0.7754405736923218,-0.7254687547683716,-0.25633248686790466,27,1573,1547
2026-04-02 13:04:36.320,660351850,左脚+右脚,0.4391849873271444,0.5915129460650355,0.753693699836731,-0.6402534246444702,-0.4149067997932434,27,1574,1548
2026-04-02 13:04:36.320,660385184,左脚+右脚,0.4765441594329336,0.6682334799937681,0.7471834421157837,-0.40042367577552795,-0.7095962166786194,27,1575,1549
2026-04-02 13:04:36.350,660418518,左脚+右脚,0.514055460473583,0.67318129828838,0.7502260208129883,-0.33480924367904663,-0.6389436721801758,27,1576,1550
2026-04-02 13:04:36.380,660451852,左脚+右脚,0.551485264083431,0.6879753331646186,0.7485960721969604,-0.2314862608909607,-0.5636124610900879,27,1577,1551
2026-04-02 13:04:36.411,660485186,左脚+右脚,0.5900238988605001,0.6794080757151417,0.7707726955413818,-0.22264863550662994,-0.46862053871154785,27,1578,1552
2026-04-02 13:04:36.440,660518520,左脚+右脚,0.6293382940497854,0.6783945541154341,0.7862879037857056,-0.2195713073015213,-0.4546512961387634,27,1579,1553
2026-04-02 13:04:36.470,660551854,左脚+右脚,0.6707688925471761,0.9840025725465897,0.8286119699478149,0.19409649074077606,-0.019575539976358414,27,1580,1554
2026-04-02 13:04:36.500,660585188,左脚+右脚,0.7186506507602193,0.9798172835093111,0.9576351642608643,0.6924002170562744,-0.08827819675207138,27,1581,1555
2026-04-02 13:04:36.560,660618522,左脚+右脚,0.7674761054721333,0.0025409834220593594,0.9765090942382812,0.9084817171096802,0.014505569823086262,27,1582,1556
2026-04-02 13:04:36.590,660651856,左脚+右脚,0.8126224873271443,0.04946762934005705,0.9029276371002197,0.9381691217422485,0.30136391520500183,27,1583,1557
2026-04-02 13:04:36.620,660685190,左脚+右脚,0.8532680449691273,0.06118803222626622,0.8129111528396606,0.916587769985199,0.3708409070968628,27,1584,1558
2026-04-02 13:04:36.650,660718524,左脚+右脚,0.8935597238746144,0.08012257679442787,0.8058335781097412,0.8217406868934631,0.4525802731513977,27,1585,1559
2026-04-02 13:04:36.679,660751858,左脚+右脚,0.9326829312053181,0.07055486300738419,0.7824641466140747,0.9719858169555664,0.46152761578559875,27,1586,1560
2026-04-02 13:04:36.709,660785192,左脚+右脚,0.9709511277881123,0.08992564374626513,0.7653639316558838,1.0407977104187012,0.6598284244537354,27,1587,1561
2026-04-02 13:04:36.740,660818526,左脚+右脚,0.0068872986045338536,0.11160050080157671,0.7187234163284302,1.0515835285186768,0.887907862663269,27,1588,1562
2026-04-02 13:04:36.800,660851860,左脚+右脚,0.03222723581461687,0.18873591162561154,0.5067987442016602,0.6836322546005249,1.6873778104782104,27,1589,1563
2026-04-02 13:04:36.800,660885194,左脚+右脚,0.052822725256965346,0.22404048481358046,0.4119097888469696,0.3919718563556671,2.3817873001098633,27,1590,1564
2026-04-02 13:04:36.860,660918528,左脚+右脚,0.07401228674320955,0.2257160087012954,0.42379122972488403,0.37318453192710876,2.4268057346343994,27,1591,1565
2026-04-02 13:04:36.890,660951862,左脚+右脚,0.0984859747496106,0.2225431607270751,0.48947376012802124,0.43697306513786316,2.5077579021453857,27,1592,1566
2026-04-02 13:04:36.920,660985196,左脚+右脚,0.13535749145416992,0.1981796144352587,0.7374303340911865,0.9062075614929199,2.6841626167297363,27,1593,1567
2026-04-02 13:04:36.950,661018530,左脚+右脚,0.1732444213225272,0.17324442132252726,0.8245248794555664,1.2636195421218872,2.4137959480285645,27,1594,1568
2026-04-02 13:04:36.980,661051864,左脚+右脚,0.2016447709395316,0.16168179190806645,0.8520104885101318,1.4352679252624512,2.3153414726257324,27,1595,1569
2026-04-02 13:04:37.010,661085198,左脚+右脚,0.23006945911981927,0.15529799540754946,0.8527406454086304,1.5320978164672852,2.2635183334350586,27,1596,1570
2026-04-02 13:04:37.040,661118532,左脚+右脚,0.25749664767521885,0.15577642646362383,0.8228156566619873,1.5263053178787231,2.2696285247802734,27,1597,1571
2026-04-02 13:04:37.069,661151866,左脚+右脚,0.2856434391333487,0.15342129886249103,0.8444037437438965,1.4572272300720215,2.0991499423980713,27,1598,1572
2026-04-02 13:04:37.100,661185200,左脚+右脚,0.31373356644251216,0.14899473219071852,0.8427038192749023,1.3669397830963135,1.8566558361053467,27,1599,1573
2026-04-02 13:04:37.159,661218534,左脚+右脚,0.34278027280110385,0.14953013576413132,0.8714011907577515,1.2881770133972168,1.762060523033142,27,1600,1574
2026-04-02 13:04:37.189,661251868,左脚+右脚,0.37242709859150913,0.1521316293249685,0.8894047737121582,1.2377574443817139,1.752514362335205,27,1601,1575
2026-04-02 13:04:37.219,661285202,左脚+右脚,0.39484350744821894,0.17852859718950762,0.672492265701294,0.8279870748519897,1.7181499004364014,27,1602,1576
2026-04-02 13:04:37.249,661318536,左脚+右脚,0.4117238170299755,0.20769704081790208,0.5064092874526978,0.40820345282554626,1.4994316101074219,27,1603,1577
2026-04-02 13:04:37.279,661351870,左脚+右脚,0.42854507827697463,0.2013406230578613,0.5046378374099731,0.4566504657268524,1.4467802047729492,27,1604,1578
2026-04-02 13:04:37.309,661385204,左脚+右脚,0.4461498028431164,0.18998621204672408,0.5281417369842529,0.5735703706741333,1.4483067989349365,27,1605,1579
2026-04-02 13:04:37.339,661418538,左脚+右脚,0.4640410350157645,0.26172862756588583,0.5367369651794434,-0.07324782013893127,0.9921571612358093,27,1606,1580
2026-04-02 13:04:37.369,661451872,左脚+右脚,0.48727912171620397,0.3433812423436781,0.6971426010131836,-0.20372703671455383,0.30643367767333984,27,1607,1581
2026-04-02 13:04:37.399,661485206,左脚+右脚,0.5113539463672864,0.23582378978922344,0.7222447395324707,0.02114969864487648,0.2368173450231552,27,1608,1582
2026-04-02 13:04:37.459,661518540,左脚+右脚,0.5366074628029095,0.08260641501030758,0.7576054930686951,0.2899046242237091,0.16561567783355713,27,1609,1583
2026-04-02 13:04:37.490,661551874,左脚+右脚,0.5638141936454998,0.03985001603840274,0.81620192527771,0.5691123008728027,0.1455516666173935,27,1610,1584
2026-04-02 13:04:37.519,661585208,左脚+右脚,0.6072980857286678,0.034588169653048756,0.8696778416633606,0.6894165277481079,0.1522308588027954,27,1611,1585
2026-04-02 13:04:37.549,661618542,左脚+右脚,0.653140471020721,0.04773641967098819,0.9168477058410645,0.6492732763290405,0.20079877972602844,27,1612,1586
2026-04-02 13:04:37.580,661651876,左脚+右脚,0.7031736231241451,0.006806168485547658,1.0006630420684814,0.6092283725738525,0.026069190353155136,27,1613,1587
2026-04-02 13:04:37.610,661685210,左脚+右脚,0.7582288241777645,0.8058102635348698,1.1011040210723877,0.21369031071662903,-0.5841985940933228,27,1614,1588
2026-04-02 13:04:37.639,661718544,左脚+右脚,0.7959892527653601,0.6977787417410598,1.1328128576278687,-0.32101693749427795,-0.9429997801780701,27,1615,1589
2026-04-02 13:04:37.669,661751878,左脚+右脚,0.8300310429328508,0.6608628498679022,1.0212537050247192,-0.4172486662864685,-0.6654254794120789,27,1616,1590
2026-04-02 13:04:37.699,661785212,左脚+右脚,0.8620588994417416,0.6628636883359917,0.9608356952667236,-0.3875187337398529,-0.635628879070282,27,1617,1591
2026-04-02 13:04:37.819,661818546,左脚+右脚,0.892590323725723,0.6680082762000494,0.9159427285194397,-0.3686073422431946,-0.6510599255561829,27,1618,1592
2026-04-02 13:04:37.820,661851880,左脚+右脚,0.9201743003123828,0.7323118684152816,0.8275192975997925,-0.06868401169776917,-0.6154610514640808,27,1619,1593
2026-04-02 13:04:37.849,661885214,左脚+右脚,0.9470711664750008,0.4976680351932611,0.80690598487854,-0.8060880899429321,0.011811782605946064,27,1620,1594
2026-04-02 13:04:37.850,661918548,左脚+右脚,0.9736000613762764,0.4966741450324905,0.795866847038269,-0.8120291233062744,0.016971413046121597,27,1621,1595
2026-04-02 13:04:37.879,661951882,左脚+右脚,0.9998119589084216,0.5058344224670284,0.7863569259643555,-0.8404434323310852,-0.030823420733213425,27,1622,1596
2026-04-02 13:04:37.909,661985216,左脚+右脚,0.02563204332131419,0.511168986820208,0.7746025323867798,-0.8578389286994934,-0.06029942259192467,27,1623,1597
2026-04-02 13:04:37.940,662018550,左脚+右脚,0.05165080988345815,0.5308436072370444,0.7805629968643188,-0.7773779034614563,-0.15256759524345398,27,1624,1598
2026-04-02 13:04:37.969,662051884,左脚+右脚,0.07742505633769704,0.5843459604901557,0.7732273936271667,-0.6260106563568115,-0.36675775051116943,27,1625,1599
2026-04-02 13:04:38.029,662085218,左脚+右脚,0.10323075218934093,0.6260733010122125,0.7741708755493164,-0.5305007100105286,-0.5377045273780823,27,1626,1600
2026-04-02 13:04:38.060,662118552,左脚+右脚,0.12934639616745983,0.6776440470053331,0.7834693193435669,-0.3350825011730194,-0.6855583190917969,27,1627,1601
2026-04-02 13:04:38.089,662151886,左脚+右脚,0.15517055356441214,0.7015974539532095,0.7747247219085693,-0.17493723332881927,-0.5573758482933044,27,1628,1602
2026-04-02 13:04:38.120,662185220,左脚+右脚,0.18159930471517916,0.6988184590064263,0.7928625345230103,-0.1595674455165863,-0.47896966338157654,27,1629,1603
2026-04-02 13:04:38.149,662218554,左脚+右脚,0.21726142728267386,0.950409468713822,1.0698636770248413,0.7585521936416626,-0.24431273341178894,27,1630,1604
2026-04-02 13:04:38.179,662251888,左脚+右脚,0.2511268552535601,0.9895908888885661,1.015962839126587,1.0782053470611572,-0.0706179067492485,27,1631,1605
2026-04-02 13:04:38.209,662285222,左脚+右脚,0.2841655270649818,0.025763770932077806,0.9911601543426514,1.2180498838424683,0.1989167034626007,27,1632,1606
2026-04-02 13:04:38.240,662318556,左脚+右脚,0.3132601714525449,0.04176959294563275,0.8728393316268921,1.1833308935165405,0.3178929090499878,27,1633,1607
2026-04-02 13:04:38.300,662351890,左脚+右脚,0.3396732406212715,0.07161625517083826,0.7923920750617981,0.9849025011062622,0.4757356643676758,27,1634,1608
2026-04-02 13:04:38.300,662385224,左脚+右脚,0.36516779227990187,0.11100874046589838,0.7648365497589111,0.8263662457466125,0.6924983263015747,27,1635,1609
2026-04-02 13:04:38.360,662418558,左脚+右脚,0.3884369091584114,0.13786552492672619,0.6980735063552856,0.7730554342269897,0.9093523621559143,27,1636,1610
2026-04-02 13:04:38.390,662451892,左脚+右脚,0.4103858666016487,0.18083823348008093,0.6584687232971191,0.5915699005126953,1.2745310068130493,27,1637,1611
2026-04-02 13:04:38.420,662485226,左脚+右脚,0.4295983032776741,0.21662076758083418,0.5763731002807617,0.37703976035118103,1.7713205814361572,27,1638,1612
2026-04-02 13:04:38.450,662518560,左脚+右脚,0.4456798828039396,0.2335000698034541,0.48244738578796387,0.23508933186531067,2.259493589401245,27,1639,1613
2026-04-02 13:04:38.482,662551894,左脚+右脚,0.46074368619857514,0.2369970188133975,0.45191410183906555,0.19790759682655334,2.416973352432251,27,1640,1614
2026-04-02 13:04:38.510,662585228,左脚+右脚,0.47551163995204654,0.23800926870125289,0.44303861260414124,0.18373987078666687,2.4341933727264404,27,1641,1615
2026-04-02 13:04:38.540,662618562,左脚+右脚,0.49034482403534935,0.2433997819916838,0.4449955224990845,0.09818384051322937,2.3662073612213135,27,1642,1616
2026-04-02 13:04:38.570,662651896,左脚+右脚,0.5180855727586974,0.1590542660818267,0.8322224617004395,1.5256242752075195,2.3727164268493652,27,1643,1617
2026-04-02 13:04:38.600,662685230,左脚+右脚,0.5459920978937377,0.15277080903901993,0.8371957540512085,1.6303867101669312,2.328216552734375,27,1644,1618
2026-04-02 13:04:38.660,662718564,左脚+右脚,0.5737419859959513,0.14804321994478067,0.8324966430664062,1.756829023361206,2.356585741043091,27,1645,1619
2026-04-02 13:04:38.690,662751898,左脚+右脚,0.601207889754954,0.1483062904121521,0.8239771127700806,1.789557695388794,2.4087862968444824,27,1646,1620
2026-04-02 13:04:38.720,662785232,左脚+右脚,0.6290238237772217,0.15125095200199795,0.8344780206680298,1.6450762748718262,2.302088975906372,27,1647,1621
2026-04-02 13:04:38.750,662818566,左脚+右脚,0.6566909369224141,0.15257129377818013,0.8300133943557739,1.5511507987976074,2.209167242050171,27,1648,1622
2026-04-02 13:04:38.780,662851900,左脚+右脚,0.6974283691638539,0.14921832685073647,0.8147486448287964,1.4253427982330322,1.9416897296905518,27,1649,1623
2026-04-02 13:04:38.810,662885234,左脚+右脚,0.7375788208240102,0.15504157489920867,0.803009033203125,1.222474217414856,1.7998273372650146,27,1650,1624
2026-04-02 13:04:38.840,662918568,左脚+右脚,0.7724111315005848,0.17445044978040147,0.6966462135314941,0.8663671016693115,1.6859245300292969,27,1651,1625
2026-04-02 13:04:38.870,662951902,左脚+右脚,0.8007573720210621,0.18442381346737274,0.5669248104095459,0.6951370239257812,1.5905437469482422,27,1652,1626
2026-04-02 13:04:38.900,662985236,左脚+右脚,0.8268774863475392,0.1908199621973244,0.522402286529541,0.5907708406448364,1.5148727893829346,27,1653,1627
2026-04-02 13:04:38.959,663018570,左脚+右脚,0.854182415842397,0.17880683530404223,0.5460985898971558,0.7442434430122375,1.5513029098510742,27,1654,1628
2026-04-02 13:04:38.990,663051904,左脚+右脚,0.8886776920550892,0.15611924769470747,0.6899055242538452,1.132637858390808,1.6921013593673706,27,1655,1629
2026-04-02 13:04:39.019,663085238,左脚+右脚,0.9119771715396473,0.45409598451701516,0.6989843845367432,-0.2956351339817047,0.08771394938230515,27,1656,1630
2026-04-02 13:04:39.052,663118572,左脚+右脚,0.9482945736640522,0.11931620135536443,0.7263480424880981,0.05076960101723671,0.047266993671655655,27,1657,1631
2026-04-02 13:04:39.080,663151906,左脚+右脚,0.9811298155686888,0.9811298155686888,0.8024211525917053,0.3016931116580963,-0.03593876585364342,27,1658,1632
2026-04-02 13:04:39.110,663185240,左脚+右脚,0.008185432742201515,0.9749210308878112,0.8116685152053833,0.48354795575141907,-0.07683243602514267,27,1659,1633
2026-04-02 13:04:39.140,663218574,左脚+右脚,0.03736593166009906,0.9850347017101568,0.8754149675369263,0.585087776184082,-0.05517837032675743,27,1660,1634
2026-04-02 13:04:39.171,663251908,左脚+右脚,0.06843852836903257,0.9577887101332166,0.9321779012680054,0.5592363476753235,-0.15189990401268005,27,1661,1635
2026-04-02 13:04:39.200,663285242,左脚+右脚,0.10193277437504453,0.8922873485655499,1.0048273801803589,0.402572363615036,-0.32340535521507263,27,1662,1636
2026-04-02 13:04:39.260,663318576,左脚+右脚,0.1371234520178668,0.7679540072706165,1.055720329284668,0.09003934264183044,-0.7947733998298645,27,1663,1637
2026-04-02 13:04:39.289,663351910,左脚+右脚,0.17533702690418881,0.7070189123514035,1.1464072465896606,-0.24033719301223755,-0.868205189704895,27,1664,1638
2026-04-02 13:04:39.320,663385244,左脚+右脚,0.23253269035633725,0.6620030703527349,1.1439132690429688,-0.5115358233451843,-0.8289299011230469,27,1665,1639
2026-04-02 13:04:39.349,663418578,左脚+右脚,0.28560162026699704,0.6624622054310784,1.0613785982131958,-0.41538506746292114,-0.6774856448173523,27,1666,1640
2026-04-02 13:04:39.380,663451912,左脚+右脚,0.3353608353834979,0.6704002216087273,0.9951843023300171,-0.3749816119670868,-0.6861706376075745,27,1667,1641
2026-04-02 13:04:39.411,663485246,左脚+右脚,0.3788615806799762,0.5014731705732824,0.8700149059295654,-0.8220364451408386,-0.007609154097735882,27,1668,1642
2026-04-02 13:04:39.440,663518580,左脚+右脚,0.4218576355677478,0.49867230438765986,0.8599210977554321,-0.830254316329956,0.006926272995769978,27,1669,1643
2026-04-02 13:04:39.470,663551914,左脚+右脚,0.4634735449057452,0.48730068787066205,0.8323181867599487,-0.8116915225982666,0.06490439921617508,27,1670,1644
2026-04-02 13:04:39.500,663585248,左脚+右脚,0.4821390588270802,0.48213905882708014,0.7921926975250244,-0.7992757558822632,0.09007606655359268,27,1671,1645
2026-04-02 13:04:39.560,663618582,左脚+右脚,0.49121346524329135,0.49121346524329135,0.788209080696106,-0.8694329261779785,0.048047978430986404,27,1672,1646
2026-04-02 13:04:39.590,663651916,左脚+右脚,0.5045211935906135,0.5045211935906135,0.8012065887451172,-0.8618569374084473,-0.024489786475896835,27,1673,1647
2026-04-02 13:04:39.620,663685250,左脚+右脚,0.5230486844645543,0.5230486844645543,0.802920937538147,-0.7928447127342224,-0.11562857776880264,27,1674,1648
2026-04-02 13:04:39.650,663718584,左脚+右脚,0.5626426641808553,0.5816739931350974,0.7918795943260193,-0.629155158996582,-0.3545488715171814,27,1675,1649
2026-04-02 13:04:39.680,663751918,左脚+右脚,0.6024637524949117,0.6528112047163089,0.7964217662811279,-0.49450305104255676,-0.7065393328666687,27,1676,1650
2026-04-02 13:04:39.709,663785252,左脚+右脚,0.6425015752183003,0.6628240564496617,0.8007564544677734,-0.4411120116710663,-0.7231302261352539,27,1677,1651
2026-04-02 13:04:39.740,663818586,左脚+右脚,0.684982276426415,0.7651743963348374,0.8496140241622925,0.056579772382974625,-0.591631293296814,27,1678,1652
2026-04-02 13:04:39.769,663851920,左脚+右脚,0.7325182144509358,0.9761567699397398,0.9507187604904175,0.5822535157203674,-0.08788671344518661,27,1679,1653
2026-04-02 13:04:39.799,663885254,左脚+右脚,0.7821637933121723,0.0398542142840823,0.9929115772247314,0.6808042526245117,0.17413625121116638,27,1680,1654
2026-04-02 13:04:39.859,663918588,左脚+右脚,0.8301895623074573,0.04288815734476097,0.9605153799057007,0.7372551560401917,0.20362411439418793,27,1681,1655
2026-04-02 13:04:39.890,663951922,左脚+右脚,0.8751374010907215,0.0595131893212125,0.8989567756652832,0.7470659613609314,0.29314425587654114,27,1682,1656
2026-04-02 13:04:39.920,663985256,左脚+右脚,0.9184833590851825,0.10794428303770207,0.8669191598892212,0.6295830011367798,0.507283091545105,27,1683,1657
2026-04-02 13:04:39.949,664018590,左脚+右脚,0.9579080794917149,0.14068299347348234,0.7884944081306458,0.5773847103118896,0.7040683031082153,27,1684,1658
2026-04-02 13:04:40.010,664051924,左脚+右脚,0.9926332746611637,0.17211472295546892,0.694503903388977,0.4593137204647064,0.8624376654624939,27,1685,1659
2026-04-02 13:04:40.010,664085258,左脚+右脚,0.024624357091049598,0.2003403597038793,0.6398216485977173,0.38085439801216125,1.1807351112365723,27,1686,1660
2026-04-02 13:04:40.039,664118592,左脚+右脚,0.0501257215605778,0.23442112443113058,0.510027289390564,0.17123958468437195,1.7438054084777832,27,1687,1661
2026-04-02 13:04:40.069,664151926,左脚+右脚,0.07666607843504374,0.23403271964517466,0.5308071374893188,0.1973351538181305,1.9603477716445923,27,1688,1662
2026-04-02 13:04:40.100,664185260,左脚+右脚,0.10304767237768594,0.22650092036468195,0.5276318788528442,0.30565521121025085,2.055081367492676,27,1689,1663
2026-04-02 13:04:40.159,664218594,左脚+右脚,0.1322724853621525,0.218042898127126,0.584496259689331,0.4413386285305023,2.168365955352783,27,1690,1664
2026-04-02 13:04:40.190,664251928,左脚+右脚,0.16815249668226664,0.20182529830460805,0.7176002264022827,0.721589207649231,2.310662269592285,27,1691,1665
2026-04-02 13:04:40.219,664285262,左脚+右脚,0.1946359569496515,0.17265902409911907,0.7945038080215454,1.0925250053405762,2.068415641784668,27,1692,1666
2026-04-02 13:04:40.250,664318596,左脚+右脚,0.22240946041212506,0.15836163174680482,0.8332051038742065,1.2592536211013794,1.939835548400879,27,1693,1667
2026-04-02 13:04:40.280,664351930,左脚+右脚,0.2494937196042739,0.15340597327008426,0.8125277757644653,1.3084574937820435,1.884458303451538,27,1694,1668
2026-04-02 13:04:40.310,664385264,左脚+右脚,0.27700594411955304,0.15992102906514905,0.825366735458374,1.2329822778701782,1.9407399892807007,27,1695,1669
2026-04-02 13:04:40.340,664418598,左脚+右脚,0.3046365037229262,0.16333310349037936,0.8289167881011963,1.1650974750518799,1.9237983226776123,27,1696,1670
2026-04-02 13:04:40.370,664451932,左脚+右脚,0.33188356306817157,0.16588413354540726,0.8174117803573608,1.0013580322265625,1.7148752212524414,27,1697,1671
2026-04-02 13:04:40.400,664485266,左脚+右脚,0.3576930140124363,0.16468561583538174,0.7742835283279419,0.8713134527206421,1.4666905403137207,27,1698,1672
2026-04-02 13:04:40.461,664518600,左脚+右脚,0.382326083845556,0.17965178421579836,0.7389920949935913,0.6218006014823914,1.313923954963684,27,1699,1673
2026-04-02 13:04:40.490,664551934,左脚+右脚,0.4029598965909682,0.19428277106054306,0.6190143823623657,0.42671313881874084,1.168689489364624,27,1700,1674
2026-04-02 13:04:40.520,664585268,左脚+右脚,0.4209925527042749,0.1991377816030464,0.5409796833992004,0.3578633964061737,1.0814205408096313,27,1701,1675
2026-04-02 13:04:40.550,664618602,左脚+右脚,0.43861527389949584,0.2055690487494755,0.5286816358566284,0.2914831340312958,1.016847848892212,27,1702,1676
2026-04-02 13:04:40.580,664651936,左脚+右脚,0.4569123978084924,0.19763314480035934,0.5489137172698975,0.34725162386894226,1.017014503479004,27,1703,1677
2026-04-02 13:04:40.610,664685270,左脚+右脚,0.47532324141925597,0.2442745238749634,0.5523253083229065,0.021715108305215836,0.6033691763877869,27,1704,1678
2026-04-02 13:04:40.640,664718604,左脚+右脚,0.4942494069205326,0.4476334773415572,0.5677849650382996,-0.11832207441329956,0.04039986804127693,27,1705,1679
2026-04-02 13:04:40.673,664751938,左脚+右脚,0.5303706620799107,0.7987026173897679,0.722425103187561,0.05430105701088905,-0.17187631130218506,27,1706,1680
2026-04-02 13:04:40.700,664785272,左脚+右脚,0.5664061491356892,0.8709007675124678,0.7207097411155701,0.20336470007896423,-0.21411991119384766,27,1707,1681
2026-04-02 13:04:40.760,664818606,左脚+右脚,0.6067635063992542,0.927736395014458,0.8071471452713013,0.4287886321544647,-0.20927222073078156,27,1708,1682
2026-04-02 13:04:40.790,664851940,左脚+右脚,0.650157639847855,0.9396261695880591,0.8678826689720154,0.49919232726097107,-0.19900181889533997,27,1709,1683
2026-04-02 13:04:40.820,664885274,左脚+右脚,0.6960758064852757,0.9513242328769488,0.9183633327484131,0.420999675989151,-0.1329287439584732,27,1710,1684
2026-04-02 13:04:40.880,664918608,左脚+右脚,0.7440946494208378,0.8365290203392314,0.9603768587112427,0.2746816575527191,-0.45443984866142273,27,1711,1685
2026-04-02 13:04:40.880,664951942,左脚+右脚,0.7678493519996822,0.7678493519996822,0.9983488321304321,0.07995688915252686,-0.7099493741989136,27,1712,1686
2026-04-02 13:04:40.912,664985276,左脚+右脚,0.8019119640564144,0.6928531679215644,1.0218783617019653,-0.26986372470855713,-0.7189947366714478,27,1713,1687
2026-04-02 13:04:40.940,665018610,左脚+右脚,0.8325940788164954,0.6765144790760644,0.9204634428024292,-0.31320562958717346,-0.6294366717338562,27,1714,1688
2026-04-02 13:04:40.970,665051944,左脚+右脚,0.8610720456019263,0.6856892531238934,0.8543390035629272,-0.26467716693878174,-0.6189736127853394,27,1715,1689
2026-04-02 13:04:41.000,665085278,左脚+右脚,0.8874355713899156,0.7034490558073898,0.790905773639679,-0.1914454847574234,-0.6357683539390564,27,1716,1690
2026-04-02 13:04:41.060,665118612,左脚+右脚,0.9119351268187385,0.7298503003015981,0.7349866628646851,-0.08160850405693054,-0.6411473751068115,27,1717,1691
2026-04-02 13:04:41.090,665151946,左脚+右脚,0.9356509884571255,0.7125900053451589,0.7114758491516113,-0.15626977384090424,-0.6525359153747559,27,1718,1692
2026-04-02 13:04:41.120,665185280,左脚+右脚,0.958426535166822,0.5105549404754615,0.6832664012908936,-0.9233590960502625,-0.061325859278440475,27,1719,1693
2026-04-02 13:04:41.150,665218614,左脚+右脚,0.9810091495886665,0.5163868925544688,0.6774784326553345,-0.9455163478851318,-0.09769762307405472,27,1720,1694
2026-04-02 13:04:41.180,665251948,左脚+右脚,0.003597001271965272,0.5176001847791571,0.6776355504989624,-0.9632956981658936,-0.1069626435637474,27,1721,1695
2026-04-02 13:04:41.210,665285282,左脚+右脚,0.026859353023292787,0.51807254729382,0.6978705525398254,-0.9411352276802063,-0.10733059793710709,27,1722,1696
2026-04-02 13:04:41.270,665318616,左脚+右脚,0.05035741531602757,0.5455658357841637,0.7049418687820435,-0.830211877822876,-0.2444029152393341,27,1723,1697
2026-04-02 13:04:41.272,665351950,左脚+右脚,0.07419732415429967,0.6605290180388392,0.7151972651481628,-0.40628042817115784,-0.6449238657951355,27,1724,1698
2026-04-02 13:04:41.300,665385284,左脚+右脚,0.0978886405999682,0.6465834209543149,0.7107394933700562,-0.3875875174999237,-0.5100734829902649,27,1725,1699
2026-04-02 13:04:41.360,665418618,左脚+右脚,0.12094814383737461,0.653558296139455,0.6917850971221924,-0.3134666681289673,-0.45238253474235535,27,1726,1700
2026-04-02 13:04:41.390,665451952,左脚+右脚,0.1435141921416145,0.6705663239733088,0.6769814491271973,-0.21948249638080597,-0.4026241898536682,27,1727,1701
2026-04-02 13:04:41.420,665485286,左脚+右脚,0.1707421899214607,0.9402427087040355,0.8168399333953857,0.40172380208969116,-0.15834547579288483,27,1728,1702
2026-04-02 13:04:41.450,665518620,左脚+右脚,0.20428240302952344,0.9692785658873505,1.0062063932418823,0.9116149544715881,-0.17818622291088104,27,1729,1703
2026-04-02 13:04:41.480,665551954,左脚+右脚,0.2363089164470853,0.009047143889215488,0.9607954025268555,1.1157002449035645,0.06349024921655655,27,1730,1704
2026-04-02 13:04:41.510,665585288,左脚+右脚,0.2678586125746589,0.047407122336193895,0.9464908838272095,1.1325057744979858,0.3476809561252594,27,1731,1705
2026-04-02 13:04:41.540,665618622,左脚+右脚,0.2950214644645871,0.050648546850845313,0.8148855566978455,0.9910366535186768,0.3264780342578888,27,1732,1706
2026-04-02 13:04:41.570,665651956,左脚+右脚,0.3199729542310259,0.09581936282312566,0.7485446929931641,0.7609723210334778,0.5229034423828125,27,1733,1707
2026-04-02 13:04:41.600,665685290,左脚+右脚,0.34348492030056527,0.12588736396001604,0.7053589820861816,0.7340883016586304,0.7423200607299805,27,1734,1708
2026-04-02 13:04:41.660,665718624,左脚+右脚,0.3656186441953203,0.15606080305240858,0.6640117168426514,0.6922923922538757,1.0334272384643555,27,1735,1709
2026-04-02 13:04:41.690,665751958,左脚+右脚,0.3855762740348996,0.19403691859928754,0.5987288951873779,0.5254436135292053,1.4322232007980347,27,1736,1710
2026-04-02 13:04:41.720,665785292,左脚+右脚,0.40035045647375,0.2053963355504973,0.4432254731655121,0.6180888414382935,2.1474215984344482,27,1737,1711
2026-04-02 13:04:41.750,665818626,左脚+右脚,0.4146903952335538,0.22612183339899206,0.43019816279411316,0.3721737563610077,2.462006092071533,27,1738,1712
2026-04-02 13:04:41.780,665851960,左脚+右脚,0.4304137717063448,0.22813184933162922,0.4717012941837311,0.35458263754844666,2.56436824798584,27,1739,1713
2026-04-02 13:04:41.810,665885294,左脚+右脚,0.44720104042442854,0.22993277792932545,0.503618061542511,0.327305406332016,2.582117795944214,27,1740,1714
2026-04-02 13:04:41.841,665918628,左脚+右脚,0.470222853658122,0.19998112059789885,0.6906543970108032,0.8947797417640686,2.7527377605438232,27,1741,1715
2026-04-02 13:04:41.870,665951962,左脚+右脚,0.49807249212018867,0.16544324411280198,0.8354891538619995,1.4526134729385376,2.471921443939209,27,1742,1716
2026-04-02 13:04:41.900,665985296,左脚+右脚,0.5263783167178653,0.15794778838541834,0.8491747379302979,1.5763700008392334,2.4145712852478027,27,1743,1717
2026-04-02 13:04:41.960,666018630,左脚+右脚,0.5549427897110802,0.15441649191706439,0.8569341897964478,1.659505844116211,2.422734260559082,27,1744,1718
2026-04-02 13:04:41.990,666051964,左脚+右脚,0.5833357880885623,0.15476230639098124,0.8517899513244629,1.6007511615753174,2.347883462905884,27,1745,1719
2026-04-02 13:04:42.021,666085298,左脚+右脚,0.6118800392126265,0.1577440101626425,0.8563275337219238,1.4669687747955322,2.240725517272949,27,1746,1720
2026-04-02 13:04:42.050,666118632,左脚+右脚,0.6399360408758344,0.1532703883376206,0.8416800498962402,1.4153226613998413,2.0346648693084717,27,1747,1721
2026-04-02 13:04:42.080,666151966,左脚+右脚,0.668039932884298,0.1570484931904346,0.8431167602539062,1.2731714248657227,1.9262871742248535,27,1748,1722
2026-04-02 13:04:42.110,666185300,左脚+右脚,0.6941442162171226,0.17004298688670447,0.7831284999847412,0.9941565990447998,1.8095216751098633,27,1749,1723
2026-04-02 13:04:42.139,666218634,左脚+右脚,0.7256442577019554,0.18994876470408878,0.6300008296966553,0.6525977253913879,1.6467247009277344,27,1750,1724
2026-04-02 13:04:42.169,666251968,左脚+右脚,0.7529875070229393,0.20418104034952378,0.5468649864196777,0.4521494209766388,1.5269372463226318,27,1751,1725
2026-04-02 13:04:42.201,666285302,左脚+右脚,0.780060914196096,0.19780152406044277,0.5414681434631348,0.5114060640335083,1.5029804706573486,27,1752,1726
2026-04-02 13:04:42.260,666318636,左脚+右脚,0.8091917842999321,0.1819814452785908,0.5826174020767212,0.7039644718170166,1.545661211013794,27,1753,1727
2026-04-02 13:04:42.290,666351970,左脚+右脚,0.8438481718674522,0.21824697197692422,0.6931277513504028,0.18542596697807312,0.9170418381690979,27,1754,1728
2026-04-02 13:04:42.320,666385304,左脚+右脚,0.8781893164292198,0.2700082405210561,0.6868228912353516,-0.02351677045226097,0.18607692420482635,27,1755,1729
2026-04-02 13:04:42.350,666418638,左脚+右脚,0.9153251529112678,0.10185174917643473,0.7427167296409607,0.21397259831428528,0.15929648280143738,27,1756,1730
2026-04-02 13:04:42.380,666451972,左脚+右脚,0.9546641469374519,0.02451325962066634,0.7867798805236816,0.4961405098438263,0.07702628523111343,27,1757,1731
2026-04-02 13:04:42.410,666485306,左脚+右脚,0.9968816429749352,0.015342589158539598,0.8443499207496643,0.6617517471313477,0.06399143487215042,27,1758,1732
2026-04-02 13:04:42.440,666518640,左脚+右脚,0.02183374204613342,0.021833742046133333,0.8665612936019897,0.5950798988342285,0.08215231448411942,27,1759,1733
2026-04-02 13:04:42.500,666551974,左脚+右脚,0.05222103633858337,0.9854165324971167,0.9116188287734985,0.408311665058136,-0.03751891851425171,27,1760,1734
2026-04-02 13:04:42.500,666585308,左脚+右脚,0.08499172566709493,0.8818128430815618,0.9831206798553467,0.3768647015094757,-0.3459065854549408,27,1761,1735
2026-04-02 13:04:42.561,666618642,左脚+右脚,0.12127664922056172,0.7431230326243656,1.088547706604004,-0.03360844776034355,-0.7773224711418152,27,1762,1736
2026-04-02 13:04:42.590,666651976,左脚+右脚,0.15898880996681825,0.6673157982388107,1.1313648223876953,-0.4542597830295563,-0.7942647933959961,27,1763,1737
2026-04-02 13:04:42.620,666685310,左脚+右脚,0.19436280368146872,0.6630171768318729,1.0612198114395142,-0.42665842175483704,-0.7013487815856934,27,1764,1738
2026-04-02 13:04:42.680,666718644,左脚+右脚,0.24335332153615927,0.6650169513776203,0.979810357093811,-0.394994854927063,-0.6680622100830078,27,1765,1739
2026-04-02 13:04:42.680,666751978,左脚+右脚,0.289614870532131,0.6729953782375101,0.9252309799194336,-0.3583480417728424,-0.6819258332252502,27,1766,1740
2026-04-02 13:04:42.710,666785312,左脚+右脚,0.3319881164866445,0.5148940316227998,0.847464919090271,-0.812924861907959,-0.07629796117544174,27,1767,1741
2026-04-02 13:04:42.740,666818646,左脚+右脚,0.3733615898924825,0.5008364516433197,0.8274694681167603,-0.8352006673812866,-0.0043895049020648,27,1768,1742
2026-04-02 13:04:42.771,666851980,左脚+右脚,0.4136864536839483,0.5016833497363329,0.8064972758293152,-0.8587526082992554,-0.009083191864192486,27,1769,1743
2026-04-02 13:04:42.800,666885314,左脚+右脚,0.453302922232723,0.5191606931042562,0.7923293709754944,-0.804326057434082,-0.09730351716279984,27,1770,1744
2026-04-02 13:04:42.890,666918648,左脚+右脚,0.49294427572069144,0.5249123038983157,0.7928270697593689,-0.7801967859268188,-0.12313038855791092,27,1771,1745
2026-04-02 13:04:42.890,666951982,左脚+右脚,0.5324863248902318,0.557636053738566,0.7908409833908081,-0.6795814633369446,-0.25745654106140137,27,1772,1746
2026-04-02 13:04:42.920,666985316,左脚+右脚,0.57158891795454,0.6591355764691365,0.7820518612861633,-0.4645181894302368,-0.7232506275177002,27,1773,1747
2026-04-02 13:04:42.950,667018650,左脚+右脚,0.6105887496310232,0.6786036590729434,0.7799966335296631,-0.36494162678718567,-0.7582018375396729,27,1774,1748
2026-04-02 13:04:42.980,667051984,左脚+右脚,0.651118188484287,0.6848843889067753,0.8105887770652771,-0.3007970154285431,-0.693717896938324,27,1775,1749
2026-04-02 13:04:43.011,667085318,左脚+右脚,0.6990461641388891,0.8912910803946741,0.958559513092041,0.7140657901763916,-0.5810345411300659,27,1776,1750
2026-04-02 13:04:43.040,667118652,左脚+右脚,0.7480553144055364,0.9892014571631658,0.9801830053329468,0.921881377696991,-0.06264511495828629,27,1777,1751
2026-04-02 13:04:43.070,667151986,左脚+右脚,0.7983031147557256,0.027543651917883202,1.0049560070037842,0.9753009080886841,0.17049291729927063,27,1778,1752
2026-04-02 13:04:43.100,667185320,左脚+右脚,0.8436356687384603,0.066695524250216,0.9066510796546936,0.931348979473114,0.414865642786026,27,1779,1753
2026-04-02 13:04:43.192,667218654,左脚+右脚,0.8869416856604574,0.08625344954144218,0.8661203384399414,0.793156623840332,0.47754254937171936,27,1780,1754
2026-04-02 13:04:43.193,667251988,左脚+右脚,0.9266540342408178,0.12087043676247071,0.7942469716072083,0.74184250831604,0.7043110132217407,27,1781,1755
2026-04-02 13:04:43.220,667285322,左脚+右脚,0.9601712995606421,0.17262836335583825,0.6703453063964844,0.5513474941253662,1.0433481931686401,27,1782,1756
2026-04-02 13:04:43.250,667318656,左脚+右脚,0.9905082756119726,0.21076301506174094,0.6067395210266113,0.4112494885921478,1.6341966390609741,27,1783,1757
2026-04-02 13:04:43.280,667351990,左脚+右脚,0.020396544917201886,0.22077744513436098,0.5977653861045837,0.37451550364494324,2.016752243041992,27,1784,1758
2026-04-02 13:04:43.310,667385324,左脚+右脚,0.05054081319150914,0.22192234463574464,0.602885365486145,0.37246933579444885,2.089350461959839,27,1785,1759
2026-04-02 13:04:43.340,667418658,左脚+右脚,0.07813488183794011,0.22834383819591159,0.5518813729286194,0.2983163893222809,2.1788322925567627,27,1786,1760
2026-04-02 13:04:43.369,667451992,左脚+右脚,0.10549478767690648,0.24754434159994493,0.5471981167793274,0.03285965695977211,2.1295151710510254,27,1787,1761
2026-04-02 13:04:43.400,667485326,左脚+右脚,0.13375334976491918,0.2476803308051334,0.5651712417602539,0.0318208672106266,2.1831085681915283,27,1788,1762
2026-04-02 13:04:43.460,667518660,左脚+右脚,0.17218747971830356,0.17473515763207817,0.768682599067688,1.1777012348175049,2.301891326904297,27,1789,1763
2026-04-02 13:04:43.490,667551994,左脚+右脚,0.19911005137739168,0.15704723005707927,0.807677149772644,1.4657480716705322,2.21761417388916,27,1790,1764
2026-04-02 13:04:43.520,667585328,左脚+右脚,0.2266728563942272,0.15327762452544227,0.8268841505050659,1.573036551475525,2.261613368988037,27,1791,1765
2026-04-02 13:04:43.549,667618662,左脚+右脚,0.25394686101255404,0.15814843651411153,0.8182201385498047,1.4755631685256958,2.266399383544922,27,1792,1766
2026-04-02 13:04:43.580,667651996,左脚+右脚,0.28219277896858835,0.16058319773739163,0.8473775386810303,1.231689453125,1.9566432237625122,27,1793,1767
2026-04-02 13:04:43.610,667685330,左脚+右脚,0.30923848190285347,0.15492181274453873,0.8113710880279541,1.125439167022705,1.6542847156524658,27,1794,1768
2026-04-02 13:04:43.640,667718664,左脚+右脚,0.33570340909935614,0.1600779384271662,0.7939478158950806,0.9479044675827026,1.4952764511108398,27,1795,1769
2026-04-02 13:04:43.670,667751998,左脚+右脚,0.35851277945814114,0.182459012672663,0.6842811107635498,0.6063234806060791,1.3419361114501953,27,1796,1770
2026-04-02 13:04:43.700,667785332,左脚+右脚,0.37812900581337594,0.18335278210782915,0.5884867906570435,0.5383318662643433,1.2095109224319458,27,1797,1771
2026-04-02 13:04:43.759,667818666,左脚+右脚,0.3967309617835043,0.19109879037127023,0.5580586791038513,0.44350966811180115,1.1431736946105957,27,1798,1772
2026-04-02 13:04:43.789,667852000,左脚+右脚,0.4164242172080038,0.17628636989185598,0.5907976627349854,0.5998110771179199,1.201096773147583,27,1799,1773
2026-04-02 13:04:43.820,667885334,左脚+右脚,0.43961786268529873,0.15389766812585373,0.6958093643188477,0.9038617014884949,1.310376763343811,27,1800,1774
2026-04-02 13:04:43.850,667918668,左脚+右脚,0.4651411437827108,0.1366466354391693,0.7656984329223633,1.1241565942764282,1.3020166158676147,27,1801,1775
2026-04-02 13:04:43.879,667952002,左脚+右脚,0.49175307987508754,0.08005012260081157,0.7983580827713013,0.3529164493083954,0.19416221976280212,27,1802,1776
2026-04-02 13:04:43.909,667985336,左脚+右脚,0.5194713417527833,0.010451198605886598,0.8315478563308716,0.44002631306648254,0.028936732560396194,27,1803,1777
2026-04-02 13:04:43.941,668018670,左脚+右脚,0.5638709489343324,0.9895207883204149,0.8879921436309814,0.5579218864440918,-0.03678833320736885,27,1804,1778
2026-04-02 13:04:43.969,668052004,左脚+右脚,0.6100276563403765,0.9657756770299042,0.9231341481208801,0.7109693288803101,-0.15528620779514313,27,1805,1779
2026-04-02 13:04:43.999,668085338,左脚+右脚,0.6579929743049303,0.9526668704020669,0.9593063592910767,0.7059409618377686,-0.21636584401130676,27,1806,1780
2026-04-02 13:04:44.060,668118672,左脚+右脚,0.7080834720370928,0.8861157003814216,1.0018099546432495,0.42581480741500854,-0.3701336085796356,27,1807,1781
2026-04-02 13:04:44.090,668152006,左脚+右脚,0.7610576365230242,0.7640511913872601,1.059483289718628,0.06512954831123352,-0.7357912659645081,27,1808,1782
2026-04-02 13:04:44.120,668185340,左脚+右脚,0.7986771120466549,0.6954398142044277,1.1285842657089233,-0.2723226845264435,-0.7630146145820618,27,1809,1783
2026-04-02 13:04:44.150,668218674,左脚+右脚,0.8360427592036882,0.6649501030714078,1.1209694147109985,-0.44465604424476624,-0.7513346076011658,27,1810,1784
2026-04-02 13:04:44.180,668252008,左脚+右脚,0.8712765627938269,0.6700145208132391,1.0570141077041626,-0.38570448756217957,-0.7017455101013184,27,1811,1785
2026-04-02 13:04:44.240,668285342,左脚+右脚,0.9052764906324703,0.662095010146073,1.0199978351593018,-0.44484737515449524,-0.7217957377433777,27,1812,1786
2026-04-02 13:04:44.241,668318676,左脚+右脚,0.9350449615555761,0.550652164891545,0.8930541276931763,-0.8356669545173645,-0.275315523147583,27,1813,1787
2026-04-02 13:04:44.269,668352010,左脚+右脚,0.9636832966245967,0.5033283591936418,0.8591500520706177,-0.8306705355644226,-0.01737409457564354,27,1814,1788
2026-04-02 13:04:44.300,668385344,左脚+右脚,0.991614760343011,0.4853873781480714,0.8379439115524292,-0.8220085501670837,0.07568452507257462,27,1815,1789
2026-04-02 13:04:44.360,668418678,左脚+右脚,0.032658292237694786,0.4856648090827534,0.8208706378936768,-0.8406993746757507,0.07592778652906418,27,1816,1790
2026-04-02 13:04:44.450,668452012,左脚+右脚,0.07308682936805062,0.5002987148302419,0.8085707426071167,-0.8480273485183716,-0.0015916479751467705,27,1817,1791
2026-04-02 13:04:44.450,668485346,左脚+右脚,0.11382545966285043,0.5014398884625917,0.8147726058959961,-0.8626884818077087,-0.007805029861629009,27,1818,1792
2026-04-02 13:04:44.480,668518680,左脚+右脚,0.15481759447234444,0.5518623402094199,0.8198426961898804,-0.7417030334472656,-0.25062623620033264,27,1819,1793
2026-04-02 13:04:44.480,668552014,左脚+右脚,0.1942014171518641,0.6099094905361184,0.7876764535903931,-0.5627639293670654,-0.46502000093460083,27,1820,1794
2026-04-02 13:04:44.511,668585348,左脚+右脚,0.23392215508597664,0.6552730246925609,0.794414758682251,-0.49283552169799805,-0.7278681993484497,27,1821,1795
2026-04-02 13:04:44.540,668618682,左脚+右脚,0.272054965678628,0.6738041566858972,0.7626562118530273,-0.39806655049324036,-0.7669485807418823,27,1822,1796
2026-04-02 13:04:44.570,668652016,左脚+右脚,0.3117498232759791,0.6844876043833596,0.7938971519470215,-0.29521843791007996,-0.6762281060218811,27,1823,1797
2026-04-02 13:04:44.600,668685350,左脚+右脚,0.35336856979506787,0.6694342653799513,0.8323749303817749,-0.345138281583786,-0.6225520372390747,27,1824,1798
2026-04-02 13:04:44.660,668718684,左脚+右脚,0.38655800162134146,0.9390118899839262,0.995682954788208,1.0716408491134644,-0.43200790882110596,27,1825,1799
2026-04-02 13:04:44.690,668752018,左脚+右脚,0.41722269990421906,0.9752086041528085,0.9199409484863281,1.4224791526794434,-0.22338774800300598,27,1826,1800
2026-04-02 13:04:44.720,668785352,左脚+右脚,0.4461852226493515,0.9989620612064665,0.8688756823539734,1.537636399269104,-0.010027932934463024,27,1827,1801
2026-04-02 13:04:44.751,668818686,左脚+右脚,0.47308797377723033,0.03044142905295152,0.8070825338363647,1.4586185216903687,0.2824414074420929,27,1828,1802
2026-04-02 13:04:44.780,668852020,左脚+右脚,0.495977963391717,0.04643614245034865,0.6866996884346008,1.392212986946106,0.41813451051712036,27,1829,1803
2026-04-02 13:04:44.810,668885354,左脚+右脚,0.5171596024272598,0.06669888060070958,0.6354491710662842,1.345746636390686,0.5994914174079895,27,1830,1804
2026-04-02 13:04:44.840,668918688,左脚+右脚,0.5378152026571589,0.09359813941039889,0.6196680068969727,1.2687784433364868,0.8460206389427185,27,1831,1805
2026-04-02 13:04:44.870,668952022,左脚+右脚,0.5583902054863927,0.12161172382903121,0.6172500848770142,1.2029643058776855,1.1528043746948242,27,1832,1806
2026-04-02 13:04:44.900,668985356,左脚+右脚,0.5778754208324112,0.13303987262784567,0.5845564603805542,1.2555607557296753,1.3892813920974731,27,1833,1807
2026-04-02 13:04:44.960,669018690,左脚+右脚,0.5964311136640864,0.15436331006732912,0.5566707849502563,1.1482446193695068,1.6751364469528198,27,1834,1808
2026-04-02 13:04:44.990,669052024,左脚+右脚,0.6131207042771337,0.18563727378307668,0.5006877183914185,0.934382438659668,2.1831727027893066,27,1835,1809
2026-04-02 13:04:45.020,669085358,左脚+右脚,0.6286946479318298,0.20747963104514783,0.4672183096408844,0.7378865480422974,2.6959033012390137,27,1836,1810
2026-04-02 13:04:45.050,669118692,左脚+右脚,0.644009965046024,0.21761396286414103,0.459459513425827,0.6008048057556152,2.9116744995117188,27,1837,1811
2026-04-02 13:04:45.080,669152026,左脚+右脚,0.6712464505272863,0.15280304812264794,0.8170945644378662,1.8944727182388306,2.7065019607543945,27,1838,1812
2026-04-02 13:04:45.110,669185360,左脚+右脚,0.714149993045902,0.15115885655927944,0.8580708503723145,1.8584389686584473,2.5974860191345215,27,1839,1813
2026-04-02 13:04:45.140,669218694,左脚+右脚,0.7586512023049352,0.15034844078953447,0.8900241851806641,1.8202844858169556,2.5169763565063477,27,1840,1814
2026-04-02 13:04:45.170,669252028,左脚+右脚,0.8040802949505803,0.14758773002110748,0.9085818529129028,1.8579165935516357,2.477355480194092,27,1841,1815
2026-04-02 13:04:45.200,669285362,左脚+右脚,0.8485058063107488,0.13815681975917593,0.8885102272033691,1.9330682754516602,2.2823381423950195,27,1842,1816
2026-04-02 13:04:45.259,669318696,左脚+右脚,0.8918116384583471,0.13802414399716859,0.8661166429519653,1.9186275005340576,2.261462926864624,27,1843,1817
2026-04-02 13:04:45.289,669352030,左脚+右脚,0.9350262695389745,0.13712012293565798,0.8642926216125488,1.8380985260009766,2.1417641639709473,27,1844,1818
2026-04-02 13:04:45.319,669385364,左脚+右脚,0.9777931386071202,0.13356033714882853,0.855337381362915,1.636389970779419,1.8226163387298584,27,1845,1819
2026-04-02 13:04:45.349,669418698,左脚+右脚,0.02069418369111986,0.13742945044979835,0.8580209016799927,1.474611520767212,1.7249993085861206,27,1846,1820
2026-04-02 13:04:45.379,669452032,左脚+右脚,0.06156702576456041,0.1463116348899989,0.817456841468811,1.3204983472824097,1.7316575050354004,27,1847,1821
2026-04-02 13:04:45.409,669485366,左脚+右脚,0.09557823477563829,0.16252000797068789,0.6802241802215576,1.114789605140686,1.8196847438812256,27,1848,1822
2026-04-02 13:04:45.440,669518700,左脚+右脚,0.12459406195459337,0.1777207994334886,0.5803165435791016,0.9061751365661621,1.8562474250793457,27,1849,1823
2026-04-02 13:04:45.469,669552034,左脚+右脚,0.1518916064339635,0.18284139621959308,0.5459508895874023,0.7906853556632996,1.7612372636795044,27,1850,1824
2026-04-02 13:04:45.499,669585368,左脚+右脚,0.18332450328645677,0.36550886075343836,0.6286579370498657,-0.5265636444091797,0.5934334993362427,27,1851,1825
2026-04-02 13:04:45.559,669618702,左脚+右脚,0.2145883881884572,0.35405055421220044,0.6252776980400085,-0.39680004119873047,0.5179017782211304,27,1852,1826
2026-04-02 13:04:45.589,669652036,左脚+右脚,0.2523022377329824,0.40201933597664274,0.7542769908905029,-0.4115350544452667,0.2910924255847931,27,1853,1827
2026-04-02 13:04:45.619,669685370,左脚+右脚,0.2912132763701436,0.4300376453397858,0.7782207727432251,-0.32702842354774475,0.15379342436790466,27,1854,1828
2026-04-02 13:04:45.649,669718704,左脚+右脚,0.33009171126661274,0.39476794290920747,0.7775686979293823,-0.12819308042526245,0.09973645955324173,27,1855,1829
2026-04-02 13:04:45.683,669752038,左脚+右脚,0.35684901514031064,0.9656394461819183,0.8027191162109375,0.19707152247428894,-0.043220099061727524,27,1856,1830
2026-04-02 13:04:45.709,669785372,左脚+右脚,0.38557913738864236,0.9963002855681297,0.8619036674499512,0.4266734719276428,-0.00992023479193449,27,1857,1831
2026-04-02 13:04:45.739,669818706,左脚+右脚,0.41578687070188497,0.0340927987803913,0.9062319993972778,0.4825778901576996,0.10498439520597458,27,1858,1832
2026-04-02 13:04:45.769,669852040,左脚+右脚,0.44880292056379295,0.9733839163231369,0.9904814958572388,0.5240916013717651,-0.08847213536500931,27,1859,1833
2026-04-02 13:04:45.800,669885374,左脚+右脚,0.5005874240237234,0.793847201788078,1.0356900691986084,0.16615447402000427,-0.5877650380134583,27,1860,1834
2026-04-02 13:04:45.859,669918708,左脚+右脚,0.5559357249575613,0.699219339925047,1.1069660186767578,-0.2955440878868103,-0.8946358561515808,27,1861,1835
2026-04-02 13:04:45.889,669952042,左脚+右脚,0.6109435581999777,0.6637060603928262,1.1001566648483276,-0.5331628322601318,-0.8850274682044983,27,1862,1836
2026-04-02 13:04:45.919,669985376,左脚+右脚,0.6584916811559393,0.6584916811559393,1.0526264905929565,-0.48797768354415894,-0.7530589699745178,27,1863,1837
2026-04-02 13:04:45.949,670018710,左脚+右脚,0.6913829943909042,0.6577428546019152,0.9867393970489502,-0.42559078335762024,-0.6500595211982727,27,1864,1838
2026-04-02 13:04:45.979,670052044,左脚+右脚,0.7213230352971746,0.6915537331422463,0.8982012271881104,-0.24222038686275482,-0.6296698451042175,27,1865,1839
2026-04-02 13:04:46.009,670085378,左脚+右脚,0.7483878077441248,0.5048573938060575,0.8119431734085083,-0.7639425992965698,-0.0233226977288723,27,1866,1840
2026-04-02 13:04:46.040,670118712,左脚+右脚,0.7748713355634405,0.4980611509329579,0.7945058345794678,-0.759335458278656,0.009250794537365437,27,1867,1841
2026-04-02 13:04:46.069,670152046,左脚+右脚,0.8009555023286534,0.5020988837138883,0.7825250029563904,-0.7606735825538635,-0.010032097809016705,27,1868,1842
2026-04-02 13:04:46.099,670185380,左脚+右脚,0.8266805173331293,0.515977314670253,0.7717504501342773,-0.7783840894699097,-0.07840431481599808,27,1869,1843
2026-04-02 13:04:46.219,670218714,左脚+右脚,0.8530262630555822,0.5139106650881655,0.790372371673584,-0.7954933643341064,-0.06970632821321487,27,1870,1844
2026-04-02 13:04:46.220,670252048,左脚+右脚,0.8792958062265112,0.5253718341301328,0.7880862951278687,-0.7248197793960571,-0.1165366992354393,27,1871,1845
2026-04-02 13:04:46.249,670285382,左脚+右脚,0.9051358820372615,0.5245379060133892,0.7752022743225098,-0.658513069152832,-0.10233921557664871,27,1872,1846
2026-04-02 13:04:46.250,670318716,左脚+右脚,0.9308912079904271,0.6065147331020014,0.7726597785949707,-0.5006492137908936,-0.39603209495544434,27,1873,1847
2026-04-02 13:04:46.279,670352050,左脚+右脚,0.9563046913716985,0.6750375830525874,0.7624045014381409,-0.31823137402534485,-0.6249290108680725,27,1874,1848
2026-04-02 13:04:46.309,670385384,左脚+右脚,0.9816740772499435,0.6660246330362118,0.7610815763473511,-0.2936914265155792,-0.5039823055267334,27,1875,1849
2026-04-02 13:04:46.339,670418718,左脚+右脚,0.006651260591923558,0.6621317532711464,0.7493155002593994,-0.29471203684806824,-0.47843798995018005,27,1876,1850
2026-04-02 13:04:46.369,670452052,左脚+右脚,0.031552310921131935,0.6558218683900379,0.7470315098762512,-0.284364253282547,-0.42311280965805054,27,1877,1851
2026-04-02 13:04:46.400,670485386,左脚+右脚,0.05680354847250319,0.6414277012714917,0.7575371265411377,-0.28641191124916077,-0.3526054322719574,27,1878,1852
2026-04-02 13:04:46.459,670518720,左脚+右脚,0.08073061519600885,0.6678127945117562,0.7178120017051697,-0.302884966135025,-0.5334472060203552,27,1879,1853
2026-04-02 13:04:46.490,670552054,左脚+右脚,0.10297577593463597,0.6528001887286792,0.6673548221588135,-0.35495293140411377,-0.5070772767066956,27,1880,1854
2026-04-02 13:04:46.519,670585388,左脚+右脚,0.12414316548643448,0.64042382098561,0.6350216865539551,-0.38796713948249817,-0.47152265906333923,27,1881,1855
2026-04-02 13:04:46.549,670618722,左脚+右脚,0.1445360940072729,0.6365034014817674,0.6117878556251526,-0.41890671849250793,-0.484302818775177,27,1882,1856
2026-04-02 13:04:46.579,670652056,左脚+右脚,0.17420891636349697,0.6282900301577652,0.5934564471244812,-0.4406931698322296,-0.45930036902427673,27,1883,1857
2026-04-02 13:04:46.609,670685390,左脚+右脚,0.2025368642184927,0.6090045610126494,0.5665589570999146,-0.5038430094718933,-0.41153445839881897,27,1884,1858
2026-04-02 13:04:46.670,670718724,左脚+右脚,0.23000676148869534,0.5924288503081214,0.5493979454040527,-0.5530732274055481,-0.36294737458229065,27,1885,1859
2026-04-02 13:04:46.671,670752058,左脚+右脚,0.2548007067415907,0.56603100063545,0.4958789050579071,-0.6577752232551575,-0.28971803188323975,27,1886,1860
2026-04-02 13:04:46.700,670785392,左脚+右脚,0.27686795556284927,0.5555095258021474,0.4413449764251709,-0.6193163394927979,-0.22520989179611206,27,1887,1861
2026-04-02 13:04:46.760,670818726,左脚+右脚,0.30063532703854584,0.5433340178459882,0.4753474295139313,-0.4016188681125641,-0.1121358647942543,27,1888,1862
2026-04-02 13:04:46.790,670852060,左脚+右脚,0.3187531919652019,0.16489259114902668,0.5435359477996826,0.08824014663696289,0.1489763855934143,27,1889,1863
2026-04-02 13:04:46.820,670885394,左脚+右脚,0.3407695741826091,0.05295973368765187,0.6604914665222168,0.5897424221038818,0.20381906628608704,27,1890,1864
2026-04-02 13:04:46.851,670918728,左脚+右脚,0.3641670139008556,0.05884546500538753,0.7019231915473938,0.8693605661392212,0.33692988753318787,27,1891,1865
2026-04-02 13:04:46.880,670952062,左脚+右脚,0.3875730605298076,0.08021551169904352,0.7021813988685608,0.8974592089653015,0.4949660897254944,27,1892,1866
2026-04-02 13:04:46.910,670985396,左脚+右脚,0.4102307390544607,0.09382188371419944,0.6797303557395935,0.8926804065704346,0.5970533490180969,27,1893,1867
2026-04-02 13:04:46.940,671018730,左脚+右脚,0.43253364477294626,0.09363395206164862,0.6690871715545654,0.8738110065460205,0.5829406976699829,27,1894,1868
2026-04-02 13:04:46.970,671052064,左脚+右脚,0.45328769598144236,0.12257967166941407,0.6226215362548828,0.7942878007888794,0.7704898118972778,27,1895,1869
2026-04-02 13:04:47.000,671085398,左脚+右脚,0.4731920710577363,0.14780720146383458,0.5971312522888184,0.7198621034622192,0.9626305103302002,27,1896,1870
2026-04-02 13:04:47.060,671118732,左脚+右脚,0.49128903064864815,0.1728365766064086,0.542908787727356,0.5932643413543701,1.1262342929840088,27,1897,1871
2026-04-02 13:04:47.090,671152066,左脚+右脚,0.5071079960836762,0.1945211928759977,0.4745689630508423,0.4445193111896515,1.2231416702270508,27,1898,1872
2026-04-02 13:04:47.120,671185400,左脚+右脚,0.520712834733108,0.21051131567541823,0.40814515948295593,0.3434887230396271,1.3558692932128906,27,1899,1873
2026-04-02 13:04:47.150,671218734,左脚+右脚,0.5356907100850139,0.21337897982207404,0.4493362605571747,0.34553220868110657,1.4750869274139404,27,1900,1874
2026-04-02 13:04:47.180,671252068,左脚+右脚,0.5525295090053274,0.2005865628718966,0.5051639676094055,0.5267186164855957,1.6416351795196533,27,1901,1875
2026-04-02 13:04:47.210,671285402,左脚+右脚,0.575637127098818,0.1786177851591726,0.693228542804718,0.8397289514541626,1.7450151443481445,27,1902,1876
2026-04-02 13:04:47.240,671318736,左脚+右脚,0.6027189226323161,0.16301695202278255,0.8124538660049438,1.0130528211593628,1.665269136428833,27,1903,1877
2026-04-02 13:04:47.270,671352070,左脚+右脚,0.6313754311575287,0.1493609143741349,0.8596952557563782,1.1682993173599243,1.5945219993591309,27,1904,1878
2026-04-02 13:04:47.300,671385404,左脚+右脚,0.6599494885776235,0.14471479474899548,0.8572217226028442,1.132388710975647,1.454477310180664,27,1905,1879
2026-04-02 13:04:47.360,671418738,左脚+右脚,0.7017149608705235,0.1391097737936332,0.8353094458580017,1.098643183708191,1.313008427619934,27,1906,1880
2026-04-02 13:04:47.390,671452072,左脚+右脚,0.7437428455922795,0.1390880386265736,0.8405576944351196,1.0564285516738892,1.2622066736221313,27,1907,1881
2026-04-02 13:04:47.451,671485406,左脚+右脚,0.7845752608154012,0.14016725336389585,0.8166483044624329,0.9450794458389282,1.1448522806167603,27,1908,1882
2026-04-02 13:04:47.451,671518740,左脚+右脚,0.8243572127196981,0.15381361746045533,0.7956390380859375,0.8373187780380249,1.2125353813171387,27,1909,1883
2026-04-02 13:04:47.480,671552074,左脚+右脚,0.8630957555148794,0.16628494382665557,0.7747708559036255,0.7438524961471558,1.2812834978103638,27,1910,1884
2026-04-02 13:04:47.510,671585408,左脚+右脚,0.9006344568107321,0.1756269305936826,0.7507740259170532,0.6955873966217041,1.3785648345947266,27,1911,1885
2026-04-02 13:04:47.540,671618742,左脚+右脚,0.9349739264819814,0.1955325919891126,0.6867893934249878,0.4530889689922333,1.2718409299850464,27,1912,1886
2026-04-02 13:04:47.570,671652076,左脚+右脚,0.9668795120094015,0.2142513745131334,0.6381117105484009,0.25660714507102966,1.123152256011963,27,1913,1887
2026-04-02 13:04:47.600,671685410,左脚+右脚,0.9967345666263295,0.23514303432242922,0.597101092338562,0.09303909540176392,0.9937826991081238,27,1914,1888
2026-04-02 13:04:47.660,671718744,左脚+右脚,0.023134107527513548,0.2810593897667081,0.5279908180236816,-0.1568867266178131,0.793689489364624,27,1915,1889
2026-04-02 13:04:47.690,671752078,左脚+右脚,0.049555073318262144,0.3299494316878019,0.5284193158149719,-0.3158821165561676,0.5750201344490051,27,1916,1890
2026-04-02 13:04:47.720,671785412,左脚+右脚,0.07629061156250957,0.3450858700235007,0.5347107648849487,-0.26874396204948425,0.3949861526489258,27,1917,1891
2026-04-02 13:04:47.750,671818746,左脚+右脚,0.10366052204110149,0.35812058642434,0.5473982095718384,-0.1950533092021942,0.24153020977973938,27,1918,1892
2026-04-02 13:04:47.780,671852080,左脚+右脚,0.1302799832198811,0.35521212214463505,0.532389223575592,-0.1366238296031952,0.1756504774093628,27,1919,1893
2026-04-02 13:04:47.810,671885414,左脚+右脚,0.15842194670178417,0.307505821532223,0.5628392696380615,-0.012784983962774277,0.033830735832452774,27,1920,1894
2026-04-02 13:04:47.840,671918748,左脚+右脚,0.1777381808930429,0.10328536335519245,0.5794870257377625,0.04518613591790199,0.03427668288350105,27,1921,1895
2026-04-02 13:04:47.870,671952082,左脚+右脚,0.1985468716794046,0.8174799855584458,0.6242607235908508,0.04673505201935768,-0.10354138165712357,27,1922,1896
2026-04-02 13:04:47.900,671985416,左脚+右脚,0.22395359192031544,0.9070286373733842,0.7622016072273254,0.21965646743774414,-0.14522039890289307,27,1923,1897
2026-04-02 13:04:47.960,672018750,左脚+右脚,0.2507404060536417,0.9227391400970305,0.8036044239997864,0.26652708649635315,-0.14060649275779724,27,1924,1898
2026-04-02 13:04:47.990,672052084,左脚+右脚,0.27896702005205476,0.8392402655801472,0.8467984199523926,0.16472120583057404,-0.26231855154037476,27,1925,1899
2026-04-02 13:04:48.020,672085418,左脚+右脚,0.3231017203503641,0.7511625232406841,0.8826940059661865,0.0037804730236530304,-0.5175554752349854,27,1926,1900
2026-04-02 13:04:48.050,672118752,左脚+右脚,0.36436971439657534,0.7307724472437344,0.8253598809242249,-0.06387589871883392,-0.5261542201042175,27,1927,1901
2026-04-02 13:04:48.080,672152086,左脚+右脚,0.40521588935194336,0.7068350603859299,0.8169234991073608,-0.1479613482952118,-0.5321109890937805,27,1928,1902
2026-04-02 13:04:48.110,672185420,左脚+右脚,0.4459024132662805,0.6916628932910178,0.8137304782867432,-0.21225324273109436,-0.5528994202613831,27,1929,1903
2026-04-02 13:04:48.140,672218754,左脚+右脚,0.48660681857405025,0.6831866654320448,0.8140881061553955,-0.25965678691864014,-0.5817552804946899,27,1930,1904
2026-04-02 13:04:48.170,672252088,左脚+右脚,0.5268266381197961,0.6628883248389859,0.804396390914917,-0.37534192204475403,-0.6158702969551086,27,1931,1905
2026-04-02 13:04:48.200,672285422,左脚+右脚,0.5666492403918298,0.6544924495497138,0.7964520454406738,-0.4496638774871826,-0.6571426391601562,27,1932,1906
2026-04-02 13:04:48.260,672318756,左脚+右脚,0.6049849720173868,0.6552048646671897,0.7667146325111389,-0.4759325385093689,-0.7022562026977539,27,1933,1907
2026-04-02 13:04:48.290,672352090,左脚+右脚,0.6419399411850961,0.6549538279854474,0.739099383354187,-0.49029049277305603,-0.7209905385971069,27,1934,1908
2026-04-02 13:04:48.320,672385424,左脚+右脚,0.6750973756423877,0.6750973756423877,0.7233937978744507,-0.3588062524795532,-0.7052633166313171,27,1935,1909
2026-04-02 13:04:48.350,672418758,左脚+右脚,0.6994112626027352,0.5553518961386146,0.7294166088104248,-0.815381646156311,-0.29559358954429626,27,1936,1910
2026-04-02 13:04:48.380,672452092,左脚+右脚,0.7238884583424813,0.5558483407188473,0.7343158721923828,-0.8039101958274841,-0.29427531361579895,27,1937,1911
2026-04-02 13:04:48.410,672485426,左脚+右脚,0.74837505572153,0.5742685307692216,0.73459792137146,-0.7491685152053833,-0.3773934841156006,27,1938,1912
2026-04-02 13:04:48.440,672518760,左脚+右脚,0.772492966583499,0.5886213577763575,0.7235373258590698,-0.7209123969078064,-0.44879284501075745,27,1939,1913
2026-04-02 13:04:48.471,672552094,左脚+右脚,0.7959436829200671,0.6031415174782488,0.7035214900970459,-0.6487650275230408,-0.49120819568634033,27,1940,1914
2026-04-02 13:04:48.500,672585428,左脚+右脚,0.81869177573038,0.6178625119478559,0.6824427843093872,-0.6049455404281616,-0.5529820919036865,27,1941,1915
2026-04-02 13:04:48.560,672618762,左脚+右脚,0.8408517058006213,0.6541793278531327,0.6647979021072388,-0.49421176314353943,-0.7192051410675049,27,1942,1916
2026-04-02 13:04:48.590,672652096,左脚+右脚,0.8624460334888384,0.6478741393579186,0.6478298306465149,-0.4975636303424835,-0.6659472584724426,27,1943,1917
2026-04-02 13:04:48.620,672685430,左脚+右脚,0.8835078016232735,0.6488100368873431,0.6318530440330505,-0.48831596970558167,-0.6616491079330444,27,1944,1918
2026-04-02 13:04:48.650,672718764,左脚+右脚,0.9050071294418262,0.6523443936700725,0.6449798345565796,-0.4414934813976288,-0.6268779635429382,27,1945,1919
2026-04-02 13:04:48.680,672752098,左脚+右脚,0.9271503006727781,0.6550182289241501,0.6642951369285583,-0.4035719931125641,-0.5939844846725464,27,1946,1920
2026-04-02 13:04:48.710,672785432,左脚+右脚,0.9499128138334837,0.6559920853724506,0.682875394821167,-0.3741481304168701,-0.5579926371574402,27,1947,1921
2026-04-02 13:04:48.740,672818766,左脚+右脚,0.9743473068188913,0.6477530095390507,0.7330347895622253,-0.330666184425354,-0.44186723232269287,27,1948,1922
2026-04-02 13:04:48.770,672852100,左脚+右脚,0.9987812732966033,0.6648957758740317,0.7330189943313599,-0.30202168226242065,-0.5099283456802368,27,1949,1923
2026-04-02 13:04:48.800,672885434,左脚+右脚,0.02185525648904707,0.6576672415095777,0.6922194957733154,-0.3258216083049774,-0.4971536695957184,27,1950,1924
2026-04-02 13:04:48.860,672918768,左脚+右脚,0.04382916841023034,0.6548876229433729,0.659217357635498,-0.31874674558639526,-0.4683099687099457,27,1951,1925
2026-04-02 13:04:48.890,672952102,左脚+右脚,0.06627926779898868,0.6554141721803719,0.6735029816627502,-0.2693237066268921,-0.3985247015953064,27,1952,1926
2026-04-02 13:04:48.920,672985436,左脚+右脚,0.09274964286002384,0.9593102031493268,0.7941112518310547,0.6910276412963867,-0.18062175810337067,27,1953,1927
2026-04-02 13:04:48.951,673018770,左脚+右脚,0.11986109369111922,0.9912977114626526,0.8133435249328613,1.145634651184082,-0.06270361691713333,27,1954,1928
2026-04-02 13:04:48.980,673052104,左脚+右脚,0.14468731436245508,0.028051428696038067,0.7447866201400757,1.2269784212112427,0.21852532029151917,27,1955,1929
2026-04-02 13:04:49.010,673085438,左脚+右脚,0.16772242340557642,0.035859456396547675,0.6910532712936401,1.3213697671890259,0.30286234617233276,27,1956,1930
2026-04-02 13:04:49.040,673118772,左脚+右脚,0.19163295580062137,0.0338693017816692,0.7173159718513489,1.493369221687317,0.32268548011779785,27,1957,1931
2026-04-02 13:04:49.070,673152106,左脚+右脚,0.21484854969494407,0.051767169207968075,0.6964678168296814,1.5436110496520996,0.5205678939819336,27,1958,1932
2026-04-02 13:04:49.129,673185440,左脚+右脚,0.23697310242168967,0.07581828473750438,0.6637365818023682,1.4767848253250122,0.7620486617088318,27,1959,1933
2026-04-02 13:04:49.159,673218774,左脚+右脚,0.2578764155816323,0.09770733702630408,0.6270993947982788,1.3398863077163696,0.9442979693412781,27,1960,1934
2026-04-02 13:04:49.189,673252108,左脚+右脚,0.2778671299727049,0.1235059698876196,0.5997214317321777,1.1580886840820312,1.1365476846694946,27,1961,1935
2026-04-02 13:04:49.219,673285442,左脚+右脚,0.2905900314759499,0.22717843334887147,0.3816870450973511,0.3222825229167938,2.23213529586792,27,1962,1936
2026-04-02 13:04:49.249,673318776,左脚+右脚,0.3039029712787555,0.23013299424687228,0.3993881940841675,0.30739232897758484,2.4497218132019043,27,1963,1937
2026-04-02 13:04:49.280,673352110,左脚+右脚,0.3177688643645531,0.23444534204168047,0.41597679257392883,0.24507436156272888,2.4996068477630615,27,1964,1938
2026-04-02 13:04:49.309,673385444,左脚+右脚,0.33480668319377166,0.22590924665565892,0.5111345648765564,0.40216514468193054,2.636571168899536,27,1965,1939
2026-04-02 13:04:49.339,673418778,左脚+右脚,0.3584809368164625,0.18803685443665333,0.7102276086807251,1.0982226133346558,2.676847457885742,27,1966,1940
2026-04-02 13:04:49.369,673452112,左脚+右脚,0.3840887810102389,0.16996549824507412,0.7682353258132935,1.3635311126708984,2.478980779647827,27,1967,1941
2026-04-02 13:04:49.399,673485446,左脚+右脚,0.41005391928665696,0.1621545154046788,0.7789541482925415,1.4849814176559448,2.411503553390503,27,1968,1942
2026-04-02 13:04:49.459,673518780,左脚+右脚,0.4352592334460503,0.1519112418793964,0.7561594247817993,1.5625972747802734,2.2059593200683594,27,1969,1943
2026-04-02 13:04:49.489,673552114,左脚+右脚,0.46206393890691655,0.15152291843500967,0.8041411638259888,1.5163304805755615,2.129608154296875,27,1970,1944
2026-04-02 13:04:49.519,673585448,左脚+右脚,0.48929317646337406,0.15120799871863913,0.8168771266937256,1.5468918085098267,2.163456916809082,27,1971,1945
2026-04-02 13:04:49.549,673618782,左脚+右脚,0.5164724653275098,0.15034916803534856,0.8153786659240723,1.5628087520599365,2.160975694656372,27,1972,1946
2026-04-02 13:04:49.579,673652116,左脚+右脚,0.5431206887276258,0.1545096016319269,0.799446702003479,1.4475500583648682,2.1159512996673584,27,1973,1947
2026-04-02 13:04:49.609,673685450,左脚+右脚,0.5684504176488803,0.15869748953825358,0.7598918676376343,1.3236461877822876,2.0484824180603027,27,1974,1948
2026-04-02 13:04:49.640,673718784,左脚+右脚,0.5846303190103457,0.21888746663186484,0.4853970408439636,0.3350299298763275,1.6919454336166382,27,1975,1949
2026-04-02 13:04:49.669,673752118,左脚+右脚,0.6003845597616122,0.22399852159999634,0.4726272225379944,0.26255902647972107,1.5927989482879639,27,1976,1950
2026-04-02 13:04:49.699,673785452,左脚+右脚,0.6157008742601957,0.21836378242164778,0.4594894349575043,0.3140741288661957,1.559173583984375,27,1977,1951
2026-04-02 13:04:49.760,673818786,左脚+右脚,0.6306139802248564,0.20634654098094335,0.44739317893981934,0.4088115990161896,1.4529094696044922,27,1978,1952
2026-04-02 13:04:49.790,673852120,左脚+右脚,0.6464339192024158,0.29742003324447697,0.4745981693267822,-0.24618127942085266,0.8016577363014221,27,1979,1953
2026-04-02 13:04:49.820,673885454,左脚+右脚,0.6626991167973763,0.30448087467267954,0.4879559278488159,-0.199522465467453,0.5599185824394226,27,1980,1954
2026-04-02 13:04:49.850,673918788,左脚+右脚,0.6789357707213646,0.2745221303160288,0.48709961771965027,-0.06676200032234192,0.42986831068992615,27,1981,1955
2026-04-02 13:04:49.880,673952122,左脚+右脚,0.6956834122847801,0.19870962240704257,0.5024292469024658,0.12691572308540344,0.3800927996635437,27,1982,1956
2026-04-02 13:04:49.909,673985456,左脚+右脚,0.7251938894700295,0.12861431000405327,0.5902095437049866,0.24679866433143616,0.2582704424858093,27,1983,1957
2026-04-02 13:04:49.939,674018790,左脚+右脚,0.7601792827557808,0.09970551039183909,0.6997078657150269,0.297216534614563,0.21510133147239685,27,1984,1958
2026-04-02 13:04:49.969,674052124,左脚+右脚,0.8003540054272896,0.047171433960883025,0.8034944534301758,0.41403087973594666,0.1264374852180481,27,1985,1959
2026-04-02 13:04:49.999,674085458,左脚+右脚,0.8458726033877617,0.023030493978465096,0.9103719592094421,0.424506813287735,0.0618605799973011,27,1986,1960
2026-04-02 13:04:50.059,674118792,左脚+右脚,0.88130609843247,0.7577463524137895,1.0630048513412476,0.028120670467615128,-0.5773051381111145,27,1987,1961
