local_time,arrival_time_monotonic,timestamp_us,role,role_label,mac_address,quat_w,quat_x,quat_y,quat_z,euler_x,euler_y,euler_z,acc_x,acc_y,acc_z,gyro_x,gyro_y,gyro_z
2026-04-02 12:56:38.825,1539.830312885,276746748,right_foot,右脚,D4:22:CD:00:85:22,0.8015589118003845,0.13537541031837463,-0.4029123783111572,0.4205217659473419,-10.800972062655376,-49.44414862283727,60.3502610460471,0.0,0.0,0.0,0.0,0.0,0.0
2026-04-02 12:56:38.855,1539.860672516,276780082,right_foot,右脚,D4:22:CD:00:85:22,0.8013625144958496,0.13549602031707764,-0.4030778706073761,0.42069894075393677,-10.818741684681601,-49.46673137353886,60.39250341288807,7.101741790771484,-1.1422845125198364,5.970160961151123,1.636379599571228,-1.0850437879562378,1.1111527681350708
2026-04-02 12:56:38.885,1539.890306257,276813416,right_foot,右脚,D4:22:CD:00:85:22,0.8011889457702637,0.1357450783252716,-0.403156042098999,0.4208742678165436,-10.810511879345704,-49.48811635040063,60.42100525989845,7.105032920837402,-1.1307440996170044,5.965892314910889,1.714517593383789,-0.9808832406997681,1.0964637994766235
2026-04-02 12:56:38.945,1539.950596301,276846750,right_foot,右脚,D4:22:CD:00:85:22,0.8009957671165466,0.13607674837112427,-0.4032062888145447,0.42108625173568726,-10.791818060097135,-49.51121951257156,60.45011029563013,7.103840351104736,-1.1237157583236694,5.956271171569824,1.6868813037872314,-0.9178439378738403,1.1059788465499878
2026-04-02 12:56:38.976,1539.981538299,276880084,right_foot,右脚,D4:22:CD:00:85:22,0.8008561134338379,0.13635267317295074,-0.4033008813858032,0.42117220163345337,-10.77471164776627,-49.537222216563805,60.46299942753127,7.112705230712891,-1.127614140510559,5.9651875495910645,1.6270819902420044,-0.9362530708312988,1.08625066280365
2026-04-02 12:56:39.005,1540.010401318,276913418,right_foot,右脚,D4:22:CD:00:85:22,0.800632119178772,0.13669484853744507,-0.4033776819705963,0.4214136302471161,-10.760112021369,-49.56340473030118,60.49946986272037,7.108975887298584,-1.128317952156067,5.9730119705200195,1.66830575466156,-1.0208070278167725,1.1131632328033447
2026-04-02 12:56:39.036,1540.041547147,276946752,right_foot,右脚,D4:22:CD:00:85:22,0.8004184365272522,0.1370120644569397,-0.4034402072429657,0.42165669798851013,-10.747226470845783,-49.58651989514002,60.535963392360834,7.110600471496582,-1.1297399997711182,5.952633857727051,1.6934894323349,-0.990795373916626,1.1192846298217773
2026-04-02 12:56:39.065,1540.070333571,276980086,right_foot,右脚,D4:22:CD:00:85:22,0.8002226948738098,0.13729245960712433,-0.4035143554210663,0.42186570167541504,-10.737501045616444,-49.6090423760439,60.56898406313724,7.106617450714111,-1.1324268579483032,5.9666428565979,1.6770268678665161,-0.9722901582717896,1.113393783569336
2026-04-02 12:56:39.096,1540.101398017,277013420,right_foot,右脚,D4:22:CD:00:85:22,0.8000465631484985,0.1375463306903839,-0.40357163548469543,0.4220625162124634,-10.72822662809671,-49.62829211975719,60.59931919734875,7.105210781097412,-1.119842767715454,5.972643852233887,1.7115720510482788,-0.9213657379150391,1.1296770572662354
2026-04-02 12:56:39.126,1540.131491784,277046754,right_foot,右脚,D4:22:CD:00:85:22,0.7998158931732178,0.13784842193126678,-0.40363606810569763,0.4223392903804779,-10.720340365216988,-49.65025939799465,60.64279548201958,7.095880508422852,-1.1339664459228516,5.993608474731445,1.6585859060287476,-1.0624597072601318,1.1167426109313965
2026-04-02 12:56:39.156,1540.161241813,277080088,right_foot,右脚,D4:22:CD:00:85:22,0.7996374368667603,0.13808278739452362,-0.4036708176136017,0.4225674569606781,-10.713646679889962,-49.66552118674102,60.67753347709132,7.111017227172852,-1.1297053098678589,5.97345495223999,1.6731656789779663,-0.9190092086791992,1.1691397428512573
2026-04-02 12:56:39.185,1540.190276228,277113422,right_foot,右脚,D4:22:CD:00:85:22,0.7994160056114197,0.13835763931274414,-0.4037145674228668,0.42285457253456116,-10.707785145232101,-49.68348981020773,60.72211756731283,7.106332302093506,-1.1357020139694214,5.973629951477051,1.681073546409607,-1.0011684894561768,1.1581711769104004
2026-04-02 12:56:39.245,1540.250356995,277146756,right_foot,右脚,D4:22:CD:00:85:22,0.7992284893989563,0.13859663903713226,-0.4037892520427704,0.4230595827102661,-10.703118753087383,-49.70357923004967,60.75629799773766,7.099115371704102,-1.1288983821868896,5.970693588256836,1.6704316139221191,-1.0737740993499756,1.141497254371643
2026-04-02 12:56:39.275,1540.280328197,277180090,right_foot,右脚,D4:22:CD:00:85:22,0.799028217792511,0.13884203135967255,-0.40386101603507996,0.4232886731624603,-10.699356674212094,-49.72345530760891,60.79433313804408,7.107513904571533,-1.1284278631210327,5.976831912994385,1.6524899005889893,-1.0618641376495361,1.1485663652420044
2026-04-02 12:56:39.305,1540.31026458,277213424,right_foot,右脚,D4:22:CD:00:85:22,0.7988495826721191,0.13906405866146088,-0.4039302468299866,0.4234868288040161,-10.695698910614677,-49.7420184882206,60.827524121199744,7.109548568725586,-1.1342272758483887,5.964922904968262,1.639702558517456,-1.0191742181777954,1.1410937309265137
2026-04-02 12:56:39.335,1540.34040787,277246758,right_foot,右脚,D4:22:CD:00:85:22,0.7986236810684204,0.13933594524860382,-0.40400752425193787,0.4237495958805084,-10.692084480123793,-49.76370376957205,60.87113533078109,7.108678340911865,-1.1361124515533447,5.978067874908447,1.6904994249343872,-1.110957384109497,1.154572606086731
2026-04-02 12:56:39.365,1540.370363578,277280092,right_foot,右脚,D4:22:CD:00:85:22,0.7984617948532104,0.13954582810401917,-0.4041167199611664,0.4238817095756531,-10.68900215243303,-49.78660782216406,60.896706473863574,7.104488849639893,-1.1364396810531616,5.968313217163086,1.679370403289795,-1.149754285812378,1.136125087738037
2026-04-02 12:56:39.395,1540.400313352,277313426,right_foot,右脚,D4:22:CD:00:85:22,0.7982332706451416,0.13981743156909943,-0.4041881561279297,0.4241544008255005,-10.685653467821597,-49.80754365996943,60.94163464648807,7.104305744171143,-1.1263909339904785,5.972844123840332,1.6917797327041626,-1.0915558338165283,1.1514925956726074
2026-04-02 12:56:39.425,1540.430360589,277346760,right_foot,右脚,D4:22:CD:00:85:22,0.7980772256851196,0.14004063606262207,-0.4042733609676361,0.42429298162460327,-10.67878427161458,-49.828691153470075,60.965620079091025,7.107048034667969,-1.1331144571304321,5.974285125732422,1.7238659858703613,-1.0875024795532227,1.0878962278366089
2026-04-02 12:56:39.455,1540.460331408,277380094,right_foot,右脚,D4:22:CD:00:85:22,0.7979019284248352,0.14027178287506104,-0.4043441414833069,0.4244789481163025,-10.673255959342026,-49.848187496132155,60.9964977089167,7.103193759918213,-1.1313257217407227,5.97239875793457,1.6957308053970337,-1.0445115566253662,1.1017848253250122
2026-04-02 12:56:39.485,1540.49023791,277413428,right_foot,右脚,D4:22:CD:00:85:22,0.7977061867713928,0.1405271589756012,-0.4043993651866913,0.42470961809158325,-10.66668794491881,-49.866984323266955,61.03303387752509,7.110288143157959,-1.1293026208877563,5.97410774230957,1.6616015434265137,-1.0145318508148193,1.0488048791885376
2026-04-02 12:56:39.545,1540.550365546,277446762,right_foot,右脚,D4:22:CD:00:85:22,0.7975091338157654,0.14075258374214172,-0.4044712483882904,0.4249367117881775,-10.665495019711415,-49.88570525503165,61.07175942013463,7.1133832931518555,-1.124666690826416,5.993882656097412,1.6486225128173828,-1.0390945672988892,1.1725976467132568
2026-04-02 12:56:39.575,1540.580187426,277480096,right_foot,右脚,D4:22:CD:00:85:22,0.7973268628120422,0.14095914363861084,-0.40454182028770447,0.4251432418823242,-10.664829623852132,-49.90338183110539,61.1074359244388,7.113823890686035,-1.138519287109375,5.963531970977783,1.651804804801941,-1.0158958435058594,1.194009780883789
2026-04-02 12:56:39.605,1540.610112829,277513430,right_foot,右脚,D4:22:CD:00:85:22,0.797143280506134,0.1411544680595398,-0.40462324023246765,0.42534497380256653,-10.666441454041818,-49.921570724438446,61.143783933371246,7.108760356903076,-1.1254090070724487,5.985584735870361,1.6048630475997925,-1.0328450202941895,1.2042036056518555
2026-04-02 12:56:39.635,1540.640184015,277546764,right_foot,右脚,D4:22:CD:00:85:22,0.7969763278961182,0.1413596123456955,-0.4046880006790161,0.425527960062027,-10.663373054398459,-49.93887605316335,61.17475256546327,7.114179611206055,-1.1280057430267334,5.97672176361084,1.6425520181655884,-0.9941184520721436,1.1245863437652588
2026-04-02 12:56:39.665,1540.670178017,277580098,right_foot,右脚,D4:22:CD:00:85:22,0.7967879176139832,0.14157557487487793,-0.40474987030029297,0.42574992775917053,-10.661915713383463,-49.95604767214146,61.21210867520672,7.098381519317627,-1.1465851068496704,5.96920919418335,1.692887544631958,-1.0093774795532227,1.203249454498291
2026-04-02 12:56:39.696,1540.70116862,277613432,right_foot,右脚,D4:22:CD:00:85:22,0.7966213226318359,0.14177586138248444,-0.40478911995887756,0.42595791816711426,-10.65869091661445,-49.97003384857184,61.24541070648982,7.114895820617676,-1.1338002681732178,5.977077484130859,1.6472519636154175,-0.9037761688232422,1.1318155527114868
2026-04-02 12:56:39.725,1540.730234657,277646766,right_foot,右脚,D4:22:CD:00:85:22,0.7964411973953247,0.14199617505073547,-0.4048228859901428,0.4261891841888428,-10.654310433696331,-49.98440857593925,61.281630432653806,7.10495138168335,-1.132853388786316,5.9780802726745605,1.6734730005264282,-0.9158269762992859,1.1206676959991455
2026-04-02 12:56:39.755,1540.760186851,277680100,right_foot,右脚,D4:22:CD:00:85:22,0.7962896823883057,0.14220024645328522,-0.40487366914749146,0.42635577917099,-10.648488617143261,-50.00042069580964,61.30841556367436,7.106281280517578,-1.1301463842391968,5.975725173950195,1.7165793180465698,-0.967218816280365,1.1092956066131592
2026-04-02 12:56:39.785,1540.790150962,277713434,right_foot,右脚,D4:22:CD:00:85:22,0.7961103916168213,0.14242953062057495,-0.4049505889415741,0.4265410006046295,-10.644061217462644,-50.020529736806,61.34006838242095,7.101246356964111,-1.128810167312622,5.9809417724609375,1.669144630432129,-1.090973138809204,1.0800589323043823
2026-04-02 12:56:39.846,1540.851248758,277746768,right_foot,右脚,D4:22:CD:00:85:22,0.7959134578704834,0.1426752805709839,-0.40504190325737,0.42673957347869873,-10.640362345697882,-50.04302576455207,61.37488800146265,7.103108882904053,-1.1304577589035034,5.970087051391602,1.673806071281433,-1.172299861907959,1.0872688293457031
2026-04-02 12:56:39.875,1540.880168431,277780102,right_foot,右脚,D4:22:CD:00:85:22,0.7957412600517273,0.14289738237857819,-0.4051287770271301,0.4269039034843445,-10.636260265934546,-50.06402123025006,61.40403986375593,7.1080217361450195,-1.1345751285552979,5.970679759979248,1.6555954217910767,-1.1259022951126099,1.0674189329147339
2026-04-02 12:56:39.905,1540.910303795,277813436,right_foot,右脚,D4:22:CD:00:85:22,0.7955524921417236,0.14312580227851868,-0.4052111804485321,0.42710110545158386,-10.63365179625645,-50.08451281048941,61.438510739065194,7.099661827087402,-1.124987006187439,5.977392196655273,1.672807216644287,-1.124327301979065,1.1192975044250488
2026-04-02 12:56:39.935,1540.940375847,277846770,right_foot,右脚,D4:22:CD:00:85:22,0.7953698635101318,0.14333315193653107,-0.4052850902080536,0.4273015260696411,-10.63302203216763,-50.10274489849736,61.473652787047726,7.115886211395264,-1.1380207538604736,5.976220607757568,1.6619923114776611,-1.0728328227996826,1.1707215309143066
2026-04-02 12:56:39.965,1540.970309769,277880104,right_foot,右脚,D4:22:CD:00:85:22,0.7951920032501221,0.14353080093860626,-0.4053633213043213,0.4274919927120209,-10.633287092244867,-50.12095460678695,61.50781908987781,7.109318256378174,-1.1247649192810059,5.982746601104736,1.6000863313674927,-1.0713536739349365,1.1371495723724365
2026-04-02 12:56:39.995,1541.0003114,277913438,right_foot,右脚,D4:22:CD:00:85:22,0.7950109839439392,0.14374789595603943,-0.4054167568683624,0.4277052581310272,-10.630214947231579,-50.13748619626624,61.54296750251101,7.092746734619141,-1.1393938064575195,5.9730024337768555,1.7067440748214722,-1.0310841798782349,1.1507115364074707
2026-04-02 12:56:40.026,1541.031377312,277946772,right_foot,右脚,D4:22:CD:00:85:22,0.7948279976844788,0.14396008849143982,-0.40547898411750793,0.427914559841156,-10.62847290391684,-50.15470385508173,61.57849915882899,7.11309289932251,-1.134727120399475,5.973206520080566,1.6543405055999756,-1.0554481744766235,1.1310665607452393
2026-04-02 12:56:40.055,1541.060300813,277980106,right_foot,右脚,D4:22:CD:00:85:22,0.794681191444397,0.14415650069713593,-0.4055437743663788,0.4280596077442169,-10.62356382382322,-50.17204456963142,61.603196719205094,7.114002227783203,-1.140652060508728,5.973145008087158,1.6642141342163086,-1.0513181686401367,1.056270956993103
2026-04-02 12:56:40.085,1541.090364641,278013440,right_foot,右脚,D4:22:CD:00:85:22,0.7945108413696289,0.14435580372810364,-0.40560755133628845,0.42824840545654297,-10.621902998506295,-50.188880462253955,61.63567818605201,7.097529888153076,-1.1390219926834106,5.9678053855896,1.6715713739395142,-1.0594438314437866,1.13993501663208
2026-04-02 12:56:40.145,1541.150337497,278046774,right_foot,右脚,D4:22:CD:00:85:22,0.7943482995033264,0.14455051720142365,-0.4056658148765564,0.4284290671348572,-10.619517623271163,-50.20496256959622,61.66635667677542,7.098013877868652,-1.1311722993850708,5.9680585861206055,1.6844162940979004,-1.0434359312057495,1.1322959661483765
2026-04-02 12:56:40.175,1541.180673456,278080108,right_foot,右脚,D4:22:CD:00:85:22,0.7941903471946716,0.14472591876983643,-0.4057179391384125,0.42861294746398926,-10.619154182647865,-50.21914276046651,61.69786007979401,7.113699436187744,-1.1204253435134888,5.985266208648682,1.6420912742614746,-0.9977747201919556,1.155347466468811
2026-04-02 12:56:40.205,1541.210329979,278113442,right_foot,右脚,D4:22:CD:00:85:22,0.7940314412117004,0.14490284025669098,-0.4057668149471283,0.4288017451763153,-10.618639869759429,-50.23300118184756,61.72986636364179,7.104139804840088,-1.1316862106323242,5.981253147125244,1.6379930973052979,-0.9973329305648804,1.1499301195144653
2026-04-02 12:56:40.237,1541.242606066,278146776,right_foot,右脚,D4:22:CD:00:85:22,0.7938699722290039,0.14506690204143524,-0.405792236328125,0.4290209114551544,-10.61966040897769,-50.243191568702514,61.76573309060828,7.119295120239258,-1.1227140426635742,5.982316017150879,1.6376408338546753,-0.9049864411354065,1.204498052597046
2026-04-02 12:56:40.265,1541.270313386,278180110,right_foot,右脚,D4:22:CD:00:85:22,0.7937242388725281,0.1452130526304245,-0.4058193564414978,0.4292154014110565,-10.621031443429986,-50.252749489128,61.79798986332199,7.10420036315918,-1.138846755027771,5.973937034606934,1.62175452709198,-0.8948372602462769,1.2022632360458374
2026-04-02 12:56:40.295,1541.300055498,278213444,right_foot,右脚,D4:22:CD:00:85:22,0.7935817837715149,0.14538969099521637,-0.40585336089134216,0.4293868839740753,-10.617419252399246,-50.26527904550555,61.825464366087274,7.102512836456299,-1.1301236152648926,5.975430011749268,1.6775133609771729,-0.9767019152641296,1.1048839092254639
2026-04-02 12:56:40.325,1541.330311331,278246778,right_foot,右脚,D4:22:CD:00:85:22,0.7934271693229675,0.1455613076686859,-0.4059070348739624,0.42956334352493286,-10.61716251990821,-50.279501705443266,61.856008626390114,7.103063106536865,-1.134041666984558,5.967676639556885,1.6803054809570312,-1.052054524421692,1.1768492460250854
2026-04-02 12:56:40.355,1541.360309637,278280112,right_foot,右脚,D4:22:CD:00:85:22,0.7932746410369873,0.1457468718290329,-0.40597882866859436,0.4297145903110504,-10.615095117613617,-50.2968418692814,61.88311142268035,7.105005741119385,-1.1275579929351807,5.991570949554443,1.7002642154693604,-1.1487873792648315,1.1275960206985474
2026-04-02 12:56:40.385,1541.390213851,278313446,right_foot,右脚,D4:22:CD:00:85:22,0.7931258082389832,0.145936518907547,-0.40603962540626526,0.42986738681793213,-10.611403986798829,-50.313279913831984,61.90929695091504,7.107104301452637,-1.127058506011963,5.969944953918457,1.7230017185211182,-1.1299492120742798,1.109372615814209
2026-04-02 12:56:40.445,1541.45006947,278346780,right_foot,右脚,D4:22:CD:00:85:22,0.7929837703704834,0.14611496031284332,-0.4060985743999481,0.43001294136047363,-10.608302833894816,-50.328912132571446,61.934452502315125,7.110528945922852,-1.1368032693862915,5.968618869781494,1.653072714805603,-1.106199860572815,1.0674189329147339
2026-04-02 12:56:40.475,1541.480116163,278380114,right_foot,右脚,D4:22:CD:00:85:22,0.7928462624549866,0.1462818682193756,-0.40615031123161316,0.43016117811203003,-10.606043689764515,-50.34301063796582,61.9598602702579,7.109518527984619,-1.1329320669174194,5.960244178771973,1.6876945495605469,-1.0797545909881592,1.1195920705795288
2026-04-02 12:56:40.505,1541.510087857,278413448,right_foot,右脚,D4:22:CD:00:85:22,0.7927082180976868,0.1464225947856903,-0.40619713068008423,0.43032345175743103,-10.607726077406397,-50.35474612943924,61.98846812498226,7.112414836883545,-1.1265263557434082,5.981085777282715,1.6183992624282837,-1.0270180702209473,1.1693509817123413
2026-04-02 12:56:40.535,1541.540288616,278446782,right_foot,右脚,D4:22:CD:00:85:22,0.7925859689712524,0.1465924233198166,-0.40620407462120056,0.4304841160774231,-10.601004551072714,-50.364179165919275,62.011703236336025,7.099174976348877,-1.1321519613265991,5.977081298828125,1.7299360036849976,-0.9489761590957642,1.0647616386413574
2026-04-02 12:56:40.565,1541.570342359,278480116,right_foot,右脚,D4:22:CD:00:85:22,0.7924720644950867,0.1467168629169464,-0.40623903274536133,0.43061840534210205,-10.600975026934812,-50.37400805520724,62.034701150867775,7.111111164093018,-1.1404197216033936,5.969456195831299,1.623316764831543,-0.987267017364502,1.1351195573806763
2026-04-02 12:56:40.595,1541.600401165,278513450,right_foot,右脚,D4:22:CD:00:85:22,0.7923445701599121,0.14686892926692963,-0.40627923607826233,0.4307633638381958,-10.599010818977897,-50.38600966320697,62.05904614843676,7.101256370544434,-1.1298112869262695,5.974555492401123,1.6669163703918457,-1.059424638748169,1.105517864227295
2026-04-02 12:56:40.626,1541.631304794,278546784,right_foot,右脚,D4:22:CD:00:85:22,0.7922254204750061,0.14700518548488617,-0.406323105096817,0.43089455366134644,-10.598291065080483,-50.3975765566591,62.08188984279603,7.10784387588501,-1.1265032291412354,5.978547096252441,1.611701488494873,-1.0566518306732178,1.0900861024856567
2026-04-02 12:56:40.655,1541.660346529,278580118,right_foot,右脚,D4:22:CD:00:85:22,0.7921117544174194,0.14713744819164276,-0.4063643515110016,0.43101966381073,-10.597246760205776,-50.408690756203825,62.103518908365665,7.106902122497559,-1.1369800567626953,5.9734015464782715,1.6638236045837402,-1.0614479780197144,1.1229281425476074
2026-04-02 12:56:40.685,1541.690173985,278613452,right_foot,右脚,D4:22:CD:00:85:22,0.7919984459877014,0.14728492498397827,-0.40638467669487,0.4311581552028656,-10.59302894232664,-50.41841449236473,62.12496028711492,7.10067081451416,-1.1284266710281372,5.989343166351318,1.7287198305130005,-1.0278314352035522,1.1014262437820435
2026-04-02 12:56:40.746,1541.75112164,278646786,right_foot,右脚,D4:22:CD:00:85:22,0.7918912172317505,0.14741645753383636,-0.40639528632164,0.43130019307136536,-10.589985954750714,-50.42605061541221,62.14674973897319,7.099773406982422,-1.123201847076416,5.983078479766846,1.7180135250091553,-0.9845651388168335,1.12993323802948
2026-04-02 12:56:40.776,1541.781337668,278680120,right_foot,右脚,D4:22:CD:00:85:22,0.79178786277771,0.14754430949687958,-0.4064265489578247,0.43141648173332214,-10.587611693624817,-50.43596997172538,62.16600603381743,7.095736026763916,-1.1466305255889893,5.986230850219727,1.6847939491271973,-1.0636059045791626,1.1029695272445679
2026-04-02 12:56:40.805,1541.810182099,278713454,right_foot,右脚,D4:22:CD:00:85:22,0.7916936874389648,0.1476358026266098,-0.40642985701560974,0.4315551519393921,-10.588456351167675,-50.44032319448664,62.18809996243331,7.10883903503418,-1.1253455877304077,5.966673851013184,1.6805163621902466,-0.9276342391967773,1.2027947902679443
2026-04-02 12:56:40.835,1541.840384097,278746788,right_foot,右脚,D4:22:CD:00:85:22,0.7916125059127808,0.14772911369800568,-0.4064234495162964,0.43167823553085327,-10.586608028262075,-50.44398648098345,62.20631010303697,7.103097915649414,-1.1269843578338623,5.977386951446533,1.7021912336349487,-0.9088026881217957,1.1556098461151123
2026-04-02 12:56:40.895,1541.900223068,278780122,right_foot,右脚,D4:22:CD:00:85:22,0.7915240526199341,0.14782512187957764,-0.4064338207244873,0.4317975640296936,-10.586068036127688,-50.44964005782712,62.22538956740836,7.107904434204102,-1.1316131353378296,5.980992317199707,1.7086328268051147,-0.9873119592666626,1.1775022745132446
2026-04-02 12:56:40.895,1541.900380156,278813456,right_foot,右脚,D4:22:CD:00:85:22,0.7914334535598755,0.14794036746025085,-0.4064598083496094,0.4318995773792267,-10.583448876928223,-50.45839351199131,62.2420327979785,7.112367630004883,-1.1415613889694214,5.967707633972168,1.7047525644302368,-1.081368327140808,1.1028093099594116
2026-04-02 12:56:40.925,1541.93021604,278846790,right_foot,右脚,D4:22:CD:00:85:22,0.7913442254066467,0.14802511036396027,-0.4064939618110657,0.43200185894966125,-10.585633180864827,-50.466045389763686,62.26077757000864,7.107367992401123,-1.1207407712936401,5.97885274887085,1.6290990114212036,-1.0704636573791504,1.1594773530960083
2026-04-02 12:56:40.955,1541.960310124,278880124,right_foot,右脚,D4:22:CD:00:85:22,0.7912561297416687,0.14812542498111725,-0.40653255581855774,0.4320928752422333,-10.585407775258748,-50.475303975325765,62.277236345274865,7.1055707931518555,-1.136801838874817,5.986723899841309,1.6941617727279663,-1.1296802759170532,1.1418110132217407
2026-04-02 12:56:40.985,1541.990316305,278913458,right_foot,右脚,D4:22:CD:00:85:22,0.7911690473556519,0.1482291966676712,-0.40656253695487976,0.4321883022785187,-10.584145746167112,-50.483835502576724,62.293552446647475,7.102255344390869,-1.1304566860198975,5.987259864807129,1.6923367977142334,-1.116835355758667,1.1146551370620728
2026-04-02 12:56:41.046,1542.05136634,278946792,right_foot,右脚,D4:22:CD:00:85:22,0.7911033630371094,0.14830605685710907,-0.4065767824649811,0.43226903676986694,-10.583139183671145,-50.4891782563721,62.30668726268329,7.1109938621521,-1.1356379985809326,5.975119590759277,1.6531429290771484,-1.0319100618362427,1.1024506092071533
2026-04-02 12:56:41.076,1542.081514136,278980126,right_foot,右脚,D4:22:CD:00:85:22,0.7910338044166565,0.14838498830795288,-0.4065951704978943,0.432351678609848,-10.582540555726537,-50.495074491086626,62.32052767190311,7.114221096038818,-1.1266180276870728,5.97983455657959,1.6850180625915527,-1.0661799907684326,1.1313098669052124
2026-04-02 12:56:41.106,1542.111527199,279013460,right_foot,右脚,D4:22:CD:00:85:22,0.79096519947052,0.1484711915254593,-0.4066050946712494,0.4324381947517395,-10.580372724362714,-50.50049531287384,62.33394391406285,7.1186842918396,-1.1324702501296997,5.981524467468262,1.679203987121582,-1.0559157133102417,1.0874929428100586
2026-04-02 12:56:41.135,1542.140596314,279046794,right_foot,右脚,D4:22:CD:00:85:22,0.7909087538719177,0.14853395521640778,-0.4066210985183716,0.4325047731399536,-10.580133712171923,-50.50531567788898,62.34524319567598,7.105289459228516,-1.1231976747512817,5.987487316131592,1.6304051876068115,-1.051919937133789,1.0949076414108276
2026-04-02 12:56:41.166,1542.171484317,279080128,right_foot,右脚,D4:22:CD:00:85:22,0.790866494178772,0.14859424531459808,-0.4066069722175598,0.4325748682022095,-10.576975190369566,-50.50676636451023,62.35430273428026,7.107598781585693,-1.1278877258300781,5.971521377563477,1.7097148895263672,-0.9642412066459656,1.1041666269302368
2026-04-02 12:56:41.196,1542.201370043,279113462,right_foot,右脚,D4:22:CD:00:85:22,0.7908207774162292,0.14865131676197052,-0.40660569071769714,0.4326399564743042,-10.575301464668481,-50.509431069611274,62.3638569695335,7.109196186065674,-1.1291987895965576,5.9927239418029785,1.6620242595672607,-1.0113495588302612,1.0917893648147583
2026-04-02 12:56:41.226,1542.23130283,279146796,right_foot,右脚,D4:22:CD:00:85:22,0.7907624840736389,0.14871472120285034,-0.4066106677055359,0.4327196478843689,-10.574839282529053,-50.512970846050145,62.37648148953232,7.105984210968018,-1.1429533958435059,5.97257137298584,1.711424708366394,-1.0621778964996338,1.1519663333892822
2026-04-02 12:56:41.255,1542.26033531,279180130,right_foot,右脚,D4:22:CD:00:85:22,0.7907147407531738,0.14877499639987946,-0.40660154819488525,0.43279486894607544,-10.572718944887384,-50.51488193203783,62.386992474488224,7.108101844787598,-1.129077672958374,5.961501598358154,1.7260369062423706,-1.0202947854995728,1.1280186176300049
2026-04-02 12:56:41.286,1542.291335705,279213464,right_foot,右脚,D4:22:CD:00:85:22,0.7906709313392639,0.148821622133255,-0.4066050350666046,0.43285584449768066,-10.572551227897739,-50.51742563276301,62.39667368104311,7.106443881988525,-1.1252286434173584,5.981813907623291,1.6878612041473389,-1.0519137382507324,1.1374568939208984
2026-04-02 12:56:41.347,1542.352316642,279246798,right_foot,右脚,D4:22:CD:00:85:22,0.7906295657157898,0.14887230098247528,-0.40659692883491516,0.432921439409256,-10.570929641150663,-50.5189615034623,62.405916619712706,7.097297191619873,-1.1302623748779297,5.985539436340332,1.719115138053894,-1.0329219102859497,1.1305094957351685
2026-04-02 12:56:41.375,1542.38028195,279280132,right_foot,右脚,D4:22:CD:00:85:22,0.7905960083007812,0.1488836407661438,-0.40658000111579895,0.4329949617385864,-10.573876905278773,-50.51693324257289,62.41733435364354,7.1128010749816895,-1.1318235397338867,5.966353416442871,1.6618767976760864,-0.9517614841461182,1.2113813161849976
2026-04-02 12:56:41.406,1542.411488203,279313466,right_foot,右脚,D4:22:CD:00:85:22,0.7905849814414978,0.148885577917099,-0.40654146671295166,0.4330504834651947,-10.573923948373446,-50.512283600154625,62.42369549205204,7.109734058380127,-1.130834698677063,5.982787609100342,1.6337604522705078,-0.8667402267456055,1.1296192407608032
2026-04-02 12:56:41.436,1542.441377789,279346800,right_foot,右脚,D4:22:CD:00:85:22,0.7905662655830383,0.14890746772289276,-0.4065195918083191,0.43309760093688965,-10.572695295301108,-50.510772118294014,62.42933757831291,7.108419418334961,-1.1352801322937012,5.982341289520264,1.7179207801818848,-0.9770669937133789,1.1456305980682373
2026-04-02 12:56:41.466,1542.471280341,279380134,right_foot,右脚,D4:22:CD:00:85:22,0.7905474305152893,0.14894670248031616,-0.40651029348373413,0.43312719464302063,-10.569252200124438,-50.5119254062185,62.43228246119834,7.096806526184082,-1.1270198822021484,5.974881172180176,1.734245777130127,-1.0584193468093872,1.0875825881958008
2026-04-02 12:56:41.496,1542.501321853,279413468,right_foot,右脚,D4:22:CD:00:85:22,0.7905173301696777,0.14898091554641724,-0.4065153896808624,0.4331652522087097,-10.568865524466807,-50.51415831414094,62.43843238921497,7.096256256103516,-1.1265387535095215,5.9726338386535645,1.726594090461731,-1.1125069856643677,1.1462676525115967
2026-04-02 12:56:41.526,1542.531365134,279446802,right_foot,右脚,D4:22:CD:00:85:22,0.7905097007751465,0.14900793135166168,-0.4065018892288208,0.43318310379981995,-10.565428579388128,-50.514231168776185,62.439264594730595,7.110068321228027,-1.1242204904556274,5.978704929351807,1.6998478174209595,-1.0411691665649414,1.0600169897079468
2026-04-02 12:56:41.556,1542.561296355,279480136,right_foot,右脚,D4:22:CD:00:85:22,0.7904976010322571,0.1490122377872467,-0.40649956464767456,0.4332055151462555,-10.566565647316896,-50.513973855141984,62.44301322420509,7.096287727355957,-1.1368529796600342,5.980597972869873,1.634451985359192,-1.0521312952041626,1.1182153224945068
2026-04-02 12:56:41.585,1542.59020017,279513470,right_foot,右脚,D4:22:CD:00:85:22,0.7904914021492004,0.14900356531143188,-0.40650466084480286,0.4332153797149658,-10.56909166819675,-50.51381234996224,62.44567305550364,7.105014801025391,-1.1327087879180908,5.970374584197998,1.6363221406936646,-1.07167387008667,1.1488161087036133
2026-04-02 12:56:41.675,1542.680313509,279546804,right_foot,右脚,D4:22:CD:00:85:22,0.7904945611953735,0.1489812135696411,-0.4065018892288208,0.43321943283081055,-10.571929473815278,-50.51204118339572,62.44707964058485,7.1043701171875,-1.1249819993972778,5.970134735107422,1.6306228637695312,-1.032454252243042,1.1574218273162842
2026-04-02 12:56:41.675,1542.680399145,279580138,right_foot,右脚,D4:22:CD:00:85:22,0.7905062437057495,0.1489589810371399,-0.4064924120903015,0.43321478366851807,-10.57319669054977,-50.50967874208214,62.44618267567005,7.097599029541016,-1.1268444061279297,5.9942708015441895,1.6264032125473022,-1.0163246393203735,1.1167807579040527
2026-04-02 12:56:41.706,1542.711218158,279613472,right_foot,右脚,D4:22:CD:00:85:22,0.7905075550079346,0.14895261824131012,-0.4064808785915375,0.43322545289993286,-10.573562732790128,-50.50791848407658,62.447267025445,7.108648300170898,-1.1326438188552856,5.990235805511475,1.6551984548568726,-1.0444347858428955,1.113252878189087
2026-04-02 12:56:41.735,1542.740426673,279646806,right_foot,右脚,D4:22:CD:00:85:22,0.7905188798904419,0.14894384145736694,-0.40645816922187805,0.4332290589809418,-10.572313900013707,-50.504928230326584,62.44604655617568,7.103772163391113,-1.130373239517212,5.977092266082764,1.6812400817871094,-1.0140964984893799,1.0988200902938843
2026-04-02 12:56:41.766,1542.771510709,279680140,right_foot,右脚,D4:22:CD:00:85:22,0.790529727935791,0.1489335000514984,-0.4064297378063202,0.43323975801467896,-10.571194720295702,-50.501137210305004,62.44561716911941,7.100642204284668,-1.1401152610778809,5.9786152839660645,1.712986946105957,-1.003902554512024,1.129862666130066
2026-04-02 12:56:41.796,1542.801568617,279713474,right_foot,右脚,D4:22:CD:00:85:22,0.7905380725860596,0.14892397820949554,-0.40641018748283386,0.43324586749076843,-10.570632455432383,-50.498401330198796,62.44521267456592,7.0970139503479,-1.1243306398391724,5.963701248168945,1.6952439546585083,-1.0423729419708252,1.1196496486663818
2026-04-02 12:56:41.826,1542.831388093,279746808,right_foot,右脚,D4:22:CD:00:85:22,0.7905462384223938,0.14891301095485687,-0.4063839018344879,0.43325936794281006,-10.570093748393173,-50.49476359543316,62.44555242196194,7.097067832946777,-1.1350034475326538,5.965958595275879,1.6981316804885864,-1.0232658386230469,1.125802993774414
2026-04-02 12:56:41.856,1542.861546857,279780142,right_foot,右脚,D4:22:CD:00:85:22,0.7905595302581787,0.1489037722349167,-0.40634915232658386,0.43327102065086365,-10.568183135286985,-50.490371470509785,62.44463675164126,7.108224391937256,-1.1294792890548706,5.973440647125244,1.7349756956100464,-1.0066561698913574,1.1236069202423096
2026-04-02 12:56:41.886,1542.89154715,279813476,right_foot,右脚,D4:22:CD:00:85:22,0.7905925512313843,0.14886954426765442,-0.40632951259613037,0.43324097990989685,-10.567571567523663,-50.486513217837675,62.43854534856357,7.105399131774902,-1.122365951538086,5.994014263153076,1.6817715167999268,-1.0267236232757568,1.1079127788543701
2026-04-02 12:56:41.946,1542.951505879,279846810,right_foot,右脚,D4:22:CD:00:85:22,0.7906191349029541,0.1488393247127533,-0.40631696581840515,0.43321436643600464,-10.567593715335676,-50.4836159185214,62.43363857145656,7.107396602630615,-1.1411428451538086,5.983354091644287,1.67643141746521,-1.0654499530792236,1.112196445465088
2026-04-02 12:56:41.975,1542.980512022,279880144,right_foot,右脚,D4:22:CD:00:85:22,0.7906656861305237,0.14877359569072723,-0.40625786781311035,0.43320751190185547,-10.568308368201087,-50.47329048467774,62.42920548980708,7.105828762054443,-1.1147487163543701,5.982938766479492,1.6623121500015259,-0.8531910181045532,1.1560451984405518
2026-04-02 12:56:42.006,1543.011381152,279913478,right_foot,右脚,D4:22:CD:00:85:22,0.7907184362411499,0.14871729910373688,-0.40621456503868103,0.4331713318824768,-10.567159661393687,-50.465614825931716,62.42054027082215,7.112491607666016,-1.1321831941604614,5.971935749053955,1.6876689195632935,-0.9329041838645935,1.1165248155593872
2026-04-02 12:56:42.036,1543.041390917,279946812,right_foot,右脚,D4:22:CD:00:85:22,0.7907503247261047,0.14869408309459686,-0.40619346499443054,0.43314090371131897,-10.564970333240428,-50.46231666900748,62.4137907538326,7.111526012420654,-1.1222193241119385,5.987517356872559,1.7208245992660522,-1.0663849115371704,1.0924745798110962
2026-04-02 12:56:42.065,1543.070335377,279980146,right_foot,右脚,D4:22:CD:00:85:22,0.7907853722572327,0.1486641764640808,-0.4061865210533142,0.43309369683265686,-10.563828088515047,-50.46029559218974,62.40561900503527,7.110429763793945,-1.1243512630462646,5.989327907562256,1.7015446424484253,-1.1123852729797363,1.094619631767273
2026-04-02 12:56:42.095,1543.100398011,280013480,right_foot,右脚,D4:22:CD:00:85:22,0.7908082008361816,0.14861316978931427,-0.40617987513542175,0.43307578563690186,-10.567889123255618,-50.45656127312121,62.403733787686086,7.097168445587158,-1.1247681379318237,5.982760429382324,1.6520096063613892,-1.083910346031189,1.190142273902893
2026-04-02 12:56:42.126,1543.131543248,280046814,right_foot,右脚,D4:22:CD:00:85:22,0.7908414602279663,0.14856846630573273,-0.4061805307865143,0.4330298602581024,-10.569597223530506,-50.45436825122777,62.397146763805196,7.099526882171631,-1.1288375854492188,5.955783843994141,1.6597381830215454,-1.124807357788086,1.1291455030441284
2026-04-02 12:56:42.156,1543.161335283,280080148,right_foot,右脚,D4:22:CD:00:85:22,0.7908700108528137,0.14853106439113617,-0.406171590089798,0.4329986870288849,-10.57055189692599,-50.45144936657636,62.39205249884487,7.100697040557861,-1.1221164464950562,5.980553150177002,1.6990731954574585,-1.109241247177124,1.1454674005508423
2026-04-02 12:56:42.185,1543.190303554,280113482,right_foot,右脚,D4:22:CD:00:85:22,0.7909035682678223,0.1484774351119995,-0.40615883469581604,0.4329677224159241,-10.573104152254453,-50.447082113808555,62.38727015108484,7.092152118682861,-1.127165675163269,5.971950531005859,1.6469703912734985,-1.0706942081451416,1.1494436264038086
2026-04-02 12:56:42.246,1543.251330919,280146816,right_foot,右脚,D4:22:CD:00:85:22,0.7909519672393799,0.14841040968894958,-0.4061509668827057,0.4329099655151367,-10.575586076525818,-50.44271721776469,62.37856224386973,7.1122612953186035,-1.1252291202545166,5.9743828773498535,1.6031789779663086,-1.0682544708251953,1.1114470958709717
2026-04-02 12:56:42.276,1543.281199217,280180150,right_foot,右脚,D4:22:CD:00:85:22,0.7910128235816956,0.1483408361673355,-0.40612801909446716,0.43284404277801514,-10.575934065472975,-50.43672576596666,62.36698878828189,7.105975151062012,-1.1266472339630127,5.972427845001221,1.6287789344787598,-1.0173301696777344,1.088338017463684
2026-04-02 12:56:42.306,1543.311463568,280213484,right_foot,右脚,D4:22:CD:00:85:22,0.7910677194595337,0.1482648402452469,-0.4061015844345093,0.43279433250427246,-10.57808178901738,-50.42974441799296,62.358328264540354,7.111355304718018,-1.1321446895599365,5.984516620635986,1.6426161527633667,-1.002103328704834,1.1483869552612305
2026-04-02 12:56:42.336,1543.341547785,280246818,right_foot,右脚,D4:22:CD:00:85:22,0.7911251783370972,0.1482020914554596,-0.4060746431350708,0.4327363073825836,-10.577784931624866,-50.42366190379568,62.347527501523075,7.10123872756958,-1.130178451538086,5.984382629394531,1.6568630933761597,-1.0234578847885132,1.0937999486923218
2026-04-02 12:56:42.366,1543.37150175,280280152,right_foot,右脚,D4:22:CD:00:85:22,0.7911741137504578,0.14813636243343353,-0.40605589747428894,0.4326866865158081,-10.579558030901548,-50.41814566285947,62.33922886462923,7.107098579406738,-1.13729727268219,5.978703022003174,1.6351691484451294,-1.0499030351638794,1.1219227313995361
2026-04-02 12:56:42.396,1543.401123271,280313486,right_foot,右脚,D4:22:CD:00:85:22,0.7912257313728333,0.14806818962097168,-0.40604227781295776,0.4326286017894745,-10.581495907394052,-50.413114326806394,62.32995605024332,7.094207763671875,-1.1319679021835327,5.980246067047119,1.653917908668518,-1.0707839727401733,1.1371879577636719
2026-04-02 12:56:42.425,1543.430448147,280346820,right_foot,右脚,D4:22:CD:00:85:22,0.7912720441818237,0.14799067378044128,-0.406011700630188,0.43259891867637634,-10.585081657309198,-50.40533729154581,62.3246440782067,7.109342098236084,-1.134247064590454,5.971795082092285,1.6657508611679077,-1.0022505521774292,1.201014757156372
2026-04-02 12:56:42.456,1543.461590658,280380154,right_foot,右脚,D4:22:CD:00:85:22,0.791336715221405,0.14789237082004547,-0.40599700808525085,0.432528018951416,-10.589572589074342,-50.398437526654206,62.314145480155794,7.0943708419799805,-1.137154459953308,5.9853010177612305,1.6290351152420044,-1.0286316871643066,1.1870431900024414
2026-04-02 12:56:42.486,1543.491511555,280413488,right_foot,右脚,D4:22:CD:00:85:22,0.7914136648178101,0.14779464900493622,-0.405952513217926,0.4324626922607422,-10.590988117163922,-50.388372371189554,62.30170594038873,7.101326942443848,-1.1265568733215332,5.9724273681640625,1.606213927268982,-0.9210454821586609,1.109756588935852
2026-04-02 12:56:42.546,1543.5515144,280446822,right_foot,右脚,D4:22:CD:00:85:22,0.7914831042289734,0.1476937234401703,-0.40591493248939514,0.43240511417388916,-10.594296939845291,-50.378735736856214,62.29153347009882,7.110487937927246,-1.1280229091644287,5.958711624145508,1.6237651109695435,-0.9465622305870056,1.1676926612854004
2026-04-02 12:56:42.576,1543.581498606,280480156,right_foot,右脚,D4:22:CD:00:85:22,0.7915505170822144,0.14760945737361908,-0.405876487493515,0.4323466122150421,-10.595335514380793,-50.37008383820681,62.2804182095403,7.103303909301758,-1.132926344871521,5.976590156555176,1.6502102613449097,-0.9701834321022034,1.1279162168502808
2026-04-02 12:56:42.635,1543.640212523,280513490,right_foot,右脚,D4:22:CD:00:85:22,0.7916132211685181,0.147531658411026,-0.4058590233325958,0.43227478861808777,-10.596868188825082,-50.36422376121565,62.26865424249708,7.100226402282715,-1.1352121829986572,5.974050045013428,1.6629400253295898,-1.05781090259552,1.1337623596191406
2026-04-02 12:56:42.635,1543.640317734,280546824,right_foot,右脚,D4:22:CD:00:85:22,0.7916700839996338,0.14747126400470734,-0.40583986043930054,0.432209312915802,-10.596571311618646,-50.359216308912025,62.25718461701625,7.107863426208496,-1.1438261270523071,5.975379943847656,1.7176870107650757,-1.0844738483428955,1.1278841495513916
2026-04-02 12:56:42.666,1543.671540356,280580158,right_foot,右脚,D4:22:CD:00:85:22,0.7917267084121704,0.1473969668149948,-0.40583059191703796,0.4321397542953491,-10.598817182530437,-50.354409456428506,62.24650065401849,7.0924458503723145,-1.1329799890518188,5.977475643157959,1.6646751165390015,-1.0947829484939575,1.1443402767181396
2026-04-02 12:56:42.696,1543.701472614,280613492,right_foot,右脚,D4:22:CD:00:85:22,0.791768491268158,0.14733871817588806,-0.40582016110420227,0.4320926070213318,-10.600854842599725,-50.3502183999196,62.239190445430445,7.105350494384766,-1.1305969953536987,5.987914562225342,1.6908448934555054,-1.118116021156311,1.156262993812561
2026-04-02 12:56:42.726,1543.731152943,280646826,right_foot,右脚,D4:22:CD:00:85:22,0.7918252348899841,0.1472679227590561,-0.40580958127975464,0.43202298879623413,-10.602503213212927,-50.345497131018234,62.22821989687153,7.104370594024658,-1.137344241142273,5.9728569984436035,1.67900550365448,-1.1006674766540527,1.140184760093689
2026-04-02 12:56:42.786,1543.79119834,280680160,right_foot,右脚,D4:22:CD:00:85:22,0.7918979525566101,0.14716656506061554,-0.4057844281196594,0.4319474697113037,-10.60579771008145,-50.33738474577142,62.21601499865819,7.107181072235107,-1.1297626495361328,5.981513977050781,1.62204909324646,-1.0000863075256348,1.152241587638855
2026-04-02 12:56:42.786,1543.791304587,280713494,right_foot,右脚,D4:22:CD:00:85:22,0.7919876575469971,0.1470670849084854,-0.4057517945766449,0.43184760212898254,-10.605889851373622,-50.328924623199384,62.19850784384441,7.103579521179199,-1.1347112655639648,5.973870754241943,1.6403555870056152,-0.9786548018455505,1.090611219406128
2026-04-02 12:56:42.846,1543.851424051,280746828,right_foot,右脚,D4:22:CD:00:85:22,0.7920591235160828,0.14697524905204773,-0.40570664405822754,0.4317902624607086,-10.60722113295657,-50.31907667680513,62.187282979957295,7.10254430770874,-1.1238800287246704,5.983432292938232,1.6849478483200073,-0.9508523941040039,1.164612889289856
2026-04-02 12:56:42.906,1543.911635194,280780162,right_foot,右脚,D4:22:CD:00:85:22,0.7921283841133118,0.14689628779888153,-0.40567946434020996,0.431715726852417,-10.607557855644925,-50.31216531895367,62.17413684816794,7.098654747009277,-1.1351728439331055,5.985436916351318,1.6754132509231567,-1.0326145887374878,1.116966724395752
2026-04-02 12:56:42.906,1543.911718656,280813496,right_foot,右脚,D4:22:CD:00:85:22,0.7922044396400452,0.14681218564510345,-0.40564340353012085,0.43163859844207764,-10.607293069779967,-50.304032761866964,62.159866839002646,7.102006912231445,-1.1335943937301636,5.9834771156311035,1.6744846105575562,-0.9949252605438232,1.1075667142868042
2026-04-02 12:56:42.936,1543.941575939,280846830,right_foot,右脚,D4:22:CD:00:85:22,0.7922868728637695,0.14671240746974945,-0.4056120216846466,0.4315505027770996,-10.608604156658648,-50.2955383491482,62.144690873990484,7.102287769317627,-1.1277835369110107,5.985189914703369,1.6687060594558716,-0.9912756085395813,1.1437608003616333
2026-04-02 12:56:42.966,1543.971301009,280880164,right_foot,右脚,D4:22:CD:00:85:22,0.7923710942268372,0.14662326872348785,-0.4055835008621216,0.4314531981945038,-10.608119618007839,-50.28813932764962,62.12765532194655,7.1058349609375,-1.1238102912902832,5.96942663192749,1.640823245048523,-1.0115480422973633,1.0714017152786255
2026-04-02 12:56:42.996,1544.001630821,280913498,right_foot,右脚,D4:22:CD:00:85:22,0.7924352884292603,0.146541029214859,-0.40559205412864685,0.43135517835617065,-10.611023917706461,-50.28508524662543,62.11384962178181,7.099517345428467,-1.1070361137390137,5.9837117195129395,1.607917308807373,-1.149574875831604,1.1049031019210815
2026-04-02 12:56:43.027,1544.032329005,280946832,right_foot,右脚,D4:22:CD:00:85:22,0.7924978733062744,0.14645765721797943,-0.40555882453918457,0.4312995970249176,-10.612859001470436,-50.277015501022554,62.103803545629134,7.108336448669434,-1.1270713806152344,5.980447769165039,1.6844449043273926,-1.0092045068740845,1.1708719730377197
2026-04-02 12:56:43.056,1544.061622263,280980166,right_foot,右脚,D4:22:CD:00:85:22,0.7925922870635986,0.14632011950016022,-0.40550562739372253,0.43122291564941406,-10.617352889522985,-50.26366753034557,62.09013063015663,7.109102725982666,-1.1315611600875854,5.983452796936035,1.5762985944747925,-0.8491954803466797,1.1774767637252808
2026-04-02 12:56:43.086,1544.091454816,281013500,right_foot,右脚,D4:22:CD:00:85:22,0.792677640914917,0.14619377255439758,-0.4054744243621826,0.43113839626312256,-10.622329294422272,-50.253446692675304,62.07671519062866,7.102999210357666,-1.1410685777664185,5.965644359588623,1.5973392724990845,-0.9464853405952454,1.189674735069275
2026-04-02 12:56:43.146,1544.151635368,281046834,right_foot,右脚,D4:22:CD:00:85:22,0.7927587628364563,0.146103173494339,-0.40544164180755615,0.4310503304004669,-10.62236587030667,-50.245404619731886,62.061075711871474,7.112807273864746,-1.1392555236816406,5.963407516479492,1.6939058303833008,-1.0009828805923462,1.1341593265533447
2026-04-02 12:56:43.176,1544.181708956,281080168,right_foot,右脚,D4:22:CD:00:85:22,0.7928410172462463,0.14602527022361755,-0.40542396903038025,0.4309423267841339,-10.620845118258828,-50.24001050232983,62.042708741646514,7.101332664489746,-1.1257047653198242,5.978468894958496,1.6814066171646118,-1.0681328773498535,1.0707870721817017
2026-04-02 12:56:43.205,1544.210328341,281113502,right_foot,右脚,D4:22:CD:00:85:22,0.7929190993309021,0.14593441784381866,-0.4054158926010132,0.43083706498146057,-10.622302386722378,-50.23476584309654,62.02632404247958,7.1062750816345215,-1.120607614517212,5.980502128601074,1.6761687994003296,-1.0851653814315796,1.1397939920425415
2026-04-02 12:56:43.236,1544.241561039,281146836,right_foot,右脚,D4:22:CD:00:85:22,0.792999267578125,0.1458543837070465,-0.40540727972984314,0.4307243824005127,-10.621723360886005,-50.23026258416298,62.00810836763516,7.102721691131592,-1.1382638216018677,5.971269130706787,1.6486095190048218,-1.0931116342544556,1.0641597509384155
2026-04-02 12:56:43.296,1544.301578775,281180170,right_foot,右脚,D4:22:CD:00:85:22,0.7930677533149719,0.1457642912864685,-0.40538597106933594,0.43064913153648376,-10.624114935153028,-50.22327582605437,61.995898880601246,7.096104621887207,-1.1311581134796143,5.986079216003418,1.6462469100952148,-1.0322751998901367,1.1483230590820312
2026-04-02 12:56:43.296,1544.301726303,281213504,right_foot,右脚,D4:22:CD:00:85:22,0.7931422591209412,0.14565522968769073,-0.40536099672317505,0.4305722415447235,-10.628332724737373,-50.21472514612924,61.98382661990215,7.101236343383789,-1.1313449144363403,5.974576950073242,1.6345545053482056,-0.9924216866493225,1.1923896074295044
2026-04-02 12:56:43.325,1544.330319105,281246838,right_foot,右脚,D4:22:CD:00:85:22,0.7932144999504089,0.14555777609348297,-0.4053398370742798,0.43049195408821106,-10.631251511523306,-50.20736181616813,61.97103431994147,7.095983505249023,-1.1339918375015259,5.980624198913574,1.6584898233413696,-1.024648904800415,1.1739485263824463
2026-04-02 12:56:43.356,1544.361155168,281280172,right_foot,右脚,D4:22:CD:00:85:22,0.7933117747306824,0.1454458087682724,-0.40532544255256653,0.4303642213344574,-10.632725648033961,-50.20041276101849,61.95079732578602,7.110589027404785,-1.1386438608169556,5.987414836883545,1.6380186080932617,-1.026826024055481,1.1201043128967285
2026-04-02 12:56:43.416,1544.42165774,281313506,right_foot,右脚,D4:22:CD:00:85:22,0.793380856513977,0.14536306262016296,-0.4052935242652893,0.4302947521209717,-10.633490090208829,-50.19271766943415,61.93835121263089,7.108399868011475,-1.1304199695587158,5.984716892242432,1.683487892150879,-1.0071170330047607,1.142874002456665
2026-04-02 12:56:43.445,1544.450378935,281346840,right_foot,右脚,D4:22:CD:00:85:22,0.7934468388557434,0.14527347683906555,-0.4052816331386566,0.43021467328071594,-10.636517220391227,-50.186825660254094,61.92618017049025,7.1085920333862305,-1.1265357732772827,5.980118274688721,1.619615912437439,-1.0604747533798218,1.1374311447143555
2026-04-02 12:56:43.476,1544.481591998,281380174,right_foot,右脚,D4:22:CD:00:85:22,0.7935230135917664,0.14519110321998596,-0.4052712023258209,0.43011200428009033,-10.636887429747052,-50.18184740301383,61.90972235569381,7.104456424713135,-1.1456347703933716,5.986385345458984,1.6572219133377075,-1.0800492763519287,1.0984359979629517
2026-04-02 12:56:43.506,1544.511626866,281413508,right_foot,右脚,D4:22:CD:00:85:22,0.7935895323753357,0.1451055109500885,-0.4052504003047943,0.43003734946250916,-10.638868520124825,-50.17521539487483,61.89754809214148,7.112874984741211,-1.1446621417999268,5.975147247314453,1.6827832460403442,-1.0411242246627808,1.167186975479126
2026-04-02 12:56:43.536,1544.541430459,281446842,right_foot,右脚,D4:22:CD:00:85:22,0.7936618328094482,0.14502450823783875,-0.40520596504211426,0.4299730956554413,-10.638424491318904,-50.16624956330746,61.884778311108136,7.0985517501831055,-1.1403393745422363,5.98095178604126,1.696966290473938,-0.9620066285133362,1.1316108703613281
2026-04-02 12:56:43.566,1544.571532566,281480176,right_foot,右脚,D4:22:CD:00:85:22,0.7937377691268921,0.1449173241853714,-0.4051755666732788,0.4298979341983795,-10.641949966001324,-50.15723174479251,61.87243646433757,7.109623908996582,-1.11712646484375,5.9829421043396,1.654494285583496,-0.9714130163192749,1.195162296295166
2026-04-02 12:56:43.596,1544.601600443,281513510,right_foot,右脚,D4:22:CD:00:85:22,0.7937999367713928,0.14481225609779358,-0.4051637351512909,0.42982953786849976,-10.647941008240933,-50.150216822727636,61.863070806721915,7.104313850402832,-1.129488229751587,5.975505828857422,1.6395426988601685,-1.0383198261260986,1.2340937852859497
2026-04-02 12:56:43.626,1544.631570372,281546844,right_foot,右脚,D4:22:CD:00:85:22,0.7938820719718933,0.14467878639698029,-0.4051220118999481,0.4297622740268707,-10.654134277539901,-50.13823667514639,61.852156661347784,7.114115238189697,-1.1360691785812378,5.976630210876465,1.5967117547988892,-0.884854793548584,1.2325118780136108
2026-04-02 12:56:43.656,1544.661413605,281580178,right_foot,右脚,D4:22:CD:00:85:22,0.7939709424972534,0.14455778896808624,-0.40507349371910095,0.4296845495700836,-10.657102264761923,-50.126481563557306,61.83817454274045,7.103544235229492,-1.1460137367248535,5.974404335021973,1.6070784330368042,-0.8764026165008545,1.160226583480835
2026-04-02 12:56:43.686,1544.691407031,281613512,right_foot,右脚,D4:22:CD:00:85:22,0.7940332293510437,0.1444888859987259,-0.4050423204898834,0.42962178587913513,-10.656822768526618,-50.119667717389454,61.82650081776115,7.093131065368652,-1.134455680847168,5.978486061096191,1.6853830814361572,-1.0173814296722412,1.1161279678344727
2026-04-02 12:56:43.745,1544.750435549,281646846,right_foot,右脚,D4:22:CD:00:85:22,0.7941058278083801,0.1444598287343979,-0.40500664710998535,0.4295309782028198,-10.648650301283755,-50.11528590534221,61.80763491910929,7.09420108795166,-1.1336491107940674,5.981991767883301,1.8013638257980347,-1.0693880319595337,1.00437331199646
2026-04-02 12:56:43.775,1544.780430293,281680180,right_foot,右脚,D4:22:CD:00:85:22,0.7941673994064331,0.1444077044725418,-0.40499207377433777,0.4294484257698059,-10.646500037654151,-50.11154140420829,61.79326444440814,7.096017837524414,-1.127406358718872,5.985833644866943,1.6892504692077637,-1.0979397296905518,1.0576220750808716
2026-04-02 12:56:43.805,1544.810481043,281713514,right_foot,右脚,D4:22:CD:00:85:22,0.7942425608634949,0.14432759582996368,-0.4049944579601288,0.42933419346809387,-10.647121469362519,-50.10821979693972,61.775889585241934,7.101336479187012,-1.133396863937378,5.979614734649658,1.6954106092453003,-1.1237894296646118,1.1300548315048218
2026-04-02 12:56:43.836,1544.841490397,281746848,right_foot,右脚,D4:22:CD:00:85:22,0.7943097949028015,0.1442517787218094,-0.4050094485282898,0.4292212724685669,-10.64876831204191,-50.10647791933169,61.7598014861713,7.1031365394592285,-1.1287239789962769,5.993916988372803,1.6535016298294067,-1.1672477722167969,1.1124205589294434
2026-04-02 12:56:43.866,1544.871576113,281780182,right_foot,右脚,D4:22:CD:00:85:22,0.794380784034729,0.1441609114408493,-0.4049946963787079,0.4291342496871948,-10.6510857689734,-50.100316583988906,61.74619356354434,7.105679988861084,-1.1329162120819092,5.971816539764404,1.6755156517028809,-1.0423409938812256,1.172347903251648
2026-04-02 12:56:43.895,1544.900432035,281813516,right_foot,右脚,D4:22:CD:00:85:22,0.794463574886322,0.1440606266260147,-0.40497109293937683,0.4290369153022766,-10.652693765820407,-50.09276473362112,61.730231368979354,7.103784084320068,-1.1324628591537476,5.98047399520874,1.6233617067337036,-0.9883813261985779,1.1200529336929321
2026-04-02 12:56:43.956,1544.961329259,281846850,right_foot,右脚,D4:22:CD:00:85:22,0.7945287823677063,0.14397859573364258,-0.4049525558948517,0.4289611876010895,-10.654430443002251,-50.08661749097284,61.717962730585,7.104111194610596,-1.1329667568206787,5.980888843536377,1.6694519519805908,-1.0361617803573608,1.1538106203079224
2026-04-02 12:56:43.956,1544.96145106,281880184,right_foot,右脚,D4:22:CD:00:85:22,0.794610321521759,0.14390675723552704,-0.40491971373558044,0.4288654625415802,-10.651549411075813,-50.07987805455245,61.700237800604505,7.105151653289795,-1.1419260501861572,5.985622406005859,1.6798890829086304,-0.9972881078720093,1.0519360303878784
2026-04-02 12:56:44.016,1545.021166903,281913518,right_foot,右脚,D4:22:CD:00:85:22,0.7946935892105103,0.14380209147930145,-0.4049038290977478,0.4287610948085785,-10.654015449469458,-50.072959728734304,61.68393901864396,7.111129283905029,-1.1304584741592407,5.978450775146484,1.617803692817688,-1.0058300495147705,1.1344857215881348
2026-04-02 12:56:44.046,1545.051494409,281946852,right_foot,右脚,D4:22:CD:00:85:22,0.7947707176208496,0.14372505247592926,-0.4048832058906555,0.4286634027957916,-10.653038952045286,-50.06720652179204,61.667269709010505,7.103061676025391,-1.1323471069335938,5.975102424621582,1.688597321510315,-1.0334149599075317,1.1012598276138306
2026-04-02 12:56:44.076,1545.081484029,281980186,right_foot,右脚,D4:22:CD:00:85:22,0.7948403358459473,0.14365504682064056,-0.40487122535705566,0.4285692274570465,-10.652469308135679,-50.06275838775843,61.651785585635196,7.10697078704834,-1.1283286809921265,5.982224941253662,1.6962813138961792,-1.0736204385757446,1.1115241050720215
2026-04-02 12:56:44.135,1545.140243318,282013520,right_foot,右脚,D4:22:CD:00:85:22,0.7948964238166809,0.14359475672245026,-0.40484315156936646,0.42851167917251587,-10.651947285558876,-50.05675569261947,61.64105422104568,7.10518217086792,-1.1239304542541504,5.9827494621276855,1.7103683948516846,-1.0280876159667969,1.1326929330825806
2026-04-02 12:56:44.135,1545.140320986,282046854,right_foot,右脚,D4:22:CD:00:85:22,0.794971227645874,0.14351792633533478,-0.40480947494506836,0.4284307658672333,-10.650868520679992,-50.04941614173196,61.62617363520221,7.1008100509643555,-1.1281154155731201,5.996128559112549,1.7246090173721313,-0.9876450300216675,1.1404216289520264
2026-04-02 12:56:44.166,1545.171615436,282080188,right_foot,右脚,D4:22:CD:00:85:22,0.7950338125228882,0.14342817664146423,-0.40480396151542664,0.42834973335266113,-10.654645385201935,-50.04422852446202,61.61454185989665,7.0983405113220215,-1.1377415657043457,5.997585296630859,1.6074305772781372,-1.0547758340835571,1.151972770690918
2026-04-02 12:56:44.196,1545.201210726,282113522,right_foot,右脚,D4:22:CD:00:85:22,0.7950953245162964,0.1433257758617401,-0.4047869145870209,0.4282858371734619,-10.66013631838429,-50.03679880445784,61.60544021482426,7.106325149536133,-1.1362229585647583,5.971342086791992,1.574486255645752,-0.9906544089317322,1.179986596107483
2026-04-02 12:56:44.225,1545.230301272,282146856,right_foot,右脚,D4:22:CD:00:85:22,0.7951738834381104,0.14322075247764587,-0.40473389625549316,0.4282253086566925,-10.662116568519052,-50.02537552252909,61.59358677144608,7.102171421051025,-1.1431071758270264,5.983916282653809,1.6745103597640991,-0.8702811598777771,1.198607087135315
2026-04-02 12:56:44.256,1545.261569534,282180190,right_foot,右脚,D4:22:CD:00:85:22,0.7952669858932495,0.14312142133712769,-0.404701292514801,0.4281163513660431,-10.661640986714234,-50.01710845104086,61.57465370143713,7.103254318237305,-1.1403934955596924,5.980090618133545,1.6813486814498901,-0.9516463279724121,1.126180648803711
2026-04-02 12:56:44.285,1545.290400925,282213524,right_foot,右脚,D4:22:CD:00:85:22,0.7953230738639832,0.1430608481168747,-0.40468981862068176,0.42804327607154846,-10.661754643046935,-50.013038361381966,61.56270885164407,7.102148532867432,-1.132544994354248,5.984856605529785,1.6971583366394043,-1.0788711309432983,1.129510760307312
2026-04-02 12:56:44.346,1545.351426791,282246858,right_foot,右脚,D4:22:CD:00:85:22,0.7954075932502747,0.14298701286315918,-0.404677152633667,0.4279230833053589,-10.659415793592855,-50.00862764970055,61.54260077631478,7.109495162963867,-1.133737325668335,5.977776050567627,1.6645917892456055,-1.0510427951812744,1.0451421737670898
2026-04-02 12:56:44.376,1545.381488384,282280192,right_foot,右脚,D4:22:CD:00:85:22,0.7954584360122681,0.14292530715465546,-0.4046790301799774,0.4278471767902374,-10.660972449519065,-50.0059334947122,61.53148936082581,7.094620227813721,-1.1310471296310425,5.975715160369873,1.69275963306427,-1.1220731735229492,1.155104160308838
2026-04-02 12:56:44.406,1545.411705129,282313526,right_foot,右脚,D4:22:CD:00:85:22,0.7955116033554077,0.14285102486610413,-0.4046840965747833,0.4277682602405548,-10.664214893655288,-50.00281613021474,61.520645584212716,7.097322940826416,-1.1261813640594482,6.0063042640686035,1.6795369386672974,-1.1142997741699219,1.189322590827942
2026-04-02 12:56:44.436,1545.441491403,282346860,right_foot,右脚,D4:22:CD:00:85:22,0.7955856323242188,0.14278928935527802,-0.40470191836357117,0.42763441801071167,-10.662705595952609,-50.002563565351885,61.5005050210967,7.107072353363037,-1.1389219760894775,5.982030868530273,1.7303780317306519,-1.1843953132629395,1.0998766422271729
2026-04-02 12:56:44.467,1545.472352701,282380194,right_foot,右脚,D4:22:CD:00:85:22,0.7956420183181763,0.14272986352443695,-0.4047031104564667,0.4275481104850769,-10.66302210901722,-50.00008025273028,61.48734055416239,7.107303619384766,-1.1266213655471802,5.979674339294434,1.7320047616958618,-1.1256591081619263,1.1580750942230225
2026-04-02 12:56:44.496,1545.501391726,282413528,right_foot,右脚,D4:22:CD:00:85:22,0.7956998348236084,0.14267539978027344,-0.4046846330165863,0.42747607827186584,-10.661673157310506,-49.9956530010498,61.47468357066374,7.111215114593506,-1.1186182498931885,5.969536781311035,1.6987016201019287,-1.0533607006072998,1.1002352237701416
2026-04-02 12:56:44.526,1545.531712654,282446862,right_foot,右脚,D4:22:CD:00:85:22,0.7957703471183777,0.1426011025905609,-0.4046543538570404,0.4273984134197235,-10.660985991279768,-49.988800847098474,61.46067128621018,7.1142144203186035,-1.1244564056396484,5.972426891326904,1.6920806169509888,-0.9820806980133057,1.1263986825942993
2026-04-02 12:56:44.556,1545.561680476,282480196,right_foot,右脚,D4:22:CD:00:85:22,0.7958698868751526,0.14250501990318298,-0.4046473801136017,0.42725181579589844,-10.65989049017949,-49.98394119409425,61.437247748296144,7.101832866668701,-1.1317405700683594,5.980052471160889,1.6459330320358276,-1.0303477048873901,1.070236325263977
2026-04-02 12:56:44.587,1545.59237788,282513530,right_foot,右脚,D4:22:CD:00:85:22,0.795929491519928,0.1424385905265808,-0.40464600920677185,0.4271639585494995,-10.660677139548694,-49.980772301351465,61.423861524093134,7.098046779632568,-1.1374666690826416,5.975350856781006,1.6859464645385742,-1.0931949615478516,1.1390129327774048
2026-04-02 12:56:44.646,1545.651306684,282546864,right_foot,右脚,D4:22:CD:00:85:22,0.796013355255127,0.14236116409301758,-0.4046350419521332,0.4270438253879547,-10.659026582147868,-49.97632529245419,61.404124302847045,7.113505840301514,-1.130720853805542,5.971281051635742,1.7005647420883179,-1.0447803735733032,1.098743200302124
2026-04-02 12:56:44.676,1545.681470507,282580198,right_foot,右脚,D4:22:CD:00:85:22,0.7960991263389587,0.14228315651416779,-0.4046059548854828,0.42693763971328735,-10.656555159272537,-49.969746702916844,61.385206165123684,7.099801063537598,-1.1260690689086914,5.975749492645264,1.7405526638031006,-0.9827913641929626,1.123984694480896
2026-04-02 12:56:44.707,1545.712214324,282613532,right_foot,右脚,D4:22:CD:00:85:22,0.7961774468421936,0.1422003209590912,-0.4046003818511963,0.4268243610858917,-10.656786420066044,-49.96543694461679,61.36746778675311,7.1094889640808105,-1.118228554725647,5.969239711761475,1.6541354656219482,-1.047373652458191,1.1080597639083862
2026-04-02 12:56:44.736,1545.741576768,282646866,right_foot,右脚,D4:22:CD:00:85:22,0.7962275147438049,0.1421169936656952,-0.40459445118904114,0.4267643392086029,-10.661521710965653,-49.96034896827377,61.35940157499619,7.102712631225586,-1.124139428138733,5.983155727386475,1.6384093761444092,-1.0406441688537598,1.2106900215148926
2026-04-02 12:56:44.766,1545.771628166,282680200,right_foot,右脚,D4:22:CD:00:85:22,0.7963320016860962,0.14198610186576843,-0.40456703305244446,0.42663896083831787,-10.66428325510879,-49.950867746567845,61.3393442001647,7.099630832672119,-1.1276614665985107,5.9695515632629395,1.6265184879302979,-0.8994155526161194,1.1795063018798828
2026-04-02 12:56:44.796,1545.801229351,282713534,right_foot,右脚,D4:22:CD:00:85:22,0.7963992357254028,0.141901433467865,-0.4045267701148987,0.42657989263534546,-10.665358270287276,-49.94207120865469,61.328219767971945,7.10195255279541,-1.1387763023376465,5.967807292938232,1.6709821224212646,-0.9162688255310059,1.1688963174819946
2026-04-02 12:56:44.826,1545.831481926,282746868,right_foot,右脚,D4:22:CD:00:85:22,0.7964749932289124,0.14182230830192566,-0.404503732919693,0.426486611366272,-10.66482858899053,-49.9358949664854,61.31230497840696,7.102818012237549,-1.136829137802124,5.970008373260498,1.7166881561279297,-0.9915764331817627,1.153266191482544
2026-04-02 12:56:44.856,1545.861329343,282780202,right_foot,右脚,D4:22:CD:00:85:22,0.7965384125709534,0.1417633444070816,-0.4044852554798126,0.4264051020145416,-10.66328457857478,-49.931318655746765,61.298151783195365,7.105413436889648,-1.1332664489746094,5.967686653137207,1.7145942449569702,-1.0316476821899414,1.1171460151672363
2026-04-02 12:56:44.886,1545.891512378,282813536,right_foot,右脚,D4:22:CD:00:85:22,0.796586811542511,0.14171195030212402,-0.4044828712940216,0.4263341724872589,-10.663504000733719,-49.9287666337833,61.28713718549412,7.100414752960205,-1.132838249206543,5.982426643371582,1.6428658962249756,-1.086401104927063,1.0889527797698975
2026-04-02 12:56:44.946,1545.95142483,282846870,right_foot,右脚,D4:22:CD:00:85:22,0.7966597676277161,0.14162851870059967,-0.4044966399669647,0.4262125790119171,-10.665332539535598,-49.92657006180553,61.26978224387647,7.115852355957031,-1.129859209060669,5.974976062774658,1.6465351581573486,-1.1045541763305664,1.1334869861602783
2026-04-02 12:56:44.976,1545.981659905,282880204,right_foot,右脚,D4:22:CD:00:85:22,0.7967365384101868,0.14153924584388733,-0.4044988751411438,0.4260965883731842,-10.667058720155593,-49.9227199932727,61.25259051975862,7.098829746246338,-1.1284594535827637,5.977228164672852,1.6659621000289917,-1.0560756921768188,1.156205415725708
2026-04-02 12:56:45.006,1546.011609202,282913538,right_foot,右脚,D4:22:CD:00:85:22,0.7967897653579712,0.1414673775434494,-0.40450409054756165,0.4260161221027374,-10.66991918415163,-49.919806262889615,61.24141796664141,7.110281944274902,-1.1329352855682373,5.974334716796875,1.6709437370300293,-1.0885142087936401,1.1827529668807983
2026-04-02 12:56:45.036,1546.041336379,282946872,right_foot,右脚,D4:22:CD:00:85:22,0.7968512773513794,0.14140033721923828,-0.4044898748397827,0.42593657970428467,-10.670053564529823,-49.91514775973244,61.228378199610205,7.1085429191589355,-1.1380773782730103,5.9658403396606445,1.674830675125122,-1.0230865478515625,1.1289150714874268
2026-04-02 12:56:45.066,1546.07155811,282980206,right_foot,右脚,D4:22:CD:00:85:22,0.796908974647522,0.14134183526039124,-0.40449345111846924,0.425844669342041,-10.670094684180453,-49.91306057217777,61.21443139036306,7.096108913421631,-1.1265778541564941,5.966769695281982,1.6604043245315552,-1.0945460796356201,1.101246953010559
2026-04-02 12:56:45.096,1546.101518645,283013540,right_foot,右脚,D4:22:CD:00:85:22,0.7969730496406555,0.141257181763649,-0.4044865369796753,0.42575934529304504,-10.67278692404426,-49.9081360339726,61.2017607743429,7.102159023284912,-1.1374835968017578,5.9709672927856445,1.609870433807373,-1.0137122869491577,1.1400885581970215
2026-04-02 12:56:45.126,1546.131594475,283046874,right_foot,右脚,D4:22:CD:00:85:22,0.7970442771911621,0.14118769764900208,-0.4044748544692993,0.42566028237342834,-10.671875544538354,-49.9038452110121,61.18550990496933,7.109246730804443,-1.1356178522109985,5.966092109680176,1.6687794923782349,-1.023144245147705,1.0965853929519653
2026-04-02 12:56:45.156,1546.161228788,283080208,right_foot,右脚,D4:22:CD:00:85:22,0.7971190810203552,0.1411040872335434,-0.40447312593460083,0.4255494773387909,-10.672894421515542,-49.89987432904571,61.16867292196568,7.112699508666992,-1.130425214767456,5.982285976409912,1.6971391439437866,-1.044402837753296,1.1670844554901123
2026-04-02 12:56:45.186,1546.191380501,283113542,right_foot,右脚,D4:22:CD:00:85:22,0.797174870967865,0.1410313993692398,-0.40447378158569336,0.4254683554172516,-10.675303600011233,-49.89644826286424,61.15700558706078,7.106435775756836,-1.1301863193511963,5.982289791107178,1.652438759803772,-1.0583937168121338,1.1612447500228882
2026-04-02 12:56:45.246,1546.251557787,283146876,right_foot,右脚,D4:22:CD:00:85:22,0.7972385287284851,0.14096631109714508,-0.4044709801673889,0.4253731966018677,-10.67519059000583,-49.89332487078987,61.142151277449436,7.100393295288086,-1.134329915046692,5.978002548217773,1.707397222518921,-1.0633177757263184,1.1437705755233765
2026-04-02 12:56:45.277,1546.282369996,283180210,right_foot,右脚,D4:22:CD:00:85:22,0.7973138093948364,0.14087225496768951,-0.4044663906097412,0.4252678155899048,-10.677653514545728,-49.88832103837661,61.12645293377544,7.1088337898254395,-1.1154990196228027,5.980562210083008,1.6291502714157104,-1.0064319372177124,1.153490424156189
2026-04-02 12:56:45.306,1546.311603293,283213544,right_foot,右脚,D4:22:CD:00:85:22,0.7973766326904297,0.14082689583301544,-0.4044336676597595,0.4251960515975952,-10.67363183383881,-49.88297808191811,61.112184968139445,7.1054511070251465,-1.1337531805038452,5.972790241241455,1.7191340923309326,-0.978610098361969,1.0680785179138184
2026-04-02 12:56:45.336,1546.34160605,283246878,right_foot,右脚,D4:22:CD:00:85:22,0.7974820137023926,0.14071929454803467,-0.4043915569782257,0.42507392168045044,-10.672156946627195,-49.8734022114254,61.09045606825541,7.099885940551758,-1.1267812252044678,5.970621585845947,1.6519070863723755,-0.8540875315666199,1.1016823053359985
2026-04-02 12:56:45.366,1546.371534283,283280212,right_foot,右脚,D4:22:CD:00:85:22,0.7975637316703796,0.1406293660402298,-0.40437865257263184,0.4249630272388458,-10.6727035764665,-49.86785538856791,61.07280030042943,7.10099458694458,-1.142867088317871,5.985698223114014,1.6383002996444702,-0.9791927933692932,1.1186507940292358
2026-04-02 12:56:45.396,1546.401182442,283313546,right_foot,右脚,D4:22:CD:00:85:22,0.7976487278938293,0.14055375754833221,-0.4043734669685364,0.4248334467411041,-10.67077404735048,-49.86427925995313,61.05192312779232,7.09781551361084,-1.1288917064666748,5.973387718200684,1.6931308507919312,-1.0338311195373535,1.0927114486694336
2026-04-02 12:56:45.426,1546.431559588,283346880,right_foot,右脚,D4:22:CD:00:85:22,0.7976862192153931,0.14052356779575348,-0.40438082814216614,0.4247659742832184,-10.669757709469353,-49.86405575801858,61.04163622857318,7.113368988037109,-1.1349984407424927,5.958942413330078,1.7195183038711548,-1.1390031576156616,1.1168514490127563
2026-04-02 12:56:45.456,1546.461531139,283380214,right_foot,右脚,D4:22:CD:00:85:22,0.7977443337440491,0.1404549777507782,-0.4043906331062317,0.4246702194213867,-10.67147889225052,-49.86205123737363,61.02803435756794,7.101007461547852,-1.1225216388702393,5.984103679656982,1.6881555318832397,-1.092785120010376,1.1711888313293457
2026-04-02 12:56:45.486,1546.491501849,283413548,right_foot,右脚,D4:22:CD:00:85:22,0.7977952361106873,0.14041444659233093,-0.4043940305709839,0.42458468675613403,-10.669805080825231,-49.86100153239238,61.01452582160021,7.093076705932617,-1.1269625425338745,5.983192443847656,1.7410203218460083,-1.1123534440994263,1.1250091791152954
2026-04-02 12:56:45.546,1546.551563314,283446882,right_foot,右脚,D4:22:CD:00:85:22,0.7978417873382568,0.1403506100177765,-0.4043939709663391,0.424518346786499,-10.672278193462523,-49.857867907570395,61.00512945972951,7.108187675476074,-1.1176812648773193,5.973796844482422,1.643608570098877,-1.0537641048431396,1.15669846534729
2026-04-02 12:56:45.606,1546.611545755,283480216,right_foot,右脚,D4:22:CD:00:85:22,0.7978966236114502,0.14028199017047882,-0.4043962061405182,0.42443570494651794,-10.674252849181153,-49.854895180865526,60.99319996219873,7.108966827392578,-1.1366548538208008,5.990487098693848,1.6857609748840332,-1.0620179176330566,1.182010293006897
2026-04-02 12:56:45.606,1546.61162513,283513550,right_foot,右脚,D4:22:CD:00:85:22,0.7979401350021362,0.1402299851179123,-0.4043959379196167,0.42437127232551575,-10.675377248686727,-49.85245955060646,60.9836463606142,7.1015424728393555,-1.137921690940857,5.972696304321289,1.65768301486969,-1.0684019327163696,1.133896827697754
2026-04-02 12:56:45.635,1546.640371518,283546884,right_foot,右脚,D4:22:CD:00:85:22,0.798011839389801,0.1401815414428711,-0.40438470244407654,0.4242631494998932,-10.671157513457796,-49.84967154551189,60.96498317641464,7.1060404777526855,-1.1323407888412476,5.970923900604248,1.731396198272705,-1.0434998273849487,1.0648322105407715
2026-04-02 12:56:45.666,1546.671614559,283580218,right_foot,右脚,D4:22:CD:00:85:22,0.798071026802063,0.14014025032520294,-0.40438371896743774,0.42416635155677795,-10.668147999011204,-49.84826348593471,60.94905602568076,7.111170768737793,-1.1249531507492065,5.978062629699707,1.6913765668869019,-1.0819573402404785,1.0536842346191406
2026-04-02 12:56:45.696,1546.701632274,283613552,right_foot,右脚,D4:22:CD:00:85:22,0.7981284856796265,0.1400962918996811,-0.40437397360801697,0.42408207058906555,-10.66553026311722,-49.84559697970892,60.93467421768637,7.114864826202393,-1.1335302591323853,5.970428466796875,1.769418478012085,-1.0579519271850586,1.1366691589355469
2026-04-02 12:56:45.726,1546.731340636,283646886,right_foot,右脚,D4:22:CD:00:85:22,0.7981843948364258,0.1400359570980072,-0.40436679124832153,0.4240036904811859,-10.665757663694418,-49.84209415095199,60.92228201382159,7.1163835525512695,-1.1178122758865356,5.998425483703613,1.693886399269104,-1.033447027206421,1.1488673686981201
2026-04-02 12:56:45.756,1546.761349612,283680220,right_foot,右脚,D4:22:CD:00:85:22,0.7982614040374756,0.13994227349758148,-0.4043639302253723,0.42389214038848877,-10.667909093163454,-49.83740230806814,60.90568650479033,7.115593910217285,-1.1326953172683716,5.9758782386779785,1.6525988578796387,-1.0002785921096802,1.1716244220733643
2026-04-02 12:56:45.786,1546.791530467,283713554,right_foot,右脚,D4:22:CD:00:85:22,0.798307478427887,0.13987813889980316,-0.40434014797210693,0.42384934425354004,-10.669716522528502,-49.83143890440899,60.89832453054876,7.099611282348633,-1.1332082748413086,5.972925662994385,1.6792871952056885,-0.9634602069854736,1.189380168914795
2026-04-02 12:56:45.876,1546.881108929,283746888,right_foot,右脚,D4:22:CD:00:85:22,0.7983767986297607,0.13979355990886688,-0.40434789657592773,0.4237392246723175,-10.672040913120492,-49.82841688366456,60.8826170778411,7.113582134246826,-1.1388713121414185,5.996702194213867,1.6367125511169434,-1.0457473993301392,1.1527092456817627
2026-04-02 12:56:45.876,1546.881201457,283780222,right_foot,右脚,D4:22:CD:00:85:22,0.7984532713890076,0.13970288634300232,-0.40435677766799927,0.4236166179180145,-10.6742170050733,-49.82529740163535,60.8650059739611,7.101094722747803,-1.1254714727401733,5.982566833496094,1.6649823188781738,-1.0459778308868408,1.1734297275543213
2026-04-02 12:56:45.906,1546.911144697,283813556,right_foot,右脚,D4:22:CD:00:85:22,0.7985155582427979,0.13960692286491394,-0.40432989597320557,0.42355647683143616,-10.678244151953804,-49.81724819065482,60.8555403953566,7.106987476348877,-1.1301177740097046,5.9615559577941895,1.615018367767334,-0.9001967310905457,1.2048438787460327
2026-04-02 12:56:45.936,1546.941180175,283846890,right_foot,右脚,D4:22:CD:00:85:22,0.7986089587211609,0.13950484991073608,-0.40430736541748047,0.42343586683273315,-10.678476964677952,-49.81007278884714,60.83577988883866,7.099503993988037,-1.1405352354049683,5.965606212615967,1.6818163394927979,-0.9173957109451294,1.162448525428772
2026-04-02 12:56:45.965,1546.970080697,283880224,right_foot,右脚,D4:22:CD:00:85:22,0.7986757159233093,0.1394374519586563,-0.40430426597595215,0.42333492636680603,-10.678195970524179,-49.80686922741283,60.820015574110236,7.112971782684326,-1.1382633447647095,5.984768867492676,1.7283868789672852,-1.0384670495986938,1.166117548942566
2026-04-02 12:56:45.995,1547.000105485,283913558,right_foot,右脚,D4:22:CD:00:85:22,0.798711359500885,0.13938024640083313,-0.4043315052986145,0.4232605993747711,-10.682267928602963,-49.80714561813576,60.81150886865456,7.107634544372559,-1.128382921218872,5.973837375640869,1.594214677810669,-1.138395071029663,1.1417597532272339
2026-04-02 12:56:46.026,1547.031210645,283946892,right_foot,右脚,D4:22:CD:00:85:22,0.7987727522850037,0.13931600749492645,-0.4043383002281189,0.4231594502925873,-10.68268449527571,-49.80518353939224,60.79650675890449,7.100538730621338,-1.120287537574768,5.988597393035889,1.6788965463638306,-1.068203330039978,1.1355807781219482
2026-04-02 12:56:46.056,1547.061306741,283980226,right_foot,右脚,D4:22:CD:00:85:22,0.7988040447235107,0.13929550349712372,-0.4043426811695099,0.4231026768684387,-10.681031983919896,-49.80512186916037,60.78751050986808,7.10201358795166,-1.1410939693450928,5.989485263824463,1.731658935546875,-1.1217724084854126,1.1158846616744995
2026-04-02 12:56:46.085,1547.09030761,284013560,right_foot,右脚,D4:22:CD:00:85:22,0.7988483905792236,0.13923972845077515,-0.4043675661087036,0.42301344871520996,-10.683421941876663,-49.80544323777075,60.77603691087306,7.099415302276611,-1.1344670057296753,5.974289417266846,1.6581119298934937,-1.1402134895324707,1.1546303033828735
2026-04-02 12:56:46.145,1547.150193643,284046894,right_foot,右脚,D4:22:CD:00:85:22,0.798896849155426,0.13920018076896667,-0.40434813499450684,0.42295366525650024,-10.68122380373636,-49.80170997951971,60.76501378062764,7.104617595672607,-1.1316416263580322,5.983211994171143,1.685594081878662,-1.0022120475769043,1.0847138166427612
2026-04-02 12:56:46.177,1547.182063561,284080228,right_foot,右脚,D4:22:CD:00:85:22,0.7989682555198669,0.13913434743881226,-0.4043581485748291,0.422830730676651,-10.680397868691696,-49.800283352649394,60.74645769969147,7.104222774505615,-1.1378792524337769,5.966830730438232,1.7104836702346802,-1.0801581144332886,1.1284605264663696
2026-04-02 12:56:46.206,1547.211238902,284113562,right_foot,右脚,D4:22:CD:00:85:22,0.7990233302116394,0.13907583057880402,-0.40433886647224426,0.42276445031166077,-10.680070108917617,-49.79546672349179,60.735066528858745,7.100440979003906,-1.1336579322814941,5.977725982666016,1.6699832677841187,-0.9750051498413086,1.125124216079712
2026-04-02 12:56:46.266,1547.271125443,284146896,right_foot,右脚,D4:22:CD:00:85:22,0.7990791201591492,0.13902521133422852,-0.40431925654411316,0.4226944148540497,-10.678401906015308,-49.79116160000984,60.72264433047935,7.109223365783691,-1.1289494037628174,5.963964939117432,1.7181769609451294,-0.9902448058128357,1.131108283996582
2026-04-02 12:56:46.266,1547.271211234,284180230,right_foot,右脚,D4:22:CD:00:85:22,0.7991688847541809,0.13892748951911926,-0.40431642532348633,0.42255935072898865,-10.679146983044491,-49.78654979217914,60.70201536177133,7.106159210205078,-1.133932113647461,5.984543800354004,1.6418094635009766,-0.9800892472267151,1.1297667026519775
2026-04-02 12:56:46.295,1547.300350306,284213564,right_foot,右脚,D4:22:CD:00:85:22,0.7992047071456909,0.13889798521995544,-0.40431633591651917,0.4225015938282013,-10.678037232436873,-49.785458925288665,60.692778521840104,7.100671291351318,-1.1389127969741821,5.992372989654541,1.6666792631149292,-1.077289342880249,1.081192135810852
2026-04-02 12:56:46.326,1547.33133852,284246898,right_foot,右脚,D4:22:CD:00:85:22,0.7992499470710754,0.1388610303401947,-0.40431922674179077,0.4224252998828888,-10.67666626842425,-49.784469101883005,60.680795983704144,7.1056365966796875,-1.1234660148620605,5.97812557220459,1.6799852848052979,-1.0811506509780884,1.08702552318573
2026-04-02 12:56:46.356,1547.361537468,284280232,right_foot,右脚,D4:22:CD:00:85:22,0.7993080615997314,0.13879923522472382,-0.4043097496032715,0.42234477400779724,-10.676679904928816,-49.78067494673939,60.66790587475446,7.111167907714844,-1.1358174085617065,5.981991291046143,1.7043043375015259,-1.0081158876419067,1.1589715480804443
2026-04-02 12:56:46.386,1547.391474429,284313566,right_foot,右脚,D4:22:CD:00:85:22,0.7993581891059875,0.13874275982379913,-0.4042973518371582,0.4222800135612488,-10.677019464728787,-49.77670328331233,60.65738810987617,7.10239839553833,-1.1225502490997314,5.979631423950195,1.6730761528015137,-0.9983319640159607,1.1415613889694214
2026-04-02 12:56:46.446,1547.451279448,284346900,right_foot,右脚,D4:22:CD:00:85:22,0.7994207143783569,0.13867998123168945,-0.4042888581752777,0.42219075560569763,-10.67653678101615,-49.77306289037898,60.643044556648604,7.102559566497803,-1.1322779655456543,5.976386547088623,1.6539369821548462,-1.0010212659835815,1.105139970779419
2026-04-02 12:56:46.476,1547.48146701,284380234,right_foot,右脚,D4:22:CD:00:85:22,0.7994751930236816,0.1386025995016098,-0.4042539894580841,0.42214635014533997,-10.678677723520886,-49.76513885893512,60.63494473145391,7.101917743682861,-1.12895929813385,5.988305568695068,1.686715006828308,-0.8909699320793152,1.2203717231750488
2026-04-02 12:56:46.506,1547.511539091,284413568,right_foot,右脚,D4:22:CD:00:85:22,0.7995325922966003,0.1385335624217987,-0.4042375087738037,0.42207586765289307,-10.679669454519388,-49.76002749986655,60.623531694697164,7.103271961212158,-1.1450644731521606,5.97476863861084,1.6509977579116821,-0.9625315070152283,1.1468437910079956
2026-04-02 12:56:46.536,1547.541527302,284446902,right_foot,右脚,D4:22:CD:00:85:22,0.7995694279670715,0.1385054588317871,-0.40422603487968445,0.42202654480934143,-10.677813087921516,-49.75771144037494,60.614694445421435,7.094869136810303,-1.1355196237564087,5.974221229553223,1.7029470205307007,-1.0382940769195557,1.1023675203323364
2026-04-02 12:56:46.566,1547.57135513,284480236,right_foot,右脚,D4:22:CD:00:85:22,0.7995980978012085,0.13846705853939056,-0.40423497557640076,0.4219762682914734,-10.679476041173189,-49.75692528003806,60.608050141341494,7.105306148529053,-1.1311898231506348,5.971302032470703,1.6951032876968384,-1.0982214212417603,1.1750754117965698
2026-04-02 12:56:46.596,1547.601426321,284513570,right_foot,右脚,D4:22:CD:00:85:22,0.799632728099823,0.13844162225723267,-0.40422752499580383,0.4219261109828949,-10.677674246970772,-49.75521692858311,60.59934447461509,7.111111640930176,-1.1202309131622314,5.985370635986328,1.699175477027893,-1.0543724298477173,1.0975972414016724
2026-04-02 12:56:46.626,1547.631597235,284546904,right_foot,右脚,D4:22:CD:00:85:22,0.7996732592582703,0.13840989768505096,-0.4042304456233978,0.42185676097869873,-10.676237539718603,-49.75446836227279,60.588417736380784,7.092636585235596,-1.1284681558609009,5.9879560470581055,1.7316718101501465,-1.0888152122497559,1.129030466079712
2026-04-02 12:56:46.656,1547.661651497,284580238,right_foot,右脚,D4:22:CD:00:85:22,0.799719512462616,0.13836319744586945,-0.40423157811164856,0.42178332805633545,-10.676145754440284,-49.75264774039712,60.577201475513306,7.09507942199707,-1.1212292909622192,5.9707231521606445,1.7010774612426758,-1.058669090270996,1.1448653936386108
2026-04-02 12:56:46.686,1547.691301292,284613572,right_foot,右脚,D4:22:CD:00:85:22,0.7997403144836426,0.1383180022239685,-0.40424326062202454,0.4217475950717926,-10.680183205814274,-49.75153388644345,60.57372431385077,7.093575477600098,-1.1264536380767822,5.963369369506836,1.6469000577926636,-1.0893018245697021,1.1978580951690674
2026-04-02 12:56:46.746,1547.75146569,284646906,right_foot,右脚,D4:22:CD:00:85:22,0.7997824549674988,0.13827185332775116,-0.40424519777297974,0.4216809570789337,-10.680679393626088,-49.74974369576887,60.56379103827233,7.101895332336426,-1.1444801092147827,5.972301959991455,1.6524066925048828,-1.0529061555862427,1.1186891794204712
2026-04-02 12:56:46.776,1547.781499449,284680240,right_foot,右脚,D4:22:CD:00:85:22,0.7998512387275696,0.13821429014205933,-0.4042358994483948,0.42157816886901855,-10.678352517530943,-49.74653713417013,60.54675189382934,7.101150989532471,-1.125083565711975,5.9787750244140625,1.7046695947647095,-1.0055867433547974,1.1008883714675903
2026-04-02 12:56:46.836,1547.841412993,284713574,right_foot,右脚,D4:22:CD:00:85:22,0.7998825311660767,0.13820013403892517,-0.40422189235687256,0.4215368628501892,-10.675132758139013,-49.74472304363981,60.5385630667712,7.110515117645264,-1.1334564685821533,5.96604585647583,1.7159775495529175,-1.0429877042770386,1.0776000022888184
2026-04-02 12:56:46.836,1547.841519797,284746908,right_foot,右脚,D4:22:CD:00:85:22,0.799934983253479,0.13815531134605408,-0.40420952439308167,0.4214640259742737,-10.673341399799265,-49.741584918937846,60.526105755449564,7.111222743988037,-1.1315580606460571,5.981372833251953,1.6888086795806885,-1.0058300495147705,1.0989352464675903
2026-04-02 12:56:46.866,1547.871555579,284780242,right_foot,右脚,D4:22:CD:00:85:22,0.7999895215034485,0.13809877634048462,-0.40421053767204285,0.4213782250881195,-10.673452152452352,-49.739301957762855,60.513056591704796,7.098163604736328,-1.1293917894363403,5.982107639312744,1.685402274131775,-1.0391842126846313,1.1410553455352783
2026-04-02 12:56:46.896,1547.901614358,284813576,right_foot,右脚,D4:22:CD:00:85:22,0.8000372648239136,0.13805966079235077,-0.40420064330101013,0.42130956053733826,-10.671580746081927,-49.73673531213376,60.50137333586759,7.10512638092041,-1.1220964193344116,5.981969833374023,1.7049769163131714,-1.023547649383545,1.108418583869934
2026-04-02 12:56:46.926,1547.931155022,284846910,right_foot,右脚,D4:22:CD:00:85:22,0.8000567555427551,0.13803713023662567,-0.4041861295700073,0.4212937653064728,-10.671486640617822,-49.73400889488895,60.498098520527584,7.106319904327393,-1.128913402557373,5.963768482208252,1.705572485923767,-1.0260320901870728,1.1532343626022339
2026-04-02 12:56:46.956,1547.96130656,284880244,right_foot,右脚,D4:22:CD:00:85:22,0.8001081943511963,0.13797031342983246,-0.4041799008846283,0.4212241470813751,-10.673430345636154,-49.73010578517817,60.48771956429573,7.108719825744629,-1.1209917068481445,5.975009918212891,1.6713857650756836,-0.9954057335853577,1.1856664419174194
2026-04-02 12:56:46.986,1547.991286458,284913578,right_foot,右脚,D4:22:CD:00:85:22,0.8001468777656555,0.13793286681175232,-0.4041752219200134,0.421167254447937,-10.672909983383498,-49.72803564146093,60.47857870566036,7.10120153427124,-1.1334564685821533,5.985944747924805,1.674728274345398,-1.0371288061141968,1.113771677017212
2026-04-02 12:56:47.046,1548.051299853,284946912,right_foot,右脚,D4:22:CD:00:85:22,0.8002073764801025,0.13785021007061005,-0.4041615426540375,0.42109254002571106,-10.675602241301066,-49.722430581758424,60.46725035998963,7.10318660736084,-1.1281927824020386,5.96492862701416,1.597057580947876,-0.935792088508606,1.1510188579559326
2026-04-02 12:56:47.076,1548.081441206,284980246,right_foot,右脚,D4:22:CD:00:85:22,0.8002505898475647,0.13780048489570618,-0.40414151549339294,0.42104583978652954,-10.675758844115924,-49.71783781167812,60.45901576778493,7.101718902587891,-1.1295348405838013,5.972552299499512,1.6751378774642944,-0.9649648666381836,1.1461331844329834
2026-04-02 12:56:47.106,1548.111570859,285013580,right_foot,右脚,D4:22:CD:00:85:22,0.8002639412879944,0.13779360055923462,-0.4041171967983246,0.42104634642601013,-10.67393873292631,-49.71482723610893,60.457094755732086,7.1069793701171875,-1.1350294351577759,5.980252265930176,1.7216825485229492,-1.008180022239685,1.1260849237442017
2026-04-02 12:56:47.136,1548.141556365,285046914,right_foot,右脚,D4:22:CD:00:85:22,0.8002943992614746,0.13775984942913055,-0.4041302800178528,0.4209868907928467,-10.674729173041245,-49.71489683896856,60.449006351687984,7.1050591468811035,-1.1363437175750732,5.977687358856201,1.6739214658737183,-1.1033375263214111,1.1366181373596191
2026-04-02 12:56:47.166,1548.171560862,285080248,right_foot,右脚,D4:22:CD:00:85:22,0.8003286123275757,0.13771015405654907,-0.40415430068969727,0.42091500759124756,-10.677725066620425,-49.71529425234834,60.44036847224741,7.106746196746826,-1.132372260093689,5.968413352966309,1.6342664957046509,-1.1166369915008545,1.1568777561187744
2026-04-02 12:56:47.196,1548.201476047,285113582,right_foot,右脚,D4:22:CD:00:85:22,0.8003392219543457,0.13770125806331635,-0.40416082739830017,0.4208914041519165,-10.67762142809568,-49.715744454779056,60.43709799099493,7.091889381408691,-1.128882646560669,5.990437984466553,1.7018711566925049,-1.1131409406661987,1.1341849565505981
2026-04-02 12:56:47.226,1548.231610952,285146916,right_foot,右脚,D4:22:CD:00:85:22,0.8003584146499634,0.13768945634365082,-0.40417176485061646,0.4208482503890991,-10.67675409268109,-49.71673802678486,60.430833780272685,7.105733394622803,-1.129077672958374,5.9874653816223145,1.6954103708267212,-1.1245514154434204,1.1064079999923706
2026-04-02 12:56:47.256,1548.261544717,285180250,right_foot,右脚,D4:22:CD:00:85:22,0.8003851771354675,0.13764658570289612,-0.40416786074638367,0.4208151698112488,-10.67898169552861,-49.71409418650487,60.426284548754616,7.099312782287598,-1.1302061080932617,5.981150150299072,1.6502807140350342,-1.0239893198013306,1.166629672050476
2026-04-02 12:56:47.286,1548.29141907,285213584,right_foot,右脚,D4:22:CD:00:85:22,0.8004194498062134,0.1375982016324997,-0.40416014194488525,0.42077332735061646,-10.680749942279396,-49.71081924943692,60.42002388987551,7.1107072830200195,-1.1202030181884766,5.976204872131348,1.6548398733139038,-1.0035121440887451,1.1619619131088257
2026-04-02 12:56:47.346,1548.351588185,285246918,right_foot,右脚,D4:22:CD:00:85:22,0.8004674911499023,0.13754503428936005,-0.4041586220264435,0.4207007884979248,-10.681272283527427,-49.708311171024356,60.409014157912594,7.109139442443848,-1.1319074630737305,5.986453056335449,1.667729377746582,-1.0221644639968872,1.1390832662582397
2026-04-02 12:56:47.376,1548.381571178,285280252,right_foot,右脚,D4:22:CD:00:85:22,0.8005012273788452,0.13752023875713348,-0.40416833758354187,0.4206351339817047,-10.680048766485612,-49.70867013137291,60.399130750790725,7.104518890380859,-1.130515694618225,5.977514743804932,1.6902368068695068,-1.1011735200881958,1.0982950925827026
2026-04-02 12:56:47.406,1548.411396575,285313586,right_foot,右脚,D4:22:CD:00:85:22,0.8005194664001465,0.13749538362026215,-0.40416109561920166,0.42061546444892883,-10.680745807461227,-49.70661966958033,60.395941954743385,7.112458229064941,-1.1286567449569702,5.979658126831055,1.6880849599838257,-1.0381724834442139,1.1585360765457153
2026-04-02 12:56:47.436,1548.441637126,285346920,right_foot,右脚,D4:22:CD:00:85:22,0.8005480766296387,0.13747316598892212,-0.4041615426540375,0.4205680787563324,-10.67966385781123,-49.70590837704672,60.388354886383915,7.105449199676514,-1.1243230104446411,5.972883224487305,1.7509900331497192,-1.079127311706543,1.160201072692871
2026-04-02 12:56:47.466,1548.471531684,285380254,right_foot,右脚,D4:22:CD:00:85:22,0.800586998462677,0.1374255120754242,-0.40415099263191223,0.4205198287963867,-10.680495092774175,-49.70246575539014,60.38064601947967,7.0981621742248535,-1.1224735975265503,5.997539043426514,1.6625940799713135,-0.992933988571167,1.1504234075546265
2026-04-02 12:56:47.494,1548.499864186,285413588,right_foot,右脚,D4:22:CD:00:85:22,0.800618588924408,0.13738477230072021,-0.4041505455970764,0.42047321796417236,-10.68172888973542,-49.70050621922099,60.37390892334901,7.112180709838867,-1.1284528970718384,5.976995468139648,1.668145775794983,-1.0390434265136719,1.1557700634002686
2026-04-02 12:56:47.526,1548.531461449,285446922,right_foot,右脚,D4:22:CD:00:85:22,0.800636887550354,0.1373494416475296,-0.4041604995727539,0.4204404056072235,-10.684580500879921,-49.69979476463027,60.370398795754824,7.106426239013672,-1.1396551132202148,5.982417583465576,1.624059796333313,-1.0758230686187744,1.1520367860794067
2026-04-02 12:56:47.556,1548.561462595,285480256,right_foot,右脚,D4:22:CD:00:85:22,0.8006747364997864,0.1373002529144287,-0.4041275680065155,0.4204159677028656,-10.685085192473542,-49.693579986840234,60.364958298836605,7.108925819396973,-1.126010537147522,5.985754489898682,1.6670633554458618,-0.9086297750473022,1.1593748331069946
2026-04-02 12:56:47.586,1548.591534541,285513590,right_foot,右脚,D4:22:CD:00:85:22,0.8007214069366455,0.13724277913570404,-0.404087632894516,0.4203839600086212,-10.68523205885307,-49.68621403179283,60.35785189630823,7.101102352142334,-1.1366634368896484,5.97435188293457,1.6911647319793701,-0.876600980758667,1.1782194375991821
2026-04-02 12:56:47.646,1548.651420262,285546924,right_foot,右脚,D4:22:CD:00:85:22,0.8007422089576721,0.1372305452823639,-0.4040590226650238,0.4203762710094452,-10.682930623924122,-49.68252252396501,60.35427293568028,7.103195667266846,-1.138810396194458,5.97866153717041,1.7607803344726562,-0.983649492263794,1.1531959772109985
2026-04-02 12:56:47.676,1548.681544616,285580258,right_foot,右脚,D4:22:CD:00:85:22,0.800771951675415,0.1371946781873703,-0.40406039357185364,0.42032986879348755,-10.68377111471998,-49.68105514639025,60.3475409703361,7.106656551361084,-1.1317284107208252,5.9681549072265625,1.6676461696624756,-1.0490578413009644,1.141900658607483
2026-04-02 12:56:47.706,1548.711404399,285613592,right_foot,右脚,D4:22:CD:00:85:22,0.8007837533950806,0.13718295097351074,-0.40407437086105347,0.42029765248298645,-10.684147514557578,-49.68223320193432,60.34354055820982,7.106096267700195,-1.1292469501495361,5.979336738586426,1.673178791999817,-1.124480962753296,1.1218140125274658
2026-04-02 12:56:47.736,1548.74133392,285646926,right_foot,右脚,D4:22:CD:00:85:22,0.8007822036743164,0.13717389106750488,-0.40408700704574585,0.42029130458831787,-10.686180242333373,-49.683091973436426,60.343964447242044,7.0993452072143555,-1.1311007738113403,5.991377353668213,1.7045797109603882,-1.1277529001235962,1.1905903816223145
2026-04-02 12:56:47.766,1548.771427821,285680260,right_foot,右脚,D4:22:CD:00:85:22,0.8008020520210266,0.13716240227222443,-0.40409860014915466,0.4202463626861572,-10.685195272376735,-49.68419416215978,60.33741927276817,7.098381996154785,-1.1310070753097534,6.000389575958252,1.703702688217163,-1.1204404830932617,1.1136947870254517
2026-04-02 12:56:47.796,1548.801353718,285713594,right_foot,右脚,D4:22:CD:00:85:22,0.8008068799972534,0.13714589178562164,-0.4041321873664856,0.42021024227142334,-10.68804019190065,-49.68719782936815,60.334748997562855,7.105710029602051,-1.1347615718841553,5.9752044677734375,1.6753684282302856,-1.1897674798965454,1.1747617721557617
2026-04-02 12:56:47.826,1548.831510362,285746928,right_foot,右脚,D4:22:CD:00:85:22,0.800831139087677,0.13711215555667877,-0.40412434935569763,0.42018255591392517,-10.689130694863517,-49.6846393145396,60.33043257261812,7.11508846282959,-1.1267815828323364,5.980062961578369,1.615159273147583,-1.007507562637329,1.1112935543060303
2026-04-02 12:56:47.856,1548.862038606,285780262,right_foot,右脚,D4:22:CD:00:85:22,0.8008634448051453,0.13708901405334473,-0.40408971905708313,0.4201619327068329,-10.686473496996921,-49.67981149369622,60.32443092747787,7.110114574432373,-1.136055588722229,5.989326000213623,1.7162845134735107,-0.9388207197189331,1.1176390647888184
2026-04-02 12:56:47.886,1548.89157403,285813596,right_foot,右脚,D4:22:CD:00:85:22,0.8008880019187927,0.1370444893836975,-0.4040747880935669,0.42014387249946594,-10.68893609536902,-49.67570766165795,60.32164150638943,7.107208728790283,-1.132046103477478,5.988519668579102,1.6574779748916626,-0.974172830581665,1.190756916999817
2026-04-02 12:56:47.946,1548.951518568,285846930,right_foot,右脚,D4:22:CD:00:85:22,0.8009043335914612,0.13699871301651,-0.4040631949901581,0.42013898491859436,-10.693012654128848,-49.67169850287782,60.32157696448034,7.098484516143799,-1.12801992893219,5.97629976272583,1.6355022192001343,-0.9812737703323364,1.2115094661712646
2026-04-02 12:56:47.977,1548.982265172,285880264,right_foot,右脚,D4:22:CD:00:85:22,0.8009186387062073,0.1369888186454773,-0.4040771424770355,0.4201013445854187,-10.692707447363073,-49.67306115962584,60.31652397417785,7.098741054534912,-1.1237527132034302,5.971182346343994,1.7252875566482544,-1.1322927474975586,1.1474330425262451
2026-04-02 12:56:48.006,1549.0114804,285913598,right_foot,右脚,D4:22:CD:00:85:22,0.8009167909622192,0.13701187074184418,-0.4040551781654358,0.4201183319091797,-10.6887542108054,-49.671949054630026,60.31657040591309,7.107746601104736,-1.1330492496490479,5.973128318786621,1.7994364500045776,-1.052874207496643,1.1316875219345093
2026-04-02 12:56:48.036,1549.041519964,285946932,right_foot,右脚,D4:22:CD:00:85:22,0.8009511828422546,0.13698706030845642,-0.4040493071079254,0.4200664460659027,-10.686936795819916,-49.670475856740715,60.30771064462262,7.100351333618164,-1.123519778251648,5.988053798675537,1.6823030710220337,-1.034055233001709,1.0914307832717896
2026-04-02 12:56:48.066,1549.071607151,285980266,right_foot,右脚,D4:22:CD:00:85:22,0.8009793162345886,0.13696980476379395,-0.40403813123703003,0.4200294315814972,-10.68479695324964,-49.66870807421014,60.300704377103536,7.106323719024658,-1.12537682056427,5.985118389129639,1.7203378677368164,-1.0290863513946533,1.1163071393966675
2026-04-02 12:56:48.096,1549.101305376,286013600,right_foot,右脚,D4:22:CD:00:85:22,0.8009951710700989,0.13694217801094055,-0.40402594208717346,0.4200200140476227,-10.686143466301901,-49.665826005360486,60.29901552258268,7.099360466003418,-1.1314829587936401,5.995045185089111,1.6686835289001465,-1.0042484998703003,1.1660469770431519
2026-04-02 12:56:48.126,1549.131360828,286046934,right_foot,右脚,D4:22:CD:00:85:22,0.8010590672492981,0.13685381412506104,-0.4039812386035919,0.4199698865413666,-10.688166662771707,-49.65627573223212,60.28949166158494,7.096619606018066,-1.1314923763275146,5.9733405113220215,1.6079877614974976,-0.8015238642692566,1.1718034744262695
2026-04-02 12:56:48.156,1549.161749902,286080268,right_foot,右脚,D4:22:CD:00:85:22,0.8010851144790649,0.13682213425636292,-0.40397337079048157,0.4199381470680237,-10.68866183581105,-49.65389586673041,60.28435886282939,7.099972248077393,-1.1328856945037842,5.986977577209473,1.6667306423187256,-1.0143141746520996,1.1406008005142212
2026-04-02 12:56:48.186,1549.191588625,286113602,right_foot,右脚,D4:22:CD:00:85:22,0.8010948300361633,0.13681934773921967,-0.4039730131626129,0.4199208915233612,-10.68754544952826,-49.65391334411054,60.281333082499195,7.10714864730835,-1.129729151725769,5.974828720092773,1.7373191118240356,-1.0881685018539429,1.1467798948287964
2026-04-02 12:56:48.246,1549.251358354,286146936,right_foot,右脚,D4:22:CD:00:85:22,0.8011125326156616,0.1368476003408432,-0.4039587676525116,0.41989120841026306,-10.679942992175247,-49.654563205737716,60.27349336214005,7.1117377281188965,-1.1354970932006836,5.983349800109863,1.8399814367294312,-1.0919526815414429,1.0669130086898804
2026-04-02 12:56:48.276,1549.281509443,286180270,right_foot,右脚,D4:22:CD:00:85:22,0.8011167049407959,0.13684223592281342,-0.4039653539657593,0.4198787808418274,-10.680323717048067,-49.655088907634024,60.27209031498379,7.106692314147949,-1.1141738891601562,5.986053943634033,1.7154715061187744,-1.1058412790298462,1.1630696058273315
2026-04-02 12:56:48.306,1549.311554648,286213604,right_foot,右脚,D4:22:CD:00:85:22,0.8011375665664673,0.13681785762310028,-0.4039667546749115,0.41984549164772034,-10.680806851705615,-49.6541658091616,60.267248341357444,7.0964765548706055,-1.1247433423995972,5.985139846801758,1.662325382232666,-1.0548336505889893,1.1291841268539429
2026-04-02 12:56:48.336,1549.341366561,286246938,right_foot,右脚,D4:22:CD:00:85:22,0.8011446595191956,0.13680459558963776,-0.4039846658706665,0.41981902718544006,-10.682290454220384,-49.65558743857309,60.26471357132168,7.110687255859375,-1.1292603015899658,5.976935386657715,1.6691254377365112,-1.1290143728256226,1.1490466594696045
2026-04-02 12:56:48.366,1549.371504613,286280272,right_foot,右脚,D4:22:CD:00:85:22,0.8011482954025269,0.1367935687303543,-0.4040249288082123,0.41977718472480774,-10.68470534253176,-49.659710481419076,60.26139628139109,7.1081647872924805,-1.1334693431854248,5.983144760131836,1.6590659618377686,-1.2115960121154785,1.1491554975509644
2026-04-02 12:56:48.396,1549.401555349,286313606,right_foot,右脚,D4:22:CD:00:85:22,0.8011639714241028,0.1367596536874771,-0.40402793884277344,0.4197554290294647,-10.68752478120002,-49.65821110896304,60.259176554380325,7.107477188110352,-1.1309607028961182,5.9852118492126465,1.6367381811141968,-1.0441081523895264,1.1721045970916748
2026-04-02 12:56:48.426,1549.43159096,286346940,right_foot,右脚,D4:22:CD:00:85:22,0.8011983633041382,0.13673625886440277,-0.4040135145187378,0.41971150040626526,-10.685231234220852,-49.655811526725714,60.25088416337603,7.100736618041992,-1.1380665302276611,5.980483055114746,1.6946548223495483,-1.0020840167999268,1.097277045249939
2026-04-02 12:56:48.456,1549.461442715,286380274,right_foot,右脚,D4:22:CD:00:85:22,0.8012195229530334,0.1367105394601822,-0.40400874614715576,0.4196838438510895,-10.685666602830597,-49.654081569031796,60.24654313419351,7.105412483215332,-1.1292635202407837,5.980711936950684,1.6505495309829712,-1.0274791717529297,1.1230241060256958
2026-04-02 12:56:48.486,1549.491547274,286413608,right_foot,右脚,D4:22:CD:00:85:22,0.8012337684631348,0.13670165836811066,-0.40399670600891113,0.4196711480617523,-10.684395357314518,-49.65242484008665,60.24350099046469,7.096009731292725,-1.13531494140625,5.989203929901123,1.7028894424438477,-1.0295026302337646,1.1240167617797852
2026-04-02 12:56:48.576,1549.581443289,286446942,right_foot,右脚,D4:22:CD:00:85:22,0.8012441992759705,0.13668465614318848,-0.4039883017539978,0.41966474056243896,-10.685079371293423,-49.65056777781452,60.24227690369005,7.106192588806152,-1.1205092668533325,5.988804340362549,1.6923178434371948,-1.0308088064193726,1.1665722131729126
2026-04-02 12:56:48.576,1549.58156019,286480276,right_foot,右脚,D4:22:CD:00:85:22,0.8012713193893433,0.1366674304008484,-0.403967022895813,0.41963911056518555,-10.682762027737438,-49.64758664752534,60.236389271884576,7.10853385925293,-1.1327686309814453,5.965367794036865,1.720299482345581,-0.9878050088882446,1.1222877502441406
2026-04-02 12:56:48.606,1549.611601533,286513610,right_foot,右脚,D4:22:CD:00:85:22,0.8013030886650085,0.1366477608680725,-0.4039466679096222,0.41960451006889343,-10.680115176791722,-49.64467025075564,60.2290757921773,7.094825267791748,-1.1330024003982544,5.964937686920166,1.6724483966827393,-0.9800122976303101,1.0722339153289795
2026-04-02 12:56:48.636,1549.641612392,286546944,right_foot,右脚,D4:22:CD:00:85:22,0.8013273477554321,0.13661877810955048,-0.403940886259079,0.41957327723503113,-10.68054741748372,-49.64267206566394,60.22411979564612,7.095421314239502,-1.1292273998260498,5.9747467041015625,1.6675053834915161,-1.0203012228012085,1.1394227743148804
2026-04-02 12:56:48.668,1549.673296932,286580278,right_foot,右脚,D4:22:CD:00:85:22,0.8013566732406616,0.13658644258975983,-0.4039415419101715,0.41952720284461975,-10.680895227987317,-49.6413445224313,60.21723706198827,7.093005180358887,-1.1258479356765747,5.970245838165283,1.6590211391448975,-1.03817880153656,1.1271926164627075
2026-04-02 12:56:48.696,1549.701587401,286613612,right_foot,右脚,D4:22:CD:00:85:22,0.8013810515403748,0.13653184473514557,-0.4039081037044525,0.4195304811000824,-10.684341617557951,-49.63437858274704,60.21698828628288,7.116525650024414,-1.1339311599731445,5.972707748413086,1.6312376260757446,-0.881550669670105,1.214333415031433
2026-04-02 12:56:48.726,1549.731607455,286646946,right_foot,右脚,D4:22:CD:00:85:22,0.8013936877250671,0.1365027129650116,-0.40389296412467957,0.41953036189079285,-10.686326299785959,-49.630971879485585,60.216770520482974,7.095753192901611,-1.1321605443954468,5.975974082946777,1.6822069883346558,-0.9863963723182678,1.1992411613464355
2026-04-02 12:56:48.756,1549.761592806,286680280,right_foot,右脚,D4:22:CD:00:85:22,0.8014234304428101,0.1365116685628891,-0.40386635065078735,0.4194962978363037,-10.67941451075613,-49.6291631478767,60.20777728455178,7.1068220138549805,-1.1318250894546509,5.9688568115234375,1.772639274597168,-1.006310224533081,1.042216181755066
2026-04-02 12:56:48.786,1549.791444947,286713614,right_foot,右脚,D4:22:CD:00:85:22,0.8014516234397888,0.1364765465259552,-0.40387028455734253,0.41944998502731323,-10.680465219985386,-49.62801557299943,60.2012823474269,7.110864639282227,-1.1369799375534058,5.968245029449463,1.6347532272338867,-1.0410537719726562,1.1234147548675537
2026-04-02 12:56:48.846,1549.851608968,286746948,right_foot,右脚,D4:22:CD:00:85:22,0.8014816641807556,0.1364576518535614,-0.40387001633644104,0.41939908266067505,-10.678614229191506,-49.62748761824314,60.19288314006459,7.096996784210205,-1.1137615442276,5.982539176940918,1.7087419033050537,-1.0568184852600098,1.1091804504394531
2026-04-02 12:56:48.876,1549.881509941,286780282,right_foot,右脚,D4:22:CD:00:85:22,0.801494300365448,0.13641944527626038,-0.4038713574409485,0.4193860590457916,-10.682515085829168,-49.62543236194631,60.19226236657929,7.101678371429443,-1.13121497631073,5.967399597167969,1.6748243570327759,-1.0332037210464478,1.2335172891616821
2026-04-02 12:56:48.906,1549.911231752,286813616,right_foot,右脚,D4:22:CD:00:85:22,0.8014930486679077,0.13642379641532898,-0.40387478470802307,0.4193834066390991,-10.682136405932221,-49.626106237926756,60.19193821725365,7.102310657501221,-1.1358455419540405,5.983788013458252,1.7189358472824097,-1.099604606628418,1.146306037902832
2026-04-02 12:56:48.936,1549.941497102,286846950,right_foot,右脚,D4:22:CD:00:85:22,0.8015108704566956,0.13640981912612915,-0.403875470161438,0.4193533957004547,-10.68149505901508,-49.62570630786902,60.18717921439781,7.108262538909912,-1.131559133529663,5.979419231414795,1.6790376901626587,-1.0607885122299194,1.1143606901168823
2026-04-02 12:56:48.966,1549.971653849,286880284,right_foot,右脚,D4:22:CD:00:85:22,0.8015307188034058,0.13640300929546356,-0.4038650095462799,0.4193277955055237,-10.67907485123884,-49.62451558268343,60.181878711694786,7.111472129821777,-1.133325457572937,5.9611053466796875,1.7138581275939941,-1.0339847803115845,1.1038529872894287
2026-04-02 12:56:48.996,1550.001526192,286913618,right_foot,右脚,D4:22:CD:00:85:22,0.8015589118003845,0.13638116419315338,-0.4038468897342682,0.41929829120635986,-10.67738547270511,-49.62163793426575,60.175799343466295,7.0948286056518555,-1.1358788013458252,5.982562065124512,1.6704570055007935,-0.9801148772239685,1.0950101613998413
2026-04-02 12:56:49.026,1550.031315325,286946952,right_foot,右脚,D4:22:CD:00:85:22,0.8015705347061157,0.1363615244626999,-0.40383464097976685,0.4192942976951599,-10.678172919045311,-49.61917630389304,60.174756474746395,7.097079277038574,-1.1083447933197021,5.9892964363098145,1.6854791641235352,-1.0061118602752686,1.1660600900650024
2026-04-02 12:56:49.056,1550.061560296,286980286,right_foot,右脚,D4:22:CD:00:85:22,0.8015964031219482,0.1363351196050644,-0.40382030606269836,0.4192672073841095,-10.677677560521387,-49.61638174777888,60.16964997639722,7.106376647949219,-1.1266202926635742,5.997175693511963,1.6815732717514038,-0.9896684885025024,1.133941650390625
2026-04-02 12:56:49.086,1550.091631234,287013620,right_foot,右脚,D4:22:CD:00:85:22,0.8016087412834167,0.13630588352680206,-0.40382692217826843,0.4192470908164978,-10.680437817552656,-49.61552884151331,60.167855659870824,7.112349987030029,-1.1310560703277588,5.983827114105225,1.630760669708252,-1.05461585521698,1.1620033979415894
2026-04-02 12:56:49.146,1550.151372092,287046954,right_foot,右脚,D4:22:CD:00:85:22,0.8016034960746765,0.13629966974258423,-0.40382900834083557,0.41925695538520813,-10.682274212895218,-49.61523691709155,60.1700924628358,7.10549259185791,-1.1181366443634033,5.977789878845215,1.6834238767623901,-1.0745041370391846,1.1787253618240356
2026-04-02 12:56:49.176,1550.181591635,287080288,right_foot,右脚,D4:22:CD:00:85:22,0.8016278743743896,0.13628438115119934,-0.40380603075027466,0.41923749446868896,-10.680041163747319,-49.612114955784364,60.16508412624039,7.101607322692871,-1.1303702592849731,5.97274112701416,1.6921380758285522,-0.973154604434967,1.102738857269287
2026-04-02 12:56:49.206,1550.211425062,287113622,right_foot,右脚,D4:22:CD:00:85:22,0.8016558289527893,0.13625475764274597,-0.4037953019142151,0.4192039668560028,-10.679823597346424,-49.60958805333315,60.15929239829797,7.100220203399658,-1.132780909538269,5.983155250549316,1.6388638019561768,-0.9919029474258423,1.1045572757720947
2026-04-02 12:56:49.236,1550.241512208,287146956,right_foot,右脚,D4:22:CD:00:85:22,0.8016751408576965,0.13623057305812836,-0.40379759669303894,0.4191727936267853,-10.680558527244827,-49.60874236451112,60.154905907882785,7.103089809417725,-1.1375656127929688,5.976280689239502,1.645484447479248,-1.045939326286316,1.1245990991592407
2026-04-02 12:56:49.266,1550.271439362,287180290,right_foot,右脚,D4:22:CD:00:85:22,0.8017123341560364,0.13617944717407227,-0.403744101524353,0.41916990280151367,-10.68082754336146,-49.599949759851754,60.15152811098888,7.096467018127441,-1.1238206624984741,5.962721824645996,1.68719482421875,-0.8155596256256104,1.1891367435455322
2026-04-02 12:56:49.296,1550.301486204,287213624,right_foot,右脚,D4:22:CD:00:85:22,0.8017411828041077,0.1361447274684906,-0.40372583270072937,0.41914331912994385,-10.680996755848454,-49.59622234140938,60.146507800155874,7.095806121826172,-1.1259125471115112,5.998314380645752,1.667306661605835,-0.9611548781394958,1.1451148986816406
2026-04-02 12:56:49.326,1550.331471651,287246958,right_foot,右脚,D4:22:CD:00:85:22,0.8017511367797852,0.1361376792192459,-0.4037128686904907,0.41913914680480957,-10.680099314946771,-49.59446740722167,60.14483917123772,7.102962493896484,-1.132417917251587,5.9673895835876465,1.6990858316421509,-1.0190974473953247,1.1330643892288208
2026-04-02 12:56:49.356,1550.361299462,287280292,right_foot,右脚,D4:22:CD:00:85:22,0.8017640709877014,0.13613097369670868,-0.40370798110961914,0.4191210865974426,-10.678918592796625,-49.593777773564014,60.14142563099542,7.105642318725586,-1.133606195449829,5.9799113273620605,1.7104769945144653,-1.0505625009536743,1.1306054592132568
2026-04-02 12:56:49.386,1550.391274492,287313626,right_foot,右脚,D4:22:CD:00:85:22,0.8017714619636536,0.13611547648906708,-0.403713583946228,0.4191068708896637,-10.680319319019297,-49.59359290203374,60.14002686628371,7.100329875946045,-1.1236439943313599,5.98850679397583,1.6907232999801636,-1.0741838216781616,1.1760872602462769
2026-04-02 12:56:49.446,1550.451386682,287346960,right_foot,右脚,D4:22:CD:00:85:22,0.801765501499176,0.13611754775047302,-0.40371909737586975,0.41911226511001587,-10.681116182117778,-49.594233631923544,60.14142533602018,7.107880115509033,-1.1268529891967773,5.982412815093994,1.6945843696594238,-1.0959995985031128,1.1585745811462402
2026-04-02 12:56:49.477,1550.482211905,287380294,right_foot,右脚,D4:22:CD:00:85:22,0.8017702102661133,0.13611562550067902,-0.40373629331588745,0.41908738017082214,-10.681216147949655,-49.5962622604948,60.138631844886255,7.109511852264404,-1.1257261037826538,5.99448823928833,1.691465973854065,-1.133163571357727,1.131130576133728
2026-04-02 12:56:49.506,1550.511294146,287413628,right_foot,右脚,D4:22:CD:00:85:22,0.8017745614051819,0.13611191511154175,-0.4037359058856964,0.4190806448459625,-10.68108595771348,-49.59608032681123,60.13753931461873,7.103310585021973,-1.1328967809677124,5.963885307312012,1.6950966119766235,-1.067217230796814,1.140991449356079
2026-04-02 12:56:49.536,1550.541441389,287446962,right_foot,右脚,D4:22:CD:00:85:22,0.8017844557762146,0.13610242307186127,-0.40374326705932617,0.41905757784843445,-10.681203999401239,-49.596578904188156,60.134480766815706,7.098555564880371,-1.1331549882888794,5.98151969909668,1.6832443475723267,-1.0861387252807617,1.1329299211502075
2026-04-02 12:56:49.566,1550.57162615,287480296,right_foot,右脚,D4:22:CD:00:85:22,0.8018012046813965,0.13611473143100739,-0.4037269651889801,0.4190373420715332,-10.676164411622047,-49.595882722098544,60.12880333562961,7.119984149932861,-1.1211289167404175,5.969265937805176,1.7383885383605957,-1.0352014303207397,1.0577245950698853
2026-04-02 12:56:49.596,1550.6013661,287513630,right_foot,右脚,D4:22:CD:00:85:22,0.8018341660499573,0.13608881831169128,-0.403713196516037,0.4189958870410919,-10.674490671056324,-49.59337014516491,60.121153124611794,7.10250186920166,-1.1335488557815552,5.968175888061523,1.6724803447723389,-0.9864986538887024,1.09834623336792
2026-04-02 12:56:49.626,1550.631498548,287546964,right_foot,右脚,D4:22:CD:00:85:22,0.8018473982810974,0.1360769271850586,-0.4037000238895416,0.4189872145652771,-10.673811681518151,-49.59135246291481,60.118859239335166,7.114177703857422,-1.1238820552825928,5.981223106384277,1.7139027118682861,-1.0120795965194702,1.154617428779602
2026-04-02 12:56:49.656,1550.661477278,287580298,right_foot,右脚,D4:22:CD:00:85:22,0.8018669486045837,0.13604407012462616,-0.4037003219127655,0.4189600348472595,-10.675759102575707,-49.589710916770024,60.115381367288755,7.107413291931152,-1.128232717514038,5.9773783683776855,1.6460227966308594,-1.024450421333313,1.1607325077056885
2026-04-02 12:56:49.686,1550.691472443,287613632,right_foot,右脚,D4:22:CD:00:85:22,0.8018683791160583,0.13602228462696075,-0.4036960005760193,0.4189683794975281,-10.678724181568406,-49.58779646975988,60.117396656077716,7.110599994659424,-1.1263188123703003,5.963622093200684,1.6275620460510254,-1.0173299312591553,1.1718225479125977
2026-04-02 12:56:49.746,1550.751410492,287646966,right_foot,右脚,D4:22:CD:00:85:22,0.801875114440918,0.1360069364309311,-0.4036996364593506,0.41895705461502075,-10.680131500923999,-49.58737863741766,60.11633752554313,7.094088077545166,-1.1289026737213135,5.9917707443237305,1.651695966720581,-1.0581247806549072,1.14548659324646
2026-04-02 12:56:49.776,1550.781591001,287680300,right_foot,右脚,D4:22:CD:00:85:22,0.8018590807914734,0.13601744174957275,-0.40372219681739807,0.4189627170562744,-10.681774653433662,-49.5903393176426,60.11901308486599,7.104394435882568,-1.1345404386520386,5.971923828125,1.6697721481323242,-1.1612800359725952,1.1466326713562012
2026-04-02 12:56:49.806,1550.81148155,287713634,right_foot,右脚,D4:22:CD:00:85:22,0.8018724918365479,0.1359885334968567,-0.4036938548088074,0.41897374391555786,-10.683187485623515,-49.58540332533091,60.119562539525134,7.100442886352539,-1.1261110305786133,5.9872236251831055,1.6195068359375,-0.9197199940681458,1.1432323455810547
2026-04-02 12:56:49.836,1550.841171021,287746968,right_foot,右脚,D4:22:CD:00:85:22,0.8018935322761536,0.13595610857009888,-0.4036555588245392,0.4189808666706085,-10.68361753955829,-49.57924859180032,60.11863107860444,7.10051155090332,-1.1268301010131836,5.983091831207275,1.669752836227417,-0.8865707516670227,1.1676477193832397
2026-04-02 12:56:49.866,1550.871506744,287780302,right_foot,右脚,D4:22:CD:00:85:22,0.801903247833252,0.13592135906219482,-0.4036496877670288,0.4189791679382324,-10.687216683255357,-49.57649776401815,60.11923261758464,7.1148552894592285,-1.1183180809020996,5.982065200805664,1.6150057315826416,-0.9932029247283936,1.182727336883545
2026-04-02 12:56:49.896,1550.90139239,287813636,right_foot,右脚,D4:22:CD:00:85:22,0.8019145131111145,0.1359020620584488,-0.4036581516265869,0.4189557433128357,-10.688663422309675,-49.57650763490238,60.11661618918166,7.110632419586182,-1.1274882555007935,5.977591037750244,1.6216394901275635,-1.0652579069137573,1.1196880340576172
2026-04-02 12:56:49.926,1550.931526115,287846970,right_foot,右脚,D4:22:CD:00:85:22,0.8019055724143982,0.13588495552539825,-0.4036853015422821,0.41895219683647156,-10.693550142103332,-49.578368447733126,60.119225614573914,7.095168590545654,-1.1258245706558228,5.970832824707031,1.611599326133728,-1.134034514427185,1.18673574924469
2026-04-02 12:56:49.956,1550.961267635,287880304,right_foot,右脚,D4:22:CD:00:85:22,0.8019042611122131,0.13587923347949982,-0.40371665358543396,0.41892650723457336,-10.695634972927767,-49.58166881586351,60.11776222991664,7.100005626678467,-1.137709140777588,5.96255350112915,1.6374874114990234,-1.1673821210861206,1.1310665607452393
2026-04-02 12:56:49.986,1550.991468839,287913638,right_foot,右脚,D4:22:CD:00:85:22,0.8018928170204163,0.1358746439218521,-0.40375038981437683,0.41891732811927795,-10.699208742490859,-49.585076862202605,60.119451398305486,7.108744144439697,-1.1313257217407227,5.976402282714844,1.633735179901123,-1.1764490604400635,1.1639916896820068
2026-04-02 12:56:50.046,1551.05134405,287946972,right_foot,右脚,D4:22:CD:00:85:22,0.8018893599510193,0.1358634978532791,-0.40376541018486023,0.418913334608078,-10.701950677711395,-49.58602373977724,60.12058847235224,7.104686260223389,-1.1319284439086914,5.990405559539795,1.627927303314209,-1.0986568927764893,1.152043342590332
2026-04-02 12:56:50.076,1551.081345029,287980306,right_foot,右脚,D4:22:CD:00:85:22,0.8018848299980164,0.13588587939739227,-0.4037560820579529,0.41892316937446594,-10.698911592202476,-49.586303767731344,60.12057651717593,7.106725215911865,-1.1273912191390991,5.996412754058838,1.7318764925003052,-1.0678960084915161,1.0972130298614502
2026-04-02 12:56:50.136,1551.141552372,288013640,right_foot,右脚,D4:22:CD:00:85:22,0.8018936514854431,0.13588550686836243,-0.40374264121055603,0.4189196228981018,-10.697165570505225,-49.5849005638801,60.11868983679334,7.112937927246094,-1.1381077766418457,5.983440399169922,1.6825590133666992,-1.0167921781539917,1.0981796979904175
2026-04-02 12:56:50.136,1551.141666778,288046974,right_foot,右脚,D4:22:CD:00:85:22,0.801904559135437,0.13589581847190857,-0.40370699763298035,0.4189297556877136,-10.692737033544507,-49.58163355994152,60.11675775054381,7.110539436340332,-1.1348944902420044,5.971696853637695,1.7593462467193604,-0.9610270261764526,1.1054922342300415
2026-04-02 12:56:50.166,1551.171366659,288080308,right_foot,右脚,D4:22:CD:00:85:22,0.8019213080406189,0.1358751505613327,-0.40369144082069397,0.4189193844795227,-10.692765185293162,-49.57884477709912,60.11430824432926,7.097128391265869,-1.1315754652023315,5.97310209274292,1.6245207786560059,-0.9744736552238464,1.102143406867981
2026-04-02 12:56:50.196,1551.201508581,288113642,right_foot,右脚,D4:22:CD:00:85:22,0.8019219040870667,0.13590635359287262,-0.40369200706481934,0.41890764236450195,-10.68791566558093,-49.580991951162986,60.11094323933431,7.0985565185546875,-1.1421127319335938,5.989715099334717,1.7388046979904175,-1.1149529218673706,1.0477932691574097
2026-04-02 12:56:50.226,1551.231487848,288146976,right_foot,右脚,D4:22:CD:00:85:22,0.8019384741783142,0.1358853429555893,-0.40367764234542847,0.4188966453075409,-10.688066529177584,-49.57831497955503,60.108503883259075,7.117343425750732,-1.121315836906433,5.978443145751953,1.6693878173828125,-0.9854359030723572,1.142438530921936
2026-04-02 12:56:50.256,1551.261529527,288180310,right_foot,右脚,D4:22:CD:00:85:22,0.8019543886184692,0.1358296275138855,-0.4036697745323181,0.4188917577266693,-10.693831516587135,-49.57409752581996,60.10922474364087,7.100872039794922,-1.1196980476379395,5.982551097869873,1.5847440958023071,-0.953176736831665,1.2216585874557495
2026-04-02 12:56:50.286,1551.291442179,288213644,right_foot,右脚,D4:22:CD:00:85:22,0.801961362361908,0.13579924404621124,-0.4036600589752197,0.41889747977256775,-10.697066381596487,-49.57111435786766,60.11062407416303,7.086818218231201,-1.1349248886108398,5.986283302307129,1.6512669324874878,-0.9879075884819031,1.2067456245422363
2026-04-02 12:56:50.346,1551.351645513,288246978,right_foot,右脚,D4:22:CD:00:85:22,0.8019703030586243,0.13574756681919098,-0.40366989374160767,0.4188876450061798,-10.703877205502403,-49.56908421642909,60.11193207857117,7.099038124084473,-1.1388472318649292,5.96934175491333,1.5846226215362549,-1.0225615501403809,1.2356815338134766
2026-04-02 12:56:50.376,1551.381513808,288280312,right_foot,右脚,D4:22:CD:00:85:22,0.8019845485687256,0.13571859896183014,-0.40364378690719604,0.4188949167728424,-10.705235982016205,-49.564431272529745,60.11201693219245,7.105045795440674,-1.1394091844558716,5.97097110748291,1.6577852964401245,-0.9304966330528259,1.1740189790725708
2026-04-02 12:56:50.407,1551.412347859,288313646,right_foot,右脚,D4:22:CD:00:85:22,0.8019911050796509,0.1357019990682602,-0.4036450684070587,0.4188864529132843,-10.706779569216105,-49.56365201669028,60.111311501656076,7.1006059646606445,-1.1341396570205688,5.981622219085693,1.6666152477264404,-1.046682357788086,1.1647214889526367
2026-04-02 12:56:50.496,1551.501625812,288346980,right_foot,右脚,D4:22:CD:00:85:22,0.802001416683197,0.1357019543647766,-0.40364784002304077,0.41886404156684875,-10.705247187267526,-49.564240149629114,60.10754539187903,7.098695755004883,-1.1341991424560547,5.9641194343566895,1.6664808988571167,-1.0722246170043945,1.0792713165283203
2026-04-02 12:56:50.496,1551.501727061,288380314,right_foot,右脚,D4:22:CD:00:85:22,0.8020062446594238,0.1357087790966034,-0.4036616384983063,0.41883939504623413,-10.703884318833902,-49.56644778380125,60.104112341182635,7.105289459228516,-1.126936435699463,5.976080894470215,1.6746768951416016,-1.121913194656372,1.0816084146499634
2026-04-02 12:56:50.526,1551.531314104,288413648,right_foot,右脚,D4:22:CD:00:85:22,0.8020075559616089,0.1357281357049942,-0.4036603569984436,0.418832004070282,-10.70068336464053,-49.56760606933481,60.10184898792109,7.107159614562988,-1.1265002489089966,5.978072643280029,1.7161697149276733,-1.0883349180221558,1.0753397941589355
2026-04-02 12:56:50.526,1551.531421339,288446982,right_foot,右脚,D4:22:CD:00:85:22,0.8020143508911133,0.13571910560131073,-0.4036638140678406,0.41881856322288513,-10.701101506722939,-49.56759135098959,60.10013442204509,7.106353282928467,-1.1237140893936157,5.981141090393066,1.6566712856292725,-1.0614800453186035,1.1239078044891357
2026-04-02 12:56:50.586,1551.59153807,288480316,right_foot,右脚,D4:22:CD:00:85:22,0.8020167946815491,0.13569027185440063,-0.4036917984485626,0.4187961518764496,-10.706008949819037,-49.56906592616585,60.09992392292373,7.101373195648193,-1.13083016872406,5.97457218170166,1.5724053382873535,-1.1130127906799316,1.1580430269241333
2026-04-02 12:56:50.586,1551.591697669,288513650,right_foot,右脚,D4:22:CD:00:85:22,0.8020198345184326,0.13569752871990204,-0.4036969244480133,0.41878312826156616,-10.704585968416863,-49.570228822885454,60.09775394295445,7.10631799697876,-1.1302412748336792,5.99012565612793,1.7089468240737915,-1.0952311754226685,1.115365982055664
2026-04-02 12:56:50.646,1551.651366954,288546984,right_foot,右脚,D4:22:CD:00:85:22,0.8020310997962952,0.1356828659772873,-0.4036862552165985,0.41877657175064087,-10.70471396706482,-49.568279207638994,60.09619579282975,7.0973405838012695,-1.1247847080230713,5.984296798706055,1.6961787939071655,-1.0091596841812134,1.1611742973327637
2026-04-02 12:56:50.676,1551.681504331,288580318,right_foot,右脚,D4:22:CD:00:85:22,0.8020351529121399,0.13567277789115906,-0.4036768674850464,0.4187809228897095,-10.70530980851316,-49.56660732112143,60.096534019540485,7.112866401672363,-1.1234008073806763,5.976621627807617,1.6932909488677979,-1.018796443939209,1.1685441732406616
2026-04-02 12:56:50.706,1551.711675867,288613652,right_foot,右脚,D4:22:CD:00:85:22,0.802045464515686,0.1356450617313385,-0.40365442633628845,0.41879168152809143,-10.707208393796774,-49.56237565596637,60.097539847828585,7.115180969238281,-1.1195999383926392,5.975028038024902,1.6706300973892212,-0.9459283947944641,1.197371482849121
2026-04-02 12:56:50.736,1551.741448571,288646986,right_foot,右脚,D4:22:CD:00:85:22,0.8020575642585754,0.13562993705272675,-0.4036496877670288,0.41877830028533936,-10.70748246429766,-49.56110905506497,60.09531199675637,7.10520076751709,-1.1229366064071655,5.98130989074707,1.665635585784912,-1.024405598640442,1.1362979412078857
2026-04-02 12:56:50.766,1551.771392063,288680320,right_foot,右脚,D4:22:CD:00:85:22,0.8020642399787903,0.13563168048858643,-0.4036380350589752,0.4187760353088379,-10.70578555316461,-49.56001691786886,60.093753711229795,7.098024368286133,-1.1261695623397827,5.977238178253174,1.7283354997634888,-1.0298163890838623,1.1380012035369873
2026-04-02 12:56:50.796,1551.801516728,288713654,right_foot,右脚,D4:22:CD:00:85:22,0.8020727634429932,0.13563163578510284,-0.4036315679550171,0.4187660217285156,-10.704246799282028,-49.55946153107318,60.09135166619328,7.109438896179199,-1.134123682975769,5.978050231933594,1.7085528373718262,-1.0433142185211182,1.1228033304214478
2026-04-02 12:56:50.826,1551.831598264,288746988,right_foot,右脚,D4:22:CD:00:85:22,0.8020856380462646,0.1356048583984375,-0.4036214351654053,0.41875991225242615,-10.705998947948135,-49.556810262292224,60.09042478175147,7.108975410461426,-1.1196510791778564,5.978443145751953,1.6601289510726929,-0.9891049861907959,1.176586627960205
2026-04-02 12:56:50.856,1551.861637832,288780322,right_foot,右脚,D4:22:CD:00:85:22,0.8020926713943481,0.13558107614517212,-0.403615802526474,0.41875964403152466,-10.708354262752179,-49.55474385288331,60.090842667281045,7.101089954376221,-1.1238901615142822,5.9810686111450195,1.6743438243865967,-1.0115993022918701,1.2011940479278564
2026-04-02 12:56:50.886,1551.891346701,288813656,right_foot,右脚,D4:22:CD:00:85:22,0.8021080493927002,0.135544091463089,-0.4035903215408325,0.418766587972641,-10.710773096549945,-49.549668119522806,60.09126900580825,7.106058597564697,-1.1229385137557983,5.985033988952637,1.6379482746124268,-0.9170499444007874,1.1886823177337646
2026-04-02 12:56:50.946,1551.951513501,288846990,right_foot,右脚,D4:22:CD:00:85:22,0.8021237850189209,0.13551095128059387,-0.4035703241825104,0.418766587972641,-10.712736090528571,-49.54549765177561,60.090785563935555,7.10272741317749,-1.1324141025543213,5.9753031730651855,1.6508122682571411,-0.9437191486358643,1.1834380626678467
2026-04-02 12:56:50.977,1551.982404892,288880324,right_foot,右脚,D4:22:CD:00:85:22,0.8021305799484253,0.13550977408885956,-0.4035712778568268,0.41875287890434265,-10.711866320743251,-49.54571064655909,60.08846832731728,7.106204509735107,-1.126332402229309,5.977124214172363,1.6533797979354858,-1.059527039527893,1.0895674228668213
2026-04-02 12:56:51.006,1552.011340015,288913658,right_foot,右脚,D4:22:CD:00:85:22,0.8021209239959717,0.13554564118385315,-0.40358197689056396,0.41874960064888,-10.70824915976574,-49.54910411909442,60.08737045806725,7.1016645431518555,-1.1286647319793701,5.967957496643066,1.762778401374817,-1.1573995351791382,1.0948245525360107
2026-04-02 12:56:51.036,1552.041574197,288946992,right_foot,右脚,D4:22:CD:00:85:22,0.8021202087402344,0.13557197153568268,-0.40358230471611023,0.4187418222427368,-10.70432675248721,-49.550878133741406,60.0849175842572,7.111022472381592,-1.118523359298706,5.969127178192139,1.7503881454467773,-1.1058604717254639,1.0858665704727173
2026-04-02 12:56:51.066,1552.071602182,288980326,right_foot,右脚,D4:22:CD:00:85:22,0.802121639251709,0.13557864725589752,-0.40359026193618774,0.41872936487197876,-10.703337975088152,-49.55229651877128,60.08313657211329,7.105916976928711,-1.1321419477462769,5.9794511795043945,1.6709246635437012,-1.0966527462005615,1.0953176021575928
2026-04-02 12:56:51.096,1552.101383812,289013660,right_foot,右脚,D4:22:CD:00:85:22,0.8021082282066345,0.13558290898799896,-0.4036169946193695,0.4187280237674713,-10.705653464429151,-49.55540461254396,60.085200700564336,7.108099937438965,-1.1331627368927002,5.983060359954834,1.659245252609253,-1.160178542137146,1.1594197750091553
2026-04-02 12:56:51.126,1552.131351194,289046994,right_foot,右脚,D4:22:CD:00:85:22,0.8021065592765808,0.13559579849243164,-0.40362587571144104,0.41871845722198486,-10.704223791682008,-49.55726987525414,60.083771600120265,7.102622985839844,-1.1233919858932495,5.980325698852539,1.6791977882385254,-1.108325719833374,1.0882868766784668
2026-04-02 12:56:51.156,1552.16156618,289080328,right_foot,右脚,D4:22:CD:00:85:22,0.8020997047424316,0.13559162616729736,-0.40363809466362,0.41872134804725647,-10.706340616711774,-49.55826253450949,60.08559439378755,7.103635787963867,-1.1358236074447632,5.967602729797363,1.665571689605713,-1.0973122119903564,1.1710032224655151
2026-04-02 12:56:51.186,1552.191617816,289113662,right_foot,右脚,D4:22:CD:00:85:22,0.8021110892295837,0.1355694979429245,-0.4036318063735962,0.4187122881412506,-10.707704794909247,-49.556356454982975,60.084327825389586,7.102536201477051,-1.1240813732147217,5.973816394805908,1.6123608350753784,-0.99949711561203,1.1239396333694458
2026-04-02 12:56:51.247,1552.252471668,289146996,right_foot,右脚,D4:22:CD:00:85:22,0.8021222949028015,0.13555458188056946,-0.4036274254322052,0.41869989037513733,-10.708081816292234,-49.555133632061484,60.08231570054121,7.119336128234863,-1.1221132278442383,5.984265327453613,1.6685811281204224,-1.0237332582473755,1.1430788040161133
2026-04-02 12:56:51.277,1552.28267016,289180330,right_foot,右脚,D4:22:CD:00:85:22,0.8021304607391357,0.13553497195243835,-0.40361565351486206,0.41870203614234924,-10.709426961500327,-49.55264368788393,60.08242067073859,7.10384464263916,-1.1215413808822632,5.987906455993652,1.661383867263794,-0.9899630546569824,1.1687108278274536
2026-04-02 12:56:51.306,1552.311495488,289213664,right_foot,右脚,D4:22:CD:00:85:22,0.8021257519721985,0.13552452623844147,-0.4036116898059845,0.418718159198761,-10.711636661805263,-49.55136543608494,60.085388593222525,7.112331867218018,-1.130387783050537,5.976136207580566,1.6797033548355103,-1.0325313806533813,1.1985304355621338
2026-04-02 12:56:51.338,1552.343101334,289246998,right_foot,右脚,D4:22:CD:00:85:22,0.8021243810653687,0.13552135229110718,-0.40362656116485596,0.41870760917663574,-10.712816507705071,-49.5528800003634,60.085004756956245,7.10322904586792,-1.1354471445083618,5.976470470428467,1.673889398574829,-1.1090492010116577,1.1529526710510254
2026-04-02 12:56:51.366,1552.37150774,289280332,right_foot,右脚,D4:22:CD:00:85:22,0.8021277189254761,0.1355137974023819,-0.4036230146884918,0.4187070429325104,-10.71333161395609,-49.55204520919605,60.08489019914238,7.104086399078369,-1.124582052230835,5.977576732635498,1.6769309043884277,-1.0364948511123657,1.1512110233306885
2026-04-02 12:56:51.396,1552.401562963,289313666,right_foot,右脚,D4:22:CD:00:85:22,0.8021323680877686,0.13550449907779694,-0.4036170244216919,0.4187066853046417,-10.71381805945856,-49.55084493541873,60.08466739549985,7.119771480560303,-1.1254169940948486,5.980228424072266,1.6715072393417358,-1.0248345136642456,1.1481244564056396
2026-04-02 12:56:51.426,1552.431559629,289347000,right_foot,右脚,D4:22:CD:00:85:22,0.8021381497383118,0.1354815512895584,-0.40361347794532776,0.41870683431625366,-10.71632587364036,-49.549039709202326,60.08530577096722,7.1034321784973145,-1.1463370323181152,5.988645076751709,1.640586256980896,-1.0117337703704834,1.1766762733459473
2026-04-02 12:56:51.457,1552.462789165,289380334,right_foot,右脚,D4:22:CD:00:85:22,0.8021588325500488,0.1354394108057022,-0.4035821259021759,0.41871100664138794,-10.71851439144221,-49.54305924988784,60.08489993596708,7.110692977905273,-1.125074863433838,5.983262538909912,1.6063549518585205,-0.8813714385032654,1.1627622842788696
2026-04-02 12:56:51.486,1552.491370405,289413668,right_foot,右脚,D4:22:CD:00:85:22,0.8021867871284485,0.13540729880332947,-0.40353596210479736,0.4187124967575073,-10.717565972207595,-49.536164037381454,60.08220540261333,7.113363742828369,-1.1333190202713013,5.971420764923096,1.6693494319915771,-0.8496501445770264,1.1423553228378296
2026-04-02 12:56:51.546,1552.551485187,289447002,right_foot,右脚,D4:22:CD:00:85:22,0.8022081851959229,0.13539622724056244,-0.40350770950317383,0.41870206594467163,-10.714977933045414,-49.53263260199264,60.07817730772342,7.10662317276001,-1.1299220323562622,5.972329616546631,1.705719232559204,-0.946376383304596,1.1132656335830688
2026-04-02 12:56:51.576,1552.581924455,289480336,right_foot,右脚,D4:22:CD:00:85:22,0.8022137880325317,0.13540557026863098,-0.40351369976997375,0.4186825454235077,-10.712856236560476,-49.53410376994878,60.07483895103964,7.106888294219971,-1.1323753595352173,5.980708122253418,1.693239688873291,-1.093687891960144,1.0868078470230103
2026-04-02 12:56:51.606,1552.611494363,289513670,right_foot,右脚,D4:22:CD:00:85:22,0.8022087216377258,0.135442852973938,-0.40352869033813477,0.4186657667160034,-10.708428490456397,-49.53822000346356,60.07166223624468,7.108487606048584,-1.127037525177002,5.980362892150879,1.7572076320648193,-1.1707055568695068,1.0671628713607788
2026-04-02 12:56:51.636,1552.641544705,289547004,right_foot,右脚,D4:22:CD:00:85:22,0.8022144436836243,0.13545070588588715,-0.4035302698612213,0.41865062713623047,-10.706368837324316,-49.53907625073246,60.068767528307106,7.109519004821777,-1.1260555982589722,5.970688343048096,1.7237317562103271,-1.0806000232696533,1.1177159547805786
2026-04-02 12:56:51.666,1552.671688598,289580338,right_foot,右脚,D4:22:CD:00:85:22,0.8022255301475525,0.13544392585754395,-0.40351366996765137,0.4186476767063141,-10.705138569387504,-49.53693730905062,60.066972550088245,7.11651086807251,-1.1240726709365845,5.978506565093994,1.6737160682678223,-0.9877793192863464,1.1125930547714233
2026-04-02 12:56:51.697,1552.702317519,289613672,right_foot,右脚,D4:22:CD:00:85:22,0.8022327423095703,0.13542746007442474,-0.4035046696662903,0.41864776611328125,-10.706230161518997,-49.534966373323655,60.06684359997626,7.1010422706604,-1.132788062095642,5.9836859703063965,1.6271204948425293,-0.9963213205337524,1.1317771673202515
2026-04-02 12:56:51.726,1552.731530986,289647006,right_foot,右脚,D4:22:CD:00:85:22,0.8022407293319702,0.13540983200073242,-0.40349075198173523,0.41865140199661255,-10.707217038628803,-49.53235771565784,60.066946377079724,7.110550880432129,-1.134534239768982,5.976517200469971,1.6788133382797241,-0.9851478934288025,1.1755558252334595
2026-04-02 12:56:51.756,1552.761504744,289680340,right_foot,右脚,D4:22:CD:00:85:22,0.8022422194480896,0.13539762794971466,-0.4034981429576874,0.4186457395553589,-10.709103181163293,-49.53245253950174,60.06711030988657,7.109951019287109,-1.1325925588607788,5.976540565490723,1.6512219905853271,-1.064444661140442,1.1594645977020264
2026-04-02 12:56:51.816,1552.821370966,289713674,right_foot,右脚,D4:22:CD:00:85:22,0.8022542595863342,0.1354060173034668,-0.4034860134124756,0.4186314642429352,-10.705528406044312,-49.531881128030896,60.063076887346554,7.112273216247559,-1.1350730657577515,5.964827537536621,1.70587956905365,-1.0273127555847168,1.0724838972091675
2026-04-02 12:56:51.846,1552.851586746,289747008,right_foot,右脚,D4:22:CD:00:85:22,0.8022549748420715,0.13540133833885193,-0.4034937918186188,0.4186241328716278,-10.706378553810673,-49.53251146253983,60.062678328670245,7.103280544281006,-1.1395351886749268,5.980319023132324,1.6503385305404663,-1.0743376016616821,1.1297860145568848
2026-04-02 12:56:51.876,1552.88138853,289780342,right_foot,右脚,D4:22:CD:00:85:22,0.8022674322128296,0.1353839635848999,-0.40349581837654114,0.4186040163040161,-10.707141252175429,-49.53191578881564,60.059976828362856,7.1061506271362305,-1.1294597387313843,5.96868896484375,1.6410408020019531,-1.0367765426635742,1.127026081085205
2026-04-02 12:56:51.906,1552.911694833,289813676,right_foot,右脚,D4:22:CD:00:85:22,0.802273154258728,0.13538292050361633,-0.40349897742271423,0.41859033703804016,-10.706498306918318,-49.53236711319576,60.05785840181471,7.106022357940674,-1.1349109411239624,5.97307014465332,1.6753555536270142,-1.06582772731781,1.115493893623352
2026-04-02 12:56:51.936,1552.941397946,289847010,right_foot,右脚,D4:22:CD:00:85:22,0.8022904396057129,0.13537296652793884,-0.40349552035331726,0.4185636639595032,-10.705180980722034,-49.53174096588909,60.053168324537054,7.105727195739746,-1.1309770345687866,5.9766035079956055,1.6415084600448608,-1.0252764225006104,1.074846625328064
2026-04-02 12:56:51.966,1552.97156183,289880344,right_foot,右脚,D4:22:CD:00:85:22,0.8023065328598022,0.13536933064460754,-0.4034740924835205,0.41855454444885254,-10.702516933800185,-49.52937134573156,60.04969563045961,7.12295389175415,-1.1183029413223267,5.972691059112549,1.7212218046188354,-0.9801405668258667,1.1180297136306763
2026-04-02 12:56:51.996,1553.00165798,289913678,right_foot,右脚,D4:22:CD:00:85:22,0.8023078441619873,0.13536261022090912,-0.40347641706466675,0.4185520112514496,-10.703414183571695,-49.52923419085678,60.049735636405075,7.106954097747803,-1.1384129524230957,5.977706432342529,1.644652247428894,-1.0501590967178345,1.1305798292160034
2026-04-02 12:56:52.029,1553.034361035,289947012,right_foot,右脚,D4:22:CD:00:85:22,0.8023222088813782,0.13534152507781982,-0.4034630358219147,0.4185445010662079,-10.703968877897541,-49.52660721454453,60.048010857985346,7.104925632476807,-1.1214640140533447,5.983670711517334,1.657644510269165,-0.9771373271942139,1.1476826667785645
2026-04-02 12:56:52.056,1553.06135285,289980346,right_foot,右脚,D4:22:CD:00:85:22,0.8023416996002197,0.13530001044273376,-0.4034467339515686,0.4185361862182617,-10.706725078741153,-49.522425411243574,60.04674164714662,7.105612754821777,-1.1287966966629028,5.974541664123535,1.6041842699050903,-0.9337109923362732,1.167333960533142
2026-04-02 12:56:52.086,1553.091581863,290013680,right_foot,右脚,D4:22:CD:00:85:22,0.8023428320884705,0.1353059858083725,-0.4034351706504822,0.41854315996170044,-10.705263498034686,-49.52148028001819,60.046672281699855,7.105247974395752,-1.1304539442062378,5.982926368713379,1.6970847845077515,-1.022945761680603,1.1200114488601685
2026-04-02 12:56:52.146,1553.151373989,290047014,right_foot,右脚,D4:22:CD:00:85:22,0.8023410439491272,0.13532483577728271,-0.4034409523010254,0.4185348153114319,-10.70283957920459,-49.523371085965074,60.044928838766864,7.1077728271484375,-1.1247034072875977,5.979334831237793,1.7261329889297485,-1.106833815574646,1.1047366857528687
2026-04-02 12:56:52.176,1553.181488953,290080348,right_foot,右脚,D4:22:CD:00:85:22,0.8023414015769958,0.13532809913158417,-0.4034544825553894,0.4185201823711395,-10.702720045625217,-49.52519604110992,60.0434164382853,7.119481086730957,-1.1303279399871826,5.976313591003418,1.678781270980835,-1.1081079244613647,1.1246377229690552
2026-04-02 12:56:52.206,1553.211634459,290113682,right_foot,右脚,D4:22:CD:00:85:22,0.8023358583450317,0.1353169083595276,-0.4034561812877655,0.4185325503349304,-10.705345459552875,-49.52452393769197,60.04627281517615,7.098395824432373,-1.1292279958724976,5.9789509773254395,1.664841651916504,-1.044870138168335,1.1941121816635132
2026-04-02 12:56:52.236,1553.241677644,290147016,right_foot,右脚,D4:22:CD:00:85:22,0.8023219108581543,0.13531199097633362,-0.40347862243652344,0.41853949427604675,-10.709019286259256,-49.52649756319157,60.049799514768154,7.101274490356445,-1.1313185691833496,5.9818220138549805,1.6541099548339844,-1.1264017820358276,1.1974996328353882
2026-04-02 12:56:52.266,1553.271476361,290180350,right_foot,右脚,D4:22:CD:00:85:22,0.8023145198822021,0.13532012701034546,-0.40350452065467834,0.41852593421936035,-10.709751264401513,-49.529924018293954,60.04943873005663,7.113262176513672,-1.1301884651184082,5.9894938468933105,1.6746705770492554,-1.1585201025009155,1.1323983669281006
2026-04-02 12:56:52.297,1553.302456025,290213684,right_foot,右脚,D4:22:CD:00:85:22,0.8023046255111694,0.13532696664333344,-0.4035308063030243,0.4185175895690918,-10.711109387967412,-49.53323497514745,60.050087929252655,7.103810787200928,-1.1316617727279663,5.9671149253845215,1.6777760982513428,-1.1584945917129517,1.1518384218215942
2026-04-02 12:56:52.326,1553.331610739,290247018,right_foot,右脚,D4:22:CD:00:85:22,0.8023128509521484,0.13533635437488556,-0.4035162329673767,0.4185129702091217,-10.707923711898173,-49.53233240777263,60.04750526033566,7.117373943328857,-1.126813530921936,5.972655773162842,1.6970045566558838,-1.0155307054519653,1.0773756504058838
2026-04-02 12:56:52.356,1553.361540171,290280352,right_foot,右脚,D4:22:CD:00:85:22,0.802325427532196,0.1353294551372528,-0.4035061001777649,0.4185006618499756,-10.70666465850278,-49.53100030121747,60.04465078529459,7.112072944641113,-1.1222896575927734,5.97441291809082,1.6862924098968506,-1.0102418661117554,1.1192015409469604
2026-04-02 12:56:52.386,1553.391278605,290313686,right_foot,右脚,D4:22:CD:00:85:22,0.8023380637168884,0.13532514870166779,-0.403479665517807,0.4185035526752472,-10.704509468300879,-49.527893483354674,60.04288185518272,7.103867530822754,-1.1161003112792969,5.98049783706665,1.7062957286834717,-0.9563013911247253,1.1233891248703003
2026-04-02 12:56:52.446,1553.451324174,290347020,right_foot,右脚,D4:22:CD:00:85:22,0.802341103553772,0.13529753684997559,-0.403482049703598,0.41850391030311584,-10.708303397407123,-49.52644112771568,60.04434143317509,7.103959560394287,-1.127498745918274,5.971330165863037,1.6347787380218506,-1.0221389532089233,1.2047799825668335
2026-04-02 12:56:52.476,1553.481353588,290380354,right_foot,右脚,D4:22:CD:00:85:22,0.802341878414154,0.1352793276309967,-0.403486043214798,0.418504536151886,-10.711096285450367,-49.52572736759323,60.04558253886708,7.105403423309326,-1.1327567100524902,5.981801986694336,1.6189755201339722,-1.036590814590454,1.1615713834762573
2026-04-02 12:56:52.506,1553.51123788,290413688,right_foot,右脚,D4:22:CD:00:85:22,0.8023488521575928,0.1352825164794922,-0.40348151326179504,0.4184946119785309,-10.709372274158715,-49.52557491190087,60.04324186710211,7.105655193328857,-1.1320931911468506,5.981028079986572,1.6741582155227661,-1.0402277708053589,1.0915781259536743
2026-04-02 12:56:52.536,1553.541592372,290447022,right_foot,右脚,D4:22:CD:00:85:22,0.802358865737915,0.13528932631015778,-0.4034735858440399,0.41848084330558777,-10.7065011615436,-49.525340201575354,60.03974944126002,7.107017993927002,-1.1273579597473145,5.997293472290039,1.7123724222183228,-1.0385183095932007,1.0954457521438599
2026-04-02 12:56:52.566,1553.57144096,290480356,right_foot,右脚,D4:22:CD:00:85:22,0.8023653626441956,0.1352883130311966,-0.40347006916999817,0.41847193241119385,-10.705511107791962,-49.52502683966895,60.03787313204909,7.108425140380859,-1.1264065504074097,5.967658042907715,1.6691763401031494,-1.037800908088684,1.104563593864441
2026-04-02 12:56:52.596,1553.601710885,290513690,right_foot,右脚,D4:22:CD:00:85:22,0.8023896217346191,0.13526305556297302,-0.40342777967453003,0.4184744656085968,-10.704220292382361,-49.51895314504595,60.03544872432143,7.110256671905518,-1.1191190481185913,5.983713626861572,1.6516637802124023,-0.8639803528785706,1.1144694089889526
2026-04-02 12:56:52.626,1553.631386997,290547024,right_foot,右脚,D4:22:CD:00:85:22,0.8024125695228577,0.13525132834911346,-0.4033976197242737,0.41846343874931335,-10.701450401625406,-49.51518001913204,60.03115296692546,7.0968217849731445,-1.1323529481887817,5.982335090637207,1.6879762411117554,-0.9307335615158081,1.0967903137207031
2026-04-02 12:56:52.656,1553.661666298,290580358,right_foot,右脚,D4:22:CD:00:85:22,0.8024109601974487,0.13524092733860016,-0.4034006595611572,0.4184669554233551,-10.7033903835242,-49.514811716203596,60.032501088467484,7.111672401428223,-1.13466215133667,5.979299068450928,1.65757417678833,-1.0483535528182983,1.170958399772644
2026-04-02 12:56:52.686,1553.691671141,290613692,right_foot,右脚,D4:22:CD:00:85:22,0.8024070858955383,0.13524100184440613,-0.4034186899662018,0.41845703125,-10.704561929894199,-49.516855089515516,60.03238942874214,7.105773448944092,-1.1192430257797241,5.988358020782471,1.6423985958099365,-1.1131857633590698,1.1253036260604858
2026-04-02 12:56:52.747,1553.752460731,290647026,right_foot,右脚,D4:22:CD:00:85:22,0.802404522895813,0.13525284826755524,-0.40342116355895996,0.41845574975013733,-10.703233529104871,-49.517866338047405,60.031893417176946,7.1083760261535645,-1.1301751136779785,5.969700813293457,1.736698031425476,-1.0862091779708862,1.1470232009887695
2026-04-02 12:56:52.776,1553.781637396,290680360,right_foot,右脚,D4:22:CD:00:85:22,0.8023914098739624,0.13524718582630157,-0.40344926714897156,0.41845566034317017,-10.70705547078061,-49.52049085927124,60.034723703325604,7.106430530548096,-1.141831636428833,5.981178283691406,1.641527771949768,-1.1423393487930298,1.188310980796814
2026-04-02 12:56:52.806,1553.811588203,290713694,right_foot,右脚,D4:22:CD:00:85:22,0.8023824691772461,0.13526606559753418,-0.40345144271850586,0.4184645116329193,-10.705641291783927,-49.521773377377706,60.03572971580435,7.1112847328186035,-1.11444890499115,5.987040042877197,1.721688985824585,-1.0907745361328125,1.1312073469161987
2026-04-02 12:56:52.836,1553.841479161,290747028,right_foot,右脚,D4:22:CD:00:85:22,0.8023855090141296,0.13525299727916718,-0.40346014499664307,0.4184546172618866,-10.707440933168366,-49.52201523575852,60.03530403799814,7.105180740356445,-1.1248940229415894,5.964394569396973,1.6293038129806519,-1.0607306957244873,1.1406968832015991
2026-04-02 12:56:52.866,1553.871442544,290780362,right_foot,右脚,D4:22:CD:00:85:22,0.8023858070373535,0.13524331152439117,-0.40346336364746094,0.418454110622406,-10.708978835744404,-49.52176268266414,60.035915287391944,7.120140552520752,-1.1304272413253784,5.9756293296813965,1.6562740802764893,-1.0488977432250977,1.1591827869415283
2026-04-02 12:56:52.896,1553.901509749,290813696,right_foot,右脚,D4:22:CD:00:85:22,0.8023945093154907,0.13523919880390167,-0.403460830450058,0.41844117641448975,-10.708154818887449,-49.521412154816566,60.03353106972329,7.112514972686768,-1.1388064622879028,5.972625255584717,1.648391842842102,-1.0334404706954956,1.0925514698028564
2026-04-02 12:56:52.926,1553.931598353,290847030,right_foot,右脚,D4:22:CD:00:85:22,0.8024022579193115,0.13524563610553741,-0.4034501314163208,0.41843411326408386,-10.705586394015578,-49.52078015202051,60.031019848827604,7.106790542602539,-1.1302781105041504,5.976828575134277,1.7281115055084229,-1.0291247367858887,1.1188045740127563
2026-04-02 12:56:52.956,1553.961359863,290880364,right_foot,右脚,D4:22:CD:00:85:22,0.8024214506149292,0.13522398471832275,-0.4034408628940582,0.41841354966163635,-10.705596458656066,-49.518726868907606,60.02735909764897,7.111281394958496,-1.1258392333984375,5.979316234588623,1.6365138292312622,-0.9850709438323975,1.11441171169281
2026-04-02 12:56:52.986,1553.991478426,290913698,right_foot,右脚,D4:22:CD:00:85:22,0.8024208545684814,0.13521987199783325,-0.40343934297561646,0.4184175133705139,-10.706272817045223,-49.51825854965227,60.02810000775531,7.103267192840576,-1.1367918252944946,5.962498188018799,1.681649923324585,-1.0417518615722656,1.159330129623413
2026-04-02 12:56:53.046,1554.051429931,290947032,right_foot,右脚,D4:22:CD:00:85:22,0.8024213910102844,0.13520818948745728,-0.40344393253326416,0.4184158742427826,-10.70812174563261,-49.51804263727105,60.028718678246456,7.118707180023193,-1.118868112564087,5.967615127563477,1.6526628732681274,-1.050005555152893,1.1642862558364868
2026-04-02 12:56:53.076,1554.081219858,290980366,right_foot,右脚,D4:22:CD:00:85:22,0.8024251461029053,0.13518524169921875,-0.40343305468559265,0.41842612624168396,-10.710669934588097,-49.51534452237633,60.03052708485064,7.094386100769043,-1.1239184141159058,5.965543270111084,1.615370750427246,-0.9738653302192688,1.163011908531189
2026-04-02 12:56:53.106,1554.111434825,291013700,right_foot,右脚,D4:22:CD:00:85:22,0.802435576915741,0.13517217338085175,-0.40342459082603455,0.41841891407966614,-10.710779707397489,-49.51372838445011,60.028974236290665,7.10778284072876,-1.128644347190857,5.974729537963867,1.6443129777908325,-0.998389482498169,1.1210838556289673
2026-04-02 12:56:53.136,1554.141458907,291047034,right_foot,右脚,D4:22:CD:00:85:22,0.8024426698684692,0.1351638287305832,-0.40340089797973633,0.4184309244155884,-10.710193669943916,-49.510544081513494,60.02927404714172,7.109521865844727,-1.1179063320159912,5.981926918029785,1.7071986198425293,-0.9588819742202759,1.1648751497268677
2026-04-02 12:56:53.166,1554.17148079,291080368,right_foot,右脚,D4:22:CD:00:85:22,0.8024570941925049,0.13515643775463104,-0.40336453914642334,0.41844040155410767,-10.707885506370452,-49.50611912631336,60.02792000460384,7.103183269500732,-1.1308677196502686,5.964239597320557,1.7057899236679077,-0.9136946797370911,1.1284091472625732
2026-04-02 12:56:53.196,1554.201314817,291113702,right_foot,右脚,D4:22:CD:00:85:22,0.8024667501449585,0.1351555436849594,-0.40335002541542053,0.41843611001968384,-10.706039402554865,-49.50458580993997,60.02584193632873,7.104037761688232,-1.1273467540740967,5.9926300048828125,1.6980292797088623,-1.000060796737671,1.116377592086792
2026-04-02 12:56:53.226,1554.231488081,291147036,right_foot,右脚,D4:22:CD:00:85:22,0.8024613261222839,0.13515456020832062,-0.40335962176322937,0.4184376895427704,-10.707353630458861,-49.505517493369645,60.02705260061613,7.111846446990967,-1.1291295289993286,5.973613739013672,1.6566072702407837,-1.080830454826355,1.1476315259933472
2026-04-02 12:56:53.256,1554.261584256,291180370,right_foot,右脚,D4:22:CD:00:85:22,0.802457332611084,0.13517330586910248,-0.40337032079696655,0.41842907667160034,-10.705460504839786,-49.507921584201284,60.02571315241353,7.097915172576904,-1.1280640363693237,5.972740650177002,1.692298412322998,-1.114792823791504,1.0884790420532227
2026-04-02 12:56:53.286,1554.291593328,291213704,right_foot,右脚,D4:22:CD:00:85:22,0.802448034286499,0.1351855993270874,-0.4033909738063812,0.4184229373931885,-10.70569334619558,-49.51095079973926,60.0260198642165,7.1073198318481445,-1.123758316040039,5.980234622955322,1.6740622520446777,-1.1406232118606567,1.1235747337341309
2026-04-02 12:56:53.346,1554.351474773,291247038,right_foot,右脚,D4:22:CD:00:85:22,0.8024309873580933,0.13521897792816162,-0.40340736508369446,0.4184291958808899,-10.70380265607253,-49.51466411862167,60.02726376381167,7.095509052276611,-1.1264418363571167,5.989595890045166,1.7490497827529907,-1.1622980833053589,1.1294209957122803
2026-04-02 12:56:53.376,1554.38158496,291280372,right_foot,右脚,D4:22:CD:00:85:22,0.8024232387542725,0.13522669672966003,-0.40343108773231506,0.4184185862541199,-10.704586707647795,-49.51779485828842,60.02724530100087,7.101059913635254,-1.1278269290924072,5.994926929473877,1.6752787828445435,-1.1461172103881836,1.1388144493103027
2026-04-02 12:56:53.406,1554.411615413,291313706,right_foot,右脚,D4:22:CD:00:85:22,0.8024227023124695,0.1352115273475647,-0.4034416973590851,0.4184142053127289,-10.707321108649165,-49.518039083706704,60.02808231785416,7.101208209991455,-1.1314771175384521,5.97543478012085,1.5873503684997559,-1.0565814971923828,1.1288830041885376
2026-04-02 12:56:53.436,1554.441465548,291347040,right_foot,右脚,D4:22:CD:00:85:22,0.8024227619171143,0.13520686328411102,-0.4034367501735687,0.41842031478881836,-10.707865736227374,-49.51714698818384,60.02891650610263,7.105947494506836,-1.1318637132644653,5.979393005371094,1.6676908731460571,-1.0254428386688232,1.1485278606414795
2026-04-02 12:56:53.466,1554.471495341,291380374,right_foot,右脚,D4:22:CD:00:85:22,0.8024293184280396,0.13519524037837982,-0.4034278988838196,0.41842013597488403,-10.708335948189632,-49.515491690723145,60.028543140979444,7.109604835510254,-1.130988359451294,5.9699177742004395,1.650050163269043,-0.9994907379150391,1.135587215423584
2026-04-02 12:56:53.496,1554.501649806,291413708,right_foot,右脚,D4:22:CD:00:85:22,0.8024277687072754,0.135189950466156,-0.40344658493995667,0.41840696334838867,-10.709988110422428,-49.51731370508134,60.02812878460457,7.108839988708496,-1.1281486749649048,5.978020191192627,1.6200002431869507,-1.1030367612838745,1.1205589771270752
2026-04-02 12:56:53.526,1554.531498795,291447042,right_foot,右脚,D4:22:CD:00:85:22,0.8024380207061768,0.13519448041915894,-0.4034355580806732,0.41839659214019775,-10.707338181681822,-49.516562189266516,60.02504831639899,7.101215362548828,-1.1250848770141602,5.975649833679199,1.7172003984451294,-1.0218892097473145,1.1087450981140137
2026-04-02 12:56:53.556,1554.561596244,291480376,right_foot,右脚,D4:22:CD:00:85:22,0.8024429678916931,0.13520421087741852,-0.4034217298030853,0.4183971881866455,-10.704628176978094,-49.51569462300078,60.02346880560916,7.108198165893555,-1.1359126567840576,5.963386535644531,1.72555673122406,-1.0193663835525513,1.1156284809112549
2026-04-02 12:56:53.586,1554.59161334,291513710,right_foot,右脚,D4:22:CD:00:85:22,0.8024439811706543,0.13521303236484528,-0.4034045338630676,0.4184090197086334,-10.702579518095865,-49.51426253533386,60.023624237097934,7.113834857940674,-1.1224020719528198,5.97186803817749,1.7509002685546875,-1.009825587272644,1.156455159187317
2026-04-02 12:56:53.646,1554.651284013,291547044,right_foot,右脚,D4:22:CD:00:85:22,0.8024357557296753,0.13521765172481537,-0.40339940786361694,0.41842833161354065,-10.703012834932874,-49.51374798718215,60.02641693524855,7.104375839233398,-1.112451434135437,5.99017858505249,1.6880372762680054,-1.038313388824463,1.1604925394058228
2026-04-02 12:56:53.676,1554.681484427,291580378,right_foot,右脚,D4:22:CD:00:85:22,0.8024309873580933,0.13521483540534973,-0.40340813994407654,0.4184296131134033,-10.70445071983803,-49.51448768082316,60.027591524568166,7.097900867462158,-1.1294821500778198,5.979508876800537,1.6544619798660278,-1.07472825050354,1.1502954959869385
2026-04-02 12:56:53.706,1554.711531448,291613712,right_foot,右脚,D4:22:CD:00:85:22,0.8024327158927917,0.13519054651260376,-0.4034052789211273,0.4184368848800659,-10.707800562251657,-49.51258644502402,60.029646573518605,7.105839252471924,-1.1269341707229614,5.979679107666016,1.599016785621643,-0.9972816109657288,1.1674748659133911
2026-04-02 12:56:53.736,1554.741495366,291647046,right_foot,右脚,D4:22:CD:00:85:22,0.8024516701698303,0.13514438271522522,-0.40337955951690674,0.41844019293785095,-10.711056034182489,-49.506966272960476,60.029782182763654,7.0988078117370605,-1.1348756551742554,5.966403961181641,1.6164143085479736,-0.8899068832397461,1.20063054561615
2026-04-02 12:56:53.767,1554.772365278,291680380,right_foot,右脚,D4:22:CD:00:85:22,0.8024649620056152,0.13514654338359833,-0.4033474624156952,0.41844502091407776,-10.70762185504185,-49.50363771571169,60.02757416222313,7.109325885772705,-1.1318020820617676,5.958559989929199,1.718666672706604,-0.941644549369812,1.105421781539917
2026-04-02 12:56:53.796,1554.801550391,291713714,right_foot,右脚,D4:22:CD:00:85:22,0.8024687170982361,0.13516077399253845,-0.40334179997444153,0.418438583612442,-10.70467053987784,-49.504005883757806,60.02530326643636,7.106785297393799,-1.1310690641403198,5.973092555999756,1.7270230054855347,-1.0540331602096558,1.103327989578247
2026-04-02 12:56:53.826,1554.83162583,291747048,right_foot,右脚,D4:22:CD:00:85:22,0.8024686574935913,0.13518548011779785,-0.4033408761024475,0.4184319078922272,-10.700890724894526,-49.505518948397416,60.02297406862338,7.110446929931641,-1.1337310075759888,5.975296974182129,1.7210612297058105,-1.0828665494918823,1.0707229375839233
2026-04-02 12:56:53.856,1554.861411585,291780382,right_foot,右脚,D4:22:CD:00:85:22,0.80246502161026,0.1351831555366516,-0.40334388613700867,0.4184366464614868,-10.701909320325377,-49.50563250538054,60.02420468592041,7.110980033874512,-1.1239314079284668,5.982776641845703,1.6640477180480957,-1.0552945137023926,1.1526068449020386
2026-04-02 12:56:53.886,1554.891473734,291813716,right_foot,右脚,D4:22:CD:00:85:22,0.802448034286499,0.1351923793554306,-0.4033566117286682,0.4184539318084717,-10.703575141531006,-49.50732141235265,60.02810471813761,7.109807968139648,-1.126611351966858,5.985621452331543,1.683775782585144,-1.1076340675354004,1.175933599472046
2026-04-02 12:56:53.946,1554.951133732,291847050,right_foot,右脚,D4:22:CD:00:85:22,0.8024476766586304,0.13518819212913513,-0.4033791720867157,0.41843411326408386,-10.704977897125959,-49.509714902188314,60.02682323435667,7.114590167999268,-1.125465989112854,5.977640628814697,1.6134302616119385,-1.11611807346344,1.1076499223709106
2026-04-02 12:56:53.977,1554.982115885,291880384,right_foot,右脚,D4:22:CD:00:85:22,0.8024477362632751,0.1351768672466278,-0.4033830761909485,0.4184339940547943,-10.706828807799646,-49.50942727895091,60.027633099159644,7.1036505699157715,-1.1297043561935425,5.992067813873291,1.648334264755249,-1.0446845293045044,1.1618338823318481
2026-04-02 12:56:54.006,1555.011233536,291913718,right_foot,右脚,D4:22:CD:00:85:22,0.8024448752403259,0.13515529036521912,-0.4033876955509186,0.41844213008880615,-10.71073160982013,-49.50847105548578,60.03041760029328,7.105210781097412,-1.130049228668213,5.987764835357666,1.6282603740692139,-1.0315836668014526,1.2002336978912354
2026-04-02 12:56:54.036,1555.041280949,291947052,right_foot,右脚,D4:22:CD:00:85:22,0.8024405837059021,0.1351674348115921,-0.40338245034217834,0.41845130920410156,-10.709375240534795,-49.50854888000182,60.03107851863918,7.101244926452637,-1.1440845727920532,5.973967552185059,1.7214969396591187,-1.051676630973816,1.14004385471344
2026-04-02 12:56:54.066,1555.071588216,291980386,right_foot,右脚,D4:22:CD:00:85:22,0.8024343252182007,0.1351759284734726,-0.4033832848072052,0.4184597134590149,-10.709086544789853,-49.50905199388837,60.03231154815698,7.112606525421143,-1.133247971534729,5.975192070007324,1.6947380304336548,-1.0650466680526733,1.1423873901367188
2026-04-02 12:56:54.096,1555.101529598,292013720,right_foot,右脚,D4:22:CD:00:85:22,0.8024241328239441,0.135172039270401,-0.40339118242263794,0.41847288608551025,-10.711535792183758,-49.50947266090228,60.035572114827,7.10917329788208,-1.1317615509033203,5.967405319213867,1.6617680788040161,-1.0707006454467773,1.1843920946121216
2026-04-02 12:56:54.127,1555.132410164,292047054,right_foot,右脚,D4:22:CD:00:85:22,0.8024230599403381,0.13518764078617096,-0.40338245034217834,0.4184783101081848,-10.709043282100643,-49.50944192997945,60.035083160916976,7.112358570098877,-1.1369863748550415,5.991439342498779,1.7257933616638184,-1.043224573135376,1.115039348602295
2026-04-02 12:56:54.157,1555.16227647,292080388,right_foot,右脚,D4:22:CD:00:85:22,0.8024278283119202,0.13519179821014404,-0.4033772349357605,0.41847315430641174,-10.707508644209303,-49.50920981242155,60.0334862748428,7.1144232749938965,-1.1186659336090088,5.968481063842773,1.707051396369934,-1.0389409065246582,1.1259311437606812
2026-04-02 12:56:54.186,1555.191338695,292113722,right_foot,右脚,D4:22:CD:00:85:22,0.8024464249610901,0.1351895034313202,-0.4033620059490204,0.4184529185295105,-10.704448371776971,-49.50772457278647,60.02853630092615,7.104392051696777,-1.126218318939209,5.981354713439941,1.6769883632659912,-0.990353524684906,1.0688084363937378
2026-04-02 12:56:54.246,1555.251345876,292147056,right_foot,右脚,D4:22:CD:00:85:22,0.8024592995643616,0.13519930839538574,-0.403346449136734,0.41843998432159424,-10.700425392585126,-49.506857520739636,60.02436437559969,7.112024307250977,-1.124449372291565,5.9886860847473145,1.7223423719406128,-1.0109719038009644,1.078995943069458
2026-04-02 12:56:54.276,1555.281088196,292180390,right_foot,右脚,D4:22:CD:00:85:22,0.8024610280990601,0.13518907129764557,-0.40334177017211914,0.41844436526298523,-10.701563514955327,-49.505673412941775,60.02514918863409,7.10468053817749,-1.138710379600525,5.982086658477783,1.6574715375900269,-1.0159727334976196,1.1576781272888184
2026-04-02 12:56:54.306,1555.311144744,292213724,right_foot,右脚,D4:22:CD:00:85:22,0.8024625182151794,0.13517585396766663,-0.4033259451389313,0.418460875749588,-10.702840797157176,-49.50296518951446,60.02720153363397,7.10595703125,-1.1277400255203247,5.9809722900390625,1.6653668880462646,-0.9726424217224121,1.1752420663833618
2026-04-02 12:56:54.336,1555.34117726,292247058,right_foot,右脚,D4:22:CD:00:85:22,0.8024636507034302,0.135152205824852,-0.40329983830451965,0.418491929769516,-10.705476174085842,-49.49831976762367,60.03131822080921,7.111712455749512,-1.1288914680480957,5.986066818237305,1.6659622192382812,-0.9222366213798523,1.2220364809036255
2026-04-02 12:56:54.366,1555.371512205,292280392,right_foot,右脚,D4:22:CD:00:85:22,0.8024643659591675,0.13515450060367584,-0.40328189730644226,0.41850703954696655,-10.70444190411786,-49.49636401501376,60.03227082428443,7.108413219451904,-1.1359113454818726,5.9804229736328125,1.7063469886779785,-0.9903151988983154,1.1472023725509644
2026-04-02 12:56:54.396,1555.401177997,292313726,right_foot,右脚,D4:22:CD:00:85:22,0.8024499416351318,0.1351543515920639,-0.40330415964126587,0.4185132384300232,-10.707437214878375,-49.49862942778272,60.03545849067075,7.103517532348633,-1.129186987876892,5.984857559204102,1.6318203210830688,-1.1221883296966553,1.1631847620010376
2026-04-02 12:56:54.426,1555.431310055,292347060,right_foot,右脚,D4:22:CD:00:85:22,0.8024448156356812,0.13516885042190552,-0.403309166431427,0.4185135066509247,-10.706183868632856,-49.5000535581935,60.0353684692,7.112453937530518,-1.1340272426605225,5.9795660972595215,1.6783459186553955,-1.0845762491226196,1.1004656553268433
2026-04-02 12:56:54.456,1555.461373351,292380394,right_foot,右脚,D4:22:CD:00:85:22,0.8024332523345947,0.13518363237380981,-0.4033195972442627,0.4185209274291992,-10.706079860699507,-49.50197186172471,60.03704789446537,7.109992027282715,-1.130277395248413,5.978631496429443,1.6817971467971802,-1.1052842140197754,1.128402829170227
2026-04-02 12:56:54.487,1555.49222044,292413728,right_foot,右脚,D4:22:CD:00:85:22,0.8024313449859619,0.13520842790603638,-0.40333396196365356,0.4185026288032532,-10.703038392783608,-49.50527043220157,60.03406735035388,7.11421537399292,-1.1378480195999146,5.9824090003967285,1.715490698814392,-1.136832594871521,1.0755382776260376
2026-04-02 12:56:54.546,1555.551104341,292447062,right_foot,右脚,D4:22:CD:00:85:22,0.8024354577064514,0.13521485030651093,-0.4033374488353729,0.41848912835121155,-10.701508762100188,-49.50621912805606,60.03170829574421,7.110495567321777,-1.1353062391281128,5.983029365539551,1.684998869895935,-1.0699641704559326,1.1010420322418213
2026-04-02 12:56:54.576,1555.582049873,292480396,right_foot,右脚,D4:22:CD:00:85:22,0.8024328351020813,0.13522006571292877,-0.40333834290504456,0.4184916317462921,-10.701154093381929,-49.50660274895516,60.032021736698184,7.112897872924805,-1.1215938329696655,5.9805169105529785,1.6954008340835571,-1.0607820749282837,1.142320156097412
2026-04-02 12:56:54.606,1555.611293415,292513730,right_foot,右脚,D4:22:CD:00:85:22,0.802432656288147,0.13521571457386017,-0.403352826833725,0.41847944259643555,-10.702306264391439,-49.50802760559497,60.031360172349224,7.112129211425781,-1.1356792449951172,5.978335857391357,1.6622546911239624,-1.093137264251709,1.1461459398269653
2026-04-02 12:56:54.636,1555.641059375,292547064,right_foot,右脚,D4:22:CD:00:85:22,0.8024349808692932,0.13520650565624237,-0.4033403694629669,0.41848984360694885,-10.702947332896086,-49.506004084347566,60.03245999394092,7.104641437530518,-1.1278897523880005,5.983973026275635,1.6605769395828247,-0.9885029792785645,1.1514925956726074
2026-04-02 12:56:54.666,1555.671056229,292580398,right_foot,右脚,D4:22:CD:00:85:22,0.8024248480796814,0.13518598675727844,-0.4033429026603699,0.4185134470462799,-10.707759618627517,-49.5046900510508,60.037788269128704,7.10621452331543,-1.1233863830566406,5.977029800415039,1.6006369590759277,-1.0200834274291992,1.2020392417907715
2026-04-02 12:56:54.696,1555.701098558,292613732,right_foot,右脚,D4:22:CD:00:85:22,0.8024250864982605,0.13518081605434418,-0.4033412039279938,0.4185163378715515,-10.708461009253908,-49.504151300281535,60.038363353453946,7.10943078994751,-1.131532907485962,5.981842041015625,1.677078127861023,-1.0353167057037354,1.1594839096069336
2026-04-02 12:56:54.726,1555.731344946,292647066,right_foot,右脚,D4:22:CD:00:85:22,0.8024238348007202,0.1351691335439682,-0.4033372402191162,0.4185265004634857,-10.710328033398012,-49.502871093569105,60.04029905584268,7.106955051422119,-1.1373941898345947,5.970019817352295,1.6378264427185059,-1.0122586488723755,1.1587855815887451
2026-04-02 12:56:54.756,1555.761070387,292680400,right_foot,右脚,D4:22:CD:00:85:22,0.8024221658706665,0.13516202569007874,-0.4033164978027344,0.4185519814491272,-10.711020971274051,-49.499898406478756,60.04324179004385,7.107786178588867,-1.1397074460983276,5.979221820831299,1.6868300437927246,-0.9647344350814819,1.1801084280014038
2026-04-02 12:56:54.787,1555.79217316,292713734,right_foot,右脚,D4:22:CD:00:85:22,0.8024249076843262,0.13515371084213257,-0.403321236371994,0.41854479908943176,-10.712007341757895,-49.4999815981992,60.042742225818294,7.111732006072998,-1.1265801191329956,5.975282669067383,1.6062140464782715,-1.043269395828247,1.1022971868515015
2026-04-02 12:56:54.846,1555.851284328,292747068,right_foot,右脚,D4:22:CD:00:85:22,0.8024244904518127,0.13515536487102509,-0.4033138155937195,0.418552041053772,-10.711575670608518,-49.499205908826916,60.04329127416463,7.105064392089844,-1.1293424367904663,5.984396934509277,1.694193720817566,-1.0249305963516235,1.146658182144165
2026-04-02 12:56:54.906,1555.91126843,292780402,right_foot,右脚,D4:22:CD:00:85:22,0.8024367690086365,0.1351543664932251,-0.4032900333404541,0.4185519516468048,-10.70905416633188,-49.49662477611798,60.04109902527713,7.106095790863037,-1.1262353658676147,5.980932235717773,1.6958650350570679,-0.9624292850494385,1.1058635711669922
2026-04-02 12:56:54.906,1555.911452659,292813736,right_foot,右脚,D4:22:CD:00:85:22,0.8024519085884094,0.13512645661830902,-0.403253436088562,0.4185672998428345,-10.709783007956988,-49.49082015578824,60.041615346240825,7.107821941375732,-1.1293723583221436,5.984883785247803,1.665449857711792,-0.8778817057609558,1.1788597106933594
2026-04-02 12:56:54.936,1555.941259844,292847070,right_foot,右脚,D4:22:CD:00:85:22,0.8024468421936035,0.13513532280921936,-0.40325260162353516,0.4185749590396881,-10.709199684427546,-49.491178617764895,60.04254176714601,7.108054161071777,-1.131859302520752,5.99393892288208,1.704490065574646,-1.0596424341201782,1.1442570686340332
2026-04-02 12:56:54.966,1555.971629881,292880404,right_foot,右脚,D4:22:CD:00:85:22,0.8024399280548096,0.13514403998851776,-0.4032544493675232,0.4185836613178253,-10.709016994002901,-49.491797138956905,60.04390891164138,7.110060691833496,-1.1240007877349854,5.983419418334961,1.7062989473342896,-1.0693142414093018,1.1539226770401
2026-04-02 12:56:54.996,1556.001357628,292913738,right_foot,右脚,D4:22:CD:00:85:22,0.8024413585662842,0.1351625621318817,-0.40324866771698,0.41858065128326416,-10.70578646716977,-49.49236840252813,60.0420527289687,7.111281394958496,-1.1314969062805176,5.964696407318115,1.7276920080184937,-1.05718994140625,1.0974403619766235
2026-04-02 12:56:55.026,1556.031487905,292947072,right_foot,右脚,D4:22:CD:00:85:22,0.8024505376815796,0.13517166674137115,-0.403236985206604,0.4185708463191986,-10.70255098205504,-49.4918353985657,60.03885251527032,7.114323616027832,-1.13428795337677,5.970053672790527,1.7216122150421143,-1.0231826305389404,1.0974113941192627
2026-04-02 12:56:55.056,1556.061345595,292980406,right_foot,右脚,D4:22:CD:00:85:22,0.8024426698684692,0.13520020246505737,-0.40324923396110535,0.4185652434825897,-10.699834804591248,-49.49496474619871,60.03777833309295,7.105770111083984,-1.1317657232284546,5.985872745513916,1.7173030376434326,-1.1326642036437988,1.0863980054855347
2026-04-02 12:56:55.086,1556.091316523,293013740,right_foot,右脚,D4:22:CD:00:85:22,0.8024419546127319,0.13519324362277985,-0.4032607078552246,0.41855791211128235,-10.701379743266768,-49.49584366483156,60.037813873604556,7.11900520324707,-1.13613760471344,5.9859299659729,1.6586880683898926,-1.0772701501846313,1.1564422845840454
2026-04-02 12:56:55.176,1556.181388174,293047074,right_foot,右脚,D4:22:CD:00:85:22,0.8024316430091858,0.13520172238349915,-0.40326830744743347,0.4185675382614136,-10.701943398031684,-49.49704627629809,60.039896261590904,7.103507995605469,-1.1302375793457031,5.989419460296631,1.680625557899475,-1.085754632949829,1.1497318744659424
2026-04-02 12:56:55.176,1556.181495092,293080408,right_foot,右脚,D4:22:CD:00:85:22,0.802434504032135,0.13520988821983337,-0.40326574444770813,0.41856181621551514,-10.700159880616953,-49.497357378621885,60.038293802109365,7.112533092498779,-1.1269923448562622,5.980885028839111,1.6758421659469604,-1.047540307044983,1.0918278694152832
2026-04-02 12:56:55.206,1556.211552296,293113742,right_foot,右脚,D4:22:CD:00:85:22,0.8024449348449707,0.13521243631839752,-0.4032398760318756,0.4185660183429718,-10.697315421341871,-49.49471995999522,60.03653563381683,7.110937118530273,-1.1346259117126465,5.971559047698975,1.7222143411636353,-0.962877631187439,1.1187278032302856
2026-04-02 12:56:55.236,1556.241330796,293147076,right_foot,右脚,D4:22:CD:00:85:22,0.802443265914917,0.13522253930568695,-0.4032427966594696,0.4185630679130554,-10.69612235977296,-49.49569446251149,60.035858819023126,7.107084274291992,-1.1293615102767944,5.989214897155762,1.7026458978652954,-1.0736716985702515,1.121705174446106
2026-04-02 12:56:55.266,1556.271383818,293180410,right_foot,右脚,D4:22:CD:00:85:22,0.8024328947067261,0.13523198664188385,-0.40325161814689636,0.41857144236564636,-10.696592876941425,-49.49710058724744,60.037783936527,7.097575664520264,-1.1271780729293823,5.971123695373535,1.6898139715194702,-1.0924971103668213,1.1533432006835938
2026-04-02 12:56:55.296,1556.301531941,293213744,right_foot,右脚,D4:22:CD:00:85:22,0.802441418170929,0.1352262645959854,-0.4032256305217743,0.4185819923877716,-10.695303739635099,-49.49385663365138,60.037503309377485,7.108081340789795,-1.133650302886963,5.977339267730713,1.6880210638046265,-0.9464661478996277,1.1314570903778076
2026-04-02 12:56:55.326,1556.331349356,293247078,right_foot,右脚,D4:22:CD:00:85:22,0.802437424659729,0.1352212131023407,-0.4032255709171295,0.41859135031700134,-10.696703383445458,-49.493413582090525,60.039387061179575,7.104401111602783,-1.1317719221115112,5.975620269775391,1.6733450889587402,-1.0396260023117065,1.1715538501739502
2026-04-02 12:56:55.356,1556.361472066,293280412,right_foot,右脚,D4:22:CD:00:85:22,0.802431583404541,0.13522052764892578,-0.40322497487068176,0.41860321164131165,-10.697701518355634,-49.49315340813051,60.04149440317282,7.111104965209961,-1.1361935138702393,5.97123384475708,1.668459415435791,-1.042097568511963,1.1575627326965332
2026-04-02 12:56:55.386,1556.391200625,293313746,right_foot,右脚,D4:22:CD:00:85:22,0.8024330139160156,0.13522548973560333,-0.40322309732437134,0.4186006486415863,-10.696657056266325,-49.49329616610197,60.04065434808009,7.1086530685424805,-1.1397696733474731,5.9870171546936035,1.697766900062561,-1.0492051839828491,1.1290624141693115
2026-04-02 12:56:55.447,1556.452188825,293347080,right_foot,右脚,D4:22:CD:00:85:22,0.8024390935897827,0.13518694043159485,-0.4031938314437866,0.4186296761035919,-10.700666970537233,-49.487429027379186,60.04475286447164,7.106039047241211,-1.1259828805923462,5.982234477996826,1.6207491159439087,-0.8832347393035889,1.222657322883606
2026-04-02 12:56:55.476,1556.481086321,293380414,right_foot,右脚,D4:22:CD:00:85:22,0.8024507761001587,0.13517382740974426,-0.4031742513179779,0.4186304211616516,-10.700214546770857,-49.48453522196486,60.0436144595791,7.099864959716797,-1.1371015310287476,5.980041027069092,1.647098422050476,-0.9544508457183838,1.1173828840255737
2026-04-02 12:56:55.506,1556.511053059,293413748,right_foot,右脚,D4:22:CD:00:85:22,0.8024534583091736,0.13517802953720093,-0.40316101908683777,0.4186365306377411,-10.698723743434261,-49.48331662662824,60.043313341279756,7.110278129577637,-1.1357159614562988,5.965776443481445,1.7087159156799316,-1.0085384845733643,1.1339479684829712
2026-04-02 12:56:55.536,1556.541090324,293447082,right_foot,右脚,D4:22:CD:00:85:22,0.8024470806121826,0.1351998746395111,-0.40316611528396606,0.41863691806793213,-10.696557981393058,-49.48519974706982,60.04293872465706,7.104103088378906,-1.1279972791671753,5.987488269805908,1.735667109489441,-1.100955605506897,1.1211094856262207
2026-04-02 12:56:55.566,1556.571185141,293480416,right_foot,右脚,D4:22:CD:00:85:22,0.8024338483810425,0.1352083534002304,-0.4031815528869629,0.41864481568336487,-10.69784161848305,-49.48725045589587,60.045428146703195,7.110743522644043,-1.1291875839233398,5.980261325836182,1.6818422079086304,-1.113864541053772,1.1630759239196777
2026-04-02 12:56:55.596,1556.601100802,293513750,right_foot,右脚,D4:22:CD:00:85:22,0.8024194836616516,0.13522031903266907,-0.40320536494255066,0.41864535212516785,-10.69901695191901,-49.490507033257536,60.04724406584328,7.109598636627197,-1.1380456686019897,5.974537372589111,1.6544171571731567,-1.144087314605713,1.130157232284546
2026-04-02 12:56:55.626,1556.631114341,293547084,right_foot,右脚,D4:22:CD:00:85:22,0.8024072051048279,0.13522453606128693,-0.4032405614852905,0.4186338186264038,-10.701430695809472,-49.49464139903149,60.04825728810729,7.117130279541016,-1.1265745162963867,5.992534637451172,1.645254373550415,-1.174604892730713,1.1502825021743774
2026-04-02 12:56:55.656,1556.661070813,293580418,right_foot,右脚,D4:22:CD:00:85:22,0.8024023175239563,0.13521923124790192,-0.40324923396110535,0.4186362624168396,-10.703269458872175,-49.49520385741381,60.04973504977247,7.110492706298828,-1.1224451065063477,5.976408958435059,1.632371187210083,-1.0645023584365845,1.14371919631958
2026-04-02 12:56:55.686,1556.691190552,293613752,right_foot,右脚,D4:22:CD:00:85:22,0.8024014830589294,0.13520580530166626,-0.40324974060058594,0.4186418056488037,-10.705473953928957,-49.49435145999443,60.05133270425597,7.1162800788879395,-1.1331154108047485,5.972304344177246,1.6593157052993774,-1.0285612344741821,1.1831756830215454
2026-04-02 12:56:55.747,1556.752070647,293647086,right_foot,右脚,D4:22:CD:00:85:22,0.802401602268219,0.13519220054149628,-0.40324667096138,0.41864892840385437,-10.707436950247066,-49.493090416467844,60.052893342725355,7.110231399536133,-1.1410863399505615,5.974390983581543,1.6897310018539429,-1.0201539993286133,1.2044341564178467
2026-04-02 12:56:55.777,1556.78205689,293680420,right_foot,右脚,D4:22:CD:00:85:22,0.8024067282676697,0.1351882368326187,-0.4032270908355713,0.4186590611934662,-10.706605272179464,-49.490642488386946,60.05306696330166,7.113045692443848,-1.1295932531356812,5.967199325561523,1.7265044450759888,-0.9775472283363342,1.1715604066848755
2026-04-02 12:56:55.807,1556.812069518,293713754,right_foot,右脚,D4:22:CD:00:85:22,0.8024169206619263,0.13519245386123657,-0.403213769197464,0.41865140199661255,-10.703957549273214,-49.48958769705189,60.050261907002145,7.111166477203369,-1.1416175365447998,5.970119953155518,1.6775647401809692,-1.001847267150879,1.0767227411270142
2026-04-02 12:56:55.836,1556.841152183,293747088,right_foot,右脚,D4:22:CD:00:85:22,0.8024339079856873,0.13518284261226654,-0.4032091796398163,0.4186263382434845,-10.702605509984242,-49.48884035221904,60.04574142299506,7.107510089874268,-1.1214759349822998,5.974287509918213,1.6563252210617065,-1.0134881734848022,1.0894266366958618
2026-04-02 12:56:55.867,1556.872141581,293780422,right_foot,右脚,D4:22:CD:00:85:22,0.8024387955665588,0.13518302142620087,-0.4031999409198761,0.41862571239471436,-10.701510861362786,-49.48788400201049,60.04476855686001,7.112583160400391,-1.121712327003479,5.975091934204102,1.6866445541381836,-1.0132769346237183,1.1229794025421143
2026-04-02 12:56:55.896,1556.901097547,293813756,right_foot,右脚,D4:22:CD:00:85:22,0.8024424314498901,0.1351872980594635,-0.403200626373291,0.41861677169799805,-10.700310731771776,-49.48833830121196,60.04304657124368,7.11178731918335,-1.1274147033691406,5.96812629699707,1.688078761100769,-1.0548911094665527,1.1150072813034058
2026-04-02 12:56:55.926,1556.931111245,293847090,right_foot,右脚,D4:22:CD:00:85:22,0.8024404048919678,0.13517065346240997,-0.4032062888145447,0.41862064599990845,-10.703356178342435,-49.48785509632241,60.044958648699435,7.111400604248047,-1.1423763036727905,5.977603435516357,1.6634842157363892,-1.043352723121643,1.2056379318237305
2026-04-02 12:56:55.957,1556.962094427,293880424,right_foot,右脚,D4:22:CD:00:85:22,0.8024585843086243,0.13514362275600433,-0.40317797660827637,0.4186217784881592,-10.7037276129638,-49.4831724217893,60.04366270280642,7.122945308685303,-1.1236730813980103,5.977972984313965,1.646522045135498,-0.9039169549942017,1.1473305225372314
2026-04-02 12:56:55.986,1556.991248327,293913758,right_foot,右脚,D4:22:CD:00:85:22,0.8024754524230957,0.1351131945848465,-0.4031324088573456,0.41864293813705444,-10.704266570733536,-49.476192012587106,60.044508839192844,7.108414649963379,-1.1425645351409912,5.965885162353516,1.667838215827942,-0.8400837182998657,1.1825543642044067
2026-04-02 12:56:56.076,1557.081277527,293947092,right_foot,右脚,D4:22:CD:00:85:22,0.8024961352348328,0.13510243594646454,-0.40309861302375793,0.41863948106765747,-10.70159526304299,-49.471993120813735,60.04119448263832,7.111123561859131,-1.1296132802963257,5.986291885375977,1.7093498706817627,-0.9132591485977173,1.1211799383163452
2026-04-02 12:56:56.076,1557.081430948,293980426,right_foot,右脚,D4:22:CD:00:85:22,0.8024835586547852,0.1351279318332672,-0.4031040370464325,0.41865020990371704,-10.699855033622226,-49.47400055178624,60.042555406399416,7.11496114730835,-1.137676477432251,5.9686737060546875,1.730083703994751,-1.1035040616989136,1.1270647048950195
2026-04-02 12:56:56.106,1557.111250282,294013760,right_foot,右脚,D4:22:CD:00:85:22,0.8024724721908569,0.1351468414068222,-0.40310612320899963,0.41866302490234375,-10.698758439197869,-49.47522731314372,60.04427333776041,7.119088172912598,-1.1287803649902344,5.966971397399902,1.7454191446304321,-1.0864589214324951,1.1612895727157593
2026-04-02 12:56:56.136,1557.141575691,294047094,right_foot,右脚,D4:22:CD:00:85:22,0.802479088306427,0.13514721393585205,-0.40311458706855774,0.4186420440673828,-10.697927194011607,-49.4764245679301,60.04128087726979,7.105442523956299,-1.1323738098144531,5.9771881103515625,1.6727045774459839,-1.0749009847640991,1.105818748474121
2026-04-02 12:56:56.166,1557.171401573,294080428,right_foot,右脚,D4:22:CD:00:85:22,0.8024715185165405,0.13514457643032074,-0.40312814712524414,0.41864439845085144,-10.699953436403751,-49.477664062021766,60.043068927258936,7.107131004333496,-1.1307356357574463,5.989527225494385,1.6367124319076538,-1.084012746810913,1.1468437910079956
2026-04-02 12:56:56.196,1557.201694192,294113762,right_foot,右脚,D4:22:CD:00:85:22,0.802455723285675,0.13514167070388794,-0.4031568169593811,0.4186478853225708,-10.703784127997606,-49.480473891735635,60.04648106218905,7.106574535369873,-1.1468968391418457,5.980038642883301,1.6378779411315918,-1.1385935544967651,1.1855767965316772
2026-04-02 12:56:56.256,1557.261465788,294147096,right_foot,右脚,D4:22:CD:00:85:22,0.8024575710296631,0.13513566553592682,-0.4031764268875122,0.4186275899410248,-10.705042888508924,-49.482442781283524,60.04490195892223,7.097615718841553,-1.1350308656692505,5.971464157104492,1.615229606628418,-1.098611831665039,1.1076244115829468
2026-04-02 12:56:56.256,1557.261561403,294180430,right_foot,右脚,D4:22:CD:00:85:22,0.802473247051239,0.13514138758182526,-0.40315791964530945,0.41861340403556824,-10.701109387877196,-49.48102873349762,60.04040620995011,7.106247901916504,-1.1340935230255127,5.9743332862854,1.6837435960769653,-0.9847443699836731,1.0511932373046875
2026-04-02 12:56:56.286,1557.291410031,294213764,right_foot,右脚,D4:22:CD:00:85:22,0.8024770021438599,0.13514956831932068,-0.4031398892402649,0.41862091422080994,-10.698696883704704,-49.479527636965884,60.03973990594822,7.107302188873291,-1.1375198364257812,5.9778008460998535,1.7259726524353027,-0.9958091378211975,1.1260080337524414
2026-04-02 12:56:56.346,1557.351352203,294247098,right_foot,右脚,D4:22:CD:00:85:22,0.8024912476539612,0.13514964282512665,-0.40312817692756653,0.41860517859458923,-10.696090953424365,-49.47849539503989,60.03581342627084,7.098976135253906,-1.1286896467208862,5.995828151702881,1.701986312866211,-1.0050488710403442,1.0967775583267212
2026-04-02 12:56:56.436,1557.441516991,294280432,right_foot,右脚,D4:22:CD:00:85:22,0.8025014400482178,0.13515715301036835,-0.4031382203102112,0.418573260307312,-10.693641639486565,-49.48045095025391,60.03071883545091,7.1090850830078125,-1.1324719190597534,5.968379497528076,1.6648414134979248,-1.088161826133728,1.0548301935195923
2026-04-02 12:56:56.436,1557.441637048,294313766,right_foot,右脚,D4:22:CD:00:85:22,0.8024973273277283,0.13516046106815338,-0.4031279683113098,0.41859012842178345,-10.693469002202463,-49.47934382686076,60.03264765808053,7.11063289642334,-1.1267234086990356,5.975881099700928,1.6995211839675903,-1.0140068531036377,1.157652497291565
2026-04-02 12:56:56.466,1557.471589556,294347100,right_foot,右脚,D4:22:CD:00:85:22,0.8024942278862,0.13515087962150574,-0.403133749961853,0.4185935854911804,-10.69560307026753,-49.479317397997235,60.034204333608486,7.110985279083252,-1.1347217559814453,5.971907615661621,1.6428083181381226,-1.047540307044983,1.1618403196334839
2026-04-02 12:56:56.466,1557.471746345,294380434,right_foot,右脚,D4:22:CD:00:85:22,0.8024840950965881,0.13515138626098633,-0.40314948558807373,0.41859766840934753,-10.697616923342457,-49.480960199871376,60.036376434326705,7.112098693847656,-1.1273785829544067,5.979361057281494,1.664886474609375,-1.0997453927993774,1.1685763597488403
2026-04-02 12:56:56.526,1557.531563468,294413768,right_foot,右脚,D4:22:CD:00:85:22,0.8024701476097107,0.13514018058776855,-0.40316465497016907,0.418613463640213,-10.702006893187704,-49.48166187010196,60.04108258345805,7.095716953277588,-1.138214349746704,5.9769439697265625,1.6462725400924683,-1.0803886651992798,1.2185148000717163
2026-04-02 12:56:56.526,1557.531707111,294447102,right_foot,右脚,D4:22:CD:00:85:22,0.8024879097938538,0.13511554896831512,-0.40313512086868286,0.41861584782600403,-10.702041950315534,-49.4769807651476,60.03979582983541,7.104536533355713,-1.1263189315795898,5.979237079620361,1.675886869430542,-0.9057866930961609,1.1624674797058105
2026-04-02 12:56:56.556,1557.561334551,294480436,right_foot,右脚,D4:22:CD:00:85:22,0.8025004267692566,0.13510100543498993,-0.40311479568481445,0.41861605644226074,-10.701647019790487,-49.473928953476815,60.03855722458355,7.104241371154785,-1.141790509223938,5.964738845825195,1.6525795459747314,-0.9478492736816406,1.122876763343811
2026-04-02 12:56:56.586,1557.591564588,294513770,right_foot,右脚,D4:22:CD:00:85:22,0.8024981021881104,0.13511714339256287,-0.4030991792678833,0.41863030195236206,-10.699050653279693,-49.473086688939794,60.038992469420904,7.10578727722168,-1.1403356790542603,5.974115371704102,1.7569960355758667,-1.0189117193222046,1.1436551809310913
2026-04-02 12:56:56.647,1557.652502367,294547104,right_foot,右脚,D4:22:CD:00:85:22,0.8025044798851013,0.13510552048683167,-0.4031130075454712,0.4186086058616638,-10.700266099181796,-49.47411675475509,60.03686423925964,7.1112589836120605,-1.1265604496002197,5.972954750061035,1.6379419565200806,-1.0737229585647583,1.1277433633804321
2026-04-02 12:56:56.676,1557.68120908,294580438,right_foot,右脚,D4:22:CD:00:85:22,0.8025085926055908,0.13510163128376007,-0.4031153619289398,0.41859960556030273,-10.700281899389752,-49.47424660456213,60.03563519063219,7.115479946136475,-1.1261122226715088,5.964604377746582,1.6697592735290527,-1.0456962585449219,1.1301828622817993
2026-04-02 12:56:56.706,1557.711330347,294613772,right_foot,右脚,D4:22:CD:00:85:22,0.8025058507919312,0.13509471714496613,-0.4031202495098114,0.4186026155948639,-10.701937101008442,-49.474291849913484,60.036906600918236,7.106956958770752,-1.138698697090149,5.991983413696289,1.6479566097259521,-1.0479565858840942,1.1540156602859497
2026-04-02 12:56:56.736,1557.741215244,294647106,right_foot,右脚,D4:22:CD:00:85:22,0.8025027513504028,0.1351044625043869,-0.40312904119491577,0.41859671473503113,-10.701201476661273,-49.47590753982868,60.03626754238618,7.102080821990967,-1.1358336210250854,5.9784464836120605,1.6747347116470337,-1.0870543718338013,1.10831618309021
2026-04-02 12:56:56.766,1557.771522568,294680440,right_foot,右脚,D4:22:CD:00:85:22,0.8025232553482056,0.13510103523731232,-0.4031136929988861,0.41857337951660156,-10.698017959315722,-49.47437912383369,60.03079753314534,7.112812519073486,-1.1283977031707764,5.98449182510376,1.6507161855697632,-0.9789494872093201,1.0440537929534912
2026-04-02 12:56:56.796,1557.801380617,294713774,right_foot,右脚,D4:22:CD:00:85:22,0.802543044090271,0.1351110190153122,-0.40309539437294006,0.41854989528656006,-10.6928032539345,-49.4733702762213,60.024469426687865,7.103450775146484,-1.1323953866958618,5.9960551261901855,1.7100608348846436,-0.9936575293540955,1.038322925567627
2026-04-02 12:56:56.826,1557.831473387,294747108,right_foot,右脚,D4:22:CD:00:85:22,0.8025590181350708,0.1351213902235031,-0.40307459235191345,0.4185357987880707,-10.688038751670186,-49.47199984433029,60.01958654407143,7.103744983673096,-1.1297569274902344,5.982263088226318,1.7215991020202637,-0.9872286319732666,1.062136173248291
2026-04-02 12:56:56.856,1557.861210191,294780442,right_foot,右脚,D4:22:CD:00:85:22,0.8025693297386169,0.13511744141578674,-0.403080552816391,0.41851145029067993,-10.687201819198423,-49.47271089623891,60.01594191918395,7.1147661209106445,-1.119987964630127,5.983016014099121,1.632287859916687,-1.053194284439087,1.0737708806991577
2026-04-02 12:56:56.886,1557.891415532,294813776,right_foot,右脚,D4:22:CD:00:85:22,0.8025698065757751,0.13510474562644958,-0.40308478474617004,0.41851067543029785,-10.689206876178488,-49.47238173775492,60.016719884080985,7.104964256286621,-1.1290007829666138,5.980381965637207,1.6466310024261475,-1.0384926795959473,1.1644463539123535
2026-04-02 12:56:56.946,1557.951359638,294847110,right_foot,右脚,D4:22:CD:00:85:22,0.8025698065757751,0.13508303463459015,-0.4030890166759491,0.4185137152671814,-10.692663714523752,-49.47144474584054,60.018558599398496,7.105432510375977,-1.1403288841247559,5.979091167449951,1.6347019672393799,-1.025577425956726,1.1928892135620117
2026-04-02 12:56:56.976,1557.981399086,294880444,right_foot,右脚,D4:22:CD:00:85:22,0.8025708794593811,0.13508355617523193,-0.4030891954898834,0.41851115226745605,-10.69241160591611,-49.47153300798863,60.01810113163475,7.098072528839111,-1.136940598487854,5.968780040740967,1.688149094581604,-1.0460931062698364,1.138135552406311
2026-04-02 12:56:57.036,1558.041480503,294913778,right_foot,右脚,D4:22:CD:00:85:22,0.8025810122489929,0.13509763777256012,-0.4030669331550598,0.4185084104537964,-10.68795036913077,-49.47008801011653,60.01496719768467,7.101715087890625,-1.1280779838562012,5.981313228607178,1.72996187210083,-0.9878883957862854,1.077913761138916
2026-04-02 12:56:57.036,1558.041604699,294947112,right_foot,右脚,D4:22:CD:00:85:22,0.8025833964347839,0.13510233163833618,-0.40306830406188965,0.4185011684894562,-10.686910736561192,-49.47061605472833,60.01359220590656,7.100967884063721,-1.1270514726638794,5.978623390197754,1.6970815658569336,-1.0570874214172363,1.1237221956253052
2026-04-02 12:56:57.066,1558.071570688,294980446,right_foot,右脚,D4:22:CD:00:85:22,0.8025816082954407,0.13508710265159607,-0.4030750095844269,0.4185031056404114,-10.689733596223148,-49.470357427118344,60.01519448028657,7.10318660736084,-1.1304981708526611,5.979382514953613,1.6240915060043335,-1.0402276515960693,1.1644140481948853
2026-04-02 12:56:57.096,1558.101413033,295013780,right_foot,右脚,D4:22:CD:00:85:22,0.8025874495506287,0.13506098091602325,-0.4030599594116211,0.4185148775577545,-10.6923318989102,-49.46699266055358,60.01699828366211,7.111992359161377,-1.1235581636428833,5.989915370941162,1.6347209215164185,-0.9494243860244751,1.18496835231781
2026-04-02 12:56:57.126,1558.131495151,295047114,right_foot,右脚,D4:22:CD:00:85:22,0.8026072978973389,0.13501286506652832,-0.40301772952079773,0.41853296756744385,-10.695220856655427,-49.45930964185197,60.01833694446176,7.109495639801025,-1.1281341314315796,5.96822452545166,1.6055289506912231,-0.8190045356750488,1.1928379535675049
2026-04-02 12:56:57.156,1558.161476882,295080448,right_foot,右脚,D4:22:CD:00:85:22,0.8026265501976013,0.1350143700838089,-0.4029800593852997,0.4185319244861603,-10.690776241215515,-49.45542846986166,60.01459241244713,7.107022762298584,-1.1351689100265503,5.976096153259277,1.7038849592208862,-0.9119336605072021,1.0694262981414795
2026-04-02 12:56:57.186,1558.191512864,295113782,right_foot,右脚,D4:22:CD:00:85:22,0.8026366829872131,0.1350027173757553,-0.4029732644557953,0.4185226857662201,-10.690741360390293,-49.45411331999791,60.012797239671514,7.109225749969482,-1.1288864612579346,5.977456092834473,1.6430131196975708,-0.9985111355781555,1.1139508485794067
2026-04-02 12:56:57.247,1558.252131343,295147116,right_foot,右脚,D4:22:CD:00:85:22,0.802634060382843,0.13500548899173737,-0.402980774641037,0.4185197353363037,-10.69097628034166,-49.455115751189304,60.01284196627662,7.111579895019531,-1.1289976835250854,5.980267524719238,1.67861807346344,-1.0734539031982422,1.1363074779510498
2026-04-02 12:56:57.276,1558.281112145,295180450,right_foot,右脚,D4:22:CD:00:85:22,0.8026264309883118,0.13501358032226562,-0.40298327803611755,0.41852903366088867,-10.691002013102922,-49.45576376274484,60.014417545871275,7.10593843460083,-1.1380420923233032,5.976560115814209,1.668542504310608,-1.0608524084091187,1.1270709037780762
2026-04-02 12:56:57.307,1558.312264674,295213784,right_foot,右脚,D4:22:CD:00:85:22,0.8026169538497925,0.1350211799144745,-0.40300390124320984,0.41852474212646484,-10.691975550924308,-49.458475888843715,60.015249035919176,7.0959320068359375,-1.1352428197860718,5.972769737243652,1.6548975706100464,-1.1234948635101318,1.1266292333602905
2026-04-02 12:56:57.336,1558.341150997,295247118,right_foot,右脚,D4:22:CD:00:85:22,0.802610456943512,0.13502797484397888,-0.40301594138145447,0.41852375864982605,-10.692359780690131,-49.46017666011683,60.01588967075771,7.111389636993408,-1.1198619604110718,5.97730016708374,1.6782755851745605,-1.0948021411895752,1.1371110677719116
2026-04-02 12:56:57.365,1558.371040931,295280452,right_foot,右脚,D4:22:CD:00:85:22,0.8026066422462463,0.135044664144516,-0.4030219316482544,0.4185200333595276,-10.690606473505628,-49.461889718169466,60.015075607754206,7.112123012542725,-1.134143590927124,5.983529567718506,1.7382093667984009,-1.0945204496383667,1.134882926940918
2026-04-02 12:56:57.395,1558.401037939,295313786,right_foot,右脚,D4:22:CD:00:85:22,0.8026122450828552,0.13505816459655762,-0.40302008390426636,0.4185067117214203,-10.687604524160648,-49.462705308106415,60.01195235243541,7.110683917999268,-1.1271885633468628,5.977926731109619,1.7154844999313354,-1.0583617687225342,1.088767170906067
2026-04-02 12:56:57.426,1558.43123908,295347120,right_foot,右脚,D4:22:CD:00:85:22,0.8026229739189148,0.13505204021930695,-0.40300607681274414,0.41850146651268005,-10.686401902530916,-49.460916274187696,60.00997539170139,7.112556457519531,-1.1340315341949463,5.984002113342285,1.6782240867614746,-0.9840720295906067,1.1176645755767822
2026-04-02 12:56:57.457,1558.462091475,295380454,right_foot,右脚,D4:22:CD:00:85:22,0.802629828453064,0.13505201041698456,-0.40298157930374146,0.41851189732551575,-10.684552376441173,-49.458184231309865,60.00957823275445,7.103664875030518,-1.1245667934417725,5.985849380493164,1.6818675994873047,-0.953900158405304,1.1103073358535767
2026-04-02 12:56:57.486,1558.491427541,295413788,right_foot,右脚,D4:22:CD:00:85:22,0.8026291728019714,0.1350545436143875,-0.4029700458049774,0.418523371219635,-10.683899804244525,-49.45696977501176,60.01046454647636,7.110203742980957,-1.1291583776474,5.98892068862915,1.7155098915100098,-1.009665608406067,1.1593109369277954
2026-04-02 12:56:57.547,1558.552260338,295447122,right_foot,右脚,D4:22:CD:00:85:22,0.8026412725448608,0.13506188988685608,-0.4029563367366791,0.4185112416744232,-10.680455061242563,-49.456128935651186,60.00670232867906,7.100160598754883,-1.1298757791519165,5.983773231506348,1.717847228050232,-1.0073603391647339,1.0883829593658447
2026-04-02 12:56:57.577,1558.582226802,295480456,right_foot,右脚,D4:22:CD:00:85:22,0.8026487827301025,0.1350601315498352,-0.4029580354690552,0.41849589347839355,-10.679603116803321,-49.45640070094211,60.004175608183544,7.107592582702637,-1.1322431564331055,5.968408107757568,1.6465091705322266,-1.0412906408309937,1.0877296924591064
2026-04-02 12:56:57.606,1558.611216515,295513790,right_foot,右脚,D4:22:CD:00:85:22,0.8026520609855652,0.1350628286600113,-0.4029529094696045,0.41849350929260254,-10.678504402769379,-49.45605955125994,60.003168057280405,7.115597724914551,-1.1345174312591553,5.970832824707031,1.6780130863189697,-1.0270565748214722,1.1132786273956299
2026-04-02 12:56:57.636,1558.641211587,295547124,right_foot,右脚,D4:22:CD:00:85:22,0.8026589751243591,0.13504640758037567,-0.4029577970504761,0.4184807538986206,-10.680074837395576,-49.455732053281835,60.00202277319802,7.095574378967285,-1.1322143077850342,5.985587120056152,1.6478732824325562,-1.0357840061187744,1.1534967422485352
2026-04-02 12:56:57.666,1558.671215092,295580458,right_foot,右脚,D4:22:CD:00:85:22,0.8026602268218994,0.135030597448349,-0.40294575691223145,0.418495237827301,-10.681922879519181,-49.453285170460255,60.00415554112054,7.114053726196289,-1.1315217018127441,5.986883640289307,1.6684402227401733,-0.9775088429450989,1.1897388696670532
2026-04-02 12:56:57.696,1558.701524506,295613792,right_foot,右脚,D4:22:CD:00:85:22,0.8026673197746277,0.1350007802248001,-0.4029196500778198,0.41851621866226196,-10.684526115097421,-49.44840452811291,60.00675040765687,7.111291408538818,-1.1232621669769287,5.977926254272461,1.650075912475586,-0.9065999388694763,1.2070209980010986
2026-04-02 12:56:57.726,1558.731456093,295647126,right_foot,右脚,D4:22:CD:00:85:22,0.8026853799819946,0.1349707394838333,-0.4029097557067871,0.418500691652298,-10.685955287171042,-49.44570774616638,60.004308052943266,7.10357666015625,-1.1260689496994019,5.976940155029297,1.6151273250579834,-0.9591892957687378,1.136054515838623
2026-04-02 12:56:57.756,1558.761200122,295680460,right_foot,右脚,D4:22:CD:00:85:22,0.8026866912841797,0.13495713472366333,-0.40290090441703796,0.41851115226745605,-10.68755025386907,-49.44379026013234,60.00592793352155,7.107672214508057,-1.1256420612335205,5.974102973937988,1.624764084815979,-0.985000491142273,1.1443852186203003
2026-04-02 12:56:57.786,1558.791339058,295713794,right_foot,右脚,D4:22:CD:00:85:22,0.802681028842926,0.13496026396751404,-0.4029198884963989,0.4185025095939636,-10.688551105864622,-49.44611126214146,60.00601584455753,7.107083320617676,-1.137280821800232,5.997339248657227,1.6548655033111572,-1.1117641925811768,1.132059097290039
2026-04-02 12:56:57.846,1558.851348912,295747128,right_foot,右脚,D4:22:CD:00:85:22,0.8026829957962036,0.13496819138526917,-0.4029327630996704,0.4184841811656952,-10.687460823467001,-49.448198914820274,60.00357416333655,7.110081195831299,-1.1372345685958862,5.989146709442139,1.6563124656677246,-1.09527587890625,1.0798090696334839
2026-04-02 12:56:57.876,1558.881319583,295780462,right_foot,右脚,D4:22:CD:00:85:22,0.8026635050773621,0.13498543202877045,-0.4029606580734253,0.4184890389442444,-10.688769054234292,-49.452154532626636,60.0063143220727,7.114294528961182,-1.129839301109314,5.985899448394775,1.6673709154129028,-1.1633353233337402,1.139947772026062
2026-04-02 12:56:57.936,1558.94134533,295813796,right_foot,右脚,D4:22:CD:00:85:22,0.8026633858680725,0.1350017637014389,-0.4029603898525238,0.41848427057266235,-10.686285805718175,-49.45319868404574,60.00475278537179,7.095646858215332,-1.1267905235290527,5.983926773071289,1.7573421001434326,-1.0736076831817627,1.1352542638778687
2026-04-02 12:56:57.936,1558.941423136,295847130,right_foot,右脚,D4:22:CD:00:85:22,0.8026595711708069,0.13501767814159393,-0.40298324823379517,0.41846445202827454,-10.685178321554302,-49.45686378438049,60.002652509066934,7.125128746032715,-1.1288597583770752,5.969028472900391,1.6723078489303589,-1.1441450119018555,1.0845602750778198
2026-04-02 12:56:57.966,1558.971409911,295880464,right_foot,右脚,D4:22:CD:00:85:22,0.8026525378227234,0.13501958549022675,-0.4029883146286011,0.4184722900390625,-10.686144546770965,-49.45741715439778,60.00445464578195,7.110812664031982,-1.1311222314834595,5.978309631347656,1.652874231338501,-1.0588804483413696,1.1380972862243652
2026-04-02 12:56:57.996,1559.00139776,295913798,right_foot,右脚,D4:22:CD:00:85:22,0.8026596903800964,0.13501569628715515,-0.4029691517353058,0.4184783101081848,-10.68500952368483,-49.45506840555631,60.003919740955446,7.105258464813232,-1.1285786628723145,5.9727911949157715,1.6937004327774048,-0.9692613482475281,1.1340183019638062
2026-04-02 12:56:58.027,1559.032117949,295947132,right_foot,右脚,D4:22:CD:00:85:22,0.8026611804962158,0.1349991261959076,-0.4029576778411865,0.41849184036254883,-10.686942810622085,-49.45265074362984,60.005974206526005,7.101831912994385,-1.1272962093353271,5.984241485595703,1.653117299079895,-0.9756197333335876,1.179019808769226
2026-04-02 12:56:58.056,1559.061510088,295980466,right_foot,右脚,D4:22:CD:00:85:22,0.8026677966117859,0.13499782979488373,-0.4029529094696045,0.41848406195640564,-10.685944060835622,-49.45217079167601,60.004196470011976,7.1134772300720215,-1.1367288827896118,5.978377342224121,1.672032117843628,-1.0219018459320068,1.110864281654358
2026-04-02 12:56:58.086,1559.091462198,296013800,right_foot,右脚,D4:22:CD:00:85:22,0.8026587963104248,0.13499563932418823,-0.40295448899269104,0.4185006022453308,-10.687749052771888,-49.45198183245716,60.007395401667,7.118408679962158,-1.1327162981033325,5.968053817749023,1.6864460706710815,-1.0456321239471436,1.1905649900436401
2026-04-02 12:56:58.176,1559.181527985,296047134,right_foot,右脚,D4:22:CD:00:85:22,0.8026716709136963,0.13498017191886902,-0.40293774008750916,0.41849711537361145,-10.687562009697915,-49.449297538291844,60.00586002450668,7.1087188720703125,-1.1380488872528076,5.988677024841309,1.6690164804458618,-0.9600791335105896,1.1385133266448975
2026-04-02 12:56:58.176,1559.181631945,296080468,right_foot,右脚,D4:22:CD:00:85:22,0.8026654124259949,0.13497203588485718,-0.402939110994339,0.4185103178024292,-10.689825953107244,-49.44876683165745,60.00869784500133,7.112051010131836,-1.123801589012146,5.967467784881592,1.6876624822616577,-1.0381852388381958,1.2051576375961304
2026-04-02 12:56:58.206,1559.211525862,296113802,right_foot,右脚,D4:22:CD:00:85:22,0.8026571869850159,0.13496750593185425,-0.40294578671455383,0.41852131485939026,-10.692032745475263,-49.44904401195271,60.01146817815845,7.113106727600098,-1.1256929636001587,5.984814643859863,1.6489938497543335,-1.0552881956100464,1.1665786504745483
2026-04-02 12:56:58.236,1559.241454439,296147136,right_foot,右脚,D4:22:CD:00:85:22,0.8026768565177917,0.13493460416793823,-0.402908056974411,0.41853055357933044,-10.692771661172863,-49.442894328536845,60.01100034788598,7.103273391723633,-1.1357581615447998,5.973957061767578,1.6373463869094849,-0.8570392727851868,1.156077265739441
2026-04-02 12:56:58.266,1559.271319165,296180470,right_foot,右脚,D4:22:CD:00:85:22,0.8026961088180542,0.1349148005247116,-0.4028788208961487,0.41852810978889465,-10.69184077953496,-49.43860952726198,60.008682731787964,7.1067352294921875,-1.1439427137374878,5.968118190765381,1.6485774517059326,-0.9054602384567261,1.113227367401123
2026-04-02 12:56:58.296,1559.301479018,296213804,right_foot,右脚,D4:22:CD:00:85:22,0.8027016520500183,0.13493478298187256,-0.4028812050819397,0.4185086488723755,-10.687989066532518,-49.440356564905166,60.00458626063733,7.11035680770874,-1.1358048915863037,5.972272872924805,1.7030236721038818,-1.077980875968933,1.0517311096191406
2026-04-02 12:56:58.326,1559.331460002,296247138,right_foot,右脚,D4:22:CD:00:85:22,0.8027094602584839,0.13493062555789948,-0.4028920829296112,0.418484628200531,-10.687745569705271,-49.44156703469079,60.00145718315133,7.112995147705078,-1.127146601676941,5.9845476150512695,1.6449403762817383,-1.070098638534546,1.0962332487106323
2026-04-02 12:56:58.356,1559.36136992,296280472,right_foot,右脚,D4:22:CD:00:85:22,0.8027072548866272,0.1349271684885025,-0.40289583802223206,0.41848620772361755,-10.688730476542172,-49.441732664884704,60.002238841982326,7.1113057136535645,-1.1316025257110596,5.971751689910889,1.6706106662750244,-1.0486160516738892,1.1541434526443481
2026-04-02 12:56:58.386,1559.39161264,296313806,right_foot,右脚,D4:22:CD:00:85:22,0.8027016520500183,0.1349082887172699,-0.4029255211353302,0.41847437620162964,-10.693428202142336,-49.4438651122527,60.0036577564442,7.101882457733154,-1.1302056312561035,5.983893394470215,1.5824393033981323,-1.110925316810608,1.164247751235962
2026-04-02 12:56:58.446,1559.451378424,296347140,right_foot,右脚,D4:22:CD:00:85:22,0.8026821613311768,0.13490724563598633,-0.4029386043548584,0.4184996783733368,-10.697075595718356,-49.44484656089691,60.009440551440555,7.112884998321533,-1.135144829750061,5.986655235290527,1.6769756078720093,-1.086586833000183,1.2222477197647095
2026-04-02 12:56:58.476,1559.481212528,296380474,right_foot,右脚,D4:22:CD:00:85:22,0.8026726245880127,0.13489902019500732,-0.40295377373695374,0.4185062646865845,-10.700324860439814,-49.44585121625949,60.01235815657113,7.10543966293335,-1.1359562873840332,5.985252857208252,1.6508890390396118,-1.0817461013793945,1.1912691593170166
2026-04-02 12:56:58.506,1559.511249254,296413808,right_foot,右脚,D4:22:CD:00:85:22,0.8026711940765381,0.13489516079425812,-0.4029541015625,0.4185098707675934,-10.701145660575524,-49.44560075241874,60.01319880575306,7.112674713134766,-1.1391571760177612,5.97329568862915,1.6742992401123047,-1.0366483926773071,1.156852126121521
2026-04-02 12:56:58.536,1559.541231029,296447142,right_foot,右脚,D4:22:CD:00:85:22,0.8026704788208008,0.13489080965518951,-0.40295639634132385,0.41851016879081726,-10.70198010043446,-49.44557568287537,60.01365813110399,7.1084089279174805,-1.1346518993377686,5.9853386878967285,1.6582846641540527,-1.0407016277313232,1.141157865524292
2026-04-02 12:56:58.566,1559.571339106,296480476,right_foot,右脚,D4:22:CD:00:85:22,0.8026784062385559,0.1348814219236374,-0.4029546082019806,0.41849976778030396,-10.702113641060562,-49.444942870801,60.01201689277758,7.12115478515625,-1.1302947998046875,5.978665828704834,1.66289484500885,-1.020595669746399,1.1321613788604736
2026-04-02 12:56:58.596,1559.601417652,296513810,right_foot,右脚,D4:22:CD:00:85:22,0.802688717842102,0.13487324118614197,-0.40295472741127014,0.4184826910495758,-10.701755397568446,-49.444672665036116,60.00929988782041,7.108682155609131,-1.1279171705245972,5.978428840637207,1.6297520399093628,-1.0229967832565308,1.0901308059692383
2026-04-02 12:56:58.626,1559.631466608,296547144,right_foot,右脚,D4:22:CD:00:85:22,0.802685558795929,0.13486827909946442,-0.4029330611228943,0.4185112714767456,-10.702326951572898,-49.44169323327504,60.012620223225,7.117076873779297,-1.1261744499206543,5.971872806549072,1.695967435836792,-0.9580879211425781,1.182996392250061
2026-04-02 12:56:58.656,1559.661475447,296580478,right_foot,右脚,D4:22:CD:00:85:22,0.8026820421218872,0.13488496840000153,-0.4029202461242676,0.41852492094039917,-10.699923028741155,-49.44118915015079,60.01318664857507,7.11114501953125,-1.130715012550354,5.981037616729736,1.736064076423645,-1.023496389389038,1.1297410726547241
2026-04-02 12:56:58.686,1559.691520563,296613812,right_foot,右脚,D4:22:CD:00:85:22,0.8026854991912842,0.1348918080329895,-0.4029071033000946,0.4185287356376648,-10.697919118481162,-49.44017080356765,60.012368229232735,7.093581676483154,-1.1314423084259033,5.983508586883545,1.7225152254104614,-1.0078341960906982,1.129721999168396
2026-04-02 12:56:58.746,1559.751332331,296647146,right_foot,右脚,D4:22:CD:00:85:22,0.8026852011680603,0.13488492369651794,-0.4029141962528229,0.4185246229171753,-10.699237357972315,-49.44055164853178,60.012578248809156,7.105938911437988,-1.1265028715133667,5.984536170959473,1.6567738056182861,-1.0547759532928467,1.151691198348999
2026-04-02 12:56:58.776,1559.781463778,296680480,right_foot,右脚,D4:22:CD:00:85:22,0.8026718497276306,0.13489098846912384,-0.40292537212371826,0.41853758692741394,-10.700767992121756,-49.44193600915138,60.01568117279439,7.106330394744873,-1.1340420246124268,5.974334716796875,1.7008787393569946,-1.0920424461364746,1.1873314380645752
2026-04-02 12:56:58.806,1559.811507353,296713814,right_foot,右脚,D4:22:CD:00:85:22,0.8026842474937439,0.1348685324192047,-0.40290096402168274,0.41854438185691833,-10.701465146139363,-49.4378779386873,60.01558165151802,7.106129169464111,-1.1397113800048828,5.977789878845215,1.6383259296417236,-0.9174020886421204,1.1455439329147339
2026-04-02 12:56:58.837,1559.842401169,296747148,right_foot,右脚,D4:22:CD:00:85:22,0.8026806116104126,0.1348537653684616,-0.40288251638412476,0.41857394576072693,-10.703710028339842,-49.43461962656261,60.01978406915987,7.109416484832764,-1.1345444917678833,5.964812755584717,1.6733579635620117,-0.9538426399230957,1.2078982591629028
2026-04-02 12:56:58.866,1559.871517278,296780482,right_foot,右脚,D4:22:CD:00:85:22,0.8026939630508423,0.13484542071819305,-0.40286120772361755,0.4185715317726135,-10.702209974668456,-49.431881216603124,60.017726151242144,7.108407020568848,-1.1446328163146973,5.982778549194336,1.657368779182434,-0.9486175775527954,1.0974241495132446
2026-04-02 12:56:58.896,1559.901511381,296813816,right_foot,右脚,D4:22:CD:00:85:22,0.8026946783065796,0.1348583847284317,-0.40284740924835205,0.4185791015625,-10.699672508440454,-49.43112549914922,60.01727228815413,7.102023601531982,-1.1281050443649292,5.985050201416016,1.7329460382461548,-1.0142822265625,1.1238758563995361
2026-04-02 12:56:58.926,1559.931595059,296847150,right_foot,右脚,D4:22:CD:00:85:22,0.802689254283905,0.13487978279590607,-0.40285345911979675,0.41857659816741943,-10.697439990779499,-49.43312535678856,60.01650059118061,7.102422714233398,-1.13203763961792,5.980951309204102,1.7142102718353271,-1.0939569473266602,1.0997294187545776
2026-04-02 12:56:58.956,1559.961320203,296880484,right_foot,右脚,D4:22:CD:00:85:22,0.8026872873306274,0.1349135935306549,-0.4028700590133667,0.4185538589954376,-10.69313435178139,-49.43726657144522,60.01253674293089,7.1006879806518555,-1.1332576274871826,5.968145370483398,1.74687922000885,-1.1523346900939941,1.062795877456665
2026-04-02 12:56:58.986,1559.991499601,296913818,right_foot,右脚,D4:22:CD:00:85:22,0.8026800155639648,0.13493163883686066,-0.4028853178024292,0.4185473322868347,-10.692007390943806,-49.440082696851746,60.012026188905395,7.1037797927856445,-1.1277951002120972,5.975771903991699,1.7026394605636597,-1.1215546131134033,1.115423560142517
2026-04-02 12:56:59.046,1560.051596813,296947152,right_foot,右脚,D4:22:CD:00:85:22,0.8026760220527649,0.1349381059408188,-0.40289753675460815,0.41854119300842285,-10.692037383152426,-49.44185589667897,60.01178545756558,7.118703365325928,-1.1258631944656372,5.960555553436279,1.69308602809906,-1.0946613550186157,1.1415549516677856
2026-04-02 12:56:59.076,1560.081311019,296980486,right_foot,右脚,D4:22:CD:00:85:22,0.8026714324951172,0.1349261850118637,-0.40290218591690063,0.4185492992401123,-10.694722398920012,-49.44150467459325,60.01416885275288,7.110063076019287,-1.1324747800827026,5.98007869720459,1.647841215133667,-1.037231206893921,1.1819782257080078
2026-04-02 12:56:59.106,1560.111373623,297013820,right_foot,右脚,D4:22:CD:00:85:22,0.8026628494262695,0.1349218785762787,-0.40290990471839905,0.418559730052948,-10.696974053103173,-49.44191675080362,60.01693244972134,7.1168718338012695,-1.1419814825057983,5.970510482788086,1.6660518646240234,-1.0603595972061157,1.1809216737747192
2026-04-02 12:56:59.136,1560.141310529,297047154,right_foot,右脚,D4:22:CD:00:85:22,0.8026662468910217,0.13491809368133545,-0.4028950035572052,0.4185686707496643,-10.696539782760645,-49.43998957129128,60.017317552152676,7.102496147155762,-1.118709683418274,5.962605953216553,1.667921543121338,-0.9793400764465332,1.1304453611373901
2026-04-02 12:56:59.166,1560.171336917,297080488,right_foot,右脚,D4:22:CD:00:85:22,0.8026844263076782,0.13490784168243408,-0.40287601947784424,0.41855522990226746,-10.694637756868536,-49.43752794286524,60.01358450823677,7.103899002075195,-1.1241446733474731,5.98430061340332,1.6658786535263062,-0.9557185769081116,1.0948755741119385
2026-04-02 12:56:59.196,1560.20133812,297113822,right_foot,右脚,D4:22:CD:00:85:22,0.8026915788650513,0.13492998480796814,-0.4028632342815399,0.41854697465896606,-10.689744911532205,-49.437647769253,60.00998495525815,7.103339195251465,-1.1302547454833984,5.987586975097656,1.7409560680389404,-1.029681921005249,1.0639677047729492
2026-04-02 12:56:59.226,1560.231525055,297147156,right_foot,右脚,D4:22:CD:00:85:22,0.8026939630508423,0.13496540486812592,-0.4028589427471161,0.418535053730011,-10.683823352313803,-49.43954225913037,60.00597694546152,7.100543022155762,-1.124333143234253,5.973087310791016,1.763271450996399,-1.0804142951965332,1.0494133234024048
2026-04-02 12:56:59.256,1560.261636066,297180490,right_foot,右脚,D4:22:CD:00:85:22,0.8027026057243347,0.1349671632051468,-0.40284591913223267,0.4185303747653961,-10.681780312193645,-49.43833599914274,60.00386252675612,7.103994369506836,-1.1296554803848267,5.98287296295166,1.6646238565444946,-0.991506040096283,1.0806797742843628
2026-04-02 12:56:59.287,1560.292405295,297213824,right_foot,右脚,D4:22:CD:00:85:22,0.8027119040489197,0.13496294617652893,-0.40282896161079407,0.41853028535842896,-10.680429683718751,-49.43628074280595,60.002449886314494,7.1059184074401855,-1.116257667541504,5.982696533203125,1.6779550313949585,-0.9729239344596863,1.1161022186279297
2026-04-02 12:56:59.347,1560.352360851,297247158,right_foot,右脚,D4:22:CD:00:85:22,0.8027069568634033,0.13494673371315002,-0.4028208553791046,0.41855287551879883,-10.68342974792893,-49.43412041884027,60.00642113599205,7.117008686065674,-1.1202009916305542,5.975347995758057,1.6662181615829468,-0.9881507754325867,1.2163374423980713
